mid,season,comp,date,hid,aid,hname,aname,home_elo,away_elo,home_club_elo_name,away_club_elo_name,source
3714070,2122,ChampionsLeague,2021-09-14,8302,10013,Sevilla,Salzburg,,,Sevilla,rbsalzburg,none/none
3714058,2122,ChampionsLeague,2021-09-14,10192,10260,Young Boys,Manchester United,,,YoungBoys,ManUnited,none/none
3714046,2122,ChampionsLeague,2021-09-14,8634,9823,Barcelona,Bayern München,,,Barcelona,Bayern,none/none
3714082,2122,ChampionsLeague,2021-09-14,8455,8698,Chelsea,Zenit St. Petersburg,,,Chelsea,Zenit,none/none
3714047,2122,ChampionsLeague,2021-09-14,8688,9772,Dynamo Kyiv,Benfica,,,DynamoKyiv,benfica,none/none
3714071,2122,ChampionsLeague,2021-09-14,8639,8721,Lille,Wolfsburg,,,Lille,Wolfsburg,none/none
3714083,2122,ChampionsLeague,2021-09-14,10237,9885,Malmö FF,Juventus,,,Malmoe,Juventus,none/none
3714059,2122,ChampionsLeague,2021-09-14,10205,8524,Villarreal,Atalanta,,,Villarreal,atalanta,none/none
3714022,2122,ChampionsLeague,2021-09-15,10188,9789,Beşiktaş,Borussia Dortmund,,,Besiktas,Dortmund,none/none
3714034,2122,ChampionsLeague,2021-09-15,9729,9728,FC Sheriff,Shakhtar Donetsk,,,,Shakhtar,none/none
3714010,2122,ChampionsLeague,2021-09-15,9906,9773,Atlético Madrid,FC Porto,,,atletico,porto,none/none
3713999,2122,ChampionsLeague,2021-09-15,8342,9847,Club Brugge,Paris Saint-Germain,,,Brugge,ParisSG,none/none
3714035,2122,ChampionsLeague,2021-09-15,8636,8633,Inter,Real Madrid,,,Inter,realmadrid,none/none
3714011,2122,ChampionsLeague,2021-09-15,8650,8564,Liverpool,Milan,,,Liverpool,Milan,none/none
3713998,2122,ChampionsLeague,2021-09-15,8456,178475,Manchester City,RB Leipzig,,,ManCity,RBLeipzig,none/none
3714023,2122,ChampionsLeague,2021-09-15,9768,8593,Sporting CP,Ajax,,,Sporting,Ajax,none/none
3714024,2122,ChampionsLeague,2021-09-28,8593,10188,Ajax,Beşiktaş,,,Ajax,Besiktas,none/none
3714036,2122,ChampionsLeague,2021-09-28,9728,8636,Shakhtar Donetsk,Inter,,,Shakhtar,Inter,none/none
3714012,2122,ChampionsLeague,2021-09-28,8564,9906,Milan,Atlético Madrid,,,Milan,atletico,none/none
3714025,2122,ChampionsLeague,2021-09-28,9789,9768,Borussia Dortmund,Sporting CP,,,Dortmund,Sporting,none/none
3714013,2122,ChampionsLeague,2021-09-28,9773,8650,FC Porto,Liverpool,,,porto,Liverpool,none/none
3714000,2122,ChampionsLeague,2021-09-28,9847,8456,Paris Saint-Germain,Manchester City,,,ParisSG,ManCity,none/none
3714001,2122,ChampionsLeague,2021-09-28,178475,8342,RB Leipzig,Club Brugge,,,RBLeipzig,Brugge,none/none
3714037,2122,ChampionsLeague,2021-09-28,8633,9729,Real Madrid,FC Sheriff,,,realmadrid,,none/none
3714060,2122,ChampionsLeague,2021-09-29,8524,10192,Atalanta,Young Boys,,,atalanta,YoungBoys,none/none
3714084,2122,ChampionsLeague,2021-09-29,8698,10237,Zenit St. Petersburg,Malmö FF,,,Zenit,Malmoe,none/none
3714048,2122,ChampionsLeague,2021-09-29,9823,8688,Bayern München,Dynamo Kyiv,,,Bayern,DynamoKyiv,none/none
3714049,2122,ChampionsLeague,2021-09-29,9772,8634,Benfica,Barcelona,,,benfica,Barcelona,none/none
3714085,2122,ChampionsLeague,2021-09-29,9885,8455,Juventus,Chelsea,,,Juventus,Chelsea,none/none
3714061,2122,ChampionsLeague,2021-09-29,10260,10205,Manchester United,Villarreal,,,ManUnited,Villarreal,none/none
3714072,2122,ChampionsLeague,2021-09-29,10013,8639,Salzburg,Lille,,,rbsalzburg,Lille,none/none
3714073,2122,ChampionsLeague,2021-09-29,8721,8302,Wolfsburg,Sevilla,,,Wolfsburg,Sevilla,none/none
3714026,2122,ChampionsLeague,2021-10-19,10188,9768,Beşiktaş,Sporting CP,,,Besiktas,Sporting,none/none
3714002,2122,ChampionsLeague,2021-10-19,8342,8456,Club Brugge,Manchester City,,,Brugge,ManCity,none/none
3714027,2122,ChampionsLeague,2021-10-19,8593,9789,Ajax,Borussia Dortmund,,,Ajax,Dortmund,none/none
3714014,2122,ChampionsLeague,2021-10-19,9906,8650,Atlético Madrid,Liverpool,,,atletico,Liverpool,none/none
3714015,2122,ChampionsLeague,2021-10-19,9773,8564,FC Porto,Milan,,,porto,Milan,none/none
3714039,2122,ChampionsLeague,2021-10-19,8636,9729,Inter,FC Sheriff,,,Inter,,none/none
3714003,2122,ChampionsLeague,2021-10-19,9847,178475,Paris Saint-Germain,RB Leipzig,,,ParisSG,RBLeipzig,none/none
3714038,2122,ChampionsLeague,2021-10-19,9728,8633,Shakhtar Donetsk,Real Madrid,,,Shakhtar,realmadrid,none/none
3714050,2122,ChampionsLeague,2021-10-20,8634,8688,Barcelona,Dynamo Kyiv,,,Barcelona,DynamoKyiv,none/none
3714074,2122,ChampionsLeague,2021-10-20,10013,8721,Salzburg,Wolfsburg,,,rbsalzburg,Wolfsburg,none/none
3714051,2122,ChampionsLeague,2021-10-20,9772,9823,Benfica,Bayern München,,,benfica,Bayern,none/none
3714086,2122,ChampionsLeague,2021-10-20,8455,10237,Chelsea,Malmö FF,,,Chelsea,Malmoe,none/none
3714075,2122,ChampionsLeague,2021-10-20,8639,8302,Lille,Sevilla,,,Lille,Sevilla,none/none
3714063,2122,ChampionsLeague,2021-10-20,10260,8524,Manchester United,Atalanta,,,ManUnited,atalanta,none/none
3714062,2122,ChampionsLeague,2021-10-20,10192,10205,Young Boys,Villarreal,,,YoungBoys,Villarreal,none/none
3714087,2122,ChampionsLeague,2021-10-20,8698,9885,Zenit St. Petersburg,Juventus,,,Zenit,Juventus,none/none
3714088,2122,ChampionsLeague,2021-11-02,10237,8455,Malmö FF,Chelsea,,,Malmoe,Chelsea,none/none
3714076,2122,ChampionsLeague,2021-11-02,8721,10013,Wolfsburg,Salzburg,,,Wolfsburg,rbsalzburg,none/none
3714065,2122,ChampionsLeague,2021-11-02,8524,10260,Atalanta,Manchester United,,,atalanta,ManUnited,none/none
3714053,2122,ChampionsLeague,2021-11-02,9823,9772,Bayern München,Benfica,,,Bayern,benfica,none/none
3714052,2122,ChampionsLeague,2021-11-02,8688,8634,Dynamo Kyiv,Barcelona,,,DynamoKyiv,Barcelona,none/none
3714089,2122,ChampionsLeague,2021-11-02,9885,8698,Juventus,Zenit St. Petersburg,,,Juventus,Zenit,none/none
3714077,2122,ChampionsLeague,2021-11-02,8302,8639,Sevilla,Lille,,,Sevilla,Lille,none/none
3714064,2122,ChampionsLeague,2021-11-02,10205,10192,Villarreal,Young Boys,,,Villarreal,YoungBoys,none/none
3714016,2122,ChampionsLeague,2021-11-03,8564,9773,Milan,FC Porto,,,Milan,porto,none/none
3714040,2122,ChampionsLeague,2021-11-03,8633,9728,Real Madrid,Shakhtar Donetsk,,,realmadrid,Shakhtar,none/none
3714029,2122,ChampionsLeague,2021-11-03,9789,8593,Borussia Dortmund,Ajax,,,Dortmund,Ajax,none/none
3714041,2122,ChampionsLeague,2021-11-03,9729,8636,FC Sheriff,Inter,,,,Inter,none/none
3714017,2122,ChampionsLeague,2021-11-03,8650,9906,Liverpool,Atlético Madrid,,,Liverpool,atletico,none/none
3714004,2122,ChampionsLeague,2021-11-03,8456,8342,Manchester City,Club Brugge,,,ManCity,Brugge,none/none
3714005,2122,ChampionsLeague,2021-11-03,178475,9847,RB Leipzig,Paris Saint-Germain,,,RBLeipzig,ParisSG,none/none
3714028,2122,ChampionsLeague,2021-11-03,9768,10188,Sporting CP,Beşiktaş,,,Sporting,Besiktas,none/none
3714054,2122,ChampionsLeague,2021-11-23,8688,9823,Dynamo Kyiv,Bayern München,,,DynamoKyiv,Bayern,none/none
3714066,2122,ChampionsLeague,2021-11-23,10205,10260,Villarreal,Manchester United,,,Villarreal,ManUnited,none/none
3714055,2122,ChampionsLeague,2021-11-23,8634,9772,Barcelona,Benfica,,,Barcelona,benfica,none/none
3714091,2122,ChampionsLeague,2021-11-23,8455,9885,Chelsea,Juventus,,,Chelsea,Juventus,none/none
3714079,2122,ChampionsLeague,2021-11-23,8639,10013,Lille,Salzburg,,,Lille,rbsalzburg,none/none
3714090,2122,ChampionsLeague,2021-11-23,10237,8698,Malmö FF,Zenit St. Petersburg,,,Malmoe,Zenit,none/none
3714078,2122,ChampionsLeague,2021-11-23,8302,8721,Sevilla,Wolfsburg,,,Sevilla,Wolfsburg,none/none
3714067,2122,ChampionsLeague,2021-11-23,10192,8524,Young Boys,Atalanta,,,YoungBoys,atalanta,none/none
3714030,2122,ChampionsLeague,2021-11-24,10188,8593,Beşiktaş,Ajax,,,Besiktas,Ajax,none/none
3714042,2122,ChampionsLeague,2021-11-24,8636,9728,Inter,Shakhtar Donetsk,,,Inter,Shakhtar,none/none
3714018,2122,ChampionsLeague,2021-11-24,9906,8564,Atlético Madrid,Milan,,,atletico,Milan,none/none
3714007,2122,ChampionsLeague,2021-11-24,8342,178475,Club Brugge,RB Leipzig,,,Brugge,RBLeipzig,none/none
3714043,2122,ChampionsLeague,2021-11-24,9729,8633,FC Sheriff,Real Madrid,,,,realmadrid,none/none
3714019,2122,ChampionsLeague,2021-11-24,8650,9773,Liverpool,FC Porto,,,Liverpool,porto,none/none
3714006,2122,ChampionsLeague,2021-11-24,8456,9847,Manchester City,Paris Saint-Germain,,,ManCity,ParisSG,none/none
3714031,2122,ChampionsLeague,2021-11-24,9768,9789,Sporting CP,Borussia Dortmund,,,Sporting,Dortmund,none/none
3714008,2122,ChampionsLeague,2021-12-07,9847,8342,Paris Saint-Germain,Club Brugge,,,ParisSG,Brugge,none/none
3714009,2122,ChampionsLeague,2021-12-07,178475,8456,RB Leipzig,Manchester City,,,RBLeipzig,ManCity,none/none
3714021,2122,ChampionsLeague,2021-12-07,8564,8650,Milan,Liverpool,,,Milan,Liverpool,none/none
3714033,2122,ChampionsLeague,2021-12-07,8593,9768,Ajax,Sporting CP,,,Ajax,Sporting,none/none
3714032,2122,ChampionsLeague,2021-12-07,9789,10188,Borussia Dortmund,Beşiktaş,,,Dortmund,Besiktas,none/none
3714020,2122,ChampionsLeague,2021-12-07,9773,9906,FC Porto,Atlético Madrid,,,porto,atletico,none/none
3714044,2122,ChampionsLeague,2021-12-07,8633,8636,Real Madrid,Inter,,,realmadrid,Inter,none/none
3714045,2122,ChampionsLeague,2021-12-07,9728,9729,Shakhtar Donetsk,FC Sheriff,,,Shakhtar,,none/none
3714092,2122,ChampionsLeague,2021-12-08,9885,10237,Juventus,Malmö FF,,,Juventus,Malmoe,none/none
3714093,2122,ChampionsLeague,2021-12-08,8698,8455,Zenit St. Petersburg,Chelsea,,,Zenit,Chelsea,none/none
3714057,2122,ChampionsLeague,2021-12-08,9823,8634,Bayern München,Barcelona,,,Bayern,Barcelona,none/none
3714056,2122,ChampionsLeague,2021-12-08,9772,8688,Benfica,Dynamo Kyiv,,,benfica,DynamoKyiv,none/none
3714068,2122,ChampionsLeague,2021-12-08,10260,10192,Manchester United,Young Boys,,,ManUnited,YoungBoys,none/none
3714080,2122,ChampionsLeague,2021-12-08,10013,8302,Salzburg,Sevilla,,,rbsalzburg,Sevilla,none/none
3714081,2122,ChampionsLeague,2021-12-08,8721,8639,Wolfsburg,Lille,,,Wolfsburg,Lille,none/none
3714069,2122,ChampionsLeague,2021-12-09,8524,10205,Atalanta,Villarreal,,,atalanta,Villarreal,none/none
3780921,2122,ChampionsLeague,2022-02-15,9847,8633,Paris Saint-Germain,Real Madrid,,,ParisSG,realmadrid,none/none
3780915,2122,ChampionsLeague,2022-02-15,9768,8456,Sporting CP,Manchester City,,,Sporting,ManCity,none/none
3780920,2122,ChampionsLeague,2022-02-16,8636,8650,Inter,Liverpool,,,Inter,Liverpool,none/none
3780914,2122,ChampionsLeague,2022-02-16,10013,9823,Salzburg,Bayern München,,,rbsalzburg,Bayern,none/none
3780917,2122,ChampionsLeague,2022-02-22,8455,8639,Chelsea,Lille,,,Chelsea,Lille,none/none
3780919,2122,ChampionsLeague,2022-02-22,10205,9885,Villarreal,Juventus,,,Villarreal,Juventus,none/none
3780918,2122,ChampionsLeague,2022-02-23,9906,10260,Atlético Madrid,Manchester United,,,atletico,ManUnited,none/none
3780916,2122,ChampionsLeague,2022-02-23,9772,8593,Benfica,Ajax,,,benfica,Ajax,none/none
3780922,2122,ChampionsLeague,2022-03-08,9823,10013,Bayern München,Salzburg,,,Bayern,rbsalzburg,none/none
3780928,2122,ChampionsLeague,2022-03-08,8650,8636,Liverpool,Inter,,,Liverpool,Inter,none/none
3780923,2122,ChampionsLeague,2022-03-09,8456,9768,Manchester City,Sporting CP,,,ManCity,Sporting,none/none
3780929,2122,ChampionsLeague,2022-03-09,8633,9847,Real Madrid,Paris Saint-Germain,,,realmadrid,ParisSG,none/none
3780924,2122,ChampionsLeague,2022-03-15,8593,9772,Ajax,Benfica,,,Ajax,benfica,none/none
3780926,2122,ChampionsLeague,2022-03-15,10260,9906,Manchester United,Atlético Madrid,,,ManUnited,atletico,none/none
3780927,2122,ChampionsLeague,2022-03-16,9885,10205,Juventus,Villarreal,,,Juventus,Villarreal,none/none
3780925,2122,ChampionsLeague,2022-03-16,8639,8455,Lille,Chelsea,,,Lille,Chelsea,none/none
3846347,2122,ChampionsLeague,2022-04-05,9772,8650,Benfica,Liverpool,,,benfica,Liverpool,none/none
3846343,2122,ChampionsLeague,2022-04-05,8456,9906,Manchester City,Atlético Madrid,,,ManCity,atletico,none/none
3846341,2122,ChampionsLeague,2022-04-06,8455,8633,Chelsea,Real Madrid,,,Chelsea,realmadrid,none/none
3846345,2122,ChampionsLeague,2022-04-06,10205,9823,Villarreal,Bayern München,,,Villarreal,Bayern,none/none
3846346,2122,ChampionsLeague,2022-04-12,9823,10205,Bayern München,Villarreal,,,Bayern,Villarreal,none/none
3846342,2122,ChampionsLeague,2022-04-12,8633,8455,Real Madrid,Chelsea,,,realmadrid,Chelsea,none/none
3846344,2122,ChampionsLeague,2022-04-13,9906,8456,Atlético Madrid,Manchester City,,,atletico,ManCity,none/none
3846348,2122,ChampionsLeague,2022-04-13,8650,9772,Liverpool,Benfica,,,Liverpool,benfica,none/none
3846447,2122,ChampionsLeague,2022-04-26,8456,8633,Manchester City,Real Madrid,,,ManCity,realmadrid,none/none
3846449,2122,ChampionsLeague,2022-04-27,8650,10205,Liverpool,Villarreal,,,Liverpool,Villarreal,none/none
3846450,2122,ChampionsLeague,2022-05-03,10205,8650,Villarreal,Liverpool,,,Villarreal,Liverpool,none/none
3846448,2122,ChampionsLeague,2022-05-04,8633,8456,Real Madrid,Manchester City,,,realmadrid,ManCity,none/none
3846451,2122,ChampionsLeague,2022-05-28,8650,8633,Liverpool,Real Madrid,,,Liverpool,realmadrid,none/none
4010156,2223,ChampionsLeague,2022-09-06,9789,8391,Borussia Dortmund,FC København,1837.00,1630.95,Dortmund,FCKobenhavn,chart/chart
4010132,2223,ChampionsLeague,2022-09-06,10156,8455,Dinamo Zagreb,Chelsea,1704.95,1895.72,DinamoZagreb,Chelsea,chart/chart
4010176,2223,ChampionsLeague,2022-09-06,9772,10185,Benfica,Maccabi Haifa,1802.39,,benfica,,chart/none
4010150,2223,ChampionsLeague,2022-09-06,9925,8633,Celtic,Real Madrid,1687.69,1966.56,Celtic,realmadrid,chart/chart
4010175,2223,ChampionsLeague,2022-09-06,9847,9885,Paris Saint-Germain,Juventus,1908.53,1839.97,ParisSG,Juventus,chart/chart
4010151,2223,ChampionsLeague,2022-09-06,178475,9728,RB Leipzig,Shakhtar Donetsk,1813.46,1719.40,RBLeipzig,Shakhtar,chart/chart
4010133,2223,ChampionsLeague,2022-09-06,10013,8564,Salzburg,Milan,1809.20,1848.33,rbsalzburg,Milan,chart/chart
4010157,2223,ChampionsLeague,2022-09-06,8302,8456,Sevilla,Manchester City,1813.24,2002.79,Sevilla,ManCity,chart/chart
4010118,2223,ChampionsLeague,2022-09-07,8593,8548,Ajax,Rangers,1835.25,1704.37,Ajax,Rangers,chart/chart
4010181,2223,ChampionsLeague,2022-09-07,9810,9768,Eintracht Frankfurt,Sporting CP,1758.24,1758.92,Frankfurt,Sporting,chart/chart
4010138,2223,ChampionsLeague,2022-09-07,9906,9773,Atlético Madrid,FC Porto,1868.87,1832.80,atletico,porto,chart/chart
4010163,2223,ChampionsLeague,2022-09-07,8634,6033,Barcelona,Viktoria Plzeň,1897.87,1679.81,Barcelona,ViktoriaPlzen,chart/chart
4010139,2223,ChampionsLeague,2022-09-07,8342,8178,Club Brugge,Bayer Leverkusen,1693.82,1775.87,Brugge,Leverkusen,chart/chart
4010164,2223,ChampionsLeague,2022-09-07,8636,9823,Inter,Bayern München,1889.45,1975.02,Inter,Bayern,chart/chart
4010119,2223,ChampionsLeague,2022-09-07,9875,8650,Napoli,Liverpool,1823.64,1987.74,Napoli,Liverpool,chart/chart
4010182,2223,ChampionsLeague,2022-09-07,8586,8592,Tottenham Hotspur,Marseille,1848.03,1749.51,Tottenham,Marseille,chart/chart
4010184,2223,ChampionsLeague,2022-09-13,9768,8586,Sporting CP,Tottenham Hotspur,1775.57,1851.11,Sporting,Tottenham,chart/chart
4010166,2223,ChampionsLeague,2022-09-13,6033,8636,Viktoria Plzeň,Inter,1678.62,1884.33,ViktoriaPlzen,Inter,chart/chart
4010140,2223,ChampionsLeague,2022-09-13,8178,9906,Bayer Leverkusen,Atlético Madrid,1766.25,1877.93,Leverkusen,atletico,chart/chart
4010165,2223,ChampionsLeague,2022-09-13,9823,8634,Bayern München,Barcelona,1972.80,1906.78,Bayern,Barcelona,chart/chart
4010141,2223,ChampionsLeague,2022-09-13,9773,8342,FC Porto,Club Brugge,1833.07,1705.00,porto,Brugge,chart/chart
4010120,2223,ChampionsLeague,2022-09-13,8650,8593,Liverpool,Ajax,1976.97,1842.12,Liverpool,Ajax,chart/chart
4010183,2223,ChampionsLeague,2022-09-13,8592,9810,Marseille,Eintracht Frankfurt,1751.50,1739.67,Marseille,Frankfurt,chart/chart
4010205,2223,ChampionsLeague,2022-09-14,8564,10156,Milan,Dinamo Zagreb,1851.39,1715.89,Milan,DinamoZagreb,chart/chart
4010211,2223,ChampionsLeague,2022-09-14,9728,9925,Shakhtar Donetsk,Celtic,1745.55,1683.15,Shakhtar,Celtic,chart/chart
4010206,2223,ChampionsLeague,2022-09-14,8455,10013,Chelsea,Salzburg,1888.79,1812.46,Chelsea,rbsalzburg,chart/chart
4010231,2223,ChampionsLeague,2022-09-14,8391,8302,FC København,Sevilla,1619.41,1812.21,FCKobenhavn,Sevilla,chart/chart
4010237,2223,ChampionsLeague,2022-09-14,9885,9772,Juventus,Benfica,1828.66,1807.75,Juventus,benfica,chart/chart
4010236,2223,ChampionsLeague,2022-09-14,10185,9847,Maccabi Haifa,Paris Saint-Germain,,1915.10,,ParisSG,none/chart
4010230,2223,ChampionsLeague,2022-09-14,8456,9789,Manchester City,Borussia Dortmund,2008.81,1829.14,ManCity,Dortmund,chart/chart
4010121,2223,ChampionsLeague,2022-09-14,8548,9875,Rangers,Napoli,1698.35,1836.61,Rangers,Napoli,chart/chart
4010212,2223,ChampionsLeague,2022-09-14,8633,178475,Real Madrid,RB Leipzig,1973.38,1806.20,realmadrid,RBLeipzig,chart/chart
4010167,2223,ChampionsLeague,2022-10-04,9823,6033,Bayern München,Viktoria Plzeň,1971.01,1676.69,Bayern,ViktoriaPlzen,chart/chart
4010185,2223,ChampionsLeague,2022-10-04,8592,9768,Marseille,Sporting CP,1745.47,1775.29,Marseille,Sporting,chart/chart
4010124,2223,ChampionsLeague,2022-10-04,8593,9875,Ajax,Napoli,1825.32,1850.79,Ajax,Napoli,chart/chart
4010143,2223,ChampionsLeague,2022-10-04,8342,9906,Club Brugge,Atlético Madrid,1714.95,1871.24,Brugge,atletico,chart/chart
4010186,2223,ChampionsLeague,2022-10-04,9810,8586,Eintracht Frankfurt,Tottenham Hotspur,1759.26,1843.47,Frankfurt,Tottenham,chart/chart
4010142,2223,ChampionsLeague,2022-10-04,9773,8178,FC Porto,Bayer Leverkusen,1813.29,1770.84,porto,Leverkusen,chart/chart
4010168,2223,ChampionsLeague,2022-10-04,8636,8634,Inter,Barcelona,1866.49,1907.40,Inter,Barcelona,chart/chart
4010125,2223,ChampionsLeague,2022-10-04,8650,8548,Liverpool,Rangers,1974.72,1698.29,Liverpool,Rangers,chart/chart
4010152,2223,ChampionsLeague,2022-10-05,178475,9925,RB Leipzig,Celtic,1801.02,1671.06,RBLeipzig,Celtic,chart/chart
4010134,2223,ChampionsLeague,2022-10-05,10013,10156,Salzburg,Dinamo Zagreb,1801.06,1715.69,rbsalzburg,DinamoZagreb,chart/chart
4010178,2223,ChampionsLeague,2022-10-05,9772,9847,Benfica,Paris Saint-Germain,1812.34,1917.86,benfica,ParisSG,chart/chart
4010135,2223,ChampionsLeague,2022-10-05,8455,8564,Chelsea,Milan,1888.30,1849.24,Chelsea,Milan,chart/chart
4010177,2223,ChampionsLeague,2022-10-05,9885,10185,Juventus,Maccabi Haifa,1812.47,,Juventus,,chart/none
4010158,2223,ChampionsLeague,2022-10-05,8456,8391,Manchester City,FC København,2016.45,1621.90,ManCity,FCKobenhavn,chart/chart
4010153,2223,ChampionsLeague,2022-10-05,8633,9728,Real Madrid,Shakhtar Donetsk,1973.89,1747.33,realmadrid,Shakhtar,chart/chart
4010159,2223,ChampionsLeague,2022-10-05,8302,9789,Sevilla,Borussia Dortmund,1802.89,1823.58,Sevilla,Dortmund,chart/chart
4010160,2223,ChampionsLeague,2022-10-11,8391,8456,FC København,Manchester City,1618.64,2019.66,FCKobenhavn,ManCity,chart/chart
4010179,2223,ChampionsLeague,2022-10-11,10185,9885,Maccabi Haifa,Juventus,,1810.06,,Juventus,none/chart
4010137,2223,ChampionsLeague,2022-10-11,8564,8455,Milan,Chelsea,1849.07,1897.76,Milan,Chelsea,chart/chart
4010161,2223,ChampionsLeague,2022-10-11,9789,8302,Borussia Dortmund,Sevilla,1836.19,1790.79,Dortmund,Sevilla,chart/chart
4010155,2223,ChampionsLeague,2022-10-11,9925,178475,Celtic,RB Leipzig,1667.41,1803.75,Celtic,RBLeipzig,chart/chart
4010136,2223,ChampionsLeague,2022-10-11,10156,10013,Dinamo Zagreb,Salzburg,1712.01,1805.11,DinamoZagreb,rbsalzburg,chart/chart
4010180,2223,ChampionsLeague,2022-10-11,9847,9772,Paris Saint-Germain,Benfica,1913.72,1812.50,ParisSG,benfica,chart/chart
4010154,2223,ChampionsLeague,2022-10-11,9728,8633,Shakhtar Donetsk,Real Madrid,1746.72,1975.89,Shakhtar,realmadrid,chart/chart
4010145,2223,ChampionsLeague,2022-10-12,9906,8342,Atlético Madrid,Club Brugge,1862.80,1714.74,atletico,Brugge,chart/chart
4010126,2223,ChampionsLeague,2022-10-12,9875,8593,Napoli,Ajax,1865.90,1813.13,Napoli,Ajax,chart/chart
4010169,2223,ChampionsLeague,2022-10-12,8634,8636,Barcelona,Inter,1903.70,1873.62,Barcelona,Inter,chart/chart
4010144,2223,ChampionsLeague,2022-10-12,8178,9773,Bayer Leverkusen,FC Porto,1770.52,1818.56,Leverkusen,porto,chart/chart
4010127,2223,ChampionsLeague,2022-10-12,8548,8650,Rangers,Liverpool,1697.12,1971.69,Rangers,Liverpool,chart/chart
4010188,2223,ChampionsLeague,2022-10-12,9768,8592,Sporting CP,Marseille,1766.95,1743.22,Sporting,Marseille,chart/chart
4010187,2223,ChampionsLeague,2022-10-12,8586,9810,Tottenham Hotspur,Eintracht Frankfurt,1847.48,1748.71,Tottenham,Frankfurt,chart/chart
4010170,2223,ChampionsLeague,2022-10-12,6033,9823,Viktoria Plzeň,Bayern München,1674.29,1971.03,ViktoriaPlzen,Bayern,chart/chart
4010207,2223,ChampionsLeague,2022-10-25,10013,8455,Salzburg,Chelsea,1807.40,1905.35,rbsalzburg,Chelsea,chart/chart
4010232,2223,ChampionsLeague,2022-10-25,8302,8391,Sevilla,FC København,1792.20,1627.08,Sevilla,FCKobenhavn,chart/chart
4010238,2223,ChampionsLeague,2022-10-25,9772,9885,Benfica,Juventus,1822.32,1805.97,benfica,Juventus,chart/chart
4010233,2223,ChampionsLeague,2022-10-25,9789,8456,Borussia Dortmund,Manchester City,1834.22,2013.33,Dortmund,ManCity,chart/chart
4010213,2223,ChampionsLeague,2022-10-25,9925,9728,Celtic,Shakhtar Donetsk,1666.04,1761.18,Celtic,Shakhtar,chart/chart
4010208,2223,ChampionsLeague,2022-10-25,10156,8564,Dinamo Zagreb,Milan,1712.72,1846.17,DinamoZagreb,Milan,chart/chart
4010239,2223,ChampionsLeague,2022-10-25,9847,10185,Paris Saint-Germain,Maccabi Haifa,1913.45,,ParisSG,,chart/none
4010214,2223,ChampionsLeague,2022-10-25,178475,8633,RB Leipzig,Real Madrid,1814.14,1983.11,RBLeipzig,realmadrid,chart/chart
4010146,2223,ChampionsLeague,2022-10-26,8342,9773,Club Brugge,FC Porto,1723.50,1821.71,Brugge,porto,chart/chart
4010171,2223,ChampionsLeague,2022-10-26,8636,6033,Inter,Viktoria Plzeň,1879.25,1679.75,Inter,ViktoriaPlzen,chart/chart
4010129,2223,ChampionsLeague,2022-10-26,8593,8650,Ajax,Liverpool,1811.39,1972.75,Ajax,Liverpool,chart/chart
4010147,2223,ChampionsLeague,2022-10-26,9906,8178,Atlético Madrid,Bayer Leverkusen,1864.42,1751.98,atletico,Leverkusen,chart/chart
4010172,2223,ChampionsLeague,2022-10-26,8634,9823,Barcelona,Bayern München,1908.99,1984.27,Barcelona,Bayern,chart/chart
4010189,2223,ChampionsLeague,2022-10-26,9810,8592,Eintracht Frankfurt,Marseille,1762.08,1741.70,Frankfurt,Marseille,chart/chart
4010128,2223,ChampionsLeague,2022-10-26,9875,8548,Napoli,Rangers,1875.51,1686.49,Napoli,Rangers,chart/chart
4010190,2223,ChampionsLeague,2022-10-26,8586,9768,Tottenham Hotspur,Sporting CP,1842.01,1759.70,Tottenham,Sporting,chart/chart
4010149,2223,ChampionsLeague,2022-11-01,8178,8342,Bayer Leverkusen,Club Brugge,1752.07,1715.78,Leverkusen,Brugge,chart/chart
4010148,2223,ChampionsLeague,2022-11-01,9773,9906,FC Porto,Atlético Madrid,1825.83,1852.18,porto,atletico,chart/chart
4010173,2223,ChampionsLeague,2022-11-01,9823,8636,Bayern München,Inter,1995.70,1886.05,Bayern,Inter,chart/chart
4010130,2223,ChampionsLeague,2022-11-01,8650,9875,Liverpool,Napoli,1967.83,1882.51,Liverpool,Napoli,chart/chart
4010192,2223,ChampionsLeague,2022-11-01,8592,8586,Marseille,Tottenham Hotspur,1737.83,1842.83,Marseille,Tottenham,chart/chart
4010131,2223,ChampionsLeague,2022-11-01,8548,8593,Rangers,Ajax,1686.02,1806.34,Rangers,Ajax,chart/chart
4010191,2223,ChampionsLeague,2022-11-01,9768,9810,Sporting CP,Eintracht Frankfurt,1752.29,1763.28,Sporting,Frankfurt,chart/chart
4010174,2223,ChampionsLeague,2022-11-01,6033,8634,Viktoria Plzeň,Barcelona,1678.44,1904.67,ViktoriaPlzen,Barcelona,chart/chart
4010215,2223,ChampionsLeague,2022-11-02,8633,9925,Real Madrid,Celtic,1969.86,1669.42,realmadrid,Celtic,chart/chart
4010216,2223,ChampionsLeague,2022-11-02,9728,178475,Shakhtar Donetsk,RB Leipzig,1752.27,1825.57,Shakhtar,RBLeipzig,chart/chart
4010209,2223,ChampionsLeague,2022-11-02,8564,10013,Milan,Salzburg,1847.27,1803.39,Milan,rbsalzburg,chart/chart
4010210,2223,ChampionsLeague,2022-11-02,8455,10156,Chelsea,Dinamo Zagreb,1898.64,1697.92,Chelsea,DinamoZagreb,chart/chart
4010235,2223,ChampionsLeague,2022-11-02,8391,9789,FC København,Borussia Dortmund,1626.77,1842.11,FCKobenhavn,Dortmund,chart/chart
4010241,2223,ChampionsLeague,2022-11-02,9885,9847,Juventus,Paris Saint-Germain,1807.13,1918.06,Juventus,ParisSG,chart/chart
4010240,2223,ChampionsLeague,2022-11-02,10185,9772,Maccabi Haifa,Benfica,,1829.38,,benfica,none/chart
4010234,2223,ChampionsLeague,2022-11-02,8456,8302,Manchester City,Sevilla,2014.53,1786.62,ManCity,Sevilla,chart/chart
4060606,2223,ChampionsLeague,2023-02-14,8564,8586,Milan,Tottenham Hotspur,1799.50,1831.66,Milan,Tottenham,chart/chart
4060614,2223,ChampionsLeague,2023-02-14,9847,9823,Paris Saint-Germain,Bayern München,1891.85,1998.39,ParisSG,Bayern,chart/chart
4060610,2223,ChampionsLeague,2023-02-15,9789,8455,Borussia Dortmund,Chelsea,1853.86,1868.76,Dortmund,Chelsea,chart/chart
4060602,2223,ChampionsLeague,2023-02-15,8342,9772,Club Brugge,Benfica,1677.05,1834.26,Brugge,benfica,chart/chart
4060608,2223,ChampionsLeague,2023-02-21,9810,9875,Eintracht Frankfurt,Napoli,1787.67,1892.94,Frankfurt,Napoli,chart/chart
4060604,2223,ChampionsLeague,2023-02-21,8650,8633,Liverpool,Real Madrid,1934.68,1953.92,Liverpool,realmadrid,chart/chart
4060612,2223,ChampionsLeague,2023-02-22,8636,9773,Inter,FC Porto,1878.91,1839.17,Inter,porto,chart/chart
4060600,2223,ChampionsLeague,2023-02-22,178475,8456,RB Leipzig,Manchester City,1853.96,1999.86,RBLeipzig,ManCity,chart/chart
4060603,2223,ChampionsLeague,2023-03-07,9772,8342,Benfica,Club Brugge,1841.43,1657.72,benfica,Brugge,chart/chart
4060611,2223,ChampionsLeague,2023-03-07,8455,9789,Chelsea,Borussia Dortmund,1850.25,1868.11,Chelsea,Dortmund,chart/chart
4060615,2223,ChampionsLeague,2023-03-08,9823,9847,Bayern München,Paris Saint-Germain,1997.82,1898.35,Bayern,ParisSG,chart/chart
4060607,2223,ChampionsLeague,2023-03-08,8586,8564,Tottenham Hotspur,Milan,1823.21,1808.04,Tottenham,Milan,chart/chart
4060613,2223,ChampionsLeague,2023-03-14,9773,8636,FC Porto,Inter,1825.01,1867.22,porto,Inter,chart/chart
4060601,2223,ChampionsLeague,2023-03-14,8456,178475,Manchester City,RB Leipzig,2006.47,1858.00,ManCity,RBLeipzig,chart/chart
4060605,2223,ChampionsLeague,2023-03-15,8633,8650,Real Madrid,Liverpool,1954.14,1926.04,realmadrid,Liverpool,chart/chart
4060609,2223,ChampionsLeague,2023-03-15,9875,9810,Napoli,Eintracht Frankfurt,1899.81,1775.70,Napoli,Frankfurt,chart/chart
4140598,2223,ChampionsLeague,2023-04-11,9772,8636,Benfica,Inter,1845.33,1850.25,benfica,Inter,chart/chart
4140600,2223,ChampionsLeague,2023-04-11,8456,9823,Manchester City,Bayern München,2021.03,1987.48,ManCity,Bayern,chart/chart
4140602,2223,ChampionsLeague,2023-04-12,8564,9875,Milan,Napoli,1808.13,1896.49,Milan,Napoli,chart/chart
4140596,2223,ChampionsLeague,2023-04-12,8633,8455,Real Madrid,Chelsea,1954.60,1841.28,realmadrid,Chelsea,chart/chart
4140597,2223,ChampionsLeague,2023-04-18,8455,8633,Chelsea,Real Madrid,1831.92,1959.90,Chelsea,realmadrid,chart/chart
4140603,2223,ChampionsLeague,2023-04-18,9875,8564,Napoli,Milan,1886.36,1811.40,Napoli,Milan,chart/chart
4140601,2223,ChampionsLeague,2023-04-19,9823,8456,Bayern München,Manchester City,1975.22,2026.61,Bayern,ManCity,chart/chart
4140599,2223,ChampionsLeague,2023-04-19,8636,9772,Inter,Benfica,1848.67,1824.74,Inter,benfica,chart/chart
4140606,2223,ChampionsLeague,2023-05-09,8633,8456,Real Madrid,Manchester City,1950.19,2034.87,realmadrid,ManCity,chart/chart
4140604,2223,ChampionsLeague,2023-05-10,8564,8636,Milan,Inter,1816.20,1868.85,Milan,Inter,chart/chart
4140605,2223,ChampionsLeague,2023-05-16,8636,8564,Inter,Milan,1877.37,1797.22,Inter,Milan,chart/chart
4140607,2223,ChampionsLeague,2023-05-17,8456,8633,Manchester City,Real Madrid,2037.06,1951.71,ManCity,realmadrid,chart/chart
4140608,2223,ChampionsLeague,2023-06-10,8456,8636,Manchester City,Inter,2035.65,1882.67,ManCity,Inter,chart/chart
4315044,2324,ChampionsLeague,2023-09-19,8564,10261,Milan,Newcastle United,1813.53,1828.14,Milan,Newcastle,chart/chart
4314972,2324,ChampionsLeague,2023-09-19,10192,178475,Young Boys,RB Leipzig,1706.54,1886.73,YoungBoys,RBLeipzig,chart/chart
4314984,2324,ChampionsLeague,2023-09-19,8634,9988,Barcelona,Royal Antwerp,1916.00,1685.78,Barcelona,Antwerp,chart/chart
4315033,2324,ChampionsLeague,2023-09-19,10235,9925,Feyenoord,Celtic,1731.29,1679.99,Feyenoord,Celtic,chart/chart
4315032,2324,ChampionsLeague,2023-09-19,8543,9906,Lazio,Atlético Madrid,1753.95,1879.83,Lazio,atletico,chart/chart
4314973,2324,ChampionsLeague,2023-09-19,8456,8687,Manchester City,FK Crvena Zvezda,2047.54,1687.32,ManCity,CrvenaZvezda,chart/chart
4315045,2324,ChampionsLeague,2023-09-19,9847,9789,Paris Saint-Germain,Borussia Dortmund,1850.76,1861.81,ParisSG,Dortmund,chart/chart
4314985,2324,ChampionsLeague,2023-09-19,9728,9773,Shakhtar Donetsk,FC Porto,1713.80,1842.74,Shakhtar,porto,chart/chart
4314997,2324,ChampionsLeague,2023-09-20,8637,8391,Galatasaray,FC København,1749.24,1669.70,Galatasaray,FCKobenhavn,chart/chart
4315008,2324,ChampionsLeague,2023-09-20,8633,8149,Real Madrid,Union Berlin,1956.02,1764.65,realmadrid,UnionBerlin,chart/chart
4315020,2324,ChampionsLeague,2023-09-20,9825,8640,Arsenal,PSV Eindhoven,1903.50,1794.60,Arsenal,PSV,chart/chart
4314996,2324,ChampionsLeague,2023-09-20,9823,10260,Bayern München,Manchester United,1946.57,1865.51,Bayern,ManUnited,chart/chart
4315056,2324,ChampionsLeague,2023-09-20,9772,10013,Benfica,Salzburg,1833.24,1799.59,benfica,rbsalzburg,chart/chart
4315009,2324,ChampionsLeague,2023-09-20,10264,9875,Braga,Napoli,1705.62,1865.83,Braga,Napoli,chart/chart
4315057,2324,ChampionsLeague,2023-09-20,8560,8636,Real Sociedad,Inter,1813.73,1895.64,Sociedad,Inter,chart/chart
4315021,2324,ChampionsLeague,2023-09-20,8302,8588,Sevilla,Lens,1775.71,1736.66,Sevilla,Lens,chart/chart
4315058,2324,ChampionsLeague,2023-10-03,10013,8560,Salzburg,Real Sociedad,1799.76,1826.66,rbsalzburg,Sociedad,chart/chart
4315010,2324,ChampionsLeague,2023-10-03,8149,10264,Union Berlin,Braga,1745.55,1708.88,UnionBerlin,Braga,chart/chart
4314999,2324,ChampionsLeague,2023-10-03,8391,9823,FC København,Bayern München,1665.00,1954.23,FCKobenhavn,Bayern,chart/chart
4315059,2324,ChampionsLeague,2023-10-03,8636,9772,Inter,Benfica,1891.16,1828.55,Inter,benfica,chart/chart
4315022,2324,ChampionsLeague,2023-10-03,8588,9825,Lens,Arsenal,1749.91,1914.18,Lens,Arsenal,chart/chart
4314998,2324,ChampionsLeague,2023-10-03,10260,8637,Manchester United,Galatasaray,1861.86,1751.91,ManUnited,Galatasaray,chart/chart
4315023,2324,ChampionsLeague,2023-10-03,8640,8302,PSV Eindhoven,Sevilla,1792.05,1775.73,PSV,Sevilla,chart/chart
4315011,2324,ChampionsLeague,2023-10-03,9875,8633,Napoli,Real Madrid,1875.92,1955.58,Napoli,realmadrid,chart/chart
4315034,2324,ChampionsLeague,2023-10-04,9906,10235,Atlético Madrid,Feyenoord,1891.89,1746.33,atletico,Feyenoord,chart/chart
4314987,2324,ChampionsLeague,2023-10-04,9988,9728,Royal Antwerp,Shakhtar Donetsk,1674.25,1689.58,Antwerp,Shakhtar,chart/chart
4315046,2324,ChampionsLeague,2023-10-04,9789,8564,Borussia Dortmund,Milan,1865.07,1824.26,Dortmund,Milan,chart/chart
4315035,2324,ChampionsLeague,2023-10-04,9925,8543,Celtic,Lazio,1680.96,1753.00,Celtic,Lazio,chart/chart
4314986,2324,ChampionsLeague,2023-10-04,9773,8634,FC Porto,Barcelona,1844.69,1918.92,porto,Barcelona,chart/chart
4314974,2324,ChampionsLeague,2023-10-04,8687,10192,FK Crvena Zvezda,Young Boys,1684.64,1699.08,CrvenaZvezda,YoungBoys,chart/chart
4315047,2324,ChampionsLeague,2023-10-04,10261,9847,Newcastle United,Paris Saint-Germain,1849.53,1859.78,Newcastle,ParisSG,chart/chart
4314975,2324,ChampionsLeague,2023-10-04,178475,8456,RB Leipzig,Manchester City,1896.38,2031.30,RBLeipzig,ManCity,chart/chart
4315001,2324,ChampionsLeague,2023-10-24,8637,9823,Galatasaray,Bayern München,1767.67,1960.79,Galatasaray,Bayern,chart/chart
4315060,2324,ChampionsLeague,2023-10-24,8636,10013,Inter,Salzburg,1895.54,1774.29,Inter,rbsalzburg,chart/chart
4315061,2324,ChampionsLeague,2023-10-24,9772,8560,Benfica,Real Sociedad,1825.62,1837.61,benfica,Sociedad,chart/chart
4315012,2324,ChampionsLeague,2023-10-24,10264,8633,Braga,Real Madrid,1716.76,1964.61,Braga,realmadrid,chart/chart
4315025,2324,ChampionsLeague,2023-10-24,8588,8640,Lens,PSV Eindhoven,1754.27,1795.51,Lens,PSV,chart/chart
4315000,2324,ChampionsLeague,2023-10-24,10260,8391,Manchester United,FC København,1861.37,1664.38,ManUnited,FCKobenhavn,chart/chart
4315024,2324,ChampionsLeague,2023-10-24,8302,9825,Sevilla,Arsenal,1779.53,1914.72,Sevilla,Arsenal,chart/chart
4315013,2324,ChampionsLeague,2023-10-24,8149,9875,Union Berlin,Napoli,1721.40,1863.11,UnionBerlin,Napoli,chart/chart
4314988,2324,ChampionsLeague,2023-10-25,8634,9728,Barcelona,Shakhtar Donetsk,1925.84,1699.93,Barcelona,Shakhtar,chart/chart
4315037,2324,ChampionsLeague,2023-10-25,10235,8543,Feyenoord,Lazio,1748.44,1769.82,Feyenoord,Lazio,chart/chart
4315036,2324,ChampionsLeague,2023-10-25,9925,9906,Celtic,Atlético Madrid,1679.66,1905.84,Celtic,atletico,chart/chart
4315048,2324,ChampionsLeague,2023-10-25,10261,9789,Newcastle United,Borussia Dortmund,1863.89,1865.72,Newcastle,Dortmund,chart/chart
4315049,2324,ChampionsLeague,2023-10-25,9847,8564,Paris Saint-Germain,Milan,1862.60,1824.16,ParisSG,Milan,chart/chart
4314977,2324,ChampionsLeague,2023-10-25,178475,8687,RB Leipzig,FK Crvena Zvezda,1887.29,1684.48,RBLeipzig,CrvenaZvezda,chart/chart
4314989,2324,ChampionsLeague,2023-10-25,9988,9773,Royal Antwerp,FC Porto,1666.34,1838.33,Antwerp,porto,chart/chart
4314976,2324,ChampionsLeague,2023-10-25,10192,8456,Young Boys,Manchester City,1703.34,2034.06,YoungBoys,ManCity,chart/chart
4315051,2324,ChampionsLeague,2023-11-07,9789,10261,Borussia Dortmund,Newcastle United,1865.71,1873.24,Dortmund,Newcastle,chart/chart
4314990,2324,ChampionsLeague,2023-11-07,9728,8634,Shakhtar Donetsk,Barcelona,1702.88,1927.07,Shakhtar,Barcelona,chart/chart
4315050,2324,ChampionsLeague,2023-11-07,8564,9847,Milan,Paris Saint-Germain,1810.81,1875.30,Milan,ParisSG,chart/chart
4315038,2324,ChampionsLeague,2023-11-07,9906,9925,Atlético Madrid,Celtic,1896.71,1681.65,atletico,Celtic,chart/chart
4314991,2324,ChampionsLeague,2023-11-07,9773,9988,FC Porto,Royal Antwerp,1828.86,1660.26,porto,Antwerp,chart/chart
4314978,2324,ChampionsLeague,2023-11-07,8687,178475,FK Crvena Zvezda,RB Leipzig,1676.09,1877.90,CrvenaZvezda,RBLeipzig,chart/chart
4315039,2324,ChampionsLeague,2023-11-07,8543,10235,Lazio,Feyenoord,1761.39,1750.28,Lazio,Feyenoord,chart/chart
4314979,2324,ChampionsLeague,2023-11-07,8456,10192,Manchester City,Young Boys,2044.01,1700.82,ManCity,YoungBoys,chart/chart
4315062,2324,ChampionsLeague,2023-11-08,8560,9772,Real Sociedad,Benfica,1838.52,1813.49,Sociedad,benfica,chart/chart
4315014,2324,ChampionsLeague,2023-11-08,9875,8149,Napoli,Union Berlin,1867.08,1697.51,Napoli,UnionBerlin,chart/chart
4315026,2324,ChampionsLeague,2023-11-08,9825,8302,Arsenal,Sevilla,1910.52,1775.85,Arsenal,Sevilla,chart/chart
4315003,2324,ChampionsLeague,2023-11-08,9823,8637,Bayern München,Galatasaray,1964.42,1764.55,Bayern,Galatasaray,chart/chart
4315002,2324,ChampionsLeague,2023-11-08,8391,10260,FC København,Manchester United,1667.69,1854.39,FCKobenhavn,ManUnited,chart/chart
4315027,2324,ChampionsLeague,2023-11-08,8640,8588,PSV Eindhoven,Lens,1803.62,1759.61,PSV,Lens,chart/chart
4315015,2324,ChampionsLeague,2023-11-08,8633,10264,Real Madrid,Braga,1967.35,1712.65,realmadrid,Braga,chart/chart
4315063,2324,ChampionsLeague,2023-11-08,10013,8636,Salzburg,Inter,1766.95,1903.35,rbsalzburg,Inter,chart/chart
4315041,2324,ChampionsLeague,2023-11-28,8543,9925,Lazio,Celtic,1756.87,1675.01,Lazio,Celtic,chart/chart
4314993,2324,ChampionsLeague,2023-11-28,9728,9988,Shakhtar Donetsk,Royal Antwerp,1696.51,1658.95,Shakhtar,Antwerp,chart/chart
4315052,2324,ChampionsLeague,2023-11-28,8564,9789,Milan,Borussia Dortmund,1816.09,1869.13,Milan,Dortmund,chart/chart
4314992,2324,ChampionsLeague,2023-11-28,8634,9773,Barcelona,FC Porto,1918.47,1834.78,Barcelona,porto,chart/chart
4315040,2324,ChampionsLeague,2023-11-28,10235,9906,Feyenoord,Atlético Madrid,1750.37,1906.21,Feyenoord,atletico,chart/chart
4314981,2324,ChampionsLeague,2023-11-28,8456,178475,Manchester City,RB Leipzig,2039.95,1878.41,ManCity,RBLeipzig,chart/chart
4315053,2324,ChampionsLeague,2023-11-28,9847,10261,Paris Saint-Germain,Newcastle United,1879.84,1862.22,ParisSG,Newcastle,chart/chart
4314980,2324,ChampionsLeague,2023-11-28,10192,8687,Young Boys,FK Crvena Zvezda,1694.39,1674.22,YoungBoys,CrvenaZvezda,chart/chart
4315004,2324,ChampionsLeague,2023-11-29,8637,10260,Galatasaray,Manchester United,1755.69,1853.57,Galatasaray,ManUnited,chart/chart
4315029,2324,ChampionsLeague,2023-11-29,8302,8640,Sevilla,PSV Eindhoven,1770.26,1812.94,Sevilla,PSV,chart/chart
4315028,2324,ChampionsLeague,2023-11-29,9825,8588,Arsenal,Lens,1919.03,1767.17,Arsenal,Lens,chart/chart
4315005,2324,ChampionsLeague,2023-11-29,9823,8391,Bayern München,FC København,1970.40,1666.38,Bayern,FCKobenhavn,chart/chart
4315064,2324,ChampionsLeague,2023-11-29,9772,8636,Benfica,Inter,1811.30,1909.52,benfica,Inter,chart/chart
4315017,2324,ChampionsLeague,2023-11-29,10264,8149,Braga,Union Berlin,1712.10,1695.78,Braga,UnionBerlin,chart/chart
4315016,2324,ChampionsLeague,2023-11-29,8633,9875,Real Madrid,Napoli,1976.14,1855.98,realmadrid,Napoli,chart/chart
4315065,2324,ChampionsLeague,2023-11-29,8560,10013,Real Sociedad,Salzburg,1852.20,1762.16,Sociedad,rbsalzburg,chart/chart
4315031,2324,ChampionsLeague,2023-12-12,8588,8302,Lens,Sevilla,1766.04,1759.09,Lens,Sevilla,chart/chart
4315030,2324,ChampionsLeague,2023-12-12,8640,9825,PSV Eindhoven,Arsenal,1823.70,1923.55,PSV,Arsenal,chart/chart
4315007,2324,ChampionsLeague,2023-12-12,8391,8637,FC København,Galatasaray,1669.12,1758.90,FCKobenhavn,Galatasaray,chart/chart
4315066,2324,ChampionsLeague,2023-12-12,8636,8560,Inter,Real Sociedad,1918.34,1856.12,Inter,Sociedad,chart/chart
4315006,2324,ChampionsLeague,2023-12-12,10260,9823,Manchester United,Bayern München,1839.39,1948.81,ManUnited,Bayern,chart/chart
4315067,2324,ChampionsLeague,2023-12-12,10013,9772,Salzburg,Benfica,1768.15,1801.51,rbsalzburg,benfica,chart/chart
4315018,2324,ChampionsLeague,2023-12-12,9875,10264,Napoli,Braga,1838.61,1715.82,Napoli,Braga,chart/chart
4315019,2324,ChampionsLeague,2023-12-12,8149,8633,Union Berlin,Real Madrid,1704.21,1978.59,UnionBerlin,realmadrid,chart/chart
4314983,2324,ChampionsLeague,2023-12-13,8687,8456,FK Crvena Zvezda,Manchester City,1669.32,2033.33,CrvenaZvezda,ManCity,chart/chart
4314982,2324,ChampionsLeague,2023-12-13,178475,10192,RB Leipzig,Young Boys,1883.11,1701.12,RBLeipzig,YoungBoys,chart/chart
4315042,2324,ChampionsLeague,2023-12-13,9906,8543,Atlético Madrid,Lazio,1908.16,1762.52,atletico,Lazio,chart/chart
4315055,2324,ChampionsLeague,2023-12-13,9789,9847,Borussia Dortmund,Paris Saint-Germain,1863.03,1882.51,Dortmund,ParisSG,chart/chart
4315043,2324,ChampionsLeague,2023-12-13,9925,10235,Celtic,Feyenoord,1665.11,1742.82,Celtic,Feyenoord,chart/chart
4314995,2324,ChampionsLeague,2023-12-13,9773,9728,FC Porto,Shakhtar Donetsk,1837.31,1703.18,porto,Shakhtar,chart/chart
4315054,2324,ChampionsLeague,2023-12-13,10261,8564,Newcastle United,Milan,1851.77,1806.25,Newcastle,Milan,chart/chart
4314994,2324,ChampionsLeague,2023-12-13,9988,8634,Royal Antwerp,Barcelona,1667.68,1912.99,Antwerp,Barcelona,chart/chart
4384183,2324,ChampionsLeague,2024-02-13,8391,8456,FC København,Manchester City,1673.57,2046.66,FCKobenhavn,ManCity,chart/chart
4384184,2324,ChampionsLeague,2024-02-13,178475,8633,RB Leipzig,Real Madrid,1857.22,1993.46,RBLeipzig,realmadrid,chart/chart
4384182,2324,ChampionsLeague,2024-02-14,8543,9823,Lazio,Bayern München,1769.27,1942.46,Lazio,Bayern,chart/chart
4384179,2324,ChampionsLeague,2024-02-14,9847,8560,Paris Saint-Germain,Real Sociedad,1898.39,1847.41,ParisSG,Sociedad,chart/chart
4384180,2324,ChampionsLeague,2024-02-20,8636,9906,Inter,Atlético Madrid,1936.46,1903.88,Inter,atletico,chart/chart
4384181,2324,ChampionsLeague,2024-02-20,8640,9789,PSV Eindhoven,Borussia Dortmund,1823.92,1864.22,PSV,Dortmund,chart/chart
4384177,2324,ChampionsLeague,2024-02-21,9773,9825,FC Porto,Arsenal,1821.46,1929.21,porto,Arsenal,chart/chart
4384178,2324,ChampionsLeague,2024-02-21,9875,8634,Napoli,Barcelona,1803.08,1896.66,Napoli,Barcelona,chart/chart
4384190,2324,ChampionsLeague,2024-03-05,9823,8543,Bayern München,Lazio,1927.07,1767.45,Bayern,Lazio,chart/chart
4384187,2324,ChampionsLeague,2024-03-05,8560,9847,Real Sociedad,Paris Saint-Germain,1827.48,1899.62,Sociedad,ParisSG,chart/chart
4384191,2324,ChampionsLeague,2024-03-06,8456,8391,Manchester City,FC København,2049.05,1673.87,ManCity,FCKobenhavn,chart/chart
4384192,2324,ChampionsLeague,2024-03-06,8633,178475,Real Madrid,RB Leipzig,1989.76,1858.12,realmadrid,RBLeipzig,chart/chart
4384185,2324,ChampionsLeague,2024-03-12,9825,9773,Arsenal,FC Porto,1933.34,1834.32,Arsenal,porto,chart/chart
4384186,2324,ChampionsLeague,2024-03-12,8634,9875,Barcelona,Napoli,1900.80,1808.97,Barcelona,Napoli,chart/chart
4384188,2324,ChampionsLeague,2024-03-13,9906,8636,Atlético Madrid,Inter,1879.92,1951.26,atletico,Inter,chart/chart
4384189,2324,ChampionsLeague,2024-03-13,9789,8640,Borussia Dortmund,PSV Eindhoven,1864.12,1826.91,Dortmund,PSV,chart/chart
4446279,2324,ChampionsLeague,2024-04-09,9825,9823,Arsenal,Bayern München,1945.00,1918.67,Arsenal,Bayern,chart/chart
4446283,2324,ChampionsLeague,2024-04-09,8633,8456,Real Madrid,Manchester City,1994.45,2054.51,realmadrid,ManCity,chart/chart
4446281,2324,ChampionsLeague,2024-04-10,9906,9789,Atlético Madrid,Borussia Dortmund,1881.07,1872.73,atletico,Dortmund,chart/chart
4446285,2324,ChampionsLeague,2024-04-10,9847,8634,Paris Saint-Germain,Barcelona,1909.20,1915.88,ParisSG,Barcelona,chart/chart
4446286,2324,ChampionsLeague,2024-04-16,8634,9847,Barcelona,Paris Saint-Germain,1923.69,1903.14,Barcelona,ParisSG,chart/chart
4446282,2324,ChampionsLeague,2024-04-16,9789,9906,Borussia Dortmund,Atlético Madrid,1872.14,1888.73,Dortmund,atletico,chart/chart
4446280,2324,ChampionsLeague,2024-04-17,9823,9825,Bayern München,Arsenal,1922.71,1931.09,Bayern,Arsenal,chart/chart
4446284,2324,ChampionsLeague,2024-04-17,8456,8633,Manchester City,Real Madrid,2054.35,1997.28,ManCity,realmadrid,chart/chart
4446289,2324,ChampionsLeague,2024-04-30,9823,8633,Bayern München,Real Madrid,1933.61,2003.51,Bayern,realmadrid,chart/chart
4446287,2324,ChampionsLeague,2024-05-01,9789,9847,Borussia Dortmund,Paris Saint-Germain,1870.90,1913.54,Dortmund,ParisSG,chart/chart
4446288,2324,ChampionsLeague,2024-05-07,9847,9789,Paris Saint-Germain,Borussia Dortmund,1909.49,1879.42,ParisSG,Dortmund,chart/chart
4446290,2324,ChampionsLeague,2024-05-08,8633,9823,Real Madrid,Bayern München,2004.63,1926.54,realmadrid,Bayern,chart/chart
4446291,2324,ChampionsLeague,2024-06-01,9789,8633,Borussia Dortmund,Real Madrid,1875.48,2003.84,Dortmund,realmadrid,chart/chart
4621592,2425,ChampionsLeague,2024-09-17,9885,8640,Juventus,PSV Eindhoven,1831.18,1824.01,Juventus,PSV,chart/chart
4621648,2425,ChampionsLeague,2024-09-17,10192,10252,Young Boys,Aston Villa,1655.98,1802.94,YoungBoys,AstonVilla,chart/chart
4621552,2425,ChampionsLeague,2024-09-17,8564,8650,Milan,Liverpool,1809.97,1951.70,Milan,Liverpool,chart/chart
4621512,2425,ChampionsLeague,2024-09-17,9823,10156,Bayern München,Dinamo Zagreb,1929.72,1670.79,Bayern,DinamoZagreb,chart/chart
4621548,2425,ChampionsLeague,2024-09-17,8633,10269,Real Madrid,VfB Stuttgart,2010.48,1811.19,realmadrid,Stuttgart,chart/chart
4621628,2425,ChampionsLeague,2024-09-17,9768,8639,Sporting CP,Lille,1850.78,1766.68,Sporting,Lille,chart/chart
4621617,2425,ChampionsLeague,2024-09-18,9857,9728,Bologna,Shakhtar Donetsk,1751.63,1693.75,Bologna,Shakhtar,chart/chart
4621641,2425,ChampionsLeague,2024-09-18,10247,10013,Sparta Prague,Salzburg,1737.14,1744.24,SpartaPraha,rbsalzburg,chart/chart
4621650,2425,ChampionsLeague,2024-09-18,9925,6019,Celtic,Slovan Bratislava,1700.29,1572.43,Celtic,SlovanBratislava,chart/chart
4621531,2425,ChampionsLeague,2024-09-18,8342,9789,Club Brugge,Borussia Dortmund,1726.27,1876.14,Brugge,Dortmund,chart/chart
4621492,2425,ChampionsLeague,2024-09-18,8456,8636,Manchester City,Inter,2062.96,1930.79,ManCity,Inter,chart/chart
4621579,2425,ChampionsLeague,2024-09-18,9847,7732,Paris Saint-Germain,Girona,1911.01,1827.51,ParisSG,Girona,chart/chart
4621562,2425,ChampionsLeague,2024-09-19,10235,8178,Feyenoord,Bayer Leverkusen,1763.95,1906.99,Feyenoord,Leverkusen,chart/chart
4621599,2425,ChampionsLeague,2024-09-19,8687,9772,FK Crvena Zvezda,Benfica,1679.03,1798.42,CrvenaZvezda,benfica,chart/chart
4621583,2425,ChampionsLeague,2024-09-19,8524,9825,Atalanta,Arsenal,1831.08,1953.90,atalanta,Arsenal,chart/chart
4621519,2425,ChampionsLeague,2024-09-19,9906,178475,Atlético Madrid,RB Leipzig,1887.98,1882.82,atletico,RBLeipzig,chart/chart
4621663,2425,ChampionsLeague,2024-09-19,8521,10014,Brest,Sturm Graz,1693.16,1696.38,Brest,SturmGraz,chart/chart
4621541,2425,ChampionsLeague,2024-09-19,9829,8634,Monaco,Barcelona,1788.21,1936.81,Monaco,Barcelona,chart/chart
4621640,2425,ChampionsLeague,2024-10-01,10013,8521,Salzburg,Brest,1732.38,1693.19,rbsalzburg,Brest,chart/chart
4621657,2425,ChampionsLeague,2024-10-01,10269,10247,VfB Stuttgart,Sparta Prague,1819.22,1735.11,Stuttgart,SpartaPraha,chart/chart
4621576,2425,ChampionsLeague,2024-10-01,9825,9847,Arsenal,Paris Saint-Germain,1960.32,1914.04,Arsenal,ParisSG,chart/chart
4621538,2425,ChampionsLeague,2024-10-01,8634,10192,Barcelona,Young Boys,1928.05,1643.47,Barcelona,YoungBoys,chart/chart
4621559,2425,ChampionsLeague,2024-10-01,8178,8564,Bayer Leverkusen,Milan,1918.13,1818.02,Leverkusen,Milan,chart/chart
4621532,2425,ChampionsLeague,2024-10-01,9789,9925,Borussia Dortmund,Celtic,1875.24,1711.12,Dortmund,Celtic,chart/chart
4621504,2425,ChampionsLeague,2024-10-01,8636,8687,Inter,FK Crvena Zvezda,1928.30,1680.38,Inter,CrvenaZvezda,chart/chart
4621629,2425,ChampionsLeague,2024-10-01,8640,9768,PSV Eindhoven,Sporting CP,1822.71,1858.87,PSV,Sporting,chart/chart
4621499,2425,ChampionsLeague,2024-10-01,6019,8456,Slovan Bratislava,Manchester City,1571.63,2054.58,SlovanBratislava,ManCity,chart/chart
4621627,2425,ChampionsLeague,2024-10-02,7732,10235,Girona,Feyenoord,1811.16,1754.08,Girona,Feyenoord,chart/chart
4621584,2425,ChampionsLeague,2024-10-02,9728,8524,Shakhtar Donetsk,Atalanta,1691.61,1821.44,Shakhtar,atalanta,chart/chart
4621515,2425,ChampionsLeague,2024-10-02,10252,9823,Aston Villa,Bayern München,1814.07,1937.97,AstonVilla,Bayern,chart/chart
4621569,2425,ChampionsLeague,2024-10-02,9772,9906,Benfica,Atlético Madrid,1809.48,1893.44,benfica,atletico,chart/chart
4621638,2425,ChampionsLeague,2024-10-02,10156,9829,Dinamo Zagreb,Monaco,1651.41,1802.23,DinamoZagreb,Monaco,chart/chart
4621547,2425,ChampionsLeague,2024-10-02,8639,8633,Lille,Real Madrid,1767.43,2014.35,Lille,realmadrid,chart/chart
4621555,2425,ChampionsLeague,2024-10-02,8650,9857,Liverpool,Bologna,1966.93,1755.97,Liverpool,Bologna,chart/chart
4621518,2425,ChampionsLeague,2024-10-02,178475,9885,RB Leipzig,Juventus,1879.22,1842.64,RBLeipzig,Juventus,chart/chart
4621613,2425,ChampionsLeague,2024-10-02,10014,8342,Sturm Graz,Club Brugge,1674.41,1707.90,SturmGraz,Brugge,chart/chart
4621609,2425,ChampionsLeague,2024-10-22,8564,8342,Milan,Club Brugge,1812.68,1717.45,Milan,Brugge,chart/chart
4621646,2425,ChampionsLeague,2024-10-22,9829,8687,Monaco,FK Crvena Zvezda,1807.10,1680.39,Monaco,CrvenaZvezda,chart/chart
4621603,2425,ChampionsLeague,2024-10-22,9825,9728,Arsenal,Shakhtar Donetsk,1956.84,1685.72,Arsenal,Shakhtar,chart/chart
4621659,2425,ChampionsLeague,2024-10-22,10252,9857,Aston Villa,Bologna,1827.86,1749.73,AstonVilla,Bologna,chart/chart
4621653,2425,ChampionsLeague,2024-10-22,7732,6019,Girona,Slovan Bratislava,1797.08,1568.95,Girona,SlovanBratislava,chart/chart
4621594,2425,ChampionsLeague,2024-10-22,9885,10269,Juventus,VfB Stuttgart,1849.60,1808.23,Juventus,Stuttgart,chart/chart
4621577,2425,ChampionsLeague,2024-10-22,9847,8640,Paris Saint-Germain,PSV Eindhoven,1911.30,1826.71,ParisSG,PSV,chart/chart
4621529,2425,ChampionsLeague,2024-10-22,8633,9789,Real Madrid,Borussia Dortmund,2006.53,1873.89,realmadrid,Dortmund,chart/chart
4621631,2425,ChampionsLeague,2024-10-22,10014,9768,Sturm Graz,Sporting CP,1681.02,1861.63,SturmGraz,Sporting,chart/chart
4621585,2425,ChampionsLeague,2024-10-23,8524,9925,Atalanta,Celtic,1835.98,1700.05,atalanta,Celtic,chart/chart
4621564,2425,ChampionsLeague,2024-10-23,8521,8178,Brest,Bayer Leverkusen,1714.57,1917.71,Brest,Leverkusen,chart/chart
4621570,2425,ChampionsLeague,2024-10-23,9906,8639,Atlético Madrid,Lille,1881.75,1783.04,atletico,Lille,chart/chart
4621509,2425,ChampionsLeague,2024-10-23,8634,9823,Barcelona,Bayern München,1934.24,1935.72,Barcelona,Bayern,chart/chart
4621598,2425,ChampionsLeague,2024-10-23,9772,10235,Benfica,Feyenoord,1821.09,1769.51,benfica,Feyenoord,chart/chart
4621498,2425,ChampionsLeague,2024-10-23,8456,10247,Manchester City,Sparta Prague,2060.16,1733.81,ManCity,SpartaPraha,chart/chart
4621517,2425,ChampionsLeague,2024-10-23,178475,8650,RB Leipzig,Liverpool,1879.77,1976.50,RBLeipzig,Liverpool,chart/chart
4621637,2425,ChampionsLeague,2024-10-23,10013,10156,Salzburg,Dinamo Zagreb,1705.92,1651.12,rbsalzburg,DinamoZagreb,chart/chart
4621505,2425,ChampionsLeague,2024-10-23,10192,8636,Young Boys,Inter,1636.28,1936.68,YoungBoys,Inter,chart/chart
4621633,2425,ChampionsLeague,2024-11-05,8640,7732,PSV Eindhoven,Girona,1825.94,1795.49,PSV,Girona,chart/chart
4621639,2425,ChampionsLeague,2024-11-05,6019,10156,Slovan Bratislava,Dinamo Zagreb,1571.36,1652.45,SlovanBratislava,DinamoZagreb,chart/chart
4621655,2425,ChampionsLeague,2024-11-05,9857,9829,Bologna,Monaco,1752.73,1792.04,Bologna,Monaco,chart/chart
4621534,2425,ChampionsLeague,2024-11-05,9789,10014,Borussia Dortmund,Sturm Graz,1858.48,1676.60,Dortmund,SturmGraz,chart/chart
4621521,2425,ChampionsLeague,2024-11-05,9925,178475,Celtic,RB Leipzig,1712.23,1875.87,Celtic,RBLeipzig,chart/chart
4621593,2425,ChampionsLeague,2024-11-05,8639,9885,Lille,Juventus,1799.90,1843.05,Lille,Juventus,chart/chart
4621551,2425,ChampionsLeague,2024-11-05,8650,8178,Liverpool,Bayer Leverkusen,1988.21,1911.51,Liverpool,Leverkusen,chart/chart
4621544,2425,ChampionsLeague,2024-11-05,8633,8564,Real Madrid,Milan,1997.55,1810.78,realmadrid,Milan,chart/chart
4621497,2425,ChampionsLeague,2024-11-05,9768,8456,Sporting CP,Manchester City,1871.35,2045.90,Sporting,ManCity,chart/chart
4621612,2425,ChampionsLeague,2024-11-06,8342,10252,Club Brugge,Aston Villa,1718.51,1818.57,Brugge,AstonVilla,chart/chart
4621614,2425,ChampionsLeague,2024-11-06,9728,10192,Shakhtar Donetsk,Young Boys,1685.89,1629.88,Shakhtar,YoungBoys,chart/chart
4621624,2425,ChampionsLeague,2024-11-06,10235,10013,Feyenoord,Salzburg,1776.60,1684.95,Feyenoord,rbsalzburg,chart/chart
4621539,2425,ChampionsLeague,2024-11-06,8687,8634,FK Crvena Zvezda,Barcelona,1675.33,1955.77,CrvenaZvezda,Barcelona,chart/chart
4621502,2425,ChampionsLeague,2024-11-06,8636,9825,Inter,Arsenal,1939.40,1955.29,Inter,Arsenal,chart/chart
4621568,2425,ChampionsLeague,2024-11-06,9847,9906,Paris Saint-Germain,Atlético Madrid,1914.86,1866.33,ParisSG,atletico,chart/chart
4621656,2425,ChampionsLeague,2024-11-06,10247,8521,Sparta Prague,Brest,1710.89,1714.40,SpartaPraha,Brest,chart/chart
4621588,2425,ChampionsLeague,2024-11-06,10269,8524,VfB Stuttgart,Atalanta,1821.26,1846.57,Stuttgart,atalanta,chart/chart
4621510,2425,ChampionsLeague,2024-11-06,9823,9772,Bayern München,Benfica,1940.40,1811.79,Bayern,benfica,chart/chart
4621623,2425,ChampionsLeague,2024-11-26,6019,8564,Slovan Bratislava,Milan,1558.90,1822.55,SlovanBratislava,Milan,chart/chart
4621573,2425,ChampionsLeague,2024-11-26,10247,9906,Sparta Prague,Atlético Madrid,1694.49,1878.71,SpartaPraha,atletico,chart/chart
4621540,2425,ChampionsLeague,2024-11-26,8634,8521,Barcelona,Brest,1948.79,1708.51,Barcelona,Brest,chart/chart
4621561,2425,ChampionsLeague,2024-11-26,8178,10013,Bayer Leverkusen,Salzburg,1903.76,1678.73,Leverkusen,rbsalzburg,chart/chart
4621508,2425,ChampionsLeague,2024-11-26,9823,9847,Bayern München,Paris Saint-Germain,1945.90,1911.87,Bayern,ParisSG,chart/chart
4621501,2425,ChampionsLeague,2024-11-26,8636,178475,Inter,RB Leipzig,1944.80,1854.34,Inter,RBLeipzig,chart/chart
4621496,2425,ChampionsLeague,2024-11-26,8456,10235,Manchester City,Feyenoord,2007.56,1770.88,ManCity,Feyenoord,chart/chart
4621605,2425,ChampionsLeague,2024-11-26,9768,9825,Sporting CP,Arsenal,1887.93,1952.05,Sporting,Arsenal,chart/chart
4621586,2425,ChampionsLeague,2024-11-26,10192,8524,Young Boys,Atalanta,1625.95,1860.07,YoungBoys,atalanta,chart/chart
4621645,2425,ChampionsLeague,2024-11-27,8687,10269,FK Crvena Zvezda,VfB Stuttgart,1674.52,1808.12,CrvenaZvezda,Stuttgart,chart/chart
4621662,2425,ChampionsLeague,2024-11-27,10014,7732,Sturm Graz,Girona,1686.33,1797.27,SturmGraz,Girona,chart/chart
4621595,2425,ChampionsLeague,2024-11-27,10252,9885,Aston Villa,Juventus,1808.42,1848.43,AstonVilla,Juventus,chart/chart
4621643,2425,ChampionsLeague,2024-11-27,9857,8639,Bologna,Lille,1748.00,1801.97,Bologna,Lille,chart/chart
4621611,2425,ChampionsLeague,2024-11-27,9925,8342,Celtic,Club Brugge,1728.30,1723.14,Celtic,Brugge,chart/chart
4621533,2425,ChampionsLeague,2024-11-27,10156,9789,Dinamo Zagreb,Borussia Dortmund,1655.41,1855.73,DinamoZagreb,Dortmund,chart/chart
4621543,2425,ChampionsLeague,2024-11-27,8650,8633,Liverpool,Real Madrid,1996.89,1987.30,Liverpool,realmadrid,chart/chart
4621601,2425,ChampionsLeague,2024-11-27,9829,9772,Monaco,Benfica,1806.85,1818.86,Monaco,benfica,chart/chart
4621615,2425,ChampionsLeague,2024-11-27,8640,9728,PSV Eindhoven,Shakhtar Donetsk,1837.08,1690.97,PSV,Shakhtar,chart/chart
4621636,2425,ChampionsLeague,2024-12-10,10156,9925,Dinamo Zagreb,Celtic,1638.94,1733.12,DinamoZagreb,Celtic,chart/chart
4621556,2425,ChampionsLeague,2024-12-10,7732,8650,Girona,Liverpool,1782.15,2007.33,Girona,Liverpool,chart/chart
4621545,2425,ChampionsLeague,2024-12-10,8524,8633,Atalanta,Real Madrid,1874.43,1982.63,atalanta,realmadrid,chart/chart
4621503,2425,ChampionsLeague,2024-12-10,8178,8636,Bayer Leverkusen,Inter,1915.89,1950.37,Leverkusen,Inter,chart/chart
4621634,2425,ChampionsLeague,2024-12-10,8521,8640,Brest,PSV Eindhoven,1704.25,1846.38,Brest,PSV,chart/chart
4621610,2425,ChampionsLeague,2024-12-10,8342,9768,Club Brugge,Sporting CP,1731.47,1852.15,Brugge,Sporting,chart/chart
4621522,2425,ChampionsLeague,2024-12-10,178475,10252,RB Leipzig,Aston Villa,1842.89,1811.43,RBLeipzig,AstonVilla,chart/chart
4621578,2425,ChampionsLeague,2024-12-10,10013,9847,Salzburg,Paris Saint-Germain,1673.62,1897.70,rbsalzburg,ParisSG,chart/chart
4621511,2425,ChampionsLeague,2024-12-10,9728,9823,Shakhtar Donetsk,Bayern München,1683.59,1943.16,Shakhtar,Bayern,chart/chart
4621572,2425,ChampionsLeague,2024-12-11,9906,6019,Atlético Madrid,Slovan Bratislava,1895.23,1557.10,atletico,SlovanBratislava,chart/chart
4621642,2425,ChampionsLeague,2024-12-11,8639,10014,Lille,Sturm Graz,1807.32,1687.92,Lille,SturmGraz,chart/chart
4621620,2425,ChampionsLeague,2024-12-11,8564,8687,Milan,FK Crvena Zvezda,1830.89,1693.84,Milan,CrvenaZvezda,chart/chart
4621606,2425,ChampionsLeague,2024-12-11,9825,9829,Arsenal,Monaco,1968.01,1798.09,Arsenal,Monaco,chart/chart
4621600,2425,ChampionsLeague,2024-12-11,9772,9857,Benfica,Bologna,1830.99,1755.81,benfica,Bologna,chart/chart
4621528,2425,ChampionsLeague,2024-12-11,9789,8634,Borussia Dortmund,Barcelona,1859.44,1941.16,Dortmund,Barcelona,chart/chart
4621626,2425,ChampionsLeague,2024-12-11,10235,10247,Feyenoord,Sparta Prague,1770.72,1686.10,Feyenoord,SpartaPraha,chart/chart
4621495,2425,ChampionsLeague,2024-12-11,9885,8456,Juventus,Manchester City,1843.79,1995.75,Juventus,ManCity,chart/chart
4621649,2425,ChampionsLeague,2024-12-11,10269,10192,VfB Stuttgart,Young Boys,1800.99,1613.66,Stuttgart,YoungBoys,chart/chart
4621587,2425,ChampionsLeague,2025-01-21,8524,10014,Atalanta,Sturm Graz,1863.24,1683.68,atalanta,SturmGraz,chart/chart
4621654,2425,ChampionsLeague,2025-01-21,9829,10252,Monaco,Aston Villa,1771.22,1828.69,Monaco,AstonVilla,chart/chart
4621560,2425,ChampionsLeague,2025-01-21,9906,8178,Atlético Madrid,Bayer Leverkusen,1904.35,1933.57,atletico,Leverkusen,chart/chart
4621537,2425,ChampionsLeague,2025-01-21,9772,8634,Benfica,Barcelona,1816.05,1945.52,benfica,Barcelona,chart/chart
4621535,2425,ChampionsLeague,2025-01-21,9857,9789,Bologna,Borussia Dortmund,1767.53,1832.01,Bologna,Dortmund,chart/chart
4621591,2425,ChampionsLeague,2025-01-21,8342,9885,Club Brugge,Juventus,1758.72,1850.37,Brugge,Juventus,chart/chart
4621632,2425,ChampionsLeague,2025-01-21,8687,8640,FK Crvena Zvezda,PSV Eindhoven,1696.62,1806.45,CrvenaZvezda,PSV,chart/chart
4621553,2425,ChampionsLeague,2025-01-21,8650,8639,Liverpool,Lille,2009.56,1806.81,Liverpool,Lille,chart/chart
4621652,2425,ChampionsLeague,2025-01-21,6019,10269,Slovan Bratislava,VfB Stuttgart,1556.87,1812.66,SlovanBratislava,Stuttgart,chart/chart
4621520,2425,ChampionsLeague,2025-01-22,178475,9768,RB Leipzig,Sporting CP,1828.56,1845.07,RBLeipzig,Sporting,chart/chart
4621616,2425,ChampionsLeague,2025-01-22,9728,8521,Shakhtar Donetsk,Brest,1668.73,1717.42,Shakhtar,Brest,chart/chart
4621622,2425,ChampionsLeague,2025-01-22,8564,7732,Milan,Girona,1836.52,1777.19,Milan,Girona,chart/chart
4621604,2425,ChampionsLeague,2025-01-22,9825,10156,Arsenal,Dinamo Zagreb,1963.74,1631.33,Arsenal,DinamoZagreb,chart/chart
4621647,2425,ChampionsLeague,2025-01-22,9925,10192,Celtic,Young Boys,1721.90,1608.86,Celtic,YoungBoys,chart/chart
4621513,2425,ChampionsLeague,2025-01-22,10235,9823,Feyenoord,Bayern München,1757.30,1950.25,Feyenoord,Bayern,chart/chart
4621493,2425,ChampionsLeague,2025-01-22,9847,8456,Paris Saint-Germain,Manchester City,1913.71,1976.97,ParisSG,ManCity,chart/chart
4621546,2425,ChampionsLeague,2025-01-22,8633,10013,Real Madrid,Salzburg,1981.47,1668.58,realmadrid,rbsalzburg,chart/chart
4621507,2425,ChampionsLeague,2025-01-22,10247,8636,Sparta Prague,Inter,1683.33,1956.27,SpartaPraha,Inter,chart/chart
4621651,2425,ChampionsLeague,2025-01-29,10252,9925,Aston Villa,Celtic,1822.21,1724.27,AstonVilla,Celtic,chart/chart
4621536,2425,ChampionsLeague,2025-01-29,8634,8524,Barcelona,Atalanta,1950.71,1868.83,Barcelona,atalanta,chart/chart
4621563,2425,ChampionsLeague,2025-01-29,8178,10247,Bayer Leverkusen,Sparta Prague,1927.43,1679.88,Leverkusen,SpartaPraha,chart/chart
4621514,2425,ChampionsLeague,2025-01-29,9823,6019,Bayern München,Slovan Bratislava,1940.52,1553.19,Bayern,SlovanBratislava,chart/chart
4621530,2425,ChampionsLeague,2025-01-29,9789,9728,Borussia Dortmund,Shakhtar Donetsk,1823.12,1677.11,Dortmund,Shakhtar,chart/chart
4621549,2425,ChampionsLeague,2025-01-29,8521,8633,Brest,Real Madrid,1714.42,1983.90,Brest,realmadrid,chart/chart
4621621,2425,ChampionsLeague,2025-01-29,10156,8564,Dinamo Zagreb,Milan,1629.90,1840.87,DinamoZagreb,Milan,chart/chart
4621607,2425,ChampionsLeague,2025-01-29,7732,9825,Girona,Arsenal,1767.78,1966.71,Girona,Arsenal,chart/chart
4621506,2425,ChampionsLeague,2025-01-29,8636,9829,Inter,Monaco,1960.57,1778.90,Inter,Monaco,chart/chart
4621590,2425,ChampionsLeague,2025-01-29,9885,9772,Juventus,Benfica,1846.12,1796.27,Juventus,benfica,chart/chart
4621625,2425,ChampionsLeague,2025-01-29,8639,10235,Lille,Feyenoord,1798.17,1770.42,Lille,Feyenoord,chart/chart
4621494,2425,ChampionsLeague,2025-01-29,8456,8342,Manchester City,Club Brugge,1973.89,1752.23,ManCity,Brugge,chart/chart
4621554,2425,ChampionsLeague,2025-01-29,8640,8650,PSV Eindhoven,Liverpool,1812.91,2011.78,PSV,Liverpool,chart/chart
4621571,2425,ChampionsLeague,2025-01-29,10013,9906,Salzburg,Atlético Madrid,1666.56,1903.40,rbsalzburg,atletico,chart/chart
4621630,2425,ChampionsLeague,2025-01-29,9768,9857,Sporting CP,Bologna,1841.23,1770.71,Sporting,Bologna,chart/chart
4621523,2425,ChampionsLeague,2025-01-29,10014,178475,Sturm Graz,RB Leipzig,1676.62,1832.02,SturmGraz,RBLeipzig,chart/chart
4621580,2425,ChampionsLeague,2025-01-29,10269,9847,VfB Stuttgart,Paris Saint-Germain,1807.08,1914.63,Stuttgart,ParisSG,chart/chart
4621644,2425,ChampionsLeague,2025-01-29,10192,8687,Young Boys,FK Crvena Zvezda,1604.49,1691.47,YoungBoys,CrvenaZvezda,chart/chart
4723908,2425,ChampionsLeague,2025-02-11,8521,9847,Brest,Paris Saint-Germain,1712.71,1929.25,Brest,ParisSG,chart/chart
4723904,2425,ChampionsLeague,2025-02-11,9885,8640,Juventus,PSV Eindhoven,1840.77,1812.64,Juventus,PSV,chart/chart
4723900,2425,ChampionsLeague,2025-02-11,8456,8633,Manchester City,Real Madrid,1969.88,1978.26,ManCity,realmadrid,chart/chart
4723898,2425,ChampionsLeague,2025-02-11,9768,9789,Sporting CP,Borussia Dortmund,1840.84,1821.87,Sporting,Dortmund,chart/chart
4723896,2425,ChampionsLeague,2025-02-12,8342,8524,Club Brugge,Atalanta,1743.72,1864.38,Brugge,atalanta,chart/chart
4723902,2425,ChampionsLeague,2025-02-12,9925,9823,Celtic,Bayern München,1723.34,1943.65,Celtic,Bayern,chart/chart
4723906,2425,ChampionsLeague,2025-02-12,10235,8564,Feyenoord,Milan,1756.05,1842.06,Feyenoord,Milan,chart/chart
4723910,2425,ChampionsLeague,2025-02-12,9829,9772,Monaco,Benfica,1774.16,1811.31,Monaco,benfica,chart/chart
4723907,2425,ChampionsLeague,2025-02-18,8564,10235,Milan,Feyenoord,1838.61,1757.59,Milan,Feyenoord,chart/chart
4723897,2425,ChampionsLeague,2025-02-18,8524,8342,Atalanta,Club Brugge,1854.26,1743.01,atalanta,Brugge,chart/chart
4723903,2425,ChampionsLeague,2025-02-18,9823,9925,Bayern München,Celtic,1948.33,1721.28,Bayern,Celtic,chart/chart
4723911,2425,ChampionsLeague,2025-02-18,9772,9829,Benfica,Monaco,1818.16,1773.32,benfica,Monaco,chart/chart
4723899,2425,ChampionsLeague,2025-02-19,9789,9768,Borussia Dortmund,Sporting CP,1822.59,1822.23,Dortmund,Sporting,chart/chart
4723909,2425,ChampionsLeague,2025-02-19,9847,8521,Paris Saint-Germain,Brest,1934.77,1705.26,ParisSG,Brest,chart/chart
4723905,2425,ChampionsLeague,2025-02-19,8640,9885,PSV Eindhoven,Juventus,1806.38,1848.68,PSV,Juventus,chart/chart
4723901,2425,ChampionsLeague,2025-02-19,8633,8456,Real Madrid,Manchester City,1981.19,1968.59,realmadrid,ManCity,chart/chart
4737548,2425,ChampionsLeague,2025-03-04,8342,10252,Club Brugge,Aston Villa,1745.88,1819.69,Brugge,AstonVilla,chart/chart
4737549,2425,ChampionsLeague,2025-03-04,9789,8639,Borussia Dortmund,Lille,1827.77,1793.48,Dortmund,Lille,chart/chart
4737552,2425,ChampionsLeague,2025-03-04,8640,9825,PSV Eindhoven,Arsenal,1794.81,1959.61,PSV,Arsenal,chart/chart
4737550,2425,ChampionsLeague,2025-03-04,8633,9906,Real Madrid,Atlético Madrid,1981.46,1921.77,realmadrid,atletico,chart/chart
4737553,2425,ChampionsLeague,2025-03-05,10235,8636,Feyenoord,Inter,1756.01,1944.33,Feyenoord,Inter,chart/chart
4737551,2425,ChampionsLeague,2025-03-05,9823,8178,Bayern München,Bayer Leverkusen,1949.11,1930.72,Bayern,Leverkusen,chart/chart
4737555,2425,ChampionsLeague,2025-03-05,9772,8634,Benfica,Barcelona,1816.35,1964.33,benfica,Barcelona,chart/chart
4737554,2425,ChampionsLeague,2025-03-05,9847,8650,Paris Saint-Germain,Liverpool,1943.40,2002.98,ParisSG,Liverpool,chart/chart
4737563,2425,ChampionsLeague,2025-03-11,8634,9772,Barcelona,Benfica,1967.67,1815.10,Barcelona,benfica,chart/chart
4737559,2425,ChampionsLeague,2025-03-11,8178,9823,Bayer Leverkusen,Bayern München,1912.38,1942.74,Leverkusen,Bayern,chart/chart
4737561,2425,ChampionsLeague,2025-03-11,8636,10235,Inter,Feyenoord,1949.60,1750.61,Inter,Feyenoord,chart/chart
4737562,2425,ChampionsLeague,2025-03-11,8650,9847,Liverpool,Paris Saint-Germain,2008.77,1942.32,Liverpool,ParisSG,chart/chart
4737557,2425,ChampionsLeague,2025-03-12,8639,9789,Lille,Borussia Dortmund,1796.55,1819.24,Lille,Dortmund,chart/chart
4737560,2425,ChampionsLeague,2025-03-12,9825,8640,Arsenal,PSV Eindhoven,1966.98,1787.03,Arsenal,PSV,chart/chart
4737556,2425,ChampionsLeague,2025-03-12,10252,8342,Aston Villa,Club Brugge,1830.92,1741.69,AstonVilla,Brugge,chart/chart
4737558,2425,ChampionsLeague,2025-03-12,9906,8633,Atlético Madrid,Real Madrid,1911.44,1984.33,atletico,realmadrid,chart/chart
4737568,2425,ChampionsLeague,2025-04-08,9825,8633,Arsenal,Real Madrid,1965.53,1967.81,Arsenal,realmadrid,chart/chart
4737570,2425,ChampionsLeague,2025-04-08,9823,8636,Bayern München,Inter,1950.14,1950.06,Bayern,Inter,chart/chart
4737569,2425,ChampionsLeague,2025-04-09,8634,9789,Barcelona,Borussia Dortmund,1981.49,1830.25,Barcelona,Dortmund,chart/chart
4737567,2425,ChampionsLeague,2025-04-09,9847,10252,Paris Saint-Germain,Aston Villa,1956.96,1849.92,ParisSG,AstonVilla,chart/chart
4737571,2425,ChampionsLeague,2025-04-15,10252,9847,Aston Villa,Paris Saint-Germain,1850.61,1959.92,AstonVilla,ParisSG,chart/chart
4737573,2425,ChampionsLeague,2025-04-15,9789,8634,Borussia Dortmund,Barcelona,1829.13,1986.14,Dortmund,Barcelona,chart/chart
4737574,2425,ChampionsLeague,2025-04-16,8636,9823,Inter,Bayern München,1957.09,1941.06,Inter,Bayern,chart/chart
4737572,2425,ChampionsLeague,2025-04-16,8633,9825,Real Madrid,Arsenal,1963.98,1967.73,realmadrid,Arsenal,chart/chart
4737575,2425,ChampionsLeague,2025-04-29,9825,9847,Arsenal,Paris Saint-Germain,1972.35,1937.63,Arsenal,ParisSG,chart/chart
4737576,2425,ChampionsLeague,2025-04-30,8634,8636,Barcelona,Inter,1981.45,1928.22,Barcelona,Inter,chart/chart
4737578,2425,ChampionsLeague,2025-05-06,8636,8634,Inter,Barcelona,1930.83,1979.85,Inter,Barcelona,chart/chart
4737577,2425,ChampionsLeague,2025-05-07,9847,9825,Paris Saint-Germain,Arsenal,1936.27,1959.84,ParisSG,Arsenal,chart/chart
4737579,2425,ChampionsLeague,2025-05-31,9847,8636,Paris Saint-Germain,Inter,1945.69,1935.17,ParisSG,Inter,chart/chart
4947178,2526,ChampionsLeague,2025-09-16,8315,9825,Athletic Club,Arsenal,1824.32,1970.19,athletic-club,Arsenal,chart/chart
4947237,2526,ChampionsLeague,2025-09-16,8640,7978,PSV Eindhoven,Union St.Gilloise,1788.86,1760.92,PSV,StGillis,chart/chart
4947188,2526,ChampionsLeague,2025-09-16,9772,7981,Benfica,Qarabağ FK,1835.64,1603.41,benfica,KarabakhAgdam,chart/chart
4947134,2526,ChampionsLeague,2025-09-16,9885,9789,Juventus,Borussia Dortmund,1829.67,1858.56,Juventus,Dortmund,chart/chart
4947120,2526,ChampionsLeague,2025-09-16,8633,8592,Real Madrid,Marseille,1967.31,1776.00,realmadrid,Marseille,chart/chart
4947209,2526,ChampionsLeague,2025-09-16,8586,10205,Tottenham Hotspur,Villarreal,1828.41,1817.13,Tottenham,Villarreal,chart/chart
4947230,2526,ChampionsLeague,2025-09-17,8638,2137,Olympiacos,Pafos FC,1730.59,1595.33,Olympiakos,Paphos,chart/chart
4947222,2526,ChampionsLeague,2025-09-17,7787,8402,Slavia Prague,Bodø/Glimt,1749.66,1687.78,SlaviaPraha,BodoeGlimt,chart/chart
4947129,2526,ChampionsLeague,2025-09-17,8593,8636,Ajax,Inter,1705.99,1899.55,Ajax,Inter,chart/chart
4947101,2526,ChampionsLeague,2025-09-17,9823,8455,Bayern München,Chelsea,1956.23,1905.81,Bayern,Chelsea,chart/chart
4947139,2526,ChampionsLeague,2025-09-17,8650,9906,Liverpool,Atlético Madrid,1992.65,1889.27,Liverpool,atletico,chart/chart
4947154,2526,ChampionsLeague,2025-09-17,9847,8524,Paris Saint-Germain,Atalanta,1964.04,1830.19,ParisSG,atalanta,chart/chart
4947192,2526,ChampionsLeague,2025-09-18,8342,9829,Club Brugge,Monaco,1767.09,1779.50,Brugge,Monaco,chart/chart
4947172,2526,ChampionsLeague,2025-09-18,8391,8178,FC København,Bayer Leverkusen,1677.66,1871.69,FCKobenhavn,Leverkusen,chart/chart
4947197,2526,ChampionsLeague,2025-09-18,9810,8637,Eintracht Frankfurt,Galatasaray,1783.42,1810.84,Frankfurt,Galatasaray,chart/chart
4947162,2526,ChampionsLeague,2025-09-18,8456,9875,Manchester City,Napoli,1956.27,1840.69,ManCity,Napoli,chart/chart
4947153,2526,ChampionsLeague,2025-09-18,10261,8634,Newcastle United,Barcelona,1886.70,1979.40,Newcastle,Barcelona,chart/chart
4947226,2526,ChampionsLeague,2025-09-18,9768,8037,Sporting CP,Kairat Almaty,1833.77,,Sporting,,chart/none
4947179,2526,ChampionsLeague,2025-09-30,8524,8342,Atalanta,Club Brugge,1831.16,1774.28,atalanta,Brugge,chart/chart
4947123,2526,ChampionsLeague,2025-09-30,8037,8633,Kairat Almaty,Real Madrid,,1964.43,,realmadrid,none/chart
4947194,2526,ChampionsLeague,2025-09-30,9906,9810,Atlético Madrid,Eintracht Frankfurt,1893.23,1790.04,atletico,Frankfurt,chart/chart
4947219,2526,ChampionsLeague,2025-09-30,8402,8586,Bodø/Glimt,Tottenham Hotspur,1688.41,1831.03,BodoeGlimt,Tottenham,chart/chart
4947110,2526,ChampionsLeague,2025-09-30,8455,9772,Chelsea,Benfica,1888.52,1819.77,Chelsea,benfica,chart/chart
4947144,2526,ChampionsLeague,2025-09-30,8637,8650,Galatasaray,Liverpool,1803.68,1989.85,Galatasaray,Liverpool,chart/chart
4947128,2526,ChampionsLeague,2025-09-30,8636,7787,Inter,Slavia Prague,1907.43,1744.14,Inter,SlaviaPraha,chart/chart
4947214,2526,ChampionsLeague,2025-09-30,8592,8593,Marseille,Ajax,1787.83,1702.17,Marseille,Ajax,chart/chart
4947108,2526,ChampionsLeague,2025-09-30,2137,9823,Pafos FC,Bayern München,1604.57,1967.00,Paphos,Bayern,chart/chart
4947246,2526,ChampionsLeague,2025-10-01,7981,8391,Qarabağ FK,FC København,1619.98,1678.43,KarabakhAgdam,FCKobenhavn,chart/chart
4947250,2526,ChampionsLeague,2025-10-01,7978,10261,Union St.Gilloise,Newcastle United,1778.23,1877.82,StGillis,Newcastle,chart/chart
4947175,2526,ChampionsLeague,2025-10-01,9825,8638,Arsenal,Olympiacos,1978.14,1727.74,Arsenal,Olympiakos,chart/chart
4947145,2526,ChampionsLeague,2025-10-01,8634,9847,Barcelona,Paris Saint-Germain,1988.12,1962.53,Barcelona,ParisSG,chart/chart
4947169,2526,ChampionsLeague,2025-10-01,8178,8640,Bayer Leverkusen,PSV Eindhoven,1868.64,1774.90,Leverkusen,PSV,chart/chart
4947137,2526,ChampionsLeague,2025-10-01,9789,8315,Borussia Dortmund,Athletic Club,1867.48,1800.72,Dortmund,athletic-club,chart/chart
4947165,2526,ChampionsLeague,2025-10-01,9829,8456,Monaco,Manchester City,1764.81,1964.08,Monaco,ManCity,chart/chart
4947225,2526,ChampionsLeague,2025-10-01,9875,9768,Napoli,Sporting CP,1832.05,1839.89,Napoli,Sporting,chart/chart
4947199,2526,ChampionsLeague,2025-10-01,10205,9885,Villarreal,Juventus,1823.35,1823.94,Villarreal,Juventus,chart/chart
4947148,2526,ChampionsLeague,2025-10-21,8634,8638,Barcelona,Olympiacos,1968.56,1718.10,Barcelona,Olympiakos,chart/chart
4947251,2526,ChampionsLeague,2025-10-21,8037,2137,Kairat Almaty,Pafos FC,,1610.35,,Paphos,none/chart
4947173,2526,ChampionsLeague,2025-10-21,9825,9906,Arsenal,Atlético Madrid,1984.43,1898.53,Arsenal,atletico,chart/chart
4947155,2526,ChampionsLeague,2025-10-21,8178,9847,Bayer Leverkusen,Paris Saint-Germain,1871.10,1963.53,Leverkusen,ParisSG,chart/chart
4947138,2526,ChampionsLeague,2025-10-21,8391,9789,FC København,Borussia Dortmund,1662.09,1866.59,FCKobenhavn,Dortmund,chart/chart
4947189,2526,ChampionsLeague,2025-10-21,10261,9772,Newcastle United,Benfica,1884.77,1817.45,Newcastle,benfica,chart/chart
4947236,2526,ChampionsLeague,2025-10-21,8640,9875,PSV Eindhoven,Napoli,1781.39,1831.87,PSV,Napoli,chart/chart
4947131,2526,ChampionsLeague,2025-10-21,7978,8636,Union St.Gilloise,Inter,1764.47,1917.35,StGillis,Inter,chart/chart
4947161,2526,ChampionsLeague,2025-10-21,10205,8456,Villarreal,Manchester City,1817.59,1967.43,Villarreal,ManCity,chart/chart
4947244,2526,ChampionsLeague,2025-10-22,8315,7981,Athletic Club,Qarabağ FK,1798.88,1631.01,athletic-club,KarabakhAgdam,chart/chart
4947224,2526,ChampionsLeague,2025-10-22,8637,8402,Galatasaray,Bodø/Glimt,1810.15,1695.07,Galatasaray,BodoeGlimt,chart/chart
4947181,2526,ChampionsLeague,2025-10-22,8524,7787,Atalanta,Slavia Prague,1829.91,1732.81,atalanta,SlaviaPraha,chart/chart
4947103,2526,ChampionsLeague,2025-10-22,9823,8342,Bayern München,Club Brugge,1976.38,1774.33,Bayern,Brugge,chart/chart
4947112,2526,ChampionsLeague,2025-10-22,8455,8593,Chelsea,Ajax,1901.38,1682.66,Chelsea,Ajax,chart/chart
4947140,2526,ChampionsLeague,2025-10-22,9810,8650,Eintracht Frankfurt,Liverpool,1779.02,1967.51,Frankfurt,Liverpool,chart/chart
4947221,2526,ChampionsLeague,2025-10-22,9829,8586,Monaco,Tottenham Hotspur,1764.20,1827.68,Monaco,Tottenham,chart/chart
4947118,2526,ChampionsLeague,2025-10-22,8633,9885,Real Madrid,Juventus,1971.63,1815.57,realmadrid,Juventus,chart/chart
4947215,2526,ChampionsLeague,2025-10-22,9768,8592,Sporting CP,Marseille,1832.96,1804.67,Sporting,Marseille,chart/chart
4947176,2526,ChampionsLeague,2025-11-04,7787,9825,Slavia Prague,Arsenal,1740.45,1998.08,SlaviaPraha,Arsenal,chart/chart
4947196,2526,ChampionsLeague,2025-11-04,9875,9810,Napoli,Eintracht Frankfurt,1829.99,1774.12,Napoli,Frankfurt,chart/chart
4947206,2526,ChampionsLeague,2025-11-04,9906,7978,Atlético Madrid,Union St.Gilloise,1901.87,1761.98,atletico,StGillis,chart/chart
4947223,2526,ChampionsLeague,2025-11-04,8402,9829,Bodø/Glimt,Monaco,1689.27,1758.58,BodoeGlimt,Monaco,chart/chart
4947200,2526,ChampionsLeague,2025-11-04,9885,9768,Juventus,Sporting CP,1814.17,1840.18,Juventus,Sporting,chart/chart
4947117,2526,ChampionsLeague,2025-11-04,8650,8633,Liverpool,Real Madrid,1954.60,1979.48,Liverpool,realmadrid,chart/chart
4947228,2526,ChampionsLeague,2025-11-04,8638,8640,Olympiacos,PSV Eindhoven,1721.98,1794.39,Olympiakos,PSV,chart/chart
4947102,2526,ChampionsLeague,2025-11-04,9847,9823,Paris Saint-Germain,Bayern München,1964.77,1988.63,ParisSG,Bayern,chart/chart
4947220,2526,ChampionsLeague,2025-11-04,8586,8391,Tottenham Hotspur,FC København,1824.83,1655.90,Tottenham,FCKobenhavn,chart/chart
4947211,2526,ChampionsLeague,2025-11-05,2137,10205,Pafos FC,Villarreal,1606.93,1817.04,Paphos,Villarreal,chart/chart
4947115,2526,ChampionsLeague,2025-11-05,7981,8455,Qarabağ FK,Chelsea,1620.88,1898.44,KarabakhAgdam,Chelsea,chart/chart
4947232,2526,ChampionsLeague,2025-11-05,8593,8637,Ajax,Galatasaray,1676.97,1809.67,Ajax,Galatasaray,chart/chart
4947168,2526,ChampionsLeague,2025-11-05,9772,8178,Benfica,Bayer Leverkusen,1817.08,1861.75,benfica,Leverkusen,chart/chart
4947147,2526,ChampionsLeague,2025-11-05,8342,8634,Club Brugge,Barcelona,1773.25,1968.94,Brugge,Barcelona,chart/chart
4947130,2526,ChampionsLeague,2025-11-05,8636,8037,Inter,Kairat Almaty,1920.93,,Inter,,chart/none
4947132,2526,ChampionsLeague,2025-11-05,8456,9789,Manchester City,Borussia Dortmund,1969.96,1872.67,ManCity,Dortmund,chart/chart
4947182,2526,ChampionsLeague,2025-11-05,8592,8524,Marseille,Atalanta,1798.92,1815.27,Marseille,atalanta,chart/chart
4947245,2526,ChampionsLeague,2025-11-05,10261,8315,Newcastle United,Athletic Club,1885.56,1795.55,Newcastle,athletic-club,chart/chart
4947187,2526,ChampionsLeague,2025-11-25,8593,9772,Ajax,Benfica,1651.82,1804.29,Ajax,benfica,chart/chart
4947249,2526,ChampionsLeague,2025-11-25,8637,7978,Galatasaray,Union St.Gilloise,1808.20,1759.91,Galatasaray,StGillis,chart/chart
4947201,2526,ChampionsLeague,2025-11-25,8402,9885,Bodø/Glimt,Juventus,1688.23,1810.01,BodoeGlimt,Juventus,chart/chart
4947133,2526,ChampionsLeague,2025-11-25,9789,10205,Borussia Dortmund,Villarreal,1864.83,1818.98,Dortmund,Villarreal,chart/chart
4947109,2526,ChampionsLeague,2025-11-25,8455,8634,Chelsea,Barcelona,1903.34,1974.42,Chelsea,Barcelona,chart/chart
4947160,2526,ChampionsLeague,2025-11-25,8456,8178,Manchester City,Bayer Leverkusen,1975.53,1877.69,ManCity,Leverkusen,chart/chart
4947216,2526,ChampionsLeague,2025-11-25,8592,10261,Marseille,Newcastle United,1804.14,1889.15,Marseille,Newcastle,chart/chart
4947234,2526,ChampionsLeague,2025-11-25,7787,8315,Slavia Prague,Athletic Club,1744.35,1790.65,SlaviaPraha,athletic-club,chart/chart
4947239,2526,ChampionsLeague,2025-11-25,9875,7981,Napoli,Qarabağ FK,1827.61,1626.65,Napoli,KarabakhAgdam,chart/chart
4947252,2526,ChampionsLeague,2025-11-26,8391,8037,FC København,Kairat Almaty,1644.10,,FCKobenhavn,,chart/none
4947248,2526,ChampionsLeague,2025-11-26,2137,9829,Pafos FC,Monaco,1614.80,1742.18,Paphos,Monaco,chart/chart
4947104,2526,ChampionsLeague,2025-11-26,9825,9823,Arsenal,Bayern München,2002.34,1995.24,Arsenal,Bayern,chart/chart
4947127,2526,ChampionsLeague,2025-11-26,9906,8636,Atlético Madrid,Inter,1909.38,1917.35,atletico,Inter,chart/chart
4947180,2526,ChampionsLeague,2025-11-26,9810,8524,Eintracht Frankfurt,Atalanta,1786.04,1800.89,Frankfurt,atalanta,chart/chart
4947141,2526,ChampionsLeague,2025-11-26,8650,8640,Liverpool,PSV Eindhoven,1936.96,1800.58,Liverpool,PSV,chart/chart
4947121,2526,ChampionsLeague,2025-11-26,8638,8633,Olympiacos,Real Madrid,1726.35,1968.45,Olympiakos,realmadrid,chart/chart
4947156,2526,ChampionsLeague,2025-11-26,9847,8586,Paris Saint-Germain,Tottenham Hotspur,1962.85,1825.33,ParisSG,Tottenham,chart/chart
4947191,2526,ChampionsLeague,2025-11-26,9768,8342,Sporting CP,Club Brugge,1841.03,1771.84,Sporting,Brugge,chart/chart
4947231,2526,ChampionsLeague,2025-12-09,8037,8638,Kairat Almaty,Olympiacos,,1727.86,,Olympiakos,none/chart
4947105,2526,ChampionsLeague,2025-12-09,9823,9768,Bayern München,Sporting CP,1997.90,1849.02,Bayern,Sporting,chart/chart
4947111,2526,ChampionsLeague,2025-12-09,8524,8455,Atalanta,Chelsea,1807.17,1898.10,atalanta,Chelsea,chart/chart
4947146,2526,ChampionsLeague,2025-12-09,8634,9810,Barcelona,Eintracht Frankfurt,1973.14,1765.02,Barcelona,Frankfurt,chart/chart
4947124,2526,ChampionsLeague,2025-12-09,8636,8650,Inter,Liverpool,1922.00,1915.40,Inter,Liverpool,chart/chart
4947247,2526,ChampionsLeague,2025-12-09,9829,8637,Monaco,Galatasaray,1745.93,1800.15,Monaco,Galatasaray,chart/chart
4947205,2526,ChampionsLeague,2025-12-09,8640,9906,PSV Eindhoven,Atlético Madrid,1818.37,1901.80,PSV,atletico,chart/chart
4947218,2526,ChampionsLeague,2025-12-09,8586,7787,Tottenham Hotspur,Slavia Prague,1821.19,1749.93,Tottenham,SlaviaPraha,chart/chart
4947217,2526,ChampionsLeague,2025-12-09,7978,8592,Union St.Gilloise,Marseille,1760.18,1803.22,StGillis,Marseille,chart/chart
4947233,2526,ChampionsLeague,2025-12-10,7981,8593,Qarabağ FK,Ajax,1621.27,1652.68,KarabakhAgdam,Ajax,chart/chart
4947210,2526,ChampionsLeague,2025-12-10,10205,8391,Villarreal,FC København,1818.03,1627.68,Villarreal,FCKobenhavn,chart/chart
4947159,2526,ChampionsLeague,2025-12-10,8315,9847,Athletic Club,Paris Saint-Germain,1794.39,1962.54,athletic-club,ParisSG,chart/chart
4947171,2526,ChampionsLeague,2025-12-10,8178,10261,Bayer Leverkusen,Newcastle United,1875.80,1889.30,Leverkusen,Newcastle,chart/chart
4947186,2526,ChampionsLeague,2025-12-10,9772,9875,Benfica,Napoli,1811.48,1835.60,benfica,Napoli,chart/chart
4947135,2526,ChampionsLeague,2025-12-10,9789,8402,Borussia Dortmund,Bodø/Glimt,1872.97,1686.70,Dortmund,BodoeGlimt,chart/chart
4947174,2526,ChampionsLeague,2025-12-10,8342,9825,Club Brugge,Arsenal,1754.77,2000.71,Brugge,Arsenal,chart/chart
4947202,2526,ChampionsLeague,2025-12-10,9885,2137,Juventus,Pafos FC,1816.00,1619.81,Juventus,Paphos,chart/chart
4947116,2526,ChampionsLeague,2025-12-10,8633,8456,Real Madrid,Manchester City,1954.84,1968.41,realmadrid,ManCity,chart/chart
4947193,2526,ChampionsLeague,2026-01-20,8037,8342,Kairat Almaty,Club Brugge,,1740.51,,Brugge,none/chart
4947163,2526,ChampionsLeague,2026-01-20,8402,8456,Bodø/Glimt,Manchester City,1690.71,1975.77,BodoeGlimt,ManCity,chart/chart
4947240,2526,ChampionsLeague,2026-01-20,8391,9875,FC København,Napoli,1638.79,1839.20,FCKobenhavn,Napoli,chart/chart
4947126,2526,ChampionsLeague,2026-01-20,8636,9825,Inter,Arsenal,1927.05,2012.70,Inter,Arsenal,chart/chart
4947170,2526,ChampionsLeague,2026-01-20,8638,8178,Olympiacos,Bayer Leverkusen,1730.83,1864.17,Olympiakos,Leverkusen,chart/chart
4947122,2526,ChampionsLeague,2026-01-20,8633,9829,Real Madrid,Monaco,1949.93,1735.33,realmadrid,Monaco,chart/chart
4947157,2526,ChampionsLeague,2026-01-20,9768,9847,Sporting CP,Paris Saint-Germain,1850.48,1948.91,Sporting,ParisSG,chart/chart
4947136,2526,ChampionsLeague,2026-01-20,8586,9789,Tottenham Hotspur,Borussia Dortmund,1801.96,1873.67,Tottenham,Dortmund,chart/chart
4947208,2526,ChampionsLeague,2026-01-20,10205,8593,Villarreal,Ajax,1798.74,1654.39,Villarreal,Ajax,chart/chart
4947207,2526,ChampionsLeague,2026-01-21,8637,9906,Galatasaray,Atlético Madrid,1792.04,1909.04,Galatasaray,atletico,chart/chart
4947198,2526,ChampionsLeague,2026-01-21,7981,9810,Qarabağ FK,Eintracht Frankfurt,1607.77,1762.11,KarabakhAgdam,Frankfurt,chart/chart
4947183,2526,ChampionsLeague,2026-01-21,8524,8315,Atalanta,Athletic Club,1823.19,1767.94,atalanta,athletic-club,chart/chart
4947107,2526,ChampionsLeague,2026-01-21,9823,7978,Bayern München,Union St.Gilloise,2005.48,1755.80,Bayern,StGillis,chart/chart
4947114,2526,ChampionsLeague,2026-01-21,8455,2137,Chelsea,Pafos FC,1892.99,1598.32,Chelsea,Paphos,chart/chart
4947185,2526,ChampionsLeague,2026-01-21,9885,9772,Juventus,Benfica,1827.21,1824.31,Juventus,benfica,chart/chart
4947142,2526,ChampionsLeague,2026-01-21,8592,8650,Marseille,Liverpool,1806.22,1923.49,Marseille,Liverpool,chart/chart
4947238,2526,ChampionsLeague,2026-01-21,10261,8640,Newcastle United,PSV Eindhoven,1880.55,1822.09,Newcastle,PSV,chart/chart
4947151,2526,ChampionsLeague,2026-01-21,7787,8634,Slavia Prague,Barcelona,1746.29,1982.26,SlaviaPraha,Barcelona,chart/chart
4947229,2526,ChampionsLeague,2026-01-28,8593,8638,Ajax,Olympiacos,1664.81,1743.70,Ajax,Olympiakos,chart/chart
4947177,2526,ChampionsLeague,2026-01-28,9825,8037,Arsenal,Kairat Almaty,2010.79,,Arsenal,,chart/none
4947227,2526,ChampionsLeague,2026-01-28,8315,9768,Athletic Club,Sporting CP,1769.45,1856.49,athletic-club,Sporting,chart/chart
4947204,2526,ChampionsLeague,2026-01-28,9906,8402,Atlético Madrid,Bodø/Glimt,1910.77,1703.09,atletico,BodoeGlimt,chart/chart
4947152,2526,ChampionsLeague,2026-01-28,8634,8391,Barcelona,FC København,1986.93,1640.12,Barcelona,FCKobenhavn,chart/chart
4947167,2526,ChampionsLeague,2026-01-28,8178,10205,Bayer Leverkusen,Villarreal,1856.11,1783.85,Leverkusen,Villarreal,chart/chart
4947119,2526,ChampionsLeague,2026-01-28,9772,8633,Benfica,Real Madrid,1821.23,1956.55,benfica,realmadrid,chart/chart
4947125,2526,ChampionsLeague,2026-01-28,9789,8636,Borussia Dortmund,Inter,1870.22,1921.47,Dortmund,Inter,chart/chart
4947190,2526,ChampionsLeague,2026-01-28,8342,8592,Club Brugge,Marseille,1746.69,1803.35,Brugge,Marseille,chart/chart
4947195,2526,ChampionsLeague,2026-01-28,9810,8586,Eintracht Frankfurt,Tottenham Hotspur,1745.79,1807.79,Frankfurt,Tottenham,chart/chart
4947143,2526,ChampionsLeague,2026-01-28,8650,7981,Liverpool,Qarabağ FK,1924.50,1595.11,Liverpool,KarabakhAgdam,chart/chart
4947164,2526,ChampionsLeague,2026-01-28,8456,8637,Manchester City,Galatasaray,1967.69,1794.19,ManCity,Galatasaray,chart/chart
4947203,2526,ChampionsLeague,2026-01-28,9829,9885,Monaco,Juventus,1727.94,1838.31,Monaco,Juventus,chart/chart
4947235,2526,ChampionsLeague,2026-01-28,2137,7787,Pafos FC,Slavia Prague,1591.47,1740.82,Paphos,SlaviaPraha,chart/chart
4947158,2526,ChampionsLeague,2026-01-28,9847,10261,Paris Saint-Germain,Newcastle United,1943.72,1878.38,ParisSG,Newcastle,chart/chart
4947106,2526,ChampionsLeague,2026-01-28,8640,9823,PSV Eindhoven,Bayern München,1809.01,1992.98,PSV,Bayern,chart/chart
4947113,2526,ChampionsLeague,2026-01-28,9875,8455,Napoli,Chelsea,1828.08,1899.37,Napoli,Chelsea,chart/chart
4947184,2526,ChampionsLeague,2026-01-28,7978,8524,Union St.Gilloise,Atalanta,1751.76,1818.49,StGillis,atalanta,chart/chart
5161867,2526,ChampionsLeague,2026-02-17,8637,9885,Galatasaray,Juventus,1799.04,1830.76,Galatasaray,Juventus,chart/chart
5161859,2526,ChampionsLeague,2026-02-17,9772,8633,Benfica,Real Madrid,1826.74,1954.39,benfica,realmadrid,chart/chart
5161863,2526,ChampionsLeague,2026-02-17,9829,9847,Monaco,Paris Saint-Germain,1732.72,1935.78,Monaco,ParisSG,chart/chart
5161871,2526,ChampionsLeague,2026-02-17,9789,8524,Borussia Dortmund,Atalanta,1869.88,1827.70,Dortmund,atalanta,chart/chart
5161865,2526,ChampionsLeague,2026-02-18,7981,10261,Qarabağ FK,Newcastle United,1596.25,1878.19,KarabakhAgdam,Newcastle,chart/chart
5161861,2526,ChampionsLeague,2026-02-18,8402,8636,Bodø/Glimt,Inter,1715.54,1937.79,BodoeGlimt,Inter,chart/chart
5161869,2526,ChampionsLeague,2026-02-18,8342,9906,Club Brugge,Atlético Madrid,1756.69,1894.28,Brugge,atletico,chart/chart
5161873,2526,ChampionsLeague,2026-02-18,8638,8178,Olympiacos,Bayer Leverkusen,1737.21,1866.53,Olympiakos,Leverkusen,chart/chart
5161870,2526,ChampionsLeague,2026-02-24,9906,8342,Atlético Madrid,Club Brugge,1895.68,1759.55,atletico,Brugge,chart/chart
5161874,2526,ChampionsLeague,2026-02-24,8178,8638,Bayer Leverkusen,Olympiacos,1865.77,1730.85,Leverkusen,Olympiakos,chart/chart
5161862,2526,ChampionsLeague,2026-02-24,8636,8402,Inter,Bodø/Glimt,1929.82,1727.06,Inter,BodoeGlimt,chart/chart
5161866,2526,ChampionsLeague,2026-02-24,10261,7981,Newcastle United,Qarabağ FK,1880.52,1590.24,Newcastle,KarabakhAgdam,chart/chart
5161872,2526,ChampionsLeague,2026-02-25,8524,9789,Atalanta,Borussia Dortmund,1827.27,1873.90,atalanta,Dortmund,chart/chart
5161868,2526,ChampionsLeague,2026-02-25,9885,8637,Juventus,Galatasaray,1814.58,1792.19,Juventus,Galatasaray,chart/chart
5161864,2526,ChampionsLeague,2026-02-25,9847,9829,Paris Saint-Germain,Monaco,1938.90,1735.58,ParisSG,Monaco,chart/chart
5161860,2526,ChampionsLeague,2026-02-25,8633,9772,Real Madrid,Benfica,1951.45,1822.41,realmadrid,benfica,chart/chart
5205737,2526,ChampionsLeague,2026-03-10,8637,8650,Galatasaray,Liverpool,1798.99,1935.53,Galatasaray,Liverpool,chart/chart
5205739,2526,ChampionsLeague,2026-03-10,8524,9823,Atalanta,Bayern München,1822.87,2001.70,atalanta,Bayern,chart/chart
5205741,2526,ChampionsLeague,2026-03-10,9906,8586,Atlético Madrid,Tottenham Hotspur,1899.65,1794.27,atletico,Tottenham,chart/chart
5205733,2526,ChampionsLeague,2026-03-10,10261,8634,Newcastle United,Barcelona,1872.90,1984.72,Newcastle,Barcelona,chart/chart
5205743,2526,ChampionsLeague,2026-03-11,8178,9825,Bayer Leverkusen,Arsenal,1858.87,2023.55,Leverkusen,Arsenal,chart/chart
5205735,2526,ChampionsLeague,2026-03-11,8402,9768,Bodø/Glimt,Sporting CP,1738.70,1865.63,BodoeGlimt,Sporting,chart/chart
5205729,2526,ChampionsLeague,2026-03-11,9847,8455,Paris Saint-Germain,Chelsea,1926.23,1909.43,ParisSG,Chelsea,chart/chart
5205731,2526,ChampionsLeague,2026-03-11,8633,8456,Real Madrid,Manchester City,1946.09,1985.40,realmadrid,ManCity,chart/chart
5205736,2526,ChampionsLeague,2026-03-17,9768,8402,Sporting CP,Bodø/Glimt,1855.04,1749.51,Sporting,BodoeGlimt,chart/chart
5205744,2526,ChampionsLeague,2026-03-17,9825,8178,Arsenal,Bayer Leverkusen,2021.81,1861.06,Arsenal,Leverkusen,chart/chart
5205730,2526,ChampionsLeague,2026-03-17,8455,9847,Chelsea,Paris Saint-Germain,1897.72,1931.56,Chelsea,ParisSG,chart/chart
5205732,2526,ChampionsLeague,2026-03-17,8456,8633,Manchester City,Real Madrid,1974.56,1954.86,ManCity,realmadrid,chart/chart
5205734,2526,ChampionsLeague,2026-03-18,8634,10261,Barcelona,Newcastle United,1987.10,1875.68,Barcelona,Newcastle,chart/chart
5205740,2526,ChampionsLeague,2026-03-18,9823,8524,Bayern München,Atalanta,2005.58,1819.36,Bayern,atalanta,chart/chart
5205738,2526,ChampionsLeague,2026-03-18,8650,8637,Liverpool,Galatasaray,1925.59,1808.50,Liverpool,Galatasaray,chart/chart
5205742,2526,ChampionsLeague,2026-03-18,8586,9906,Tottenham Hotspur,Atlético Madrid,1791.13,1905.35,Tottenham,atletico,chart/chart
5205791,2526,ChampionsLeague,2026-04-07,8633,9823,Real Madrid,Bayern München,1956.15,2010.57,realmadrid,Bayern,chart/chart
5205795,2526,ChampionsLeague,2026-04-07,9768,9825,Sporting CP,Arsenal,1868.11,2006.26,Sporting,Arsenal,chart/chart
5205793,2526,ChampionsLeague,2026-04-08,8634,9906,Barcelona,Atlético Madrid,1995.69,1894.94,Barcelona,atletico,chart/chart
5205789,2526,ChampionsLeague,2026-04-08,9847,8650,Paris Saint-Germain,Liverpool,1942.71,1918.30,ParisSG,Liverpool,chart/chart
5205794,2526,ChampionsLeague,2026-04-14,9906,8634,Atlético Madrid,Barcelona,1897.22,1987.23,atletico,Barcelona,chart/chart
5205790,2526,ChampionsLeague,2026-04-14,8650,9847,Liverpool,Paris Saint-Germain,1918.80,1947.14,Liverpool,ParisSG,chart/chart
5205796,2526,ChampionsLeague,2026-04-15,9825,9768,Arsenal,Sporting CP,2002.90,1864.60,Arsenal,Sporting,chart/chart
5205792,2526,ChampionsLeague,2026-04-15,9823,8633,Bayern München,Real Madrid,2018.32,1946.95,Bayern,realmadrid,chart/chart
5205811,2526,ChampionsLeague,2026-04-28,9847,9823,Paris Saint-Germain,Bayern München,1948.62,2028.34,ParisSG,Bayern,chart/chart
5205813,2526,ChampionsLeague,2026-04-29,9906,9825,Atlético Madrid,Arsenal,1885.44,1997.38,atletico,Arsenal,chart/chart
5205814,2526,ChampionsLeague,2026-05-05,9825,9906,Arsenal,Atlético Madrid,1999.75,1890.31,Arsenal,atletico,chart/chart
5205812,2526,ChampionsLeague,2026-05-06,9823,9847,Bayern München,Paris Saint-Germain,2016.20,1947.81,Bayern,ParisSG,chart/chart
5205834,2526,ChampionsLeague,2026-05-30,9847,9825,Paris Saint-Germain,Arsenal,1944.70,2006.76,ParisSG,Arsenal,chart/chart
3714222,2122,EuropaLeague,2021-09-15,8643,8673,Spartak Moscow,Legia Warszawa,,,SpartakMoskva,Legia,none/none
3714185,2122,EuropaLeague,2021-09-16,8178,8222,Bayer Leverkusen,Ferencváros,,,Leverkusen,Ferencvaros,none/none
3714209,2122,EuropaLeague,2021-09-16,10156,8654,Dinamo Zagreb,West Ham United,,,DinamoZagreb,WestHam,none/none
3714233,2122,EuropaLeague,2021-09-16,8113,210173,FC Midtjylland,Ludogorets Razgrad,,,Midtjylland,Razgrad,none/none
3714234,2122,EuropaLeague,2021-09-16,8687,10264,FK Crvena Zvezda,Braga,,,CrvenaZvezda,Braga,none/none
3714197,2122,EuropaLeague,2021-09-16,8637,8543,Galatasaray,Lazio,,,Galatasaray,Lazio,none/none
3714198,2122,EuropaLeague,2021-09-16,8710,8592,Lokomotiv Moscow,Marseille,,,LokMoskva,Marseille,none/none
3714210,2122,EuropaLeague,2021-09-16,10015,9987,Rapid Wien,Genk,,,AustriaWien,Genk,none/none
3714186,2122,EuropaLeague,2021-09-16,8603,9925,Real Betis,Celtic,,,Betis,Celtic,none/none
3714162,2122,EuropaLeague,2021-09-16,8595,10247,Brøndby IF,Sparta Prague,,,Brondby,SpartaPraha,none/none
3714246,2122,EuropaLeague,2021-09-16,9810,8695,Eintracht Frankfurt,Fenerbahçe,,,Frankfurt,Fenerbahce,none/none
3714221,2122,EuropaLeague,2021-09-16,8197,9875,Leicester City,Napoli,,,Leicester,Napoli,none/none
3714174,2122,EuropaLeague,2021-09-16,9829,10014,Monaco,Sturm Graz,,,Monaco,SturmGraz,none/none
3714245,2122,EuropaLeague,2021-09-16,8638,9988,Olympiacos,Royal Antwerp,,,Olympiakos,Antwerp,none/none
3714173,2122,EuropaLeague,2021-09-16,8640,8560,PSV Eindhoven,Real Sociedad,,,PSV,Sociedad,none/none
3714161,2122,EuropaLeague,2021-09-16,8548,9748,Rangers,Lyon,,,Rangers,Lyon,none/none
3714248,2122,EuropaLeague,2021-09-30,8695,8638,Fenerbahçe,Olympiacos,,,Fenerbahce,Olympiakos,none/none
3714223,2122,EuropaLeague,2021-09-30,8673,8197,Legia Warszawa,Leicester City,,,Legia,Leicester,none/none
3714164,2122,EuropaLeague,2021-09-30,9748,8595,Lyon,Brøndby IF,,,Lyon,Brondby,none/none
3714175,2122,EuropaLeague,2021-09-30,8560,9829,Real Sociedad,Monaco,,,Sociedad,Monaco,none/none
3714247,2122,EuropaLeague,2021-09-30,9988,9810,Royal Antwerp,Eintracht Frankfurt,,,Antwerp,Frankfurt,none/none
3714163,2122,EuropaLeague,2021-09-30,10247,8548,Sparta Prague,Rangers,,,SpartaPraha,Rangers,none/none
3714224,2122,EuropaLeague,2021-09-30,9875,8643,Napoli,Spartak Moscow,,,Napoli,SpartakMoskva,none/none
3714176,2122,EuropaLeague,2021-09-30,10014,8640,Sturm Graz,PSV Eindhoven,,,SturmGraz,PSV,none/none
3714236,2122,EuropaLeague,2021-09-30,10264,8113,Braga,FC Midtjylland,,,Braga,Midtjylland,none/none
3714187,2122,EuropaLeague,2021-09-30,9925,8178,Celtic,Bayer Leverkusen,,,Celtic,Leverkusen,none/none
3714188,2122,EuropaLeague,2021-09-30,8222,8603,Ferencváros,Real Betis,,,Ferencvaros,Betis,none/none
3714211,2122,EuropaLeague,2021-09-30,9987,10156,Genk,Dinamo Zagreb,,,Genk,DinamoZagreb,none/none
3714199,2122,EuropaLeague,2021-09-30,8543,8710,Lazio,Lokomotiv Moscow,,,Lazio,LokMoskva,none/none
3714235,2122,EuropaLeague,2021-09-30,210173,8687,Ludogorets Razgrad,FK Crvena Zvezda,,,Razgrad,CrvenaZvezda,none/none
3714200,2122,EuropaLeague,2021-09-30,8592,8637,Marseille,Galatasaray,,,Marseille,Galatasaray,none/none
3714212,2122,EuropaLeague,2021-09-30,8654,10015,West Ham United,Rapid Wien,,,WestHam,AustriaWien,none/none
3714189,2122,EuropaLeague,2021-10-19,9925,8222,Celtic,Ferencváros,,,Celtic,Ferencvaros,none/none
3714225,2122,EuropaLeague,2021-10-20,8643,8197,Spartak Moscow,Leicester City,,,SpartakMoskva,Leicester,none/none
3714238,2122,EuropaLeague,2021-10-21,8113,8687,FC Midtjylland,FK Crvena Zvezda,,,Midtjylland,CrvenaZvezda,none/none
3714249,2122,EuropaLeague,2021-10-21,8695,9988,Fenerbahçe,Royal Antwerp,,,Fenerbahce,Antwerp,none/none
3714201,2122,EuropaLeague,2021-10-21,8543,8592,Lazio,Marseille,,,Lazio,Marseille,none/none
3714237,2122,EuropaLeague,2021-10-21,210173,10264,Ludogorets Razgrad,Braga,,,Razgrad,Braga,none/none
3714213,2122,EuropaLeague,2021-10-21,10015,10156,Rapid Wien,Dinamo Zagreb,,,AustriaWien,DinamoZagreb,none/none
3714190,2122,EuropaLeague,2021-10-21,8603,8178,Real Betis,Bayer Leverkusen,,,Betis,Leverkusen,none/none
3714250,2122,EuropaLeague,2021-10-21,9810,8638,Eintracht Frankfurt,Olympiacos,,,Frankfurt,Olympiakos,none/none
3714202,2122,EuropaLeague,2021-10-21,8710,8637,Lokomotiv Moscow,Galatasaray,,,LokMoskva,Galatasaray,none/none
3714177,2122,EuropaLeague,2021-10-21,8640,9829,PSV Eindhoven,Monaco,,,PSV,Monaco,none/none
3714166,2122,EuropaLeague,2021-10-21,8548,8595,Rangers,Brøndby IF,,,Rangers,Brondby,none/none
3714165,2122,EuropaLeague,2021-10-21,10247,9748,Sparta Prague,Lyon,,,SpartaPraha,Lyon,none/none
3714226,2122,EuropaLeague,2021-10-21,9875,8673,Napoli,Legia Warszawa,,,Napoli,Legia,none/none
3714178,2122,EuropaLeague,2021-10-21,10014,8560,Sturm Graz,Real Sociedad,,,SturmGraz,Sociedad,none/none
3714214,2122,EuropaLeague,2021-10-21,8654,9987,West Ham United,Genk,,,WestHam,Genk,none/none
3714168,2122,EuropaLeague,2021-11-04,8595,8548,Brøndby IF,Rangers,,,Brondby,Rangers,none/none
3714203,2122,EuropaLeague,2021-11-04,8637,8710,Galatasaray,Lokomotiv Moscow,,,Galatasaray,LokMoskva,none/none
3714215,2122,EuropaLeague,2021-11-04,9987,8654,Genk,West Ham United,,,Genk,WestHam,none/none
3714231,2122,EuropaLeague,2021-11-04,8673,9875,Legia Warszawa,Napoli,,,Legia,Napoli,none/none
3714167,2122,EuropaLeague,2021-11-04,9748,10247,Lyon,Sparta Prague,,,Lyon,SpartaPraha,none/none
3714180,2122,EuropaLeague,2021-11-04,9829,8640,Monaco,PSV Eindhoven,,,Monaco,PSV,none/none
3714251,2122,EuropaLeague,2021-11-04,8638,9810,Olympiacos,Eintracht Frankfurt,,,Olympiakos,Frankfurt,none/none
3714179,2122,EuropaLeague,2021-11-04,8560,10014,Real Sociedad,Sturm Graz,,,Sociedad,SturmGraz,none/none
3714191,2122,EuropaLeague,2021-11-04,8178,8603,Bayer Leverkusen,Real Betis,,,Leverkusen,Betis,none/none
3714239,2122,EuropaLeague,2021-11-04,10264,210173,Braga,Ludogorets Razgrad,,,Braga,Razgrad,none/none
3714216,2122,EuropaLeague,2021-11-04,10156,10015,Dinamo Zagreb,Rapid Wien,,,DinamoZagreb,AustriaWien,none/none
3714192,2122,EuropaLeague,2021-11-04,8222,9925,Ferencváros,Celtic,,,Ferencvaros,Celtic,none/none
3714240,2122,EuropaLeague,2021-11-04,8687,8113,FK Crvena Zvezda,FC Midtjylland,,,CrvenaZvezda,Midtjylland,none/none
3714232,2122,EuropaLeague,2021-11-04,8197,8643,Leicester City,Spartak Moscow,,,Leicester,SpartakMoskva,none/none
3714204,2122,EuropaLeague,2021-11-04,8592,8543,Marseille,Lazio,,,Marseille,Lazio,none/none
3714252,2122,EuropaLeague,2021-11-04,9988,8695,Royal Antwerp,Fenerbahçe,,,Antwerp,Fenerbahce,none/none
3714227,2122,EuropaLeague,2021-11-24,8643,9875,Spartak Moscow,Napoli,,,SpartakMoskva,Napoli,none/none
3714193,2122,EuropaLeague,2021-11-25,8178,9925,Bayer Leverkusen,Celtic,,,Leverkusen,Celtic,none/none
3714217,2122,EuropaLeague,2021-11-25,10156,9987,Dinamo Zagreb,Genk,,,DinamoZagreb,Genk,none/none
3714241,2122,EuropaLeague,2021-11-25,8113,10264,FC Midtjylland,Braga,,,Midtjylland,Braga,none/none
3714242,2122,EuropaLeague,2021-11-25,8687,210173,FK Crvena Zvezda,Ludogorets Razgrad,,,CrvenaZvezda,Razgrad,none/none
3714205,2122,EuropaLeague,2021-11-25,8637,8592,Galatasaray,Marseille,,,Galatasaray,Marseille,none/none
3714206,2122,EuropaLeague,2021-11-25,8710,8543,Lokomotiv Moscow,Lazio,,,LokMoskva,Lazio,none/none
3714218,2122,EuropaLeague,2021-11-25,10015,8654,Rapid Wien,West Ham United,,,AustriaWien,WestHam,none/none
3714194,2122,EuropaLeague,2021-11-25,8603,8222,Real Betis,Ferencváros,,,Betis,Ferencvaros,none/none
3714170,2122,EuropaLeague,2021-11-25,8595,9748,Brøndby IF,Lyon,,,Brondby,Lyon,none/none
3714254,2122,EuropaLeague,2021-11-25,9810,9988,Eintracht Frankfurt,Royal Antwerp,,,Frankfurt,Antwerp,none/none
3714228,2122,EuropaLeague,2021-11-25,8197,8673,Leicester City,Legia Warszawa,,,Leicester,Legia,none/none
3714182,2122,EuropaLeague,2021-11-25,9829,8560,Monaco,Real Sociedad,,,Monaco,Sociedad,none/none
3714253,2122,EuropaLeague,2021-11-25,8638,8695,Olympiacos,Fenerbahçe,,,Olympiakos,Fenerbahce,none/none
3714181,2122,EuropaLeague,2021-11-25,8640,10014,PSV Eindhoven,Sturm Graz,,,PSV,SturmGraz,none/none
3714169,2122,EuropaLeague,2021-11-25,8548,10247,Rangers,Sparta Prague,,,Rangers,SpartaPraha,none/none
3714256,2122,EuropaLeague,2021-12-09,8695,9810,Fenerbahçe,Eintracht Frankfurt,,,Fenerbahce,Frankfurt,none/none
3714229,2122,EuropaLeague,2021-12-09,8673,8643,Legia Warszawa,Spartak Moscow,,,Legia,SpartakMoskva,none/none
3714172,2122,EuropaLeague,2021-12-09,9748,8548,Lyon,Rangers,,,Lyon,Rangers,none/none
3714183,2122,EuropaLeague,2021-12-09,8560,8640,Real Sociedad,PSV Eindhoven,,,Sociedad,PSV,none/none
3714255,2122,EuropaLeague,2021-12-09,9988,8638,Royal Antwerp,Olympiacos,,,Antwerp,Olympiakos,none/none
3714171,2122,EuropaLeague,2021-12-09,10247,8595,Sparta Prague,Brøndby IF,,,SpartaPraha,Brondby,none/none
3714230,2122,EuropaLeague,2021-12-09,9875,8197,Napoli,Leicester City,,,Napoli,Leicester,none/none
3714184,2122,EuropaLeague,2021-12-09,10014,9829,Sturm Graz,Monaco,,,SturmGraz,Monaco,none/none
3714244,2122,EuropaLeague,2021-12-09,10264,8687,Braga,FK Crvena Zvezda,,,Braga,CrvenaZvezda,none/none
3714195,2122,EuropaLeague,2021-12-09,9925,8603,Celtic,Real Betis,,,Celtic,Betis,none/none
3714196,2122,EuropaLeague,2021-12-09,8222,8178,Ferencváros,Bayer Leverkusen,,,Ferencvaros,Leverkusen,none/none
3714219,2122,EuropaLeague,2021-12-09,9987,10015,Genk,Rapid Wien,,,Genk,AustriaWien,none/none
3714207,2122,EuropaLeague,2021-12-09,8543,8637,Lazio,Galatasaray,,,Lazio,Galatasaray,none/none
3714243,2122,EuropaLeague,2021-12-09,210173,8113,Ludogorets Razgrad,FC Midtjylland,,,Razgrad,Midtjylland,none/none
3714208,2122,EuropaLeague,2021-12-09,8592,8710,Marseille,Lokomotiv Moscow,,,Marseille,LokMoskva,none/none
3714220,2122,EuropaLeague,2021-12-09,8654,10156,West Ham United,Dinamo Zagreb,,,WestHam,DinamoZagreb,none/none
3780884,2122,EuropaLeague,2022-02-17,8634,9875,Barcelona,Napoli,,,Barcelona,Napoli,none/none
3780888,2122,EuropaLeague,2022-02-17,9789,8548,Borussia Dortmund,Rangers,,,Dortmund,Rangers,none/none
3780890,2122,EuropaLeague,2022-02-17,9729,10264,FC Sheriff,Braga,,,,Braga,none/none
3780886,2122,EuropaLeague,2022-02-17,8698,8603,Zenit St. Petersburg,Real Betis,,,Zenit,Betis,none/none
3780880,2122,EuropaLeague,2022-02-17,8524,8638,Atalanta,Olympiacos,,,atalanta,Olympiakos,none/none
3780892,2122,EuropaLeague,2022-02-17,9773,8543,FC Porto,Lazio,,,porto,Lazio,none/none
3780882,2122,EuropaLeague,2022-02-17,178475,8560,RB Leipzig,Real Sociedad,,,RBLeipzig,Sociedad,none/none
3780878,2122,EuropaLeague,2022-02-17,8302,10156,Sevilla,Dinamo Zagreb,,,Sevilla,DinamoZagreb,none/none
3780879,2122,EuropaLeague,2022-02-24,10156,8302,Dinamo Zagreb,Sevilla,,,DinamoZagreb,Sevilla,none/none
3780893,2122,EuropaLeague,2022-02-24,8543,9773,Lazio,FC Porto,,,Lazio,porto,none/none
3780881,2122,EuropaLeague,2022-02-24,8638,8524,Olympiacos,Atalanta,,,Olympiakos,atalanta,none/none
3780883,2122,EuropaLeague,2022-02-24,8560,178475,Real Sociedad,RB Leipzig,,,Sociedad,RBLeipzig,none/none
3780891,2122,EuropaLeague,2022-02-24,10264,9729,Braga,FC Sheriff,,,Braga,,none/none
3780889,2122,EuropaLeague,2022-02-24,8548,9789,Rangers,Borussia Dortmund,,,Rangers,Dortmund,none/none
3780887,2122,EuropaLeague,2022-02-24,8603,8698,Real Betis,Zenit St. Petersburg,,,Betis,Zenit,none/none
3780885,2122,EuropaLeague,2022-02-24,9875,8634,Napoli,Barcelona,,,Napoli,Barcelona,none/none
3835588,2122,EuropaLeague,2022-03-09,9773,9748,FC Porto,Lyon,,,porto,Lyon,none/none
3835590,2122,EuropaLeague,2022-03-09,8603,9810,Real Betis,Eintracht Frankfurt,,,Betis,Frankfurt,none/none
3835598,2122,EuropaLeague,2022-03-10,8302,8654,Sevilla,West Ham United,,,Sevilla,WestHam,none/none
3835596,2122,EuropaLeague,2022-03-10,8524,8178,Atalanta,Bayer Leverkusen,,,atalanta,Leverkusen,none/none
3835600,2122,EuropaLeague,2022-03-10,8634,8637,Barcelona,Galatasaray,,,Barcelona,Galatasaray,none/none
3835594,2122,EuropaLeague,2022-03-10,10264,9829,Braga,Monaco,,,Braga,Monaco,none/none
3835592,2122,EuropaLeague,2022-03-10,8548,8687,Rangers,FK Crvena Zvezda,,,Rangers,CrvenaZvezda,none/none
3835597,2122,EuropaLeague,2022-03-17,8178,8524,Bayer Leverkusen,Atalanta,,,Leverkusen,atalanta,none/none
3835593,2122,EuropaLeague,2022-03-17,8687,8548,FK Crvena Zvezda,Rangers,,,CrvenaZvezda,Rangers,none/none
3835601,2122,EuropaLeague,2022-03-17,8637,8634,Galatasaray,Barcelona,,,Galatasaray,Barcelona,none/none
3835595,2122,EuropaLeague,2022-03-17,9829,10264,Monaco,Braga,,,Monaco,Braga,none/none
3835591,2122,EuropaLeague,2022-03-17,9810,8603,Eintracht Frankfurt,Real Betis,,,Frankfurt,Betis,none/none
3835599,2122,EuropaLeague,2022-03-17,8654,8302,West Ham United,Sevilla,,,WestHam,Sevilla,none/none
3835589,2122,EuropaLeague,2022-03-17,9748,9773,Lyon,FC Porto,,,Lyon,porto,none/none
3846454,2122,EuropaLeague,2022-04-07,178475,8524,RB Leipzig,Atalanta,,,RBLeipzig,atalanta,none/none
3846460,2122,EuropaLeague,2022-04-07,10264,8548,Braga,Rangers,,,Braga,Rangers,none/none
3846456,2122,EuropaLeague,2022-04-07,9810,8634,Eintracht Frankfurt,Barcelona,,,Frankfurt,Barcelona,none/none
3846458,2122,EuropaLeague,2022-04-07,8654,9748,West Ham United,Lyon,,,WestHam,Lyon,none/none
3846455,2122,EuropaLeague,2022-04-14,8524,178475,Atalanta,RB Leipzig,,,atalanta,RBLeipzig,none/none
3846457,2122,EuropaLeague,2022-04-14,8634,9810,Barcelona,Eintracht Frankfurt,,,Barcelona,Frankfurt,none/none
3846459,2122,EuropaLeague,2022-04-14,9748,8654,Lyon,West Ham United,,,Lyon,WestHam,none/none
3846461,2122,EuropaLeague,2022-04-14,8548,10264,Rangers,Braga,,,Rangers,Braga,none/none
3846462,2122,EuropaLeague,2022-04-28,178475,8548,RB Leipzig,Rangers,,,RBLeipzig,Rangers,none/none
3846464,2122,EuropaLeague,2022-04-28,8654,9810,West Ham United,Eintracht Frankfurt,,,WestHam,Frankfurt,none/none
3846465,2122,EuropaLeague,2022-05-05,9810,8654,Eintracht Frankfurt,West Ham United,,,Frankfurt,WestHam,none/none
3846463,2122,EuropaLeague,2022-05-05,8548,178475,Rangers,RB Leipzig,,,Rangers,RBLeipzig,none/none
3846466,2122,EuropaLeague,2022-05-18,9810,8548,Eintracht Frankfurt,Rangers,,,Frankfurt,Rangers,none/none
4010293,2223,EuropaLeague,2022-09-08,7797,9851,AEK Larnaca,Rennes,1504.62,1717.30,Larnaca,Rennes,chart/chart
4010254,2223,EuropaLeague,2022-09-08,10243,9825,FC Zürich,Arsenal,,1851.99,,Arsenal,none/chart
4010294,2223,EuropaLeague,2022-09-08,8695,8688,Fenerbahçe,Dynamo Kyiv,1679.09,1651.92,Fenerbahce,DynamoKyiv,chart/chart
4010532,2223,EuropaLeague,2022-09-08,9861,8603,HJK,Real Betis,,1811.38,,Betis,none/chart
4010533,2223,EuropaLeague,2022-09-08,210173,8686,Ludogorets Razgrad,Roma,1591.62,1767.69,Razgrad,Roma,chart/chart
4010661,2223,EuropaLeague,2022-09-08,10237,10264,Malmö FF,Braga,1573.94,1689.05,Malmoe,Braga,chart/chart
4010255,2223,EuropaLeague,2022-09-08,8640,8402,PSV Eindhoven,Bodø/Glimt,1765.31,1623.94,PSV,BodoeGlimt,chart/chart
4010662,2223,EuropaLeague,2022-09-08,8149,7978,Union Berlin,Union St.Gilloise,1755.01,1649.96,UnionBerlin,StGillis,chart/chart
4010650,2223,EuropaLeague,2022-09-08,8222,9752,Ferencváros,Trabzonspor,1578.06,1655.22,Ferencvaros,Trabzonspor,chart/chart
4010649,2223,EuropaLeague,2022-09-08,8687,9829,FK Crvena Zvezda,Monaco,1721.59,1749.11,CrvenaZvezda,Monaco,chart/chart
4010544,2223,EuropaLeague,2022-09-08,8358,7981,Freiburg,Qarabağ FK,1759.92,1589.69,Freiburg,KarabakhAgdam,chart/chart
4010375,2223,EuropaLeague,2022-09-08,8543,10235,Lazio,Feyenoord,1758.77,1702.01,Lazio,Feyenoord,chart/chart
4010305,2223,EuropaLeague,2022-09-08,10260,8560,Manchester United,Real Sociedad,1825.86,1787.08,ManUnited,Sociedad,chart/chart
4010545,2223,EuropaLeague,2022-09-08,9830,8638,Nantes,Olympiacos,1653.65,1684.79,Nantes,Olympiakos,chart/chart
4010306,2223,EuropaLeague,2022-09-08,8044,9729,Omonia Nicosia,FC Sheriff,1503.36,,Omonia,,chart/none
4010374,2223,EuropaLeague,2022-09-08,10014,8113,Sturm Graz,FC Midtjylland,1590.96,1590.50,SturmGraz,Midtjylland,chart/chart
4010376,2223,EuropaLeague,2022-09-15,8113,8543,FC Midtjylland,Lazio,1584.83,1766.44,Midtjylland,Lazio,chart/chart
4010307,2223,EuropaLeague,2022-09-15,9729,10260,FC Sheriff,Manchester United,,1817.95,,ManUnited,none/chart
4010377,2223,EuropaLeague,2022-09-15,10235,10014,Feyenoord,Sturm Graz,1700.35,1601.44,Feyenoord,SturmGraz,chart/chart
4010652,2223,EuropaLeague,2022-09-15,9829,8222,Monaco,Ferencváros,1761.04,1587.95,Monaco,Ferencvaros,chart/chart
4010547,2223,EuropaLeague,2022-09-15,8638,8358,Olympiacos,Freiburg,1672.51,1758.31,Olympiakos,Freiburg,chart/chart
4010546,2223,EuropaLeague,2022-09-15,7981,9830,Qarabağ FK,Nantes,1588.47,1654.91,KarabakhAgdam,Nantes,chart/chart
4010308,2223,EuropaLeague,2022-09-15,8560,8044,Real Sociedad,Omonia Nicosia,1789.18,1475.80,Sociedad,Omonia,chart/chart
4010651,2223,EuropaLeague,2022-09-15,9752,8687,Trabzonspor,FK Crvena Zvezda,1644.13,1715.71,Trabzonspor,CrvenaZvezda,chart/chart
4010257,2223,EuropaLeague,2022-09-15,8402,10243,Bodø/Glimt,FC Zürich,1621.36,,BodoeGlimt,,chart/none
4010664,2223,EuropaLeague,2022-09-15,10264,8149,Braga,Union Berlin,1700.63,1748.80,Braga,UnionBerlin,chart/chart
4010295,2223,EuropaLeague,2022-09-15,8688,7797,Dynamo Kyiv,AEK Larnaca,1651.40,1501.49,DynamoKyiv,Larnaca,chart/chart
4010535,2223,EuropaLeague,2022-09-15,8603,210173,Real Betis,Ludogorets Razgrad,1819.87,1602.55,Betis,Razgrad,chart/chart
4010296,2223,EuropaLeague,2022-09-15,9851,8695,Rennes,Fenerbahçe,1728.19,1683.34,Rennes,Fenerbahce,chart/chart
4010534,2223,EuropaLeague,2022-09-15,8686,9861,Roma,HJK,1763.30,,Roma,,chart/none
4010663,2223,EuropaLeague,2022-09-15,7978,10237,Union St.Gilloise,Malmö FF,1655.68,1570.11,StGillis,Malmoe,chart/chart
4010309,2223,EuropaLeague,2022-10-06,9729,8560,FC Sheriff,Real Sociedad,,1798.17,,Sociedad,none/chart
4010258,2223,EuropaLeague,2022-10-06,10243,8640,FC Zürich,PSV Eindhoven,,1749.07,,PSV,none/chart
4010654,2223,EuropaLeague,2022-10-06,8687,8222,FK Crvena Zvezda,Ferencváros,1711.44,1592.70,CrvenaZvezda,Ferencvaros,chart/chart
4010536,2223,EuropaLeague,2022-10-06,9861,210173,HJK,Ludogorets Razgrad,,1588.67,,Razgrad,none/chart
4010665,2223,EuropaLeague,2022-10-06,10237,8149,Malmö FF,Union Berlin,1569.04,1744.74,Malmoe,UnionBerlin,chart/chart
4010653,2223,EuropaLeague,2022-10-06,9829,9752,Monaco,Trabzonspor,1758.10,1659.78,Monaco,Trabzonspor,chart/chart
4010310,2223,EuropaLeague,2022-10-06,8044,10260,Omonia Nicosia,Manchester United,1484.47,1818.30,Omonia,ManUnited,chart/chart
4010379,2223,EuropaLeague,2022-10-06,10014,8543,Sturm Graz,Lazio,1605.21,1758.63,SturmGraz,Lazio,chart/chart
4010259,2223,EuropaLeague,2022-10-06,9825,8402,Arsenal,Bodø/Glimt,1865.04,1624.32,Arsenal,BodoeGlimt,chart/chart
4010666,2223,EuropaLeague,2022-10-06,10264,7978,Braga,Union St.Gilloise,1702.40,1674.47,Braga,StGillis,chart/chart
4010378,2223,EuropaLeague,2022-10-06,8113,10235,FC Midtjylland,Feyenoord,1602.87,1700.90,Midtjylland,Feyenoord,chart/chart
4010298,2223,EuropaLeague,2022-10-06,8695,7797,Fenerbahçe,AEK Larnaca,1693.14,1514.96,Fenerbahce,Larnaca,chart/chart
4010549,2223,EuropaLeague,2022-10-06,8358,9830,Freiburg,Nantes,1772.29,1637.66,Freiburg,Nantes,chart/chart
4010548,2223,EuropaLeague,2022-10-06,8638,7981,Olympiacos,Qarabağ FK,1657.84,1606.96,Olympiakos,KarabakhAgdam,chart/chart
4010297,2223,EuropaLeague,2022-10-06,9851,8688,Rennes,Dynamo Kyiv,1730.12,1642.31,Rennes,DynamoKyiv,chart/chart
4010537,2223,EuropaLeague,2022-10-06,8686,8603,Roma,Real Betis,1766.98,1816.97,Roma,Betis,chart/chart
4010299,2223,EuropaLeague,2022-10-13,7797,8695,AEK Larnaca,Fenerbahçe,1515.45,1694.70,Larnaca,Fenerbahce,chart/chart
4010260,2223,EuropaLeague,2022-10-13,8402,9825,Bodø/Glimt,Arsenal,1623.15,1874.01,BodoeGlimt,Arsenal,chart/chart
4010300,2223,EuropaLeague,2022-10-13,8688,9851,Dynamo Kyiv,Rennes,1641.05,1739.63,DynamoKyiv,Rennes,chart/chart
4010380,2223,EuropaLeague,2022-10-13,10235,8113,Feyenoord,FC Midtjylland,1702.60,1607.68,Feyenoord,Midtjylland,chart/chart
4010550,2223,EuropaLeague,2022-10-13,9830,8358,Nantes,Freiburg,1630.64,1774.91,Nantes,Freiburg,chart/chart
4010551,2223,EuropaLeague,2022-10-13,7981,8638,Qarabağ FK,Olympiacos,1622.26,1644.20,KarabakhAgdam,Olympiakos,chart/chart
4010538,2223,EuropaLeague,2022-10-13,8603,8686,Real Betis,Roma,1818.85,1763.75,Betis,Roma,chart/chart
4010667,2223,EuropaLeague,2022-10-13,7978,10264,Union St.Gilloise,Braga,1686.34,1683.92,StGillis,Braga,chart/chart
4010656,2223,EuropaLeague,2022-10-13,8222,8687,Ferencváros,FK Crvena Zvezda,1589.48,1718.26,Ferencvaros,CrvenaZvezda,chart/chart
4010381,2223,EuropaLeague,2022-10-13,8543,10014,Lazio,Sturm Graz,1766.43,1610.49,Lazio,SturmGraz,chart/chart
4010539,2223,EuropaLeague,2022-10-13,210173,9861,Ludogorets Razgrad,HJK,1590.06,,Razgrad,,chart/none
4010311,2223,EuropaLeague,2022-10-13,10260,8044,Manchester United,Omonia Nicosia,1823.97,1473.41,ManUnited,Omonia,chart/chart
4010261,2223,EuropaLeague,2022-10-13,8640,10243,PSV Eindhoven,FC Zürich,1755.57,,PSV,,chart/none
4010312,2223,EuropaLeague,2022-10-13,8560,9729,Real Sociedad,FC Sheriff,1805.85,,Sociedad,,chart/none
4010655,2223,EuropaLeague,2022-10-13,9752,9829,Trabzonspor,Monaco,1650.17,1767.08,Trabzonspor,Monaco,chart/chart
4010668,2223,EuropaLeague,2022-10-13,8149,10237,Union Berlin,Malmö FF,1752.37,1563.09,UnionBerlin,Malmoe,chart/chart
4010256,2223,EuropaLeague,2022-10-20,9825,8640,Arsenal,PSV Eindhoven,1881.59,1760.52,Arsenal,PSV,chart/chart
4010301,2223,EuropaLeague,2022-10-27,7797,8688,AEK Larnaca,Dynamo Kyiv,1513.09,1629.18,Larnaca,DynamoKyiv,chart/chart
4010262,2223,EuropaLeague,2022-10-27,10243,8402,FC Zürich,Bodø/Glimt,,1630.53,,BodoeGlimt,none/chart
4010302,2223,EuropaLeague,2022-10-27,8695,9851,Fenerbahçe,Rennes,1708.53,1749.01,Fenerbahce,Rennes,chart/chart
4010382,2223,EuropaLeague,2022-10-27,8543,8113,Lazio,FC Midtjylland,1769.67,1617.87,Lazio,Midtjylland,chart/chart
4010541,2223,EuropaLeague,2022-10-27,210173,8603,Ludogorets Razgrad,Real Betis,1599.80,1812.62,Razgrad,Betis,chart/chart
4010670,2223,EuropaLeague,2022-10-27,10237,7978,Malmö FF,Union St.Gilloise,1549.64,1693.45,Malmoe,StGillis,chart/chart
4010263,2223,EuropaLeague,2022-10-27,8640,9825,PSV Eindhoven,Arsenal,1745.04,1880.50,PSV,Arsenal,chart/chart
4010669,2223,EuropaLeague,2022-10-27,8149,10264,Union Berlin,Braga,1760.04,1689.96,UnionBerlin,Braga,chart/chart
4010658,2223,EuropaLeague,2022-10-27,8222,9829,Ferencváros,Monaco,1593.47,1746.85,Ferencvaros,Monaco,chart/chart
4010657,2223,EuropaLeague,2022-10-27,8687,9752,FK Crvena Zvezda,Trabzonspor,1717.69,1668.42,CrvenaZvezda,Trabzonspor,chart/chart
4010552,2223,EuropaLeague,2022-10-27,8358,8638,Freiburg,Olympiacos,1780.83,1642.02,Freiburg,Olympiakos,chart/chart
4010540,2223,EuropaLeague,2022-10-27,9861,8686,HJK,Roma,,1764.81,,Roma,none/chart
4010313,2223,EuropaLeague,2022-10-27,10260,9729,Manchester United,FC Sheriff,1832.01,,ManUnited,,chart/none
4010553,2223,EuropaLeague,2022-10-27,9830,7981,Nantes,Qarabağ FK,1628.86,1623.23,Nantes,KarabakhAgdam,chart/chart
4010314,2223,EuropaLeague,2022-10-27,8044,8560,Omonia Nicosia,Real Sociedad,1455.17,1809.00,Omonia,Sociedad,chart/chart
4010383,2223,EuropaLeague,2022-10-27,10014,10235,Sturm Graz,Feyenoord,1621.71,1700.83,SturmGraz,Feyenoord,chart/chart
4010384,2223,EuropaLeague,2022-11-03,8113,10014,FC Midtjylland,Sturm Graz,1606.48,1627.47,Midtjylland,SturmGraz,chart/chart
4010316,2223,EuropaLeague,2022-11-03,9729,8044,FC Sheriff,Omonia Nicosia,,1456.46,,Omonia,none/chart
4010385,2223,EuropaLeague,2022-11-03,10235,8543,Feyenoord,Lazio,1696.55,1758.63,Feyenoord,Lazio,chart/chart
4010659,2223,EuropaLeague,2022-11-03,9829,8687,Monaco,FK Crvena Zvezda,1748.83,1721.89,Monaco,CrvenaZvezda,chart/chart
4010555,2223,EuropaLeague,2022-11-03,8638,9830,Olympiacos,Nantes,1646.90,1631.74,Olympiakos,Nantes,chart/chart
4010554,2223,EuropaLeague,2022-11-03,7981,8358,Qarabağ FK,Freiburg,1621.81,1783.65,KarabakhAgdam,Freiburg,chart/chart
4010315,2223,EuropaLeague,2022-11-03,8560,10260,Real Sociedad,Manchester United,1802.02,1837.87,Sociedad,ManUnited,chart/chart
4010660,2223,EuropaLeague,2022-11-03,9752,8222,Trabzonspor,Ferencváros,1664.62,1596.79,Trabzonspor,Ferencvaros,chart/chart
4010264,2223,EuropaLeague,2022-11-03,9825,10243,Arsenal,FC Zürich,1876.26,,Arsenal,,chart/none
4010265,2223,EuropaLeague,2022-11-03,8402,8640,Bodø/Glimt,PSV Eindhoven,1620.66,1754.12,BodoeGlimt,PSV,chart/chart
4010672,2223,EuropaLeague,2022-11-03,10264,10237,Braga,Malmö FF,1691.11,1550.61,Braga,Malmoe,chart/chart
4010303,2223,EuropaLeague,2022-11-03,8688,8695,Dynamo Kyiv,Fenerbahçe,1630.80,1710.99,DynamoKyiv,Fenerbahce,chart/chart
4010542,2223,EuropaLeague,2022-11-03,8603,9861,Real Betis,HJK,1823.10,,Betis,,chart/none
4010304,2223,EuropaLeague,2022-11-03,9851,7797,Rennes,AEK Larnaca,1753.84,1515.47,Rennes,Larnaca,chart/chart
4010543,2223,EuropaLeague,2022-11-03,8686,210173,Roma,Ludogorets Razgrad,1772.97,1597.17,Roma,Razgrad,chart/chart
4010671,2223,EuropaLeague,2022-11-03,7978,8149,Union St.Gilloise,Union Berlin,1699.70,1769.42,StGillis,UnionBerlin,chart/chart
4060620,2223,EuropaLeague,2023-02-16,8593,8149,Ajax,Union Berlin,1787.13,1786.61,Ajax,UnionBerlin,chart/chart
4060616,2223,EuropaLeague,2023-02-16,8634,10260,Barcelona,Manchester United,1936.00,1874.60,Barcelona,ManUnited,chart/chart
4060623,2223,EuropaLeague,2023-02-16,10013,8686,Salzburg,Roma,1790.20,1766.27,rbsalzburg,Roma,chart/chart
4060619,2223,EuropaLeague,2023-02-16,9728,9851,Shakhtar Donetsk,Rennes,1726.93,1725.61,Shakhtar,Rennes,chart/chart
4060621,2223,EuropaLeague,2023-02-16,8178,9829,Bayer Leverkusen,Monaco,1769.70,1770.45,Leverkusen,Monaco,chart/chart
4060617,2223,EuropaLeague,2023-02-16,9885,9830,Juventus,Nantes,1810.34,1647.70,Juventus,Nantes,chart/chart
4060622,2223,EuropaLeague,2023-02-16,8302,8640,Sevilla,PSV Eindhoven,1788.80,1748.25,Sevilla,PSV,chart/chart
4060618,2223,EuropaLeague,2023-02-16,9768,8113,Sporting CP,FC Midtjylland,1753.67,1608.77,Sporting,Midtjylland,chart/chart
4060626,2223,EuropaLeague,2023-02-23,8113,9768,FC Midtjylland,Sporting CP,1624.83,1750.88,Midtjylland,Sporting,chart/chart
4060629,2223,EuropaLeague,2023-02-23,9829,8178,Monaco,Bayer Leverkusen,1778.68,1757.46,Monaco,Leverkusen,chart/chart
4060625,2223,EuropaLeague,2023-02-23,9830,9885,Nantes,Juventus,1647.72,1810.31,Nantes,Juventus,chart/chart
4060630,2223,EuropaLeague,2023-02-23,8640,8302,PSV Eindhoven,Sevilla,1740.10,1794.21,PSV,Sevilla,chart/chart
4060624,2223,EuropaLeague,2023-02-23,10260,8634,Manchester United,Barcelona,1880.47,1936.19,ManUnited,Barcelona,chart/chart
4060627,2223,EuropaLeague,2023-02-23,9851,9728,Rennes,Shakhtar Donetsk,1725.57,1733.47,Rennes,Shakhtar,chart/chart
4060631,2223,EuropaLeague,2023-02-23,8686,10013,Roma,Salzburg,1766.44,1797.23,Roma,rbsalzburg,chart/chart
4060628,2223,EuropaLeague,2023-02-23,8149,8593,Union Berlin,Ajax,1784.18,1787.98,UnionBerlin,Ajax,chart/chart
4128629,2223,EuropaLeague,2023-03-09,8178,8222,Bayer Leverkusen,Ferencváros,1768.24,1590.75,Leverkusen,Ferencvaros,chart/chart
4128632,2223,EuropaLeague,2023-03-09,8686,8560,Roma,Real Sociedad,1770.32,1811.43,Roma,Sociedad,chart/chart
4128630,2223,EuropaLeague,2023-03-09,9768,9825,Sporting CP,Arsenal,1760.75,1890.63,Sporting,Arsenal,chart/chart
4128626,2223,EuropaLeague,2023-03-09,8149,7978,Union Berlin,Union St.Gilloise,1784.53,1694.06,UnionBerlin,StGillis,chart/chart
4128628,2223,EuropaLeague,2023-03-09,9885,8358,Juventus,Freiburg,1816.94,1781.85,Juventus,Freiburg,chart/chart
4128631,2223,EuropaLeague,2023-03-09,10260,8603,Manchester United,Real Betis,1882.07,1812.20,ManUnited,Betis,chart/chart
4128627,2223,EuropaLeague,2023-03-09,8302,8695,Sevilla,Fenerbahçe,1774.86,1716.67,Sevilla,Fenerbahce,chart/chart
4128633,2223,EuropaLeague,2023-03-09,9728,10235,Shakhtar Donetsk,Feyenoord,1735.40,1719.63,Shakhtar,Feyenoord,chart/chart
4128635,2223,EuropaLeague,2023-03-16,8695,8302,Fenerbahçe,Sevilla,1711.15,1779.97,Fenerbahce,Sevilla,chart/chart
4128641,2223,EuropaLeague,2023-03-16,10235,9728,Feyenoord,Shakhtar Donetsk,1722.81,1735.29,Feyenoord,Shakhtar,chart/chart
4128636,2223,EuropaLeague,2023-03-16,8358,9885,Freiburg,Juventus,1780.89,1823.74,Freiburg,Juventus,chart/chart
4128639,2223,EuropaLeague,2023-03-16,8603,10260,Real Betis,Manchester United,1806.62,1883.02,Betis,ManUnited,chart/chart
4128638,2223,EuropaLeague,2023-03-16,9825,9768,Arsenal,Sporting CP,1896.09,1764.31,Arsenal,Sporting,chart/chart
4128637,2223,EuropaLeague,2023-03-16,8222,8178,Ferencváros,Bayer Leverkusen,1577.88,1773.60,Ferencvaros,Leverkusen,chart/chart
4128640,2223,EuropaLeague,2023-03-16,8560,8686,Real Sociedad,Roma,1802.35,1770.28,Sociedad,Roma,chart/chart
4128634,2223,EuropaLeague,2023-03-16,7978,8149,Union St.Gilloise,Union Berlin,1701.88,1782.08,StGillis,UnionBerlin,chart/chart
4140619,2223,EuropaLeague,2023-04-13,10235,8686,Feyenoord,Roma,1742.03,1775.60,Feyenoord,Roma,chart/chart
4140617,2223,EuropaLeague,2023-04-13,8178,7978,Bayer Leverkusen,Union St.Gilloise,1794.48,1718.54,Leverkusen,StGillis,chart/chart
4140615,2223,EuropaLeague,2023-04-13,9885,9768,Juventus,Sporting CP,1833.93,1768.95,Juventus,Sporting,chart/chart
4140613,2223,EuropaLeague,2023-04-13,10260,8302,Manchester United,Sevilla,1888.23,1770.37,ManUnited,Sevilla,chart/chart
4140620,2223,EuropaLeague,2023-04-20,8686,10235,Roma,Feyenoord,1777.12,1748.10,Roma,Feyenoord,chart/chart
4140614,2223,EuropaLeague,2023-04-20,8302,10260,Sevilla,Manchester United,1780.64,1887.27,Sevilla,ManUnited,chart/chart
4140616,2223,EuropaLeague,2023-04-20,9768,9885,Sporting CP,Juventus,1759.63,1831.00,Sporting,Juventus,chart/chart
4140618,2223,EuropaLeague,2023-04-20,7978,8178,Union St.Gilloise,Bayer Leverkusen,1723.32,1791.22,StGillis,Leverkusen,chart/chart
4140621,2223,EuropaLeague,2023-05-11,9885,8302,Juventus,Sevilla,1828.36,1791.11,Juventus,Sevilla,chart/chart
4140623,2223,EuropaLeague,2023-05-11,8686,8178,Roma,Bayer Leverkusen,1772.12,1796.57,Roma,Leverkusen,chart/chart
4140624,2223,EuropaLeague,2023-05-18,8178,8686,Bayer Leverkusen,Roma,1790.94,1774.65,Leverkusen,Roma,chart/chart
4140622,2223,EuropaLeague,2023-05-18,8302,9885,Sevilla,Juventus,1798.63,1828.81,Sevilla,Juventus,chart/chart
4140625,2223,EuropaLeague,2023-05-31,8302,8686,Sevilla,Roma,1795.34,1768.56,Sevilla,Roma,chart/chart
4315153,2324,EuropaLeague,2023-09-21,8178,8428,Bayer Leverkusen,Häcken,1798.66,,Leverkusen,,chart/none
4315105,2324,EuropaLeague,2023-09-21,9729,8686,FC Sheriff,Roma,,1757.56,,Roma,none/chart
4315081,2324,EuropaLeague,2023-09-21,9977,8650,LASK,Liverpool,1603.53,1943.43,lask,Liverpool,chart/chart
4315142,2324,EuropaLeague,2023-09-21,10200,10205,Panathinaikos,Villarreal,1615.55,1797.17,Panathinaikos,Villarreal,chart/chart
4315154,2324,EuropaLeague,2023-09-21,7981,9917,Qarabağ FK,Molde,1591.19,,KarabakhAgdam,,chart/none
4315141,2324,EuropaLeague,2023-09-21,9851,10185,Rennes,Maccabi Haifa,1742.01,,Rennes,,chart/none
4315106,2324,EuropaLeague,2023-09-21,9777,7787,Servette,Slavia Prague,1544.09,1702.78,servette-fc,SlaviaPraha,chart/chart
4315082,2324,EuropaLeague,2023-09-21,7978,9941,Union St.Gilloise,Toulouse,1701.18,1650.57,StGillis,Toulouse,chart/chart
4315093,2324,EuropaLeague,2023-09-21,8593,8592,Ajax,Marseille,1744.49,1741.04,Ajax,Marseille,chart/chart
4315117,2324,EuropaLeague,2023-09-21,8524,4024,Atalanta,Raków Częstochowa,1761.69,1638.29,atalanta,Rakow,chart/chart
4315094,2324,EuropaLeague,2023-09-21,10204,8563,Brighton & Hove Albion,AEK Athens,1833.63,1624.55,Brighton,AEK,chart/chart
4315070,2324,EuropaLeague,2023-09-21,8638,8358,Olympiacos,Freiburg,1673.51,1754.17,Olympiakos,Freiburg,chart/chart
4315130,2324,EuropaLeague,2023-09-21,8548,8603,Rangers,Real Betis,1670.33,1783.50,Rangers,Betis,chart/chart
4315129,2324,EuropaLeague,2023-09-21,10247,2136,Sparta Prague,Aris Limassol,1672.83,,SpartaPraha,,chart/none
4315118,2324,EuropaLeague,2023-09-21,10014,9768,Sturm Graz,Sporting CP,1659.15,1780.27,SturmGraz,Sporting,chart/chart
4315069,2324,EuropaLeague,2023-09-21,8654,676140,West Ham United,TSC Bačka Topola,1789.54,,WestHam,,chart/none
4315096,2324,EuropaLeague,2023-10-05,8563,8593,AEK Athens,Ajax,1636.90,1730.27,AEK,Ajax,chart/chart
4315132,2324,EuropaLeague,2023-10-05,2136,8548,Aris Limassol,Rangers,,1659.33,,Rangers,none/chart
4315071,2324,EuropaLeague,2023-10-05,8358,8654,Freiburg,West Ham United,1765.31,1791.48,Freiburg,WestHam,chart/chart
4315095,2324,EuropaLeague,2023-10-05,8592,10204,Marseille,Brighton & Hove Albion,1735.23,1810.91,Marseille,Brighton,chart/chart
4315120,2324,EuropaLeague,2023-10-05,4024,10014,Raków Częstochowa,Sturm Graz,1633.84,1657.20,Rakow,SturmGraz,chart/chart
4315131,2324,EuropaLeague,2023-10-05,8603,10247,Real Betis,Sparta Prague,1778.18,1681.13,Betis,SpartaPraha,chart/chart
4315119,2324,EuropaLeague,2023-10-05,9768,8524,Sporting CP,Atalanta,1788.52,1773.75,Sporting,atalanta,chart/chart
4315072,2324,EuropaLeague,2023-10-05,676140,8638,TSC Bačka Topola,Olympiacos,,1683.32,,Olympiakos,none/chart
4315156,2324,EuropaLeague,2023-10-05,8428,7981,Häcken,Qarabağ FK,,1599.70,,KarabakhAgdam,none/chart
4315083,2324,EuropaLeague,2023-10-05,8650,7978,Liverpool,Union St.Gilloise,1945.17,1708.24,Liverpool,StGillis,chart/chart
4315144,2324,EuropaLeague,2023-10-05,10185,10200,Maccabi Haifa,Panathinaikos,,1627.05,,Panathinaikos,none/chart
4315155,2324,EuropaLeague,2023-10-05,9917,8178,Molde,Bayer Leverkusen,,1812.99,,Leverkusen,none/chart
4315107,2324,EuropaLeague,2023-10-05,8686,9777,Roma,Servette,1753.74,1531.00,Roma,servette-fc,chart/chart
4315108,2324,EuropaLeague,2023-10-05,7787,9729,Slavia Prague,FC Sheriff,1703.15,,SlaviaPraha,,chart/none
4315084,2324,EuropaLeague,2023-10-05,9941,9977,Toulouse,LASK,1659.99,1593.56,Toulouse,lask,chart/chart
4315143,2324,EuropaLeague,2023-10-05,10205,9851,Villarreal,Rennes,1776.89,1751.97,Villarreal,Rennes,chart/chart
4315134,2324,EuropaLeague,2023-10-26,2136,8603,Aris Limassol,Real Betis,,1782.31,,Betis,none/chart
4315097,2324,EuropaLeague,2023-10-26,8592,8563,Marseille,AEK Athens,1735.76,1642.41,Marseille,AEK,chart/chart
4315157,2324,EuropaLeague,2023-10-26,9917,8428,Molde,Häcken,,,,,none/none
4315073,2324,EuropaLeague,2023-10-26,8638,8654,Olympiacos,West Ham United,1680.67,1791.98,Olympiakos,WestHam,chart/chart
4315121,2324,EuropaLeague,2023-10-26,4024,9768,Raków Częstochowa,Sporting CP,1625.16,1781.82,Rakow,Sporting,chart/chart
4315133,2324,EuropaLeague,2023-10-26,10247,8548,Sparta Prague,Rangers,1684.90,1658.92,SpartaPraha,Rangers,chart/chart
4315122,2324,EuropaLeague,2023-10-26,10014,8524,Sturm Graz,Atalanta,1667.18,1781.20,SturmGraz,atalanta,chart/chart
4315074,2324,EuropaLeague,2023-10-26,676140,8358,TSC Bačka Topola,Freiburg,,1757.10,,Freiburg,none/chart
4315158,2324,EuropaLeague,2023-10-26,8178,7981,Bayer Leverkusen,Qarabağ FK,1823.23,1605.92,Leverkusen,KarabakhAgdam,chart/chart
4315098,2324,EuropaLeague,2023-10-26,10204,8593,Brighton & Hove Albion,Ajax,1812.86,1710.97,Brighton,Ajax,chart/chart
4315110,2324,EuropaLeague,2023-10-26,9729,9777,FC Sheriff,Servette,,1544.08,,servette-fc,none/chart
4315086,2324,EuropaLeague,2023-10-26,8650,9941,Liverpool,Toulouse,1950.86,1663.47,Liverpool,Toulouse,chart/chart
4315145,2324,EuropaLeague,2023-10-26,10200,9851,Panathinaikos,Rennes,1632.51,1736.22,Panathinaikos,Rennes,chart/chart
4315109,2324,EuropaLeague,2023-10-26,8686,7787,Roma,Slavia Prague,1765.97,1715.38,Roma,SlaviaPraha,chart/chart
4315085,2324,EuropaLeague,2023-10-26,7978,9977,Union St.Gilloise,LASK,1714.94,1601.72,StGillis,lask,chart/chart
4315099,2324,EuropaLeague,2023-11-09,8593,10204,Ajax,Brighton & Hove Albion,1705.26,1815.24,Ajax,Brighton,chart/chart
4315087,2324,EuropaLeague,2023-11-09,9977,7978,LASK,Union St.Gilloise,1605.00,1723.10,lask,StGillis,chart/chart
4315148,2324,EuropaLeague,2023-11-09,10185,10205,Maccabi Haifa,Villarreal,,1770.42,,Villarreal,none/chart
4315159,2324,EuropaLeague,2023-11-09,7981,8178,Qarabağ FK,Bayer Leverkusen,1597.64,1836.78,KarabakhAgdam,Leverkusen,chart/chart
4315147,2324,EuropaLeague,2023-11-09,9851,10200,Rennes,Panathinaikos,1732.96,1633.30,Rennes,Panathinaikos,chart/chart
4315111,2324,EuropaLeague,2023-11-09,9777,9729,Servette,FC Sheriff,1554.62,,servette-fc,,chart/none
4315112,2324,EuropaLeague,2023-11-09,7787,8686,Slavia Prague,Roma,1706.49,1770.29,SlaviaPraha,Roma,chart/chart
4315088,2324,EuropaLeague,2023-11-09,9941,8650,Toulouse,Liverpool,1646.66,1953.36,Toulouse,Liverpool,chart/chart
4315100,2324,EuropaLeague,2023-11-09,8563,8592,AEK Athens,Marseille,1637.02,1740.39,AEK,Marseille,chart/chart
4315123,2324,EuropaLeague,2023-11-09,8524,10014,Atalanta,Sturm Graz,1781.33,1653.03,atalanta,SturmGraz,chart/chart
4315075,2324,EuropaLeague,2023-11-09,8358,676140,Freiburg,TSC Bačka Topola,1744.29,,Freiburg,,chart/none
4315160,2324,EuropaLeague,2023-11-09,8428,9917,Häcken,Molde,,,,,none/none
4315136,2324,EuropaLeague,2023-11-09,8548,10247,Rangers,Sparta Prague,1665.12,1675.33,Rangers,SpartaPraha,chart/chart
4315135,2324,EuropaLeague,2023-11-09,8603,2136,Real Betis,Aris Limassol,1793.13,,Betis,,chart/none
4315124,2324,EuropaLeague,2023-11-09,9768,4024,Sporting CP,Raków Częstochowa,1784.73,1627.50,Sporting,Rakow,chart/chart
4315076,2324,EuropaLeague,2023-11-09,8654,8638,West Ham United,Olympiacos,1785.70,1676.49,WestHam,Olympiakos,chart/chart
4315101,2324,EuropaLeague,2023-11-30,8563,10204,AEK Athens,Brighton & Hove Albion,1630.26,1820.10,AEK,Brighton,chart/chart
4315125,2324,EuropaLeague,2023-11-30,8524,9768,Atalanta,Sporting CP,1777.98,1782.31,atalanta,Sporting,chart/chart
4315077,2324,EuropaLeague,2023-11-30,8358,8638,Freiburg,Olympiacos,1741.52,1673.76,Freiburg,Olympiakos,chart/chart
4315149,2324,EuropaLeague,2023-11-30,10185,9851,Maccabi Haifa,Rennes,,1734.62,,Rennes,none/chart
4315137,2324,EuropaLeague,2023-11-30,10247,8603,Sparta Prague,Real Betis,1677.51,1799.52,SpartaPraha,Betis,chart/chart
4315126,2324,EuropaLeague,2023-11-30,10014,4024,Sturm Graz,Raków Częstochowa,1659.37,1622.08,SturmGraz,Rakow,chart/chart
4315078,2324,EuropaLeague,2023-11-30,676140,8654,TSC Bačka Topola,West Ham United,,1794.10,,WestHam,none/chart
4315114,2324,EuropaLeague,2023-11-30,9729,7787,FC Sheriff,Slavia Prague,,1718.87,,SlaviaPraha,none/chart
4315162,2324,EuropaLeague,2023-11-30,8428,8178,Häcken,Bayer Leverkusen,,1849.80,,Leverkusen,none/chart
4315090,2324,EuropaLeague,2023-11-30,8650,9977,Liverpool,LASK,1950.76,1607.87,Liverpool,lask,chart/chart
4315102,2324,EuropaLeague,2023-11-30,8592,8593,Marseille,Ajax,1741.41,1698.34,Marseille,Ajax,chart/chart
4315161,2324,EuropaLeague,2023-11-30,9917,7981,Molde,Qarabağ FK,,1598.98,,KarabakhAgdam,none/chart
4315138,2324,EuropaLeague,2023-11-30,8548,2136,Rangers,Aris Limassol,1668.83,,Rangers,,chart/none
4315113,2324,EuropaLeague,2023-11-30,9777,8686,Servette,Roma,1566.35,1770.00,servette-fc,Roma,chart/chart
4315089,2324,EuropaLeague,2023-11-30,9941,7978,Toulouse,Union St.Gilloise,1656.42,1714.25,Toulouse,StGillis,chart/chart
4315150,2324,EuropaLeague,2023-11-30,10205,10200,Villarreal,Panathinaikos,1772.98,1618.67,Villarreal,Panathinaikos,chart/chart
4315146,2324,EuropaLeague,2023-12-06,10205,10185,Villarreal,Maccabi Haifa,1776.30,,Villarreal,,chart/none
4315163,2324,EuropaLeague,2023-12-14,8178,9917,Bayer Leverkusen,Molde,1854.49,,Leverkusen,,chart/none
4315092,2324,EuropaLeague,2023-12-14,9977,9941,LASK,Toulouse,1607.85,1649.70,lask,Toulouse,chart/chart
4315152,2324,EuropaLeague,2023-12-14,10200,10185,Panathinaikos,Maccabi Haifa,1619.21,,Panathinaikos,,chart/none
4315164,2324,EuropaLeague,2023-12-14,7981,8428,Qarabağ FK,Häcken,1604.05,,KarabakhAgdam,,chart/none
4315151,2324,EuropaLeague,2023-12-14,9851,10205,Rennes,Villarreal,1732.03,1764.32,Rennes,Villarreal,chart/chart
4315115,2324,EuropaLeague,2023-12-14,8686,9729,Roma,FC Sheriff,1769.28,,Roma,,chart/none
4315116,2324,EuropaLeague,2023-12-14,7787,9777,Slavia Prague,Servette,1725.15,1570.95,SlaviaPraha,servette-fc,chart/chart
4315091,2324,EuropaLeague,2023-12-14,7978,8650,Union St.Gilloise,Liverpool,1720.88,1960.97,StGillis,Liverpool,chart/chart
4315103,2324,EuropaLeague,2023-12-14,8593,8563,Ajax,AEK Athens,1702.51,1629.27,Ajax,AEK,chart/chart
4315140,2324,EuropaLeague,2023-12-14,2136,10247,Aris Limassol,Sparta Prague,,1689.45,,SpartaPraha,none/chart
4315104,2324,EuropaLeague,2023-12-14,10204,8592,Brighton & Hove Albion,Marseille,1821.99,1762.28,Brighton,Marseille,chart/chart
4315080,2324,EuropaLeague,2023-12-14,8638,676140,Olympiacos,TSC Bačka Topola,1662.86,,Olympiakos,,chart/none
4315128,2324,EuropaLeague,2023-12-14,4024,8524,Raków Częstochowa,Atalanta,1621.45,1769.58,Rakow,atalanta,chart/chart
4315139,2324,EuropaLeague,2023-12-14,8603,8548,Real Betis,Rangers,1794.11,1670.41,Betis,Rangers,chart/chart
4315127,2324,EuropaLeague,2023-12-14,9768,10014,Sporting CP,Sturm Graz,1776.26,1649.55,Sporting,SturmGraz,chart/chart
4315079,2324,EuropaLeague,2023-12-14,8654,8358,West Ham United,Freiburg,1791.63,1758.20,WestHam,Freiburg,chart/chart
4384251,2324,EuropaLeague,2024-02-15,10235,8686,Feyenoord,Roma,1750.06,1767.01,Feyenoord,Roma,chart/chart
4384263,2324,EuropaLeague,2024-02-15,8637,10247,Galatasaray,Sparta Prague,1773.61,1700.13,Galatasaray,SpartaPraha,chart/chart
4384265,2324,EuropaLeague,2024-02-15,9728,8592,Shakhtar Donetsk,Marseille,1698.28,1749.93,Shakhtar,Marseille,chart/chart
4384257,2324,EuropaLeague,2024-02-15,10192,9768,Young Boys,Sporting CP,1697.00,1809.50,YoungBoys,Sporting,chart/chart
4384253,2324,EuropaLeague,2024-02-15,8564,9851,Milan,Rennes,1829.70,1758.08,Milan,Rennes,chart/chart
4384259,2324,EuropaLeague,2024-02-15,9772,9941,Benfica,Toulouse,1826.55,1647.14,benfica,Toulouse,chart/chart
4384261,2324,EuropaLeague,2024-02-15,10264,7981,Braga,Qarabağ FK,1698.76,1615.53,Braga,KarabakhAgdam,chart/chart
4384255,2324,EuropaLeague,2024-02-15,8588,8358,Lens,Freiburg,1772.77,1729.71,Lens,Freiburg,chart/chart
4384256,2324,EuropaLeague,2024-02-22,8358,8588,Freiburg,Lens,1730.30,1769.35,Freiburg,Lens,chart/chart
4384262,2324,EuropaLeague,2024-02-22,7981,10264,Qarabağ FK,Braga,1628.74,1689.78,KarabakhAgdam,Braga,chart/chart
4384254,2324,EuropaLeague,2024-02-22,9851,8564,Rennes,Milan,1755.20,1826.47,Rennes,Milan,chart/chart
4384260,2324,EuropaLeague,2024-02-22,9941,9772,Toulouse,Benfica,1652.29,1830.32,Toulouse,benfica,chart/chart
4384266,2324,EuropaLeague,2024-02-22,8592,9728,Marseille,Shakhtar Donetsk,1744.30,1697.14,Marseille,Shakhtar,chart/chart
4384252,2324,EuropaLeague,2024-02-22,8686,10235,Roma,Feyenoord,1775.00,1749.95,Roma,Feyenoord,chart/chart
4384264,2324,EuropaLeague,2024-02-22,10247,8637,Sparta Prague,Galatasaray,1698.34,1780.99,SpartaPraha,Galatasaray,chart/chart
4384258,2324,EuropaLeague,2024-02-22,9768,10192,Sporting CP,Young Boys,1818.86,1691.57,Sporting,YoungBoys,chart/chart
4430808,2324,EuropaLeague,2024-03-06,9768,8524,Sporting CP,Atalanta,1812.28,1802.48,Sporting,atalanta,chart/chart
4430813,2324,EuropaLeague,2024-03-07,7981,8178,Qarabağ FK,Bayer Leverkusen,1634.64,1888.74,KarabakhAgdam,Leverkusen,chart/chart
4430800,2324,EuropaLeague,2024-03-07,8686,10204,Roma,Brighton & Hove Albion,1782.48,1805.87,Roma,Brighton,chart/chart
4430795,2324,EuropaLeague,2024-03-07,10247,8650,Sparta Prague,Liverpool,1712.41,1977.94,SpartaPraha,Liverpool,chart/chart
4430810,2324,EuropaLeague,2024-03-07,8564,7787,Milan,Slavia Prague,1825.01,1734.54,Milan,SlaviaPraha,chart/chart
4430803,2324,EuropaLeague,2024-03-07,9772,8548,Benfica,Rangers,1821.47,1689.57,benfica,Rangers,chart/chart
4430806,2324,EuropaLeague,2024-03-07,8358,8654,Freiburg,West Ham United,1730.57,1783.83,Freiburg,WestHam,chart/chart
4430798,2324,EuropaLeague,2024-03-07,8592,10205,Marseille,Villarreal,1759.73,1772.58,Marseille,Villarreal,chart/chart
4430804,2324,EuropaLeague,2024-03-14,8548,9772,Rangers,Benfica,1693.71,1819.08,Rangers,benfica,chart/chart
4430812,2324,EuropaLeague,2024-03-14,7787,8564,Slavia Prague,Milan,1731.80,1831.83,SlaviaPraha,Milan,chart/chart
4430799,2324,EuropaLeague,2024-03-14,10205,8592,Villarreal,Marseille,1770.63,1772.43,Villarreal,Marseille,chart/chart
4430807,2324,EuropaLeague,2024-03-14,8654,8358,West Ham United,Freiburg,1776.83,1739.85,WestHam,Freiburg,chart/chart
4430809,2324,EuropaLeague,2024-03-14,8524,9768,Atalanta,Sporting CP,1806.26,1813.97,atalanta,Sporting,chart/chart
4430814,2324,EuropaLeague,2024-03-14,8178,7981,Bayer Leverkusen,Qarabağ FK,1888.80,1640.34,Leverkusen,KarabakhAgdam,chart/chart
4430802,2324,EuropaLeague,2024-03-14,10204,8686,Brighton & Hove Albion,Roma,1800.52,1791.32,Brighton,Roma,chart/chart
4430797,2324,EuropaLeague,2024-03-14,8650,10247,Liverpool,Sparta Prague,1981.29,1697.20,Liverpool,SpartaPraha,chart/chart
4446401,2324,EuropaLeague,2024-04-11,8564,8686,Milan,Roma,1845.98,1789.47,Milan,Roma,chart/chart
4446405,2324,EuropaLeague,2024-04-11,8178,8654,Bayer Leverkusen,West Ham United,1900.18,1786.31,Leverkusen,WestHam,chart/chart
4446407,2324,EuropaLeague,2024-04-11,9772,8592,Benfica,Marseille,1820.76,1751.86,benfica,Marseille,chart/chart
4446403,2324,EuropaLeague,2024-04-11,8650,8524,Liverpool,Atalanta,1980.67,1805.34,Liverpool,atalanta,chart/chart
4446404,2324,EuropaLeague,2024-04-18,8524,8650,Atalanta,Liverpool,1817.80,1955.86,atalanta,Liverpool,chart/chart
4446408,2324,EuropaLeague,2024-04-18,8592,9772,Marseille,Benfica,1747.99,1825.40,Marseille,benfica,chart/chart
4446402,2324,EuropaLeague,2024-04-18,8686,8564,Roma,Milan,1797.71,1837.01,Roma,Milan,chart/chart
4446406,2324,EuropaLeague,2024-04-18,8654,8178,West Ham United,Bayer Leverkusen,1774.44,1906.03,WestHam,Leverkusen,chart/chart
4446409,2324,EuropaLeague,2024-05-02,8592,8524,Marseille,Atalanta,1757.95,1823.66,Marseille,atalanta,chart/chart
4446411,2324,EuropaLeague,2024-05-02,8686,8178,Roma,Bayer Leverkusen,1796.19,1903.38,Roma,Leverkusen,chart/chart
4446410,2324,EuropaLeague,2024-05-09,8524,8592,Atalanta,Marseille,1825.93,1757.67,atalanta,Marseille,chart/chart
4446412,2324,EuropaLeague,2024-05-09,8178,8686,Bayer Leverkusen,Roma,1915.06,1791.19,Leverkusen,Roma,chart/chart
4446413,2324,EuropaLeague,2024-05-22,8524,8178,Atalanta,Bayer Leverkusen,1832.44,1918.26,atalanta,Leverkusen,chart/chart
4622083,2425,EuropaLeague,2024-09-25,10229,8014,AZ Alkmaar,Elfsborg,1647.10,,Alkmaar,,chart/none
4622116,2425,EuropaLeague,2024-09-25,8402,9773,Bodø/Glimt,FC Porto,1665.91,1825.86,BodoeGlimt,porto,chart/chart
4622147,2425,EuropaLeague,2024-09-25,8635,8222,Anderlecht,Ferencváros,1662.61,1587.92,Anderlecht,Ferencvaros,chart/chart
4622104,2425,EuropaLeague,2024-09-25,8688,8543,Dynamo Kyiv,Lazio,1667.28,1769.81,DynamoKyiv,Lazio,chart/chart
4622111,2425,EuropaLeague,2024-09-25,8113,8226,FC Midtjylland,Hoffenheim,1648.10,1693.04,Midtjylland,Hoffenheim,chart/chart
4622101,2425,EuropaLeague,2024-09-25,8637,8619,Galatasaray,PAOK Thessaloniki,1798.30,1674.08,Galatasaray,PAOK,chart/chart
4622092,2425,EuropaLeague,2024-09-25,210173,7787,Ludogorets Razgrad,Slavia Prague,1593.94,1765.93,Razgrad,SlaviaPraha,chart/chart
4622038,2425,EuropaLeague,2024-09-25,10260,8611,Manchester United,FC Twente,1844.13,1638.12,ManUnited,Twente,chart/chart
4622155,2425,EuropaLeague,2024-09-25,9831,8560,Nice,Real Sociedad,1721.19,1795.30,Nice,Sociedad,chart/chart
4622057,2425,EuropaLeague,2024-09-26,8695,7978,Fenerbahçe,Union St.Gilloise,1780.85,1704.84,Fenerbahce,StGillis,chart/chart
4622096,2425,EuropaLeague,2024-09-26,10237,8548,Malmö FF,Rangers,1624.18,1658.86,Malmoe,Rangers,chart/chart
4622050,2425,EuropaLeague,2024-09-26,8593,10188,Ajax,Beşiktaş,1674.50,1645.92,Ajax,Besiktas,chart/chart
4622069,2425,EuropaLeague,2024-09-26,10264,7855,Braga,Maccabi Tel Aviv,1692.02,1667.22,Braga,MTelAviv,chart/chart
4622024,2425,EuropaLeague,2024-09-26,9810,6033,Eintracht Frankfurt,Viktoria Plzeň,1743.26,1655.28,Frankfurt,ViktoriaPlzen,chart/chart
4622153,2425,EuropaLeague,2024-09-26,9723,248871,FCSB,RFS,,,,,none/none
4622085,2425,EuropaLeague,2024-09-26,9748,8638,Lyon,Olympiacos,1717.86,1693.04,Lyon,Olympiakos,chart/chart
4622021,2425,EuropaLeague,2024-09-26,8686,8315,Roma,Athletic Club,1780.49,1835.82,Roma,athletic-club,chart/chart
4622041,2425,EuropaLeague,2024-09-26,8586,7981,Tottenham Hotspur,Qarabağ FK,1828.34,1624.17,Tottenham,KarabakhAgdam,chart/chart
4622060,2425,EuropaLeague,2024-10-03,8222,8586,Ferencváros,Tottenham Hotspur,1590.23,1841.97,Ferencvaros,Tottenham,chart/chart
4622130,2425,EuropaLeague,2024-10-03,8226,8688,Hoffenheim,Dynamo Kyiv,1685.90,1659.59,Hoffenheim,DynamoKyiv,chart/chart
4622046,2425,EuropaLeague,2024-10-03,8543,9831,Lazio,Nice,1784.17,1722.75,Lazio,Nice,chart/chart
4622053,2425,EuropaLeague,2024-10-03,7855,8113,Maccabi Tel Aviv,FC Midtjylland,1658.16,1650.54,MTelAviv,Midtjylland,chart/chart
4622077,2425,EuropaLeague,2024-10-03,8638,10264,Olympiacos,Braga,1688.59,1698.59,Olympiakos,Braga,chart/chart
4622114,2425,EuropaLeague,2024-10-03,7981,10237,Qarabağ FK,Malmö FF,1621.97,1617.07,KarabakhAgdam,Malmoe,chart/chart
4622075,2425,EuropaLeague,2024-10-03,8560,8635,Real Sociedad,Anderlecht,1801.36,1663.86,Sociedad,Anderlecht,chart/chart
4622160,2425,EuropaLeague,2024-10-03,248871,8637,RFS,Galatasaray,,1794.99,,Galatasaray,none/chart
4622031,2425,EuropaLeague,2024-10-03,7787,8593,Slavia Prague,Ajax,1776.86,1685.52,SlaviaPraha,Ajax,chart/chart
4622143,2425,EuropaLeague,2024-10-03,8315,10229,Athletic Club,AZ Alkmaar,1833.29,1643.99,athletic-club,Alkmaar,chart/chart
4622124,2425,EuropaLeague,2024-10-03,10188,9810,Beşiktaş,Eintracht Frankfurt,1645.26,1744.83,Besiktas,Frankfurt,chart/chart
4622137,2425,EuropaLeague,2024-10-03,8014,8686,Elfsborg,Roma,,1782.84,,Roma,none/chart
4622026,2425,EuropaLeague,2024-10-03,9773,10260,FC Porto,Manchester United,1820.21,1828.63,porto,ManUnited,chart/chart
4622133,2425,EuropaLeague,2024-10-03,8611,8695,FC Twente,Fenerbahçe,1646.75,1786.86,Twente,Fenerbahce,chart/chart
4622067,2425,EuropaLeague,2024-10-03,8619,9723,PAOK Thessaloniki,FCSB,1660.40,,PAOK,,chart/none
4622015,2425,EuropaLeague,2024-10-03,8548,9748,Rangers,Lyon,1671.05,1728.99,Rangers,Lyon,chart/chart
4622090,2425,EuropaLeague,2024-10-03,7978,8402,Union St.Gilloise,Bodø/Glimt,1704.70,1675.28,StGillis,BodoeGlimt,chart/chart
4622122,2425,EuropaLeague,2024-10-03,6033,210173,Viktoria Plzeň,Ludogorets Razgrad,1655.18,1591.25,ViktoriaPlzen,Razgrad,chart/chart
4622070,2425,EuropaLeague,2024-10-23,10264,8402,Braga,Bodø/Glimt,1689.78,1676.41,Braga,BodoeGlimt,chart/chart
4622103,2425,EuropaLeague,2024-10-23,8637,8014,Galatasaray,Elfsborg,1791.85,,Galatasaray,,chart/none
4622025,2425,EuropaLeague,2024-10-24,9810,248871,Eintracht Frankfurt,RFS,1752.83,,Frankfurt,,chart/none
4622110,2425,EuropaLeague,2024-10-24,8113,7978,FC Midtjylland,Union St.Gilloise,1643.35,1705.61,Midtjylland,StGillis,chart/chart
4622063,2425,EuropaLeague,2024-10-24,8222,9831,Ferencváros,Nice,1580.25,1720.55,Ferencvaros,Nice,chart/chart
4622052,2425,EuropaLeague,2024-10-24,7855,8560,Maccabi Tel Aviv,Real Sociedad,1653.19,1793.67,MTelAviv,Sociedad,chart/chart
4622066,2425,EuropaLeague,2024-10-24,8619,6033,PAOK Thessaloniki,Viktoria Plzeň,1656.51,1658.62,PAOK,ViktoriaPlzen,chart/chart
4622112,2425,EuropaLeague,2024-10-24,7981,8593,Qarabağ FK,Ajax,1618.62,1694.31,KarabakhAgdam,Ajax,chart/chart
4622020,2425,EuropaLeague,2024-10-24,8686,8688,Roma,Dynamo Kyiv,1771.34,1656.12,Roma,DynamoKyiv,chart/chart
4622148,2425,EuropaLeague,2024-10-24,8635,210173,Anderlecht,Ludogorets Razgrad,1668.34,1595.63,Anderlecht,Razgrad,chart/chart
4622142,2425,EuropaLeague,2024-10-24,8315,7787,Athletic Club,Slavia Prague,1830.26,1777.56,athletic-club,SlaviaPraha,chart/chart
4622029,2425,EuropaLeague,2024-10-24,9773,8226,FC Porto,Hoffenheim,1822.72,1701.02,porto,Hoffenheim,chart/chart
4622132,2425,EuropaLeague,2024-10-24,8611,8543,FC Twente,Lazio,1640.67,1789.63,Twente,Lazio,chart/chart
4622055,2425,EuropaLeague,2024-10-24,8695,10260,Fenerbahçe,Manchester United,1780.41,1835.64,Fenerbahce,ManUnited,chart/chart
4622087,2425,EuropaLeague,2024-10-24,9748,10188,Lyon,Beşiktaş,1752.46,1638.93,Lyon,Besiktas,chart/chart
4622097,2425,EuropaLeague,2024-10-24,10237,8638,Malmö FF,Olympiacos,1619.12,1686.38,Malmoe,Olympiakos,chart/chart
4622017,2425,EuropaLeague,2024-10-24,8548,9723,Rangers,FCSB,1652.97,,Rangers,,chart/none
4622040,2425,EuropaLeague,2024-10-24,8586,10229,Tottenham Hotspur,AZ Alkmaar,1847.75,1629.93,Tottenham,Alkmaar,chart/chart
4622126,2425,EuropaLeague,2024-11-06,10188,10237,Beşiktaş,Malmö FF,1635.23,1612.94,Besiktas,Malmoe,chart/chart
4622118,2425,EuropaLeague,2024-11-07,8402,7981,Bodø/Glimt,Qarabağ FK,1673.95,1608.32,BodoeGlimt,KarabakhAgdam,chart/chart
4622022,2425,EuropaLeague,2024-11-07,9810,7787,Eintracht Frankfurt,Slavia Prague,1761.42,1770.89,Frankfurt,SlaviaPraha,chart/chart
4622138,2425,EuropaLeague,2024-11-07,8014,10264,Elfsborg,Braga,,1687.21,,Braga,none/chart
4622152,2425,EuropaLeague,2024-11-07,9723,8113,FCSB,FC Midtjylland,,1640.50,,Midtjylland,none/chart
4622100,2425,EuropaLeague,2024-11-07,8637,8586,Galatasaray,Tottenham Hotspur,1794.61,1860.10,Galatasaray,Tottenham,chart/chart
4622095,2425,EuropaLeague,2024-11-07,210173,8315,Ludogorets Razgrad,Athletic Club,1593.27,1829.88,Razgrad,athletic-club,chart/chart
4622157,2425,EuropaLeague,2024-11-07,9831,8611,Nice,FC Twente,1725.73,1642.73,Nice,Twente,chart/chart
4622076,2425,EuropaLeague,2024-11-07,8638,8548,Olympiacos,Rangers,1681.70,1654.72,Olympiakos,Rangers,chart/chart
4622088,2425,EuropaLeague,2024-11-07,7978,8686,Union St.Gilloise,Roma,1688.96,1759.61,StGillis,Roma,chart/chart
4622048,2425,EuropaLeague,2024-11-07,8593,7855,Ajax,Maccabi Tel Aviv,1720.48,1623.28,Ajax,MTelAviv,chart/chart
4622081,2425,EuropaLeague,2024-11-07,10229,8695,AZ Alkmaar,Fenerbahçe,1623.11,1786.04,Alkmaar,Fenerbahce,chart/chart
4622105,2425,EuropaLeague,2024-11-07,8688,8222,Dynamo Kyiv,Ferencváros,1654.13,1581.44,DynamoKyiv,Ferencvaros,chart/chart
4622129,2425,EuropaLeague,2024-11-07,8226,9748,Hoffenheim,Lyon,1689.86,1740.59,Hoffenheim,Lyon,chart/chart
4622043,2425,EuropaLeague,2024-11-07,8543,9773,Lazio,FC Porto,1806.62,1830.44,Lazio,porto,chart/chart
4622036,2425,EuropaLeague,2024-11-07,10260,8619,Manchester United,PAOK Thessaloniki,1837.58,1647.14,ManUnited,PAOK,chart/chart
4622161,2425,EuropaLeague,2024-11-07,248871,8635,RFS,Anderlecht,,1670.52,,Anderlecht,none/chart
4622121,2425,EuropaLeague,2024-11-07,6033,8560,Viktoria Plzeň,Real Sociedad,1658.01,1793.29,ViktoriaPlzen,Sociedad,chart/chart
4622146,2425,EuropaLeague,2024-11-28,8635,9773,Anderlecht,FC Porto,1686.71,1818.27,Anderlecht,porto,chart/chart
4622145,2425,EuropaLeague,2024-11-28,8315,8014,Athletic Club,Elfsborg,1834.27,,athletic-club,,chart/none
4622082,2425,EuropaLeague,2024-11-28,10229,8637,AZ Alkmaar,Galatasaray,1627.99,1804.79,Alkmaar,Galatasaray,chart/chart
4622125,2425,EuropaLeague,2024-11-28,10188,7855,Beşiktaş,Maccabi Tel Aviv,1629.92,1620.91,Besiktas,MTelAviv,chart/chart
4622106,2425,EuropaLeague,2024-11-28,8688,6033,Dynamo Kyiv,Viktoria Plzeň,1640.42,1667.62,DynamoKyiv,ViktoriaPlzen,chart/chart
4622045,2425,EuropaLeague,2024-11-28,8543,210173,Lazio,Ludogorets Razgrad,1821.29,1590.59,Lazio,Razgrad,chart/chart
4622113,2425,EuropaLeague,2024-11-28,7981,9748,Qarabağ FK,Lyon,1623.56,1741.95,KarabakhAgdam,Lyon,chart/chart
4622159,2425,EuropaLeague,2024-11-28,248871,8619,RFS,PAOK Thessaloniki,,1640.40,,PAOK,none/chart
4622071,2425,EuropaLeague,2024-11-28,10264,8226,Braga,Hoffenheim,1683.92,1696.19,Braga,Hoffenheim,chart/chart
4622151,2425,EuropaLeague,2024-11-28,9723,8638,FCSB,Olympiacos,,1688.31,,Olympiakos,none/chart
4622108,2425,EuropaLeague,2024-11-28,8113,9810,FC Midtjylland,Eintracht Frankfurt,1629.41,1775.87,Midtjylland,Frankfurt,chart/chart
4622134,2425,EuropaLeague,2024-11-28,8611,7978,FC Twente,Union St.Gilloise,1651.05,1693.54,Twente,StGillis,chart/chart
4622062,2425,EuropaLeague,2024-11-28,8222,10237,Ferencváros,Malmö FF,1597.17,1613.04,Ferencvaros,Malmoe,chart/chart
4622037,2425,EuropaLeague,2024-11-28,10260,8402,Manchester United,Bodø/Glimt,1839.50,1663.02,ManUnited,BodoeGlimt,chart/chart
4622154,2425,EuropaLeague,2024-11-28,9831,8548,Nice,Rangers,1727.54,1652.75,Nice,Rangers,chart/chart
4622072,2425,EuropaLeague,2024-11-28,8560,8593,Real Sociedad,Ajax,1790.24,1728.06,Sociedad,Ajax,chart/chart
4622032,2425,EuropaLeague,2024-11-28,7787,8695,Slavia Prague,Fenerbahçe,1769.38,1784.21,SlaviaPraha,Fenerbahce,chart/chart
4622039,2425,EuropaLeague,2024-11-28,8586,8686,Tottenham Hotspur,Roma,1862.80,1750.89,Tottenham,Roma,chart/chart
4622058,2425,EuropaLeague,2024-12-11,8695,8315,Fenerbahçe,Athletic Club,1784.43,1852.05,Fenerbahce,athletic-club,chart/chart
4622131,2425,EuropaLeague,2024-12-12,8226,9723,Hoffenheim,FCSB,1676.24,,Hoffenheim,,chart/none
4622093,2425,EuropaLeague,2024-12-12,210173,10229,Ludogorets Razgrad,AZ Alkmaar,1604.78,1637.76,Razgrad,Alkmaar,chart/chart
4622098,2425,EuropaLeague,2024-12-12,10237,8637,Malmö FF,Galatasaray,1605.11,1799.31,Malmoe,Galatasaray,chart/chart
4622079,2425,EuropaLeague,2024-12-12,8638,8611,Olympiacos,FC Twente,1694.40,1642.81,Olympiakos,Twente,chart/chart
4622065,2425,EuropaLeague,2024-12-12,8619,8222,PAOK Thessaloniki,Ferencváros,1643.84,1596.85,PAOK,Ferencvaros,chart/chart
4622019,2425,EuropaLeague,2024-12-12,8686,10264,Roma,Braga,1753.77,1686.71,Roma,Braga,chart/chart
4622091,2425,EuropaLeague,2024-12-12,7978,9831,Union St.Gilloise,Nice,1703.58,1707.73,StGillis,Nice,chart/chart
4622120,2425,EuropaLeague,2024-12-12,6033,10260,Viktoria Plzeň,Manchester United,1672.53,1836.37,ViktoriaPlzen,ManUnited,chart/chart
4622047,2425,EuropaLeague,2024-12-12,8593,8543,Ajax,Lazio,1718.96,1816.38,Ajax,Lazio,chart/chart
4622119,2425,EuropaLeague,2024-12-12,8402,10188,Bodø/Glimt,Beşiktaş,1662.36,1625.07,BodoeGlimt,Besiktas,chart/chart
4622139,2425,EuropaLeague,2024-12-12,8014,7981,Elfsborg,Qarabağ FK,,1617.03,,KarabakhAgdam,none/chart
4622028,2425,EuropaLeague,2024-12-12,9773,8113,FC Porto,FC Midtjylland,1814.67,1629.56,porto,Midtjylland,chart/chart
4622084,2425,EuropaLeague,2024-12-12,9748,9810,Lyon,Eintracht Frankfurt,1759.90,1777.82,Lyon,Frankfurt,chart/chart
4622054,2425,EuropaLeague,2024-12-12,7855,248871,Maccabi Tel Aviv,RFS,1625.03,,MTelAviv,,chart/none
4622014,2425,EuropaLeague,2024-12-12,8548,8586,Rangers,Tottenham Hotspur,1675.41,1846.81,Rangers,Tottenham,chart/chart
4622074,2425,EuropaLeague,2024-12-12,8560,8688,Real Sociedad,Dynamo Kyiv,1805.55,1632.03,Sociedad,DynamoKyiv,chart/chart
4622034,2425,EuropaLeague,2024-12-12,7787,8635,Slavia Prague,Anderlecht,1770.08,1691.59,SlaviaPraha,Anderlecht,chart/chart
4622102,2425,EuropaLeague,2025-01-21,8637,8688,Galatasaray,Dynamo Kyiv,1801.32,1628.67,Galatasaray,DynamoKyiv,chart/chart
4622127,2425,EuropaLeague,2025-01-22,10188,8315,Beşiktaş,Athletic Club,1612.90,1845.11,Besiktas,athletic-club,chart/chart
4622080,2425,EuropaLeague,2025-01-23,10229,8686,AZ Alkmaar,Roma,1659.28,1770.70,Alkmaar,Roma,chart/chart
4622117,2425,EuropaLeague,2025-01-23,8402,7855,Bodø/Glimt,Maccabi Tel Aviv,1665.19,1630.08,BodoeGlimt,MTelAviv,chart/chart
4622027,2425,EuropaLeague,2025-01-23,9773,8638,FC Porto,Olympiacos,1790.97,1695.89,porto,Olympiakos,chart/chart
4622056,2425,EuropaLeague,2025-01-23,8695,9748,Fenerbahçe,Lyon,1784.76,1754.51,Fenerbahce,Lyon,chart/chart
4622128,2425,EuropaLeague,2025-01-23,8226,8586,Hoffenheim,Tottenham Hotspur,1669.19,1836.86,Hoffenheim,Tottenham,chart/chart
4622099,2425,EuropaLeague,2025-01-23,10237,8611,Malmö FF,FC Twente,1608.49,1629.33,Malmoe,Twente,chart/chart
4622115,2425,EuropaLeague,2025-01-23,7981,9723,Qarabağ FK,FCSB,1616.64,,KarabakhAgdam,,chart/none
4622123,2425,EuropaLeague,2025-01-23,6033,8635,Viktoria Plzeň,Anderlecht,1669.63,1688.75,ViktoriaPlzen,Anderlecht,chart/chart
4622023,2425,EuropaLeague,2025-01-23,9810,8222,Eintracht Frankfurt,Ferencváros,1776.53,1590.28,Frankfurt,Ferencvaros,chart/chart
4622140,2425,EuropaLeague,2025-01-23,8014,9831,Elfsborg,Nice,,1713.78,,Nice,none/chart
4622044,2425,EuropaLeague,2025-01-23,8543,8560,Lazio,Real Sociedad,1811.03,1805.70,Lazio,Sociedad,chart/chart
4622094,2425,EuropaLeague,2025-01-23,210173,8113,Ludogorets Razgrad,FC Midtjylland,1607.08,1626.25,Razgrad,Midtjylland,chart/chart
4622035,2425,EuropaLeague,2025-01-23,10260,8548,Manchester United,Rangers,1822.89,1668.83,ManUnited,Rangers,chart/chart
4622064,2425,EuropaLeague,2025-01-23,8619,7787,PAOK Thessaloniki,Slavia Prague,1637.90,1750.94,PAOK,SlaviaPraha,chart/chart
4622158,2425,EuropaLeague,2025-01-23,248871,8593,RFS,Ajax,,1715.54,,Ajax,none/chart
4622089,2425,EuropaLeague,2025-01-23,7978,10264,Union St.Gilloise,Braga,1712.20,1685.76,StGillis,Braga,chart/chart
4622049,2425,EuropaLeague,2025-01-30,8593,8637,Ajax,Galatasaray,1709.84,1799.01,Ajax,Galatasaray,chart/chart
4622149,2425,EuropaLeague,2025-01-30,8635,8226,Anderlecht,Hoffenheim,1686.40,1665.43,Anderlecht,Hoffenheim,chart/chart
4622144,2425,EuropaLeague,2025-01-30,8315,6033,Athletic Club,Viktoria Plzeň,1827.01,1673.56,athletic-club,ViktoriaPlzen,chart/chart
4622068,2425,EuropaLeague,2025-01-30,10264,8543,Braga,Lazio,1683.54,1809.75,Braga,Lazio,chart/chart
4622107,2425,EuropaLeague,2025-01-30,8688,248871,Dynamo Kyiv,RFS,1633.31,,DynamoKyiv,,chart/none
4622150,2425,EuropaLeague,2025-01-30,9723,10260,FCSB,Manchester United,,1828.51,,ManUnited,none/chart
4622109,2425,EuropaLeague,2025-01-30,8113,8695,FC Midtjylland,Fenerbahçe,1633.93,1785.56,Midtjylland,Fenerbahce,chart/chart
4622135,2425,EuropaLeague,2025-01-30,8611,10188,FC Twente,Beşiktaş,1637.77,1626.36,Twente,Besiktas,chart/chart
4622061,2425,EuropaLeague,2025-01-30,8222,10229,Ferencváros,AZ Alkmaar,1587.12,1656.32,Ferencvaros,Alkmaar,chart/chart
4622086,2425,EuropaLeague,2025-01-30,9748,210173,Lyon,Ludogorets Razgrad,1754.28,1597.26,Lyon,Razgrad,chart/chart
4622051,2425,EuropaLeague,2025-01-30,7855,9773,Maccabi Tel Aviv,FC Porto,1626.23,1775.29,MTelAviv,porto,chart/chart
4622156,2425,EuropaLeague,2025-01-30,9831,8402,Nice,Bodø/Glimt,1715.38,1670.92,Nice,BodoeGlimt,chart/chart
4622078,2425,EuropaLeague,2025-01-30,8638,7981,Olympiacos,Qarabağ FK,1703.84,1598.99,Olympiakos,KarabakhAgdam,chart/chart
4622016,2425,EuropaLeague,2025-01-30,8548,7978,Rangers,Union St.Gilloise,1669.97,1717.56,Rangers,StGillis,chart/chart
4622073,2425,EuropaLeague,2025-01-30,8560,8619,Real Sociedad,PAOK Thessaloniki,1785.81,1648.63,Sociedad,PAOK,chart/chart
4622018,2425,EuropaLeague,2025-01-30,8686,9810,Roma,Eintracht Frankfurt,1769.27,1776.67,Roma,Frankfurt,chart/chart
4622033,2425,EuropaLeague,2025-01-30,7787,10237,Slavia Prague,Malmö FF,1741.27,1603.14,SlaviaPraha,Malmoe,chart/chart
4622042,2425,EuropaLeague,2025-01-30,8586,8014,Tottenham Hotspur,Elfsborg,1830.95,,Tottenham,,chart/none
4723942,2425,EuropaLeague,2025-02-13,8113,8560,FC Midtjylland,Real Sociedad,1635.52,1791.72,Midtjylland,Sociedad,chart/chart
4723938,2425,EuropaLeague,2025-02-13,8695,8635,Fenerbahçe,Anderlecht,1786.66,1678.03,Fenerbahce,Anderlecht,chart/chart
4723943,2425,EuropaLeague,2025-02-13,8222,6033,Ferencváros,Viktoria Plzeň,1580.86,1663.05,Ferencvaros,ViktoriaPlzen,chart/chart
4723939,2425,EuropaLeague,2025-02-13,7978,8593,Union St.Gilloise,Ajax,1715.13,1720.89,StGillis,Ajax,chart/chart
4723941,2425,EuropaLeague,2025-02-13,10229,8637,AZ Alkmaar,Galatasaray,1658.00,1794.21,Alkmaar,Galatasaray,chart/chart
4723944,2425,EuropaLeague,2025-02-13,9773,8686,FC Porto,Roma,1777.22,1772.41,porto,Roma,chart/chart
4723937,2425,EuropaLeague,2025-02-13,8611,8402,FC Twente,Bodø/Glimt,1637.79,1673.11,Twente,BodoeGlimt,chart/chart
4723940,2425,EuropaLeague,2025-02-13,8619,9723,PAOK Thessaloniki,FCSB,1644.69,,PAOK,,chart/none
4723945,2425,EuropaLeague,2025-02-20,8402,8611,Bodø/Glimt,FC Twente,1666.94,1646.51,BodoeGlimt,Twente,chart/chart
4723948,2425,EuropaLeague,2025-02-20,9723,8619,FCSB,PAOK Thessaloniki,,1637.99,,PAOK,none/chart
4723949,2425,EuropaLeague,2025-02-20,8637,10229,Galatasaray,AZ Alkmaar,1784.96,1670.07,Galatasaray,Alkmaar,chart/chart
4723952,2425,EuropaLeague,2025-02-20,8686,9773,Roma,FC Porto,1775.94,1775.86,Roma,porto,chart/chart
4723947,2425,EuropaLeague,2025-02-20,8593,7978,Ajax,Union St.Gilloise,1733.42,1697.23,Ajax,StGillis,chart/chart
4723946,2425,EuropaLeague,2025-02-20,8635,8695,Anderlecht,Fenerbahçe,1675.69,1791.34,Anderlecht,Fenerbahce,chart/chart
4723950,2425,EuropaLeague,2025-02-20,8560,8113,Real Sociedad,FC Midtjylland,1789.52,1630.88,Sociedad,Midtjylland,chart/chart
4723951,2425,EuropaLeague,2025-02-20,6033,8222,Viktoria Plzeň,Ferencváros,1660.32,1576.03,ViktoriaPlzen,Ferencvaros,chart/chart
4737588,2425,EuropaLeague,2025-03-06,10229,8586,AZ Alkmaar,Tottenham Hotspur,1661.62,1835.38,Alkmaar,Tottenham,chart/chart
4737590,2425,EuropaLeague,2025-03-06,9723,9748,FCSB,Lyon,,1754.05,,Lyon,none/chart
4737591,2425,EuropaLeague,2025-03-06,8695,8548,Fenerbahçe,Rangers,1792.73,1655.22,Fenerbahce,Rangers,chart/chart
4737589,2425,EuropaLeague,2025-03-06,8560,10260,Real Sociedad,Manchester United,1788.80,1822.59,Sociedad,ManUnited,chart/chart
4737587,2425,EuropaLeague,2025-03-06,8593,9810,Ajax,Eintracht Frankfurt,1733.04,1762.73,Ajax,Frankfurt,chart/chart
4737586,2425,EuropaLeague,2025-03-06,8402,8638,Bodø/Glimt,Olympiacos,1677.59,1710.80,BodoeGlimt,Olympiakos,chart/chart
4737592,2425,EuropaLeague,2025-03-06,8686,8315,Roma,Athletic Club,1783.36,1835.69,Roma,athletic-club,chart/chart
4737585,2425,EuropaLeague,2025-03-06,6033,8543,Viktoria Plzeň,Lazio,1662.91,1806.66,ViktoriaPlzen,Lazio,chart/chart
4737600,2425,EuropaLeague,2025-03-13,8315,8686,Athletic Club,Roma,1827.56,1790.16,athletic-club,Roma,chart/chart
4737595,2425,EuropaLeague,2025-03-13,9810,8593,Eintracht Frankfurt,Ajax,1761.07,1729.44,Frankfurt,Ajax,chart/chart
4737593,2425,EuropaLeague,2025-03-13,8543,6033,Lazio,Viktoria Plzeň,1807.52,1654.43,Lazio,ViktoriaPlzen,chart/chart
4737594,2425,EuropaLeague,2025-03-13,8638,8402,Olympiacos,Bodø/Glimt,1706.12,1686.60,Olympiakos,BodoeGlimt,chart/chart
4737598,2425,EuropaLeague,2025-03-13,9748,9723,Lyon,FCSB,1765.64,,Lyon,,chart/none
4737597,2425,EuropaLeague,2025-03-13,10260,8560,Manchester United,Real Sociedad,1825.52,1782.17,ManUnited,Sociedad,chart/chart
4737599,2425,EuropaLeague,2025-03-13,8548,8695,Rangers,Fenerbahçe,1668.62,1779.20,Rangers,Fenerbahce,chart/chart
4737596,2425,EuropaLeague,2025-03-13,8586,10229,Tottenham Hotspur,AZ Alkmaar,1829.62,1666.36,Tottenham,Alkmaar,chart/chart
4737716,2425,EuropaLeague,2025-04-10,8402,8543,Bodø/Glimt,Lazio,1685.66,1798.23,BodoeGlimt,Lazio,chart/chart
4737719,2425,EuropaLeague,2025-04-10,9748,10260,Lyon,Manchester United,1769.96,1831.62,Lyon,ManUnited,chart/chart
4737718,2425,EuropaLeague,2025-04-10,8548,8315,Rangers,Athletic Club,1657.19,1833.41,Rangers,athletic-club,chart/chart
4737717,2425,EuropaLeague,2025-04-10,8586,9810,Tottenham Hotspur,Eintracht Frankfurt,1824.40,1768.36,Tottenham,Frankfurt,chart/chart
4737722,2425,EuropaLeague,2025-04-17,8315,8548,Athletic Club,Rangers,1835.28,1657.10,athletic-club,Rangers,chart/chart
4737721,2425,EuropaLeague,2025-04-17,9810,8586,Eintracht Frankfurt,Tottenham Hotspur,1773.57,1815.88,Frankfurt,Tottenham,chart/chart
4737720,2425,EuropaLeague,2025-04-17,8543,8402,Lazio,Bodø/Glimt,1790.77,1695.04,Lazio,BodoeGlimt,chart/chart
4737723,2425,EuropaLeague,2025-04-17,10260,9748,Manchester United,Lyon,1827.12,1775.08,ManUnited,Lyon,chart/chart
4737725,2425,EuropaLeague,2025-05-01,8315,10260,Athletic Club,Manchester United,1835.82,1821.90,athletic-club,ManUnited,chart/chart
4737724,2425,EuropaLeague,2025-05-01,8586,8402,Tottenham Hotspur,Bodø/Glimt,1811.72,1691.92,Tottenham,BodoeGlimt,chart/chart
4737726,2425,EuropaLeague,2025-05-08,8402,8586,Bodø/Glimt,Tottenham Hotspur,1688.22,1815.24,BodoeGlimt,Tottenham,chart/chart
4737727,2425,EuropaLeague,2025-05-08,10260,8315,Manchester United,Athletic Club,1827.85,1824.89,ManUnited,athletic-club,chart/chart
4737728,2425,EuropaLeague,2025-05-21,8586,10260,Tottenham Hotspur,Manchester United,1809.86,1822.63,Tottenham,ManUnited,chart/chart
4947854,2526,EuropaLeague,2025-09-24,8113,10014,FC Midtjylland,Sturm Graz,1659.53,1645.85,Midtjylland,SturmGraz,chart/chart
4947825,2526,EuropaLeague,2025-09-24,8619,7855,PAOK Thessaloniki,Maccabi Tel Aviv,1632.73,1641.57,PAOK,MTelAviv,chart/chart
4947812,2526,EuropaLeague,2025-09-24,10264,10235,Braga,Feyenoord,1691.78,1760.14,Braga,Feyenoord,chart/chart
4947793,2526,EuropaLeague,2025-09-24,10156,8695,Dinamo Zagreb,Fenerbahçe,1622.74,1763.86,DinamoZagreb,Fenerbahce,chart/chart
4947817,2526,EuropaLeague,2025-09-24,8687,9925,FK Crvena Zvezda,Celtic,1690.13,1714.05,CrvenaZvezda,Celtic,chart/chart
4947858,2526,EuropaLeague,2025-09-24,8358,9931,Freiburg,Basel,1726.83,1609.28,Freiburg,fc-basel-1893,chart/chart
4947899,2526,EuropaLeague,2025-09-24,10237,210173,Malmö FF,Ludogorets Razgrad,1609.15,1558.12,Malmoe,Razgrad,chart/chart
4947876,2526,EuropaLeague,2025-09-24,9831,8686,Nice,Roma,1699.39,1809.33,Nice,Roma,chart/chart
4947798,2526,EuropaLeague,2025-09-24,8603,10203,Real Betis,Nottingham Forest,1777.46,1756.73,Betis,Forest,chart/chart
4947903,2526,EuropaLeague,2025-09-25,6433,9723,Go Ahead Eagles,FCSB,,,,,none/none
4947787,2526,EuropaLeague,2025-09-25,8639,8468,Lille,Brann,1791.22,1591.99,Lille,Brann,chart/chart
4947807,2526,EuropaLeague,2025-09-25,10252,9857,Aston Villa,Bologna,1838.59,1776.10,AstonVilla,Bologna,chart/chart
4947906,2526,EuropaLeague,2025-09-25,9908,9748,FC Utrecht,Lyon,1608.30,1761.41,Utrecht,Lyon,chart/chart
4947833,2526,EuropaLeague,2025-09-25,8222,6033,Ferencváros,Viktoria Plzeň,1601.88,1652.03,Ferencvaros,ViktoriaPlzen,chart/chart
4947791,2526,EuropaLeague,2025-09-25,8548,9987,Rangers,Genk,1624.64,1658.36,Rangers,Genk,chart/chart
4947800,2526,EuropaLeague,2025-09-25,10013,9773,Salzburg,FC Porto,1638.76,1771.39,rbsalzburg,porto,chart/chart
4947892,2526,EuropaLeague,2025-09-25,10269,9910,VfB Stuttgart,Celta Vigo,1773.75,1728.28,Stuttgart,rc-celta,chart/chart
4947847,2526,EuropaLeague,2025-09-25,10192,10200,Young Boys,Panathinaikos,1613.58,1597.33,YoungBoys,Panathinaikos,chart/chart
4947883,2526,EuropaLeague,2025-10-02,9857,8358,Bologna,Freiburg,1769.23,1727.68,Bologna,Freiburg,chart/chart
4947916,2526,EuropaLeague,2025-10-02,8468,9908,Brann,FC Utrecht,1592.73,1598.10,Brann,Utrecht,chart/chart
4947837,2526,EuropaLeague,2025-10-02,9925,10264,Celtic,Braga,1708.71,1686.53,Celtic,Braga,chart/chart
4947874,2526,EuropaLeague,2025-10-02,9723,10192,FCSB,Young Boys,,1603.13,,YoungBoys,none/chart
4947810,2526,EuropaLeague,2025-10-02,8695,9831,Fenerbahçe,Nice,1755.68,1691.86,Fenerbahce,Nice,chart/chart
4947860,2526,EuropaLeague,2025-10-02,210173,8603,Ludogorets Razgrad,Real Betis,1568.33,1778.75,Razgrad,Betis,chart/chart
4947896,2526,EuropaLeague,2025-10-02,10200,6433,Panathinaikos,Go Ahead Eagles,1614.46,,Panathinaikos,,chart/none
4947772,2526,EuropaLeague,2025-10-02,8686,8639,Roma,Lille,1816.74,1786.94,Roma,Lille,chart/chart
4947831,2526,EuropaLeague,2025-10-02,6033,10237,Viktoria Plzeň,Malmö FF,1640.80,1602.94,ViktoriaPlzen,Malmoe,chart/chart
4947851,2526,EuropaLeague,2025-10-02,9931,10269,Basel,VfB Stuttgart,1594.76,1780.93,fc-basel-1893,Stuttgart,chart/chart
4947886,2526,EuropaLeague,2025-10-02,9910,8619,Celta Vigo,PAOK Thessaloniki,1719.05,1628.81,rc-celta,PAOK,chart/chart
4947777,2526,EuropaLeague,2025-10-02,9773,8687,FC Porto,FK Crvena Zvezda,1781.93,1689.17,porto,CrvenaZvezda,chart/chart
4947780,2526,EuropaLeague,2025-10-02,10235,10252,Feyenoord,Aston Villa,1754.86,1847.75,Feyenoord,AstonVilla,chart/chart
4947910,2526,EuropaLeague,2025-10-02,9987,8222,Genk,Ferencváros,1668.62,1609.60,Genk,Ferencvaros,chart/chart
4947820,2526,EuropaLeague,2025-10-02,9748,10013,Lyon,Salzburg,1773.04,1635.70,Lyon,rbsalzburg,chart/chart
4947840,2526,EuropaLeague,2025-10-02,7855,10156,Maccabi Tel Aviv,Dinamo Zagreb,1638.44,1638.32,MTelAviv,DinamoZagreb,chart/chart
4947866,2526,EuropaLeague,2025-10-02,10203,8113,Nottingham Forest,FC Midtjylland,1749.79,1667.30,Forest,Midtjylland,chart/chart
4947868,2526,EuropaLeague,2025-10-02,10014,8548,Sturm Graz,Rangers,1641.88,1619.57,SturmGraz,Rangers,chart/chart
4947813,2526,EuropaLeague,2025-10-23,10264,8687,Braga,FK Crvena Zvezda,1699.34,1689.35,Braga,CrvenaZvezda,chart/chart
4947913,2526,EuropaLeague,2025-10-23,8468,8548,Brann,Rangers,1593.44,1603.89,Brann,Rangers,chart/chart
4947875,2526,EuropaLeague,2025-10-23,9723,9857,FCSB,Bologna,,1778.58,,Bologna,none/chart
4947811,2526,EuropaLeague,2025-10-23,8695,10269,Fenerbahçe,VfB Stuttgart,1760.27,1780.80,Fenerbahce,Stuttgart,chart/chart
4947909,2526,EuropaLeague,2025-10-23,9987,8603,Genk,Real Betis,1657.53,1790.17,Genk,Betis,chart/chart
4947901,2526,EuropaLeague,2025-10-23,6433,10252,Go Ahead Eagles,Aston Villa,,1861.78,,AstonVilla,none/chart
4947822,2526,EuropaLeague,2025-10-23,9748,9931,Lyon,Basel,1762.90,1620.95,Lyon,fc-basel-1893,chart/chart
4947801,2526,EuropaLeague,2025-10-23,10013,8222,Salzburg,Ferencváros,1631.23,1611.80,rbsalzburg,Ferencvaros,chart/chart
4947887,2526,EuropaLeague,2025-10-23,9910,9831,Celta Vigo,Nice,1726.79,1698.28,rc-celta,Nice,chart/chart
4947838,2526,EuropaLeague,2025-10-23,9925,10014,Celtic,Sturm Graz,1680.33,1651.41,Celtic,SturmGraz,chart/chart
4947783,2526,EuropaLeague,2025-10-23,10235,10200,Feyenoord,Panathinaikos,1754.98,1602.69,Feyenoord,Panathinaikos,chart/chart
4947859,2526,EuropaLeague,2025-10-23,8358,9908,Freiburg,FC Utrecht,1729.67,1592.57,Freiburg,Utrecht,chart/chart
4947785,2526,EuropaLeague,2025-10-23,8639,8619,Lille,PAOK Thessaloniki,1803.61,1634.43,Lille,PAOK,chart/chart
4947842,2526,EuropaLeague,2025-10-23,7855,8113,Maccabi Tel Aviv,FC Midtjylland,1625.55,1679.07,MTelAviv,Midtjylland,chart/chart
4947897,2526,EuropaLeague,2025-10-23,10237,10156,Malmö FF,Dinamo Zagreb,1588.62,1642.78,Malmoe,DinamoZagreb,chart/chart
4947864,2526,EuropaLeague,2025-10-23,10203,9773,Nottingham Forest,FC Porto,1732.02,1785.46,Forest,porto,chart/chart
4947773,2526,EuropaLeague,2025-10-23,8686,6033,Roma,Viktoria Plzeň,1810.78,1644.81,Roma,ViktoriaPlzen,chart/chart
4947846,2526,EuropaLeague,2025-10-23,10192,210173,Young Boys,Ludogorets Razgrad,1595.44,1555.85,YoungBoys,Razgrad,chart/chart
4947850,2526,EuropaLeague,2025-11-06,9931,9723,Basel,FCSB,1611.62,,fc-basel-1893,,chart/none
4947795,2526,EuropaLeague,2025-11-06,10156,9910,Dinamo Zagreb,Celta Vigo,1636.30,1742.90,DinamoZagreb,rc-celta,chart/chart
4947853,2526,EuropaLeague,2025-11-06,8113,9925,FC Midtjylland,Celtic,1685.38,1683.97,Midtjylland,Celtic,chart/chart
4947905,2526,EuropaLeague,2025-11-06,9908,9773,FC Utrecht,FC Porto,1589.80,1783.09,Utrecht,porto,chart/chart
4947816,2526,EuropaLeague,2025-11-06,8687,8639,FK Crvena Zvezda,Lille,1658.95,1784.73,CrvenaZvezda,Lille,chart/chart
4947900,2526,EuropaLeague,2025-11-06,10237,10200,Malmö FF,Panathinaikos,1580.97,1594.38,Malmoe,Panathinaikos,chart/chart
4947878,2526,EuropaLeague,2025-11-06,9831,8358,Nice,Freiburg,1714.20,1731.78,Nice,Freiburg,chart/chart
4947803,2526,EuropaLeague,2025-11-06,10013,6433,Salzburg,Go Ahead Eagles,1630.14,,rbsalzburg,,chart/none
4947870,2526,EuropaLeague,2025-11-06,10014,10203,Sturm Graz,Nottingham Forest,1636.61,1734.70,SturmGraz,Forest,chart/chart
4947805,2526,EuropaLeague,2025-11-06,10252,7855,Aston Villa,Maccabi Tel Aviv,1853.13,1618.97,AstonVilla,MTelAviv,chart/chart
4947884,2526,EuropaLeague,2025-11-06,9857,8468,Bologna,Brann,1782.69,1589.71,Bologna,Brann,chart/chart
4947815,2526,EuropaLeague,2025-11-06,10264,9987,Braga,Genk,1703.66,1659.51,Braga,Genk,chart/chart
4947834,2526,EuropaLeague,2025-11-06,8222,210173,Ferencváros,Ludogorets Razgrad,1610.99,1544.94,Ferencvaros,Razgrad,chart/chart
4947826,2526,EuropaLeague,2025-11-06,8619,10192,PAOK Thessaloniki,Young Boys,1652.50,1596.05,PAOK,YoungBoys,chart/chart
4947788,2526,EuropaLeague,2025-11-06,8548,8686,Rangers,Roma,1603.30,1801.34,Rangers,Roma,chart/chart
4947797,2526,EuropaLeague,2025-11-06,8603,9748,Real Betis,Lyon,1786.89,1766.98,Betis,Lyon,chart/chart
4947889,2526,EuropaLeague,2025-11-06,10269,10235,VfB Stuttgart,Feyenoord,1778.93,1761.89,Stuttgart,Feyenoord,chart/chart
4947829,2526,EuropaLeague,2025-11-06,6033,8695,Viktoria Plzeň,Fenerbahçe,1661.46,1774.15,ViktoriaPlzen,Fenerbahce,chart/chart
4947806,2526,EuropaLeague,2025-11-27,10252,10192,Aston Villa,Young Boys,1866.29,1600.38,AstonVilla,YoungBoys,chart/chart
4947778,2526,EuropaLeague,2025-11-27,9773,9831,FC Porto,Nice,1782.81,1689.23,porto,Nice,chart/chart
4947809,2526,EuropaLeague,2025-11-27,8695,8222,Fenerbahçe,Ferencváros,1778.84,1601.39,Fenerbahce,Ferencvaros,chart/chart
4947781,2526,EuropaLeague,2025-11-27,10235,9925,Feyenoord,Celtic,1733.73,1681.24,Feyenoord,Celtic,chart/chart
4947784,2526,EuropaLeague,2025-11-27,8639,10156,Lille,Dinamo Zagreb,1772.52,1621.10,Lille,DinamoZagreb,chart/chart
4947863,2526,EuropaLeague,2025-11-27,210173,9910,Ludogorets Razgrad,Celta Vigo,1532.63,1752.91,Razgrad,rc-celta,chart/chart
4947827,2526,EuropaLeague,2025-11-27,8619,8468,PAOK Thessaloniki,Brann,1654.73,1580.41,PAOK,Brann,chart/chart
4947774,2526,EuropaLeague,2025-11-27,8686,8113,Roma,FC Midtjylland,1814.28,1687.81,Roma,Midtjylland,chart/chart
4947830,2526,EuropaLeague,2025-11-27,6033,8358,Viktoria Plzeň,Freiburg,1654.99,1744.83,ViktoriaPlzen,Freiburg,chart/chart
4947880,2526,EuropaLeague,2025-11-27,9857,10013,Bologna,Salzburg,1792.70,1623.82,Bologna,rbsalzburg,chart/chart
4947818,2526,EuropaLeague,2025-11-27,8687,9723,FK Crvena Zvezda,FCSB,1653.41,,CrvenaZvezda,,chart/none
4947911,2526,EuropaLeague,2025-11-27,9987,9931,Genk,Basel,1658.05,1605.22,Genk,fc-basel-1893,chart/chart
4947904,2526,EuropaLeague,2025-11-27,6433,10269,Go Ahead Eagles,VfB Stuttgart,,1790.85,,Stuttgart,none/chart
4947841,2526,EuropaLeague,2025-11-27,7855,9748,Maccabi Tel Aviv,Lyon,1600.97,1755.58,MTelAviv,Lyon,chart/chart
4947867,2526,EuropaLeague,2025-11-27,10203,10237,Nottingham Forest,Malmö FF,1760.34,1578.09,Forest,Malmoe,chart/chart
4947895,2526,EuropaLeague,2025-11-27,10200,10014,Panathinaikos,Sturm Graz,1610.13,1624.60,Panathinaikos,SturmGraz,chart/chart
4947789,2526,EuropaLeague,2025-11-27,8548,10264,Rangers,Braga,1602.01,1698.07,Rangers,Braga,chart/chart
4947799,2526,EuropaLeague,2025-11-27,8603,9908,Real Betis,FC Utrecht,1789.02,1592.24,Betis,Utrecht,chart/chart
4947792,2526,EuropaLeague,2025-12-11,10156,8603,Dinamo Zagreb,Real Betis,1616.04,1790.19,DinamoZagreb,Betis,chart/chart
4947855,2526,EuropaLeague,2025-12-11,8113,9987,FC Midtjylland,Genk,1688.89,1650.50,Midtjylland,Genk,chart/chart
4947907,2526,EuropaLeague,2025-12-11,9908,10203,FC Utrecht,Nottingham Forest,1587.99,1751.97,Utrecht,Forest,chart/chart
4947832,2526,EuropaLeague,2025-12-11,8222,8548,Ferencváros,Rangers,1612.10,1599.21,Ferencvaros,Rangers,chart/chart
4947861,2526,EuropaLeague,2025-12-11,210173,8619,Ludogorets Razgrad,PAOK Thessaloniki,1539.70,1658.15,Razgrad,PAOK,chart/chart
4947877,2526,EuropaLeague,2025-12-11,9831,10264,Nice,Braga,1671.80,1706.24,Nice,Braga,chart/chart
4947869,2526,EuropaLeague,2025-12-11,10014,8687,Sturm Graz,FK Crvena Zvezda,1609.68,1648.79,SturmGraz,CrvenaZvezda,chart/chart
4947890,2526,EuropaLeague,2025-12-11,10269,7855,VfB Stuttgart,Maccabi Tel Aviv,1786.73,1585.60,Stuttgart,MTelAviv,chart/chart
4947844,2526,EuropaLeague,2025-12-11,10192,8639,Young Boys,Lille,1589.40,1786.60,YoungBoys,Lille,chart/chart
4947848,2526,EuropaLeague,2025-12-11,9931,10252,Basel,Aston Villa,1599.89,1878.54,fc-basel-1893,AstonVilla,chart/chart
4947914,2526,EuropaLeague,2025-12-11,8468,8695,Brann,Fenerbahçe,1584.65,1769.18,Brann,Fenerbahce,chart/chart
4947888,2526,EuropaLeague,2025-12-11,9910,9857,Celta Vigo,Bologna,1745.48,1786.29,rc-celta,Bologna,chart/chart
4947836,2526,EuropaLeague,2025-12-11,9925,8686,Celtic,Roma,1685.45,1802.71,Celtic,Roma,chart/chart
4947872,2526,EuropaLeague,2025-12-11,9723,10235,FCSB,Feyenoord,,1726.65,,Feyenoord,none/chart
4947779,2526,EuropaLeague,2025-12-11,9773,10237,FC Porto,Malmö FF,1790.43,1574.29,porto,Malmoe,chart/chart
4947856,2526,EuropaLeague,2025-12-11,8358,10013,Freiburg,Salzburg,1746.85,1620.32,Freiburg,rbsalzburg,chart/chart
4947823,2526,EuropaLeague,2025-12-11,9748,6433,Lyon,Go Ahead Eagles,1762.70,,Lyon,,chart/none
4947894,2526,EuropaLeague,2025-12-11,10200,6033,Panathinaikos,Viktoria Plzeň,1603.49,1643.54,Panathinaikos,ViktoriaPlzen,chart/chart
4947882,2526,EuropaLeague,2026-01-22,9857,9925,Bologna,Celtic,1766.30,1652.04,Bologna,Celtic,chart/chart
4947915,2526,EuropaLeague,2026-01-22,8468,8113,Brann,FC Midtjylland,1576.88,1693.67,Brann,Midtjylland,chart/chart
4947808,2526,EuropaLeague,2026-01-22,8695,10252,Fenerbahçe,Aston Villa,1781.43,1886.45,Fenerbahce,AstonVilla,chart/chart
4947782,2526,EuropaLeague,2026-01-22,10235,10014,Feyenoord,Sturm Graz,1687.73,1593.67,Feyenoord,SturmGraz,chart/chart
4947857,2526,EuropaLeague,2026-01-22,8358,7855,Freiburg,Maccabi Tel Aviv,1750.78,1568.71,Freiburg,MTelAviv,chart/chart
4947898,2526,EuropaLeague,2026-01-22,10237,8687,Malmö FF,FK Crvena Zvezda,1570.97,1652.32,Malmoe,CrvenaZvezda,chart/chart
4947824,2526,EuropaLeague,2026-01-22,8619,8603,PAOK Thessaloniki,Real Betis,1655.00,1802.94,PAOK,Betis,chart/chart
4947828,2526,EuropaLeague,2026-01-22,6033,9773,Viktoria Plzeň,FC Porto,1644.38,1803.49,ViktoriaPlzen,porto,chart/chart
4947845,2526,EuropaLeague,2026-01-22,10192,9748,Young Boys,Lyon,1568.16,1782.01,YoungBoys,Lyon,chart/chart
4947814,2526,EuropaLeague,2026-01-22,10264,10203,Braga,Nottingham Forest,1704.27,1754.20,Braga,Forest,chart/chart
4947885,2526,EuropaLeague,2026-01-22,9910,8639,Celta Vigo,Lille,1760.05,1762.51,rc-celta,Lille,chart/chart
4947794,2526,EuropaLeague,2026-01-22,10156,9723,Dinamo Zagreb,FCSB,1619.53,,DinamoZagreb,,chart/none
4947835,2526,EuropaLeague,2026-01-22,8222,10200,Ferencváros,Panathinaikos,1608.33,1594.40,Ferencvaros,Panathinaikos,chart/chart
4947879,2526,EuropaLeague,2026-01-22,9831,6433,Nice,Go Ahead Eagles,1657.30,,Nice,,chart/none
4947790,2526,EuropaLeague,2026-01-22,8548,210173,Rangers,Ludogorets Razgrad,1608.93,1544.27,Rangers,Razgrad,chart/chart
4947775,2526,EuropaLeague,2026-01-22,8686,10269,Roma,VfB Stuttgart,1810.18,1806.47,Roma,Stuttgart,chart/chart
4947802,2526,EuropaLeague,2026-01-22,10013,9931,Salzburg,Basel,1617.70,1596.76,rbsalzburg,fc-basel-1893,chart/chart
4947908,2526,EuropaLeague,2026-01-22,9908,9987,FC Utrecht,Genk,1569.52,1631.37,Utrecht,Genk,chart/chart
4947804,2526,EuropaLeague,2026-01-29,10252,10013,Aston Villa,Salzburg,1898.38,1622.44,AstonVilla,rbsalzburg,chart/chart
4947849,2526,EuropaLeague,2026-01-29,9931,6033,Basel,Viktoria Plzeň,1594.77,1645.15,fc-basel-1893,ViktoriaPlzen,chart/chart
4947839,2526,EuropaLeague,2026-01-29,9925,9908,Celtic,FC Utrecht,1655.18,1555.86,Celtic,Utrecht,chart/chart
4947873,2526,EuropaLeague,2026-01-29,9723,8695,FCSB,Fenerbahçe,,1773.10,,Fenerbahce,none/chart
4947852,2526,EuropaLeague,2026-01-29,8113,10156,FC Midtjylland,Dinamo Zagreb,1692.63,1628.74,Midtjylland,DinamoZagreb,chart/chart
4947776,2526,EuropaLeague,2026-01-29,9773,8548,FC Porto,Rangers,1804.83,1614.45,porto,Rangers,chart/chart
4947819,2526,EuropaLeague,2026-01-29,8687,9910,FK Crvena Zvezda,Celta Vigo,1657.18,1758.01,CrvenaZvezda,rc-celta,chart/chart
4947912,2526,EuropaLeague,2026-01-29,9987,10237,Genk,Malmö FF,1636.77,1564.75,Genk,Malmoe,chart/chart
4947902,2526,EuropaLeague,2026-01-29,6433,10264,Go Ahead Eagles,Braga,,1714.22,,Braga,none/chart
4947786,2526,EuropaLeague,2026-01-29,8639,8358,Lille,Freiburg,1746.36,1753.95,Lille,Freiburg,chart/chart
4947862,2526,EuropaLeague,2026-01-29,210173,9831,Ludogorets Razgrad,Nice,1541.25,1666.37,Razgrad,Nice,chart/chart
4947821,2526,EuropaLeague,2026-01-29,9748,8619,Lyon,PAOK Thessaloniki,1787.49,1666.13,Lyon,PAOK,chart/chart
4947843,2526,EuropaLeague,2026-01-29,7855,9857,Maccabi Tel Aviv,Bologna,1560.42,1756.65,MTelAviv,Bologna,chart/chart
4947865,2526,EuropaLeague,2026-01-29,10203,8222,Nottingham Forest,Ferencváros,1759.96,1596.29,Forest,Ferencvaros,chart/chart
4947893,2526,EuropaLeague,2026-01-29,10200,8686,Panathinaikos,Roma,1595.61,1814.52,Panathinaikos,Roma,chart/chart
4947796,2526,EuropaLeague,2026-01-29,8603,10235,Real Betis,Feyenoord,1788.94,1694.15,Betis,Feyenoord,chart/chart
4947871,2526,EuropaLeague,2026-01-29,10014,8468,Sturm Graz,Brann,1589.34,1579.10,SturmGraz,Brann,chart/chart
4947891,2526,EuropaLeague,2026-01-29,10269,10192,VfB Stuttgart,Young Boys,1805.11,1558.05,Stuttgart,YoungBoys,chart/chart
5161883,2526,EuropaLeague,2026-02-19,8468,9857,Brann,Bologna,1576.26,1750.66,Brann,Bologna,chart/chart
5161881,2526,EuropaLeague,2026-02-19,10156,9987,Dinamo Zagreb,Genk,1628.64,1653.71,DinamoZagreb,Genk,chart/chart
5161886,2526,EuropaLeague,2026-02-19,8695,10203,Fenerbahçe,Nottingham Forest,1779.11,1758.45,Fenerbahce,Forest,chart/chart
5161885,2526,EuropaLeague,2026-02-19,8619,9910,PAOK Thessaloniki,Celta Vigo,1661.59,1748.30,PAOK,rc-celta,chart/chart
5161882,2526,EuropaLeague,2026-02-19,9925,10269,Celtic,VfB Stuttgart,1662.91,1806.55,Celtic,Stuttgart,chart/chart
5161887,2526,EuropaLeague,2026-02-19,8639,8687,Lille,FK Crvena Zvezda,1741.38,1664.46,Lille,CrvenaZvezda,chart/chart
5161880,2526,EuropaLeague,2026-02-19,210173,8222,Ludogorets Razgrad,Ferencváros,1551.73,1590.43,Razgrad,Ferencvaros,chart/chart
5161884,2526,EuropaLeague,2026-02-19,10200,6033,Panathinaikos,Viktoria Plzeň,1603.67,1658.29,Panathinaikos,ViktoriaPlzen,chart/chart
5161888,2526,EuropaLeague,2026-02-26,8222,210173,Ferencváros,Ludogorets Razgrad,1588.38,1547.87,Ferencvaros,Razgrad,chart/chart
5161895,2526,EuropaLeague,2026-02-26,8687,8639,FK Crvena Zvezda,Lille,1677.09,1736.65,CrvenaZvezda,Lille,chart/chart
5161890,2526,EuropaLeague,2026-02-26,10269,9925,VfB Stuttgart,Celtic,1810.52,1647.81,Stuttgart,Celtic,chart/chart
5161892,2526,EuropaLeague,2026-02-26,6033,10200,Viktoria Plzeň,Panathinaikos,1657.33,1605.98,ViktoriaPlzen,Panathinaikos,chart/chart
5161891,2526,EuropaLeague,2026-02-26,9857,8468,Bologna,Brann,1755.56,1572.35,Bologna,Brann,chart/chart
5161893,2526,EuropaLeague,2026-02-26,9910,8619,Celta Vigo,PAOK Thessaloniki,1758.25,1651.52,rc-celta,PAOK,chart/chart
5161889,2526,EuropaLeague,2026-02-26,9987,10156,Genk,Dinamo Zagreb,1649.02,1626.14,Genk,DinamoZagreb,chart/chart
5161894,2526,EuropaLeague,2026-02-26,10203,8695,Nottingham Forest,Fenerbahçe,1765.88,1762.78,Forest,Fenerbahce,chart/chart
5206093,2526,EuropaLeague,2026-03-12,9857,8686,Bologna,Roma,1750.09,1804.61,Bologna,Roma,chart/chart
5206097,2526,EuropaLeague,2026-03-12,8639,10252,Lille,Aston Villa,1746.33,1868.20,Lille,AstonVilla,chart/chart
5206094,2526,EuropaLeague,2026-03-12,10200,8603,Panathinaikos,Real Betis,1619.24,1783.38,Panathinaikos,Betis,chart/chart
5206092,2526,EuropaLeague,2026-03-12,10269,9773,VfB Stuttgart,FC Porto,1803.13,1802.27,Stuttgart,porto,chart/chart
5206095,2526,EuropaLeague,2026-03-12,9910,9748,Celta Vigo,Lyon,1763.39,1785.06,rc-celta,Lyon,chart/chart
5206090,2526,EuropaLeague,2026-03-12,8222,10264,Ferencváros,Braga,1597.05,1718.38,Ferencvaros,Braga,chart/chart
5206091,2526,EuropaLeague,2026-03-12,9987,8358,Genk,Freiburg,1652.64,1736.40,Genk,Freiburg,chart/chart
5206096,2526,EuropaLeague,2026-03-12,10203,8113,Nottingham Forest,FC Midtjylland,1762.15,1707.37,Forest,Midtjylland,chart/chart
5206098,2526,EuropaLeague,2026-03-18,10264,8222,Braga,Ferencváros,1709.28,1606.36,Braga,Ferencvaros,chart/chart
5206104,2526,EuropaLeague,2026-03-19,8113,10203,FC Midtjylland,Nottingham Forest,1708.61,1752.86,Midtjylland,Forest,chart/chart
5206099,2526,EuropaLeague,2026-03-19,8358,9987,Freiburg,Genk,1724.00,1661.60,Freiburg,Genk,chart/chart
5206103,2526,EuropaLeague,2026-03-19,9748,9910,Lyon,Celta Vigo,1783.33,1765.21,Lyon,rc-celta,chart/chart
5206105,2526,EuropaLeague,2026-03-19,10252,8639,Aston Villa,Lille,1863.30,1747.08,AstonVilla,Lille,chart/chart
5206100,2526,EuropaLeague,2026-03-19,9773,10269,FC Porto,VfB Stuttgart,1810.13,1800.37,porto,Stuttgart,chart/chart
5206102,2526,EuropaLeague,2026-03-19,8603,10200,Real Betis,Panathinaikos,1777.17,1623.21,Betis,Panathinaikos,chart/chart
5206101,2526,EuropaLeague,2026-03-19,8686,9857,Roma,Bologna,1800.28,1753.03,Roma,Bologna,chart/chart
5206165,2526,EuropaLeague,2026-04-08,10264,8603,Braga,Real Betis,1714.53,1774.95,Braga,Betis,chart/chart
5206168,2526,EuropaLeague,2026-04-09,9857,10252,Bologna,Aston Villa,1754.43,1869.98,Bologna,AstonVilla,chart/chart
5206167,2526,EuropaLeague,2026-04-09,9773,10203,FC Porto,Nottingham Forest,1815.42,1767.73,porto,Forest,chart/chart
5206166,2526,EuropaLeague,2026-04-09,8358,9910,Freiburg,Celta Vigo,1730.96,1771.60,Freiburg,rc-celta,chart/chart
5206170,2526,EuropaLeague,2026-04-16,9910,8358,Celta Vigo,Freiburg,1750.36,1744.01,rc-celta,Freiburg,chart/chart
5206172,2526,EuropaLeague,2026-04-16,10252,9857,Aston Villa,Bologna,1875.99,1750.48,AstonVilla,Bologna,chart/chart
5206171,2526,EuropaLeague,2026-04-16,10203,9773,Nottingham Forest,FC Porto,1771.92,1815.74,Forest,porto,chart/chart
5206169,2526,EuropaLeague,2026-04-16,8603,10264,Real Betis,Braga,1775.43,1716.20,Betis,Braga,chart/chart
5206173,2526,EuropaLeague,2026-04-30,10264,8358,Braga,Freiburg,1718.93,1748.04,Braga,Freiburg,chart/chart
5206174,2526,EuropaLeague,2026-04-30,10203,10252,Nottingham Forest,Aston Villa,1788.24,1875.56,Forest,AstonVilla,chart/chart
5206176,2526,EuropaLeague,2026-05-07,10252,10203,Aston Villa,Nottingham Forest,1864.99,1801.39,AstonVilla,Forest,chart/chart
5206175,2526,EuropaLeague,2026-05-07,8358,10264,Freiburg,Braga,1741.02,1719.97,Freiburg,Braga,chart/chart
5206177,2526,EuropaLeague,2026-05-20,8358,10252,Freiburg,Aston Villa,1749.20,1874.45,Freiburg,AstonVilla,chart/chart
3714282,2122,ConferenceLeague,2021-09-14,10185,10235,Maccabi Haifa,Feyenoord,,,,Feyenoord,none/none
3714270,2122,ConferenceLeague,2021-09-14,7855,310094,Maccabi Tel Aviv,Alashkert FC,,,MTelAviv,,none/none
3714420,2122,ConferenceLeague,2021-09-16,8037,8044,Kairat Almaty,Omonia Nicosia,,,,Omonia,none/none
3714306,2122,ConferenceLeague,2021-09-16,8155,9991,Flora Tallinn,Gent,,,,Gent,none/none
3714271,2122,ConferenceLeague,2021-09-16,9861,9977,HJK,LASK,,,,lask,none/none
3714409,2122,ConferenceLeague,2021-09-16,545012,8619,Lincoln Red Imps FC,PAOK Thessaloniki,,,,PAOK,none/none
3714319,2122,ConferenceLeague,2021-09-16,2172,8277,Mura,Vitesse,,,,,none/none
3714421,2122,ConferenceLeague,2021-09-16,7981,9931,Qarabağ FK,Basel,,,KarabakhAgdam,fc-basel-1893,none/none
3714318,2122,ConferenceLeague,2021-09-16,9851,8586,Rennes,Tottenham Hotspur,,,Rennes,Tottenham,none/none
3714283,2122,ConferenceLeague,2021-09-16,7787,8149,Slavia Prague,Union Berlin,,,SlaviaPraha,UnionBerlin,none/none
3714408,2122,ConferenceLeague,2021-09-16,6019,8391,Slovan Bratislava,FC København,,,SlovanBratislava,FCKobenhavn,none/none
3714307,2122,ConferenceLeague,2021-09-16,6243,7998,Anorthosis,Partizan Beograd,,,,,none/none
3714259,2122,ConferenceLeague,2021-09-16,8402,7770,Bodø/Glimt,Zorya,,,BodoeGlimt,,none/none
3714294,2122,ConferenceLeague,2021-09-16,7758,9731,Jablonec,CFR Cluj,,,Jablonec,,none/none
3714295,2122,ConferenceLeague,2021-09-16,8410,10229,Randers FC,AZ Alkmaar,,,,Alkmaar,none/none
3714258,2122,ConferenceLeague,2021-09-16,8686,10144,Roma,CSKA Sofia,,,Roma,,none/none
3714272,2122,ConferenceLeague,2021-09-30,310094,9861,Alashkert FC,HJK,,,,,none/none
3714296,2122,ConferenceLeague,2021-09-30,10229,7758,AZ Alkmaar,Jablonec,,,Alkmaar,Jablonec,none/none
3714297,2122,ConferenceLeague,2021-09-30,9731,8410,CFR Cluj,Randers FC,,,,,none/none
3714261,2122,ConferenceLeague,2021-09-30,10144,8402,CSKA Sofia,Bodø/Glimt,,,,BodoeGlimt,none/none
3714308,2122,ConferenceLeague,2021-09-30,9991,6243,Gent,Anorthosis,,,Gent,,none/none
3714273,2122,ConferenceLeague,2021-09-30,9977,7855,LASK,Maccabi Tel Aviv,,,lask,MTelAviv,none/none
3714309,2122,ConferenceLeague,2021-09-30,7998,8155,Partizan Beograd,Flora Tallinn,,,,,none/none
3714260,2122,ConferenceLeague,2021-09-30,7770,8686,Zorya,Roma,,,,Roma,none/none
3714422,2122,ConferenceLeague,2021-09-30,9931,8037,Basel,Kairat Almaty,,,fc-basel-1893,,none/none
3714411,2122,ConferenceLeague,2021-09-30,8391,545012,FC København,Lincoln Red Imps FC,,,FCKobenhavn,,none/none
3714284,2122,ConferenceLeague,2021-09-30,10235,7787,Feyenoord,Slavia Prague,,,Feyenoord,SlaviaPraha,none/none
3714423,2122,ConferenceLeague,2021-09-30,8044,7981,Omonia Nicosia,Qarabağ FK,,,Omonia,KarabakhAgdam,none/none
3714410,2122,ConferenceLeague,2021-09-30,8619,6019,PAOK Thessaloniki,Slovan Bratislava,,,PAOK,SlovanBratislava,none/none
3714320,2122,ConferenceLeague,2021-09-30,8586,2172,Tottenham Hotspur,Mura,,,Tottenham,,none/none
3714285,2122,ConferenceLeague,2021-09-30,8149,10185,Union Berlin,Maccabi Haifa,,,UnionBerlin,,none/none
3714321,2122,ConferenceLeague,2021-09-30,8277,9851,Vitesse,Rennes,,,,Rennes,none/none
3714275,2122,ConferenceLeague,2021-10-21,9861,7855,HJK,Maccabi Tel Aviv,,,,MTelAviv,none/none
3714274,2122,ConferenceLeague,2021-10-21,310094,9977,Alashkert FC,LASK,,,,lask,none/none
3714310,2122,ConferenceLeague,2021-10-21,6243,8155,Anorthosis,Flora Tallinn,,,,,none/none
3714262,2122,ConferenceLeague,2021-10-21,8402,8686,Bodø/Glimt,Roma,,,BodoeGlimt,Roma,none/none
3714412,2122,ConferenceLeague,2021-10-21,8391,8619,FC København,PAOK Thessaloniki,,,FCKobenhavn,PAOK,none/none
3714286,2122,ConferenceLeague,2021-10-21,10235,8149,Feyenoord,Union Berlin,,,Feyenoord,UnionBerlin,none/none
3714287,2122,ConferenceLeague,2021-10-21,10185,7787,Maccabi Haifa,Slavia Prague,,,,SlaviaPraha,none/none
3714322,2122,ConferenceLeague,2021-10-21,2172,9851,Mura,Rennes,,,,Rennes,none/none
3714424,2122,ConferenceLeague,2021-10-21,7981,8037,Qarabağ FK,Kairat Almaty,,,KarabakhAgdam,,none/none
3714323,2122,ConferenceLeague,2021-10-21,8277,8586,Vitesse,Tottenham Hotspur,,,,Tottenham,none/none
3714425,2122,ConferenceLeague,2021-10-21,9931,8044,Basel,Omonia Nicosia,,,fc-basel-1893,Omonia,none/none
3714299,2122,ConferenceLeague,2021-10-21,9731,10229,CFR Cluj,AZ Alkmaar,,,,Alkmaar,none/none
3714263,2122,ConferenceLeague,2021-10-21,10144,7770,CSKA Sofia,Zorya,,,,,none/none
3714298,2122,ConferenceLeague,2021-10-21,7758,8410,Jablonec,Randers FC,,,Jablonec,,none/none
3714311,2122,ConferenceLeague,2021-10-21,7998,9991,Partizan Beograd,Gent,,,,Gent,none/none
3714413,2122,ConferenceLeague,2021-10-21,6019,545012,Slovan Bratislava,Lincoln Red Imps FC,,,SlovanBratislava,,none/none
3714313,2122,ConferenceLeague,2021-11-04,8155,6243,Flora Tallinn,Anorthosis,,,,,none/none
3714426,2122,ConferenceLeague,2021-11-04,8037,7981,Kairat Almaty,Qarabağ FK,,,,KarabakhAgdam,none/none
3714301,2122,ConferenceLeague,2021-11-04,10229,9731,AZ Alkmaar,CFR Cluj,,,Alkmaar,,none/none
3714312,2122,ConferenceLeague,2021-11-04,9991,7998,Gent,Partizan Beograd,,,Gent,,none/none
3714276,2122,ConferenceLeague,2021-11-04,9977,310094,LASK,Alashkert FC,,,lask,,none/none
3714414,2122,ConferenceLeague,2021-11-04,545012,6019,Lincoln Red Imps FC,Slovan Bratislava,,,,SlovanBratislava,none/none
3714277,2122,ConferenceLeague,2021-11-04,7855,9861,Maccabi Tel Aviv,HJK,,,MTelAviv,,none/none
3714427,2122,ConferenceLeague,2021-11-04,8044,9931,Omonia Nicosia,Basel,,,Omonia,fc-basel-1893,none/none
3714300,2122,ConferenceLeague,2021-11-04,8410,7758,Randers FC,Jablonec,,,,Jablonec,none/none
3714264,2122,ConferenceLeague,2021-11-04,7770,10144,Zorya,CSKA Sofia,,,,,none/none
3714415,2122,ConferenceLeague,2021-11-04,8619,8391,PAOK Thessaloniki,FC København,,,PAOK,FCKobenhavn,none/none
3714324,2122,ConferenceLeague,2021-11-04,9851,2172,Rennes,Mura,,,Rennes,,none/none
3714265,2122,ConferenceLeague,2021-11-04,8686,8402,Roma,Bodø/Glimt,,,Roma,BodoeGlimt,none/none
3714289,2122,ConferenceLeague,2021-11-04,7787,10185,Slavia Prague,Maccabi Haifa,,,SlaviaPraha,,none/none
3714325,2122,ConferenceLeague,2021-11-04,8586,8277,Tottenham Hotspur,Vitesse,,,Tottenham,,none/none
3714288,2122,ConferenceLeague,2021-11-04,8149,10235,Union Berlin,Feyenoord,,,UnionBerlin,Feyenoord,none/none
3714315,2122,ConferenceLeague,2021-11-25,8155,7998,Flora Tallinn,Partizan Beograd,,,,,none/none
3714428,2122,ConferenceLeague,2021-11-25,8037,9931,Kairat Almaty,Basel,,,,fc-basel-1893,none/none
3714278,2122,ConferenceLeague,2021-11-25,9861,310094,HJK,Alashkert FC,,,,,none/none
3714417,2122,ConferenceLeague,2021-11-25,545012,8391,Lincoln Red Imps FC,FC København,,,,FCKobenhavn,none/none
3714291,2122,ConferenceLeague,2021-11-25,10185,8149,Maccabi Haifa,Union Berlin,,,,UnionBerlin,none/none
3714326,2122,ConferenceLeague,2021-11-25,2172,8586,Mura,Tottenham Hotspur,,,,Tottenham,none/none
3714429,2122,ConferenceLeague,2021-11-25,7981,8044,Qarabağ FK,Omonia Nicosia,,,KarabakhAgdam,Omonia,none/none
3714327,2122,ConferenceLeague,2021-11-25,9851,8277,Rennes,Vitesse,,,Rennes,,none/none
3714290,2122,ConferenceLeague,2021-11-25,7787,10235,Slavia Prague,Feyenoord,,,SlaviaPraha,Feyenoord,none/none
3714416,2122,ConferenceLeague,2021-11-25,6019,8619,Slovan Bratislava,PAOK Thessaloniki,,,SlovanBratislava,PAOK,none/none
3714314,2122,ConferenceLeague,2021-11-25,6243,9991,Anorthosis,Gent,,,,Gent,none/none
3714267,2122,ConferenceLeague,2021-11-25,8402,10144,Bodø/Glimt,CSKA Sofia,,,BodoeGlimt,,none/none
3714302,2122,ConferenceLeague,2021-11-25,7758,10229,Jablonec,AZ Alkmaar,,,Jablonec,Alkmaar,none/none
3714279,2122,ConferenceLeague,2021-11-25,7855,9977,Maccabi Tel Aviv,LASK,,,MTelAviv,lask,none/none
3714303,2122,ConferenceLeague,2021-11-25,8410,9731,Randers FC,CFR Cluj,,,,,none/none
3714266,2122,ConferenceLeague,2021-11-25,8686,7770,Roma,Zorya,,,Roma,,none/none
3714280,2122,ConferenceLeague,2021-12-09,310094,7855,Alashkert FC,Maccabi Tel Aviv,,,,MTelAviv,none/none
3714305,2122,ConferenceLeague,2021-12-09,10229,8410,AZ Alkmaar,Randers FC,,,Alkmaar,,none/none
3714304,2122,ConferenceLeague,2021-12-09,9731,7758,CFR Cluj,Jablonec,,,,Jablonec,none/none
3714268,2122,ConferenceLeague,2021-12-09,10144,8686,CSKA Sofia,Roma,,,,Roma,none/none
3714316,2122,ConferenceLeague,2021-12-09,9991,8155,Gent,Flora Tallinn,,,Gent,,none/none
3714281,2122,ConferenceLeague,2021-12-09,9977,9861,LASK,HJK,,,lask,,none/none
3714317,2122,ConferenceLeague,2021-12-09,7998,6243,Partizan Beograd,Anorthosis,,,,,none/none
3714269,2122,ConferenceLeague,2021-12-09,7770,8402,Zorya,Bodø/Glimt,,,,BodoeGlimt,none/none
3714431,2122,ConferenceLeague,2021-12-09,9931,7981,Basel,Qarabağ FK,,,fc-basel-1893,KarabakhAgdam,none/none
3714418,2122,ConferenceLeague,2021-12-09,8391,6019,FC København,Slovan Bratislava,,,FCKobenhavn,SlovanBratislava,none/none
3714292,2122,ConferenceLeague,2021-12-09,10235,10185,Feyenoord,Maccabi Haifa,,,Feyenoord,,none/none
3714430,2122,ConferenceLeague,2021-12-09,8044,8037,Omonia Nicosia,Kairat Almaty,,,Omonia,,none/none
3714419,2122,ConferenceLeague,2021-12-09,8619,545012,PAOK Thessaloniki,Lincoln Red Imps FC,,,PAOK,,none/none
3714328,2122,ConferenceLeague,2021-12-09,8586,9851,Tottenham Hotspur,Rennes,,,Tottenham,Rennes,none/none
3714293,2122,ConferenceLeague,2021-12-09,8149,7787,Union Berlin,Slavia Prague,,,UnionBerlin,SlaviaPraha,none/none
3714329,2122,ConferenceLeague,2021-12-09,8277,2172,Vitesse,Mura,,,,,none/none
3780901,2122,ConferenceLeague,2022-02-17,8113,8619,FC Midtjylland,PAOK Thessaloniki,,,Midtjylland,PAOK,none/none
3780900,2122,ConferenceLeague,2022-02-17,8695,7787,Fenerbahçe,Slavia Prague,,,Fenerbahce,SlaviaPraha,none/none
3780899,2122,ConferenceLeague,2022-02-17,8640,7855,PSV Eindhoven,Maccabi Tel Aviv,,,PSV,MTelAviv,none/none
3780905,2122,ConferenceLeague,2022-02-17,10015,8277,Rapid Wien,Vitesse,,,AustriaWien,,none/none
3780903,2122,ConferenceLeague,2022-02-17,9925,8402,Celtic,Bodø/Glimt,,,Celtic,BodoeGlimt,none/none
3780902,2122,ConferenceLeague,2022-02-17,8197,8410,Leicester City,Randers FC,,,Leicester,,none/none
3780898,2122,ConferenceLeague,2022-02-17,8592,7981,Marseille,Qarabağ FK,,,Marseille,KarabakhAgdam,none/none
3780904,2122,ConferenceLeague,2022-02-17,10247,7998,Sparta Prague,Partizan Beograd,,,SpartaPraha,,none/none
3780911,2122,ConferenceLeague,2022-02-24,8402,9925,Bodø/Glimt,Celtic,,,BodoeGlimt,Celtic,none/none
3780907,2122,ConferenceLeague,2022-02-24,7855,8640,Maccabi Tel Aviv,PSV Eindhoven,,,MTelAviv,PSV,none/none
3780912,2122,ConferenceLeague,2022-02-24,7998,10247,Partizan Beograd,Sparta Prague,,,,SpartaPraha,none/none
3780906,2122,ConferenceLeague,2022-02-24,7981,8592,Qarabağ FK,Marseille,,,KarabakhAgdam,Marseille,none/none
3780910,2122,ConferenceLeague,2022-02-24,8410,8197,Randers FC,Leicester City,,,,Leicester,none/none
3780909,2122,ConferenceLeague,2022-02-24,8619,8113,PAOK Thessaloniki,FC Midtjylland,,,PAOK,Midtjylland,none/none
3780908,2122,ConferenceLeague,2022-02-24,7787,8695,Slavia Prague,Fenerbahçe,,,SlaviaPraha,Fenerbahce,none/none
3780913,2122,ConferenceLeague,2022-02-24,8277,10015,Vitesse,Rapid Wien,,,,AustriaWien,none/none
3835640,2122,ConferenceLeague,2022-03-10,8619,9991,PAOK Thessaloniki,Gent,,,PAOK,Gent,none/none
3835648,2122,ConferenceLeague,2022-03-10,7998,10235,Partizan Beograd,Feyenoord,,,,Feyenoord,none/none
3835644,2122,ConferenceLeague,2022-03-10,7787,9977,Slavia Prague,LASK,,,SlaviaPraha,lask,none/none
3835642,2122,ConferenceLeague,2022-03-10,8277,8686,Vitesse,Roma,,,,Roma,none/none
3835646,2122,ConferenceLeague,2022-03-10,8402,10229,Bodø/Glimt,AZ Alkmaar,,,BodoeGlimt,Alkmaar,none/none
3835638,2122,ConferenceLeague,2022-03-10,8197,9851,Leicester City,Rennes,,,Leicester,Rennes,none/none
3835636,2122,ConferenceLeague,2022-03-10,8592,9931,Marseille,Basel,,,Marseille,fc-basel-1893,none/none
3835634,2122,ConferenceLeague,2022-03-10,8640,8391,PSV Eindhoven,FC København,,,PSV,FCKobenhavn,none/none
3835647,2122,ConferenceLeague,2022-03-17,10229,8402,AZ Alkmaar,Bodø/Glimt,,,Alkmaar,BodoeGlimt,none/none
3835637,2122,ConferenceLeague,2022-03-17,9931,8592,Basel,Marseille,,,fc-basel-1893,Marseille,none/none
3835635,2122,ConferenceLeague,2022-03-17,8391,8640,FC København,PSV Eindhoven,,,FCKobenhavn,PSV,none/none
3835639,2122,ConferenceLeague,2022-03-17,9851,8197,Rennes,Leicester City,,,Rennes,Leicester,none/none
3835649,2122,ConferenceLeague,2022-03-17,10235,7998,Feyenoord,Partizan Beograd,,,Feyenoord,,none/none
3835641,2122,ConferenceLeague,2022-03-17,9991,8619,Gent,PAOK Thessaloniki,,,Gent,PAOK,none/none
3835645,2122,ConferenceLeague,2022-03-17,9977,7787,LASK,Slavia Prague,,,lask,SlaviaPraha,none/none
3835643,2122,ConferenceLeague,2022-03-17,8686,8277,Roma,Vitesse,,,Roma,,none/none
3846479,2122,ConferenceLeague,2022-04-07,10235,7787,Feyenoord,Slavia Prague,,,Feyenoord,SlaviaPraha,none/none
3846477,2122,ConferenceLeague,2022-04-07,8402,8686,Bodø/Glimt,Roma,,,BodoeGlimt,Roma,none/none
3846483,2122,ConferenceLeague,2022-04-07,8197,8640,Leicester City,PSV Eindhoven,,,Leicester,PSV,none/none
3846481,2122,ConferenceLeague,2022-04-07,8592,8619,Marseille,PAOK Thessaloniki,,,Marseille,PAOK,none/none
3846484,2122,ConferenceLeague,2022-04-14,8640,8197,PSV Eindhoven,Leicester City,,,PSV,Leicester,none/none
3846482,2122,ConferenceLeague,2022-04-14,8619,8592,PAOK Thessaloniki,Marseille,,,PAOK,Marseille,none/none
3846478,2122,ConferenceLeague,2022-04-14,8686,8402,Roma,Bodø/Glimt,,,Roma,BodoeGlimt,none/none
3846480,2122,ConferenceLeague,2022-04-14,7787,10235,Slavia Prague,Feyenoord,,,SlaviaPraha,Feyenoord,none/none
3846502,2122,ConferenceLeague,2022-04-28,10235,8592,Feyenoord,Marseille,,,Feyenoord,Marseille,none/none
3846500,2122,ConferenceLeague,2022-04-28,8197,8686,Leicester City,Roma,,,Leicester,Roma,none/none
3846503,2122,ConferenceLeague,2022-05-05,8592,10235,Marseille,Feyenoord,,,Marseille,Feyenoord,none/none
3846501,2122,ConferenceLeague,2022-05-05,8686,8197,Roma,Leicester City,,,Roma,Leicester,none/none
3846504,2122,ConferenceLeague,2022-05-25,8686,10235,Roma,Feyenoord,,,Roma,Feyenoord,none/none
4010217,2223,ConferenceLeague,2022-09-08,8635,8415,Anderlecht,Silkeborg,1613.91,,Anderlecht,,chart/none
4010243,2223,ConferenceLeague,2022-09-08,10011,9754,Austria Wien,Hapoel Beer Sheva,1535.89,1544.08,AustriaWien,Beer-Sheva,chart/chart
4010580,2223,ConferenceLeague,2022-09-08,952668,9731,Ballkani,CFR Cluj,,,,,none/none
4010194,2223,ConferenceLeague,2022-09-08,8535,248871,Fiorentina,RFS,1702.49,,Fiorentina,,chart/none
4010193,2223,ConferenceLeague,2022-09-08,9860,1933,Heart of Midlothian,Başakşehir,,1640.51,,istanbul-basaksehir,none/chart
4010268,2223,ConferenceLeague,2022-09-08,2021,7998,Slovácko,Partizan Beograd,,,,,none/none
4010242,2223,ConferenceLeague,2022-09-08,10205,2182,Villarreal,Lech Poznań,1853.69,1560.60,Villarreal,Lech,chart/chart
4010267,2223,ConferenceLeague,2022-09-08,9831,8722,Nice,1. FC Köln,1673.84,1695.91,Nice,Koeln,chart/chart
4010674,2223,ConferenceLeague,2022-09-08,9931,6345,Basel,Pyunik,1599.37,,fc-basel-1893,,chart/none
4010319,2223,ConferenceLeague,2022-09-08,9824,8003,FC Vaduz,Apollon Limassol,,,,,none/none
4010386,2223,ConferenceLeague,2022-09-08,9917,9991,Molde,Gent,,1587.65,,Gent,none/chart
4010320,2223,ConferenceLeague,2022-09-08,883952,10229,SC Dnipro-1,AZ Alkmaar,,1655.94,,Alkmaar,none/chart
4010387,2223,ConferenceLeague,2022-09-08,4131,9802,Shamrock Rovers,Djurgården,,1595.49,,Djurgarden,none/chart
4010581,2223,ConferenceLeague,2022-09-08,6265,7787,Sivasspor,Slavia Prague,,1709.31,,SlaviaPraha,none/chart
4010675,2223,ConferenceLeague,2022-09-08,6019,4616,Slovan Bratislava,Žalgiris Vilnius,1571.23,,SlovanBratislava,,chart/none
4010218,2223,ConferenceLeague,2022-09-08,8654,9723,West Ham United,FCSB,1762.31,,WestHam,,chart/none
4010322,2223,ConferenceLeague,2022-09-15,8003,883952,Apollon Limassol,SC Dnipro-1,,,,,none/none
4010321,2223,ConferenceLeague,2022-09-15,10229,9824,AZ Alkmaar,FC Vaduz,1656.68,,Alkmaar,,chart/none
4010583,2223,ConferenceLeague,2022-09-15,9731,6265,CFR Cluj,Sivasspor,,,,,none/none
4010388,2223,ConferenceLeague,2022-09-15,9802,9917,Djurgården,Molde,1593.74,,Djurgarden,,chart/none
4010389,2223,ConferenceLeague,2022-09-15,9991,4131,Gent,Shamrock Rovers,1595.31,,Gent,,chart/none
4010677,2223,ConferenceLeague,2022-09-15,6345,6019,Pyunik,Slovan Bratislava,,1568.48,,SlovanBratislava,none/chart
4010582,2223,ConferenceLeague,2022-09-15,7787,952668,Slavia Prague,Ballkani,1708.41,,SlaviaPraha,,chart/none
4010676,2223,ConferenceLeague,2022-09-15,4616,9931,Žalgiris Vilnius,Basel,,1607.14,,fc-basel-1893,none/chart
4010219,2223,ConferenceLeague,2022-09-15,9723,8635,FCSB,Anderlecht,,1613.85,,Anderlecht,none/chart
4010270,2223,ConferenceLeague,2022-09-15,8722,2021,1. FC Köln,Slovácko,1689.71,,Koeln,,chart/none
4010245,2223,ConferenceLeague,2022-09-15,9754,10205,Hapoel Beer Sheva,Villarreal,1548.56,1851.30,Beer-Sheva,Villarreal,chart/chart
4010196,2223,ConferenceLeague,2022-09-15,1933,8535,Başakşehir,Fiorentina,1653.41,1690.60,istanbul-basaksehir,Fiorentina,chart/chart
4010244,2223,ConferenceLeague,2022-09-15,2182,10011,Lech Poznań,Austria Wien,1560.14,1544.14,Lech,AustriaWien,chart/chart
4010269,2223,ConferenceLeague,2022-09-15,7998,9831,Partizan Beograd,Nice,,1679.11,,Nice,none/chart
4010195,2223,ConferenceLeague,2022-09-15,248871,9860,RFS,Heart of Midlothian,,,,,none/none
4010220,2223,ConferenceLeague,2022-09-15,8415,8654,Silkeborg,West Ham United,,1764.15,,WestHam,none/chart
4010221,2223,ConferenceLeague,2022-10-06,8635,8654,Anderlecht,West Ham United,1616.68,1766.78,Anderlecht,WestHam,chart/chart
4010246,2223,ConferenceLeague,2022-10-06,2182,9754,Lech Poznań,Hapoel Beer Sheva,1569.88,1551.79,Lech,Beer-Sheva,chart/chart
4010390,2223,ConferenceLeague,2022-10-06,9917,4131,Molde,Shamrock Rovers,,,,,none/none
4010678,2223,ConferenceLeague,2022-10-06,6345,4616,Pyunik,Žalgiris Vilnius,,,,,none/none
4010323,2223,ConferenceLeague,2022-10-06,883952,9824,SC Dnipro-1,FC Vaduz,,,,,none/none
4010222,2223,ConferenceLeague,2022-10-06,8415,9723,Silkeborg,FCSB,,,,,none/none
4010584,2223,ConferenceLeague,2022-10-06,6265,952668,Sivasspor,Ballkani,,,,,none/none
4010271,2223,ConferenceLeague,2022-10-06,2021,9831,Slovácko,Nice,,1663.51,,Nice,none/chart
4010324,2223,ConferenceLeague,2022-10-06,10229,8003,AZ Alkmaar,Apollon Limassol,1671.48,,Alkmaar,,chart/none
4010679,2223,ConferenceLeague,2022-10-06,9931,6019,Basel,Slovan Bratislava,1615.02,1556.73,fc-basel-1893,SlovanBratislava,chart/chart
4010272,2223,ConferenceLeague,2022-10-06,8722,7998,1. FC Köln,Partizan Beograd,1701.18,,Koeln,,chart/none
4010391,2223,ConferenceLeague,2022-10-06,9991,9802,Gent,Djurgården,1592.08,1588.92,Gent,Djurgarden,chart/chart
4010197,2223,ConferenceLeague,2022-10-06,9860,8535,Heart of Midlothian,Fiorentina,,1681.58,,Fiorentina,none/chart
4010198,2223,ConferenceLeague,2022-10-06,248871,1933,RFS,Başakşehir,,1665.51,,istanbul-basaksehir,none/chart
4010585,2223,ConferenceLeague,2022-10-06,7787,9731,Slavia Prague,CFR Cluj,1703.77,,SlaviaPraha,,chart/none
4010247,2223,ConferenceLeague,2022-10-06,10205,10011,Villarreal,Austria Wien,1847.35,1531.34,Villarreal,AustriaWien,chart/chart
4010325,2223,ConferenceLeague,2022-10-13,8003,10229,Apollon Limassol,AZ Alkmaar,,1674.88,,Alkmaar,none/chart
4010248,2223,ConferenceLeague,2022-10-13,10011,10205,Austria Wien,Villarreal,1537.23,1843.64,AustriaWien,Villarreal,chart/chart
4010586,2223,ConferenceLeague,2022-10-13,9731,7787,CFR Cluj,Slavia Prague,,1683.49,,SlaviaPraha,none/chart
4010392,2223,ConferenceLeague,2022-10-13,9802,9991,Djurgården,Gent,1588.53,1592.49,Djurgarden,Gent,chart/chart
4010200,2223,ConferenceLeague,2022-10-13,8535,9860,Fiorentina,Heart of Midlothian,1676.88,,Fiorentina,,chart/none
4010199,2223,ConferenceLeague,2022-10-13,1933,248871,Başakşehir,RFS,1647.44,,istanbul-basaksehir,,chart/none
4010273,2223,ConferenceLeague,2022-10-13,7998,8722,Partizan Beograd,1. FC Köln,,1686.95,,Koeln,none/chart
4010680,2223,ConferenceLeague,2022-10-13,6019,9931,Slovan Bratislava,Basel,1552.29,1597.03,SlovanBratislava,fc-basel-1893,chart/chart
4010587,2223,ConferenceLeague,2022-10-13,952668,6265,Ballkani,Sivasspor,,,,,none/none
4010223,2223,ConferenceLeague,2022-10-13,9723,8415,FCSB,Silkeborg,,,,,none/none
4010326,2223,ConferenceLeague,2022-10-13,9824,883952,FC Vaduz,SC Dnipro-1,,,,,none/none
4010249,2223,ConferenceLeague,2022-10-13,9754,2182,Hapoel Beer Sheva,Lech Poznań,1548.84,1571.54,Beer-Sheva,Lech,chart/chart
4010274,2223,ConferenceLeague,2022-10-13,9831,2021,Nice,Slovácko,1672.95,,Nice,,chart/none
4010393,2223,ConferenceLeague,2022-10-13,4131,9917,Shamrock Rovers,Molde,,,,,none/none
4010224,2223,ConferenceLeague,2022-10-13,8654,8635,West Ham United,Anderlecht,1774.46,1619.83,WestHam,Anderlecht,chart/chart
4010681,2223,ConferenceLeague,2022-10-13,4616,6345,Žalgiris Vilnius,Pyunik,,,,,none/none
4010225,2223,ConferenceLeague,2022-10-27,8635,9723,Anderlecht,FCSB,1604.74,,Anderlecht,,chart/none
4010251,2223,ConferenceLeague,2022-10-27,10011,2182,Austria Wien,Lech Poznań,1534.89,1575.53,AustriaWien,Lech,chart/chart
4010327,2223,ConferenceLeague,2022-10-27,9824,10229,FC Vaduz,AZ Alkmaar,,1653.09,,Alkmaar,none/chart
4010201,2223,ConferenceLeague,2022-10-27,8535,1933,Fiorentina,Başakşehir,1674.70,1651.60,Fiorentina,istanbul-basaksehir,chart/chart
4010276,2223,ConferenceLeague,2022-10-27,9831,7998,Nice,Partizan Beograd,1658.99,,Nice,,chart/none
4010250,2223,ConferenceLeague,2022-10-27,10205,9754,Villarreal,Hapoel Beer Sheva,1846.07,1549.67,Villarreal,Beer-Sheva,chart/chart
4010588,2223,ConferenceLeague,2022-10-27,952668,7787,Ballkani,Slavia Prague,,1683.27,,SlaviaPraha,none/chart
4010682,2223,ConferenceLeague,2022-10-27,9931,4616,Basel,Žalgiris Vilnius,1597.20,,fc-basel-1893,,chart/none
4010202,2223,ConferenceLeague,2022-10-27,9860,248871,Heart of Midlothian,RFS,,,,,none/none
4010394,2223,ConferenceLeague,2022-10-27,9917,9802,Molde,Djurgården,,1596.56,,Djurgarden,none/chart
4010328,2223,ConferenceLeague,2022-10-27,883952,8003,SC Dnipro-1,Apollon Limassol,,,,,none/none
4010395,2223,ConferenceLeague,2022-10-27,4131,9991,Shamrock Rovers,Gent,,1588.82,,Gent,none/chart
4010589,2223,ConferenceLeague,2022-10-27,6265,9731,Sivasspor,CFR Cluj,,,,,none/none
4010683,2223,ConferenceLeague,2022-10-27,6019,6345,Slovan Bratislava,Pyunik,1557.19,,SlovanBratislava,,chart/none
4010226,2223,ConferenceLeague,2022-10-27,8654,8415,West Ham United,Silkeborg,1778.79,,WestHam,,chart/none
4010275,2223,ConferenceLeague,2022-10-28,2021,8722,Slovácko,1. FC Köln,,1675.33,,Koeln,none/chart
4010204,2223,ConferenceLeague,2022-11-03,1933,9860,Başakşehir,Heart of Midlothian,1650.92,,istanbul-basaksehir,,chart/none
4010203,2223,ConferenceLeague,2022-11-03,248871,8535,RFS,Fiorentina,,1684.09,,Fiorentina,none/chart
4010329,2223,ConferenceLeague,2022-11-03,8003,9824,Apollon Limassol,FC Vaduz,,,,,none/none
4010330,2223,ConferenceLeague,2022-11-03,10229,883952,AZ Alkmaar,SC Dnipro-1,1655.71,,Alkmaar,,chart/none
4010591,2223,ConferenceLeague,2022-11-03,9731,952668,CFR Cluj,Ballkani,,,,,none/none
4010396,2223,ConferenceLeague,2022-11-03,9802,4131,Djurgården,Shamrock Rovers,1606.06,,Djurgarden,,chart/none
4010397,2223,ConferenceLeague,2022-11-03,9991,9917,Gent,Molde,1585.50,,Gent,,chart/none
4010685,2223,ConferenceLeague,2022-11-03,6345,9931,Pyunik,Basel,,1590.86,,fc-basel-1893,none/chart
4010590,2223,ConferenceLeague,2022-11-03,7787,6265,Slavia Prague,Sivasspor,1687.84,,SlaviaPraha,,chart/none
4010684,2223,ConferenceLeague,2022-11-03,4616,6019,Žalgiris Vilnius,Slovan Bratislava,,1560.95,,SlovanBratislava,none/chart
4010227,2223,ConferenceLeague,2022-11-03,9723,8654,FCSB,West Ham United,,1777.33,,WestHam,none/chart
4010278,2223,ConferenceLeague,2022-11-03,8722,9831,1. FC Köln,Nice,1680.53,1667.71,Koeln,Nice,chart/chart
4010253,2223,ConferenceLeague,2022-11-03,9754,10011,Hapoel Beer Sheva,Austria Wien,1563.32,1535.92,Beer-Sheva,AustriaWien,chart/chart
4010252,2223,ConferenceLeague,2022-11-03,2182,10205,Lech Poznań,Villarreal,1570.44,1835.29,Lech,Villarreal,chart/chart
4010277,2223,ConferenceLeague,2022-11-03,7998,2021,Partizan Beograd,Slovácko,,,,,none/none
4010228,2223,ConferenceLeague,2022-11-03,8415,8635,Silkeborg,Anderlecht,,1603.39,,Anderlecht,none/chart
4060638,2223,ConferenceLeague,2023-02-16,8402,2182,Bodø/Glimt,Lech Poznań,1618.91,1591.49,BodoeGlimt,Lech,chart/chart
4060640,2223,ConferenceLeague,2023-02-16,10264,8535,Braga,Fiorentina,1706.42,1681.15,Braga,Fiorentina,chart/chart
4060632,2223,ConferenceLeague,2023-02-16,7981,9991,Qarabağ FK,Gent,1616.60,1595.46,KarabakhAgdam,Gent,chart/chart
4060634,2223,ConferenceLeague,2023-02-16,9752,9931,Trabzonspor,Basel,1654.14,1586.54,Trabzonspor,fc-basel-1893,chart/chart
4060642,2223,ConferenceLeague,2023-02-16,7797,883952,AEK Larnaca,SC Dnipro-1,1549.34,,Larnaca,,chart/none
4060644,2223,ConferenceLeague,2023-02-16,9729,7998,FC Sheriff,Partizan Beograd,,,,,none/none
4060636,2223,ConferenceLeague,2023-02-16,8543,9731,Lazio,CFR Cluj,1747.66,,Lazio,,chart/none
4060646,2223,ConferenceLeague,2023-02-16,210173,8635,Ludogorets Razgrad,Anderlecht,1591.20,1607.64,Razgrad,Anderlecht,chart/chart
4060647,2223,ConferenceLeague,2023-02-23,8635,210173,Anderlecht,Ludogorets Razgrad,1598.36,1597.33,Anderlecht,Razgrad,chart/chart
4060637,2223,ConferenceLeague,2023-02-23,9731,8543,CFR Cluj,Lazio,,1754.62,,Lazio,none/chart
4060645,2223,ConferenceLeague,2023-02-23,7998,9729,Partizan Beograd,FC Sheriff,,,,,none/none
4060643,2223,ConferenceLeague,2023-02-23,883952,7797,SC Dnipro-1,AEK Larnaca,,1546.42,,Larnaca,none/chart
4060635,2223,ConferenceLeague,2023-02-23,9931,9752,Basel,Trabzonspor,1580.82,1658.55,fc-basel-1893,Trabzonspor,chart/chart
4060641,2223,ConferenceLeague,2023-02-23,8535,10264,Fiorentina,Braga,1692.97,1693.61,Fiorentina,Braga,chart/chart
4060633,2223,ConferenceLeague,2023-02-23,9991,7981,Gent,Qarabağ FK,1593.46,1624.58,Gent,KarabakhAgdam,chart/chart
4060639,2223,ConferenceLeague,2023-02-23,2182,8402,Lech Poznań,Bodø/Glimt,1582.71,1616.32,Lech,BodoeGlimt,chart/chart
4128786,2223,ConferenceLeague,2023-03-07,8543,10229,Lazio,AZ Alkmaar,1764.98,1656.71,Lazio,Alkmaar,chart/chart
4128782,2223,ConferenceLeague,2023-03-09,7797,8654,AEK Larnaca,West Ham United,1543.37,1755.89,Larnaca,WestHam,chart/chart
4128794,2223,ConferenceLeague,2023-03-09,8635,10205,Anderlecht,Villarreal,1595.93,1799.49,Anderlecht,Villarreal,chart/chart
4128792,2223,ConferenceLeague,2023-03-09,9729,9831,FC Sheriff,Nice,,1700.95,,Nice,none/chart
4128790,2223,ConferenceLeague,2023-03-09,9931,6019,Basel,Slovan Bratislava,1595.60,1554.89,fc-basel-1893,SlovanBratislava,chart/chart
4128784,2223,ConferenceLeague,2023-03-09,8535,6265,Fiorentina,Sivasspor,1711.20,,Fiorentina,,chart/none
4128796,2223,ConferenceLeague,2023-03-09,9991,1933,Gent,Başakşehir,1598.16,1645.84,Gent,istanbul-basaksehir,chart/chart
4128788,2223,ConferenceLeague,2023-03-09,2182,9802,Lech Poznań,Djurgården,1585.76,1600.32,Lech,Djurgarden,chart/chart
4128797,2223,ConferenceLeague,2023-03-15,1933,9991,Başakşehir,Gent,1637.27,1602.07,istanbul-basaksehir,Gent,chart/chart
4128789,2223,ConferenceLeague,2023-03-16,9802,2182,Djurgården,Lech Poznań,1592.58,1591.34,Djurgarden,Lech,chart/chart
4128785,2223,ConferenceLeague,2023-03-16,6265,8535,Sivasspor,Fiorentina,,1718.86,,Fiorentina,none/chart
4128791,2223,ConferenceLeague,2023-03-16,6019,9931,Slovan Bratislava,Basel,1546.80,1592.21,SlovanBratislava,fc-basel-1893,chart/chart
4128787,2223,ConferenceLeague,2023-03-16,10229,8543,AZ Alkmaar,Lazio,1666.74,1756.96,Alkmaar,Lazio,chart/chart
4128793,2223,ConferenceLeague,2023-03-16,9831,9729,Nice,FC Sheriff,1705.82,,Nice,,chart/none
4128795,2223,ConferenceLeague,2023-03-16,10205,8635,Villarreal,Anderlecht,1795.58,1601.89,Villarreal,Anderlecht,chart/chart
4128783,2223,ConferenceLeague,2023-03-16,8654,7797,West Ham United,AEK Larnaca,1759.06,1530.36,WestHam,Larnaca,chart/chart
4140633,2223,ConferenceLeague,2023-04-13,9991,8654,Gent,West Ham United,1625.47,1760.61,Gent,WestHam,chart/chart
4140634,2223,ConferenceLeague,2023-04-13,8635,10229,Anderlecht,AZ Alkmaar,1623.36,1656.94,Anderlecht,Alkmaar,chart/chart
4140635,2223,ConferenceLeague,2023-04-13,9931,9831,Basel,Nice,1586.29,1700.99,fc-basel-1893,Nice,chart/chart
4140632,2223,ConferenceLeague,2023-04-13,2182,8535,Lech Poznań,Fiorentina,1608.37,1736.80,Lech,Fiorentina,chart/chart
4140638,2223,ConferenceLeague,2023-04-20,10229,8635,AZ Alkmaar,Anderlecht,1655.16,1623.69,Alkmaar,Anderlecht,chart/chart
4140636,2223,ConferenceLeague,2023-04-20,8535,2182,Fiorentina,Lech Poznań,1743.91,1599.66,Fiorentina,Lech,chart/chart
4140639,2223,ConferenceLeague,2023-04-20,9831,9931,Nice,Basel,1693.42,1588.72,Nice,fc-basel-1893,chart/chart
4140637,2223,ConferenceLeague,2023-04-20,8654,9991,West Ham United,Gent,1759.62,1625.63,WestHam,Gent,chart/chart
4140721,2223,ConferenceLeague,2023-05-11,8535,9931,Fiorentina,Basel,1727.46,1588.56,Fiorentina,fc-basel-1893,chart/chart
4140722,2223,ConferenceLeague,2023-05-11,8654,10229,West Ham United,AZ Alkmaar,1765.37,1663.56,WestHam,Alkmaar,chart/chart
4140724,2223,ConferenceLeague,2023-05-18,10229,8654,AZ Alkmaar,West Ham United,1663.47,1762.94,Alkmaar,WestHam,chart/chart
4140723,2223,ConferenceLeague,2023-05-18,9931,8535,Basel,Fiorentina,1589.16,1723.78,fc-basel-1893,Fiorentina,chart/chart
4140725,2223,ConferenceLeague,2023-06-07,8535,8654,Fiorentina,West Ham United,1737.20,1767.35,Fiorentina,WestHam,chart/chart
4315343,2324,ConferenceLeague,2023-09-20,8639,7872,Lille,Olimpija Ljubljana,1735.56,,Lille,,chart/none
4315349,2324,ConferenceLeague,2023-09-21,9810,8485,Eintracht Frankfurt,Aberdeen,1747.23,,Frankfurt,,chart/none
4315290,2324,ConferenceLeague,2023-09-21,8695,10202,Fenerbahçe,Nordsjælland,1754.74,1597.12,Fenerbahce,Nordsjaelland,chart/chart
4315337,2324,ConferenceLeague,2023-09-21,8222,6374,Ferencváros,Čukarički,1560.97,,Ferencvaros,,chart/none
4315320,2324,ConferenceLeague,2023-09-21,9987,8535,Genk,Fiorentina,1653.35,1731.07,Genk,Fiorentina,chart/chart
4315355,2324,ConferenceLeague,2023-09-21,9861,8619,HJK,PAOK Thessaloniki,,1602.94,,PAOK,none/chart
4315332,2324,ConferenceLeague,2023-09-21,8673,10252,Legia Warszawa,Aston Villa,1580.37,1791.80,Legia,AstonVilla,chart/chart
4315325,2324,ConferenceLeague,2023-09-21,210173,4662,Ludogorets Razgrad,Spartak Trnava,1570.00,,Razgrad,,chart/none
4315319,2324,ConferenceLeague,2023-09-21,10107,10229,Zrinjski Mostar,AZ Alkmaar,,1669.79,,Alkmaar,none/chart
4315317,2324,ConferenceLeague,2023-09-21,8342,10188,Club Brugge,Beşiktaş,1681.23,1713.48,Brugge,Besiktas,chart/chart
4315297,2324,ConferenceLeague,2023-09-21,10156,166865,Dinamo Zagreb,FC Astana,1673.83,,DinamoZagreb,,chart/none
4315286,2324,ConferenceLeague,2023-09-21,7896,8402,Lugano,Bodø/Glimt,1571.20,1633.79,Lugano,BodoeGlimt,chart/chart
4315272,2324,ConferenceLeague,2023-09-21,7855,8332,Maccabi Tel Aviv,Breiðablik,1623.48,,MTelAviv,,chart/none
4315261,2324,ConferenceLeague,2023-09-21,6019,8106,Slovan Bratislava,Klaksvik,1538.71,,SlovanBratislava,,chart/none
4315266,2324,ConferenceLeague,2023-09-21,6033,952668,Viktoria Plzeň,Ballkani,1608.84,,ViktoriaPlzen,,chart/none
4315277,2324,ConferenceLeague,2023-09-21,7770,9991,Zorya,Gent,,1656.99,,Gent,none/chart
4315315,2324,ConferenceLeague,2023-10-05,166865,6033,FC Astana,Viktoria Plzeň,,1611.89,,ViktoriaPlzen,none/chart
4315314,2324,ConferenceLeague,2023-10-05,952668,10156,Ballkani,Dinamo Zagreb,,1675.79,,DinamoZagreb,none/chart
4315268,2324,ConferenceLeague,2023-10-05,10188,7896,Beşiktaş,Lugano,1713.71,1570.80,Besiktas,Lugano,chart/chart
4315307,2324,ConferenceLeague,2023-10-05,8402,8342,Bodø/Glimt,Club Brugge,1636.39,1674.92,BodoeGlimt,Brugge,chart/chart
4315276,2324,ConferenceLeague,2023-10-05,8332,7770,Breiðablik,Zorya,,,,,none/none
4315282,2324,ConferenceLeague,2023-10-05,9991,7855,Gent,Maccabi Tel Aviv,1656.69,1632.50,Gent,MTelAviv,chart/chart
4315265,2324,ConferenceLeague,2023-10-05,8106,8639,Klaksvik,Lille,,1737.42,,Lille,none/chart
4315283,2324,ConferenceLeague,2023-10-05,7872,6019,Olimpija Ljubljana,Slovan Bratislava,,1548.77,,SlovanBratislava,none/chart
4315352,2324,ConferenceLeague,2023-10-05,8485,9861,Aberdeen,HJK,,,,,none/none
4315302,2324,ConferenceLeague,2023-10-05,10252,10107,Aston Villa,Zrinjski Mostar,1793.31,,AstonVilla,,chart/none
4315288,2324,ConferenceLeague,2023-10-05,10229,8673,AZ Alkmaar,Legia Warszawa,1664.20,1588.13,Alkmaar,Legia,chart/chart
4315340,2324,ConferenceLeague,2023-10-05,6374,9987,Čukarički,Genk,,1648.03,,Genk,none/chart
4315329,2324,ConferenceLeague,2023-10-05,10202,210173,Nordsjælland,Ludogorets Razgrad,1586.11,1574.78,Nordsjaelland,Razgrad,chart/chart
4315339,2324,ConferenceLeague,2023-10-05,8535,8222,Fiorentina,Ferencváros,1739.78,1573.62,Fiorentina,Ferencvaros,chart/chart
4315351,2324,ConferenceLeague,2023-10-05,8619,9810,PAOK Thessaloniki,Eintracht Frankfurt,1620.02,1741.57,PAOK,Frankfurt,chart/chart
4315328,2324,ConferenceLeague,2023-10-05,4662,8695,Spartak Trnava,Fenerbahçe,,1766.21,,Fenerbahce,none/chart
4315300,2324,ConferenceLeague,2023-10-26,10229,10252,AZ Alkmaar,Aston Villa,1675.64,1803.31,Alkmaar,AstonVilla,chart/chart
4315312,2324,ConferenceLeague,2023-10-26,952668,166865,Ballkani,FC Astana,,,,,none/none
4315321,2324,ConferenceLeague,2023-10-26,8695,210173,Fenerbahçe,Ludogorets Razgrad,1773.63,1564.25,Fenerbahce,Razgrad,chart/chart
4315273,2324,ConferenceLeague,2023-10-26,9991,8332,Gent,Breiðablik,1655.22,,Gent,,chart/none
4315294,2324,ConferenceLeague,2023-10-26,8106,7872,Klaksvik,Olimpija Ljubljana,,,,,none/none
4315260,2324,ConferenceLeague,2023-10-26,8639,6019,Lille,Slovan Bratislava,1738.20,1560.34,Lille,SlovanBratislava,chart/chart
4315299,2324,ConferenceLeague,2023-10-26,7896,8342,Lugano,Club Brugge,1571.20,1665.75,Lugano,Brugge,chart/chart
4315353,2324,ConferenceLeague,2023-10-26,8485,8619,Aberdeen,PAOK Thessaloniki,,1627.02,,PAOK,none/chart
4315284,2324,ConferenceLeague,2023-10-26,8402,10188,Bodø/Glimt,Beşiktaş,1637.65,1701.43,BodoeGlimt,Besiktas,chart/chart
4315281,2324,ConferenceLeague,2023-10-26,10156,6033,Dinamo Zagreb,Viktoria Plzeň,1655.50,1606.71,DinamoZagreb,ViktoriaPlzen,chart/chart
4315344,2324,ConferenceLeague,2023-10-26,9810,9861,Eintracht Frankfurt,HJK,1744.83,,Frankfurt,,chart/none
4315336,2324,ConferenceLeague,2023-10-26,8535,6374,Fiorentina,Čukarički,1736.22,,Fiorentina,,chart/none
4315341,2324,ConferenceLeague,2023-10-26,9987,8222,Genk,Ferencváros,1659.22,1576.36,Genk,Ferencvaros,chart/chart
4315322,2324,ConferenceLeague,2023-10-26,4662,10202,Spartak Trnava,Nordsjælland,,1595.04,,Nordsjaelland,none/chart
4315306,2324,ConferenceLeague,2023-10-26,10107,8673,Zrinjski Mostar,Legia Warszawa,,1566.82,,Legia,none/chart
4315296,2324,ConferenceLeague,2023-11-09,166865,952668,FC Astana,Ballkani,,,,,none/none
4315287,2324,ConferenceLeague,2023-11-09,10188,8402,Beşiktaş,Bodø/Glimt,1688.37,1652.23,Besiktas,BodoeGlimt,chart/chart
4315331,2324,ConferenceLeague,2023-11-09,6374,8535,Čukarički,Fiorentina,,1730.26,,Fiorentina,none/chart
4315327,2324,ConferenceLeague,2023-11-09,10202,4662,Nordsjælland,Spartak Trnava,1597.41,,Nordsjaelland,,chart/none
4315335,2324,ConferenceLeague,2023-11-09,8222,9987,Ferencváros,Genk,1574.80,1656.16,Ferencvaros,Genk,chart/chart
4315345,2324,ConferenceLeague,2023-11-09,9861,9810,HJK,Eintracht Frankfurt,,1761.55,,Frankfurt,none/chart
4315301,2324,ConferenceLeague,2023-11-09,8673,10107,Legia Warszawa,Zrinjski Mostar,1565.81,,Legia,,chart/none
4315348,2324,ConferenceLeague,2023-11-09,8619,8485,PAOK Thessaloniki,Aberdeen,1634.92,,PAOK,,chart/none
4315311,2324,ConferenceLeague,2023-11-09,6033,10156,Viktoria Plzeň,Dinamo Zagreb,1609.84,1645.74,ViktoriaPlzen,DinamoZagreb,chart/chart
4315305,2324,ConferenceLeague,2023-11-09,10252,10229,Aston Villa,AZ Alkmaar,1804.85,1664.55,AstonVilla,Alkmaar,chart/chart
4315279,2324,ConferenceLeague,2023-11-09,8332,9991,Breiðablik,Gent,,1663.79,,Gent,none/chart
4315308,2324,ConferenceLeague,2023-11-09,8342,7896,Club Brugge,Lugano,1673.76,1563.92,Brugge,Lugano,chart/chart
4315326,2324,ConferenceLeague,2023-11-09,210173,8695,Ludogorets Razgrad,Fenerbahçe,1565.23,1770.20,Razgrad,Fenerbahce,chart/chart
4315292,2324,ConferenceLeague,2023-11-09,7872,8106,Olimpija Ljubljana,Klaksvik,,,,,none/none
4315263,2324,ConferenceLeague,2023-11-09,6019,8639,Slovan Bratislava,Lille,1563.43,1748.73,SlovanBratislava,Lille,chart/chart
4315280,2324,ConferenceLeague,2023-11-09,7770,7855,Zorya,Maccabi Tel Aviv,,1626.14,,MTelAviv,none/chart
4315274,2324,ConferenceLeague,2023-11-25,7855,7770,Maccabi Tel Aviv,Zorya,1633.51,,MTelAviv,,chart/none
4315278,2324,ConferenceLeague,2023-11-30,8332,7855,Breiðablik,Maccabi Tel Aviv,,1636.42,,MTelAviv,none/chart
4315313,2324,ConferenceLeague,2023-11-30,166865,10156,FC Astana,Dinamo Zagreb,,1640.82,,DinamoZagreb,none/chart
4315303,2324,ConferenceLeague,2023-11-30,10229,10107,AZ Alkmaar,Zrinjski Mostar,1661.72,,Alkmaar,,chart/none
4315267,2324,ConferenceLeague,2023-11-30,952668,6033,Ballkani,Viktoria Plzeň,,1599.83,,ViktoriaPlzen,none/chart
4315298,2324,ConferenceLeague,2023-11-30,10188,8342,Beşiktaş,Club Brugge,1686.33,1675.85,Besiktas,Brugge,chart/chart
4315269,2324,ConferenceLeague,2023-11-30,8402,7896,Bodø/Glimt,Lugano,1653.65,1559.25,BodoeGlimt,Lugano,chart/chart
4315271,2324,ConferenceLeague,2023-11-30,9991,7770,Gent,Zorya,1663.34,,Gent,,chart/none
4315347,2324,ConferenceLeague,2023-11-30,9861,8485,HJK,Aberdeen,,,,,none/none
4315264,2324,ConferenceLeague,2023-11-30,8106,6019,Klaksvik,Slovan Bratislava,,1568.11,,SlovanBratislava,none/chart
4315295,2324,ConferenceLeague,2023-11-30,7872,8639,Olimpija Ljubljana,Lille,,1750.95,,Lille,none/chart
4315304,2324,ConferenceLeague,2023-11-30,10252,8673,Aston Villa,Legia Warszawa,1816.92,1568.09,AstonVilla,Legia,chart/chart
4315330,2324,ConferenceLeague,2023-11-30,6374,8222,Čukarički,Ferencváros,,1565.16,,Ferencvaros,none/chart
4315346,2324,ConferenceLeague,2023-11-30,9810,8619,Eintracht Frankfurt,PAOK Thessaloniki,1756.39,1630.80,Frankfurt,PAOK,chart/chart
4315291,2324,ConferenceLeague,2023-11-30,10202,8695,Nordsjælland,Fenerbahçe,1587.84,1758.41,Nordsjaelland,Fenerbahce,chart/chart
4315338,2324,ConferenceLeague,2023-11-30,8535,9987,Fiorentina,Genk,1732.85,1649.68,Fiorentina,Genk,chart/chart
4315342,2324,ConferenceLeague,2023-11-30,4662,210173,Spartak Trnava,Ludogorets Razgrad,,1566.36,,Razgrad,none/chart
4315354,2324,ConferenceLeague,2023-12-14,8485,9810,Aberdeen,Eintracht Frankfurt,,1747.41,,Frankfurt,none/chart
4315323,2324,ConferenceLeague,2023-12-14,8695,4662,Fenerbahçe,Spartak Trnava,1749.32,,Fenerbahce,,chart/none
4315333,2324,ConferenceLeague,2023-12-14,8222,8535,Ferencváros,Fiorentina,1562.01,1735.86,Ferencvaros,Fiorentina,chart/chart
4315334,2324,ConferenceLeague,2023-12-14,9987,6374,Genk,Čukarički,1640.79,,Genk,,chart/none
4315289,2324,ConferenceLeague,2023-12-14,8673,10229,Legia Warszawa,AZ Alkmaar,1573.55,1654.72,Legia,Alkmaar,chart/chart
4315324,2324,ConferenceLeague,2023-12-14,210173,10202,Ludogorets Razgrad,Nordsjælland,1577.12,1604.43,Razgrad,Nordsjaelland,chart/chart
4315350,2324,ConferenceLeague,2023-12-14,8619,9861,PAOK Thessaloniki,HJK,1640.47,,PAOK,,chart/none
4315318,2324,ConferenceLeague,2023-12-14,10107,10252,Zrinjski Mostar,Aston Villa,,1833.11,,AstonVilla,none/chart
4315316,2324,ConferenceLeague,2023-12-14,8342,8402,Club Brugge,Bodø/Glimt,1691.08,1660.12,Brugge,BodoeGlimt,chart/chart
4315309,2324,ConferenceLeague,2023-12-14,10156,952668,Dinamo Zagreb,Ballkani,1649.61,,DinamoZagreb,,chart/none
4315262,2324,ConferenceLeague,2023-12-14,8639,8106,Lille,Klaksvik,1757.09,,Lille,,chart/none
4315285,2324,ConferenceLeague,2023-12-14,7896,10188,Lugano,Beşiktaş,1552.57,1659.73,Lugano,Besiktas,chart/chart
4315275,2324,ConferenceLeague,2023-12-14,7855,9991,Maccabi Tel Aviv,Gent,1644.97,1673.64,MTelAviv,Gent,chart/chart
4315293,2324,ConferenceLeague,2023-12-14,6019,7872,Slovan Bratislava,Olimpija Ljubljana,1575.09,,SlovanBratislava,,chart/none
4315310,2324,ConferenceLeague,2023-12-14,6033,166865,Viktoria Plzeň,FC Astana,1612.99,,ViktoriaPlzen,,chart/none
4315270,2324,ConferenceLeague,2023-12-14,7770,8332,Zorya,Breiðablik,,,,,none/none
4384285,2324,ConferenceLeague,2024-02-15,9917,8673,Molde,Legia Warszawa,,1577.42,,Legia,none/chart
4384283,2324,ConferenceLeague,2024-02-15,8638,8222,Olympiacos,Ferencváros,1647.79,1576.10,Olympiakos,Ferencvaros,chart/chart
4384279,2324,ConferenceLeague,2024-02-15,10014,6019,Sturm Graz,Slovan Bratislava,1651.43,1574.20,SturmGraz,SlovanBratislava,chart/chart
4384281,2324,ConferenceLeague,2024-02-15,7978,9810,Union St.Gilloise,Eintracht Frankfurt,1736.14,1731.51,StGillis,Frankfurt,chart/chart
4384284,2324,ConferenceLeague,2024-02-15,8593,8402,Ajax,Bodø/Glimt,1699.88,1653.86,Ajax,BodoeGlimt,chart/chart
4384286,2324,ConferenceLeague,2024-02-15,10185,9991,Maccabi Haifa,Gent,,1636.25,,Gent,none/chart
4384282,2324,ConferenceLeague,2024-02-15,8603,10156,Real Betis,Dinamo Zagreb,1781.85,1634.69,Betis,DinamoZagreb,chart/chart
4384280,2324,ConferenceLeague,2024-02-15,9777,210173,Servette,Ludogorets Razgrad,1569.24,1581.36,servette-fc,Razgrad,chart/chart
4384294,2324,ConferenceLeague,2024-02-21,9991,10185,Gent,Maccabi Haifa,1635.61,,Gent,,chart/none
4384292,2324,ConferenceLeague,2024-02-22,8402,8593,Bodø/Glimt,Ajax,1656.73,1692.91,BodoeGlimt,Ajax,chart/chart
4384290,2324,ConferenceLeague,2024-02-22,10156,8603,Dinamo Zagreb,Real Betis,1647.31,1768.64,DinamoZagreb,Betis,chart/chart
4384288,2324,ConferenceLeague,2024-02-22,210173,9777,Ludogorets Razgrad,Servette,1585.91,1570.84,Razgrad,servette-fc,chart/chart
4384289,2324,ConferenceLeague,2024-02-22,9810,7978,Eintracht Frankfurt,Union St.Gilloise,1732.92,1736.48,Frankfurt,StGillis,chart/chart
4384291,2324,ConferenceLeague,2024-02-22,8222,8638,Ferencváros,Olympiacos,1573.03,1660.82,Ferencvaros,Olympiakos,chart/chart
4384293,2324,ConferenceLeague,2024-02-22,8673,9917,Legia Warszawa,Molde,1569.13,,Legia,,chart/none
4384287,2324,ConferenceLeague,2024-02-22,6019,10014,Slovan Bratislava,Sturm Graz,1570.09,1656.92,SlovanBratislava,SturmGraz,chart/chart
4430920,2324,ConferenceLeague,2024-03-07,8593,10252,Ajax,Aston Villa,1693.79,1822.06,Ajax,AstonVilla,chart/chart
4430921,2324,ConferenceLeague,2024-03-07,9917,8342,Molde,Club Brugge,,1708.34,,Brugge,none/chart
4430926,2324,ConferenceLeague,2024-03-07,8638,7855,Olympiacos,Maccabi Tel Aviv,1670.69,1646.58,Olympiakos,MTelAviv,chart/chart
4430924,2324,ConferenceLeague,2024-03-07,10014,8639,Sturm Graz,Lille,1670.20,1753.97,SturmGraz,Lille,chart/chart
4430923,2324,ConferenceLeague,2024-03-07,10156,8619,Dinamo Zagreb,PAOK Thessaloniki,1649.90,1656.08,DinamoZagreb,PAOK,chart/chart
4430925,2324,ConferenceLeague,2024-03-07,10185,8535,Maccabi Haifa,Fiorentina,,1727.97,,Fiorentina,none/chart
4430919,2324,ConferenceLeague,2024-03-07,9777,6033,Servette,Viktoria Plzeň,1591.90,1632.73,servette-fc,ViktoriaPlzen,chart/chart
4430922,2324,ConferenceLeague,2024-03-07,7978,8695,Union St.Gilloise,Fenerbahçe,1752.79,1767.13,StGillis,Fenerbahce,chart/chart
4430930,2324,ConferenceLeague,2024-03-14,8695,7978,Fenerbahçe,Union St.Gilloise,1779.62,1738.82,Fenerbahce,StGillis,chart/chart
4430933,2324,ConferenceLeague,2024-03-14,8535,10185,Fiorentina,Maccabi Haifa,1733.82,,Fiorentina,,chart/none
4430931,2324,ConferenceLeague,2024-03-14,8619,10156,PAOK Thessaloniki,Dinamo Zagreb,1640.07,1657.91,PAOK,DinamoZagreb,chart/chart
4430927,2324,ConferenceLeague,2024-03-14,6033,9777,Viktoria Plzeň,Servette,1642.30,1595.28,ViktoriaPlzen,servette-fc,chart/chart
4430928,2324,ConferenceLeague,2024-03-14,10252,8593,Aston Villa,Ajax,1810.86,1689.57,AstonVilla,Ajax,chart/chart
4430929,2324,ConferenceLeague,2024-03-14,8342,9917,Club Brugge,Molde,1703.35,,Brugge,,chart/none
4430932,2324,ConferenceLeague,2024-03-14,8639,10014,Lille,Sturm Graz,1763.97,1657.97,Lille,SturmGraz,chart/chart
4430934,2324,ConferenceLeague,2024-03-14,7855,8638,Maccabi Tel Aviv,Olympiacos,1661.36,1648.38,MTelAviv,Olympiakos,chart/chart
4446443,2324,ConferenceLeague,2024-04-11,8638,8695,Olympiacos,Fenerbahçe,1669.91,1779.07,Olympiakos,Fenerbahce,chart/chart
4446445,2324,ConferenceLeague,2024-04-11,6033,8535,Viktoria Plzeň,Fiorentina,1621.56,1729.19,ViktoriaPlzen,Fiorentina,chart/chart
4446444,2324,ConferenceLeague,2024-04-11,10252,8639,Aston Villa,Lille,1815.89,1770.45,AstonVilla,Lille,chart/chart
4446442,2324,ConferenceLeague,2024-04-11,8342,8619,Club Brugge,PAOK Thessaloniki,1705.27,1658.18,Brugge,PAOK,chart/chart
4446449,2324,ConferenceLeague,2024-04-18,8535,6033,Fiorentina,Viktoria Plzeň,1728.30,1627.60,Fiorentina,ViktoriaPlzen,chart/chart
4446448,2324,ConferenceLeague,2024-04-18,8639,10252,Lille,Aston Villa,1766.32,1827.62,Lille,AstonVilla,chart/chart
4446447,2324,ConferenceLeague,2024-04-18,8695,8638,Fenerbahçe,Olympiacos,1775.07,1674.94,Fenerbahce,Olympiakos,chart/chart
4446446,2324,ConferenceLeague,2024-04-18,8619,8342,PAOK Thessaloniki,Club Brugge,1655.65,1714.16,PAOK,Brugge,chart/chart
4446450,2324,ConferenceLeague,2024-05-02,10252,8638,Aston Villa,Olympiacos,1825.43,1674.81,AstonVilla,Olympiakos,chart/chart
4446451,2324,ConferenceLeague,2024-05-02,8535,8342,Fiorentina,Club Brugge,1732.57,1735.37,Fiorentina,Brugge,chart/chart
4446453,2324,ConferenceLeague,2024-05-08,8342,8535,Club Brugge,Fiorentina,1734.31,1731.28,Brugge,Fiorentina,chart/chart
4446452,2324,ConferenceLeague,2024-05-09,8638,10252,Olympiacos,Aston Villa,1688.60,1808.91,Olympiakos,AstonVilla,chart/chart
4446454,2324,ConferenceLeague,2024-05-29,8638,8535,Olympiacos,Fiorentina,1694.09,1740.27,Olympiakos,Fiorentina,chart/chart
4622201,2425,ConferenceLeague,2024-10-02,1933,10015,Başakşehir,Rapid Wien,1642.47,1530.70,istanbul-basaksehir,AustriaWien,chart/chart
4622237,2425,ConferenceLeague,2024-10-02,7844,4622,Vitória de Guimarães,NK Celje,1638.45,,Guimaraes,,chart/none
4622243,2425,ConferenceLeague,2024-10-03,9984,10190,Cercle Brugge,St. Gallen,1550.40,1559.84,CercleBrugge,StGallen,chart/chart
4622284,2425,ConferenceLeague,2024-10-03,10058,9860,Dinamo Minsk,Heart of Midlothian,,,,,none/none
4622233,2425,ConferenceLeague,2024-10-03,166865,676140,FC Astana,TSC Bačka Topola,,,,,none/none
4622218,2425,ConferenceLeague,2024-10-03,94937,7872,FC Heidenheim,Olimpija Ljubljana,1700.26,,Heidenheim,,chart/none
4622293,2425,ConferenceLeague,2024-10-03,866111,10180,FC Noah,Mladá Boleslav,,,,,none/none
4622207,2425,ConferenceLeague,2024-10-03,8673,8603,Legia Warszawa,Real Betis,1575.59,1773.12,Legia,Betis,chart/chart
4622216,2425,ConferenceLeague,2024-10-03,9917,2206,Molde,Larne,,,,,none/none
4622229,2425,ConferenceLeague,2024-10-03,8044,6017,Omonia Nicosia,Víkingur Reykjavík,1523.14,,Omonia,,chart/none
4622270,2425,ConferenceLeague,2024-10-03,10116,10200,Borac Banja Luka,Panathinaikos,,1618.89,,Panathinaikos,none/chart
4622184,2425,ConferenceLeague,2024-10-03,8455,9991,Chelsea,Gent,1855.42,1666.70,Chelsea,Gent,chart/chart
4622273,2425,ConferenceLeague,2024-10-03,561981,2137,CS Petrocub,Pafos FC,,1511.77,,Paphos,none/chart
4622189,2425,ConferenceLeague,2024-10-03,8391,1957,FC København,Jagiellonia Białystok,1666.00,1530.72,FCKobenhavn,Jagiellonia,chart/chart
4622191,2425,ConferenceLeague,2024-10-03,8535,7852,Fiorentina,The New Saints,1726.19,,Fiorentina,,chart/none
4622196,2425,ConferenceLeague,2024-10-03,9977,9802,LASK,Djurgården,1556.22,1553.20,lask,Djurgarden,chart/chart
4622257,2425,ConferenceLeague,2024-10-03,7896,9861,Lugano,HJK,1578.52,,Lugano,,chart/none
4622244,2425,ConferenceLeague,2024-10-03,4131,8621,Shamrock Rovers,APOEL Nicosia,,,,,none/none
4622290,2425,ConferenceLeague,2024-10-24,6017,9984,Víkingur Reykjavík,Cercle Brugge,,1555.05,,CercleBrugge,none/chart
4622212,2425,ConferenceLeague,2024-10-24,8621,10116,APOEL Nicosia,Borac Banja Luka,,,,,none/none
4622204,2425,ConferenceLeague,2024-10-24,9802,7844,Djurgården,Vitória de Guimarães,1550.62,1637.57,Djurgarden,Guimaraes,chart/chart
4622181,2425,ConferenceLeague,2024-10-24,9991,9917,Gent,Molde,1666.39,,Gent,,chart/none
4622251,2425,ConferenceLeague,2024-10-24,9860,8044,Heart of Midlothian,Omonia Nicosia,,1510.37,,Omonia,none/chart
4622276,2425,ConferenceLeague,2024-10-24,1957,561981,Jagiellonia Białystok,CS Petrocub,1549.70,,Jagiellonia,,chart/none
4622287,2425,ConferenceLeague,2024-10-24,2206,4131,Larne,Shamrock Rovers,,,,,none/none
4622280,2425,ConferenceLeague,2024-10-24,4622,1933,NK Celje,Başakşehir,,1623.63,,istanbul-basaksehir,none/chart
4622262,2425,ConferenceLeague,2024-10-24,10200,8455,Panathinaikos,Chelsea,1618.65,1853.98,Panathinaikos,Chelsea,chart/chart
4622240,2425,ConferenceLeague,2024-10-24,10015,866111,Rapid Wien,FC Noah,1536.15,,AustriaWien,,chart/none
4622259,2425,ConferenceLeague,2024-10-24,10190,8535,St. Gallen,Fiorentina,1546.32,1742.19,StGallen,Fiorentina,chart/chart
4622222,2425,ConferenceLeague,2024-10-24,9861,10058,HJK,Dinamo Minsk,,,,,none/none
4622254,2425,ConferenceLeague,2024-10-24,10180,7896,Mladá Boleslav,Lugano,,1572.00,,Lugano,none/chart
4622224,2425,ConferenceLeague,2024-10-24,7872,9977,Olimpija Ljubljana,LASK,,1561.53,,lask,none/chart
4622277,2425,ConferenceLeague,2024-10-24,2137,94937,Pafos FC,FC Heidenheim,1526.79,1694.55,Paphos,Heidenheim,chart/chart
4622193,2425,ConferenceLeague,2024-10-24,8603,8391,Real Betis,FC København,1761.75,1657.54,Betis,FCKobenhavn,chart/chart
4622248,2425,ConferenceLeague,2024-10-24,7852,166865,The New Saints,FC Astana,,,,,none/none
4622265,2425,ConferenceLeague,2024-10-24,676140,8673,TSC Bačka Topola,Legia Warszawa,,1590.55,,Legia,none/chart
4622291,2425,ConferenceLeague,2024-11-07,6017,10116,Víkingur Reykjavík,Borac Banja Luka,,,,,none/none
4622272,2425,ConferenceLeague,2024-11-07,561981,10015,CS Petrocub,Rapid Wien,,1540.65,,AustriaWien,none/chart
4622182,2425,ConferenceLeague,2024-11-07,9991,8044,Gent,Omonia Nicosia,1655.70,1495.45,Gent,Omonia,chart/chart
4622221,2425,ConferenceLeague,2024-11-07,9861,7872,HJK,Olimpija Ljubljana,,,,,none/none
4622209,2425,ConferenceLeague,2024-11-07,8673,10058,Legia Warszawa,Dinamo Minsk,1603.63,,Legia,,chart/none
4622278,2425,ConferenceLeague,2024-11-07,2137,166865,Pafos FC,FC Astana,1521.11,,Paphos,,chart/none
4622245,2425,ConferenceLeague,2024-11-07,4131,7852,Shamrock Rovers,The New Saints,,,,,none/none
4622266,2425,ConferenceLeague,2024-11-07,676140,7896,TSC Bačka Topola,Lugano,,1584.82,,Lugano,none/chart
4622210,2425,ConferenceLeague,2024-11-07,8621,8535,APOEL Nicosia,Fiorentina,,1763.15,,Fiorentina,none/chart
4622186,2425,ConferenceLeague,2024-11-07,8455,866111,Chelsea,FC Noah,1858.56,,Chelsea,,chart/none
4622205,2425,ConferenceLeague,2024-11-07,9802,10200,Djurgården,Panathinaikos,1538.98,1614.97,Djurgarden,Panathinaikos,chart/chart
4622187,2425,ConferenceLeague,2024-11-07,8391,1933,FC København,Başakşehir,1660.58,1605.63,FCKobenhavn,istanbul-basaksehir,chart/chart
4622250,2425,ConferenceLeague,2024-11-07,9860,94937,Heart of Midlothian,FC Heidenheim,,1684.38,,Heidenheim,none/chart
4622274,2425,ConferenceLeague,2024-11-07,1957,9917,Jagiellonia Białystok,Molde,1564.40,,Jagiellonia,,chart/none
4622288,2425,ConferenceLeague,2024-11-07,2206,10190,Larne,St. Gallen,,1535.04,,StGallen,none/chart
4622197,2425,ConferenceLeague,2024-11-07,9977,9984,LASK,Cercle Brugge,1545.44,1563.18,lask,CercleBrugge,chart/chart
4622195,2425,ConferenceLeague,2024-11-07,8603,4622,Real Betis,NK Celje,1768.04,,Betis,,chart/none
4622236,2425,ConferenceLeague,2024-11-07,7844,10180,Vitória de Guimarães,Mladá Boleslav,1643.33,,Guimaraes,,chart/none
4622202,2425,ConferenceLeague,2024-11-27,1933,561981,Başakşehir,CS Petrocub,1598.03,,istanbul-basaksehir,,chart/none
4622232,2425,ConferenceLeague,2024-11-28,166865,7844,FC Astana,Vitória de Guimarães,,1639.21,,Guimaraes,none/chart
4622268,2425,ConferenceLeague,2024-11-28,10116,9977,Borac Banja Luka,LASK,,1559.65,,lask,none/chart
4622242,2425,ConferenceLeague,2024-11-28,9984,9860,Cercle Brugge,Heart of Midlothian,1551.79,,CercleBrugge,,chart/none
4622283,2425,ConferenceLeague,2024-11-28,10058,8391,Dinamo Minsk,FC København,,1656.77,,FCKobenhavn,none/chart
4622217,2425,ConferenceLeague,2024-11-28,94937,8455,FC Heidenheim,Chelsea,1675.65,1862.71,Heidenheim,Chelsea,chart/chart
4622294,2425,ConferenceLeague,2024-11-28,866111,6017,FC Noah,Víkingur Reykjavík,,,,,none/none
4622214,2425,ConferenceLeague,2024-11-28,9917,8621,Molde,APOEL Nicosia,,,,,none/none
4622282,2425,ConferenceLeague,2024-11-28,4622,1957,NK Celje,Jagiellonia Białystok,,1570.86,,Jagiellonia,none/chart
4622263,2425,ConferenceLeague,2024-11-28,10200,9861,Panathinaikos,HJK,1610.93,,Panathinaikos,,chart/none
4622261,2425,ConferenceLeague,2024-11-28,10190,676140,St. Gallen,TSC Bačka Topola,1535.50,,StGallen,,chart/none
4622247,2425,ConferenceLeague,2024-11-28,7852,9802,The New Saints,Djurgården,,1548.76,,Djurgarden,none/chart
4622192,2425,ConferenceLeague,2024-11-28,8535,2137,Fiorentina,Pafos FC,1763.60,1533.02,Fiorentina,Paphos,chart/chart
4622256,2425,ConferenceLeague,2024-11-28,7896,9991,Lugano,Gent,1573.09,1654.04,Lugano,Gent,chart/chart
4622253,2425,ConferenceLeague,2024-11-28,10180,8603,Mladá Boleslav,Real Betis,,1758.82,,Betis,none/chart
4622226,2425,ConferenceLeague,2024-11-28,7872,2206,Olimpija Ljubljana,Larne,,,,,none/none
4622227,2425,ConferenceLeague,2024-11-28,8044,8673,Omonia Nicosia,Legia Warszawa,1502.40,1605.77,Omonia,Legia,chart/chart
4622239,2425,ConferenceLeague,2024-11-28,10015,4131,Rapid Wien,Shamrock Rovers,1553.86,,AustriaWien,,chart/none
4622289,2425,ConferenceLeague,2024-12-12,6017,9802,Víkingur Reykjavík,Djurgården,,1551.27,,Djurgarden,none/chart
4622231,2425,ConferenceLeague,2024-12-12,166865,8455,FC Astana,Chelsea,,1883.20,,Chelsea,none/chart
4622271,2425,ConferenceLeague,2024-12-12,561981,8603,CS Petrocub,Real Betis,,1751.78,,Betis,none/chart
4622285,2425,ConferenceLeague,2024-12-12,10058,2206,Dinamo Minsk,Larne,,,,,none/none
4622188,2425,ConferenceLeague,2024-12-12,8391,9860,FC København,Heart of Midlothian,1663.90,,FCKobenhavn,,chart/none
4622292,2425,ConferenceLeague,2024-12-12,866111,8621,FC Noah,APOEL Nicosia,,,,,none/none
4622190,2425,ConferenceLeague,2024-12-12,8535,9977,Fiorentina,LASK,1765.79,1538.97,Fiorentina,lask,chart/chart
4622220,2425,ConferenceLeague,2024-12-12,9861,9917,HJK,Molde,,,,,none/none
4622200,2425,ConferenceLeague,2024-12-12,1933,94937,Başakşehir,FC Heidenheim,1602.74,1659.70,istanbul-basaksehir,Heidenheim,chart/chart
4622208,2425,ConferenceLeague,2024-12-12,8673,7896,Legia Warszawa,Lugano,1618.51,1584.12,Legia,Lugano,chart/chart
4622225,2425,ConferenceLeague,2024-12-12,7872,9984,Olimpija Ljubljana,Cercle Brugge,,1545.10,,CercleBrugge,none/chart
4622183,2425,ConferenceLeague,2024-12-12,9991,676140,Gent,TSC Bačka Topola,1647.78,,Gent,,chart/none
4622255,2425,ConferenceLeague,2024-12-12,10180,1957,Mladá Boleslav,Jagiellonia Białystok,,1570.54,,Jagiellonia,none/chart
4622228,2425,ConferenceLeague,2024-12-12,8044,10015,Omonia Nicosia,Rapid Wien,1501.14,1567.42,Omonia,AustriaWien,chart/chart
4622279,2425,ConferenceLeague,2024-12-12,2137,4622,Pafos FC,NK Celje,1529.04,,Paphos,,chart/none
4622246,2425,ConferenceLeague,2024-12-12,4131,10116,Shamrock Rovers,Borac Banja Luka,,,,,none/none
4622260,2425,ConferenceLeague,2024-12-12,10190,7844,St. Gallen,Vitória de Guimarães,1526.64,1641.03,StGallen,Guimaraes,chart/chart
4622249,2425,ConferenceLeague,2024-12-12,7852,10200,The New Saints,Panathinaikos,,1612.04,,Panathinaikos,none/chart
4622211,2425,ConferenceLeague,2024-12-19,8621,166865,APOEL Nicosia,FC Astana,,,,,none/none
4622269,2425,ConferenceLeague,2024-12-19,10116,8044,Borac Banja Luka,Omonia Nicosia,,1503.65,,Omonia,none/chart
4622241,2425,ConferenceLeague,2024-12-19,9984,1933,Cercle Brugge,Başakşehir,1560.47,1604.99,CercleBrugge,istanbul-basaksehir,chart/chart
4622185,2425,ConferenceLeague,2024-12-19,8455,4131,Chelsea,Shamrock Rovers,1887.42,,Chelsea,,chart/none
4622203,2425,ConferenceLeague,2024-12-19,9802,8673,Djurgården,Legia Warszawa,1556.82,1610.05,Djurgarden,Legia,chart/chart
4622219,2425,ConferenceLeague,2024-12-19,94937,10190,FC Heidenheim,St. Gallen,1646.39,1526.36,Heidenheim,StGallen,chart/chart
4622252,2425,ConferenceLeague,2024-12-19,9860,561981,Heart of Midlothian,CS Petrocub,,,,,none/none
4622275,2425,ConferenceLeague,2024-12-19,1957,7872,Jagiellonia Białystok,Olimpija Ljubljana,1563.41,,Jagiellonia,,chart/none
4622286,2425,ConferenceLeague,2024-12-19,2206,9991,Larne,Gent,,1650.97,,Gent,none/chart
4622198,2425,ConferenceLeague,2024-12-19,9977,6017,LASK,Víkingur Reykjavík,1531.20,,lask,,chart/none
4622258,2425,ConferenceLeague,2024-12-19,7896,2137,Lugano,Pafos FC,1577.19,1539.47,Lugano,Paphos,chart/chart
4622215,2425,ConferenceLeague,2024-12-19,9917,10180,Molde,Mladá Boleslav,,,,,none/none
4622281,2425,ConferenceLeague,2024-12-19,4622,7852,NK Celje,The New Saints,,,,,none/none
4622264,2425,ConferenceLeague,2024-12-19,10200,10058,Panathinaikos,Dinamo Minsk,1618.10,,Panathinaikos,,chart/none
4622238,2425,ConferenceLeague,2024-12-19,10015,8391,Rapid Wien,FC København,1567.42,1665.86,AustriaWien,FCKobenhavn,chart/chart
4622194,2425,ConferenceLeague,2024-12-19,8603,9861,Real Betis,HJK,1761.83,,Betis,,chart/none
4622267,2425,ConferenceLeague,2024-12-19,676140,866111,TSC Bačka Topola,FC Noah,,,,,none/none
4622235,2425,ConferenceLeague,2024-12-19,7844,8535,Vitória de Guimarães,Fiorentina,1645.96,1766.47,Guimaraes,Fiorentina,chart/chart
4695835,2425,ConferenceLeague,2025-02-13,9917,4131,Molde,Shamrock Rovers,,,,,none/none
4695832,2425,ConferenceLeague,2025-02-13,4622,8621,NK Celje,APOEL Nicosia,,,,,none/none
4695831,2425,ConferenceLeague,2025-02-13,676140,1957,TSC Bačka Topola,Jagiellonia Białystok,,1559.79,,Jagiellonia,none/chart
4695833,2425,ConferenceLeague,2025-02-13,6017,10200,Víkingur Reykjavík,Panathinaikos,,1627.49,,Panathinaikos,none/chart
4695837,2425,ConferenceLeague,2025-02-13,10116,7872,Borac Banja Luka,Olimpija Ljubljana,,,,,none/none
4695834,2425,ConferenceLeague,2025-02-13,8391,94937,FC København,FC Heidenheim,1655.59,1625.23,FCKobenhavn,Heidenheim,chart/chart
4695830,2425,ConferenceLeague,2025-02-13,9991,8603,Gent,Real Betis,1633.32,1745.06,Gent,Betis,chart/chart
4695836,2425,ConferenceLeague,2025-02-13,8044,2137,Omonia Nicosia,Pafos FC,1517.13,1545.97,Omonia,Paphos,chart/chart
4695842,2425,ConferenceLeague,2025-02-20,94937,8391,FC Heidenheim,FC København,1627.61,1650.38,Heidenheim,FCKobenhavn,chart/chart
4695845,2425,ConferenceLeague,2025-02-20,7872,10116,Olimpija Ljubljana,Borac Banja Luka,,,,,none/none
4695844,2425,ConferenceLeague,2025-02-20,2137,8044,Pafos FC,Omonia Nicosia,1548.55,1516.87,Paphos,Omonia,chart/chart
4695838,2425,ConferenceLeague,2025-02-20,8603,9991,Real Betis,Gent,1762.28,1624.89,Betis,Gent,chart/chart
4695840,2425,ConferenceLeague,2025-02-20,8621,4622,APOEL Nicosia,NK Celje,,,,,none/none
4695839,2425,ConferenceLeague,2025-02-20,1957,676140,Jagiellonia Białystok,TSC Bačka Topola,1568.87,,Jagiellonia,,chart/none
4695841,2425,ConferenceLeague,2025-02-20,10200,6017,Panathinaikos,Víkingur Reykjavík,1618.62,,Panathinaikos,,chart/none
4695843,2425,ConferenceLeague,2025-02-20,4131,9917,Shamrock Rovers,Molde,,,,,none/none
4737739,2425,ConferenceLeague,2025-03-06,8391,8455,FC København,Chelsea,1661.62,1855.96,FCKobenhavn,Chelsea,chart/chart
4737741,2425,ConferenceLeague,2025-03-06,9917,8673,Molde,Legia Warszawa,,1590.03,,Legia,none/chart
4737737,2425,ConferenceLeague,2025-03-06,10200,8535,Panathinaikos,Fiorentina,1607.62,1747.35,Panathinaikos,Fiorentina,chart/chart
4737731,2425,ConferenceLeague,2025-03-06,8603,7844,Real Betis,Vitória de Guimarães,1766.44,1640.68,Betis,Guimaraes,chart/chart
4737745,2425,ConferenceLeague,2025-03-06,10116,10015,Borac Banja Luka,Rapid Wien,,1584.47,,AustriaWien,none/chart
4737733,2425,ConferenceLeague,2025-03-06,1957,9984,Jagiellonia Białystok,Cercle Brugge,1574.90,1562.27,Jagiellonia,CercleBrugge,chart/chart
4737735,2425,ConferenceLeague,2025-03-06,4622,7896,NK Celje,Lugano,,1561.51,,Lugano,none/chart
4737743,2425,ConferenceLeague,2025-03-06,2137,9802,Pafos FC,Djurgården,1553.01,1564.88,Paphos,Djurgarden,chart/chart
4737734,2425,ConferenceLeague,2025-03-13,9984,1957,Cercle Brugge,Jagiellonia Białystok,1550.60,1583.59,CercleBrugge,Jagiellonia,chart/chart
4737744,2425,ConferenceLeague,2025-03-13,9802,2137,Djurgården,Pafos FC,1558.99,1553.61,Djurgarden,Paphos,chart/chart
4737736,2425,ConferenceLeague,2025-03-13,7896,4622,Lugano,NK Celje,1549.79,,Lugano,,chart/none
4737746,2425,ConferenceLeague,2025-03-13,10015,10116,Rapid Wien,Borac Banja Luka,1588.14,,AustriaWien,,chart/none
4737740,2425,ConferenceLeague,2025-03-13,8455,8391,Chelsea,FC København,1862.28,1652.03,Chelsea,FCKobenhavn,chart/chart
4737738,2425,ConferenceLeague,2025-03-13,8535,10200,Fiorentina,Panathinaikos,1738.81,1611.23,Fiorentina,Panathinaikos,chart/chart
4737742,2425,ConferenceLeague,2025-03-13,8673,9917,Legia Warszawa,Molde,1583.90,,Legia,,chart/none
4737732,2425,ConferenceLeague,2025-03-13,7844,8603,Vitória de Guimarães,Real Betis,1647.15,1764.93,Guimaraes,Betis,chart/chart
4737755,2425,ConferenceLeague,2025-04-10,8673,8455,Legia Warszawa,Chelsea,1589.37,1863.97,Legia,Chelsea,chart/chart
4737756,2425,ConferenceLeague,2025-04-10,9802,10015,Djurgården,Rapid Wien,1566.45,1587.53,Djurgarden,AustriaWien,chart/chart
4737752,2425,ConferenceLeague,2025-04-10,4622,8535,NK Celje,Fiorentina,,1757.17,,Fiorentina,none/chart
4737750,2425,ConferenceLeague,2025-04-10,8603,1957,Real Betis,Jagiellonia Białystok,1784.10,1571.76,Betis,Jagiellonia,chart/chart
4737753,2425,ConferenceLeague,2025-04-17,8535,4622,Fiorentina,NK Celje,1756.61,,Fiorentina,,chart/none
4737751,2425,ConferenceLeague,2025-04-17,1957,8603,Jagiellonia Białystok,Real Betis,1573.65,1780.51,Jagiellonia,Betis,chart/chart
4737754,2425,ConferenceLeague,2025-04-17,8455,8673,Chelsea,Legia Warszawa,1863.47,1577.86,Chelsea,Legia,chart/chart
4737757,2425,ConferenceLeague,2025-04-17,10015,9802,Rapid Wien,Djurgården,1580.92,1551.61,AustriaWien,Djurgarden,chart/chart
4737762,2425,ConferenceLeague,2025-05-01,9802,8455,Djurgården,Chelsea,1568.59,1859.19,Djurgarden,Chelsea,chart/chart
4737759,2425,ConferenceLeague,2025-05-01,8603,8535,Real Betis,Fiorentina,1786.20,1756.05,Betis,Fiorentina,chart/chart
4737761,2425,ConferenceLeague,2025-05-08,8455,9802,Chelsea,Djurgården,1871.72,1562.86,Chelsea,Djurgarden,chart/chart
4737760,2425,ConferenceLeague,2025-05-08,8535,8603,Fiorentina,Real Betis,1749.90,1791.93,Fiorentina,Betis,chart/chart
4737763,2425,ConferenceLeague,2025-05-28,8603,8455,Real Betis,Chelsea,1781.73,1875.68,Betis,Chelsea,chart/chart
4947960,2526,ConferenceLeague,2025-10-02,8688,9826,Dynamo Kyiv,Crystal Palace,1626.57,1852.36,DynamoKyiv,CrystalPalace,chart/chart
4948067,2526,ConferenceLeague,2025-10-02,866111,10162,FC Noah,Rijeka,,1510.19,,Rijeka,none/chart
4948007,2526,ConferenceLeague,2025-10-02,1957,4528,Jagiellonia Białystok,Hamrun Spartans,1578.54,,Jagiellonia,,chart/none
4948021,2526,ConferenceLeague,2025-10-02,1693,784771,KuPS,Drita,,,,,none/none
4948059,2526,ConferenceLeague,2025-10-02,7730,8332,Lausanne,Breiðablik,,,,,none/none
4947966,2526,ConferenceLeague,2025-10-02,2182,10015,Lech Poznań,Rapid Wien,1602.44,1559.01,Lech,AustriaWien,chart/chart
4947997,2526,ConferenceLeague,2025-10-02,8044,9905,Omonia Nicosia,Mainz 05,1560.90,1727.10,Omonia,Mainz,chart/chart
4947971,2526,ConferenceLeague,2025-10-02,8370,2234,Rayo Vallecano,KF Shkendija,1698.38,,RayoVallecano,,chart/none
4948015,2526,ConferenceLeague,2025-10-02,10107,545012,Zrinjski Mostar,Lincoln Red Imps FC,,,,,none/none
4948026,2526,ConferenceLeague,2025-10-02,8485,9728,Aberdeen,Shakhtar Donetsk,,1668.97,,Shakhtar,none/chart
4948048,2526,ConferenceLeague,2025-10-02,7797,10229,AEK Larnaca,AZ Alkmaar,1543.67,1658.02,Larnaca,Alkmaar,chart/chart
4947941,2526,ConferenceLeague,2025-10-02,8535,6461,Fiorentina,Sigma Olomouc,1734.49,,Fiorentina,,chart/none
4947956,2526,ConferenceLeague,2025-10-02,8673,9750,Legia Warszawa,Samsunspor,1597.66,1579.56,Legia,Samsunspor,chart/chart
4948009,2526,ConferenceLeague,2025-10-02,4622,8563,NK Celje,AEK Athens,,1636.16,,AEK,none/chart
4948047,2526,ConferenceLeague,2025-10-02,4024,480286,Raków Częstochowa,Universitatea Craiova,1604.76,1556.34,Rakow,Craiova,chart/chart
4948071,2526,ConferenceLeague,2025-10-02,5751,8428,Shelbourne,Häcken,,,,,none/none
4947949,2526,ConferenceLeague,2025-10-02,6019,9848,Slovan Bratislava,Strasbourg,1550.08,1705.48,SlovanBratislava,Strasbourg,chart/chart
4947957,2526,ConferenceLeague,2025-10-02,10247,4131,Sparta Prague,Shamrock Rovers,1653.80,,SpartaPraha,,chart/none
4948024,2526,ConferenceLeague,2025-10-23,8563,8485,AEK Athens,Aberdeen,1615.16,,AEK,,chart/none
4947942,2526,ConferenceLeague,2025-10-23,10229,6019,AZ Alkmaar,Slovan Bratislava,1655.94,1552.16,Alkmaar,SlovanBratislava,chart/chart
4948037,2526,ConferenceLeague,2025-10-23,8332,1693,Breiðablik,KuPS,,,,,none/none
4948030,2526,ConferenceLeague,2025-10-23,784771,8044,Drita,Omonia Nicosia,,1559.32,,Omonia,none/chart
4948054,2526,ConferenceLeague,2025-10-23,8428,8370,Häcken,Rayo Vallecano,,1720.91,,RayoVallecano,none/chart
4948053,2526,ConferenceLeague,2025-10-23,2234,5751,KF Shkendija,Shelbourne,,,,,none/none
4947951,2526,ConferenceLeague,2025-10-23,10015,8535,Rapid Wien,Fiorentina,1552.55,1730.48,AustriaWien,Fiorentina,chart/chart
4947945,2526,ConferenceLeague,2025-10-23,9728,8673,Shakhtar Donetsk,Legia Warszawa,1648.51,1576.99,Shakhtar,Legia,chart/chart
4948003,2526,ConferenceLeague,2025-10-23,9848,1957,Strasbourg,Jagiellonia Białystok,1725.18,1590.61,Strasbourg,Jagiellonia,chart/chart
4947965,2526,ConferenceLeague,2025-10-23,9826,7797,Crystal Palace,AEK Larnaca,1848.31,1549.40,CrystalPalace,Larnaca,chart/chart
4948065,2526,ConferenceLeague,2025-10-23,4528,7730,Hamrun Spartans,Lausanne,,,,,none/none
4948017,2526,ConferenceLeague,2025-10-23,545012,2182,Lincoln Red Imps FC,Lech Poznań,,1610.29,,Lech,none/chart
4948000,2526,ConferenceLeague,2025-10-23,9905,10107,Mainz 05,Zrinjski Mostar,1713.54,,Mainz,,chart/none
4948042,2526,ConferenceLeague,2025-10-23,9750,8688,Samsunspor,Dynamo Kyiv,1599.89,1613.89,Samsunspor,DynamoKyiv,chart/chart
4947973,2526,ConferenceLeague,2025-10-23,4131,4622,Shamrock Rovers,NK Celje,,,,,none/none
4948041,2526,ConferenceLeague,2025-10-23,6461,4024,Sigma Olomouc,Raków Częstochowa,,1605.19,,Rakow,none/chart
4948062,2526,ConferenceLeague,2025-10-23,480286,866111,Universitatea Craiova,FC Noah,1548.18,,Craiova,,chart/none
4948011,2526,ConferenceLeague,2025-10-24,10162,10247,Rijeka,Sparta Prague,1505.13,1653.03,Rijeka,SpartaPraha,chart/chart
4948023,2526,ConferenceLeague,2025-11-06,8563,4131,AEK Athens,Shamrock Rovers,1617.69,,AEK,,chart/none
4948049,2526,ConferenceLeague,2025-11-06,7797,8485,AEK Larnaca,Aberdeen,1564.54,,Larnaca,,chart/none
4948068,2526,ConferenceLeague,2025-11-06,866111,6461,FC Noah,Sigma Olomouc,,,,,none/none
4948020,2526,ConferenceLeague,2025-11-06,1693,6019,KuPS,Slovan Bratislava,,1542.89,,SlovanBratislava,none/chart
4947999,2526,ConferenceLeague,2025-11-06,9905,8535,Mainz 05,Fiorentina,1702.66,1723.36,Mainz,Fiorentina,chart/chart
4948008,2526,ConferenceLeague,2025-11-06,4622,8673,NK Celje,Legia Warszawa,,1583.66,,Legia,none/chart
4948044,2526,ConferenceLeague,2025-11-06,9750,4528,Samsunspor,Hamrun Spartans,1613.70,,Samsunspor,,chart/none
4947947,2526,ConferenceLeague,2025-11-06,9728,8332,Shakhtar Donetsk,Breiðablik,1644.40,,Shakhtar,,chart/none
4947959,2526,ConferenceLeague,2025-11-06,10247,4024,Sparta Prague,Raków Częstochowa,1647.41,1610.47,SpartaPraha,Rakow,chart/chart
4947963,2526,ConferenceLeague,2025-11-06,9826,10229,Crystal Palace,AZ Alkmaar,1849.99,1669.78,CrystalPalace,Alkmaar,chart/chart
4947961,2526,ConferenceLeague,2025-11-06,8688,10107,Dynamo Kyiv,Zrinjski Mostar,1603.30,,DynamoKyiv,,chart/none
4948055,2526,ConferenceLeague,2025-11-06,8428,9848,Häcken,Strasbourg,,1713.30,,Strasbourg,none/chart
4948052,2526,ConferenceLeague,2025-11-06,2234,1957,KF Shkendija,Jagiellonia Białystok,,1583.42,,Jagiellonia,none/chart
4948058,2526,ConferenceLeague,2025-11-06,7730,8044,Lausanne,Omonia Nicosia,,1565.70,,Omonia,none/chart
4948018,2526,ConferenceLeague,2025-11-06,545012,10162,Lincoln Red Imps FC,Rijeka,,1509.46,,Rijeka,none/chart
4947953,2526,ConferenceLeague,2025-11-06,10015,480286,Rapid Wien,Universitatea Craiova,1534.44,1542.60,AustriaWien,Craiova,chart/chart
4947969,2526,ConferenceLeague,2025-11-06,8370,2182,Rayo Vallecano,Lech Poznań,1715.59,1595.79,RayoVallecano,Lech,chart/chart
4948070,2526,ConferenceLeague,2025-11-06,5751,784771,Shelbourne,Drita,,,,,none/none
4947944,2526,ConferenceLeague,2025-11-27,10229,5751,AZ Alkmaar,Shelbourne,1649.70,,Alkmaar,,chart/none
4948064,2526,ConferenceLeague,2025-11-27,4528,545012,Hamrun Spartans,Lincoln Red Imps FC,,,,,none/none
4947968,2526,ConferenceLeague,2025-11-27,2182,7730,Lech Poznań,Lausanne,1588.95,,Lech,,chart/none
4947996,2526,ConferenceLeague,2025-11-27,8044,8688,Omonia Nicosia,Dynamo Kyiv,1560.07,1593.41,Omonia,DynamoKyiv,chart/chart
4948045,2526,ConferenceLeague,2025-11-27,4024,10015,Raków Częstochowa,Rapid Wien,1606.92,1539.62,Rakow,AustriaWien,chart/chart
4948040,2526,ConferenceLeague,2025-11-27,6461,4622,Sigma Olomouc,NK Celje,,,,,none/none
4947948,2526,ConferenceLeague,2025-11-27,6019,8370,Slovan Bratislava,Rayo Vallecano,1538.44,1720.79,SlovanBratislava,RayoVallecano,chart/chart
4948061,2526,ConferenceLeague,2025-11-27,480286,9905,Universitatea Craiova,Mainz 05,1544.43,1705.51,Craiova,Mainz,chart/chart
4948016,2526,ConferenceLeague,2025-11-27,10107,8428,Zrinjski Mostar,Häcken,,,,,none/none
4948028,2526,ConferenceLeague,2025-11-27,8485,866111,Aberdeen,FC Noah,,,,,none/none
4948038,2526,ConferenceLeague,2025-11-27,8332,9750,Breiðablik,Samsunspor,,1621.33,,Samsunspor,none/chart
4948031,2526,ConferenceLeague,2025-11-27,784771,2234,Drita,KF Shkendija,,,,,none/none
4947940,2526,ConferenceLeague,2025-11-27,8535,8563,Fiorentina,AEK Athens,1720.70,1618.35,Fiorentina,AEK,chart/chart
4948006,2526,ConferenceLeague,2025-11-27,1957,1693,Jagiellonia Białystok,KuPS,1581.25,,Jagiellonia,,chart/none
4947954,2526,ConferenceLeague,2025-11-27,8673,10247,Legia Warszawa,Sparta Prague,1563.19,1642.47,Legia,SpartaPraha,chart/chart
4948013,2526,ConferenceLeague,2025-11-27,10162,7797,Rijeka,AEK Larnaca,1509.20,1564.58,Rijeka,Larnaca,chart/chart
4947972,2526,ConferenceLeague,2025-11-27,4131,9728,Shamrock Rovers,Shakhtar Donetsk,,1652.50,,Shakhtar,none/chart
4948002,2526,ConferenceLeague,2025-11-27,9848,9826,Strasbourg,Crystal Palace,1719.43,1857.74,Strasbourg,CrystalPalace,chart/chart
4948036,2526,ConferenceLeague,2025-12-11,8332,4131,Breiðablik,Shamrock Rovers,,,,,none/none
4948029,2526,ConferenceLeague,2025-12-11,784771,10229,Drita,AZ Alkmaar,,1646.22,,Alkmaar,none/chart
4948066,2526,ConferenceLeague,2025-12-11,866111,8673,FC Noah,Legia Warszawa,,1551.18,,Legia,none/chart
4947939,2526,ConferenceLeague,2025-12-11,8535,8688,Fiorentina,Dynamo Kyiv,1701.50,1574.65,Fiorentina,DynamoKyiv,chart/chart
4948056,2526,ConferenceLeague,2025-12-11,8428,7797,Häcken,AEK Larnaca,,1563.11,,Larnaca,none/chart
4948005,2526,ConferenceLeague,2025-12-11,1957,8370,Jagiellonia Białystok,Rayo Vallecano,1577.40,1703.90,Jagiellonia,RayoVallecano,chart/chart
4948051,2526,ConferenceLeague,2025-12-11,2234,6019,KF Shkendija,Slovan Bratislava,,1525.71,,SlovanBratislava,none/chart
4948043,2526,ConferenceLeague,2025-12-11,9750,8563,Samsunspor,AEK Athens,1610.51,1637.11,Samsunspor,AEK,chart/chart
4948060,2526,ConferenceLeague,2025-12-11,480286,10247,Universitatea Craiova,Sparta Prague,1550.02,1634.74,Craiova,SpartaPraha,chart/chart
4948027,2526,ConferenceLeague,2025-12-11,8485,9848,Aberdeen,Strasbourg,,1714.90,,Strasbourg,none/chart
4948063,2526,ConferenceLeague,2025-12-11,4528,9728,Hamrun Spartans,Shakhtar Donetsk,,1650.51,,Shakhtar,none/chart
4948022,2526,ConferenceLeague,2025-12-11,1693,7730,KuPS,Lausanne,,,,,none/none
4947967,2526,ConferenceLeague,2025-12-11,2182,9905,Lech Poznań,Mainz 05,1593.13,1684.68,Lech,Mainz,chart/chart
4948019,2526,ConferenceLeague,2025-12-11,545012,6461,Lincoln Red Imps FC,Sigma Olomouc,,,,,none/none
4948046,2526,ConferenceLeague,2025-12-11,4024,10107,Raków Częstochowa,Zrinjski Mostar,1621.51,,Rakow,,chart/none
4947952,2526,ConferenceLeague,2025-12-11,10015,8044,Rapid Wien,Omonia Nicosia,1530.46,1571.72,AustriaWien,Omonia,chart/chart
4948012,2526,ConferenceLeague,2025-12-11,10162,4622,Rijeka,NK Celje,1510.39,,Rijeka,,chart/none
4948069,2526,ConferenceLeague,2025-12-11,5751,9826,Shelbourne,Crystal Palace,,1849.87,,CrystalPalace,none/chart
4948025,2526,ConferenceLeague,2025-12-18,8563,480286,AEK Athens,Universitatea Craiova,1649.69,1550.44,AEK,Craiova,chart/chart
4948050,2526,ConferenceLeague,2025-12-18,7797,2234,AEK Larnaca,KF Shkendija,1562.70,,Larnaca,,chart/none
4947943,2526,ConferenceLeague,2025-12-18,10229,1957,AZ Alkmaar,Jagiellonia Białystok,1649.98,1572.32,Alkmaar,Jagiellonia,chart/chart
4947964,2526,ConferenceLeague,2025-12-18,9826,1693,Crystal Palace,KuPS,1847.53,,CrystalPalace,,chart/none
4947962,2526,ConferenceLeague,2025-12-18,8688,866111,Dynamo Kyiv,FC Noah,1573.63,,DynamoKyiv,,chart/none
4948057,2526,ConferenceLeague,2025-12-18,7730,8535,Lausanne,Fiorentina,,1695.93,,Fiorentina,none/chart
4947955,2526,ConferenceLeague,2025-12-18,8673,545012,Legia Warszawa,Lincoln Red Imps FC,1537.91,,Legia,,chart/none
4948001,2526,ConferenceLeague,2025-12-18,9905,9750,Mainz 05,Samsunspor,1690.70,1592.15,Mainz,Samsunspor,chart/chart
4948010,2526,ConferenceLeague,2025-12-18,4622,5751,NK Celje,Shelbourne,,,,,none/none
4947998,2526,ConferenceLeague,2025-12-18,8044,4024,Omonia Nicosia,Raków Częstochowa,1576.57,1613.17,Omonia,Rakow,chart/chart
4947970,2526,ConferenceLeague,2025-12-18,8370,784771,Rayo Vallecano,Drita,1708.20,,RayoVallecano,,chart/none
4947946,2526,ConferenceLeague,2025-12-18,9728,10162,Shakhtar Donetsk,Rijeka,1653.91,1517.69,Shakhtar,Rijeka,chart/chart
4947974,2526,ConferenceLeague,2025-12-18,4131,4528,Shamrock Rovers,Hamrun Spartans,,,,,none/none
4948039,2526,ConferenceLeague,2025-12-18,6461,2182,Sigma Olomouc,Lech Poznań,,1592.43,,Lech,none/chart
4947950,2526,ConferenceLeague,2025-12-18,6019,8428,Slovan Bratislava,Häcken,1516.60,,SlovanBratislava,,chart/none
4947958,2526,ConferenceLeague,2025-12-18,10247,8485,Sparta Prague,Aberdeen,1634.92,,SpartaPraha,,chart/none
4948004,2526,ConferenceLeague,2025-12-18,9848,8332,Strasbourg,Breiðablik,1715.15,,Strasbourg,,chart/none
4948014,2526,ConferenceLeague,2025-12-18,10107,10015,Zrinjski Mostar,Rapid Wien,,1535.87,,AustriaWien,none/chart
5141720,2526,ConferenceLeague,2026-02-19,866111,10229,FC Noah,AZ Alkmaar,,1635.56,,Alkmaar,none/chart
5141718,2526,ConferenceLeague,2026-02-19,1693,2182,KuPS,Lech Poznań,,1593.73,,Lech,none/chart
5141717,2526,ConferenceLeague,2026-02-19,6461,7730,Sigma Olomouc,Lausanne,,,,,none/none
5141716,2526,ConferenceLeague,2026-02-19,10107,9826,Zrinjski Mostar,Crystal Palace,,1811.58,,CrystalPalace,none/chart
5141721,2526,ConferenceLeague,2026-02-19,784771,4622,Drita,NK Celje,,,,,none/none
5141722,2526,ConferenceLeague,2026-02-19,1957,8535,Jagiellonia Białystok,Fiorentina,1588.50,1693.25,Jagiellonia,Fiorentina,chart/chart
5141719,2526,ConferenceLeague,2026-02-19,2234,9750,KF Shkendija,Samsunspor,,1566.76,,Samsunspor,none/chart
5141723,2526,ConferenceLeague,2026-02-19,8044,10162,Omonia Nicosia,Rijeka,1603.91,1523.98,Omonia,Rijeka,chart/chart
5141730,2526,ConferenceLeague,2026-02-26,8535,1957,Fiorentina,Jagiellonia Białystok,1702.16,1577.96,Fiorentina,Jagiellonia,chart/chart
5141729,2526,ConferenceLeague,2026-02-26,4622,784771,NK Celje,Drita,,,,,none/none
5141731,2526,ConferenceLeague,2026-02-26,10162,8044,Rijeka,Omonia Nicosia,1527.15,1590.59,Rijeka,Omonia,chart/chart
5141727,2526,ConferenceLeague,2026-02-26,9750,2234,Samsunspor,KF Shkendija,1569.64,,Samsunspor,,chart/none
5141728,2526,ConferenceLeague,2026-02-26,10229,866111,AZ Alkmaar,FC Noah,1631.08,,Alkmaar,,chart/none
5141724,2526,ConferenceLeague,2026-02-26,9826,10107,Crystal Palace,Zrinjski Mostar,1809.99,,CrystalPalace,,chart/none
5141725,2526,ConferenceLeague,2026-02-26,7730,6461,Lausanne,Sigma Olomouc,,,,,none/none
5141726,2526,ConferenceLeague,2026-02-26,2182,1693,Lech Poznań,KuPS,1604.16,,Lech,,chart/none
5206220,2526,ConferenceLeague,2026-03-12,10229,10247,AZ Alkmaar,Sparta Prague,1629.61,1648.10,Alkmaar,SpartaPraha,chart/chart
5206216,2526,ConferenceLeague,2026-03-12,2182,9728,Lech Poznań,Shakhtar Donetsk,1612.36,1655.35,Lech,Shakhtar,chart/chart
5206223,2526,ConferenceLeague,2026-03-12,10162,9848,Rijeka,Strasbourg,1540.77,1739.98,Rijeka,Strasbourg,chart/chart
5206218,2526,ConferenceLeague,2026-03-12,9750,8370,Samsunspor,Rayo Vallecano,1571.70,1709.26,Samsunspor,RayoVallecano,chart/chart
5206217,2526,ConferenceLeague,2026-03-12,9826,7797,Crystal Palace,AEK Larnaca,1814.91,1562.80,CrystalPalace,Larnaca,chart/chart
5206221,2526,ConferenceLeague,2026-03-12,8535,4024,Fiorentina,Raków Częstochowa,1682.37,1616.75,Fiorentina,Rakow,chart/chart
5206222,2526,ConferenceLeague,2026-03-12,4622,8563,NK Celje,AEK Athens,,1659.31,,AEK,none/chart
5206219,2526,ConferenceLeague,2026-03-12,6461,9905,Sigma Olomouc,Mainz 05,,1705.19,,Mainz,none/chart
5206230,2526,ConferenceLeague,2026-03-19,8563,4622,AEK Athens,NK Celje,1665.55,,AEK,,chart/none
5206225,2526,ConferenceLeague,2026-03-19,7797,9826,AEK Larnaca,Crystal Palace,1571.24,1805.48,Larnaca,CrystalPalace,chart/chart
5206227,2526,ConferenceLeague,2026-03-19,9905,6461,Mainz 05,Sigma Olomouc,1708.75,,Mainz,,chart/none
5206229,2526,ConferenceLeague,2026-03-19,4024,8535,Raków Częstochowa,Fiorentina,1604.41,1691.13,Rakow,Fiorentina,chart/chart
5206226,2526,ConferenceLeague,2026-03-19,8370,9750,Rayo Vallecano,Samsunspor,1713.26,1569.49,RayoVallecano,Samsunspor,chart/chart
5206224,2526,ConferenceLeague,2026-03-19,9728,2182,Shakhtar Donetsk,Lech Poznań,1668.24,1609.22,Shakhtar,Lech,chart/chart
5206228,2526,ConferenceLeague,2026-03-19,10247,10229,Sparta Prague,AZ Alkmaar,1646.69,1637.03,SpartaPraha,Alkmaar,chart/chart
5206231,2526,ConferenceLeague,2026-03-19,9848,10162,Strasbourg,Rijeka,1739.81,1526.00,Strasbourg,Rijeka,chart/chart
5206261,2526,ConferenceLeague,2026-04-09,8370,8563,Rayo Vallecano,AEK Athens,1707.59,1660.51,RayoVallecano,AEK,chart/chart
5206260,2526,ConferenceLeague,2026-04-09,9826,8535,Crystal Palace,Fiorentina,1808.72,1701.21,CrystalPalace,Fiorentina,chart/chart
5206262,2526,ConferenceLeague,2026-04-09,9905,9848,Mainz 05,Strasbourg,1720.27,1740.85,Mainz,Strasbourg,chart/chart
5206259,2526,ConferenceLeague,2026-04-09,9728,10229,Shakhtar Donetsk,AZ Alkmaar,1662.04,1640.90,Shakhtar,Alkmaar,chart/chart
5206263,2526,ConferenceLeague,2026-04-16,10229,9728,AZ Alkmaar,Shakhtar Donetsk,1638.92,1667.17,Alkmaar,Shakhtar,chart/chart
5206265,2526,ConferenceLeague,2026-04-16,8563,8370,AEK Athens,Rayo Vallecano,1653.87,1705.78,AEK,RayoVallecano,chart/chart
5206264,2526,ConferenceLeague,2026-04-16,8535,9826,Fiorentina,Crystal Palace,1701.08,1818.40,Fiorentina,CrystalPalace,chart/chart
5206266,2526,ConferenceLeague,2026-04-16,9848,9905,Strasbourg,Mainz 05,1735.07,1721.55,Strasbourg,Mainz,chart/chart
5206268,2526,ConferenceLeague,2026-04-30,8370,9848,Rayo Vallecano,Strasbourg,1701.59,1728.46,RayoVallecano,Strasbourg,chart/chart
5206267,2526,ConferenceLeague,2026-04-30,9728,9826,Shakhtar Donetsk,Crystal Palace,1673.74,1807.18,Shakhtar,CrystalPalace,chart/chart
5206269,2526,ConferenceLeague,2026-05-07,9826,9728,Crystal Palace,Shakhtar Donetsk,1805.97,1671.62,CrystalPalace,Shakhtar,chart/chart
5206270,2526,ConferenceLeague,2026-05-07,9848,8370,Strasbourg,Rayo Vallecano,1719.03,1713.90,Strasbourg,RayoVallecano,chart/chart
5206271,2526,ConferenceLeague,2026-05-27,9826,8370,Crystal Palace,Rayo Vallecano,1802.54,1731.10,CrystalPalace,RayoVallecano,chart/chart
