el_pid,season,team,el_min,name,how,bbref_pid,bbref_name,league,bteam,g,mp,n_leagues,cat
P014316,2025,OLY,249.07000000000002,"JOSEPH, CORY",ονομα,/players/j/josepco01.html,Cory Joseph,NBA,ORL,50.0,612.0,1.0,βρεθηκε: NBA
P014212,2025,OLY,92.33000000000001,"MORRIS, MONTE",ονομα,/players/m/morrimo01.html,Monte Morris,NBA,PHO,45.0,571.0,1.0,βρεθηκε: NBA
P014122,2025,OLY,14.530000000000001,"NETZIPOGLOU, OMIROS",ονομα,/international/players/omiros-netzipoglou-1.html,Omiros Netzipoglou,greek-basket-league,AEK Athens,22.0,358.0,1.0,βρεθηκε: greek-basket-league
P011221,2025,OLY,22.689999999999998,"ANTETOKOUNMPO, KOSTAS",ονομα,/international/players/kostas-antetokounmpo-1.html,Kostas Antetokounmpo,spain-liga-acb,UCAM Murcia,14.0,172.0,2.0,βρεθηκε: spain-liga-acb
P011218,2025,OLY,2.02,"EVANS, KEENAN",—,,,,,,,,EL/EC παλαιοτερα (τραυμα/αλλου)
P014117,2025,MAD,889.9999999999999,"LYLES, TREY",ονομα,/players/l/lylestr01.html,Trey Lyles,NBA,SAC,69.0,1349.0,1.0,βρεθηκε: NBA
P014006,2025,MAD,769.96,"OKEKE, CHUMA",ονομα,/gleague/players/o/okekech01d.html,Chuma Okeke,gleague,WES,28.0,1020.0,2.0,βρεθηκε: gleague
P010105,2025,MAD,9.64,"ALMANSA, IZAN",ονομα,/international/players/izan-almansa-1.html,Izan Almansa,nbl-australia,Perth Wildcats,29.0,499.0,1.0,βρεθηκε: nbl-australia
P014169,2025,MAD,210.83,"LEN, ALEX",ονομα,/players/l/lenal01.html,Alex Len,NBA,2TM,46.0,380.0,1.0,βρεθηκε: NBA
P006482,2025,MAD,158.71999999999997,"KRAEMER, DAVID",—,,,,,,,,αγνωστο (LKL/BBL/VTB/αλλο)
P013555,2025,MAD,0.8,"GRINVALDS, GUNARS",—,,,,,,,,νεαρος (≤21)
P011217,2025,PAM,962.1199999999999,"TAYLOR, KAMERON",ονομα,/international/players/kameron-taylor-1.html,Kameron Taylor,spain-liga-acb,Unicaja,32.0,663.0,1.0,βρεθηκε: spain-liga-acb
P014168,2025,PAM,578.77,"KEY, BRAXTON",ονομα,/gleague/players/k/keybr01d.html,Braxton Key,gleague,TOT,33.0,1081.0,2.0,βρεθηκε: gleague
P014115,2025,PAM,741.8199999999999,"MOORE, OMARI",ονομα,/international/players/omari-moore-1.html,Omari Moore,turkey-super-league,Darüşşafaka Lassa,29.0,978.0,1.0,βρεθηκε: turkey-super-league
P010162,2025,PAM,42.3,"NOGUES, ISAAC",ονομα,/gleague/players/n/nogueis01d.html,Isaac Nogues,gleague,RIP,25.0,593.0,1.0,βρεθηκε: gleague
P005596,2025,PAM,49.45,"SIMA, YANKUBA",ονομα,/international/players/yankuba-sima-1.html,Yankuba Sima,spain-liga-acb,Unicaja,28.0,436.0,1.0,βρεθηκε: spain-liga-acb
P014133,2025,PAM,24.68,"IROEGBU, IKE",ονομα,/international/players/ike-iroegbu-1.html,Ike Iroegbu,spain-liga-acb,Bàsquet Girona,33.0,823.0,1.0,βρεθηκε: spain-liga-acb
P014124,2025,ULK,977.2900000000001,"HORTON TUCKER, TALEN",ονομα,/players/h/hortota01.html,Talen Horton-Tucker,NBA,CHI,58.0,724.0,1.0,βρεθηκε: NBA
P014220,2025,ULK,139.23,"SILVA, CHRIS",—,,,,,,,,αγνωστο (LKL/BBL/VTB/αλλο)
P014016,2025,ULK,331.25000000000006,"BOSTON JR., BRANDON",ονομα,/players/b/bostobr01.html,Brandon Boston Jr.,NBA,NOP,42.0,993.0,1.0,βρεθηκε: NBA
P014015,2025,ULK,263.02000000000004,"BACOT JR., ARMANDO",ονομα,/gleague/players/b/bacotar01d.html,Armando Bacot,gleague,MHU,34.0,1053.0,1.0,βρεθηκε: gleague
P011284,2025,PAN,460.05999999999995,"FARIED, KENNETH",ονομα,/international/players/kenneth-faried-1.html,Kenneth Faried,italy-basket-serie-a,UNAHOTELS Reggio Emilia,19.0,364.0,1.0,βρεθηκε: italy-basket-serie-a
P014011,2025,PAN,356.16999999999996,"HOLMES, RICHAUN",ονομα,/players/h/holmeri01.html,Richaun Holmes,NBA,WAS,31.0,534.0,1.0,βρεθηκε: NBA
P004451,2025,PAN,16.92,"KOUZELOGLOU, IOANNIS",—,,,,,,,,αγνωστο (LKL/BBL/VTB/αλλο)
P008192,2025,ZAL,953.1299999999998,"TUBELIS, AZUOLAS",—,,,,,,,,αγνωστο (LKL/BBL/VTB/αλλο)
P012977,2025,ZAL,18.15,"MIKALAUSKAS, KAJUS",—,,,,,,,,νεαρος (≤21)
P013283,2025,HTA,21.67,"PALATIN, GUY",ονομα,/international/players/guy-palatin-1.html,Guy Palatin,israel-super-league,Hapoel Tel Aviv,24.0,373.0,2.0,βρεθηκε: israel-super-league
P014416,2025,HTA,170.60000000000005,"EDWARDS, KESSLER",ονομα,/players/e/edwarke02.html,Kessler Edwards,NBA,DAL,40.0,608.0,2.0,βρεθηκε: NBA
P002580,2025,HTA,963.8100000000002,"MICIC, VASILIJE",ονομα,/players/m/micicva01.html,Vasilije Micić,NBA,2TM,41.0,785.0,1.0,βρεθηκε: NBA
P004161,2025,HTA,2.98,"SEGEV, ITAY",ονομα,/international/players/itay-segev-1.html,Itay Segev,israel-super-league,Ironi Ness Ziona,24.0,607.0,1.0,βρεθηκε: israel-super-league
P003836,2025,MCO,8.92,"MICHINEAU, DAVID",ονομα,/international/players/david-michineau-1.html,David Michineau,turkey-super-league,Bursaspor Yörsan,30.0,859.0,1.0,βρεθηκε: turkey-super-league
P009948,2025,BAR,266.34999999999997,"MARCOS, JUANI",ονομα,/international/players/juani-marcos-1.html,Juani Marcos,spain-liga-acb,Bàsquet Girona,28.0,589.0,1.0,βρεθηκε: spain-liga-acb
P014134,2025,BAR,445.76,"NORRIS, MILES",ονομα,/gleague/players/n/norrimi01d.html,Miles Norris,gleague,TOT,30.0,913.0,2.0,βρεθηκε: gleague
P012885,2025,BAR,51.559999999999995,"KEITA, SAYON",ονομα,/international/players/sayon-keita-1.html,Sayon Keita,spain-liga-acb,Barça,5.0,14.0,1.0,βρεθηκε: spain-liga-acb
P014128,2025,BAR,1.13,"KUSTURICA, NIKOLA",—,,,,,,,,νεαρος (≤21)
P014163,2025,RED,640.16,"BUTLER, JARED",ονομα,/players/b/butleja02.html,Jared Butler,NBA,2TM,60.0,1044.0,2.0,βρεθηκε: NBA
P011305,2025,RED,161.57000000000002,"CARTER, TYSON",ονομα,/international/players/tyson-carter-1.html,Tyson Carter,spain-liga-acb,Unicaja,33.0,687.0,1.0,βρεθηκε: spain-liga-acb
P014029,2025,RED,474.8800000000001,"EBUKA, IZUNDU",ονομα,/international/players/ebuka-izundu-1.html,Ebuka Izundu,turkey-super-league,Galatasaray,27.0,506.0,1.0,βρεθηκε: turkey-super-league
P014094,2025,RED,89.52,"MILJENOVIC, STEFAN",ονομα,/international/players/stefan-miljenovic-1.html,Stefan Miljenovic,aba-adriatic,Mega MIS,13.0,274.0,1.0,βρεθηκε: aba-adriatic
P014028,2025,RED,79.65,"GRAHAM, DEVONTE",ονομα,/gleague/players/g/grahade01d.html,Devonte' Graham,gleague,SBL,5.0,152.0,1.0,βρεθηκε: gleague
P011686,2025,RED,0.85,"RADOSIC, OGNJEN",ονομα,/international/players/ognjen-radosic-1.html,Ognjen Radosic,aba-adriatic,Igokea m:tel,11.0,150.0,1.0,βρεθηκε: aba-adriatic
P009513,2025,MUN,433.40000000000015,"HOLLATZ, JUSTUS",ονομα,/international/players/justus-hollatz-1.html,Justus Hollatz,turkey-super-league,Anadolu Efes,2.0,34.0,1.0,βρεθηκε: turkey-super-league
P014162,2025,MUN,253.73,"DINWIDDIE, SPENCER",ονομα,/players/d/dinwisp01.html,Spencer Dinwiddie,NBA,DAL,79.0,2136.0,1.0,βρεθηκε: NBA
P010318,2025,IST,219.69000000000003,"DESSERT, BRICE",ονομα,/international/players/brice-dessert-1.html,Brice Dessert,france-lnb-pro-a,SIG Strasbourg,26.0,464.0,1.0,βρεθηκε: france-lnb-pro-a
P014025,2025,IST,270.39,"SWIDER, COLE",ονομα,/gleague/players/s/swideco01d.html,Cole Swider,gleague,TOT,18.0,641.0,2.0,βρεθηκε: gleague
P008176,2025,IST,49.76,"MUTAF, DAVID",—,,,,,,,,EL/EC παλαιοτερα (τραυμα/αλλου)
P014102,2025,IST,556.5300000000002,"JONES, KAI",ονομα,/players/j/joneska01.html,Kai Jones,NBA,2TM,40.0,468.0,2.0,βρεθηκε: NBA
P005942,2025,DUB,107.36000000000001,"DANGUBIC, NEMANJA",ονομα,/international/players/nemanja-dangubic-1.html,Nemanja Dangubic,aba-adriatic,Dubai,26.0,471.0,1.0,βρεθηκε: aba-adriatic
P003983,2025,DUB,374.49,"AVRAMOVIC, ALEKSA",—,,,,,,,,EL/EC παλαιοτερα (τραυμα/αλλου)
P003527,2025,DUB,507.7,"ABASS, AWUDU",ονομα,/international/players/awudu-abass-1.html,Awudu Abass,aba-adriatic,Dubai,30.0,843.0,1.0,βρεθηκε: aba-adriatic
P002661,2025,DUB,363.12,"PREPELIC, KLEMEN",ονομα,/international/players/klemen-prepelic-1.html,Klemen Prepelič,aba-adriatic,Dubai,29.0,702.0,1.0,βρεθηκε: aba-adriatic
P003458,2025,DUB,540.6,"BERTANS, DAVIS",ονομα,/international/players/davis-bertans-1.html,Dāvis Bertāns,aba-adriatic,Dubai,27.0,641.0,1.0,βρεθηκε: aba-adriatic
P014031,2025,DUB,188.01999999999998,"KONDIC, KOSTA",ονομα,/international/players/kosta-kondic-1.html,Kosta Kondic,aba-adriatic,Mega MIS,21.0,533.0,1.0,βρεθηκε: aba-adriatic
P011286,2025,DUB,852.01,"BACON, DWAYNE",—,,,,,,,,EL/EC παλαιοτερα (τραυμα/αλλου)
P014177,2025,DUB,12.79,"RYAN, MATT",ονομα,/players/r/ryanma01.html,Matt Ryan,NBA,NYK,19.0,68.0,2.0,βρεθηκε: NBA
P014141,2025,DUB,39.99,"ARMSTRONG, TARAN",ονομα,/international/players/taran-armstrong-1.html,Taran Armstrong,nbl-australia,Cairns Taipans,19.0,566.0,2.0,βρεθηκε: nbl-australia
P014157,2025,DUB,88.85000000000001,"ELLIS, BOOGIE",ονομα,/gleague/players/e/ellisbo01d.html,Boogie Ellis,gleague,TOT,15.0,304.0,1.0,βρεθηκε: gleague
P000956,2025,DUB,4.0,"ANDJUSIC, DANILO",—,,,,,,,,EL/EC παλαιοτερα (τραυμα/αλλου)
P014008,2025,PRS,682.9999999999999,"ROBINSON, JUSTIN",ονομα,/international/players/justin-robinson-3.html,Justin Robinson,italy-basket-serie-a,Trapani Shark,29.0,750.0,1.0,βρεθηκε: italy-basket-serie-a
P014178,2025,PRS,554.6400000000001,"RHODEN, JARED",ονομα,/gleague/players/r/rhodeja01d.html,Jared Rhoden,gleague,RAP,26.0,818.0,2.0,βρεθηκε: gleague
P014009,2025,PRS,459.0700000000001,"STEVENS, LAMAR",ονομα,/gleague/players/s/stevela01d.html,Lamar Stevens,gleague,MCC,18.0,622.0,2.0,βρεθηκε: gleague
P014010,2025,PRS,549.9399999999999,"DOKOSSI, ALLAN",ονομα,/international/players/allan-dokossi-1.html,Allan Dokossi,france-lnb-pro-a,Jeanne d'Arc Dijon Basket,26.0,449.0,1.0,βρεθηκε: france-lnb-pro-a
P012403,2025,PRS,652.61,"FAYE, MOUHAMED",ονομα,/international/players/mouhamed-faye-1.html,Mouhamed Faye,italy-basket-serie-a,UNAHOTELS Reggio Emilia,28.0,609.0,1.0,βρεθηκε: italy-basket-serie-a
P007993,2025,PRS,588.3199999999999,"M'BAYE, AMATH",—,,,,,,,,EL/EC παλαιοτερα (τραυμα/αλλου)
P004655,2025,PRS,83.25,"BAKO, ISMAEL",—,,,,,,,,EL/EC παλαιοτερα (τραυμα/αλλου)
P014007,2025,PAR,427.40999999999997,"MILTON, SHAKE",ονομα,/players/m/miltosh01.html,Shake Milton,NBA,2TM,57.0,837.0,1.0,βρεθηκε: NBA
P010581,2025,PAR,702.5099999999998,"OSETKOWSKI, DYLAN",ονομα,/international/players/dylan-osetkowski-1.html,Dylan Osetkowski,spain-liga-acb,Unicaja,31.0,621.0,1.0,βρεθηκε: spain-liga-acb
P005683,2025,PAR,68.28,"RADANOV, ALEKSA",ονομα,/international/players/aleksa-radanov-1.html,Aleksa Radanov,aba-adriatic,Mega MIS,5.0,91.0,1.0,βρεθηκε: aba-adriatic
P009733,2025,PAR,289.15000000000003,"JEKIRI, TONYE",—,,,,,,,,EL/EC παλαιοτερα (τραυμα/αλλου)
P012943,2025,PAR,12.2,"MIJAILOVIC, UROS",—,,,,,,,,νεαρος (≤21)
P014213,2025,PAR,233.33999999999995,"PAYNE, CAMERON",ονομα,/players/p/payneca01.html,Cameron Payne,NBA,NYK,72.0,1090.0,1.0,βρεθηκε: NBA
P012997,2025,PAR,10.94,"MUURINEN, MIIKKA",—,,,,,,,,νεαρος (≤21)
P014027,2025,BAS,713.2899999999998,"DIAKITE, MAMADI",ονομα,/gleague/players/d/diakima01d.html,Mamadi Diakite,gleague,VAL,27.0,725.0,1.0,βρεθηκε: gleague
P014152,2025,BAS,687.52,"SIMMONS, KOBI",ονομα,/international/players/kobi-simmons-1.html,Kobi Simmons,cba-china,Zhejiang Golden Bulls,19.0,477.0,1.0,βρεθηκε: cba-china
P010035,2025,BAS,168.24,"VILLAR, RAFA",ονομα,/international/players/rafa-villar-1.html,Rafa Villar,spain-liga-acb,Hiopos Lleida,34.0,646.0,1.0,βρεθηκε: spain-liga-acb
P014207,2025,BAS,465.21,"OMORUYI, EUGENE",ονομα,/gleague/players/o/omorueu01d.html,Eugene Omoruyi,gleague,RAP,27.0,742.0,1.0,βρεθηκε: gleague
P005713,2025,BAS,550.01,"KURUCS, RODIONS",ονομα,/international/players/rodions-kurucs-1.html,Rodions Kurucs,spain-liga-acb,UCAM Murcia,32.0,814.0,1.0,βρεθηκε: spain-liga-acb
P014190,2025,BAS,442.94000000000005,"RADZEVICIUS, GYTIS",—,,,,,,,,αγνωστο (LKL/BBL/VTB/αλλο)
P014026,2025,BAS,449.44,"FRISCH, CLEMENT",ονομα,/international/players/clement-frisch-1.html,Clement Frisch,france-lnb-pro-a,SLUC Nancy Basket,30.0,800.0,1.0,βρεθηκε: france-lnb-pro-a
P014119,2025,BAS,402.9099999999999,"NOWELL, MARKQUIS",ονομα,/gleague/players/n/nowelma01d.html,Markquis Nowell,gleague,RGV,33.0,994.0,1.0,βρεθηκε: gleague
P014107,2025,BAS,65.33999999999999,"JOKSIMOVIC, STEFAN",—,,,,,,,,νεαρος (≤21)
P012365,2025,BAS,10.21,"HRABAR, VIT",—,,,,,,,,νεαρος (≤21)
P014105,2025,BAS,2.63,"BOL, JUOM",—,,,,,,,,νεαρος (≤21)
P014086,2025,BAS,287.74,"DIALLO, HAMIDOU",ονομα,/international/players/hamidou-diallo-1.html,Hamidou Diallo,cba-china,Shanxi Loongs,41.0,1047.0,1.0,βρεθηκε: cba-china
P006277,2025,MIL,17.2,"TOTE, LEONARDO",ονομα,/international/players/leonardo-tote-1.html,Leonardo Tote,italy-basket-serie-a,GeVi Napoli Basket,30.0,776.0,1.0,βρεθηκε: italy-basket-serie-a
P005379,2025,MIL,15.450000000000001,"CANCAR, VLATKO",ονομα,/players/c/cancavl01.html,Vlatko Čančar,NBA,DEN,13.0,136.0,1.0,βρεθηκε: NBA
P014127,2025,TEL,885.1599999999997,"BRISSETT, O'SHAE J",επωνυμο+αρχικο,/gleague/players/b/brissos01d.html,Oshae Brissett,gleague,LIN,11.0,281.0,2.0,βρεθηκε: gleague
P014123,2025,TEL,325.8,"DOWTIN JR, JEFFREY",επωνυμο+αρχικο,/players/d/dowtije01.html,Jeff Dowtin Jr.,NBA,PHI,41.0,621.0,2.0,βρεθηκε: NBA
P014120,2025,TEL,168.8,"GUR, LAVI",—,,,,,,,,αγνωστο (LKL/BBL/VTB/αλλο)
P014012,2025,TEL,436.9,"LEAF, TJ",—,,,,,,,,αγνωστο (LKL/BBL/VTB/αλλο)
P014121,2025,TEL,16.1,"OMORUYI, CLIFFORD",ονομα,ncaa:73223,Clifford Omoruyi,ncaa,Alabama,37.0,186.91327,1.0,βρεθηκε: ncaa
P007673,2025,TEL,3.17,"TRIFUNOVIC, UROS",ονομα,/international/players/uros-trifunovic-1.html,Uros Trifunovic,turkey-super-league,Tofaş,29.0,681.0,1.0,βρεθηκε: turkey-super-league
P013028,2025,VIR,49.510000000000005,"BAIOCCHI, MATTEO",—,,,,,,,,νεαρος (≤21)
P014005,2025,VIR,829.95,"ALSTON JR., DERRICK",ονομα,/international/players/derrick-alston-jr-1.html,Derrick Alston Jr,spain-liga-acb,Baxi Manresa,34.0,865.0,1.0,βρεθηκε: spain-liga-acb
P014219,2025,VIR,115.08999999999997,"FERRARI, FRANCESCO",—,,,,,,,,νεαρος (≤21)
P014108,2025,VIR,298.03999999999996,"DIARRA, ALIOU",—,,,,,,,,αγνωστο (LKL/BBL/VTB/αλλο)
P013027,2025,VIR,25.330000000000005,"ACCORSI, MATTEO",ονομα,/international/players/matteo-accorsi-1.html,Matteo Accorsi,italy-basket-serie-a,Virtus Segafredo Bologna,1.0,6.0,1.0,βρεθηκε: italy-basket-serie-a
P014004,2025,VIR,82.60000000000001,"TAYLOR, BRANDON",ονομα,/international/players/brandon-taylor-2.html,Brandon Taylor,spain-liga-acb,Leyma Coruña,31.0,829.0,2.0,βρεθηκε: spain-liga-acb
P006725,2025,ASV,337.69999999999993,"EBOUA, PAUL",ονομα,/international/players/paul-eboua-1.html,Paul Eboua,italy-basket-serie-a,Trapani Shark,21.0,206.0,1.0,βρεθηκε: italy-basket-serie-a
P014088,2025,ASV,727.54,"SELJAAS, ZACHARY",—,,,,,,,,αγνωστο (LKL/BBL/VTB/αλλο)
PKLT,2025,ASV,486.76000000000005,"HEURTEL, THOMAS",ονομα,/international/players/thomas-heurtel-1.html,Thomas Heurtel,cba-china,Shenzhen Leopards,10.0,298.0,2.0,βρεθηκε: cba-china
P012618,2025,ASV,538.9600000000003,"MASSA, BODIAN",ονομα,/international/players/bodian-massa-1.html,Bodian Massa,spain-liga-acb,Baxi Manresa,28.0,487.0,1.0,βρεθηκε: spain-liga-acb
P014014,2025,ASV,481.9299999999999,"VAUTIER, BASTIEN",ονομα,/international/players/bastien-vautier-1.html,Bastien Vautier,france-lnb-pro-a,Cholet Basket,24.0,513.0,1.0,βρεθηκε: france-lnb-pro-a
P010319,2025,ASV,572.2399999999999,"TRAORE, ARMEL",ονομα,/gleague/players/t/traorar01d.html,Armel Traoré,gleague,SBL,8.0,203.0,3.0,βρεθηκε: gleague
P012268,2025,ASV,176.9,"ATAMNA, ADAM",—,,,,,,,,νεαρος (≤21)
P014013,2025,ASV,767.17,"WATSON, GLYNN",ονομα,/international/players/glynn-watson-jr-1.html,Glynn Watson Jr.,france-lnb-pro-a,BCM Gravelines-Dunkerque,30.0,940.0,1.0,βρεθηκε: france-lnb-pro-a
P004132,2024,MCO,342.08,"THEIS, DANIEL",ονομα,/players/t/theisda01.html,Daniel Theis,NBA,2TM,60.0,1015.0,1.0,βρεθηκε: NBA
P013365,2024,MCO,314.68000000000006,"BROWN, VITTO",ονομα,/international/players/vitto-brown-1.html,Vitto Brown,turkey-super-league,Pınar Karşıyaka,30.0,903.0,1.0,βρεθηκε: turkey-super-league
P008161,2024,MCO,42.620000000000005,"BEGARIN, JUHANN",ονομα,/international/players/juhann-begarin-1.html,Juhann Begarin,france-lnb-pro-a,Nanterre 92,33.0,718.0,1.0,βρεθηκε: france-lnb-pro-a
P005763,2024,MCO,35.949999999999996,"KORKMAZ, FURKAN",ονομα,/players/k/korkmfu01.html,Furkan Korkmaz,NBA,PHI,35.0,300.0,1.0,βρεθηκε: NBA
P005216,2024,ULK,331.96000000000004,"MCCOLLUM, ERRICK",ονομα,/international/players/errick-mccollum-1.html,Errick McCollum,turkey-super-league,Pınar Karşıyaka,27.0,662.0,1.0,βρεθηκε: turkey-super-league
P007182,2024,ULK,491.97,"BIRCH, KHEM",ονομα,/international/players/khem-birch-1.html,Khem Birch,spain-liga-acb,Bàsquet Girona,12.0,279.0,1.0,βρεθηκε: spain-liga-acb
P013696,2024,ULK,69.97,"BANGO, JILSON",—,,,,,,,,αγνωστο (LKL/BBL/VTB/αλλο)
P008104,2024,ULK,328.10999999999996,"ZAGARS, ARTURS",ονομα,/international/players/arturs-zagars-1.html,Artūrs Žagars,eurocup,Wolves Vilnius,1.0,24.0,1.0,βρεθηκε: eurocup
P003091,2024,ULK,6.9,"BIRSEN, METECAN",—,,,,,,,,EL/EC παλαιοτερα (τραυμα/αλλου)
P013396,2024,ULK,141.80999999999997,"MAYS, SKYLAR",ονομα,/players/m/mayssk01.html,Skylar Mays,NBA,2TM,38.0,433.0,2.0,βρεθηκε: NBA
P008174,2024,ULK,9.71,"EKSIOGLU, MERT",ονομα,/international/players/mert-eksioglu-1.html,Mert Eksioglu,turkey-super-league,Fenerbahçe Beko,23.0,218.0,1.0,βρεθηκε: turkey-super-league
PLMG,2024,ULK,60.45,"MARJANOVIC, BOBAN",ονομα,/players/m/marjabo01.html,Boban Marjanović,NBA,HOU,14.0,71.0,1.0,βρεθηκε: NBA
P013389,2024,OLY,211.78000000000003,"LEE, SABEN",ονομα,/players/l/leesa01.html,Saben Lee,NBA,PHO,24.0,185.0,1.0,βρεθηκε: NBA
P003469,2024,OLY,1154.94,"VEZENKOV, SASHA",ονομα,/players/v/vezenal01.html,Sasha Vezenkov,NBA,SAC,42.0,511.0,1.0,βρεθηκε: NBA
P013380,2024,OLY,954.3000000000001,"FOURNIER, EVAN",ονομα,/players/f/fournev01.html,Evan Fournier,NBA,2TM,32.0,580.0,1.0,βρεθηκε: NBA
P013514,2024,OLY,5.59,"MENSAH, NATHAN",ονομα,/gleague/players/m/mensana01d.html,Nathan Mensah,gleague,GBO,14.0,411.0,2.0,βρεθηκε: gleague
P004088,2024,PAN,773.0799999999997,"OSMAN, CEDI",ονομα,/players/o/osmande01.html,Cedi Osman,NBA,SAS,72.0,1269.0,1.0,βρεθηκε: NBA
P005353,2024,PAN,451.9599999999999,"YURTSEVEN, OMER",ονομα,/players/y/yurtsom01.html,Omer Yurtseven,NBA,UTA,48.0,545.0,1.0,βρεθηκε: NBA
P013383,2024,PAN,392.88,"GABRIEL, WENYEN",ονομα,/gleague/players/w/wenyega01d.html,Wenyen Gabriel,gleague,WIS,26.0,876.0,2.0,βρεθηκε: gleague
P006640,2024,IST,57.5,"OZDEMIROGLU, DOGUS",ονομα,/international/players/dogus-ozdemiroglu-1.html,Dogus Ozdemiroglu,turkey-super-league,Anadolu Efes,6.0,46.0,1.0,βρεθηκε: turkey-super-league
P013363,2024,IST,622.4,"NWORA, JORDAN",ονομα,/players/n/nworajo01.html,Jordan Nwora,NBA,2TM,52.0,712.0,1.0,βρεθηκε: NBA
P013364,2024,IST,133.35999999999999,"JOHNSON, STANLEY",ονομα,/gleague/players/j/johnsst01d.html,Stanley Johnson,gleague,STO,31.0,839.0,1.0,βρεθηκε: gleague
P012317,2024,BAR,13.969999999999999,"VILLAR, RAUL",—,,,,,,,,νεαρος (≤21)
P012103,2024,BAR,2.46,"GRUJICIC, MATHIEU",—,,,,,,,,νεαρος (≤21)
P013379,2024,BAR,480.8999999999999,"METU, CHIMEZIE",ονομα,/players/m/metuch01.html,Chimezie Metu,NBA,2TM,51.0,859.0,1.0,βρεθηκε: NBA
P013505,2024,BAR,7.1,"NETO, RAUL",—,,,,,,,,αγνωστο (LKL/BBL/VTB/αλλο)
P007630,2024,MAD,380.60999999999984,"GARUBA, USMAN",ονομα,/gleague/players/g/garubus01d.html,Usman Garuba,gleague,SCW,22.0,566.0,2.0,βρεθηκε: gleague
P013667,2024,MAD,166.57999999999998,"FERNANDO, BRUNO",ονομα,/players/f/fernabr01.html,Bruno Fernando,NBA,ATL,45.0,682.0,2.0,βρεθηκε: NBA
P013378,2024,MAD,275.32,"RATHAN-MAYES, XAVIER",—,,,,,,,,αγνωστο (LKL/BBL/VTB/αλλο)
P013666,2024,MAD,20.65,"SMITH JR, DENNIS",ονομα,/players/s/smithde03.html,Dennis Smith Jr.,NBA,BRK,56.0,1059.0,1.0,βρεθηκε: NBA
P012199,2024,MAD,0.95,"DURU, DECLAN",—,,,,,,,,νεαρος (≤21)
P012168,2024,MAD,4.74,"GUEYE, SIDI",—,,,,,,,,νεαρος (≤21)
P013373,2024,PRS,393.66999999999996,"CAVALIERE, LEOPOLD",ονομα,/international/players/leopold-cavaliere-1.html,Leopold Cavaliere,france-lnb-pro-a,SIG Strasbourg,22.0,501.0,1.0,βρεθηκε: france-lnb-pro-a
P007483,2024,PRS,29.6,"DOSSOU-YOVO, MATHIS",ονομα,/international/players/mathis-dossou-yovo-1.html,Mathis Dossou-Yovo,france-lnb-pro-a,Saint-Quentin Basketball,31.0,633.0,1.0,βρεθηκε: france-lnb-pro-a
P011949,2024,PRS,72.7,"HOMMES, DAULTON",—,,,,,,,,EL/EC παλαιοτερα (τραυμα/αλλου)
P012612,2024,PRS,43.92,"SHAHRVIN, ENZO",ονομα,/international/players/enzo-shahrvin-1.html,Enzo Shahrvin,france-lnb-pro-a,Paris Basketball,9.0,100.0,2.0,βρεθηκε: france-lnb-pro-a
P007929,2024,MUN,102.35999999999999,"BITIM, ONURALP",ονομα,/gleague/players/b/bitimon01d.html,Onuralp Bitim,gleague,WCB,12.0,386.0,2.0,βρεθηκε: gleague
P013368,2024,MUN,99.53000000000002,"YEBO, KEVIN",—,,,,,,,,αγνωστο (LKL/BBL/VTB/αλλο)
P012126,2024,MUN,7.17,"VOLF, IVAN",—,,,,,,,,νεαρος (≤21)
P006240,2024,RED,114.29999999999998,"PLAVSIC, UROS",ονομα,/international/players/uros-plavsic-1.html,Uros Plavsic,aba-adriatic,Mega MIS,25.0,623.0,1.0,βρεθηκε: aba-adriatic
P013695,2024,VIR,139.46,"HOLIDAY, JUSTIN",ονομα,/players/h/holidju01.html,Justin Holiday,NBA,DEN,58.0,862.0,1.0,βρεθηκε: NBA
P013374,2024,VIR,491.46000000000004,"DIOUF, MOUHAMET",ονομα,/international/players/mouhamet-diouf-1.html,Mouhamet Diouf,spain-liga-acb,Río Breogán,12.0,179.0,1.0,βρεθηκε: spain-liga-acb
P011816,2024,VIR,165.24,"AKELE, NICOLA",ονομα,/international/players/nicola-akele-1.html,Nicola Akele,italy-basket-serie-a,Germani Basket Brescia,30.0,431.0,1.0,βρεθηκε: italy-basket-serie-a
P006273,2024,VIR,2.25,"VISCONTI, RICCARDO",ονομα,/international/players/riccardo-visconti-1.html,Riccardo Visconti,italy-basket-serie-a,Carpegna Prosciutto Pesaro,29.0,495.0,1.0,βρεθηκε: italy-basket-serie-a
P012181,2024,ZAL,1.6400000000000001,"JUZENAS, MANTAS",—,,,,,,,,νεαρος (≤21)
P013775,2024,ZAL,85.87,"WONG, ISAIAH",ονομα,/gleague/players/w/wongis01d.html,Isaiah Wong,gleague,IND,30.0,809.0,2.0,βρεθηκε: gleague
P011330,2024,ZAL,2.62,"BUIKA, DOVYDAS",—,,,,,,,,νεαρος (≤21)
P013403,2024,ZAL,423.53999999999996,"WALKER IV, LONNIE",ονομα,/players/w/walkelo01.html,Lonnie Walker IV,NBA,BRK,58.0,1011.0,1.0,βρεθηκε: NBA
P008062,2024,BER,419.12,"MCDOWELL-WHITE, WILLIAM",ονομα,/international/players/william-mcdowell-white-1.html,William McDowell-White,nbl-australia,New Zealand Breakers,22.0,514.0,1.0,βρεθηκε: nbl-australia
P013774,2024,BER,99.05000000000001,"BAKER II, ROBERT",ονομα,/gleague/players/b/bakerro02d.html,Robert Baker,gleague,CPS,29.0,818.0,1.0,βρεθηκε: gleague
P013386,2024,BER,419.46999999999997,"MC CORMACK, DAVID",—,,,,,,,,αγνωστο (LKL/BBL/VTB/αλλο)
P011626,2024,BER,34.32,"DOERRIES, AMON",—,,,,,,,,νεαρος (≤21)
P012100,2024,BER,22.41,"NUFER, ANTON",—,,,,,,,,νεαρος (≤21)
P012099,2024,BER,5.9,"GROSBER, DORIAN",—,,,,,,,,νεαρος (≤21)
P013369,2024,PAR,916.8000000000001,"JONES, CARLIK",ονομα,/international/players/carlik-jones-1.html,Carlik Jones,cba-china,Zhejiang Golden Bulls,38.0,850.0,1.0,βρεθηκε: cba-china
P006591,2024,PAR,418.12,"NTILIKINA, FRANK",ονομα,/players/n/ntilila01.html,Frank Ntilikina,NBA,CHO,5.0,43.0,1.0,βρεθηκε: NBA
P008232,2024,PAR,345.19,"POKUSEVSKI, ALEKSEJ",ονομα,/players/p/pokusal01.html,Aleksej Pokusevski,NBA,2TM,28.0,405.0,2.0,βρεθηκε: NBA
P007736,2024,PAR,125.98000000000002,"LAKIC, ARIJAN",ονομα,/international/players/arijan-lakic-1.html,Arijan Lakić,aba-adriatic,Zadar,26.0,837.0,1.0,βρεθηκε: aba-adriatic
P007632,2024,PAR,103.33,"NAKIC, MARIO",ονομα,/international/players/mario-nakic-1.html,Mario Nakić,aba-adriatic,Igokea m:tel,25.0,427.0,1.0,βρεθηκε: aba-adriatic
P013370,2024,PAR,276.5,"WASHINGTON, DUANE",ονομα,/gleague/players/w/washidu01d.html,Duane Washington Jr.,gleague,WES,11.0,344.0,1.0,βρεθηκε: gleague
P012167,2024,PAR,35.769999999999996,"BOSNJAKOVIC, MITAR",—,,,,,,,,νεαρος (≤21)
P013384,2024,MIL,480.38000000000005,"BROOKS, ARMONI",ονομα,/gleague/players/b/brookar01d.html,Armoni Brooks,gleague,TOT,30.0,838.0,2.0,βρεθηκε: gleague
P012113,2024,MIL,2.43,"LONATI, ACHILLE",—,,,,,,,,νεαρος (≤21)
P013385,2024,MIL,159.80999999999997,"DIOP, OUSMANE",ονομα,/international/players/ousmane-diop-1.html,Ousmane Diop,italy-basket-serie-a,Banco di Sardegna Sassari,24.0,516.0,1.0,βρεθηκε: italy-basket-serie-a
P006085,2024,MIL,454.93,"DIMITRIJEVIC, NENAD",—,,,,,,,,EL/EC παλαιοτερα (τραυμα/αλλου)
P013386,2024,MIL,37.95,"MC CORMACK, DAVID",—,,,,,,,,αγνωστο (LKL/BBL/VTB/αλλο)
P010784,2024,BAS,26.49,"SAVKOV, PAVEL",ονομα,/gleague/players/s/savkopa01d.html,Pavel Savkov,gleague,BIR,6.0,48.0,1.0,βρεθηκε: gleague
P013367,2024,BAS,842.5500000000001,"FORREST, TRENT",ονομα,/players/f/forretr01.html,Trent Forrest,NBA,ATL,38.0,414.0,2.0,βρεθηκε: NBA
P007579,2024,BAS,228.06999999999996,"SAMANIC, LUKA",ονομα,/players/s/samanlu01.html,Luka Šamanić,NBA,UTA,43.0,404.0,1.0,βρεθηκε: NBA
P010788,2024,BAS,5.25,"QUEREJETA, JOSEBA",ονομα,/international/players/joseba-querejeta-1.html,Joseba Querejeta,spain-liga-acb,Baskonia,3.0,4.0,1.0,βρεθηκε: spain-liga-acb
P012058,2024,BAS,115.24,"NDIAYE, OUSMANE",—,,,,,,,,νεαρος (≤21)
P013699,2024,TEL,151.73,"CLARK III, JIMMY",ονομα,ncaa:70683,Jimmy Clark III,ncaa,Duquesne,36.0,63.34128,1.0,βρεθηκε: ncaa
P013381,2024,TEL,375.89,"RAYMAN, WILLIAM",επωνυμο+αρχικο,/international/players/will-rayman-1.html,Will Rayman,france-lnb-pro-a,Saint-Quentin Basketball,33.0,807.0,1.0,βρεθηκε: france-lnb-pro-a
P013382,2024,TEL,914.9600000000002,"RANDOLPH, LEVI",ονομα,/international/players/levi-randolph-1.html,Levi Randolph,israel-super-league,Hapoel Jerusalem,20.0,575.0,1.0,βρεθηκε: israel-super-league
P011202,2024,TEL,302.0899999999999,"SHAYOK, MARIAL",ονομα,/international/players/marial-shayok-1.html,Marial Shayok,cba-china,Shandong Hi-Speed Kirin,47.0,1065.0,1.0,βρεθηκε: cba-china
P013250,2024,TEL,168.57999999999998,"DE JULIUS, DAVID",—,,,,,,,,αγνωστο (LKL/BBL/VTB/αλλο)
P013383,2024,TEL,135.95,"GABRIEL, WENYEN",ονομα,/gleague/players/w/wenyega01d.html,Wenyen Gabriel,gleague,WIS,26.0,876.0,2.0,βρεθηκε: gleague
P013389,2024,TEL,154.9,"LEE, SABEN",ονομα,/players/l/leesa01.html,Saben Lee,NBA,PHO,24.0,185.0,1.0,βρεθηκε: NBA
P007855,2024,TEL,7.84,"KABA, ALPHA",ονομα,/international/players/alpha-kaba-1.html,Alpha Kaba,cba-china,Jiangsu Dragons,49.0,1416.0,2.0,βρεθηκε: cba-china
P013371,2024,ASV,555.96,"HARRISON, SHAQUILLE",ονομα,/gleague/players/h/harrish01d.html,Shaquille Harrison,gleague,SBL,34.0,1161.0,2.0,βρεθηκε: gleague
P007027,2024,ASV,910.5799999999999,"MALEDON, THEO",ονομα,/players/m/maledth01.html,Théo Maledon,NBA,2TM,17.0,213.0,2.0,βρεθηκε: NBA
P010316,2024,ASV,389.56,"AJINCA, MELVIN",ονομα,/international/players/melvin-ajinca-1.html,Melvin Ajinca,france-lnb-pro-a,Saint-Quentin Basketball,28.0,690.0,1.0,βρεθηκε: france-lnb-pro-a
P010545,2024,ASV,725.2,"SAKO, NEAL",ονομα,/international/players/neal-sako-1.html,Neal Sako,france-lnb-pro-a,Cholet Basket,34.0,857.0,1.0,βρεθηκε: france-lnb-pro-a
P013405,2024,ASV,646.0200000000001,"ROBERSON, ANDRE",—,,,,,,,,αγνωστο (LKL/BBL/VTB/αλλο)
P008991,2024,ASV,289.26,"BLACK, TARIK",ονομα,/international/players/tarik-black-1.html,Tarik Black,italy-basket-serie-a,UNAHOTELS Reggio Emilia,10.0,173.0,1.0,βρεθηκε: italy-basket-serie-a
P012263,2024,ASV,34.239999999999995,"SISSOKO, YOHANN",—,,,,,,,,νεαρος (≤21)
P009818,2024,ASV,117.58000000000001,"BENTIL, BENJAMIN",—,,,,,,,,EL/EC παλαιοτερα (τραυμα/αλλου)
P013377,2024,ASV,22.569999999999997,"PAUL, MBIYA",—,,,,,,,,νεαρος (≤21)
P013372,2024,ASV,102.04,"SCHOFIELD, ADMIRAL",ονομα,/players/s/schofad01.html,Admiral Schofield,NBA,ORL,23.0,84.0,1.0,βρεθηκε: NBA
P010623,2023,MAD,105.63999999999999,"ALOCEN, CARLOS",—,,,,,,,,EL/EC παλαιοτερα (τραυμα/αλλου)
P011649,2023,MAD,26.49,"GONZALEZ, HUGO",—,,,,,,,,νεαρος (≤21)
P010868,2023,MAD,6.180000000000001,"DIAGNE, ISMAILA",ονομα,/international/players/ismaila-diagne-1.html,Ismaila Diagne,spain-liga-acb,Real Madrid,1.0,1.0,1.0,βρεθηκε: spain-liga-acb
P012774,2023,PAN,960.76,"NUNN, KENDRICK",ονομα,/players/n/nunnke01.html,Kendrick Nunn,NBA,2TM,70.0,964.0,1.0,βρεθηκε: NBA
P011221,2023,PAN,224.34000000000003,"ANTETOKOUNMPO, KOSTAS",ονομα,/gleague/players/a/antetko01d.html,Kostas Antetokounmpo,gleague,WCB,12.0,347.0,2.0,βρεθηκε: gleague
P012712,2023,PAN,508.53999999999996,"HERNANGOMEZ, JUANCHO",ονομα,/players/h/hernaju01.html,Juancho Hernangómez,NBA,TOR,42.0,614.0,1.0,βρεθηκε: NBA
P007866,2023,PAN,1070.1200000000001,"MITOGLOU, KONSTANTINOS",—,,,,,,,,EL/EC παλαιοτερα (τραυμα/αλλου)
P006544,2023,PAN,17.03,"MORAITIS, DIMITRIS",ονομα,/international/players/dimitrios-moraitis-1.html,Dimitris Moraitis,greek-basket-league,Peristeri bwin,22.0,415.0,1.0,βρεθηκε: greek-basket-league
P012878,2023,OLY,236.09000000000003,"WRIGHT, MOSES",ονομα,/international/players/moses-wright-1.html,Moses Wright,cba-china,Zhejiang Golden Bulls,38.0,802.0,1.0,βρεθηκε: cba-china
P003941,2023,OLY,488.86,"MILUTINOV, NIKOLA",—,,,,,,,,EL/EC παλαιοτερα (τραυμα/αλλου)
P012724,2023,ULK,2.42,"MESTOGLU, HAMZA",—,,,,,,,,νεαρος (≤21)
PLFW,2023,BAR,224.7,"RUBIO, RICKY",ονομα,/players/r/rubiori01.html,Ricky Rubio,NBA,CLE,33.0,566.0,1.0,βρεθηκε: NBA
P003196,2023,BAR,616.96,"HERNANGOMEZ, WILLY",ονομα,/players/h/hernawi01.html,Willy Hernangómez,NBA,NOP,38.0,458.0,1.0,βρεθηκε: NBA
P012745,2023,BAR,912.14,"PARKER, JABARI",—,,,,,,,,αγνωστο (LKL/BBL/VTB/αλλο)
P009992,2023,BAR,441.22999999999996,"BRIZUELA, DARIO",ονομα,/international/players/dario-brizuela-1.html,Darío Brizuela,spain-liga-acb,Unicaja,28.0,452.0,1.0,βρεθηκε: spain-liga-acb
P011666,2023,BAR,2.9400000000000004,"SARR, DAME",ονομα,/international/players/dame-sarr-1.html,Dame Sarr,spain-liga-acb,Barça,3.0,7.0,1.0,βρεθηκε: spain-liga-acb
P012197,2023,BAR,1.57,"JAKUCIONIS, KASPARAS",ονομα,/international/players/kasparas-jakucionis-1.html,Kasparas Jakucionis,spain-liga-acb,Barça,1.0,1.0,1.0,βρεθηκε: spain-liga-acb
P012709,2023,MCO,286.62,"WALKER, KEMBA",ονομα,/players/w/walkeke02.html,Kemba Walker,NBA,DAL,9.0,144.0,1.0,βρεθηκε: NBA
P012515,2023,MCO,59.89,"TARPEY, TERRY",ονομα,/international/players/terry-tarpey-1.html,Terry Tarpey,france-lnb-pro-a,Le Mans Sarthe,26.0,647.0,1.0,βρεθηκε: france-lnb-pro-a
P012744,2023,TEL,552.31,"ANTONIUS, CLEVELAND",ονομα,/international/players/antonius-cleveland-1.html,Antonius Cleveland,nbl-australia,Adelaide 36ers,28.0,798.0,2.0,βρεθηκε: nbl-australia
P011433,2023,TEL,15.29,"MAYER, OMER",—,,,,,,,,νεαρος (≤21)
P012765,2023,BAS,268.72999999999996,"CHRIS, CHIOZZA",ονομα,/gleague/players/c/chiozch01d.html,Chris Chiozza,gleague,LIN,30.0,984.0,2.0,βρεθηκε: gleague
P009048,2023,BAS,1150.83,"MILLER-MCINTYRE, CODI",ονομα,/international/players/codi-miller-mcintyre-1.html,Codi Miller-McIntyre,turkey-super-league,Gaziantep Basketbol,28.0,947.0,1.0,βρεθηκε: turkey-super-league
P011085,2023,BAS,390.48999999999995,"ROGKAVOPOULOS, NIKOLAOS",επωνυμο+αρχικο,/international/players/nikos-rogavopoulos-1.html,Nikos Rogkavopoulos,turkey-super-league,Yukatel Merkezefendi Basket,28.0,911.0,1.0,βρεθηκε: turkey-super-league
P007946,2023,BAS,117.98,"THEODORE, JORDAN",—,,,,,,,,EL/EC παλαιοτερα (τραυμα/αλλου)
P012365,2023,BAS,0.8,"HRABAR, VIT",—,,,,,,,,νεαρος (≤21)
P005553,2023,VIR,62.599999999999994,"LOMAZS, RIHARDS",ονομα,/international/players/rihards-lomazs-1.html,Rihards Lomazs,spain-liga-acb,Casademont Zaragoza,5.0,102.0,1.0,βρεθηκε: spain-liga-acb
P012713,2023,VIR,9.77,"MASCOLO, BRUNO",ονομα,/international/players/bruno-mascolo-1.html,Bruno Mascolo,italy-basket-serie-a,Happy Casa Brindisi,30.0,729.0,1.0,βρεθηκε: italy-basket-serie-a
P012714,2023,VIR,135.91000000000003,"CACOK, DEVONTAE",ονομα,/gleague/players/c/cacokde01d.html,Devontae Cacok,gleague,MCC,14.0,439.0,1.0,βρεθηκε: gleague
P009513,2023,IST,249.84999999999994,"HOLLATZ, JUSTUS",ονομα,/international/players/justus-hollatz-1.html,Justus Hollatz,spain-liga-acb,Río Breogán,34.0,818.0,1.0,βρεθηκε: spain-liga-acb
P012710,2023,IST,308.65000000000003,"OSMANI, ERCAN",ονομα,/international/players/ercan-osmani-1.html,Ercan Osmani,turkey-super-league,Darüşşafaka,30.0,666.0,1.0,βρεθηκε: turkey-super-league
P012788,2023,IST,340.24999999999994,"OTURU, DAN",επωνυμο+αρχικο,/gleague/players/o/oturuda01d.html,Daniel Oturu,gleague,WCB,23.0,399.0,1.0,βρεθηκε: gleague
P012786,2023,IST,218.1,"DAUM, MIKE",ονομα,/international/players/mike-daum-1.html,Mike Daum,italy-basket-serie-a,Bertram Derthona Tortona,25.0,598.0,1.0,βρεθηκε: italy-basket-serie-a
P012415,2023,IST,4.880000000000001,"TUNCA, MELIH",—,,,,,,,,νεαρος (≤21)
P004093,2023,IST,1.55,"YILDIZLI, BURAK",επωνυμο+αρχικο,/international/players/burak-can-yildizli-1.html,Burak Can Yildizli,turkey-super-league,Beşiktaş Emlakjet,30.0,525.0,1.0,βρεθηκε: turkey-super-league
P000229,2023,ASV,478.25999999999993,"JACKSON, EDWIN",ονομα,/international/players/edwin-jackson-1.html,Edwin Jackson,france-lnb-pro-a,Nanterre 92,4.0,53.0,1.0,βρεθηκε: france-lnb-pro-a
P012731,2023,ASV,348.43,"NDIAYE, MBAYE",ονομα,/international/players/mbaye-ndiaye-1.html,Mbaye Ndiaye,france-lnb-pro-a,Blois,34.0,1009.0,1.0,βρεθηκε: france-lnb-pro-a
P011386,2023,ASV,261.43000000000006,"NOAM, YAACOV",ονομα,/international/players/yaacov-noam-1.html,Noam Yaacov,israel-super-league,Hapoel Jerusalem,8.0,139.0,1.0,βρεθηκε: israel-super-league
P012729,2023,ASV,644.6,"SCOTT, MIKE",ονομα,/international/players/mike-scott-2.html,Mike Scott,france-lnb-pro-a,Nancy,27.0,813.0,1.0,βρεθηκε: france-lnb-pro-a
P003274,2023,ASV,13.27,"DALLO, BORIS",ονομα,/international/players/boris-dallo-1.html,Boris Dallo,france-lnb-pro-a,Cholet,33.0,952.0,1.0,βρεθηκε: france-lnb-pro-a
P012730,2023,ASV,223.08,"EGBUNU, JOHN",ονομα,/international/players/john-egbunu-1.html,John Egbunu,turkey-super-league,Gaziantep Basketbol,25.0,635.0,1.0,βρεθηκε: turkey-super-league
P012732,2023,ASV,120.89,"JACKSON, FRANK",ονομα,/gleague/players/j/jacksfr01d.html,Frank Jackson,gleague,SLC,23.0,757.0,2.0,βρεθηκε: gleague
P012743,2023,PAR,516.4300000000001,"KAMINSKY, FRANK",ονομα,/players/k/kaminfr01.html,Frank Kaminsky,NBA,2TM,36.0,235.0,1.0,βρεθηκε: NBA
P012742,2023,PAR,693.0899999999999,"DOZIER JR, PERRY",επωνυμο+αρχικο,/gleague/players/d/doziepj01d.html,PJ Dozier,gleague,IWA,11.0,360.0,2.0,βρεθηκε: gleague
P012738,2023,PAM,431.26000000000005,"REUVERS, NATHAN",επωνυμο+αρχικο,/international/players/nate-reuvers-1.html,Nate Reuvers,italy-basket-serie-a,UNAHOTELS Reggio Emilia,30.0,738.0,1.0,βρεθηκε: italy-basket-serie-a
P012795,2023,PAM,335.53000000000003,"ANDERSON, JUSTIN",ονομα,/gleague/players/a/anderju01d.html,Justin Anderson,gleague,FWN,30.0,1126.0,1.0,βρεθηκε: gleague
P012740,2023,PAM,471.28999999999996,"ROBERTSON, KASSIUS",ονομα,/international/players/kassius-robertson-1.html,Kassius Robertson,spain-liga-acb,Monbus Obradoiro,25.0,707.0,2.0,βρεθηκε: spain-liga-acb
P004863,2023,PAM,458.03,"JOVIC, STEFAN",ονομα,/international/players/stefan-jovic-1.html,Stefan Jović,spain-liga-acb,Casademont Zaragoza,20.0,508.0,1.0,βρεθηκε: spain-liga-acb
P012739,2023,PAM,288.03000000000003,"TOURE, BOUBACAR",ονομα,/international/players/boubacar-toure-1.html,Boubacar Toure,turkey-super-league,Tofaş,30.0,726.0,1.0,βρεθηκε: turkey-super-league
P010754,2023,PAM,2.43,"MARI, LUCAS",—,,,,,,,,νεαρος (≤21)
P012720,2023,BER,699.5499999999998,"BROWN, STERLING",ονομα,/gleague/players/b/brownst01d.html,Sterling Brown,gleague,RAP,24.0,770.0,2.0,βρεθηκε: gleague
P008780,2023,BER,244.82,"HERMANNSSON, MARTIN",ονομα,/international/players/martin-hermannsson-1.html,Martin Hermannsson,spain-liga-acb,Valencia Basket,12.0,202.0,1.0,βρεθηκε: spain-liga-acb
P006819,2023,BER,104.28,"NIKIC, KRESIMIR",—,,,,,,,,EL/EC παλαιοτερα (τραυμα/αλλου)
P012721,2023,BER,416.6400000000001,"BEAN, JUSTIN",ονομα,/gleague/players/b/beanju01d.html,Justin Bean,gleague,MHU,31.0,825.0,1.0,βρεθηκε: gleague
P006701,2023,MIL,135.75,"BORTOLANI, GIORDANO",ονομα,/international/players/giordano-bortolani-1.html,Giordano Bortolani,italy-basket-serie-a,Scaligera Basket Verona,22.0,392.0,2.0,βρεθηκε: italy-basket-serie-a
P006721,2023,MIL,10.71,"CARUSO, GUGLIELMO",ονομα,/international/players/guglielmo-caruso-1.html,Guglielmo Caruso,italy-basket-serie-a,Openjobmetis Varese,30.0,503.0,1.0,βρεθηκε: italy-basket-serie-a
P012800,2023,MIL,126.9,"MCGRUDER, RODNEY",ονομα,/players/m/mcgruro01.html,Rodney McGruder,NBA,DET,32.0,524.0,1.0,βρεθηκε: NBA
P012801,2023,RED,210.13,"SMART, JAVONTE",—,,,,,,,,αγνωστο (LKL/BBL/VTB/αλλο)
P005836,2023,RED,10.17,"THOMPKINS, TREY",—,,,,,,,,EL/EC παλαιοτερα (τραυμα/αλλου)
P007960,2023,RED,598.2199999999999,"DAVIDOVAC, DEJAN",—,,,,,,,,EL/EC παλαιοτερα (τραυμα/αλλου)
P012711,2023,RED,82.78,"SIMONOVIC, MARKO",ονομα,/gleague/players/s/simonma01d.html,Marko Simonovic,gleague,WCB,25.0,708.0,2.0,βρεθηκε: gleague
P012787,2023,ZAL,308.98999999999995,"SUMNER, EDMOND",ονομα,/players/s/sumneed01.html,Edmond Sumner,NBA,BRK,53.0,736.0,1.0,βρεθηκε: NBA
P010184,2023,ZAL,11.299999999999999,"BUTKA, DOVYDAS",—,,,,,,,,νεαρος (≤21)
P006860,2023,ZAL,120.38,"LAVRINOVICIUS, DANIELIUS",—,,,,,,,,αγνωστο (LKL/BBL/VTB/αλλο)
P012715,2023,ZAL,527.71,"MANEK, BRADY",ονομα,/international/players/brady-manek-1.html,Brady Manek,nbl-australia,Perth Wildcats,28.0,768.0,2.0,βρεθηκε: nbl-australia
P012784,2023,ZAL,3.3600000000000003,"MONTVILA, NEDAS",—,,,,,,,,νεαρος (≤21)
P007975,2023,MUN,636.58,"FRANCISCO, SYLVAIN",ονομα,/international/players/sylvain-francisco-1.html,Sylvain Francisco,greek-basket-league,Peristeri bwin,21.0,567.0,1.0,βρεθηκε: greek-basket-league
P006543,2023,MUN,143.92000000000002,"RADONCIC, DINO",ονομα,/international/players/dino-radoncic-1.html,Dino Radončić,spain-liga-acb,Casademont Zaragoza,16.0,255.0,1.0,βρεθηκε: spain-liga-acb
P008985,2023,MUN,593.43,"BOLMARO, LEANDRO",ονομα,/gleague/players/b/bolmale01d.html,Leandro Bolmaro,gleague,SLC,7.0,227.0,3.0,βρεθηκε: gleague
P007639,2023,MUN,249.42999999999998,"BRANKOVIC, DANKO",ονομα,/international/players/danko-brankovic-1.html,Danko Brankovic,aba-adriatic,Mega MIS,23.0,599.0,1.0,βρεθηκε: aba-adriatic
P003583,2023,MUN,691.3800000000001,"IBAKA, SERGE",ονομα,/players/i/ibakase01.html,Serge Ibaka,NBA,MIL,16.0,185.0,1.0,βρεθηκε: NBA
P012123,2023,MUN,35.089999999999996,"KHARCHENKOV, IVAN",—,,,,,,,,νεαρος (≤21)
P006245,2023,MUN,26.999999999999996,"WEIDEMANN, NELSON",—,,,,,,,,αγνωστο (LKL/BBL/VTB/αλλο)
P008991,2022,OLY,362.6799999999999,"BLACK, TARIK",ονομα,/gleague/players/b/blackta01d.html,Tarik Black,gleague,GRG,15.0,372.0,2.0,βρεθηκε: gleague
P012023,2022,OLY,6.050000000000001,"PAPAS, GEORGE",ονομα,ncaa:52357,George Papas,ncaa,Monmouth,34.0,141.5845,1.0,βρεθηκε: ncaa
P010057,2022,OLY,1.3,"TSAMIS, PANAGIOTIS",—,,,,,,,,νεαρος (≤21)
P012298,2022,OLY,1.43,"ABOSI, VENIAMIN",—,,,,,,,,νεαρος (≤21)
P006540,2022,MAD,975.8299999999999,"MUSA, DZANAN",ονομα,/international/players/dzanan-musa-1.html,Dzanan Musa,spain-liga-acb,Río Breogán,29.0,928.0,1.0,βρεθηκε: spain-liga-acb
P004790,2022,MAD,480.2200000000001,"CORNELIE, PETR",ονομα,/gleague/players/c/cornepe02d.html,Petr Cornelie,gleague,GRG,25.0,830.0,2.0,βρεθηκε: gleague
P012201,2022,MCO,201.93000000000004,"MONEKE, CHIMA",ονομα,/international/players/chima-moneke-1.html,Chima Moneke,spain-liga-acb,Baxi Manresa,34.0,817.0,1.0,βρεθηκε: spain-liga-acb
P011935,2022,MCO,76.42999999999999,"MAKOUNDOU, YOAN",ονομα,/international/players/yoan-makoundou-1.html,Yoan Makoundou,france-lnb-pro-a,Cholet,33.0,758.0,1.0,βρεθηκε: france-lnb-pro-a
P002939,2022,BAR,880.1399999999999,"SATORANSKY, TOMAS",ονομα,/players/s/satorto01.html,Tomáš Satoranský,NBA,3TM,55.0,906.0,1.0,βρεθηκε: NBA
P010307,2022,PAR,1.38,"JOVANOVIC, DORDIJE",—,,,,,,,,νεαρος (≤21)
P011967,2022,TEL,733.85,"MARTIN, JARELL",ονομα,/international/players/jarell-martin-1.html,Jarell Martin,nbl-australia,Sydney Kings,26.0,718.0,1.0,βρεθηκε: nbl-australia
P009783,2022,TEL,1017.2199999999999,"COLSON, BONZIE",ονομα,/international/players/bonzie-colson-1.html,Bonzie Colson,turkey-super-league,Pınar Karşıyaka,29.0,938.0,1.0,βρεθηκε: turkey-super-league
P004233,2022,TEL,119.83000000000001,"MENCO, RAFI",επωνυμο+αρχικο,/international/players/rafael-menco-1.html,Rafael Menco,israel-super-league,Hapoel Holon,22.0,505.0,1.0,βρεθηκε: israel-super-league
P012203,2022,TEL,88.91000000000001,"BRAIMOH, SULEIMAN",ονομα,/international/players/suleiman-braimoh-1.html,Suleiman Braimoh,israel-super-league,Hapoel Jerusalem,15.0,424.0,2.0,βρεθηκε: israel-super-league
P012056,2022,TEL,364.50000000000006,"ADAMS, JALEN",ονομα,/international/players/jalen-adams-1.html,Jalen Adams,israel-super-league,Hapoel Jerusalem,21.0,498.0,1.0,βρεθηκε: israel-super-league
P011987,2022,ULK,522.28,"EDWARDS, CARSEN",ονομα,/gleague/players/e/edwarca02d.html,Carsen Edwards,gleague,SLC,31.0,1112.0,2.0,βρεθηκε: gleague
P001413,2022,ULK,59.489999999999995,"BJELICA, NEMANJA",ονομα,/players/b/bjeline01.html,Nemanja Bjelica,NBA,GSW,71.0,1143.0,1.0,βρεθηκε: NBA
P012068,2022,ZAL,257.14,"TAYLOR, ISAIAH",ονομα,/international/players/isaiah-taylor-1.html,Isaiah Taylor,spain-liga-acb,UCAM Murcia,34.0,854.0,1.0,βρεθηκε: spain-liga-acb
P005504,2022,ZAL,485.5900000000001,"BIRUTIS, LAURYNAS",ονομα,/international/players/laurynas-birutis-1.html,Laurynas Birutis,spain-liga-acb,Monbus Obradoiro,33.0,791.0,1.0,βρεθηκε: spain-liga-acb
P011983,2022,ZAL,784.4399999999998,"BRAZDEIKIS, IGNAS",ονομα,/players/b/brazdig01.html,Ignas Brazdeikis,NBA,ORL,42.0,536.0,2.0,βρεθηκε: NBA
P003211,2022,ZAL,569.8000000000001,"DIMSA, TOMAS",ονομα,/international/players/tomas-dimsa-1.html,Tomas Dimša,italy-basket-serie-a,NutriBullet Treviso,28.0,704.0,1.0,βρεθηκε: italy-basket-serie-a
P002676,2022,ZAL,834.2200000000001,"BUTKEVICIUS, ARNAS",—,,,,,,,,EL/EC παλαιοτερα (τραυμα/αλλου)
P010824,2022,ZAL,0.17,"KUBLICKAS, KAJUS",—,,,,,,,,νεαρος (≤21)
P010190,2022,ZAL,1.45,"LELEVICIUS, LIUTAURAS",—,,,,,,,,νεαρος (≤21)
P011940,2022,MUN,561.8499999999999,"WINSTON, CASSIUS",ονομα,/gleague/players/w/winstca01d.html,Cassius Winston,gleague,CCG,21.0,390.0,2.0,βρεθηκε: gleague
P006760,2022,MUN,609.06,"BONGA, ISAAC",ονομα,/gleague/players/b/bongais01d.html,Isaac Bonga,gleague,RAP,25.0,673.0,2.0,βρεθηκε: gleague
P005478,2022,MUN,234.35000000000002,"WIMBERG, NIKLAS",—,,,,,,,,αγνωστο (LKL/BBL/VTB/αλλο)
P011941,2022,MUN,643.9499999999997,"GILLESPIE, FREDDIE",ονομα,/gleague/players/g/gillefr01d.html,Freddie Gillespie,gleague,MHU,22.0,457.0,2.0,βρεθηκε: gleague
P012406,2022,MUN,128.41,"CHEATHAM, ZYLAN ANTHONY",επωνυμο+αρχικο,/gleague/players/c/cheatzy01d.html,Zylan Cheatham,gleague,TOT,23.0,734.0,2.0,βρεθηκε: gleague
P005460,2022,MUN,211.4,"HARRIS, ELIAS",—,,,,,,,,αγνωστο (LKL/BBL/VTB/αλλο)
P008967,2022,PAN,183.7,"THOMAS, MATT",ονομα,/players/t/thomama02.html,Matt Thomas,NBA,CHI,40.0,459.0,1.0,βρεθηκε: NBA
P006586,2022,PAN,256.13,"KALAITZAKIS, GEORGIOS",ονομα,/gleague/players/k/kalaige01d.html,Georgios Kalaitzakis,gleague,OKL,31.0,610.0,2.0,βρεθηκε: gleague
P011442,2022,PAN,2.43,"SAMONTOUROV, ALEXANDROS",—,,,,,,,,νεαρος (≤21)
P011970,2022,PAM,552.81,"HARPER, JARED",ονομα,/gleague/players/h/harpeja01d.html,Jared Harper,gleague,BIR,23.0,783.0,2.0,βρεθηκε: gleague
P011971,2022,PAM,688.1300000000001,"WEBB III, JAMES",ονομα,/international/players/james-webb-iii-1.html,James Webb III,spain-liga-acb,UCAM Murcia,33.0,771.0,1.0,βρεθηκε: spain-liga-acb
P011972,2022,PAM,588.0399999999998,"RADEBAUGH, JONAH",—,,,,,,,,αγνωστο (LKL/BBL/VTB/αλλο)
P010677,2022,PAM,154.18,"EVANS, SHANNON",ονομα,/international/players/shannon-evans-1.html,Shannon Evans,spain-liga-acb,Coosur Real Betis,34.0,1062.0,1.0,βρεθηκε: spain-liga-acb
P011973,2022,PAM,396.84999999999997,"ALEXANDER, KYLE",ονομα,/international/players/kyle-alexander-1.html,Kyle Alexander,spain-liga-acb,Urbas Fuenlabrada,33.0,724.0,1.0,βρεθηκε: spain-liga-acb
P011974,2022,PAM,9.2,"MARÍ, LUCAS",—,,,,,,,,αγνωστο (LKL/BBL/VTB/αλλο)
P010750,2022,PAM,2.17,"DE LARREA, SERGIO",—,,,,,,,,νεαρος (≤21)
P009105,2022,PAM,1.75,"JIMENEZ, MILLAN",ονομα,/international/players/jimenez-millan-1.html,Jimenez Millan,spain-liga-acb,Valencia Basket,18.0,110.0,2.0,βρεθηκε: spain-liga-acb
P012405,2022,IST,1.5,"HALTALI, FURKAN",ονομα,/international/players/furkan-haltali-1.html,Furkan Haltali,turkey-super-league,Beşiktaş Icrypex,26.0,490.0,1.0,βρεθηκε: turkey-super-league
P005348,2022,IST,20.47,"ARNA, EGEHAN",ονομα,/international/players/egehan-arna-1.html,Egehan Arna,turkey-super-league,Beşiktaş Icrypex,30.0,806.0,1.0,βρεθηκε: turkey-super-league
P007993,2022,IST,708.7499999999999,"M'BAYE, AMATH",ονομα,/international/players/amath-m-baye-1.html,Amath M'Baye,turkey-super-league,Pınar Karşıyaka,26.0,792.0,1.0,βρεθηκε: turkey-super-league
P012068,2022,IST,113.71,"TAYLOR, ISAIAH",ονομα,/international/players/isaiah-taylor-1.html,Isaiah Taylor,spain-liga-acb,UCAM Murcia,34.0,854.0,1.0,βρεθηκε: spain-liga-acb
P008282,2022,IST,7.65,"ILYASOGLU, OMERCAN",επωνυμο+αρχικο,/international/players/omer-can-ilyasoglu-1.html,Omer Can Ilyasoglu,turkey-super-league,Anadolu Efes,17.0,160.0,1.0,βρεθηκε: turkey-super-league
P004655,2022,VIR,527.9100000000001,"BAKO, ISMAEL",ονομα,/international/players/ismael-bako-1.html,Ismael Bako,spain-liga-acb,Baxi Manresa,31.0,658.0,1.0,βρεθηκε: spain-liga-acb
P011982,2022,VIR,565.36,"OJELEYE, SEMI",ονομα,/players/o/ojelese01.html,Semi Ojeleye,NBA,2TM,30.0,406.0,1.0,βρεθηκε: NBA
P008296,2022,VIR,1.2,"MENALO, LEO",—,,,,,,,,νεαρος (≤21)
P008108,2022,VIR,3.55,"CAMARA, GORA",ονομα,/international/players/gora-camara-1.html,Gora Camara,italy-basket-serie-a,Carpegna Prosciutto Pesaro,17.0,150.0,1.0,βρεθηκε: italy-basket-serie-a
P003527,2022,VIR,117.11999999999999,"ABASS, AWUDU",ονομα,/international/players/awudu-abass-1.html,Awudu Abass,italy-basket-serie-a,Virtus Segafredo Bologna,1.0,2.0,1.0,βρεθηκε: italy-basket-serie-a
P006433,2022,MIL,401.27,"PANGOS, KEVIN",ονομα,/players/p/pangoke01.html,Kevin Pangos,NBA,CLE,24.0,166.0,2.0,βρεθηκε: NBA
P011224,2022,MIL,297.53000000000003,"NAPIER, SHABAZZ",—,,,,,,,,αγνωστο (LKL/BBL/VTB/αλλο)
P012080,2022,MIL,516.8700000000001,"LUWAWU-CABARROT, TIMOTHE",ονομα,/players/l/luwawti01.html,Timothé Luwawu-Cabarrot,NBA,ATL,52.0,685.0,1.0,βρεθηκε: NBA
P011965,2022,MIL,368.59000000000003,"MITROU-LONG, NAZ",ονομα,/international/players/naz-mitrou-long-1.html,Naz Mitrou-Long,italy-basket-serie-a,Germani Basket Brescia,29.0,826.0,1.0,βρεθηκε: italy-basket-serie-a
P011948,2022,BAS,677.29,"HOWARD, MARKUS",ονομα,/players/h/howarma02.html,Markus Howard,NBA,DEN,31.0,176.0,2.0,βρεθηκε: NBA
P012259,2022,BAS,106.00999999999999,"HEIDEGGER, MAX",—,,,,,,,,αγνωστο (LKL/BBL/VTB/αλλο)
P003198,2022,BAS,230.06999999999996,"DIEZ, DANIEL",ονομα,/international/players/daniel-diez-1.html,Daniel Diez,spain-liga-acb,Hereda San Pablo Burgos,27.0,608.0,1.0,βρεθηκε: spain-liga-acb
P011949,2022,BAS,616.0,"HOMMES, DAULTON",ονομα,/gleague/players/h/hommeda01d.html,Daulton Hommes,gleague,BIR,14.0,338.0,1.0,βρεθηκε: gleague
P008384,2022,BER,393.36,"PROCIDA, GABRIELE",ονομα,/international/players/gabriele-procida-1.html,Gabriele Procida,italy-basket-serie-a,Fortitudo Kigili Bologna,26.0,480.0,1.0,βρεθηκε: italy-basket-serie-a
P011934,2022,BER,392.61999999999995,"WETZELL, YANNI",ονομα,/international/players/yanni-wetzell-1.html,Yanni Wetzell,nbl-australia,New Zealand Breakers,18.0,580.0,2.0,βρεθηκε: nbl-australia
P011620,2022,BER,6.72,"MACHOWSKI, NILS",—,,,,,,,,νεαρος (≤21)
P011234,2022,BER,4.890000000000001,"SCHULTE, RIKUS",—,,,,,,,,νεαρος (≤21)
P011631,2022,BER,6.15,"RAPIEQUE, ELIAS",—,,,,,,,,νεαρος (≤21)
P011936,2022,ASV,708.19,"MATHEWS, JONAH",—,,,,,,,,αγνωστο (LKL/BBL/VTB/αλλο)
P004264,2022,ASV,389.52000000000004,"BOST, DEE",ονομα,/international/players/dee-bost-1.html,Dee Bost,turkey-super-league,Galatasaray Nef,27.0,907.0,1.0,βρεθηκε: turkey-super-league
P004119,2022,ASV,445.74,"TYUS, ALEX",ονομα,/international/players/alex-tyus-1.html,Alex Tyus,turkey-super-league,Pınar Karşıyaka,23.0,524.0,1.0,βρεθηκε: turkey-super-league
P011938,2022,ASV,737.4899999999998,"OBASOHAN, RETIN",ονομα,/international/players/retin-obasohan-1.html,Retin Obasohan,israel-super-league,Hapoel Jerusalem,22.0,680.0,1.0,βρεθηκε: israel-super-league
P006832,2022,ASV,431.1500000000001,"PONS, YVES",ονομα,/gleague/players/p/ponsyv01d.html,Yves Pons,gleague,MHU,9.0,229.0,2.0,βρεθηκε: gleague
P011939,2022,ASV,237.60999999999996,"JACKSON-CARTWRIGHT, PARKER",—,,,,,,,,αγνωστο (LKL/BBL/VTB/αλλο)
P011937,2022,ASV,63.68,"POLITE, ANTHONY",ονομα,ncaa:50572,Anthony Polite,ncaa,Florida St.,24.0,65.06016,1.0,βρεθηκε: ncaa
P007947,2022,RED,702.9900000000001,"VILDOZA, LUCA",ονομα,/players/v/vildolu01.html,Luca Vildoza,NBA,MIL,7.0,17.0,1.0,βρεθηκε: NBA
P005928,2022,RED,257.08,"CAMPAZZO, FACUNDO",ονομα,/players/c/campafa01.html,Facundo Campazzo,NBA,DEN,65.0,1184.0,1.0,βρεθηκε: NBA
P011964,2022,RED,67.67,"ILIC, DALIBOR",ονομα,/international/players/dalibor-ilic-1.html,Dalibor Ilic,aba-adriatic,Igokea m:tel,22.0,570.0,1.0,βρεθηκε: aba-adriatic
PJDU,2022,RED,13.5,"RADULJICA, MIROSLAV",—,,,,,,,,αγνωστο (LKL/BBL/VTB/αλλο)
P011963,2022,RED,58.39,"ADAMS, JAYLEN",ονομα,/international/players/jaylen-adams-1.html,Jaylen Adams,nbl-australia,Sydney Kings,21.0,665.0,1.0,βρεθηκε: nbl-australia
P004887,2021,MAD,665.05,"POIRIER, VINCENT",ονομα,/international/players/vincent-poirier-1.html,Vincent Poirier,spain-liga-acb,Real Madrid,6.0,148.0,2.0,βρεθηκε: spain-liga-acb
P010106,2021,MAD,46.11,"NUNEZ, JUAN",—,,,,,,,,νεαρος (≤21)
P010107,2021,MAD,16.07,"GARUBA, SEDIQ",—,,,,,,,,νεαρος (≤21)
P010100,2021,MAD,22.88,"KLAVZAR, URBAN",—,,,,,,,,νεαρος (≤21)
P010857,2021,MAD,1.9,"MILLER, BABA",—,,,,,,,,νεαρος (≤21)
P009213,2021,MAD,14.51,"NDIAYE, ELI",—,,,,,,,,νεαρος (≤21)
P011194,2021,IST,204.79000000000002,"PETRUSEV, FILIP",ονομα,/international/players/filip-petrusev-1.html,Filip Petrušev,aba-adriatic,Mega Soccerbet,21.0,671.0,1.0,βρεθηκε: aba-adriatic
P011302,2021,BAR,424.25000000000006,"EXUM, DANTE LIMAN",επωνυμο+αρχικο,/players/e/exumda01.html,Danté Exum,NBA,CLE,6.0,116.0,1.0,βρεθηκε: NBA
P009132,2021,BAR,95.12999999999998,"CAICEDO, MICHAEL",ονομα,/international/players/michael-caicedo-1.html,Michael Caicedo,spain-liga-acb,Barça,1.0,3.0,1.0,βρεθηκε: spain-liga-acb
P010641,2021,BAR,76.50999999999999,"NNAJI, JAMES",—,,,,,,,,νεαρος (≤21)
P009056,2021,BAR,9.89,"BONILLA, GAEL",—,,,,,,,,νεαρος (≤21)
P010035,2021,BAR,3.13,"VILLAR, RAFA",—,,,,,,,,νεαρος (≤21)
P010062,2021,BAR,2.63,"UBAL, AGUSTIN",—,,,,,,,,νεαρος (≤21)
P009847,2021,OLY,10.120000000000001,"ACY, QUINCY",—,,,,,,,,EL/EC παλαιοτερα (τραυμα/αλλου)
P011225,2021,MCO,700.8000000000001,"LEE, PARIS",ονομα,/international/players/paris-lee-1.html,Paris Lee,france-lnb-pro-a,Orléans Loiret,33.0,1043.0,1.0,βρεθηκε: france-lnb-pro-a
P011286,2021,MCO,733.5999999999998,"BACON, DWAYNE",ονομα,/players/b/bacondw01.html,Dwayne Bacon,NBA,ORL,72.0,1853.0,1.0,βρεθηκε: NBA
P006599,2021,MCO,272.34999999999997,"MOTUM, BROCK",ονομα,/international/players/brock-motum-1.html,Brock Motum,turkey-super-league,Galatasaray,29.0,892.0,2.0,βρεθηκε: turkey-super-league
PLCZ,2021,MCO,725.4500000000002,"MOTIEJUNAS, DONATAS",ονομα,/international/players/donatas-motiejunas-1.html,Donatas Motiejūnas,cba-china,Xinjiang Flying Tigers,41.0,1396.0,1.0,βρεθηκε: cba-china
P004197,2021,MCO,425.51,"OUATTARA, YAKUBA",ονομα,/international/players/billy-yakuba-ouattara-1.html,Yakuba Ouattara,spain-liga-acb,Coosur Real Betis,30.0,665.0,1.0,βρεθηκε: spain-liga-acb
P011196,2021,MCO,646.6500000000001,"HALL, DONTA",ονομα,/gleague/players/h/halldo01d.html,Donta Hall,gleague,TOT,12.0,298.0,2.0,βρεθηκε: gleague
P008923,2021,MCO,180.17000000000002,"BOUTSIELE, JERRY",ονομα,/international/players/jerry-boutsiele-1.html,Jerry Boutsiele,france-lnb-pro-a,Limoges CSP,27.0,708.0,1.0,βρεθηκε: france-lnb-pro-a
P011226,2021,MCO,836.7899999999998,"DIALLO, ALPHA",ονομα,/international/players/alpha-diallo-1.html,Alpha Diallo,greek-basket-league,Lavrio Megabolt,22.0,628.0,1.0,βρεθηκε: greek-basket-league
P010319,2021,MCO,0.12,"TRAORE, ARMEL",—,,,,,,,,νεαρος (≤21)
P005094,2021,MUN,821.94,"THOMAS, DESHAUN",—,,,,,,,,EL/EC παλαιοτερα (τραυμα/αλλου)
P008823,2021,MUN,55.24999999999999,"SCHILLING, GAVIN",—,,,,,,,,EL/EC παλαιοτερα (τραυμα/αλλου)
P011204,2021,MIL,322.60999999999996,"GRANT, JERIAN",ονομα,/international/players/jerian-grant-1.html,Jerian Grant,greek-basket-league,Promitheas Patras,17.0,564.0,1.0,βρεθηκε: greek-basket-league
P011205,2021,MIL,974.0999999999998,"HALL, DEVON",—,,,,,,,,αγνωστο (LKL/BBL/VTB/αλλο)
P006707,2021,MIL,17.88,"BALDASSO, TOMMASO",ονομα,/international/players/tommaso-baldasso-1.html,Tommaso Baldasso,italy-basket-serie-a,Fortitudo Lavoropiù Bologna,16.0,360.0,1.0,βρεθηκε: italy-basket-serie-a
P011206,2021,MIL,287.47999999999996,"DANIELS, TROY",—,,,,,,,,αγνωστο (LKL/BBL/VTB/αλλο)
P005059,2021,MIL,62.7,"ALVITI, DAVIDE",ονομα,/international/players/davide-alviti-1.html,Davide Alviti,italy-basket-serie-a,Allianz Pallacanestro Trieste,28.0,642.0,1.0,βρεθηκε: italy-basket-serie-a
P002849,2021,MIL,800.7700000000001,"MELLI, NICOLO",ονομα,/players/m/mellini01.html,Nicolò Melli,NBA,2TM,45.0,566.0,1.0,βρεθηκε: NBA
P011307,2021,MIL,50.089999999999996,"KELL, TREY",—,,,,,,,,αγνωστο (LKL/BBL/VTB/αλλο)
P011218,2021,TEL,832.0000000000001,"EVANS, KEENAN",ονομα,/international/players/keenan-evans-1.html,Keenan Evans,israel-super-league,Hapoel Haifa,24.0,761.0,1.0,βρεθηκε: israel-super-league
P011219,2021,TEL,182.76,"SORKIN, ROMAN",ονομα,/international/players/roman-sorkin-1.html,Roman Sorkin,israel-super-league,Maccabi Haifa,23.0,695.0,1.0,βρεθηκε: israel-super-league
P011313,2021,TEL,209.57,"THOMAS, KHYRI",ονομα,/players/t/thomakh01.html,Khyri Thomas,NBA,HOU,5.0,153.0,2.0,βρεθηκε: NBA
P007400,2021,TEL,911.68,"NUNNALLY, JAMES",ονομα,/players/n/nunnaja01.html,James Nunnally,NBA,NOP,9.0,48.0,1.0,βρεθηκε: NBA
P005145,2021,TEL,95.02999999999999,"COHEN, JAKE",ονομα,/international/players/jake-cohen-1.html,Jake Cohen,spain-liga-acb,Monbus Obradoiro,35.0,758.0,1.0,βρεθηκε: spain-liga-acb
P011220,2021,TEL,166.99999999999994,"ZIV, IFTAH",—,,,,,,,,αγνωστο (LKL/BBL/VTB/αλλο)
P011263,2021,TEL,0.55,"BRANDWEIN, ODED",ονομα,/international/players/oded-brandwein-1.html,Oded Brandwein,israel-super-league,Hapoel Holon,14.0,155.0,1.0,βρεθηκε: israel-super-league
P011217,2021,TEL,266.2,"TAYLOR, KAMERON",—,,,,,,,,αγνωστο (LKL/BBL/VTB/αλλο)
P003091,2021,ULK,110.73000000000002,"BIRSEN, METECAN",—,,,,,,,,αγνωστο (LKL/BBL/VTB/αλλο)
P011201,2021,ULK,310.56000000000006,"HAZER, SEHMUS",ονομα,/international/players/sehmus-hazer-1.html,Sehmus Hazer,turkey-super-league,Beşiktaş Icrypex,28.0,916.0,1.0,βρεθηκε: turkey-super-league
P010467,2021,ULK,179.9,"FLOYD, JEHYVE",ονομα,/international/players/jehyve-floyd-1.html,Jehyve Floyd,israel-super-league,Hapoel Gilboa Galil,24.0,665.0,2.0,βρεθηκε: israel-super-league
P011317,2021,ULK,36.05,"STARKS, MARKEL",—,,,,,,,,αγνωστο (LKL/BBL/VTB/αλλο)
P011202,2021,ULK,217.30000000000004,"SHAYOK, MARIAL",ονομα,/international/players/marial-shayok-1.html,Marial Shayok,turkey-super-league,Frutti Extra Bursaspor,12.0,347.0,1.0,βρεθηκε: turkey-super-league
P011244,2021,BER,608.1700000000001,"DA SILVA, OSCAR",ονομα,ncaa:52063,Oscar da Silva,ncaa,Stanford,24.0,149.05344,1.0,βρεθηκε: ncaa
P011192,2021,BER,694.42,"SMITH, JALEEN",—,,,,,,,,αγνωστο (LKL/BBL/VTB/αλλο)
P011193,2021,BER,450.6199999999999,"BLATT, TAMIR",ονομα,/international/players/tamir-blatt-1.html,Tamir Blatt,israel-super-league,Hapoel Jerusalem,24.0,671.0,1.0,βρεθηκε: israel-super-league
P004720,2021,RED,261.37000000000006,"LAZAREVIC, STEFAN",ονομα,/international/players/stefan-lazarevic-1.html,Stefan Lazarevic,aba-adriatic,FMP,25.0,783.0,1.0,βρεθηκε: aba-adriatic
P010985,2021,RED,2.28,"TOPIC, NIKOLA",—,,,,,,,,νεαρος (≤21)
P004183,2021,RED,99.15,"ZIRBES, MAIK",—,,,,,,,,EL/EC παλαιοτερα (τραυμα/αλλου)
P009537,2021,RED,0.12,"GUSIC, MARKO",—,,,,,,,,νεαρος (≤21)
P011236,2021,PAN,802.2800000000001,"MACON JR, DARYL",ονομα,/international/players/daryl-macon-1.html,Daryl Macon,turkey-super-league,Galatasaray,17.0,545.0,2.0,βρεθηκε: turkey-super-league
P011396,2021,PAN,25.119999999999997,"CHOUGKAZ, NIKOS",ονομα,/international/players/nikos-chougkaz-1.html,Nikos Chougkaz,greek-basket-league,Ionikos Hellenic Coin,22.0,556.0,1.0,βρεθηκε: greek-basket-league
P004289,2021,PAN,123.85000000000001,"KAVVADAS, VASILIS",επωνυμο+αρχικο,/international/players/vassilis-kavvadas-1.html,Vassilis Kavvadas,greek-basket-league,Iraklis,16.0,428.0,1.0,βρεθηκε: greek-basket-league
P010798,2021,PAN,14.950000000000001,"AVDALAS, NEOKLIS",—,,,,,,,,νεαρος (≤21)
P010467,2021,PAN,107.03,"FLOYD, JEHYVE",ονομα,/international/players/jehyve-floyd-1.html,Jehyve Floyd,israel-super-league,Hapoel Gilboa Galil,24.0,665.0,2.0,βρεθηκε: israel-super-league
P011281,2021,PAN,39.980000000000004,"FERRELL, YOGI",ονομα,/gleague/players/f/ferreyo01d.html,Yogi Ferrell,gleague,SLC,14.0,396.0,2.0,βρεθηκε: gleague
P011212,2021,ASV,743.9999999999999,"OKOBO, ELIE",ονομα,/gleague/players/o/okoboel01d.html,Elie Okobo,gleague,LIN,14.0,381.0,1.0,βρεθηκε: gleague
P009553,2021,ASV,227.34999999999997,"WEMBANYAMA, VICTOR",ονομα,/international/players/victor-wembanyama-1.html,Victor Wembanyama,france-lnb-pro-a,Nanterre 92,18.0,304.0,2.0,βρεθηκε: france-lnb-pro-a
P011221,2021,ASV,341.51,"ANTETOKOUNMPO, KOSTAS",ονομα,/players/a/antetko01.html,Kostas Antetokounmpo,NBA,LAL,15.0,56.0,1.0,βρεθηκε: NBA
P006481,2021,ASV,21.67,"MORGAN, RAYMAR",ονομα,/international/players/raymar-morgan-1.html,Raymar Morgan,turkey-super-league,Pınar Karşıyaka,27.0,683.0,1.0,βρεθηκε: turkey-super-league
P010718,2021,ASV,28.23,"RISACHER, ZACCHARIE",—,,,,,,,,νεαρος (≤21)
P009088,2021,ASV,22.83,"HOUINSOU, KYMANY",ονομα,/international/players/kymany-houinsou-1.html,Kymany Houinsou,france-lnb-pro-a,LDLC ASVEL,3.0,42.0,1.0,βρεθηκε: france-lnb-pro-a
P008961,2021,ZAL,263.78999999999996,"WEBSTER, TAI",ονομα,/international/players/tai-webster-1.html,Tai Webster,nbl-australia,New Zealand Breakers,29.0,908.0,1.0,βρεθηκε: nbl-australia
P011199,2021,ZAL,633.65,"NEBO, JOSH",ονομα,/international/players/josh-nebo-1.html,Josh Nebo,israel-super-league,Hapoel Eilat,24.0,713.0,1.0,βρεθηκε: israel-super-league
P009601,2021,ZAL,775.23,"CAVANAUGH, TYLER",ονομα,/international/players/tyler-cavanaugh-1.html,Tyler Cavanaugh,spain-liga-acb,Lenovo Tenerife,36.0,799.0,1.0,βρεθηκε: spain-liga-acb
P004645,2021,ZAL,85.16,"MINIOTAS, REGIMANTAS",ονομα,/international/players/regimantas-miniotas-1.html,Regimantas Miniotas,spain-liga-acb,RETAbet Bilbao Basket,25.0,480.0,1.0,βρεθηκε: spain-liga-acb
P010185,2021,ZAL,2.03,"KRIVAS, MOTIEJUS",—,,,,,,,,νεαρος (≤21)
P011200,2021,ZAL,96.05,"MUDIAY, EMMANUEL",—,,,,,,,,αγνωστο (LKL/BBL/VTB/αλλο)
P011242,2021,BAS,25.990000000000002,"BARRERA, ALEJANDRO",επωνυμο+αρχικο,/international/players/alex-barrera-1.html,Alex Barrera,spain-liga-acb,Hereda San Pablo Burgos,19.0,155.0,1.0,βρεθηκε: spain-liga-acb
P011239,2021,BAS,652.1600000000001,"ENOCH, STEVEN",ονομα,/international/players/steven-enoch-1.html,Steven Enoch,spain-liga-acb,Monbus Obradoiro,36.0,563.0,1.0,βρεθηκε: spain-liga-acb
P010683,2021,BAS,260.78000000000003,"PETERS, LAMAR",ονομα,/international/players/lamar-peters-1.html,Lamar Peters,turkey-super-league,Frutti Extra Bursaspor,18.0,528.0,2.0,βρεθηκε: turkey-super-league
P004381,2021,UNK,360.16999999999996,"SPISSU, MARCO",ονομα,/international/players/marco-spissu-1.html,Marco Spissu,italy-basket-serie-a,Banco di Sardegna Sassari,27.0,822.0,1.0,βρεθηκε: italy-basket-serie-a
P011264,2021,UNK,261.56,"MAYO, O J",ονομα,/international/players/oj-mayo-1.html,O.J. Mayo,cba-china,Liaoning Flying Leopards,51.0,1457.0,1.0,βρεθηκε: cba-china
PLHI,2021,UNK,372.9599999999999,"VORONTSEVICH, ANDREY",—,,,,,,,,EL/EC παλαιοτερα (τραυμα/αλλου)
P011243,2021,UNK,298.56999999999994,"BRANTLEY, JARRELL",ονομα,/players/b/brantja01.html,Jarrell Brantley,NBA,UTA,28.0,138.0,1.0,βρεθηκε: NBA
P006360,2021,UNK,24.309999999999995,"KLIMENKO, ARTEM",ονομα,/international/players/artem-klimenko-1.html,Artem Klimenko,eurocup,UNICS,14.0,100.0,1.0,βρεθηκε: eurocup
P002279,2021,UNK,3.6,"KOMOLOV, ARTEM",—,,,,,,,,αγνωστο (LKL/BBL/VTB/αλλο)
P002072,2021,CSK,7.3500000000000005,"IVLEV, VLADIMIR",—,,,,,,,,EL/EC παλαιοτερα (τραυμα/αλλου)
P011284,2021,CSK,53.9,"FARIED, KENNETH",—,,,,,,,,αγνωστο (LKL/BBL/VTB/αλλο)
P011305,2021,DYR,36.14,"CARTER, TYSON",ονομα,/international/players/tyson-carter-1.html,Tyson Carter,greek-basket-league,Lavrio Megabolt,22.0,578.0,1.0,βρεθηκε: greek-basket-league
P001108,2021,DYR,324.93,"KULAGIN, DMITRY",—,,,,,,,,EL/EC παλαιοτερα (τραυμα/αλλου)
P011223,2021,DYR,255.92000000000002,"FRANKAMP, CONNER",ονομα,/international/players/conner-frankamp-1.html,Conner Frankamp,spain-liga-acb,UCAM Murcia,25.0,647.0,1.0,βρεθηκε: spain-liga-acb
PADF,2020,BAR,68.39,"GASOL, PAU",—,,,,,,,,αγνωστο (LKL/BBL/VTB/αλλο)
P006768,2020,BAR,260.86,"MARTINEZ, SERGI",—,,,,,,,,νεαρος (≤21)
P009947,2020,BAR,5.69,"BADJI, IBOU",—,,,,,,,,νεαρος (≤21)
P007527,2020,BAR,0.37,"BADIO, BRANCOU",—,,,,,,,,νεαρος (≤21)
P010516,2020,IST,49.44,"GAZI, ERTEN",—,,,,,,,,αγνωστο (LKL/BBL/VTB/αλλο)
P006540,2020,IST,11.77,"MUSA, DZANAN",ονομα,/players/m/musadz01.html,Džanan Musa,NBA,BRK,40.0,487.0,2.0,βρεθηκε: NBA
P005404,2020,MIL,5.6899999999999995,"MORETTI, DAVIDE",ονομα,ncaa:50520,Davide Moretti,ncaa,Texas Tech,31.0,53.08564,1.0,βρεθηκε: ncaa
P010781,2020,CSK,301.72999999999996,"LUNDBERG, IFFE",—,,,,,,,,αγνωστο (LKL/BBL/VTB/αλλο)
P006710,2020,CSK,99.80000000000001,"KHOMENKO, ALEXANDER",—,,,,,,,,νεαρος (≤21)
P007491,2020,CSK,0.07,"UMRIKHIN, YURY",—,,,,,,,,νεαρος (≤21)
P007186,2020,DYR,82.71,"ZAKHAROV, DENIS",—,,,,,,,,αγνωστο (LKL/BBL/VTB/αλλο)
P006433,2020,DYR,1129.1200000000001,"PANGOS, KEVIN",—,,,,,,,,EL/EC παλαιοτερα (τραυμα/αλλου)
PLLH,2020,DYR,161.83000000000004,"FRIDZON, VITALY",ονομα,/international/players/vitaly-fridzon-1.html,Vitaly Fridzon,eurocup,Lokomotiv Kuban,5.0,93.0,1.0,βρεθηκε: eurocup
P010628,2020,DYR,4.52,"VOLKHIN, IGOR",—,,,,,,,,αγνωστο (LKL/BBL/VTB/αλλο)
P004862,2020,MUN,548.11,"SEELEY, DENNIS",επωνυμο+αρχικο,/international/players/dj-seeley-1.html,D.J. Seeley,spain-liga-acb,Casademont Zaragoza,23.0,558.0,1.0,βρεθηκε: spain-liga-acb
P005893,2020,MUN,539.2,"JOHNSON, JAJUAN",—,,,,,,,,EL/EC παλαιοτερα (τραυμα/αλλου)
P010391,2020,MUN,779.0299999999999,"WEILER-BABB, NICK",—,,,,,,,,αγνωστο (LKL/BBL/VTB/αλλο)
P006482,2020,MUN,18.499999999999996,"KRAEMER, DAVID",—,,,,,,,,EL/EC παλαιοτερα (τραυμα/αλλου)
P010623,2020,MAD,376.21999999999997,"ALOCEN, CARLOS",ονομα,/international/players/carlos-alocen-1.html,Carlos Alocen,spain-liga-acb,Casademont Zaragoza,23.0,468.0,1.0,βρεθηκε: spain-liga-acb
P009212,2020,MAD,27.490000000000002,"VUKCEVIC, TRISTAN",—,,,,,,,,νεαρος (≤21)
P004004,2020,ULK,540.27,"GUDURIC, MARKO",ονομα,/players/g/gudurma01.html,Marko Gudurić,NBA,MEM,44.0,484.0,2.0,βρεθηκε: NBA
P010776,2020,ULK,234.64,"O'QUINN, KYLE BRANDON",επωνυμο+αρχικο,/players/o/oquinky01.html,Kyle O'Quinn,NBA,PHI,29.0,313.0,1.0,βρεθηκε: NBA
P010560,2020,ULK,872.0,"PIERRE, DYSHAWN",ονομα,/international/players/dyshawn-pierre-1.html,Dyshawn Pierre,italy-basket-serie-a,Banco di Sardegna Sassari,21.0,647.0,1.0,βρεθηκε: italy-basket-serie-a
P005275,2020,ULK,57.93000000000001,"SIPAHI, KENAN",ονομα,/international/players/kenan-sipahi-1.html,Kenan Sipahi,spain-liga-acb,Coosur Real Betis,23.0,463.0,1.0,βρεθηκε: spain-liga-acb
P010569,2020,ULK,541.5700000000002,"EDDIE, JARELL",ονομα,/international/players/jarell-eddie-1.html,Jarell Eddie,spain-liga-acb,UCAM Murcia,22.0,585.0,1.0,βρεθηκε: spain-liga-acb
P009752,2020,ULK,54.309999999999995,"PEREZ, ALEX",—,,,,,,,,αγνωστο (LKL/BBL/VTB/αλλο)
P003240,2020,PAN,493.93,"BOCHORIDIS, ELEFTHERIOS",ονομα,/international/players/eleftherios-bochoridis-1.html,Eleftherios Bochoridis,greek-basket-league,Aris,14.0,458.0,1.0,βρεθηκε: greek-basket-league
P006487,2020,PAN,15.97,"DIPLAROS, NIKOS",—,,,,,,,,αγνωστο (LKL/BBL/VTB/αλλο)
P003108,2020,PAN,181.58,"HEZONJA, MARIO",ονομα,/players/h/hezonma01.html,Mario Hezonja,NBA,POR,53.0,871.0,1.0,βρεθηκε: NBA
P006586,2020,PAN,62.10000000000001,"KALAITZAKIS, GEORGIOS",—,,,,,,,,νεαρος (≤21)
P010386,2020,PAN,279.64,"FOSTER, MARCUS",—,,,,,,,,αγνωστο (LKL/BBL/VTB/αλλο)
P010392,2020,OLY,260.9000000000001,"LARENTZAKIS, GIANNOULIS",ονομα,/international/players/giannoulis-larentzakis-1.html,Giannoulis Larentzakis,spain-liga-acb,UCAM Murcia,19.0,350.0,1.0,βρεθηκε: spain-liga-acb
P010653,2020,KHI,77.33999999999999,"SHARAPOV, VLADISLAV",—,,,,,,,,νεαρος (≤21)
P008137,2020,KHI,9.43,"KADOSHNIKOV, DMITRII",—,,,,,,,,νεαρος (≤21)
P008140,2020,KHI,68.48,"ODINOKOV, VLADISLAV",—,,,,,,,,νεαρος (≤21)
P010654,2020,KHI,24.11,"EVSTIGNEEV, IVAN",—,,,,,,,,νεαρος (≤21)
P007889,2020,TEL,24.61,"CLINE, TJ",—,,,,,,,,αγνωστο (LKL/BBL/VTB/αλλο)
P010568,2020,TEL,596.8000000000001,"JONES, CHRIS",—,,,,,,,,αγνωστο (LKL/BBL/VTB/αλλο)
P004549,2020,TEL,647.2100000000002,"BENDER, DRAGAN",ονομα,/gleague/players/b/bendedr01d.html,Dragan Bender,gleague,WIS,13.0,374.0,2.0,βρεθηκε: gleague
P004554,2020,TEL,676.8699999999999,"ZIZIC, ANTE",ονομα,/players/z/zizican01.html,Ante Žižić,NBA,CLE,22.0,221.0,1.0,βρεθηκε: NBA
P007679,2020,TEL,19.169999999999998,"SAHAR, DORI",—,,,,,,,,νεαρος (≤21)
P007674,2020,TEL,5.24,"ATIAS, YONATAN",—,,,,,,,,νεαρος (≤21)
P006785,2020,TEL,0.47,"ALBER, EIDAN",—,,,,,,,,νεαρος (≤21)
P010393,2020,PAM,121.00000000000003,"PRADILLA, JAIME",—,,,,,,,,νεαρος (≤21)
P006643,2020,PAM,83.9,"PUERTO, JOSEP",—,,,,,,,,νεαρος (≤21)
P007230,2020,BAS,520.8300000000002,"SEDEKERSKIS, TADAS",—,,,,,,,,αγνωστο (LKL/BBL/VTB/αλλο)
P007265,2020,BAS,88.13,"KURUCS, ARTURS",—,,,,,,,,νεαρος (≤21)
P008850,2020,BAS,45.17,"RAIESTE, SANDER",—,,,,,,,,νεαρος (≤21)
P004499,2020,BER,679.2800000000001,"FONTECCHIO, SIMONE",ονομα,/international/players/simone-fontecchio-1.html,Simone Fontecchio,italy-basket-serie-a,Grissin Bon Reggio Emilia,21.0,529.0,1.0,βρεθηκε: italy-basket-serie-a
P010791,2020,BER,47.72,"KOUMADJE, CHRIST",ονομα,/gleague/players/k/koumach01d.html,Christ Koumadje,gleague,DEL,33.0,872.0,1.0,βρεθηκε: gleague
P003024,2020,BER,650.0000000000001,"GRANGER, JAYSON",ονομα,/international/players/jayson-granger-1.html,Jayson Granger,spain-liga-acb,Kirolbet Baskonia,1.0,2.0,1.0,βρεθηκε: spain-liga-acb
P010385,2020,BER,578.8000000000001,"LAMMERS, BEN",ονομα,/international/players/ben-lammers-1.html,Ben Lammers,spain-liga-acb,RETAbet Bilbao Basket,23.0,452.0,1.0,βρεθηκε: spain-liga-acb
P006919,2020,BER,399.74,"OLINDE, LOUIS",—,,,,,,,,EL/EC παλαιοτερα (τραυμα/αλλου)
P006985,2020,RED,221.62,"USKOKOVIC, ALEKSA",—,,,,,,,,νεαρος (≤21)
P005683,2020,RED,160.53,"RADANOV, ALEKSA",—,,,,,,,,αγνωστο (LKL/BBL/VTB/αλλο)
P010603,2020,RED,307.38,"REATH, DUOP",—,,,,,,,,αγνωστο (LKL/BBL/VTB/αλλο)
P010652,2020,RED,169.75,"TERRY, EMANUEL",—,,,,,,,,αγνωστο (LKL/BBL/VTB/αλλο)
P009299,2020,ZAL,2.15,"RUBSTAVICIUS, MANTAS",—,,,,,,,,νεαρος (≤21)
P008198,2020,ZAL,222.56,"VASTURIA, STEVE",—,,,,,,,,αγνωστο (LKL/BBL/VTB/αλλο)
P008811,2020,ASV,682.87,"FALL, MOUSTAPHA",—,,,,,,,,EL/EC παλαιοτερα (τραυμα/αλλου)
P010390,2020,ASV,215.75,"HAYES, KEVARRIUS",ονομα,/international/players/kevarrius-hayes-1.html,Kevarrius Hayes,italy-basket-serie-a,S.Bernardo-Cinelandia Cantù,20.0,572.0,1.0,βρεθηκε: italy-basket-serie-a
P009022,2020,ASV,158.1,"WALTON JR, DERRICK",ονομα,/players/w/waltode01.html,Derrick Walton,NBA,2TM,26.0,248.0,2.0,βρεθηκε: NBA
P002534,2020,ASV,391.9300000000001,"HOWARD, WILLIAM",ονομα,/gleague/players/h/howarwi01d.html,William Howard,gleague,TOT,36.0,1114.0,2.0,βρεθηκε: gleague
P008097,2020,ASV,8.04,"NDJOCK, ELWIN",—,,,,,,,,νεαρος (≤21)
P010389,2020,ASV,372.84,"FREEMAN, ALLERIK",ονομα,/international/players/allerik-freeman-1.html,Allerik Freeman,cba-china,Shenzhen Aviators,4.0,141.0,1.0,βρεθηκε: cba-china
P009888,2019,BAS,175.64999999999998,"CHRISTON, SEMAJ",—,,,,,,,,αγνωστο (LKL/BBL/VTB/αλλο)
P006568,2019,BAS,378.51000000000005,"FALL, YOUSSOUPHA",ονομα,/international/players/youssoupha-fall-1.html,Youssoupha Fall,france-lnb-pro-a,SIG Strasbourg,30.0,696.0,1.0,βρεθηκε: france-lnb-pro-a
P002084,2019,BAS,335.08,"POLONARA, ACHILLE",ονομα,/international/players/achille-polonara-1.html,Achille Polonara,italy-basket-serie-a,Banco di Sardegna Sassari,30.0,635.0,1.0,βρεθηκε: italy-basket-serie-a
P003514,2019,BAS,86.91,"DRAGIC, ZORAN",ονομα,/international/players/zoran-dragic-1.html,Zoran Dragić,italy-basket-serie-a,Alma Pallacanestro Trieste,16.0,397.0,1.0,βρεθηκε: italy-basket-serie-a
P009836,2019,BAS,450.53,"STAUSKAS, NIKOLAS",επωνυμο+αρχικο,/players/s/stausni01.html,Nik Stauskas,NBA,2TM,68.0,1015.0,1.0,βρεθηκε: NBA
P009918,2019,BAS,3.17,"LOPEZ, LAUTARO",—,,,,,,,,νεαρος (≤21)
P008211,2019,BER,25.19,"DELOW, MALTE",—,,,,,,,,νεαρος (≤21)
P007025,2019,BER,384.3899999999999,"MATTISSECK, JONAS",ονομα,/international/players/jonas-mattisseck-1.html,Jonas Mattisseck,eurocup,Alba Berlin,5.0,71.0,1.0,βρεθηκε: eurocup
P006819,2019,BER,118.19,"NIKIC, KRESIMIR",ονομα,/international/players/kresimir-nikic-1.html,Kresimir Nikic,eurocup,Alba Berlin,1.0,3.0,1.0,βρεθηκε: eurocup
P009601,2019,BER,278.34000000000003,"CAVANAUGH, TYLER",ονομα,/gleague/players/c/cavanty01d.html,Tyler Cavanaugh,gleague,SLC,41.0,1240.0,2.0,βρεθηκε: gleague
P007566,2019,BER,1.43,"BRENNEKE, LORENZ",—,,,,,,,,νεαρος (≤21)
P009600,2019,BER,217.79000000000002,"MASON, MAKAI",ονομα,ncaa:36151,Makai Mason,ncaa,Baylor,28.0,87.22896,1.0,βρεθηκε: ncaa
P003478,2019,BAR,370.4699999999999,"ABRINES, ALEX",ονομα,/players/a/abrinal01.html,Álex Abrines,NBA,OKC,31.0,588.0,1.0,βρεθηκε: NBA
P004331,2019,BAR,584.1500000000001,"DELANEY, MALCOLM",ονομα,/international/players/malcolm-delaney-1.html,Malcolm Delaney,cba-china,Guangdong Southern Tigers,37.0,1183.0,1.0,βρεθηκε: cba-china
P000796,2019,BAR,778.46,"MIROTIC, NIKOLA",ονομα,/players/m/mirotni01.html,Nikola Mirotić,NBA,2TM,46.0,1245.0,1.0,βρεθηκε: NBA
P008985,2019,BAR,55.2,"BOLMARO, LEANDRO",—,,,,,,,,νεαρος (≤21)
P009834,2019,MUN,204.4,"BRAY, THOMAS",—,,,,,,,,αγνωστο (LKL/BBL/VTB/αλλο)
P009835,2019,MUN,675.52,"MONROE, GREGORY",επωνυμο+αρχικο,/players/m/monrogr01.html,Greg Monroe,NBA,3TM,43.0,480.0,1.0,βρεθηκε: NBA
P005056,2019,MUN,616.9,"ZIPSER, PAUL",ονομα,/international/players/paul-zipser-1.html,Paul Zipser,spain-liga-acb,San Pablo Burgos,17.0,264.0,1.0,βρεθηκε: spain-liga-acb
P004571,2019,MUN,106.5,"SISKO, ZAN",—,,,,,,,,αγνωστο (LKL/BBL/VTB/αλλο)
P009723,2019,MUN,201.27,"HUESTIS, JOSHUA",επωνυμο+αρχικο,/gleague/players/h/huestjo01d.html,Josh Huestis,gleague,AUS,27.0,765.0,1.0,βρεθηκε: gleague
P008253,2019,MUN,1.95,"GEORGE, JASON",—,,,,,,,,νεαρος (≤21)
P008250,2019,MUN,4.57,"GRANT, SASHA",—,,,,,,,,νεαρος (≤21)
P009862,2019,RED,264.86,"PUNTER, KEVIN  XAVIER",επωνυμο+αρχικο,/international/players/kevin-punter-1.html,Kevin Punter,italy-basket-serie-a,Virtus Segafredo Bologna,28.0,739.0,1.0,βρεθηκε: italy-basket-serie-a
P009622,2019,RED,682.9199999999998,"BROWN, LORENZO",ονομα,/international/players/lorenzo-brown-1.html,Lorenzo Brown,cba-china,Guangzhou Long-Lions,8.0,251.0,2.0,βρεθηκε: cba-china
P007960,2019,RED,449.68000000000006,"DAVIDOVAC, DEJAN",ονομα,/international/players/dejan-davidovac-1.html,Dejan Davidovac,eurocup,Crvena zvezda,8.0,87.0,1.0,βρεθηκε: eurocup
P003417,2019,RED,38.910000000000004,"LUCAS, KALIN",ονομα,/gleague/players/l/lucaska01d.html,Kalin Lucas,gleague,TOT,38.0,1107.0,2.0,βρεθηκε: gleague
P004397,2019,RED,140.41,"JAGODIC KURIDZA, MARKO",—,,,,,,,,αγνωστο (LKL/BBL/VTB/αλλο)
P003479,2019,RED,245.7,"KUZMIC, OGNJEN",ονομα,/international/players/ognjen-kuzmic-1.html,Ognjen Kuzmic,spain-liga-acb,Real Madrid,7.0,65.0,1.0,βρεθηκε: spain-liga-acb
P004425,2019,RED,86.39,"BROWN, DERRICK",—,,,,,,,,EL/EC παλαιοτερα (τραυμα/αλλου)
P008807,2019,RED,2.88,"NENADIC, NEMANJA",ονομα,/international/players/nemanja-nenadic-1.html,Nemanja Nenadic,eurocup,Crvena zvezda,5.0,48.0,1.0,βρεθηκε: eurocup
P009846,2019,TEL,532.69,"BRYANT, ELIJAH",—,,,,,,,,αγνωστο (LKL/BBL/VTB/αλλο)
P009847,2019,TEL,525.67,"ACY, QUINCY",ονομα,/players/a/acyqu01.html,Quincy Acy,NBA,PHO,10.0,123.0,2.0,βρεθηκε: NBA
P003413,2019,TEL,210.56000000000003,"JACKSON, AARON",ονομα,/international/players/aaron-jackson-1.html,Aaron Jackson,cba-china,Beijing Ducks,40.0,1315.0,1.0,βρεθηκε: cba-china
P009849,2019,TEL,527.3999999999999,"DORSEY, TYLER",ονομα,/players/d/dorsety01.html,Tyler Dorsey,NBA,2TM,48.0,698.0,2.0,βρεθηκε: NBA
P007069,2019,TEL,32.57,"STOUDEMIRE, AMAR'E",—,,,,,,,,αγνωστο (LKL/BBL/VTB/αλλο)
P009848,2019,TEL,48.95,"COHEN, SANDY",ονομα,ncaa:34168,Sandy Cohen III,ncaa,Green Bay,36.0,114.32088,1.0,βρεθηκε: ncaa
PJFO,2019,TEL,127.43,"CASSPI, OMRI",ονομα,/players/c/casspom01.html,Omri Casspi,NBA,MEM,36.0,520.0,1.0,βρεθηκε: NBA
P006693,2019,IST,1.95,"SAYBIR, YIGITCAN",—,,,,,,,,νεαρος (≤21)
P005686,2019,IST,37.42,"GECIM, TOLGA",—,,,,,,,,αγνωστο (LKL/BBL/VTB/αλλο)
P008282,2019,IST,3.15,"ILYASOGLU, OMERCAN",—,,,,,,,,νεαρος (≤21)
P002972,2019,OLY,299.4,"ROCHESTIE, TAYLOR",ονομα,/international/players/taylor-rochestie-1.html,Taylor Rochestie,cba-china,Tianjin Gold Lions,45.0,1854.0,1.0,βρεθηκε: cba-china
P009863,2019,OLY,402.12,"BALDWIN IV, WADE",ονομα,/gleague/players/b/baldwwa01d.html,Wade Baldwin,gleague,TOT,14.0,450.0,2.0,βρεθηκε: gleague
P004945,2019,OLY,529.0999999999999,"PAUL, BRANDON",ονομα,/international/players/brandon-paul-1.html,Brandon Paul,cba-china,Zhejiang Golden Bulls,18.0,627.0,1.0,βρεθηκε: cba-china
P005859,2019,OLY,44.18000000000001,"BUYCKS, DWIGHT",ονομα,/international/players/dwight-buycks-1.html,Dwight Buycks,cba-china,Shenzhen Leopards,31.0,1029.0,1.0,βρεθηκε: cba-china
P006477,2019,OLY,396.5300000000001,"RUBIT, AUGUSTINE",—,,,,,,,,EL/EC παλαιοτερα (τραυμα/αλλου)
P009580,2019,OLY,150.17000000000002,"ELLIS, OCTAVIUS",ονομα,/international/players/octavius-ellis-1.html,Octavius Ellis,greek-basket-league,Promitheas Patras,24.0,466.0,1.0,βρεθηκε: greek-basket-league
P007853,2019,OLY,78.02000000000001,"MCKISSIC, SHAQUIELLE",—,,,,,,,,αγνωστο (LKL/BBL/VTB/αλλο)
P005255,2019,OLY,322.96999999999997,"KONIARIS, ANTONIOS",ονομα,/international/players/antonios-koniaris-1.html,Antonios Koniaris,greek-basket-league,PAOK,26.0,474.0,1.0,βρεθηκε: greek-basket-league
P010063,2019,OLY,22.950000000000003,"NIKOLAIDIS, ALEXANDROS",—,,,,,,,,νεαρος (≤21)
P004218,2019,OLY,12.99,"CHARALAMPOPOULOS, VASILIS",επωνυμο+αρχικο,/international/players/vassilis-charalampopoulos-1.html,Vassilis Charalampopoulos,greek-basket-league,Lavrio Aegean Cargo,12.0,265.0,1.0,βρεθηκε: greek-basket-league
P006058,2019,OLY,273.46000000000004,"CHERRY, WILL",ονομα,/gleague/players/c/cherrwi01d.html,Will Cherry,gleague,SCW,46.0,1287.0,2.0,βρεθηκε: gleague
P009946,2019,OLY,120.19999999999999,"REED, WILLIE",ονομα,/gleague/players/r/reedwi01d.html,Willie Reed,gleague,SLC,21.0,639.0,1.0,βρεθηκε: gleague
P009862,2019,OLY,203.14999999999998,"PUNTER, KEVIN  XAVIER",επωνυμο+αρχικο,/international/players/kevin-punter-1.html,Kevin Punter,italy-basket-serie-a,Virtus Segafredo Bologna,28.0,739.0,1.0,βρεθηκε: italy-basket-serie-a
P009864,2019,OLY,0.75,"HAPP, ETHAN",ονομα,ncaa:34930,Ethan Happ,ncaa,Wisconsin,34.0,194.40962,1.0,βρεθηκε: ncaa
P008003,2019,KHI,43.64,"ROBINSON, THOMAS",ονομα,/international/players/thomas-robinson-1.html,Thomas Robinson,cba-china,Beikong Fly Dragons,26.0,803.0,2.0,βρεθηκε: cba-china
P009748,2019,KHI,664.4300000000001,"JEREBKO, JONAS",ονομα,/players/j/jerebjo01.html,Jonas Jerebko,NBA,GSW,73.0,1218.0,1.0,βρεθηκε: NBA
P005909,2019,KHI,8.049999999999999,"DESIATNIKOV, ANDREI",—,,,,,,,,αγνωστο (LKL/BBL/VTB/αλλο)
P009923,2019,KHI,1.35,"BARASHKOV, MAKSIM",—,,,,,,,,νεαρος (≤21)
P000981,2019,ULK,1.93,"CANDAN, BERKAY",—,,,,,,,,αγνωστο (LKL/BBL/VTB/αλλο)
P008177,2019,ULK,6.08,"SANCAKLI, EKREM",—,,,,,,,,νεαρος (≤21)
P006533,2019,PAM,480.25,"COLOM, QUINO",—,,,,,,,,EL/EC παλαιοτερα (τραυμα/αλλου)
P009101,2019,PAM,4.33,"FERRANDO, GUILLEM",—,,,,,,,,νεαρος (≤21)
P009754,2019,PAM,394.1,"LOYD, JORDAN",ονομα,/gleague/players/l/loydjo01d.html,Jordan Loyd,gleague,RAP,41.0,1454.0,2.0,βρεθηκε: gleague
P009105,2019,PAM,0.33,"JIMENEZ, MILLAN",—,,,,,,,,νεαρος (≤21)
P000726,2019,MIL,259.76,"MORASCHINI, RICCARDO",ονομα,/international/players/riccardo-moraschini-1.html,Riccardo Moraschini,italy-basket-serie-a,Happy Casa Brindisi,30.0,859.0,1.0,βρεθηκε: italy-basket-serie-a
P010254,2019,MIL,120.66,"CRAWFORD, DREW",ονομα,/international/players/drew-crawford-1.html,Drew Crawford,italy-basket-serie-a,Vanoli Cremona,25.0,788.0,1.0,βρεθηκε: italy-basket-serie-a
P010093,2019,MIL,224.9,"SYKES, KEIFER",ονομα,/international/players/keifer-sykes-1.html,Keifer Sykes,italy-basket-serie-a,Sidigas Avellino,30.0,882.0,1.0,βρεθηκε: italy-basket-serie-a
PAJG,2019,MIL,543.77,"SCOLA, LUIS",ονομα,/international/players/luis-scola-1.html,Luis Scola,cba-china,Shanghai Sharks,46.0,1346.0,1.0,βρεθηκε: cba-china
P009903,2019,MIL,172.77000000000004,"BILIGHA, PAUL",ονομα,/international/players/paul-biligha-1.html,Paul Biligha,italy-basket-serie-a,Umana Reyer Venezia,29.0,349.0,1.0,βρεθηκε: italy-basket-serie-a
P009902,2019,MIL,190.72999999999996,"MACK, SHELVIN",ονομα,/players/m/macksh01.html,Shelvin Mack,NBA,2TM,57.0,1246.0,1.0,βρεθηκε: NBA
P006435,2019,MAD,312.1,"LAPROVITTOLA, NICOLAS",ονομα,/international/players/nicolas-laprovittola-1.html,Nicolas Laprovittola,spain-liga-acb,Divina Seguros Joventut,34.0,1041.0,1.0,βρεθηκε: spain-liga-acb
P007630,2019,MAD,166.91999999999996,"GARUBA, USMAN",ονομα,/international/players/usman-garuba-1.html,Usman Garuba,spain-liga-acb,Real Madrid,2.0,17.0,1.0,βρεθηκε: spain-liga-acb
P007632,2019,MAD,11.9,"NAKIC, MARIO",—,,,,,,,,νεαρος (≤21)
P005196,2019,MAD,29.29,"MEJRI, SALAH",ονομα,/players/m/mejrisa01.html,Salah Mejri,NBA,DAL,36.0,399.0,1.0,βρεθηκε: NBA
P009733,2019,ASV,644.19,"JEKIRI, TONYE",—,,,,,,,,αγνωστο (LKL/BBL/VTB/αλλο)
P010355,2019,ASV,49.489999999999995,"BERRY, DAVION",ονομα,/international/players/davion-berry-1.html,Davion Berry,greek-basket-league,Panionios,23.0,811.0,1.0,βρεθηκε: greek-basket-league
P005553,2019,ASV,354.6800000000001,"LOMAZS, RIHARDS",—,,,,,,,,αγνωστο (LKL/BBL/VTB/αλλο)
P010357,2019,ASV,46.18,"YABUSELE, GUERSCHON",ονομα,/players/y/yabusgu01.html,Guerschon Yabusele,NBA,BOS,41.0,251.0,2.0,βρεθηκε: NBA
P008099,2019,ASV,221.54000000000002,"STRAZEL, MATTHEW",—,,,,,,,,νεαρος (≤21)
P004655,2019,ASV,264.02000000000004,"BAKO, ISMAEL",—,,,,,,,,αγνωστο (LKL/BBL/VTB/αλλο)
P008348,2019,ASV,237.82999999999998,"PAYNE, ADREIAN",ονομα,/international/players/adreian-payne-1.html,Adreian Payne,cba-china,Nanjing Monkey Kings,8.0,221.0,3.0,βρεθηκε: cba-china
P003367,2019,PAN,489.4599999999999,"RICE, TYRESE",—,,,,,,,,αγνωστο (LKL/BBL/VTB/αλλο)
P010150,2019,PAN,69.38,"RAUTINS, ANDREW JAY",—,,,,,,,,αγνωστο (LKL/BBL/VTB/αλλο)
P009816,2019,PAN,440.07,"JOHNSON, WESLEY",ονομα,/players/j/johnswe01.html,Wesley Johnson,NBA,2TM,38.0,534.0,1.0,βρεθηκε: NBA
P009842,2019,PAN,574.92,"FREDETTE, JIMMER",ονομα,/international/players/jimmer-fredette-1.html,Jimmer Fredette,cba-china,Shanghai Sharks,43.0,1729.0,2.0,βρεθηκε: cba-china
P009818,2019,PAN,207.82999999999998,"BENTIL, BENJAMIN",επωνυμο+αρχικο,/international/players/ben-bentil-1.html,Ben Bentil,greek-basket-league,Peristeri Vikos Cola,26.0,574.0,1.0,βρεθηκε: greek-basket-league
P009817,2019,PAN,16.58,"BROWN, RION",ονομα,/international/players/rion-brown-1.html,Rion Brown,greek-basket-league,Promitheas Patras,25.0,670.0,1.0,βρεθηκε: greek-basket-league
P007869,2019,CSK,189.38,"SANT-ROOS, HOWARD",ονομα,/international/players/howard-sant-roos-1.html,Howard Sant-Roos,greek-basket-league,AEK Athens,24.0,634.0,1.0,βρεθηκε: greek-basket-league
P009766,2019,CSK,163.38000000000002,"KOUFOS, KOSTA",ονομα,/players/k/koufoko01.html,Kosta Koufos,NBA,SAC,42.0,502.0,1.0,βρεθηκε: NBA
P009767,2019,CSK,299.84000000000003,"BAKER, RON",ονομα,/players/b/bakerro01.html,Ron Baker,NBA,2TM,15.0,152.0,1.0,βρεθηκε: NBA
P005154,2019,DYR,421.08000000000004,"IVERSON, COLTON",ονομα,/international/players/colton-iverson-1.html,Colton Iverson,spain-liga-acb,Iberostar Tenerife,34.0,804.0,1.0,βρεθηκε: spain-liga-acb
P009917,2019,DYR,617.87,"HOLLINS, AUSTIN JAMES",—,,,,,,,,αγνωστο (LKL/BBL/VTB/αλλο)
P005199,2019,DYR,490.2800000000001,"ABROMAITIS, TIM",ονομα,/international/players/tim-abromaitis-1.html,Tim Abromaitis,spain-liga-acb,Iberostar Tenerife,34.0,906.0,1.0,βρεθηκε: spain-liga-acb
P007581,2019,DYR,10.760000000000002,"BALASHOV, SERGEI",επωνυμο+αρχικο,/international/players/sergey-balashov-1.html,Sergey Balashov,eurocup,Zenit Saint Petersburg,3.0,9.0,1.0,βρεθηκε: eurocup
P003370,2019,DYR,110.13,"PUSHKOV, ANTON",ονομα,/international/players/anton-pushkov-1.html,Anton Pushkov,eurocup,Zenit Saint Petersburg,12.0,85.0,1.0,βρεθηκε: eurocup
P006713,2019,DYR,0.43,"SHEVCHUK, KONSTANTIN",—,,,,,,,,νεαρος (≤21)
P002429,2019,ZAL,386.67999999999995,"RIVERS, K.C.",ονομα,/international/players/kc-rivers-1.html,K.C. Rivers,italy-basket-serie-a,Grissin Bon Reggio Emilia,10.0,302.0,1.0,βρεθηκε: italy-basket-serie-a
P009753,2019,ZAL,162.68,"GEBEN, MARTINAS",—,,,,,,,,αγνωστο (LKL/BBL/VTB/αλλο)
P006158,2019,ZAL,16.369999999999997,"LUKOSIUNAS, KAROLIS",—,,,,,,,,αγνωστο (LKL/BBL/VTB/αλλο)
P009752,2019,ZAL,75.53999999999999,"PEREZ, ALEX",—,,,,,,,,αγνωστο (LKL/BBL/VTB/αλλο)
P009328,2019,ZAL,2.15,"KRIISA, KERR",—,,,,,,,,νεαρος (≤21)
P007200,2018,IST,747.7099999999999,"LARKIN, SHANE",ονομα,/players/l/larkish01.html,Shane Larkin,NBA,BOS,54.0,775.0,1.0,βρεθηκε: NBA
P002968,2018,IST,31.86,"SANLI, SERTAC",—,,,,,,,,αγνωστο (LKL/BBL/VTB/αλλο)
P002925,2018,IST,49.849999999999994,"TUNCER, BUGRAHAN",—,,,,,,,,αγνωστο (LKL/BBL/VTB/αλλο)
P003091,2018,IST,35.54,"BIRSEN, METECAN",—,,,,,,,,αγνωστο (LKL/BBL/VTB/αλλο)
P009035,2018,CSK,262.21,"BOLOMBOY, JOEL",ονομα,/gleague/players/b/bolomjo01d.html,Joel Bolomboy,gleague,WIS,30.0,997.0,2.0,βρεθηκε: gleague
P008829,2018,CSK,585.0799999999999,"PETERS, ALEC",ονομα,/gleague/players/p/peteral01d.html,Alec Peters,gleague,NAS,35.0,1188.0,2.0,βρεθηκε: gleague
P008995,2018,CSK,71.58,"UKHOV, IVAN",—,,,,,,,,αγνωστο (LKL/BBL/VTB/αλλο)
P006710,2018,CSK,1.52,"KHOMENKO, ALEXANDER",—,,,,,,,,νεαρος (≤21)
P006135,2018,CSK,4.72,"LOPATIN, ANDREI",—,,,,,,,,νεαρος (≤21)
P006961,2018,ULK,45.910000000000004,"BIBEROVIC, TARIK",—,,,,,,,,νεαρος (≤21)
P004194,2018,ULK,396.48999999999995,"LAUVERGNE, JOFFREY",ονομα,/players/l/lauvejo01.html,Joffrey Lauvergne,NBA,SAS,55.0,534.0,1.0,βρεθηκε: NBA
P007497,2018,ULK,1.03,"TIRPANCI, ERGI",—,,,,,,,,νεαρος (≤21)
P008858,2018,ULK,30.54,"ENNIS, TYLER",ονομα,/players/e/ennisty01.html,Tyler Ennis,NBA,LAL,54.0,683.0,1.0,βρεθηκε: NBA
P009005,2018,MAD,455.96,"DECK, GABRIEL",—,,,,,,,,αγνωστο (LKL/BBL/VTB/αλλο)
P007634,2018,MAD,8.55,"PANTZAR, MELWIN",—,,,,,,,,νεαρος (≤21)
P007109,2018,BAR,162.18000000000004,"SMITS, ROLANDS",ονομα,/international/players/rolands-smits-1.html,Rolands Šmits,spain-liga-acb,Montakit Fuenlabrada,34.0,864.0,1.0,βρεθηκε: spain-liga-acb
P004834,2018,BAR,72.66000000000001,"PUSTOVYI, ARTEM",ονομα,/international/players/artem-pustovyi-1.html,Artem Pustovyi,spain-liga-acb,Monbus Obradoiro,34.0,879.0,1.0,βρεθηκε: spain-liga-acb
P009298,2018,BAS,129.71,"JONES, JALEN",ονομα,/gleague/players/j/jonesja02d.html,Jalen Jones,gleague,TOT,32.0,1005.0,2.0,βρεθηκε: gleague
P008989,2018,BAS,699.2899999999998,"HILLIARD, DARRUN",ονομα,/gleague/players/h/hillida01d.html,Darrun Hilliard,gleague,AUS,36.0,1023.0,2.0,βρεθηκε: gleague
P007230,2018,BAS,5.76,"SEDEKERSKIS, TADAS",ονομα,/international/players/tadas-sedekerskis-1.html,Tadas Sedekerskis,spain-liga-acb,San Pablo Burgos,8.0,85.0,1.0,βρεθηκε: spain-liga-acb
P005415,2018,BAS,13.32,"PENAVA, AJDIN",ονομα,ncaa:41167,Ajdin Penava,ncaa,Marshall,33.0,99.54285,1.0,βρεθηκε: ncaa
P003453,2018,ZAL,234.09,"THOMPSON, DEON",ονομα,/international/players/deon-thompson-1.html,Deon Thompson,spain-liga-acb,San Pablo Burgos,34.0,926.0,1.0,βρεθηκε: spain-liga-acb
P006555,2018,ZAL,641.8300000000002,"WOLTERS, NATE",ονομα,/gleague/players/w/woltena01d.html,Nate Wolters,gleague,SLC,13.0,453.0,3.0,βρεθηκε: gleague
P008855,2018,ZAL,573.17,"WALKUP, THOMAS",—,,,,,,,,αγνωστο (LKL/BBL/VTB/αλλο)
P007519,2018,ZAL,69.77000000000001,"JOKUBAITIS, ROKAS",—,,,,,,,,νεαρος (≤21)
P006900,2018,ZAL,25.359999999999996,"ULECKAS, LUKAS",—,,,,,,,,νεαρος (≤21)
P007524,2018,ZAL,12.93,"VENSKUS, ERIKAS",—,,,,,,,,νεαρος (≤21)
P009022,2018,ZAL,215.51999999999998,"WALTON JR, DERRICK",ονομα,/gleague/players/w/waltode01d.html,Derrick Walton Jr.,gleague,SXF,27.0,876.0,2.0,βρεθηκε: gleague
P005504,2018,ZAL,117.14000000000001,"BIRUTIS, LAURYNAS",—,,,,,,,,νεαρος (≤21)
P008856,2018,ZAL,1.21,"SABECKIS, DONATAS",—,,,,,,,,αγνωστο (LKL/BBL/VTB/αλλο)
P001887,2018,PAN,496.6,"LANGFORD, KEITH",ονομα,/international/players/keith-langford-1.html,Keith Langford,cba-china,Shenzhen Leopards,24.0,633.0,1.0,βρεθηκε: cba-china
P005844,2018,PAN,316.58,"PAPAGIANNIS, GEORGIOS",ονομα,/gleague/players/p/papagge01d.html,Georgios Papagiannis,gleague,REN,10.0,271.0,2.0,βρεθηκε: gleague
P009227,2018,PAN,318.35999999999996,"KILPATRICK, SEAN",ονομα,/players/k/kilpase01.html,Sean Kilpatrick,NBA,4TM,52.0,640.0,1.0,βρεθηκε: NBA
P009473,2018,KHI,89.11000000000001,"HARRISON, ANDREW",ονομα,/players/h/harrian01.html,Andrew Harrison,NBA,MEM,56.0,1326.0,1.0,βρεθηκε: NBA
P008847,2018,KHI,611.47,"MICKEY, JORDAN",ονομα,/players/m/mickejo01.html,Jordan Mickey,NBA,MIA,23.0,284.0,1.0,βρεθηκε: NBA
PKLS,2018,KHI,105.05,"GUBANOV, PETR",—,,,,,,,,αγνωστο (LKL/BBL/VTB/αλλο)
P004264,2018,KHI,522.2400000000001,"BOST, DEE",ονομα,/international/players/dee-bost-1.html,Dee Bost,france-lnb-pro-a,SIG Strasbourg,19.0,530.0,1.0,βρεθηκε: france-lnb-pro-a
P009037,2018,KHI,162.42,"GREEN, GARLON",—,,,,,,,,αγνωστο (LKL/BBL/VTB/αλλο)
P004628,2018,KHI,0.28,"YAKUSHIN, TIMOFEY",—,,,,,,,,νεαρος (≤21)
P009449,2018,OLY,194.15000000000003,"WEBER, BRIANTE",ονομα,/gleague/players/w/weberbr01d.html,Briante Weber,gleague,TOT,28.0,962.0,2.0,βρεθηκε: gleague
P008232,2018,OLY,4.85,"POKUSEVSKI, ALEKSEJ",—,,,,,,,,νεαρος (≤21)
P008987,2018,OLY,514.07,"LEDAY, ZACH",—,,,,,,,,αγνωστο (LKL/BBL/VTB/αλλο)
P004096,2018,DAR,124.63,"KOSUT, EMIRCAN",ονομα,/international/players/emircan-kosut-1.html,Emircan Kosut,eurocup,Darüşşafaka Tekfen,9.0,58.0,1.0,βρεθηκε: eurocup
P004094,2018,DAR,254.72000000000006,"DEMIR, BERK",—,,,,,,,,αγνωστο (LKL/BBL/VTB/αλλο)
P006640,2018,DAR,322.8799999999999,"OZDEMIROGLU, DOGUS",ονομα,/international/players/dogus-ozdemiroglu-1.html,Dogus Ozdemiroglu,eurocup,Darüşşafaka Tekfen,13.0,94.0,1.0,βρεθηκε: eurocup
PJPF,2018,DAR,363.7900000000001,"SAVAS, OGUZ",—,,,,,,,,αγνωστο (LKL/BBL/VTB/αλλο)
P004997,2018,DAR,509.74999999999994,"DIEBLER, JON",—,,,,,,,,αγνωστο (LKL/BBL/VTB/αλλο)
P007432,2018,DAR,701.1600000000001,"EVANS, JEREMY",ονομα,/gleague/players/e/evansje01d.html,Jeremy Evans,gleague,HAW,39.0,1195.0,2.0,βρεθηκε: gleague
P007647,2018,DAR,76.15,"AKAY, MERT",—,,,,,,,,νεαρος (≤21)
P007424,2018,DAR,350.15999999999997,"BROWN, MARKEL",ονομα,/gleague/players/b/brownma02d.html,Markel Brown,gleague,TOT,31.0,989.0,2.0,βρεθηκε: gleague
P009006,2018,MUN,753.14,"WILLIAMS, DERRICK",ονομα,/international/players/derrick-williams-1.html,Derrick Williams,cba-china,Tianjin Gold Lions,15.0,447.0,2.0,βρεθηκε: cba-china
P008977,2018,MUN,62.540000000000006,"AMAIZE, ROBIN",—,,,,,,,,αγνωστο (LKL/BBL/VTB/αλλο)
P007057,2018,MUN,62.45,"OGUNSIPE, MARVIN",ονομα,/international/players/marvin-ogunsipe-1.html,Marvin Ogunsipe,eurocup,Bayern Munich,1.0,3.0,1.0,βρεθηκε: eurocup
P009472,2018,CAN,150.47,"WILEY, JACOB",ονομα,/gleague/players/w/wileyja01d.html,Jacob Wiley,gleague,LIN,16.0,329.0,2.0,βρεθηκε: gleague
P007553,2018,CAN,73.72,"BALCEROWSKI, ALEKSANDER",ονομα,/international/players/aleksander-balcerowski-1.html,Aleksander Balcerowski,eurocup,Herbalife Gran Canaria,2.0,7.0,1.0,βρεθηκε: eurocup
P006402,2018,CAN,367.75000000000006,"HANNAH, CLEVIN",ονομα,/international/players/clevin-hannah-1.html,Clevin Hannah,spain-liga-acb,UCAM Murcia,32.0,822.0,1.0,βρεθηκε: spain-liga-acb
PLXL,2018,CAN,270.58,"VENE, SIIM-SANDER",ονομα,/international/players/siim-sander-vene-1.html,Siim Sander Vene,italy-basket-serie-a,Openjobmetis Varese,17.0,397.0,1.0,βρεθηκε: italy-basket-serie-a
P001433,2018,CAN,632.0199999999998,"STRAWBERRY, DJ",—,,,,,,,,αγνωστο (LKL/BBL/VTB/αλλο)
P008072,2018,CAN,7.33,"DIOP, KHALIFA",—,,,,,,,,νεαρος (≤21)
P008796,2018,CAN,107.14,"MAGETTE, JOSH",ονομα,/gleague/players/m/magetjo01d.html,Josh Magette,gleague,HAW,36.0,1252.0,2.0,βρεθηκε: gleague
P007560,2018,CAN,2.73,"KLJAJIC, JOVAN",ονομα,/international/players/jovan-kljajic-1.html,Jovan Kljajic,eurocup,Herbalife Gran Canaria,1.0,1.0,1.0,βρεθηκε: eurocup
P008946,2018,CAN,228.54,"EVANS, CHRISTOPHER",—,,,,,,,,αγνωστο (LKL/BBL/VTB/αλλο)
P002834,2018,TEL,209.78999999999996,"PARGO, JEREMY",ονομα,/international/players/jeremy-pargo-1.html,Jeremy Pargo,cba-china,Nanjing Monkey Kings,20.0,633.0,2.0,βρεθηκε: cba-china
P009004,2018,TEL,703.5400000000001,"O'BRYANT III, JOHNNY",ονομα,/players/o/obryajo01.html,Johnny O'Bryant,NBA,CHO,36.0,379.0,1.0,βρεθηκε: NBA
P005771,2018,TEL,745.6399999999999,"CALOIARO, ANGELO",—,,,,,,,,αγνωστο (LKL/BBL/VTB/αλλο)
P007675,2018,TEL,52.31999999999999,"AVDIJA, DENI",—,,,,,,,,νεαρος (≤21)
P008991,2018,TEL,560.3399999999999,"BLACK, TARIK",ονομα,/players/b/blackta01.html,Tarik Black,NBA,HOU,51.0,536.0,1.0,βρεθηκε: NBA
P009003,2018,TEL,186.59,"RAY, KENDRICK",—,,,,,,,,αγνωστο (LKL/BBL/VTB/αλλο)
P007768,2018,TEL,11.299999999999999,"LEVI, NIMROD",—,,,,,,,,αγνωστο (LKL/BBL/VTB/αλλο)
P009030,2018,TEL,40.25,"SESSIONS, RAMON",ονομα,/players/s/sessira01.html,Ramon Sessions,NBA,2TM,28.0,392.0,1.0,βρεθηκε: NBA
P008857,2018,BUD,798.42,"CLARK, EARL",—,,,,,,,,αγνωστο (LKL/BBL/VTB/αλλο)
P006809,2018,BUD,313.68,"BITADZE, GOGA",—,,,,,,,,νεαρος (≤21)
P009465,2018,BUD,66.36000000000001,"WILLIAMS, DEVIN",ονομα,/gleague/players/w/willide02d.html,Devin Williams,gleague,MAI,45.0,1182.0,1.0,βρεθηκε: gleague
P007050,2018,BUD,636.9300000000001,"CLARKE, COTY",—,,,,,,,,αγνωστο (LKL/BBL/VTB/αλλο)
P009033,2018,BUD,0.7,"ZUGIC, FEDOR",—,,,,,,,,νεαρος (≤21)
P006468,2018,BUD,68.37,"CRAFT, AARON",ονομα,/international/players/aaron-craft-1.html,Aaron Craft,france-lnb-pro-a,AS Monaco Basket,33.0,758.0,1.0,βρεθηκε: france-lnb-pro-a
P005692,2018,MIL,45.569999999999986,"BURNS, CHRISTIAN",ονομα,/international/players/christian-burns-1.html,Christian Burns,italy-basket-serie-a,Red October Cantù,28.0,857.0,1.0,βρεθηκε: italy-basket-serie-a
P001392,2017,MAD,652.71,"CAUSEUR, FABIEN",—,,,,,,,,αγνωστο (LKL/BBL/VTB/αλλο)
P005757,2017,MAD,375.8699999999999,"RANDOLPH, ANTHONY",ονομα,/international/players/anthony-randolph-1.html,Anthony Randolph,spain-liga-acb,Real Madrid,27.0,538.0,1.0,βρεθηκε: spain-liga-acb
PBMT,2017,MAD,599.8799999999999,"FERNANDEZ, RUDY",ονομα,/international/players/rudy-fernandez-1.html,Rudy Fernández,spain-liga-acb,Real Madrid,28.0,591.0,1.0,βρεθηκε: spain-liga-acb
P005929,2017,MAD,854.2500000000001,"DONCIC, LUKA",ονομα,/international/players/luka-doncic-1.html,Luka Dončić,spain-liga-acb,Real Madrid,32.0,638.0,1.0,βρεθηκε: spain-liga-acb
PAAX,2017,MAD,543.61,"REYES, FELIPE",ονομα,/international/players/felipe-reyes-1.html,Felipe Reyes,spain-liga-acb,Real Madrid,32.0,470.0,1.0,βρεθηκε: spain-liga-acb
P005928,2017,MAD,696.4200000000002,"CAMPAZZO, FACUNDO",—,,,,,,,,αγνωστο (LKL/BBL/VTB/αλλο)
P005927,2017,MAD,416.12999999999994,"AYON, GUSTAVO",ονομα,/international/players/gustavo-ayon-1.html,Gustavo Ayon,spain-liga-acb,Real Madrid,28.0,596.0,1.0,βρεθηκε: spain-liga-acb
P001960,2017,MAD,573.6400000000001,"CARROLL, JAYCEE",ονομα,/international/players/jaycee-carroll-1.html,Jaycee Carroll,spain-liga-acb,Real Madrid,31.0,633.0,1.0,βρεθηκε: spain-liga-acb
P005791,2017,MAD,504.68999999999994,"TAVARES, WALTER",ονομα,/gleague/players/t/tavarwa01d.html,Walter Tavares,gleague,RAP,48.0,1134.0,1.0,βρεθηκε: gleague
PTGB,2017,MAD,71.96,"LLULL, SERGIO",ονομα,/international/players/sergio-llull-1.html,Sergio Llull,spain-liga-acb,Real Madrid,30.0,776.0,1.0,βρεθηκε: spain-liga-acb
P005836,2017,MAD,615.6899999999999,"THOMPKINS, TREY",ονομα,/international/players/trey-thompkins-1.html,Trey Thompkins,spain-liga-acb,Real Madrid,6.0,97.0,1.0,βρεθηκε: spain-liga-acb
P006546,2017,MAD,696.1900000000003,"TAYLOR, JEFFERY",ονομα,/international/players/jeffery-taylor-1.html,Jeffery Taylor,spain-liga-acb,Real Madrid,28.0,405.0,1.0,βρεθηκε: spain-liga-acb
P008038,2017,MAD,174.56999999999996,"RANDLE, CHASSON",ονομα,/gleague/players/r/randlch01d.html,Chasson Randle,gleague,TOT,21.0,681.0,2.0,βρεθηκε: gleague
P005368,2017,MAD,110.98000000000002,"YUSTA, SANTI",επωνυμο+αρχικο,/international/players/santiago-yusta-1.html,Santiago Yusta,spain-liga-acb,Rio Natura Monbus Obradoiro,32.0,469.0,1.0,βρεθηκε: spain-liga-acb
PJCC,2017,MAD,283.38,"MACIULIS, JONAS",ονομα,/international/players/jonas-maciulis-1.html,Jonas Maciulis,spain-liga-acb,Real Madrid,27.0,434.0,1.0,βρεθηκε: spain-liga-acb
P006543,2017,MAD,45.419999999999995,"RADONCIC, DINO",ονομα,/international/players/dino-radoncic-1.html,Dino Radončić,spain-liga-acb,Real Madrid,1.0,11.0,1.0,βρεθηκε: spain-liga-acb
P003479,2017,MAD,9.54,"KUZMIC, OGNJEN",—,,,,,,,,αγνωστο (LKL/BBL/VTB/αλλο)
P007998,2017,ULK,575.3299999999999,"THOMPSON, JASON",ονομα,/international/players/jason-thompson-1.html,Jason Thompson,cba-china,Shandong Golden Stars,36.0,1216.0,1.0,βρεθηκε: cba-china
P002849,2017,ULK,953.6300000000001,"MELLI, NICOLO",—,,,,,,,,αγνωστο (LKL/BBL/VTB/αλλο)
P005838,2017,ULK,941.9600000000002,"WANAMAKER, BRAD",—,,,,,,,,αγνωστο (LKL/BBL/VTB/αλλο)
P001926,2017,ULK,868.82,"SLOUKAS, KOSTAS",—,,,,,,,,αγνωστο (LKL/BBL/VTB/αλλο)
P007400,2017,ULK,599.1700000000002,"NUNNALLY, JAMES",—,,,,,,,,αγνωστο (LKL/BBL/VTB/αλλο)
P004004,2017,ULK,597.6,"GUDURIC, MARKO",—,,,,,,,,αγνωστο (LKL/BBL/VTB/αλλο)
P000925,2017,ULK,904.8399999999999,"VESELY, JAN",—,,,,,,,,αγνωστο (LKL/BBL/VTB/αλλο)
P004866,2017,ULK,331.03,"KALINIC, NIKOLA",—,,,,,,,,αγνωστο (LKL/BBL/VTB/αλλο)
P001324,2017,ULK,236.83999999999997,"MUHAMMED, ALI",—,,,,,,,,αγνωστο (LKL/BBL/VTB/αλλο)
P006399,2017,ULK,242.69,"DUVERIOGLU, AHMET",—,,,,,,,,αγνωστο (LKL/BBL/VTB/αλλο)
PCCD,2017,ULK,832.3499999999999,"DATOME, LUIGI",—,,,,,,,,αγνωστο (LKL/BBL/VTB/αλλο)
P002969,2017,ULK,141.94999999999996,"MAHMUTOGLU, MELIH",—,,,,,,,,αγνωστο (LKL/BBL/VTB/αλλο)
PLIM,2017,ULK,2.22,"HERSEK, BARIS",—,,,,,,,,αγνωστο (LKL/BBL/VTB/αλλο)
P005348,2017,ULK,3.17,"ARNA, EGEHAN",—,,,,,,,,νεαρος (≤21)
P000494,2017,ULK,68.45,"GULER, SINAN",—,,,,,,,,αγνωστο (LKL/BBL/VTB/αλλο)
P002100,2017,CSK,825.11,"DE COLO, NANDO",—,,,,,,,,αγνωστο (LKL/BBL/VTB/αλλο)
P006536,2017,CSK,131.9,"RUDD, VICTOR",—,,,,,,,,αγνωστο (LKL/BBL/VTB/αλλο)
PLLH,2017,CSK,228.81999999999996,"FRIDZON, VITALY",—,,,,,,,,αγνωστο (LKL/BBL/VTB/αλλο)
P004941,2017,CSK,465.62999999999994,"ANTONOV, SEMEN",—,,,,,,,,αγνωστο (LKL/BBL/VTB/αλλο)
PCVM,2017,CSK,936.72,"RODRIGUEZ, SERGIO",ονομα,/players/r/rodrise01.html,Sergio Rodríguez,NBA,PHI,68.0,1518.0,1.0,βρεθηκε: NBA
P004888,2017,CSK,953.9799999999999,"CLYBURN, WILL",—,,,,,,,,αγνωστο (LKL/BBL/VTB/αλλο)
P006450,2017,CSK,890.12,"HIGGINS, CORY",—,,,,,,,,αγνωστο (LKL/BBL/VTB/αλλο)
P002276,2017,CSK,46.129999999999995,"KULAGIN, MIKHAIL",—,,,,,,,,αγνωστο (LKL/BBL/VTB/αλλο)
PBCQ,2017,CSK,105.27,"KHRYAPA, VICTOR",—,,,,,,,,αγνωστο (LKL/BBL/VTB/αλλο)
PJLX,2017,CSK,673.27,"KURBANOV, NIKITA",—,,,,,,,,αγνωστο (LKL/BBL/VTB/αλλο)
P002812,2017,CSK,674.35,"HINES, KYLE",—,,,,,,,,αγνωστο (LKL/BBL/VTB/αλλο)
P005160,2017,CSK,579.11,"HUNTER, OTHELLO",ονομα,/international/players/othello-hunter-1.html,Othello Hunter,spain-liga-acb,Real Madrid,30.0,529.0,1.0,βρεθηκε: spain-liga-acb
PLHI,2017,CSK,450.34999999999997,"VORONTSEVICH, ANDREY",—,,,,,,,,αγνωστο (LKL/BBL/VTB/αλλο)
P002543,2017,CSK,228.94,"WESTERMANN, LEO",—,,,,,,,,αγνωστο (LKL/BBL/VTB/αλλο)
P004623,2017,CSK,1.37,"GANKEVICH, ALEXANDER",—,,,,,,,,αγνωστο (LKL/BBL/VTB/αλλο)
P006357,2017,CSK,0.92,"MAKIEV, ALAN",—,,,,,,,,αγνωστο (LKL/BBL/VTB/αλλο)
P003571,2017,CSK,33.32,"KOROBKOV, PAVEL",—,,,,,,,,αγνωστο (LKL/BBL/VTB/αλλο)
P007870,2017,ZAL,625.0299999999999,"DAVIES, BRANDON",ονομα,/international/players/brandon-davies-1.html,Brandon Davies,france-lnb-pro-a,AS Monaco Basket,27.0,555.0,1.0,βρεθηκε: france-lnb-pro-a
P006433,2017,ZAL,993.7000000000003,"PANGOS, KEVIN",—,,,,,,,,αγνωστο (LKL/BBL/VTB/αλλο)
P002582,2017,ZAL,519.9900000000001,"TOUPANE, AXEL",ονομα,/gleague/players/t/toupaax01d.html,Axel Toupane,gleague,RAP,36.0,993.0,2.0,βρεθηκε: gleague
PAGP,2017,ZAL,195.83,"UDRIH, BENO",ονομα,/players/u/udrihbe01.html,Beno Udrih,NBA,DET,39.0,560.0,1.0,βρεθηκε: NBA
PBWI,2017,ZAL,777.8700000000001,"JANKUNAS, PAULIUS",—,,,,,,,,αγνωστο (LKL/BBL/VTB/αλλο)
PKPD,2017,ZAL,806.8300000000002,"MILAKNIS, ARTURAS",—,,,,,,,,αγνωστο (LKL/BBL/VTB/αλλο)
P002580,2017,ZAL,805.6600000000001,"MICIC, VASILIJE",—,,,,,,,,αγνωστο (LKL/BBL/VTB/αλλο)
P006505,2017,ZAL,804.74,"WHITE, AARON",ονομα,/international/players/aaron-white-1.html,Aaron White,eurocup,Zenit Saint Petersburg,16.0,378.0,1.0,βρεθηκε: eurocup
P000399,2017,ZAL,461.63999999999993,"KAVALIAUSKAS, ANTANAS",—,,,,,,,,αγνωστο (LKL/BBL/VTB/αλλο)
P002329,2017,ZAL,950.5099999999999,"ULANOVAS, EDGARAS",—,,,,,,,,αγνωστο (LKL/BBL/VTB/αλλο)
P005519,2017,ZAL,36.09,"SAJUS, MARTYNAS",—,,,,,,,,νεαρος (≤21)
P004664,2017,ZAL,223.28,"VALINSKAS, PAULIUS",—,,,,,,,,αγνωστο (LKL/BBL/VTB/αλλο)
P006183,2017,ZAL,38.34,"MASIULIS, GYTIS",—,,,,,,,,νεαρος (≤21)
P007516,2017,ZAL,13.379999999999999,"ARLAUSKAS, MARTYNAS",—,,,,,,,,νεαρος (≤21)
P004264,2017,ZAL,47.11,"BOST, DEE",ονομα,/international/players/dee-bost-1.html,Dee Bost,france-lnb-pro-a,AS Monaco Basket,34.0,864.0,1.0,βρεθηκε: france-lnb-pro-a
P006614,2017,PAN,1026.67,"SINGLETON, CHRIS",ονομα,/international/players/chris-singleton-1.html,Chris Singleton,greek-basket-league,Panathinaikos Superfoods,25.0,559.0,1.0,βρεθηκε: greek-basket-league
P002429,2017,PAN,725.1899999999999,"RIVERS, K.C.",ονομα,/international/players/kc-rivers-1.html,K.C. Rivers,greek-basket-league,Panathinaikos Superfoods,23.0,450.0,1.0,βρεθηκε: greek-basket-league
P005985,2017,PAN,305.25,"JAMES, MIKE",ονομα,/international/players/mike-james-1.html,Mike James,greek-basket-league,Panathinaikos Superfoods,16.0,335.0,1.0,βρεθηκε: greek-basket-league
P008348,2017,PAN,118.91000000000003,"PAYNE, ADREIAN",ονομα,/players/p/paynead01.html,Adreian Payne,NBA,MIN,18.0,135.0,1.0,βρεθηκε: NBA
P000464,2017,PAN,562.1000000000001,"PAPPAS, NIKOS",ονομα,/international/players/nikos-pappas-1.html,Nikos Pappas,greek-basket-league,Panathinaikos Superfoods,25.0,445.0,1.0,βρεθηκε: greek-basket-league
P004195,2017,PAN,367.48,"DENMON, MARCUS",—,,,,,,,,αγνωστο (LKL/BBL/VTB/αλλο)
P002980,2017,PAN,862.93,"GIST, JAMES",ονομα,/international/players/james-gist-1.html,James Gist,greek-basket-league,Panathinaikos Superfoods,12.0,202.0,1.0,βρεθηκε: greek-basket-league
PTFX,2017,PAN,269.50999999999993,"VOUGIOUKAS, IAN",—,,,,,,,,αγνωστο (LKL/BBL/VTB/αλλο)
P005881,2017,PAN,372.93999999999994,"GABRIEL, KENNY",ονομα,/international/players/kenny-gabriel-1.html,Kenny Gabriel,greek-basket-league,Panathinaikos Superfoods,13.0,220.0,2.0,βρεθηκε: greek-basket-league
P003608,2017,PAN,504.7800000000001,"LOJESKI, MATT",ονομα,/international/players/matt-lojeski-1.html,Matt Lojeski,greek-basket-league,Olympiacos,20.0,454.0,1.0,βρεθηκε: greek-basket-league
P001932,2017,PAN,897.55,"CALATHES, NICK",ονομα,/international/players/nick-calathes-1.html,Nick Calathes,greek-basket-league,Panathinaikos Superfoods,26.0,552.0,1.0,βρεθηκε: greek-basket-league
P007865,2017,PAN,374.6999999999999,"ANTETOKOUNMPO, ATHANASIOS",—,,,,,,,,αγνωστο (LKL/BBL/VTB/αλλο)
P003210,2017,PAN,392.86000000000007,"LEKAVICIUS, LUKAS",—,,,,,,,,αγνωστο (LKL/BBL/VTB/αλλο)
P007948,2017,PAN,81.3,"AUGUSTE, ZACH",—,,,,,,,,αγνωστο (LKL/BBL/VTB/αλλο)
P007866,2017,PAN,12.44,"MITOGLOU, KONSTANTINOS",—,,,,,,,,νεαρος (≤21)
P006586,2017,PAN,0.37,"KALAITZAKIS, GEORGIOS",—,,,,,,,,νεαρος (≤21)
P008003,2017,KHI,286.25000000000006,"ROBINSON, THOMAS",ονομα,/players/r/robinth01.html,Thomas Robinson,NBA,LAL,48.0,560.0,1.0,βρεθηκε: NBA
PKVZ,2017,KHI,1097.1699999999998,"SHVED, ALEXEY",ονομα,/international/players/alexey-shved-1.html,Alexey Shved,eurocup,Khimki,14.0,439.0,1.0,βρεθηκε: eurocup
P005800,2017,KHI,359.96999999999997,"HONEYCUTT, TYLER",—,,,,,,,,αγνωστο (LKL/BBL/VTB/αλλο)
PBGV,2017,KHI,348.14,"VIALTSEV, EGOR",—,,,,,,,,αγνωστο (LKL/BBL/VTB/αλλο)
PLME,2017,KHI,782.1899999999999,"MARKOVIC, STEFAN",ονομα,/international/players/stefan-markovic-1.html,Stefan Markovic,eurocup,Zenit Saint Petersburg,14.0,429.0,1.0,βρεθηκε: eurocup
PBFX,2017,KHI,398.85999999999996,"MONIA, SERGEY",επωνυμο+αρχικο,/international/players/sergei-monia-1.html,Sergei Monia,eurocup,Khimki,15.0,338.0,1.0,βρεθηκε: eurocup
P008001,2017,KHI,829.4500000000003,"GILL, ANTHONY",—,,,,,,,,αγνωστο (LKL/BBL/VTB/αλλο)
P001612,2017,KHI,282.05999999999995,"TODOROVIC, MARKO",ονομα,/international/players/marko-todorovic-1.html,Marko Todorovic,eurocup,Khimki,16.0,310.0,1.0,βρεθηκε: eurocup
P005938,2017,KHI,674.6800000000002,"ANDERSON, JAMES",—,,,,,,,,αγνωστο (LKL/BBL/VTB/αλλο)
P005014,2017,KHI,726.8000000000001,"JENKINS, CHARLES",—,,,,,,,,αγνωστο (LKL/BBL/VTB/αλλο)
P004251,2017,KHI,726.6300000000001,"THOMAS, MALCOLM",ονομα,/international/players/malcolm-thomas-1.html,Malcolm Thomas,cba-china,Jilin Northeast Tigers,37.0,1379.0,1.0,βρεθηκε: cba-china
P001792,2017,KHI,103.71000000000001,"ZAYTSEV, VYACHESLAV",ονομα,/international/players/viacheslav-zaytsev-1.html,Vyacheslav Zaytsev,eurocup,Khimki,16.0,231.0,1.0,βρεθηκε: eurocup
P003573,2017,KHI,154.36,"ZUBKOV, ANDREY",ονομα,/international/players/andrey-zubkov-1.html,Andrey Zubkov,eurocup,Lokomotiv Kuban,17.0,387.0,1.0,βρεθηκε: eurocup
PLTF,2017,KHI,6.47,"SOKOLOV, DMITRY",επωνυμο+αρχικο,/international/players/dimitri-sokolov-1.html,Dimitri Sokolov,eurocup,Khimki,15.0,168.0,1.0,βρεθηκε: eurocup
P007947,2017,BAS,317.21000000000004,"VILDOZA, LUCA",—,,,,,,,,αγνωστο (LKL/BBL/VTB/αλλο)
P005718,2017,BAS,752.0300000000001,"TIMMA, JANIS",ονομα,/international/players/janis-timma-1.html,Janis Timma,eurocup,Zenit Saint Petersburg,13.0,377.0,1.0,βρεθηκε: eurocup
P007201,2017,BAS,720.83,"VOIGTMANN, JOHANNES",ονομα,/international/players/johannes-voigtmann-1.html,Johannes Voigtmann,spain-liga-acb,Baskonia,32.0,715.0,1.0,βρεθηκε: spain-liga-acb
PJUJ,2017,BAS,480.73999999999995,"HUERTAS, MARCELINHO",—,,,,,,,,αγνωστο (LKL/BBL/VTB/αλλο)
P006590,2017,BAS,703.2199999999998,"BEAUBOIS, RODRIGUE",ονομα,/international/players/rodrigue-beaubois-1.html,Rodrigue Beaubois,spain-liga-acb,Baskonia,26.0,573.0,1.0,βρεθηκε: spain-liga-acb
P004165,2017,BAS,759.1399999999999,"JANNING, MATT",ονομα,/international/players/matt-janning-1.html,Matt Janning,eurocup,Lokomotiv Kuban,17.0,434.0,1.0,βρεθηκε: eurocup
P003540,2017,BAS,237.85,"DIOP, ILIMANE",ονομα,/international/players/ilimane-diop-1.html,Ilimane Diop,spain-liga-acb,Baskonia,28.0,394.0,1.0,βρεθηκε: spain-liga-acb
P003024,2017,BAS,672.17,"GRANGER, JAYSON",—,,,,,,,,αγνωστο (LKL/BBL/VTB/αλλο)
P004887,2017,BAS,609.3700000000001,"POIRIER, VINCENT",ονομα,/international/players/vincent-poirier-1.html,Vincent Poirier,france-lnb-pro-a,Paris-Levallois Basket,34.0,836.0,1.0,βρεθηκε: france-lnb-pro-a
P001133,2017,BAS,842.2300000000001,"SHENGELIA, TORNIKE",ονομα,/international/players/tornike-shengelia-1.html,Tornike Shengelia,spain-liga-acb,Baskonia,24.0,532.0,1.0,βρεθηκε: spain-liga-acb
P007994,2017,BAS,347.36999999999995,"GARINO, PATRICIO",ονομα,/gleague/players/g/garinpa01d.html,Patricio Garino,gleague,AUS,49.0,1429.0,2.0,βρεθηκε: gleague
P004185,2017,BAS,131.15,"MALMANIS, RINALDS",—,,,,,,,,νεαρος (≤21)
P007995,2017,BAS,5.73,"MARTINEZ, IVAN",—,,,,,,,,αγνωστο (LKL/BBL/VTB/αλλο)
P007185,2017,BAS,157.22,"JONES, KEVIN",ονομα,/international/players/kevin-jones-1.html,Kevin Jones,eurocup,Lokomotiv Kuban,16.0,397.0,1.0,βρεθηκε: eurocup
P008032,2017,BAS,7.9,"GONZALEZ, MIGUEL",—,,,,,,,,νεαρος (≤21)
P007996,2017,BAS,45.879999999999995,"MCRAE, JORDAN",ονομα,/players/m/mcraejo01.html,Jordan McRae,NBA,CLE,37.0,384.0,1.0,βρεθηκε: NBA
PBCV,2017,BAS,10.0,"DELFINO, CARLOS",—,,,,,,,,αγνωστο (LKL/BBL/VTB/αλλο)
P004418,2017,OLY,573.14,"MCLEAN, JAMEL",ονομα,/international/players/jamel-mclean-1.html,Jamel McLean,italy-basket-serie-a,EA7 Emporio Armani Milano,29.0,585.0,1.0,βρεθηκε: italy-basket-serie-a
P005161,2017,OLY,681.56,"PAPAPETROU, IOANNIS",ονομα,/international/players/ioannis-papapetrou-1.html,Ioannis Papapetrou,greek-basket-league,Olympiacos,25.0,471.0,1.0,βρεθηκε: greek-basket-league
PJUO,2017,OLY,629.9199999999998,"SPANOULIS, VASSILIS",ονομα,/international/players/vassilis-spanoulis-1.html,Vassilis Spanoulis,greek-basket-league,Olympiacos,18.0,370.0,1.0,βρεθηκε: greek-basket-league
P003941,2017,OLY,630.25,"MILUTINOV, NIKOLA",ονομα,/international/players/nikola-milutinov-1.html,Nikola Milutinov,greek-basket-league,Olympiacos,24.0,344.0,1.0,βρεθηκε: greek-basket-league
P000046,2017,OLY,675.26,"STRELNIEKS, JANIS",—,,,,,,,,αγνωστο (LKL/BBL/VTB/αλλο)
P002744,2017,OLY,161.45999999999998,"TILLIE, KIM",ονομα,/international/players/kim-tillie-1.html,Kim Tillie,spain-liga-acb,Baskonia,30.0,584.0,1.0,βρεθηκε: spain-liga-acb
P001255,2017,OLY,674.5800000000002,"PAPANIKOLAOU, KOSTAS",ονομα,/international/players/kostas-papanikolaou-1.html,Kostas Papanikolaou,greek-basket-league,Olympiacos,24.0,489.0,1.0,βρεθηκε: greek-basket-league
P003537,2017,OLY,612.5799999999999,"MANTZARIS, VANGELIS",ονομα,/international/players/vangelis-mantzaris-1.html,Vangelis Mantzaris,greek-basket-league,Olympiacos,25.0,503.0,1.0,βρεθηκε: greek-basket-league
P002091,2017,OLY,591.21,"ROBERTS, BRIAN",ονομα,/players/r/roberbr01.html,Brian Roberts,NBA,CHO,41.0,416.0,1.0,βρεθηκε: NBA
P008052,2017,OLY,231.52,"WILTJER, KYLE",ονομα,/gleague/players/w/wiltjky01d.html,Kyle Wiltjer,gleague,RGV,22.0,789.0,2.0,βρεθηκε: gleague
P000129,2017,OLY,87.97999999999999,"BROWN, BOBBY",ονομα,/players/b/brownbo02.html,Bobby Brown,NBA,HOU,25.0,123.0,1.0,βρεθηκε: NBA
PAMM,2017,OLY,716.5500000000001,"PRINTEZIS, GEORGIOS",επωνυμο+αρχικο,/international/players/giorgos-printezis-1.html,Giorgos Printezis,greek-basket-league,Olympiacos,23.0,457.0,1.0,βρεθηκε: greek-basket-league
P001933,2017,OLY,118.14,"BOGRIS, GEORGIOS",επωνυμο+αρχικο,/international/players/giorgos-bogris-1.html,Giorgos Bogris,spain-liga-acb,Iberostar Tenerife,32.0,627.0,1.0,βρεθηκε: spain-liga-acb
P008014,2017,OLY,423.13000000000005,"THOMPSON, HOLLIS",ονομα,/players/t/thompho01.html,Hollis Thompson,NBA,2TM,40.0,752.0,2.0,βρεθηκε: NBA
P004292,2017,OLY,52.91,"TOLIOPOULOS, VASSILIS",ονομα,/international/players/vasileios-toliopoulos-1.html,Vassilis Toliopoulos,greek-basket-league,Olympiacos,11.0,69.0,1.0,βρεθηκε: greek-basket-league
P004429,2017,OLY,90.75,"AGRAVANIS, DIMITRIOS",ονομα,/international/players/dimitris-agravanis-1.html,Dimitrios Agravanis,greek-basket-league,Olympiacos,23.0,265.0,1.0,βρεθηκε: greek-basket-league
P001844,2017,BAM,623.46,"HACKETT, DANIEL",ονομα,/international/players/daniel-hackett-1.html,Daniel Hackett,greek-basket-league,Olympiacos,9.0,147.0,1.0,βρεθηκε: greek-basket-league
P008049,2017,BAM,695.8299999999999,"WRIGHT, DORELL",—,,,,,,,,αγνωστο (LKL/BBL/VTB/αλλο)
PABN,2017,BAM,604.3599999999999,"ZISIS, NIKOS",—,,,,,,,,αγνωστο (LKL/BBL/VTB/αλλο)
P003703,2017,BAM,354.54999999999995,"NIKOLIC, ALEKSEJ",—,,,,,,,,αγνωστο (LKL/BBL/VTB/αλλο)
P002506,2017,BAM,290.36,"STAIGER, LUCCA",—,,,,,,,,αγνωστο (LKL/BBL/VTB/αλλο)
P002553,2017,BAM,219.49000000000004,"MITROVIC, LUKA",—,,,,,,,,αγνωστο (LKL/BBL/VTB/αλλο)
P007032,2017,BAM,502.41,"LO, MAODO",—,,,,,,,,αγνωστο (LKL/BBL/VTB/αλλο)
P006919,2017,BAM,114.7,"OLINDE, LOUIS",—,,,,,,,,νεαρος (≤21)
P006477,2017,BAM,651.3899999999999,"RUBIT, AUGUSTINE",ονομα,/international/players/augustin-rubit-1.html,Augustine Rubit,eurocup,ratiopharm Ulm,12.0,244.0,1.0,βρεθηκε: eurocup
PLUR,2017,BAM,298.24000000000007,"MUSLI, DEJAN",ονομα,/international/players/dejan-musli-1.html,Dejan Musli,spain-liga-acb,Unicaja,28.0,601.0,2.0,βρεθηκε: spain-liga-acb
PLEM,2017,BAM,579.21,"RADOSEVIC, LEON",—,,,,,,,,αγνωστο (LKL/BBL/VTB/αλλο)
P004159,2017,BAM,667.87,"HICKMAN, RICKY",ονομα,/international/players/ricky-hickman-1.html,Ricky Hickman,italy-basket-serie-a,EA7 Emporio Armani Milano,25.0,594.0,1.0,βρεθηκε: italy-basket-serie-a
P008062,2017,BAM,2.32,"MCDOWELL-WHITE, WILLIAM",ονομα,/international/players/william-mcdowell-white-1.html,William McDowell-White,nbl-australia,Sydney Kings,6.0,60.0,1.0,βρεθηκε: nbl-australia
P008042,2017,BAM,1.13,"EDIGIN, EDDY",—,,,,,,,,αγνωστο (LKL/BBL/VTB/αλλο)
P006420,2017,BAM,155.67,"HECKMANN, PATRICK",—,,,,,,,,αγνωστο (LKL/BBL/VTB/αλλο)
P001988,2017,BAM,239.06,"TAYLOR, BRYCE",ονομα,/international/players/bryce-taylor-1.html,Bryce Taylor,eurocup,Bayern Munich,17.0,366.0,1.0,βρεθηκε: eurocup
P005856,2017,PAM,708.1100000000001,"THOMAS, WILL",ονομα,/international/players/will-thomas-1.html,Will Thomas,spain-liga-acb,Valencia Basket,32.0,607.0,2.0,βρεθηκε: spain-liga-acb
P005458,2017,PAM,103.83,"GARCIA, SERGI",ονομα,/international/players/sergi-garcia-1.html,Sergi Garcia,spain-liga-acb,Tecnyconta Zaragoza,28.0,457.0,1.0,βρεθηκε: spain-liga-acb
P003733,2017,PAM,478.5199999999999,"ABALDE, ALBERTO",ονομα,/international/players/alberto-abalde-1.html,Alberto Abalde,spain-liga-acb,Divina Seguros Joventut,31.0,741.0,1.0,βρεθηκε: spain-liga-acb
PLRQ,2017,PAM,518.11,"VAN ROSSOM, SAM",ονομα,/international/players/sam-van-rossom-1.html,Sam Van Rossom,spain-liga-acb,Valencia Basket,28.0,422.0,2.0,βρεθηκε: spain-liga-acb
P002742,2017,PAM,485.27000000000004,"DUBLJEVIC, BOJAN",ονομα,/international/players/bojan-dubljevic-1.html,Bojan Dubljevic,spain-liga-acb,Valencia Basket,28.0,598.0,2.0,βρεθηκε: spain-liga-acb
P001351,2017,PAM,446.8699999999999,"MARTINEZ, RAFA",επωνυμο+αρχικο,/international/players/rafael-martinez-1.html,Rafael Martinez,spain-liga-acb,Valencia Basket,32.0,652.0,2.0,βρεθηκε: spain-liga-acb
PLHK,2017,PAM,558.21,"PLEISS, TIBOR",—,,,,,,,,αγνωστο (LKL/BBL/VTB/αλλο)
P004259,2017,PAM,32.76,"WILLIAMS, LATAVIOUS",—,,,,,,,,αγνωστο (LKL/BBL/VTB/αλλο)
P002936,2017,PAM,379.36,"SASTRE, JOAN",ονομα,/international/players/joan-sastre-1.html,Joan Sastre,spain-liga-acb,Valencia Basket,29.0,589.0,2.0,βρεθηκε: spain-liga-acb
P005159,2017,PAM,686.3599999999998,"GREEN, ERICK",ονομα,/international/players/erick-green-1.html,Erick Green,greek-basket-league,Olympiacos,23.0,505.0,1.0,βρεθηκε: greek-basket-league
P002763,2017,PAM,667.5400000000001,"DOORNEKAMP, AARON",ονομα,/international/players/aaron-doornekamp-1.html,Aaron Doornekamp,spain-liga-acb,Iberostar Tenerife,32.0,824.0,1.0,βρεθηκε: spain-liga-acb
P000518,2017,PAM,440.19,"SAN EMETERIO, FERNANDO",ονομα,/international/players/fernando-san-emeterio-1.html,Fernando San Emeterio,spain-liga-acb,Valencia Basket,32.0,716.0,2.0,βρεθηκε: spain-liga-acb
P008041,2017,PAM,89.32999999999998,"HLINASON, TRYGGVI",—,,,,,,,,νεαρος (≤21)
P002361,2017,PAM,295.32000000000005,"VIVES, GUILLEM",ονομα,/international/players/guillem-vives-1.html,Guillem Vives,spain-liga-acb,Valencia Basket,30.0,428.0,2.0,βρεθηκε: spain-liga-acb
P006643,2017,PAM,32.28,"PUERTO, JOSEP",ονομα,/international/players/josep-puerto-1.html,Josep Puerto,spain-liga-acb,Valencia Basket,2.0,8.0,2.0,βρεθηκε: spain-liga-acb
PJZH,2017,PAM,127.72999999999999,"RUDEZ, DAMJAN",ονομα,/players/r/rudezda01.html,Damjan Rudež,NBA,ORL,45.0,314.0,1.0,βρεθηκε: NBA
P005094,2017,TEL,679.1199999999998,"THOMAS, DESHAUN",—,,,,,,,,αγνωστο (LKL/BBL/VTB/αλλο)
P008015,2017,TEL,40.86,"MASHOUR, KARAM",—,,,,,,,,αγνωστο (LKL/BBL/VTB/αλλο)
P004974,2017,TEL,760.0100000000001,"ROLL, MICHAEL",—,,,,,,,,αγνωστο (LKL/BBL/VTB/αλλο)
P005781,2017,TEL,701.3,"KANE, DEANDRE",ονομα,/international/players/deandre-kane-1.html,Deandre Kane,eurocup,Nizhny Novgorod,14.0,493.0,2.0,βρεθηκε: eurocup
P004119,2017,TEL,599.3900000000001,"TYUS, ALEX",—,,,,,,,,αγνωστο (LKL/BBL/VTB/αλλο)
P004161,2017,TEL,71.99000000000001,"SEGEV, ITAY",—,,,,,,,,αγνωστο (LKL/BBL/VTB/αλλο)
P007989,2017,TEL,686.5600000000001,"COLE, NORRIS",ονομα,/international/players/norris-cole-1.html,Norris Cole,cba-china,Shandong Golden Stars,9.0,245.0,2.0,βρεθηκε: cba-china
P007988,2017,TEL,613.89,"BOLDEN, JONAH",—,,,,,,,,νεαρος (≤21)
P003034,2017,TEL,486.4799999999999,"PARAKHOUSKI, ARTSIOM",—,,,,,,,,αγνωστο (LKL/BBL/VTB/αλλο)
P006625,2017,TEL,112.59999999999998,"ZOOSMAN, YOVEL",—,,,,,,,,νεαρος (≤21)
P007990,2017,TEL,359.68999999999994,"DIBARTOLOMEO, JOHN",—,,,,,,,,αγνωστο (LKL/BBL/VTB/αλλο)
P005112,2017,TEL,744.7899999999998,"JACKSON, PIERRE",ονομα,/gleague/players/j/jackspi01d.html,Pierre Jackson,gleague,TEX,28.0,1004.0,3.0,βρεθηκε: gleague
P005145,2017,TEL,142.73,"COHEN, JAKE",—,,,,,,,,αγνωστο (LKL/BBL/VTB/αλλο)
PJUG,2017,BAR,498.72000000000014,"RIBAS, PAU",ονομα,/international/players/pau-ribas-1.html,Pau Ribas,spain-liga-acb,FC Barcelona Lassa,1.0,23.0,1.0,βρεθηκε: spain-liga-acb
P005099,2017,BAR,644.0500000000001,"HANGA, ADAM",ονομα,/international/players/adam-hanga-1.html,Adam Hanga,spain-liga-acb,Baskonia,30.0,846.0,1.0,βρεθηκε: spain-liga-acb
P000229,2017,BAR,131.01000000000002,"JACKSON, EDWIN",ονομα,/international/players/edwin-jackson-1.html,Edwin Jackson,spain-liga-acb,Movistar Estudiantes,32.0,969.0,1.0,βρεθηκε: spain-liga-acb
PADI,2017,BAR,342.53,"NAVARRO, JUAN CARLOS",ονομα,/international/players/juan-carlos-navarro-1.html,Juan Carlos Navarro,spain-liga-acb,FC Barcelona Lassa,16.0,222.0,1.0,βρεθηκε: spain-liga-acb
PKLT,2017,BAR,709.2900000000001,"HEURTEL, THOMAS",—,,,,,,,,αγνωστο (LKL/BBL/VTB/αλλο)
P003469,2017,BAR,151.89999999999998,"VEZENKOV, SASHA",—,,,,,,,,αγνωστο (LKL/BBL/VTB/αλλο)
P005917,2017,BAR,508.25999999999993,"ORIOLA, PIERRE",ονομα,/international/players/pierre-oriola-1.html,Pierre Oriola,spain-liga-acb,Valencia Basket,30.0,432.0,2.0,βρεθηκε: spain-liga-acb
P004178,2017,BAR,585.3399999999999,"KOPONEN, PETTERI",ονομα,/international/players/petteri-koponen-1.html,Petteri Koponen,spain-liga-acb,FC Barcelona Lassa,27.0,586.0,1.0,βρεθηκε: spain-liga-acb
P002507,2017,BAR,519.4100000000001,"TOMIC, ANTE",ονομα,/international/players/ante-tomic-1.html,Ante Tomic,spain-liga-acb,FC Barcelona Lassa,32.0,734.0,1.0,βρεθηκε: spain-liga-acb
P001833,2017,BAR,666.76,"MOERMAN, ADRIEN",—,,,,,,,,αγνωστο (LKL/BBL/VTB/αλλο)
P007997,2017,BAR,224.99,"PRESSEY, PHIL",ονομα,/gleague/players/p/pressph01d.html,Phil Pressey,gleague,SCW,46.0,1534.0,1.0,βρεθηκε: gleague
P005713,2017,BAR,16.12,"KURUCS, RODIONS",—,,,,,,,,νεαρος (≤21)
P000556,2017,BAR,383.96,"CLAVER, VICTOR",ονομα,/international/players/victor-claver-1.html,Víctor Claver,spain-liga-acb,FC Barcelona Lassa,29.0,593.0,1.0,βρεθηκε: spain-liga-acb
P005327,2017,BAR,7.93,"DIAGNE, ATOUMANE",—,,,,,,,,νεαρος (≤21)
P005001,2017,BAR,304.43,"SANDERS, RAKIM",ονομα,/international/players/rakim-sanders-1.html,Rakim Sanders,italy-basket-serie-a,EA7 Emporio Armani Milano,25.0,505.0,1.0,βρεθηκε: italy-basket-serie-a
P001948,2017,BAR,304.15999999999997,"SERAPHIN, KEVIN",ονομα,/players/s/serapke01.html,Kevin Séraphin,NBA,IND,49.0,559.0,1.0,βρεθηκε: NBA
P004535,2017,BAR,1.23,"GARCIA, MARC",ονομα,/international/players/marc-garcia-1.html,Marc Garcia,spain-liga-acb,Real Betis Energía Plus,17.0,156.0,1.0,βρεθηκε: spain-liga-acb
P005216,2017,IST,776.8400000000001,"MCCOLLUM, ERRICK",ονομα,/international/players/errick-mccollum-1.html,Errick McCollum,cba-china,Beikong Fly Dragons,35.0,1335.0,1.0,βρεθηκε: cba-china
P004170,2017,IST,242.14,"BATUK, BIRKAN",—,,,,,,,,αγνωστο (LKL/BBL/VTB/αλλο)
P007929,2017,IST,35.29,"BITIM, ONURALP",—,,,,,,,,νεαρος (≤21)
P004094,2017,IST,34.06,"DEMIR, BERK",—,,,,,,,,αγνωστο (LKL/BBL/VTB/αλλο)
P006599,2017,IST,558.11,"MOTUM, BROCK",—,,,,,,,,αγνωστο (LKL/BBL/VTB/αλλο)
PLBJ,2017,IST,546.62,"STIMAC, VLADIMIR",—,,,,,,,,αγνωστο (LKL/BBL/VTB/αλλο)
P007991,2017,IST,49.46999999999999,"MUSTAFA, MUHAYMIN",—,,,,,,,,νεαρος (≤21)
P008152,2017,IST,244.04999999999998,"DOUGLAS, TONEY",ονομα,/players/d/douglto01.html,Toney Douglas,NBA,MEM,24.0,394.0,1.0,βρεθηκε: NBA
P003048,2017,IST,845.4199999999998,"DUNSTON, BRYANT",—,,,,,,,,αγνωστο (LKL/BBL/VTB/αλλο)
PCPR,2017,IST,734.3399999999998,"SIMON, KRUNOSLAV",ονομα,/international/players/krunoslav-simon-1.html,Krunoslav Simon,italy-basket-serie-a,EA7 Emporio Armani Milano,19.0,469.0,1.0,βρεθηκε: italy-basket-serie-a
P003521,2017,IST,264.12,"BALBAY, DOGUS",—,,,,,,,,αγνωστο (LKL/BBL/VTB/αλλο)
P004425,2017,IST,388.24,"BROWN, DERRICK",—,,,,,,,,αγνωστο (LKL/BBL/VTB/αλλο)
P003443,2017,IST,182.44000000000003,"WEEMS, SONNY",—,,,,,,,,αγνωστο (LKL/BBL/VTB/αλλο)
P006693,2017,IST,10.9,"SAYBIR, YIGITCAN",—,,,,,,,,νεαρος (≤21)
P003514,2017,IST,392.82000000000005,"DRAGIC, ZORAN",ονομα,/international/players/zoran-dragic-1.html,Zoran Dragić,italy-basket-serie-a,EA7 Emporio Armani Milano,20.0,374.0,1.0,βρεθηκε: italy-basket-serie-a
P007969,2017,IST,272.81,"LEDO, RICKY",—,,,,,,,,αγνωστο (LKL/BBL/VTB/αλλο)
P007872,2017,IST,268.07,"ADAMS, JOSH",—,,,,,,,,αγνωστο (LKL/BBL/VTB/αλλο)
P003515,2017,IST,113.75,"MURIC, EDO",—,,,,,,,,αγνωστο (LKL/BBL/VTB/αλλο)
P001832,2017,IST,40.55,"DOELLMAN, JUSTIN",ονομα,/international/players/justin-doellman-1.html,Justin Doellman,spain-liga-acb,FC Barcelona Lassa,12.0,273.0,1.0,βρεθηκε: spain-liga-acb
P004903,2017,MIL,653.79,"GOUDELOCK, ANDREW",—,,,,,,,,αγνωστο (LKL/BBL/VTB/αλλο)
P006385,2017,MIL,125.46,"PASCOLO, DAVIDE",ονομα,/international/players/davide-pascolo-1.html,Davide Pascolo,italy-basket-serie-a,EA7 Emporio Armani Milano,30.0,527.0,1.0,βρεθηκε: italy-basket-serie-a
P008004,2017,MIL,592.54,"TARCZEWSKI, KALEB",ονομα,/gleague/players/t/tarczka01d.html,Kaleb Tarczewski,gleague,OKL,43.0,1097.0,2.0,βρεθηκε: gleague
P002008,2017,MIL,307.21000000000004,"KUZMINSKAS, MINDAUGAS",ονομα,/players/k/kuzmimi01.html,Mindaugas Kuzminskas,NBA,NYK,68.0,1016.0,1.0,βρεθηκε: NBA
PKIW,2017,MIL,327.27,"CINCIARINI, ANDREA",ονομα,/international/players/andrea-cinciarini-1.html,Andrea Cinciarini,italy-basket-serie-a,EA7 Emporio Armani Milano,28.0,596.0,1.0,βρεθηκε: italy-basket-serie-a
P003527,2017,MIL,47.59,"ABASS, AWUDU",ονομα,/international/players/awudu-abass-1.html,Awudu Abass,italy-basket-serie-a,EA7 Emporio Armani Milano,29.0,524.0,1.0,βρεθηκε: italy-basket-serie-a
P007993,2017,MIL,528.98,"M'BAYE, AMATH",ονομα,/international/players/amath-m-baye-1.html,Amath M'Baye,italy-basket-serie-a,Enel Brindisi,30.0,977.0,1.0,βρεθηκε: italy-basket-serie-a
P000436,2017,MIL,515.8999999999999,"BERTANS, DAIRIS",—,,,,,,,,αγνωστο (LKL/BBL/VTB/αλλο)
P003067,2017,MIL,498.34999999999997,"JERRELLS, CURTIS",ονομα,/international/players/curtis-jerrells-1.html,Curtis Jerrells,eurocup,Hapoel Bank Yahav Jerusalem,19.0,655.0,1.0,βρεθηκε: eurocup
P003120,2017,MIL,597.09,"GUDAITIS, ARTURAS",ονομα,/international/players/arturas-gudaitis-1.html,Arturas Gudaitis,eurocup,Lietuvos rytas,9.0,229.0,1.0,βρεθηκε: eurocup
P000529,2017,MIL,799.1199999999999,"MICOV, VLADIMIR",—,,,,,,,,αγνωστο (LKL/BBL/VTB/αλλο)
P007946,2017,MIL,605.12,"THEODORE, JORDAN",—,,,,,,,,αγνωστο (LKL/BBL/VTB/αλλο)
PBTG,2017,MIL,26.21,"CUSIN, MARCO",ονομα,/international/players/marco-cusin-1.html,Marco Cusin,italy-basket-serie-a,Sidigas Avellino,23.0,437.0,1.0,βρεθηκε: italy-basket-serie-a
PJBX,2017,MIL,323.90000000000003,"KALNIETIS, MANTAS",ονομα,/international/players/mantas-kalnietis-1.html,Mantas Kalnietis,italy-basket-serie-a,EA7 Emporio Armani Milano,21.0,397.0,1.0,βρεθηκε: italy-basket-serie-a
P007992,2017,MIL,149.48999999999998,"JEFFERSON, CORY",ονομα,/gleague/players/j/jeffeco01d.html,Cory Jefferson,gleague,AUS,42.0,1189.0,1.0,βρεθηκε: gleague
P004499,2017,MIL,1.97,"FONTECCHIO, SIMONE",ονομα,/international/players/simone-fontecchio-1.html,Simone Fontecchio,italy-basket-serie-a,EA7 Emporio Armani Milano,21.0,272.0,1.0,βρεθηκε: italy-basket-serie-a
P005363,2017,MAL,99.4,"OKOUO, VINY",ονομα,/international/players/viny-okouo-1.html,Viny Okouo,spain-liga-acb,Unicaja,20.0,139.0,2.0,βρεθηκε: spain-liga-acb
P008002,2017,MAL,644.42,"MCCALLUM, RAY",ονομα,/gleague/players/m/mccalra01d.html,Ray McCallum,gleague,GRR,43.0,1587.0,1.0,βρεθηκε: gleague
P004213,2017,MAL,573.7100000000002,"DIAZ, ALBERTO",ονομα,/international/players/alberto-diaz-1.html,Alberto Díaz,spain-liga-acb,Unicaja,32.0,573.0,2.0,βρεθηκε: spain-liga-acb
P002820,2017,MAL,446.20000000000005,"SALIN, SASU",ονομα,/international/players/sasu-salin-1.html,Sasu Salin,spain-liga-acb,Herbalife Gran Canaria,30.0,556.0,2.0,βρεθηκε: spain-liga-acb
P003198,2017,MAL,312.30999999999995,"DIEZ, DANIEL",ονομα,/international/players/daniel-diez-1.html,Daniel Diez,spain-liga-acb,Unicaja,32.0,574.0,2.0,βρεθηκε: spain-liga-acb
P002822,2017,MAL,500.0400000000001,"MILOSAVLJEVIC, DRAGAN",ονομα,/international/players/dragan-milosavljevic-1.html,Dragan Milosavljevic,eurocup,Alba Berlin,14.0,407.0,1.0,βρεθηκε: eurocup
P000848,2017,MAL,601.95,"NEDOVIC, NEMANJA",ονομα,/international/players/nemanja-nedovic-1.html,Nemanja Nedovic,spain-liga-acb,Unicaja,25.0,528.0,2.0,βρεθηκε: spain-liga-acb
PLDX,2017,MAL,511.43999999999994,"WACZYNSKI, ADAM",ονομα,/international/players/adam-waczynski-1.html,Adam Waczyński,spain-liga-acb,Unicaja,30.0,556.0,2.0,βρεθηκε: spain-liga-acb
P004117,2017,MAL,596.0400000000001,"BROOKS, JEFF",ονομα,/international/players/jeff-brooks-1.html,Jeff Brooks,spain-liga-acb,Unicaja,32.0,660.0,2.0,βρεθηκε: spain-liga-acb
P001438,2017,MAL,672.0099999999999,"AUGUSTINE, JAMES",—,,,,,,,,αγνωστο (LKL/BBL/VTB/αλλο)
PJJS,2017,MAL,570.5799999999999,"SUAREZ, CARLOS",ονομα,/international/players/carlos-suarez-1.html,Carlos Suarez,spain-liga-acb,Unicaja,32.0,707.0,2.0,βρεθηκε: spain-liga-acb
P004479,2017,MAL,113.09,"SOLUADE, MO",—,,,,,,,,αγνωστο (LKL/BBL/VTB/αλλο)
P001386,2017,MAL,333.47,"SHERMADINI, GIORGI",ονομα,/international/players/giorgi-shermadini-1.html,Giorgi Shermadini,spain-liga-acb,MoraBanc Andorra,32.0,824.0,1.0,βρεθηκε: spain-liga-acb
P006737,2017,MAL,0.18,"ROSA, IGNACIO",ονομα,/international/players/ignacio-rosa-1.html,Ignacio Rosa,spain-liga-acb,Unicaja,1.0,3.0,1.0,βρεθηκε: spain-liga-acb
PLUR,2017,MAL,100.15000000000002,"MUSLI, DEJAN",ονομα,/international/players/dejan-musli-1.html,Dejan Musli,spain-liga-acb,Unicaja,28.0,601.0,2.0,βρεθηκε: spain-liga-acb
P000577,2017,RED,36.06,"KESELJ, MARKO",—,,,,,,,,αγνωστο (LKL/BBL/VTB/αλλο)
P007960,2017,RED,375.4299999999999,"DAVIDOVAC, DEJAN",—,,,,,,,,αγνωστο (LKL/BBL/VTB/αλλο)
PLUO,2017,RED,611.3,"LAZIC, BRANKO",—,,,,,,,,αγνωστο (LKL/BBL/VTB/αλλο)
P004007,2017,RED,395.39999999999986,"DOBRIC, OGNJEN",—,,,,,,,,αγνωστο (LKL/BBL/VTB/αλλο)
P005918,2017,RED,697.9000000000001,"FELDEINE, JAMES",ονομα,/international/players/james-feldeine-1.html,James Feldeine,greek-basket-league,Panathinaikos Superfoods,25.0,509.0,1.0,βρεθηκε: greek-basket-league
P007961,2017,RED,330.5899999999999,"JANKOVIC, STEFAN",ονομα,/gleague/players/j/jankost01d.html,Stefan Jankovic,gleague,TOT,31.0,604.0,1.0,βρεθηκε: gleague
P002972,2017,RED,781.31,"ROCHESTIE, TAYLOR",ονομα,/international/players/taylor-rochestie-1.html,Taylor Rochestie,eurocup,Lokomotiv Kuban,14.0,306.0,1.0,βρεθηκε: eurocup
P004222,2017,RED,191.01999999999998,"OMIC, ALEN",ονομα,/international/players/alen-omic-1.html,Alen Omic,spain-liga-acb,Unicaja,16.0,293.0,2.0,βρεθηκε: spain-liga-acb
P003842,2017,RED,632.93,"LESSORT, MATHIAS",ονομα,/international/players/mathias-lessort-1.html,Mathias Lessort,france-lnb-pro-a,Nanterre 92,34.0,784.0,1.0,βρεθηκε: france-lnb-pro-a
P008066,2017,RED,234.00000000000006,"ENNIS, DYLAN",ονομα,ncaa:41987,Dylan Ennis,ncaa,Oregon,38.0,90.67902,1.0,βρεθηκε: ncaa
PCHX,2017,RED,752.0900000000001,"BJELICA, MILKO",—,,,,,,,,αγνωστο (LKL/BBL/VTB/αλλο)
PBAE,2017,RED,327.08,"ANTIC, PERO",—,,,,,,,,αγνωστο (LKL/BBL/VTB/αλλο)
P005942,2017,RED,363.4200000000001,"DANGUBIC, NEMANJA",—,,,,,,,,αγνωστο (LKL/BBL/VTB/αλλο)
P003264,2017,RED,131.12,"JOVANOVIC, NIKOLA",ονομα,/gleague/players/j/jovanni01d.html,Nikola Jovanovic,gleague,TOT,36.0,621.0,1.0,βρεθηκε: gleague
P002561,2017,RED,110.09,"RADICEVIC, NIKOLA",ονομα,/international/players/nikola-radicevic-1.html,Nikola Radicevic,spain-liga-acb,Real Betis Energía Plus,28.0,701.0,1.0,βρεθηκε: spain-liga-acb
P003945,2017,RED,16.720000000000002,"APIC, DRAGAN",—,,,,,,,,αγνωστο (LKL/BBL/VTB/αλλο)
P004720,2017,RED,13.510000000000002,"LAZAREVIC, STEFAN",—,,,,,,,,νεαρος (≤21)
P015166,2026,ASV,,"CROWDER, JAE",—,,,,,,,,αγνωστο (LKL/BBL/VTB/αλλο)
P015165,2026,ASV,,"WATERS, TREMONT",—,,,,,,,,αγνωστο (LKL/BBL/VTB/αλλο)
P006832,2026,ASV,,"PONS, YVES",ονομα,/international/players/yves-pons-1.html,Yves Pons,spain-liga-acb,MoraBanc Andorra,30.0,660.0,1.0,βρεθηκε: spain-liga-acb
P015164,2026,ASV,,"BESSON, HUGO",ονομα,/international/players/hugo-besson-1.html,Hugo Besson,turkey-super-league,Tofaş,30.0,711.0,1.0,βρεθηκε: turkey-super-league
P007483,2026,ASV,,"DOSSOU-YOVO, MATHIS",ονομα,/international/players/mathis-dossou-yovo-1.html,Mathis Dossou-Yovo,france-lnb-pro-a,Nanterre 92,20.0,487.0,1.0,βρεθηκε: france-lnb-pro-a
P015163,2026,ASV,,"MILLS, PATTY",ονομα,/international/players/patty-mills-1.html,Patty Mills,spain-liga-acb,La Laguna Tenerife,11.0,243.0,1.0,βρεθηκε: spain-liga-acb
P015162,2026,ASV,,"WASHINGTON JR, TYTY",ονομα,/gleague/players/w/washity02d.html,TyTy Washington Jr.,gleague,SDC,14.0,496.0,2.0,βρεθηκε: gleague
P015161,2026,ASV,,"FODZO DADA, MARC-OWEN",ονομα,/international/players/marc-owen-fodzo-dada-1.html,Marc-Owen Fodzo Dada,france-lnb-pro-a,SLUC Nancy Basket,29.0,385.0,1.0,βρεθηκε: france-lnb-pro-a
P012879,2026,BAR,,"KONE, ABDU",—,,,,,,,,νεαρος (≤21)
P011935,2026,BAR,,"MAKOUNDOU, YOAN",ονομα,/international/players/yoan-makoundou-1.html,Yoan Makoundou,cba-china,Fujian Sturgeons,19.0,427.0,2.0,βρεθηκε: cba-china
P015142,2026,BAR,,"MINAYA, JUSTIN",ονομα,/gleague/players/m/minayju01d.html,Justin Minaya,gleague,OSC,34.0,1010.0,1.0,βρεθηκε: gleague
P007553,2026,BAR,,"BALCEROWSKI, ALEKSANDER",—,,,,,,,,EL/EC παλαιοτερα (τραυμα/αλλου)
P015141,2026,BAR,,"EVBUOMWAN, TOSAN",ονομα,/gleague/players/e/evbuoto01d.html,Tosan Evbuomwan,gleague,TOT,25.0,865.0,2.0,βρεθηκε: gleague
P015140,2026,BAR,,"NKAMHOUA, OLIVIER",ονομα,/international/players/olivier-nkamhoua-1.html,Olivier Nkamhoua,italy-basket-serie-a,Openjobmetis Varese,29.0,889.0,1.0,βρεθηκε: italy-basket-serie-a
P015139,2026,BAR,,"UMUDE, STANLEY",ονομα,/gleague/players/u/umudest01d.html,Stanley Umude,gleague,AUS,32.0,1026.0,2.0,βρεθηκε: gleague
P015138,2026,BAR,,"MARTIN, TYRESE",ονομα,/players/m/martity01.html,Tyrese Martin,NBA,2TM,46.0,777.0,2.0,βρεθηκε: NBA
P010106,2026,BAR,,"NUNEZ, JUAN",ονομα,/international/players/juan-nunez-1.html,Juan Nunez,spain-liga-acb,Barça,9.0,131.0,1.0,βρεθηκε: spain-liga-acb
P014506,2026,BAS,,"ALVES DE SOUZA, THIERRY HENRY",—,,,,,,,,νεαρος (≤21)
P014103,2026,BAS,,"SOUZA, PEDRO",—,,,,,,,,νεαρος (≤21)
P014107,2026,BAS,,"JOKSIMOVIC, STEFAN",ονομα,/international/players/stefan-joksimovic-1.html,Stefan Joksimovic,spain-liga-acb,Baskonia,10.0,83.0,1.0,βρεθηκε: spain-liga-acb
P014736,2026,BAS,,"BAUGH, DAMION",ονομα,/gleague/players/b/baughda01d.html,Damion Baugh,gleague,VAL,20.0,716.0,1.0,βρεθηκε: gleague
P014735,2026,BAS,,"DUARTE, CHRIS",ονομα,/international/players/chris-duarte-1.html,Chris Duarte,spain-liga-acb,Unicaja,27.0,484.0,1.0,βρεθηκε: spain-liga-acb
P014734,2026,BAS,,"LAWSON, A.J.",ονομα,/gleague/players/l/lawsoaj01d.html,A.J. Lawson,gleague,RAP,25.0,802.0,2.0,βρεθηκε: gleague
P014786,2026,BES,,"NOWELL, JAYLEN",ονομα,/international/players/jaylen-nowell-1.html,Jaylen Nowell,cba-china,Shanxi Loongs,20.0,331.0,1.0,βρεθηκε: cba-china
P005763,2026,BES,,"KORKMAZ, FURKAN",ονομα,/international/players/furkan-korkmaz-1.html,Furkan Korkmaz,turkey-super-league,Tofaş,23.0,452.0,1.0,βρεθηκε: turkey-super-league
P012233,2026,BES,,"AKSU, YAGIZ",ονομα,/international/players/yagiz-aksu-1.html,Yagiz Aksu,turkey-super-league,Glint Manisa,6.0,13.0,1.0,βρεθηκε: turkey-super-league
P006661,2026,BES,,"WILBEKIN, SCOTTIE",ονομα,/international/players/scottie-wilbekin-1.html,Scottie Wilbekin,turkey-super-league,Fenerbahçe Beko,7.0,99.0,1.0,βρεθηκε: turkey-super-league
P013250,2026,BES,,"DE JULIUS, DAVID",—,,,,,,,,EL/EC παλαιοτερα (τραυμα/αλλου)
P014785,2026,BES,,"JEFFRIES, DAQUAN",ονομα,/gleague/players/j/jeffrda01d.html,DaQuan Jeffries,gleague,STO,28.0,934.0,2.0,βρεθηκε: gleague
P014731,2026,DUB,,"MINTZ, DAVION",—,,,,,,,,αγνωστο (LKL/BBL/VTB/αλλο)
P015153,2026,HTA,,"COFFEY, AMIR",ονομα,/players/c/coffeam01.html,Amir Coffey,NBA,2TM,46.0,490.0,1.0,βρεθηκε: NBA
P015152,2026,HTA,,"GERMAN, EUGENE",ονομα,/international/players/eugene-german-1.html,Eugene German,cba-china,Beijing Ducks,41.0,1105.0,1.0,βρεθηκε: cba-china
P015151,2026,HTA,,"TOPPIN, JACOB",ονομα,/gleague/players/t/toppija01d.html,Jacob Toppin,gleague,CPS,5.0,155.0,2.0,βρεθηκε: gleague
P009877,2026,HTA,,"BLAYZER, OZ",ονομα,/international/players/oz-blayzer-1.html,Oz Blayzer,israel-super-league,Hapoel Tel Aviv,18.0,257.0,1.0,βρεθηκε: israel-super-league
P008858,2026,HTA,,"ENNIS, TYLER",ονομα,/international/players/tyler-ennis-1.html,Tyler Ennis,israel-super-league,Hapoel Tel Aviv,10.0,240.0,1.0,βρεθηκε: israel-super-league
P004846,2026,HTA,,"TIMOR, BAR",ονομα,/international/players/bar-timor-1.html,Bar Timor,israel-super-league,Hapoel Tel Aviv,22.0,494.0,1.0,βρεθηκε: israel-super-league
P013283,2026,HTA,,"PALATIN, GUY",ονομα,/international/players/guy-palatin-1.html,Guy Palatin,israel-super-league,Hapoel Tel Aviv,24.0,422.0,1.0,βρεθηκε: israel-super-league
P003112,2026,IST,,"SARIC, DARIO",ονομα,/players/s/saricda01.html,Dario Šarić,NBA,SAC,5.0,41.0,1.0,βρεθηκε: NBA
P005368,2026,IST,,"YUSTA, SANTI",επωνυμο+αρχικο,/international/players/santiago-yusta-1.html,Santiago Yusta,spain-liga-acb,Casademont Zaragoza,34.0,898.0,1.0,βρεθηκε: spain-liga-acb
P013431,2026,IST,,"KARUTASU, DARIUS",—,,,,,,,,νεαρος (≤21)
P008176,2026,IST,,"MUTAF, DAVID",—,,,,,,,,EL/EC παλαιοτερα (τραυμα/αλλου)
P005844,2026,IST,,"PAPAGIANNIS, GEORGIOS",ονομα,/international/players/george-papagiannis-1.html,Georgios Papagiannis,turkey-super-league,Anadolu Efes,2.0,33.0,1.0,βρεθηκε: turkey-super-league
P015103,2026,MAD,,"JONES, DAMIAN",ονομα,/international/players/damian-jones-1.html,Damian Jones,cba-china,Zhejiang Golden Bulls,42.0,761.0,1.0,βρεθηκε: cba-china
P015102,2026,MAD,,"SHULGA, MAKSYM",επωνυμο+αρχικο,/gleague/players/s/shulgma01d.html,Max Shulga,gleague,MNE,26.0,869.0,2.0,βρεθηκε: gleague
P006833,2026,MAD,,"SARR, OLIVIER",ονομα,/gleague/players/s/sarrol01d.html,Olivier Sarr,gleague,TOT,32.0,775.0,2.0,βρεθηκε: gleague
P008384,2026,MAD,,"PROCIDA, GABRIELE",ονομα,/international/players/gabriele-procida-1.html,Gabriele Procida,spain-liga-acb,Real Madrid,29.0,417.0,1.0,βρεθηκε: spain-liga-acb
P014783,2026,MIL,,"MATHEWS, GARRISON",ονομα,/players/m/mathega01.html,Garrison Mathews,NBA,IND,15.0,196.0,1.0,βρεθηκε: NBA
P014782,2026,MIL,,"BURNELL, JASON",ονομα,/international/players/jason-burnell-1.html,Jason Burnell,italy-basket-serie-a,Germani Basket Brescia,28.0,768.0,1.0,βρεθηκε: italy-basket-serie-a
P013385,2026,MIL,,"DIOP, OUSMANE",ονομα,/international/players/ousmane-diop-1.html,Ousmane Diop,italy-basket-serie-a,EA7 Emporio Armani Milano,14.0,155.0,1.0,βρεθηκε: italy-basket-serie-a
P006509,2026,MIL,,"TONUT, STEFANO",ονομα,/international/players/stefano-tonut-1.html,Stefano Tonut,italy-basket-serie-a,EA7 Emporio Armani Milano,17.0,210.0,1.0,βρεθηκε: italy-basket-serie-a
P005670,2026,MIL,,"FLACCADORI, DIEGO",ονομα,/international/players/diego-flaccadori-1.html,Diego Flaccadori,italy-basket-serie-a,EA7 Emporio Armani Milano,14.0,125.0,1.0,βρεθηκε: italy-basket-serie-a
P013541,2026,MUN,,"VOSSENBERG, CASPAR",—,,,,,,,,νεαρος (≤21)
P007519,2026,MUN,,"JOKUBAITIS, ROKAS",—,,,,,,,,EL/EC παλαιοτερα (τραυμα/αλλου)
P012838,2026,MUN,,"SUSIC, ANDRIJA",—,,,,,,,,νεαρος (≤21)
P012158,2026,MUN,,"JERKIC, NIKO",—,,,,,,,,νεαρος (≤21)
P003958,2026,MUN,,"THIEMANN, JOHANNES",—,,,,,,,,EL/EC παλαιοτερα (τραυμα/αλλου)
P013579,2026,MUN,,"FISCHER, KILIAN",—,,,,,,,,νεαρος (≤21)
P014732,2026,MUN,,"BEAUCHAMP, MARJON",ονομα,/gleague/players/b/beaucma01d.html,MarJon Beauchamp,gleague,DEL,19.0,730.0,2.0,βρεθηκε: gleague
P010091,2026,OLY,,"PLOTAS, NIKOLAOS",ονομα,/international/players/nikolaos-plotas-1.html,Nikolaos Plotas,greek-basket-league,Promitheas Patras,23.0,416.0,1.0,βρεθηκε: greek-basket-league
P013141,2026,OLY,,"BOURNELES, GEORGIOS",ονομα,/international/players/georgios-bourneles-1.html,Georgios Bourneles,greek-basket-league,Olympiacos,4.0,10.0,1.0,βρεθηκε: greek-basket-league
P015126,2026,OLY,,"KARAGIANNIDIS, ANTONIS",επωνυμο+αρχικο,/international/players/antonios-karagiannidis-1.html,Antonios Karagiannidis,greek-basket-league,Promitheas Patras,18.0,342.0,1.0,βρεθηκε: greek-basket-league
P014122,2026,OLY,,"NETZIPOGLOU, OMIROS",ονομα,/international/players/omiros-netzipoglou-1.html,Omiros Netzipoglou,greek-basket-league,Olympiacos,15.0,140.0,1.0,βρεθηκε: greek-basket-league
P011214,2026,PAM,,"RIVERO, JASIEL",ονομα,/international/players/jasiel-rivero-1.html,Jasiel Rivero,aba-adriatic,Red Star Belgrade,5.0,63.0,1.0,βρεθηκε: aba-adriatic
P010754,2026,PAM,,"MARI, LUCAS",—,,,,,,,,νεαρος (≤21)
P011706,2026,PAM,,"SAINT-SUPERY, MARIO",ονομα,ncaa:134317,Mario Saint-Supery,ncaa,Gonzaga,35.0,67.04390000000001,1.0,βρεθηκε: ncaa
P014741,2026,PAM,,"CARDENAS, ALVARO",—,,,,,,,,αγνωστο (LKL/BBL/VTB/αλλο)
P014740,2026,PAM,,"CORBALAN, GONZALO",—,,,,,,,,αγνωστο (LKL/BBL/VTB/αλλο)
P014739,2026,PAM,,"GUEYE, MOUHAMADOU",ονομα,/gleague/players/g/gueyemo01d.html,Mouhamadou Gueye,gleague,WCB,34.0,1053.0,2.0,βρεθηκε: gleague
P005596,2026,PAM,,"SIMA, YANKUBA",ονομα,/international/players/yankuba-sima-1.html,Yankuba Sima,spain-liga-acb,Valencia Basket,20.0,186.0,1.0,βρεθηκε: spain-liga-acb
P008084,2026,PAN,,"MANTZOUKAS, ELEFTHERIOS",—,,,,,,,,EL/EC παλαιοτερα (τραυμα/αλλου)
P006544,2026,PAN,,"MORAITIS, DIMITRIS",ονομα,/international/players/dimitrios-moraitis-1.html,Dimitris Moraitis,greek-basket-league,Iraklis 2022,24.0,657.0,1.0,βρεθηκε: greek-basket-league
P015159,2026,PAN,,"VARVARITIS, IASON",—,,,,,,,,νεαρος (≤21)
P008811,2026,PAN,,"FALL, MOUSTAPHA",—,,,,,,,,EL/EC παλαιοτερα (τραυμα/αλλου)
P010357,2026,PAN,,"YABUSELE, GUERSCHON",ονομα,/players/y/yabusgu01.html,Guerschon Yabusele,NBA,2TM,67.0,1007.0,1.0,βρεθηκε: NBA
P004451,2026,PAN,,"KOUZELOGLOU, IOANNIS",—,,,,,,,,αγνωστο (LKL/BBL/VTB/αλλο)
P012453,2026,PAR,,"DANILOVIC, UROS",—,,,,,,,,νεαρος (≤21)
P004194,2026,PAR,,"LAUVERGNE, JOFFREY",—,,,,,,,,EL/EC παλαιοτερα (τραυμα/αλλου)
P014742,2026,PAR,,"THOMPSON, ETHAN",ονομα,/players/t/thompet01.html,Ethan Thompson,NBA,IND,32.0,653.0,2.0,βρεθηκε: NBA
P007632,2026,PAR,,"NAKIC, MARIO",ονομα,/international/players/mario-nakic-1.html,Mario Nakić,aba-adriatic,KK Partizan,1.0,5.0,1.0,βρεθηκε: aba-adriatic
P015168,2026,PRS,,"WARREN, TJ",επωνυμο+αρχικο,/gleague/players/w/warretj01d.html,T.J. Warren,gleague,WES,8.0,233.0,1.0,βρεθηκε: gleague
P015160,2026,PRS,,"JOHNSON, ALIZE",ονομα,/gleague/players/j/johnsal03d.html,Alize Johnson,gleague,IWA,19.0,710.0,2.0,βρεθηκε: gleague
P015143,2026,PRS,,"ETIENNE, TYSON",ονομα,/gleague/players/e/etienty01d.html,Tyson Etienne,gleague,LIN,27.0,869.0,2.0,βρεθηκε: gleague
P014801,2026,PRS,,"PEREIRA, MAOZINHA",—,,,,,,,,αγνωστο (LKL/BBL/VTB/αλλο)
P012806,2026,RED,,"BJELIC, ANDREJ",—,,,,,,,,νεαρος (≤21)
P014728,2026,RED,,"BALDWIN, PATRICK",ονομα,/gleague/players/b/baldwpa01d.html,Patrick Baldwin Jr.,gleague,TOT,24.0,835.0,2.0,βρεθηκε: gleague
P010262,2026,RED,,"DJURISIC, NIKOLA",ονομα,/gleague/players/d/djurini01d.html,Nikola Djurisic,gleague,CPS,19.0,407.0,1.0,βρεθηκε: gleague
P014094,2026,RED,,"MILJENOVIC, STEFAN",ονομα,/international/players/stefan-miljenovic-1.html,Stefan Miljenovic,aba-adriatic,Red Star Belgrade,23.0,417.0,1.0,βρεθηκε: aba-adriatic
P015085,2026,TEL,,"WALLACE, KEATON",ονομα,/players/w/wallake01.html,Keaton Wallace,NBA,ATL,53.0,536.0,1.0,βρεθηκε: NBA
P006020,2026,TEL,,"EBO, AMIT",ονομα,/international/players/amit-ebo-1.html,Amit Ebo,france-lnb-pro-a,Boulazac Dordogne,15.0,340.0,2.0,βρεθηκε: france-lnb-pro-a
P002969,2026,ULK,,"MAHMUTOGLU, MELIH",ονομα,/international/players/melih-mahmutoglu-1.html,Melih Mahmutoglu,turkey-super-league,Fenerbahçe Beko,27.0,504.0,1.0,βρεθηκε: turkey-super-league
P002968,2026,ULK,,"SANLI, SERTAC",ονομα,/international/players/sertac-sanli-1.html,Sertac Sanli,turkey-super-league,Beşiktaş Gain,7.0,127.0,3.0,βρεθηκε: turkey-super-league
P006896,2026,ULK,,"SARGIUNAS, IGNAS",—,,,,,,,,αγνωστο (LKL/BBL/VTB/αλλο)
P014733,2026,ULK,,"JUZANG, JOHNNY",ονομα,/players/j/juzanjo01.html,Johnny Juzang,NBA,MIN,21.0,88.0,1.0,βρεθηκε: NBA
P013506,2026,ULK,,"BINGHAM, MARCUS",—,,,,,,,,αγνωστο (LKL/BBL/VTB/αλλο)
P013028,2026,VIR,,"BAIOCCHI, MATTEO",ονομα,/international/players/matteo-baiocchi-1.html,Matteo Baiocchi,italy-basket-serie-a,Virtus Segafredo Bologna,3.0,12.0,1.0,βρεθηκε: italy-basket-serie-a
P009400,2026,VIR,,"CASARIN, DAVIDE",ονομα,/international/players/davide-casarin-1.html,Davide Casarin,italy-basket-serie-a,Vanoli Basket Cremona,28.0,650.0,1.0,βρεθηκε: italy-basket-serie-a
P006707,2026,VIR,,"BALDASSO, TOMMASO",ονομα,/international/players/tommaso-baldasso-1.html,Tommaso Baldasso,italy-basket-serie-a,Bertram Derthona Tortona,29.0,606.0,1.0,βρεθηκε: italy-basket-serie-a
P015029,2026,VIR,,"FRAZIER, TRENT",—,,,,,,,,αγνωστο (LKL/BBL/VTB/αλλο)
P014802,2026,VIR,,"BELLO, RASHEED",—,,,,,,,,αγνωστο (LKL/BBL/VTB/αλλο)
P014738,2026,VIR,,"KLINTMAN, BO",επωνυμο+αρχικο,/gleague/players/k/klintbo01d.html,Bobi Klintman,gleague,MCC,25.0,685.0,2.0,βρεθηκε: gleague
P014737,2026,VIR,,"MOORE, WENDELL",ονομα,/gleague/players/m/moorewe01d.html,Wendell Moore Jr.,gleague,MCC,22.0,612.0,2.0,βρεθηκε: gleague
P012707,2026,VIR,,"CARR, MARCUS JOSHUA",—,,,,,,,,EL/EC παλαιοτερα (τραυμα/αλλου)
P000898,2026,ZAL,,"VALANCIUNAS, JONAS",ονομα,/players/v/valanjo01.html,Jonas Valančiūnas,NBA,DEN,65.0,871.0,1.0,βρεθηκε: NBA
P008186,2026,ZAL,,"BLAZEVIC, MAREK",ονομα,/international/players/marek-blazevic-1.html,Marek Blazevic,turkey-super-league,Tofaş,28.0,730.0,1.0,βρεθηκε: turkey-super-league
