pid,season,name,min,value,box,pm,pir40
P000046,E2017,"STRELNIEKS, JANIS",675.26,-1.383586279731988,-2.8533188066397326,1.4697325269077446,14.664601122408099
P000129,E2017,"BROWN, BOBBY",87.98,-9.244248554000018,-8.820687873582171,-0.42356068041784745,8.558775753580717
P000229,E2017,"JACKSON, EDWIN",131.01,-1.3531333974438167,-0.9830186988384358,-0.37011469860538093,15.795327761387403
P000399,E2017,"KAVALIAUSKAS, ANTANAS",451.57,3.351736786083616,3.5525102008157026,-0.20077341473208654,15.752993574991578
P000436,E2017,"BERTANS, DAIRIS",515.9,-5.327705957878667,-3.0025351091039734,-2.325170848774694,12.419026897480279
P000464,E2017,"PAPPAS, NIKOS",562.1,-5.827668352618289,-6.748422850872885,0.9207544982545953,13.787764183896849
P000494,E2017,"GULER, SINAN",68.45,-3.1382177381191125,-2.3013468172328526,-0.8368709208862598,13.3504224764506
P000518,E2017,"SAN EMETERIO, FERNANDO",440.19,-4.9932219804331766,-2.786909235165157,-2.2063127452680193,16.307000622296048
P000529,E2017,"MICOV, VLADIMIR",799.12,-3.307155699032311,-2.738106735015424,-0.5690489640168872,16.425926090130464
P000556,E2017,"CLAVER, VICTOR",383.96,3.585294142194263,2.756579932809627,0.8287142093846357,14.317048239850616
P000577,E2017,"KESELJ, MARKO",36.06,-5.38474660952839,-4.81844493905592,-0.5663016704724709,12.11876132704765
P000848,E2017,"NEDOVIC, NEMANJA",601.95,-2.0903460931909197,-4.193652773306033,2.103306680115113,25.256611818730825
P000925,E2017,"VESELY, JAN",904.84,3.2316225935575704,3.7431171342225404,-0.5114945406649701,23.45535474917211
P001133,E2017,"SHENGELIA, TORNIKE",842.23,4.16778626643727,6.613127660057864,-2.445341393620594,27.348819997408384
P001255,E2017,"PAPANIKOLAOU, KOSTAS",674.58,4.118563304299268,2.2680650589978333,1.850498245301435,18.498900909083765
P001324,E2017,"MUHAMMED, ALI",236.84,1.4057260061402892,2.4752291664069226,-1.0695031602666334,20.57023710413877
P001351,E2017,"MARTINEZ, RAFA",446.87,0.2278789410815657,-0.29320292898432243,0.5210818700658881,17.936399265196673
P001386,E2017,"SHERMADINI, GIORGI",333.47,0.31424722939798644,-0.14940260065537855,0.463649830053365,21.0600010754103
P001392,E2017,"CAUSEUR, FABIEN",652.71,-0.7162512741405529,-1.457589488027919,0.7413382138873661,16.113614361650704
P001438,E2017,"AUGUSTINE, JAMES",672.01,10.890644434195323,8.563320859064659,2.327323575130664,23.845388875996555
P001612,E2017,"TODOROVIC, MARKO",282.06,2.1486271426057675,0.7706369278713343,1.3779902147344334,12.272623844836161
P001792,E2017,"ZAYTSEV, VYACHESLAV",90.51,-3.9430244861858617,-3.6581164872738112,-0.2849079989120506,10.124815842517997
P001832,E2017,"DOELLMAN, JUSTIN",40.55,-1.6555450560257388,-1.1462759484239051,-0.5092691076018337,14.292982327699061
P001833,E2017,"MOERMAN, ADRIEN",666.76,3.513865131720814,2.8172880069306045,0.6965771247902094,15.244507624495414
P001844,E2017,"HACKETT, DANIEL",623.46,0.17425974172156466,0.49079491284918064,-0.316535171127616,19.308432623998705
P001926,E2017,"SLOUKAS, KOSTAS",868.82,-0.5658089996541975,-2.491622124244009,1.9258131245898114,20.15738596040348
P001932,E2017,"CALATHES, NICK",897.55,3.7432147112134375,3.7550810604444913,-0.011866349231053841,24.749514977853842
P001933,E2017,"BOGRIS, GEORGIOS",118.14,0.5757480378789077,0.7798725811324853,-0.20412454325357754,9.75923107251354
P001948,E2017,"SERAPHIN, KEVIN",304.15999999999997,1.6711063877375307,1.9157944853780873,-0.24468809764055655,22.785230270581216
P001960,E2017,"CARROLL, JAYCEE",573.64,-2.1182929627255875,-1.848087172480602,-0.2702057902449855,17.64871246683407
P001988,E2017,"TAYLOR, BRYCE",239.06,-0.9232274506539838,-0.5284949489503474,-0.3947325017036364,10.997695588267868
P002008,E2017,"KUZMINSKAS, MINDAUGAS",307.21,-2.422927480579306,-1.9965863376419417,-0.42634114293736436,17.40841007381475
P002091,E2017,"ROBERTS, BRIAN",591.21,-2.776102519340584,-2.9635667115385442,0.18746419219796004,13.20709866199578
P002100,E2017,"DE COLO, NANDO",825.11,2.3117848928284657,1.5470812677691557,0.76470362505931,28.07112523500784
P002276,E2017,"KULAGIN, MIKHAIL",46.129999999999995,3.3147655948247214,2.5492809478225054,0.7654846470022161,20.31669517661058
P002329,E2017,"ULANOVAS, EDGARAS",923.01,-1.1808187558082528,-0.2568571736116553,-0.9239615821965976,16.157103709795702
P002361,E2017,"VIVES, GUILLEM",295.32,-1.0841984388644506,-0.8648107079220008,-0.2193877309424498,12.771624674082018
P002429,E2017,"RIVERS, KC",725.1899999999999,-3.2258800276240454,-2.240420037500453,-0.9854599901235925,11.838338644625
P002506,E2017,"STAIGER, LUCCA",290.36,-2.5298802511579748,-2.560676826380646,0.030796575222671374,11.396861015877917
P002507,E2017,"TOMIC, ANTE",519.41,8.311572917246426,7.458125920707719,0.8534469965387066,25.974521990536324
P002543,E2017,"WESTERMANN, LEO",228.94,-3.658497421479165,-3.701416122050362,0.04291870057119683,13.524894102748537
P002553,E2017,"MITROVIC, LUKA",219.49,-1.002786595749189,-0.03622988920866557,-0.9665567065405234,14.550936386610234
P002561,E2017,"RADICEVIC, NIKOLA",110.09,-5.3556712434194615,-4.675552259892077,-0.6801189835273838,11.465936818306933
P002580,E2017,"MICIC, VASILIJE",792.59,-3.5914275173846866,-3.4461874606770353,-0.14524005670765117,15.739453350539556
P002582,E2017,"TOUPANE, AXEL",496.99,0.11058707383970418,-0.26588478491546913,0.3764718587551733,15.626524173199055
P002742,E2017,"DUBLJEVIC, BOJAN",485.27,4.550956880453218,3.473579278550456,1.0773776019027623,24.824232689456323
P002744,E2017,"TILLIE, KIM",161.46,-1.2247513648549055,-1.0785493362604943,-0.14620202859441123,11.355001400436409
P002763,E2017,"DOORNEKAMP, AARON",667.54,0.18737777997236904,0.4869296695494435,-0.29955188957707446,14.23883923464328
P002812,E2017,"HINES, KYLE",674.35,6.6479519849969755,5.915695281284774,0.7322567037122021,21.603769182098667
P002820,E2017,"SALIN, SASU",446.2,-8.43972763036163,-7.466411049931354,-0.9733165804302761,11.88004149790938
P002822,E2017,"MILOSAVLJEVIC, DRAGAN",500.04,-5.062546938790767,-4.255251528354547,-0.8072954104362202,13.013930181584733
P002849,E2017,"MELLI, NICOLO",953.63,4.468315782793776,3.3100263806138384,1.158289402179938,18.041322538422502
P002936,E2017,"SASTRE, JOAN",379.36,-4.533610072675304,-3.1789384124051963,-1.354671660270108,13.035878392352519
P002969,E2017,"MAHMUTOGLU, MELIH",141.95,-5.297966222414098,-5.785917971865232,0.487951749451134,9.294807465005594
P002972,E2017,"ROCHESTIE, TAYLOR",781.3100000000001,-1.3458951435903346,-0.5731766780874183,-0.7727184655029162,21.523503269176683
P002980,E2017,"GIST, JAMES",862.93,1.9166969597396422,0.6899421559730141,1.226754803766628,16.583633977711884
P003024,E2017,"GRANGER, JAYSON",672.17,-2.9624291561042337,-2.8963672827519944,-0.06606187335223934,20.36970960560253
P003034,E2017,"PARAKHOUSKI, ARTSIOM",486.48,3.974914824891274,4.438330536868547,-0.46341571197727277,21.567451006271487
P003048,E2017,"DUNSTON, BRYANT",845.42,2.6735267297225285,3.1969437430453707,-0.5234170133228424,21.54479349512185
P003067,E2017,"JERRELLS, CURTIS",498.34999999999997,-2.657640765773831,-2.5839725822597317,-0.07366818351409898,17.797073061181756
P003120,E2017,"GUDAITIS, ARTURAS",597.09,11.762894921649018,11.640711170964051,0.12218375068496556,28.1296226687488
P003198,E2017,"DIEZ, DANIEL",312.31,-2.149431999004701,-0.4100248597359417,-1.7394071392687591,15.543835138992756
P003210,E2017,"LEKAVICIUS, LUKAS",392.86,-3.0858903000122657,-4.046566765979265,0.9606764659669996,14.870102394509807
P003264,E2017,"JOVANOVIC, NIKOLA",131.12,3.1910392380715726,5.262519418429431,-2.071480180357858,18.556934346478467
P003443,E2017,"WEEMS, SONNY",182.44,-6.743108950410225,-3.9237552618734033,-2.819353688536821,17.734310530229795
P003469,E2017,"VEZENKOV, SASHA",151.9,2.0608136720217436,1.76292098695046,0.29789268507128336,17.661288869226293
P003479,E2017,"KUZMIC, OGNJEN",9.54,0.13309559652362016,-0.01968120778949284,0.152776804313113,16.148244167957856
P003514,E2017,"DRAGIC, ZORAN",392.82,-4.555843398670583,-5.1111911507637595,0.5553477520931763,14.465481648792872
P003515,E2017,"MURIC, EDO",113.75,-4.570489664670744,-4.900027155256093,0.32953749058534937,7.9011867422601325
P003521,E2017,"BALBAY, DOGUS",264.12,-2.9830373413981235,-1.167606461650401,-1.8154308797477223,10.350649967478038
P003527,E2017,"ABASS, AWUDU",47.59,-2.577313170689656,-1.83847362372716,-0.738839546962496,13.611211234894663
P003537,E2017,"MANTZARIS, VANGELIS",612.58,-2.4831357703152883,-2.6881569265941683,0.20502115627887976,9.555248065000566
P003540,E2017,"DIOP, ILIMANE",237.85,0.9075722465985958,0.9117760681302074,-0.0042038215316115846,15.772913026959014
P003571,E2017,"KOROBKOV, PAVEL",33.32,-1.2115227235080581,-1.547812279591672,0.3362895560836139,13.867976793865163
P003573,E2017,"ZUBKOV, ANDREY",148.24,-0.2446623505242893,-0.39676214324438674,0.15209979272009744,13.248786118909537
P003608,E2017,"LOJESKI, MATT",504.78000000000003,0.48506512573360805,-1.6100173925519128,2.095082518285521,11.06001962061924
P003703,E2017,"NIKOLIC, ALEKSEJ",354.55,-5.31244462215514,-4.276127226069124,-1.036317396086016,10.931423751310314
P003733,E2017,"ABALDE, ALBERTO",478.52,-0.723326587119046,-2.010540850836842,1.2872142637177961,14.880866117261466
P003842,E2017,"LESSORT, MATHIAS",632.93,1.5934041437920465,2.498583836391549,-0.9051796925995024,19.877585398548433
P003941,E2017,"MILUTINOV, NIKOLA",630.25,6.6549659791107585,5.995190573031675,0.6597754060790838,24.661251168994323
P003945,E2017,"APIC, DRAGAN",16.720000000000002,-2.251825020765812,-1.9116581621035829,-0.3401668586622291,14.1267877498124
P004004,E2017,"GUDURIC, MARKO",597.6,1.9049125612209672,0.7190329303421772,1.18587963087879,17.21456230813948
P004007,E2017,"DOBRIC, OGNJEN",395.4,-1.098508325947545,-1.0552053544783397,-0.043302971469205254,16.24723186547861
P004094,E2017,"DEMIR, BERK",34.06,1.3248535382608377,1.2737570296933705,0.05109650856746728,15.581669895256628
P004117,E2017,"BROOKS, JEFF",596.04,0.0945798969245667,0.11035462584377254,-0.015774728919205838,17.19567649295745
P004119,E2017,"TYUS, ALEX",599.39,3.590134159398773,4.132349982438236,-0.5422158230394634,21.231185270247078
P004159,E2017,"HICKMAN, RICKY",667.87,-5.296566069674281,-5.083605464923779,-0.21296060475050183,16.368498139213802
P004161,E2017,"SEGEV, ITAY",71.99,-0.18903406152773988,0.22515629453009117,-0.41419035605783106,12.61049285515497
P004165,E2017,"JANNING, MATT",759.14,-1.767225666311016,-2.8675331755556464,1.1003075092446304,13.139742843026866
P004170,E2017,"BATUK, BIRKAN",242.14,-4.08733626022628,-3.2570388973542292,-0.8302973628720505,5.637688274268146
P004178,E2017,"KOPONEN, PETTERI",585.34,-1.2840794067704888,-1.3182429494213237,0.03416354265083482,14.83771364017583
P004185,E2017,"MALMANIS, RINALDS",131.15,3.822281095217691,1.526909130024595,2.295371965193096,11.45956593622368
P004195,E2017,"DENMON, MARCUS",367.48,-2.9243746297424686,-3.6497850029227448,0.7254103731802761,12.768201134076545
P004213,E2017,"DIAZ, ALBERTO",573.71,-3.8168211633721985,-3.324987890273241,-0.49183327309895725,9.097206017660572
P004222,E2017,"OMIC, ALEN",191.02,3.4895004100315834,4.595546329823529,-1.1060459197919459,22.15957207806372
P004251,E2017,"THOMAS, MALCOLM",709.91,3.946357412864888,3.3896348725511602,0.5567225403137278,18.827868116405654
P004259,E2017,"WILLIAMS, LATAVIOUS",32.76,-1.0727875555148647,-0.7961216718213413,-0.2766658836935234,15.7342472594012
P004264,E2017,"BOST, DEE",47.11,-0.7038022185013888,-1.5217277071048587,0.8179254886034699,15.558960411651848
P004292,E2017,"TOLIOPOULOS, VASSILIS",52.910000000000004,-1.9177163417131449,-1.5319967819512406,-0.3857195597619044,14.445612884429426
P004418,E2017,"MCLEAN, JAMEL",573.14,6.812019835359319,5.117851742264553,1.6941680930947656,24.138928998660166
P004425,E2017,"BROWN, DERRICK",388.24,-5.36147119770002,-4.672277945904359,-0.6891932517956609,12.307223222509634
P004429,E2017,"AGRAVANIS, DIMITRIOS",90.75,-0.23776236170127096,-0.5993109175244478,0.3615485558231768,13.04785670331902
P004479,E2017,"SOLUADE, MO",113.08999999999999,-8.311197405874058,-6.937381360039437,-1.373816045834622,10.929084734891848
P004499,E2017,"FONTECCHIO, SIMONE",1.97,-0.5336733477529887,-0.5731321853388085,0.03945883758581982,16.954777543964926
P004535,E2017,"GARCIA, MARC",1.23,1.9397142450833553,1.883570525307104,0.05614371977625138,19.844696889836047
P004623,E2017,"GANKEVICH, ALEXANDER",1.37,-0.15271857110308382,-0.13549749272769346,-0.017221078375390365,16.26594323920394
P004664,E2017,"VALINSKAS, PAULIUS",215.21,-2.507633987564879,-2.493085392759263,-0.014548594805615933,14.367814048279254
P004720,E2017,"LAZAREVIC, STEFAN",13.510000000000002,-0.24664650272453642,-0.48369654168136567,0.23705003895682925,15.935852930650192
P004866,E2017,"KALINIC, NIKOLA",331.03,-3.5490524436205675,-5.553953892600767,2.0049014489802,13.569539628698939
P004887,E2017,"POIRIER, VINCENT",609.37,7.968764150355021,7.261255345307871,0.7075088050471497,23.35717420550362
P004888,E2017,"CLYBURN, WILL",953.98,1.6819840931574022,2.287588762083586,-0.6056046689261838,20.236511761283992
P004903,E2017,"GOUDELOCK, ANDREW",653.79,-5.374093420428891,-6.4800877628173,1.105994342388409,15.400680118014439
P004941,E2017,"ANTONOV, SEMEN",465.63,2.0593801991339182,1.551994020118625,0.5073861790152931,12.60343098166311
P004974,E2017,"ROLL, MICHAEL",760.01,-3.1064807947716595,-2.9016622578856275,-0.2048185368860318,14.521783079450358
P005001,E2017,"SANDERS, RAKIM",304.43,-1.8429658538349862,-0.4589784977389483,-1.3839873560960378,15.451075998709552
P005014,E2017,"JENKINS, CHARLES",705.52,-1.7399535925091658,-0.6720958656884688,-1.067857726820697,9.39626411033631
P005094,E2017,"THOMAS, DESHAUN",679.12,-2.4618189732168494,-2.7565616853287542,0.29474271211190506,16.02946743269086
P005099,E2017,"HANGA, ADAM",644.05,-3.1786953779745044,-1.199385135402041,-1.9793102425724634,15.064684720325385
P005112,E2017,"JACKSON, PIERRE",744.79,-4.1475828071987735,-3.1181923273432512,-1.0293904798555222,21.64902362262586
P005145,E2017,"COHEN, JAKE",142.73,0.9773891640964937,1.8756807680392935,-0.8982916039427998,13.879119458485164
P005159,E2017,"GREEN, ERICK",686.36,-2.9055373710954617,-2.8092336270090614,-0.09630374408640041,21.375551485525843
P005160,E2017,"HUNTER, OTHELLO",579.11,7.586709199151258,7.789014092900925,-0.2023048937496671,22.98431574584103
P005161,E2017,"PAPAPETROU, IOANNIS",681.56,-3.46620302256805,-3.067057647064482,-0.39914537550356755,11.936228397254343
P005216,E2017,"MCCOLLUM, ERRICK",776.84,-4.696716945579429,-5.267491277458683,0.5707743318792542,18.576796982526005
P005327,E2017,"DIAGNE, ATOUMANE",7.93,-0.27340836252665635,-0.05003692281872285,-0.2233714397079335,16.389128751580685
P005348,E2017,"ARNA, EGEHAN",3.17,-0.4102376029051422,-0.46981827546433635,0.05958067255919415,17.532990851585765
P005363,E2017,"OKOUO, VINY",99.4,-0.4349459776666441,0.6305247121464411,-1.0654706898130852,13.48484787441376
P005368,E2017,"YUSTA, SANTI",110.98,-1.216426312067525,-1.6174180051148483,0.40099169304732335,15.209397412826352
P005458,E2017,"GARCIA, SERGI",103.83,-4.550752724652945,-3.902681821134135,-0.6480709035188092,13.584254850405259
P005519,E2017,"SAJUS, MARTYNAS",36.089999999999996,-2.770183567683061,-2.383223037815339,-0.3869605298677217,11.52824356057097
P005713,E2017,"KURUCS, RODIONS",16.12,0.07289245042215647,-0.09747267876531868,0.17036512918747515,13.85531059385208
P005718,E2017,"TIMMA, JANIS",752.03,-1.167176333455271,-1.8150505132256693,0.6478741797703984,13.014657542760354
P005757,E2017,"RANDOLPH, ANTHONY",375.87,0.23184750738740423,1.07979690500455,-0.8479493976171457,20.612517423157804
P005781,E2017,"KANE, DEANDRE",701.3,0.22209795626299733,0.9037363193294217,-0.6816383630664243,16.88366238132797
P005791,E2017,"TAVARES, WALTER",504.69,7.392851774170933,7.915696128950506,-0.5228443547795726,23.100892467476065
P005800,E2017,"HONEYCUTT, TYLER",359.97,7.148888904263616,5.957822249609252,1.1910666546543647,22.716435128721663
P005836,E2017,"THOMPKINS, TREY",615.6899999999999,4.416413894674175,6.1696601153281145,-1.7532462206539392,20.46818967172673
P005838,E2017,"WANAMAKER, BRAD",941.96,-0.037458193405942364,-0.9285593554065688,0.8911011620006264,19.43345105969337
P005856,E2017,"THOMAS, WILL",708.11,-0.42369508628585306,-0.42194180356994615,-0.001753282715906912,14.216973761193527
P005881,E2017,"GABRIEL, KENNY",372.94,1.3486857201650622,0.28232493025580974,1.0663607899092524,10.675516273011596
P005917,E2017,"ORIOLA, PIERRE",508.26,2.8096850002083382,3.523731399572824,-0.7140463993644856,17.770161881692207
P005918,E2017,"FELDEINE, JAMES",697.9,-5.774202656284416,-6.533029621229201,0.7588269649447855,15.8025801054745
P005927,E2017,"AYON, GUSTAVO",416.13,10.251245801607936,7.2493178121303385,3.0019279894775988,23.18965893507082
P005928,E2017,"CAMPAZZO, FACUNDO",696.42,0.9420252699945311,-0.9788216498121265,1.9208469198066576,17.74048701207667
P005929,E2017,"DONCIC, LUKA",854.25,2.4537745413190972,3.626009641882476,-1.1722351005633789,31.615277617142365
P005938,E2017,"ANDERSON, JAMES",650.08,-0.7586314642604013,-1.387542429551479,0.6289109652910778,15.476854023781598
P005942,E2017,"DANGUBIC, NEMANJA",363.42,2.320454570233205,2.4902914724268657,-0.16983690219366065,14.088469781533174
P005985,E2017,"JAMES, MIKE",305.25,0.018634957672506863,-0.12490028055581279,0.14353523822831965,22.822649392123637
P006183,E2017,"MASIULIS, GYTIS",38.339999999999996,3.0824357319489337,2.9841251456931044,0.09831058625582946,17.12359885902923
P006357,E2017,"MAKIEV, ALAN",0.92,-0.09428253924409062,-0.08271801945915569,-0.011564519784934935,16.338472712624885
P006385,E2017,"PASCOLO, DAVIDE",125.46,-0.021847791348094947,0.1647473884164508,-0.18659517976454576,15.297075606130154
P006399,E2017,"DUVERIOGLU, AHMET",242.69,6.451130118989138,6.1960011173134895,0.2551290016756478,15.783590610050203
P006420,E2017,"HECKMANN, PATRICK",155.67,-2.5032150928812587,-3.42835133056233,0.9251362376810716,8.796020910384886
P006433,E2017,"PANGOS, KEVIN",963.25,-0.4129374028037477,0.28872135291995404,-0.7016587557237017,20.58676573351338
P006450,E2017,"HIGGINS, CORY",890.12,0.6492712967196397,1.2797079573561885,-0.6304366606365488,21.824504773318488
P006477,E2017,"RUBIT, AUGUSTINE",651.39,2.4144582794971012,3.117285750131233,-0.7028274706341318,21.625093049093152
P006505,E2017,"WHITE, AARON",777.89,2.169608179888492,2.95559427328007,-0.7859860933915783,17.779993696429056
P006536,E2017,"RUDD, VICTOR",131.9,-3.352916726081213,-3.085472710644514,-0.2674440154366987,12.629920940742146
P006543,E2017,"RADONCIC, DINO",45.42,-3.9727900865771275,-3.973694652431265,0.0009045658541373403,11.613799107124903
P006546,E2017,"TAYLOR, JEFFERY",696.19,-3.897195945548997,-3.7607161114266225,-0.1364798341223743,10.209722134362531
P006586,E2017,"KALAITZAKIS, GEORGIOS",0.37,-0.38543136036879255,-0.39141985144229097,0.005988491073498396,17.225053961921923
P006590,E2017,"BEAUBOIS, RODRIGUE",703.22,-0.5350298961660571,-0.05819659704996699,-0.47683329911609007,19.532480100293945
P006599,E2017,"MOTUM, BROCK",558.11,-3.4372409632367233,-2.2807690890096763,-1.156471874227047,15.937880697995933
P006614,E2017,"SINGLETON, CHRIS",1026.67,3.610505118670027,3.2733759897199626,0.33712912895006436,16.587713053652003
P006625,E2017,"ZOOSMAN, YOVEL",112.60000000000001,-2.6114485696693874,-1.9071918928754195,-0.7042566767939682,13.212035118335388
P006643,E2017,"PUERTO, JOSEP",32.28,-1.3897985099167927,-1.1455030211264965,-0.24429548879029606,16.396119338963587
P006693,E2017,"SAYBIR, YIGITCAN",10.9,-3.924261681131357,-3.7636566671641587,-0.1606050139671984,13.064730984293087
P006737,E2017,"ROSA, IGNACIO",0.18,-0.368713961190345,-0.36945595351723515,0.0007419923268901709,17.25772276061193
P006919,E2017,"OLINDE, LOUIS",114.7,0.3210206448657309,-0.8902097968009401,1.211230441666671,13.082807015175145
P007032,E2017,"LO, MAODO",502.40999999999997,-4.079573229276188,-3.763331826970797,-0.3162414023053911,11.037131963543274
P007185,E2017,"JONES, KEVIN",157.22,1.5859389194102085,1.3344526126277767,0.2514863067824317,15.896425885071546
P007201,E2017,"VOIGTMANN, JOHANNES",720.83,7.205284934835593,6.162545577632117,1.0427393572034762,20.965216507873862
P007400,E2017,"NUNNALLY, JAMES",599.17,2.6695506186296667,1.1399227767282998,1.5296278419013667,17.004274591527246
P007516,E2017,"ARLAUSKAS, MARTYNAS",13.379999999999999,-0.5240220487610231,-0.504234884356854,-0.019787164404169083,15.601328860099695
P007865,E2017,"ANTETOKOUNMPO, THANASIS",374.7,2.4365650287153713,2.0694029734788115,0.36716205523655976,14.34354048063641
P007866,E2017,"MITOGLOU, KONSTANTINOS",12.44,-0.1826634863556036,0.009981649712987817,-0.1926451360685914,16.08750147774905
P007870,E2017,"DAVIES, BRANDON",608.86,4.767672135277941,3.948572209233503,0.8190999260444383,21.963263078969195
P007872,E2017,"ADAMS, JOSH",268.07,-1.50559906691573,-1.116450546862108,-0.3891485200536219,16.1080193065398
P007929,E2017,"BITIM, ONURALP",35.29,-2.1999042866387133,-2.4092125000274374,0.20930821338872402,15.735669052835418
P007946,E2017,"THEODORE, JORDAN",605.12,-3.7390046378640416,-4.719350211579475,0.9803455737154335,16.747331895504455
P007947,E2017,"VILDOZA, LUCA",317.21,-2.082535363253052,-3.1780095862684523,1.0954742230154002,13.156153175039197
P007948,E2017,"AUGUSTE, ZACH",81.3,0.0751136931046747,0.3867745473619574,-0.3116608542572827,12.624813382008291
P007960,E2017,"DAVIDOVAC, DEJAN",375.43,1.4797139207901548,2.7134522088657924,-1.2337382880756376,18.696503515045546
P007961,E2017,"JANKOVIC, STEFAN",330.59,-2.965934544180106,-2.0468708375295517,-0.9190637066505547,12.654447772029318
P007969,E2017,"LEDO, RICKY",272.81,-6.337494328355694,-7.2661611889952695,0.9286668606395754,12.577126863973884
P007988,E2017,"BOLDEN, JONAH",613.89,5.068680362539072,6.522081712187024,-1.4534013496479519,19.39917727683271
P007989,E2017,"COLE, NORRIS",686.5600000000001,-4.3702168787456825,-4.31314807089241,-0.05706880785327245,17.96287462642151
P007990,E2017,"DIBARTOLOMEO, JOHN",359.69,-2.771752915374188,-1.4830262385543724,-1.288726676819816,10.983224925837202
P007991,E2017,"MUSTAFA, MUHAYMIN",49.47,-7.832037239110269,-7.089837419157784,-0.7421998199524851,9.961053496742512
P007992,E2017,"JEFFERSON, CORY",149.49,-4.04135166502545,-3.3922726815856477,-0.649078983439803,10.296519564544084
P007993,E2017,"M'BAYE, AMATH",528.98,-1.5835994551817751,-1.1478078137283423,-0.43579164145343285,12.54233626849519
P007994,E2017,"GARINO, PATRICIO",347.37,-0.4237188896554689,-2.3049543837886532,1.8812354941331844,13.163329383190877
P007995,E2017,"MARTINEZ, IVAN",5.73,-2.766563010467906,-2.931396475782332,0.16483346531442608,14.838538410650745
P007996,E2017,"MCRAE, JORDAN",45.879999999999995,-3.2786929045500073,-4.705217535010589,1.4265246304605816,16.238543091294922
P007997,E2017,"PRESSEY, PHIL",224.99,-1.1740789515631436,-1.543991726605558,0.36991277504241443,14.920085744663233
P007998,E2017,"THOMPSON, JASON",575.33,4.801132097266956,3.0873884291396636,1.7137436681272922,15.590716636545247
P008001,E2017,"GILL, ANTHONY",811.82,4.870991306278016,2.831508676680667,2.039482629597349,19.79434391234904
P008002,E2017,"MCCALLUM, RAY",644.42,-4.273502775456195,-4.595392761860761,0.321889986404566,15.379595747236914
P008003,E2017,"ROBINSON, THOMAS",286.25,5.324303630096613,6.869629071895149,-1.5453254417985363,20.42428133633166
P008004,E2017,"TARCZEWSKI, KALEB",592.54,5.049248979980713,6.871384519237894,-1.8221355392571812,20.054984067574587
P008014,E2017,"THOMPSON, HOLLIS",423.13,0.45048894105250636,-0.6629311095143069,1.1134200505668133,13.703818680171477
P008015,E2017,"MASHOUR, KARAM",40.86,-1.3680043602148277,-0.30670239302041613,-1.0613019671944117,13.40961711030884
P008032,E2017,"GONZALEZ, MIGUEL",7.9,-0.6998187511949457,-0.6001783709399775,-0.09964038025496824,16.393685506562587
P008038,E2017,"RANDLE, CHASSON",174.57,-2.4866723671928384,-1.2542556705062906,-1.2324166966865475,12.123970813119072
P008041,E2017,"HLINASON, TRYGGVI",89.33,2.782139272125982,2.9408421623649774,-0.15870289023899536,18.427500481477335
P008042,E2017,"EDIGIN, EDDY",1.13,-0.2847506428383828,-0.29292851687547183,0.008177874037089035,16.700075804984706
P008049,E2017,"WRIGHT, DORELL",695.83,4.217191284759937,3.7966112843287774,0.42058000043115956,19.56307083944825
P008052,E2017,"WILTJER, KYLE",231.51999999999998,1.4656379065747727,0.9812661922895174,0.4843717142852554,14.746858910949879
P008062,E2017,"MCDOWELL-WHITE, WILLIAM",2.32,0.6438200680018177,0.6832402015568573,-0.03942013355503959,18.06957257777662
P008066,E2017,"ENNIS, DYLAN",234.0,-4.052072627097707,-3.0491333930168376,-1.0029392340808694,15.834966066341627
P008152,E2017,"DOUGLAS, TONEY",244.05,-1.7613510456269759,-1.368889626781951,-0.3924614188450248,15.837461607784054
P008348,E2017,"PAYNE, ADREIAN",118.91,0.9112828428581198,0.5903878128047039,0.3208950300534159,17.033843434096678
PAAX,E2017,"REYES, FELIPE",543.61,7.236323118028507,6.31998803249027,0.9163350855382361,26.303007514112743
PABN,E2017,"ZISIS, NIKOS",604.36,-4.957018852266939,-3.7309323694181016,-1.2260864828488383,12.960529652674914
PADI,E2017,"NAVARRO, JUAN CARLOS",342.53,-8.126310457829886,-7.418902381065817,-0.7074080767640687,15.024695876343081
PAGP,E2017,"UDRIH, BENO",195.82999999999998,-2.4579436150733454,-2.9406431614884423,0.4826995464150967,12.740015097042573
PAMM,E2017,"PRINTEZIS, GEORGIOS",716.55,1.0521814767403042,0.6175184496440754,0.4346630270962287,20.8791606958032
PBAE,E2017,"ANTIC, PERO",327.08,1.450678005632906,-0.8323438978314344,2.2830219034643404,14.53797570983915
PBCQ,E2017,"KHRYAPA, VICTOR",105.27,2.219256395207168,0.9729456788302173,1.2463107163769505,12.904363356350679
PBCV,E2017,"DELFINO, CARLOS",10.0,-1.9080503940670253,-1.6980840855403407,-0.2099663085266846,15.717078783255484
PBFX,E2017,"MONIA, SERGEY",382.61,-3.7029347690365713,-2.4645264971367937,-1.2384082718997775,10.793142840301908
PBGV,E2017,"VIALTSEV, EGOR",342.74,-1.8945752853492968,-2.3070941280977593,0.4125188427484624,11.674749663816469
PBMT,E2017,"FERNANDEZ, RUDY",599.88,-0.5425439225402255,0.20190455656267442,-0.7444484791029,18.358688155338207
PBTG,E2017,"CUSIN, MARCO",26.21,-1.599117065503027,-1.7282331014362406,0.12911603593321377,13.064564346391753
PBWI,E2017,"JANKUNAS, PAULIUS",752.49,4.906032225915966,5.048347207997602,-0.1423149820816363,22.861122906025997
PCCD,E2017,"DATOME, LUIGI",832.35,-0.027150059802650395,-0.2833821077086065,0.2562320479059561,16.398218122119484
PCHX,E2017,"BJELICA, MILKO",752.09,-2.398077151508672,-2.8415718228610367,0.44349467135236464,13.999552472342243
PCPR,E2017,"SIMON, KRUNOSLAV",734.34,-1.6632956146355686,-2.5239759436927898,0.8606803290572211,13.91384647285052
PCVM,E2017,"RODRIGUEZ, SERGIO",936.72,1.270036417636138,-0.005241548772616733,1.2752779664087548,20.882088380814594
PJBX,E2017,"KALNIETIS, MANTAS",323.9,-4.818828376236515,-4.128445706337622,-0.6903826698988926,13.325969960269177
PJCC,E2017,"MACIULIS, JONAS",283.38,-1.0338102186334734,-1.8569239764124696,0.8231137577789963,10.665341609260013
PJJS,E2017,"SUAREZ, CARLOS",570.58,1.2018262351785407,0.8665525277946144,0.33527370738392615,18.981894279814643
PJLX,E2017,"KURBANOV, NIKITA",673.27,1.2650425546854018,1.1164556984164637,0.14858685626893808,14.133328159838223
PJUG,E2017,"RIBAS, PAU",498.72,1.5882498659568522,0.4781918802934305,1.1100579856634218,17.9865023152026
PJUJ,E2017,"HUERTAS, MARCELINHO",480.74,-7.0848844385915895,-5.403445067258046,-1.6814393713335434,15.375002008055418
PJUO,E2017,"SPANOULIS, VASSILIS",629.92,-8.188313389735747,-8.610456563812518,0.42214317407677004,18.041536971391526
PJZH,E2017,"RUDEZ, DAMJAN",127.73,-5.427473821947602,-4.975960472053877,-0.4515133498937258,9.348257437132144
PKIW,E2017,"CINCIARINI, ANDREA",327.27,1.619669475650651,3.356598570878394,-1.736929095227743,17.433657093074878
PKLT,E2017,"HEURTEL, THOMAS",709.29,-2.078826108705184,-0.2655356334910834,-1.8132904752141004,22.796375423096915
PKPD,E2017,"MILAKNIS, ARTURAS",787.38,-1.682361991149934,-0.8236624759342757,-0.8586995152156582,12.90188945678075
PKVZ,E2017,"SHVED, ALEXEY",1066.5,-5.049090280104588,-5.4024402858943805,0.3533500057897929,25.03975882225298
PLBJ,E2017,"STIMAC, VLADIMIR",546.62,8.210695078538409,8.212418099463607,-0.0017230209251972717,28.407532501559032
PLDX,E2017,"WACZYNSKI, ADAM",511.44,2.598575367982483,1.6102841646942518,0.9882912032882314,18.528193553182817
PLEM,E2017,"RADOSEVIC, LEON",579.21,-2.556771392637516,-2.1070694137320056,-0.4497019789055106,15.030518788236485
PLHI,E2017,"VORONTSEVICH, ANDREY",450.35,1.3610127577139222,-0.03896799629678285,1.399980754010705,13.752845763892257
PLHK,E2017,"PLEISS, TIBOR",558.21,3.5429319461697,4.315979796971589,-0.7730478508018888,24.44338230376035
PLIM,E2017,"HERSEK, BARIS",2.22,-0.3757422610002727,-0.4174675269565532,0.04172526595628049,16.52199829933578
PLLH,E2017,"FRIDZON, VITALY",228.82,-3.144111168822686,-3.8820396571544302,0.7379284883317443,8.420651621428451
PLME,E2017,"MARKOVIC, STEFAN",757.34,-3.2293975343463557,-4.276694280101749,1.0472967457553932,12.187555306130708
PLRQ,E2017,"VAN ROSSOM, SAM",518.11,-1.6158123339268715,-2.9907182443677263,1.3749059104408548,15.416153542505546
PLTF,E2017,"SOKOLOV, DMITRY",6.47,-0.27432845736498845,-0.38130817619281,0.10697971882782151,16.613869316785042
PLUO,E2017,"LAZIC, BRANKO",611.3,-4.46401707811191,-4.318207651070308,-0.14580942704160182,6.704454753490938
PLUR,E2017,"MUSLI, DEJAN",398.39,3.6163932607533686,5.851930589754296,-2.2355373290009277,25.780771416276615
PTFX,E2017,"VOUGIOUKAS, IAN",269.51,2.9243196525552584,2.524265878068193,0.40005377448706547,19.40104101690916
PTGB,E2017,"LLULL, SERGIO",71.96000000000001,-0.5833851252344368,-1.079129987069283,0.49574486183484623,16.101876402408138
P000007,E2018,"DEDOVIC, NIHAD",692.12,-1.0675853076377357,-0.7552541808525753,-0.31233112678516045,17.331816727463142
P000046,E2018,"STRELNIEKS, JANIS",414.5,3.459214834103612,1.4212629452574788,2.037951888846133,16.266042111094468
P000202,E2018,"SEHOVIC, SUAD",311.16,1.8669888335582514,2.6420920073888388,-0.7751031738305874,10.917595744133921
P000229,E2018,"JACKSON, EDWIN",791.92,-4.693145689033467,-3.9375017016645275,-0.7556439873689399,13.688311357698115
P000399,E2018,"KAVALIAUSKAS, ANTANAS",235.82,4.676345570443596,3.9156973488115763,0.7606482216320192,17.893153076523447
P000436,E2018,"BERTANS, DAIRIS",366.9,-0.12424005551097994,1.6976460439837215,-1.8218860994947015,13.298090953433505
P000464,E2018,"PAPPAS, NIKOS",341.23,-6.414393967709692,-5.433677299678454,-0.9807166680312389,11.0801139228024
P000494,E2018,"GULER, SINAN",116.05,-1.6895683408092574,-2.487181899483745,0.7976135586744875,12.260489081962989
P000529,E2018,"MICOV, VLADIMIR",942.45,-2.341053933333719,-1.2084325379683132,-1.1326213953654056,17.429016898803877
P000531,E2018,"GORDIC, NEMANJA",699.3199999999999,-7.890345366498723,-6.87782805350524,-1.012517312993483,11.620976162435701
P000532,E2018,"SEHOVIC, SEAD",57.68,-3.610078930805769,-2.9806401738471386,-0.6294387569586306,15.27700828360035
P000554,E2018,"OLIVER, ALBERT",406.03999999999996,-6.667895903612514,-5.6616836342951125,-1.0062122693174018,13.139037756221057
P000556,E2018,"CLAVER, VICTOR",744.5699999999999,0.42650922922802614,-0.5215223431443976,0.9480315723724237,14.408371912521288
P000848,E2018,"NEDOVIC, NEMANJA",352.03,-0.33761314567970313,-1.6178904243320091,1.280277278652306,17.629092463239395
P000925,E2018,"VESELY, JAN",776.95,5.969988087391066,6.125503749360045,-0.15551566196897948,26.830353687391643
P001133,E2018,"SHENGELIA, TORNIKE",489.86,2.1323204073523003,3.4800440742275125,-1.3477236668752122,20.56230065805124
P001255,E2018,"PAPANIKOLAOU, KOSTAS",704.42,0.47988325846375973,-0.30502662482449766,0.7849098832882574,14.182738701372546
P001287,E2018,"LASME, STEPHANE",290.28,0.7991295156581097,1.041445690239348,-0.24231617458123833,13.858969627339611
P001288,E2018,"LUCIC, VLADIMIR",758.83,1.5483831311929999,2.725835937464369,-1.177452806271369,18.360884768997476
P001324,E2018,"MUHAMMED, ALI",604.98,4.210705945581993,2.878055601964061,1.3326503436179322,19.58761761490837
P001392,E2018,"CAUSEUR, FABIEN",493.23,-1.5653606205829216,-3.2851942758928914,1.7198336553099698,15.792995408455578
P001433,E2018,"STRAWBERRY, DJ",632.02,-8.27254458965919,-6.919573246203824,-1.3529713434553656,12.689378249444145
P001792,E2018,"ZAYTSEV, VYACHESLAV",96.44,-1.3135939587005057,-0.3784639724973049,-0.9351299862032008,13.280791418031479
P001833,E2018,"MOERMAN, ADRIEN",1047.2,4.382322516133617,4.013970994521404,0.3683515216122124,20.509831473289836
P001844,E2018,"HACKETT, DANIEL",606.1,1.0102975131574197,0.41658714213992853,0.5937103710174911,14.967962988469202
P001887,E2018,"LANGFORD, KEITH",496.59999999999997,-1.3016157201885132,-1.742781397762194,0.44116567757368086,19.525441947968663
P001926,E2018,"SLOUKAS, KOSTAS",878.41,-1.2076266136820664,-0.07750945279677812,-1.1301171608852882,22.290122408967715
P001932,E2018,"CALATHES, NICK",1023.28,-0.021098589270494905,-1.1621375322390373,1.1410389429685424,20.163163829283977
P001933,E2018,"BOGRIS, GEORGIOS",119.69,0.9778501605678173,0.6074971803690299,0.3703529801987874,10.964899022067929
P001948,E2018,"SERAPHIN, KEVIN",380.08,3.0866307982921883,1.7926590478671698,1.2939717504250183,20.848355828524628
P001960,E2018,"CARROLL, JAYCEE",503.19,-3.8974886635012194,-5.201956688720007,1.3044680252187877,15.532218150430383
P002008,E2018,"KUZMINSKAS, MINDAUGAS",511.63,2.8830105069936867,2.867785498019219,0.015225008974468102,20.092014234354274
P002100,E2018,"DE COLO, NANDO",826.93,1.4300845070810215,0.5438033124984396,0.886281194582582,25.94465457602851
P002276,E2018,"KULAGIN, MIKHAIL",51.93,-5.8109025266729555,-5.971375349387175,0.16047282271421967,10.852884000250796
P002328,E2018,"GRIGONIS, MARIUS",705.4499999999999,-1.2793963958383872,-0.310864159154853,-0.9685322366835343,17.839566287364956
P002329,E2018,"ULANOVAS, EDGARAS",852.05,-3.0311761762584366,-2.827397098046256,-0.2037790782121808,14.168246064973587
P002507,E2018,"TOMIC, ANTE",709.64,6.428597363367812,5.360609272528105,1.067988090839707,25.00973107326479
P002543,E2018,"WESTERMANN, LEO",464.19,-0.5306759528526546,-2.582454597781024,2.0517786449283695,14.337153558478711
P002551,E2018,"NIKOLIC, DANILO",370.36,0.1499622809947414,0.8106820622713414,-0.6607197812766,14.816052951267336
P002561,E2018,"RADICEVIC, NIKOLA",238.81,-3.141090881580418,-3.502741722506829,0.36165084092641075,15.019859703545066
P002580,E2018,"MICIC, VASILIJE",1032.16,-2.1691848273606773,-2.9206676071963678,0.7514827798356902,19.793031608746205
P002582,E2018,"TOUPANE, AXEL",356.55,-5.621824949997162,-4.40571394751741,-1.216111002479752,11.321604788430848
P002644,E2018,"BALVIN, ONDREJ",542.3100000000001,5.301336503772482,5.579076903710433,-0.2777403999379514,19.879619912749455
P002661,E2018,"PREPELIC, KLEMEN",188.92,-3.593976021346645,-2.413072562875523,-1.1809034584711218,16.22898610742802
P002741,E2018,"BAROVIC, FILIP",340.25,1.2592024501023604,1.7819624152555469,-0.5227599651531863,15.829366646582859
P002744,E2018,"TILLIE, KIM",494.15,-1.6997226077603236,-0.8077080598013755,-0.8920145479589481,13.479556788955826
P002812,E2018,"HINES, KYLE",702.99,2.9479251452845063,2.4847835258927162,0.4631416193917901,17.196825198518166
P002834,E2018,"PARGO, JEREMY",209.79,-9.289650291743751,-10.163603948612517,0.8739536568687651,7.001125491972315
P002849,E2018,"MELLI, NICOLO",934.35,0.9439567339208469,0.39572890857989196,0.5482278253409549,14.549116513905451
P002925,E2018,"TUNCER, BUGRAHAN",49.849999999999994,-3.0732937211251503,-3.8727792754886816,0.7994855543635315,13.40593037142545
P002968,E2018,"SANLI, SERTAC",31.86,0.9894579859576278,0.6649032704889487,0.32455471546867903,17.965104399803604
P002969,E2018,"MAHMUTOGLU, MELIH",374.51,1.4214968083093789,0.9924119370869511,0.4290848712224278,15.107961193985593
P002971,E2018,"BAYGUL, MUHAMMED",295.85,-5.828761767144995,-4.7735700592605,-1.0551917078844948,13.05766999155767
P002980,E2018,"GIST, JAMES",685.68,0.6600079539869548,0.6446841050254057,0.01532384896154898,17.473880798999723
P003024,E2018,"GRANGER, JAYSON",231.37,-4.13720941574665,-4.322867044500196,0.18565762875354608,13.425713450698929
P003048,E2018,"DUNSTON, BRYANT",912.75,5.943918385502073,4.724406716103776,1.2195116693982968,20.42841635759872
P003067,E2018,"JERRELLS, CURTIS",451.11,-5.763041922240088,-5.793026201245201,0.029984279005113246,12.35484506932936
P003091,E2018,"BIRSEN, METECAN",35.54,-0.1292495418543072,-0.4724607104072503,0.3432111685529431,16.591992519980106
P003120,E2018,"GUDAITIS, ARTURAS",502.11,7.014101662108981,8.925361161022359,-1.9112594989133775,28.91311997169637
P003151,E2018,"ERIKSSON, MARCUS",538.75,-4.185411309853107,-2.385779677671925,-1.7996316321811814,18.925837442126188
P003204,E2018,"PAULI, ORIOL",409.52,-4.906328837476593,-3.5741232464302715,-1.3322055910463213,15.87548804003396
P003210,E2018,"LEKAVICIUS, LUKAS",355.79,-4.274240670517729,-4.292441119304035,0.018200448786306445,15.201910235323513
P003332,E2018,"IVANOVIC, NIKOLA",156.66,-0.810385167658745,-1.2022955817343128,0.3919104140755678,19.203922177815414
P003452,E2018,"BLAZIC, JAKA",340.06,1.4126531709226395,1.2628195087675225,0.149833662155117,16.836064777889614
P003453,E2018,"THOMPSON, DEON",234.09,3.7024090801340743,2.655112480905223,1.0472965992288512,16.908254261301156
P003469,E2018,"VEZENKOV, SASHA",291.33,2.1973240083494705,1.8869000674919134,0.3104239408575572,18.012620208412603
P003479,E2018,"KUZMIC, OGNJEN",34.04,-0.6868065587002073,-0.32094173736843357,-0.3658648213317738,15.882413206192954
P003490,E2018,"BARTHEL, DANILO",711.77,-0.756803698293423,0.6658511849268138,-1.4226548832202368,16.665901260403935
P003521,E2018,"BALBAY, DOGUS",369.82,3.4256740075605068,2.423036480261093,1.0026375272994137,10.916688659823134
P003537,E2018,"MANTZARIS, VANGELIS",322.93,-2.7991551098863523,-3.6292644821564117,0.8301093722700594,8.249305242376051
P003540,E2018,"DIOP, ILIMANE",379.36,2.933454627069417,2.850908879190604,0.08254574787881339,16.20677291838723
P003573,E2018,"ZUBKOV, ANDREY",391.29,-1.0895031191516547,0.34228000293737465,-1.4317831220890294,13.859184323226819
P003608,E2018,"LOJESKI, MATT",396.67,-1.2876390206856296,-0.4880069044061124,-0.7996321162795174,16.205687209129003
P003921,E2018,"PASECNIKS, ANZEJS",370.15,1.5368003317789392,1.3238629769120798,0.21293735486685933,18.05568151900054
P003941,E2018,"MILUTINOV, NIKOLA",728.6,8.63688200842667,8.401105659545747,0.23577634888092286,29.12005631928325
P004004,E2018,"GUDURIC, MARKO",796.99,1.8027741301170521,1.551771469842534,0.2510026602745181,18.293268226131957
P004094,E2018,"DEMIR, BERK",254.72,-3.8980882876535636,-2.0434932683669316,-1.8545950192866323,11.865354832425867
P004096,E2018,"KOSUT, EMIRCAN",124.63,-3.3555014452519325,-3.070309108284595,-0.2851923369673376,14.997456555927986
P004117,E2018,"BROOKS, JEFF",726.65,1.140174850746613,2.721276787050378,-1.5811019363037648,14.091669589497492
P004119,E2018,"TYUS, ALEX",549.09,4.924903070331666,4.108066531519556,0.8168365388121104,21.21258787865797
P004165,E2018,"JANNING, MATT",697.64,-3.6208665722025057,-3.0747303865906033,-0.5461361856119024,13.952257492299914
P004178,E2018,"KOPONEN, PETTERI",547.1800000000001,-0.2605354913756562,0.1060687703064423,-0.3666042616820985,18.988347393550637
P004179,E2018,"OZMIZRAK, KARTAL",361.31,-2.5680162226436902,-1.6642321877133635,-0.9037840349303266,15.71368204929029
P004194,E2018,"LAUVERGNE, JOFFREY",396.49,5.031457147714534,3.179273882416841,1.8521832652976926,21.448324570803244
P004222,E2018,"OMIC, ALEN",490.58,0.027103193415105364,1.9847248817825345,-1.9576216883674291,17.624841115781273
P004251,E2018,"THOMAS, MALCOLM",598.91,3.967581826262187,5.602352157450108,-1.6347703311879207,22.676565889968813
P004264,E2018,"BOST, DEE",522.24,-1.1993823310061404,-2.4960692795024912,1.2966869484963508,14.221005827587591
P004429,E2018,"AGRAVANIS, DIMITRIS",5.25,0.889519050816353,0.8046456117791716,0.08487343903718134,17.566543146395283
P004499,E2018,"FONTECCHIO, SIMONE",4.01,-1.360279945922303,-1.3405168215734389,-0.019763124348864056,14.314764601077812
P004628,E2018,"YAKUSHIN, TIMOFEY",0.28,-0.11363144278919958,-0.1168472102108852,0.003215767421685624,17.240513224552288
P004834,E2018,"PUSTOVYI, ARTEM",72.66,1.0377147936219608,2.417738590963249,-1.380023797341288,20.901648709360035
P004863,E2018,"JOVIC, STEFAN",491.9,1.0981970472176426,1.5315643593050432,-0.43336731208740065,18.801957537013184
P004866,E2018,"KALINIC, NIKOLA",890.3100000000001,-0.17822271596460953,-0.43888447945327985,0.2606617634886703,16.609827898494515
P004887,E2018,"POIRIER, VINCENT",870.72,8.844700136525901,8.903250915885154,-0.05855077935925351,26.58735646340665
P004888,E2018,"CLYBURN, WILL",944.52,6.646421296712728,5.7842697015935585,0.8621515951191698,25.168382286751907
P004941,E2018,"ANTONOV, SEMEN",149.73,-2.447465095723816,-2.844270325650945,0.3968052299271288,10.126451231962934
P004974,E2018,"ROLL, MICHAEL",619.01,-2.133258971324551,-1.6418175332760692,-0.49144143804848195,16.368171049301267
P004997,E2018,"DIEBLER, JON",509.75,-5.60398877663725,-5.421150595122814,-0.18283818151443604,9.13305234302272
P005014,E2018,"JENKINS, CHARLES",690.2,0.6444609638809898,0.8182061462310088,-0.173745182350019,12.311919344669835
P005094,E2018,"THOMAS, DESHAUN",722.91,0.24040918559336844,-0.9790661300216336,1.219475315615002,17.65548925904182
P005099,E2018,"HANGA, ADAM",561.74,4.45196213444622,4.101719263876561,0.35024287056965964,19.900381820893557
P005128,E2018,"HOBBS, BRAYDON",177.79,2.909687273082915,2.6650293201689776,0.24465795291393705,18.607144483811886
P005145,E2018,"COHEN, JAKE",216.05,0.08262900560191277,-0.5790661251745512,0.661695130776464,12.937442386198715
P005159,E2018,"GREEN, ERICK",353.24,0.9948900819722882,-0.6417569838405631,1.6366470658128514,16.258226692609
P005160,E2018,"HUNTER, OTHELLO",644.68,5.019042774449394,5.001364461918218,0.01767831253117569,20.530803386901898
P005161,E2018,"PAPAPETROU, IOANNIS",716.08,3.9315153439553905,1.1216137802356154,2.809901563719775,16.381823676794067
P005348,E2018,"ARNA, EGEHAN",10.18,-2.254610158874114,-2.4283996201144302,0.17378946124031647,14.602275060429328
P005357,E2018,"NIKOLIC, ZORAN",31.490000000000002,1.982767184122035,2.2927653967814248,-0.30999821265939,13.45257180133929
P005368,E2018,"YUSTA, SANTI",46.1,-0.42844245080056637,0.13351660594799225,-0.5619590567485586,15.392735565763884
P005415,E2018,"PENAVA, AJDIN",13.32,-2.175081895796449,-2.272823077008052,0.09774118121160333,15.962572062814186
P005504,E2018,"BIRUTIS, LAURYNAS",117.14,-3.3814502406453126,-2.718471747915833,-0.6629784927294796,13.856860394943833
P005692,E2018,"BURNS, CHRISTIAN",45.57,0.7226172272313014,0.743000043896884,-0.020382816665582615,14.074868902645488
P005718,E2018,"TIMMA, JANIS",264.98,-4.376385670534196,-4.256936024815376,-0.11944964571882039,10.107070705677309
P005757,E2018,"RANDOLPH, ANTHONY",746.49,3.720815900650215,4.373035877318896,-0.6522199766686818,23.590212130276914
P005771,E2018,"CALOIARO, ANGELO",745.64,2.820139343515412,2.8332852885558073,-0.013145945040395568,16.47140469485609
P005781,E2018,"KANE, DEANDRE",643.75,-1.1117409964235574,-0.09271861248318905,-1.0190223839403683,13.941349467103333
P005788,E2018,"BAEZ, EULIS",456.8,1.3222426984160447,1.1709738389999644,0.15126885941608031,15.748704501002342
P005789,E2018,"KURIC, KYLE",671.9,-2.5962037409183614,-1.569312864990077,-1.0268908759282844,15.557557541337095
P005791,E2018,"TAVARES, WALTER",659.94,9.475081979543729,8.96429667979748,0.5107852997462488,26.17164337468498
P005836,E2018,"THOMPKINS, TREY",416.62,2.1846362219896376,2.7766192127991944,-0.5919829908095567,18.754362328516326
P005844,E2018,"PAPAGIANNIS, GEORGIOS",316.58,3.281303455970491,1.9880563120220622,1.2932471439484285,17.208888247534937
P005884,E2018,"DELLA VALLE, AMEDEO",72.62,-1.153664608612576,-1.2604461982333395,0.10678158962076356,15.113420612664255
P005917,E2018,"ORIOLA, PIERRE",601.64,1.1810586578766138,1.2636554917461584,-0.08259683386954475,14.036940120514942
P005922,E2018,"PEINERS, ZANIS",490.72,-2.537755842532815,-2.706222058582008,0.16846621604919343,17.82380597602604
P005927,E2018,"AYON, GUSTAVO",609.35,12.94713145320706,12.558931133342957,0.3882003198641024,27.756225651875805
P005928,E2018,"CAMPAZZO, FACUNDO",800.84,0.6747780641445975,0.9385990899613469,-0.2638210258167494,21.500908780869082
P005938,E2018,"ANDERSON, JAMES",541.08,0.4163654943556045,0.2108413783371676,0.2055241160184369,13.678290800146788
P005942,E2018,"DANGUBIC, NEMANJA",444.61,2.2908978503783395,1.1023029085245541,1.1885949418537851,11.694384359740187
P005985,E2018,"JAMES, MIKE",1017.78,-2.6738486889933677,-1.3060458929769179,-1.3678027960164496,23.2683342573298
P006135,E2018,"LOPATIN, ANDREI",4.72,0.8049930190662759,0.7927641270965566,0.01222889196971922,16.89150750723934
P006399,E2018,"DUVERIOGLU, AHMET",346.37,4.330423212500728,2.952270479265131,1.3781527332355972,13.999324923624133
P006402,E2018,"HANNAH, CLEVIN",367.75,-4.741448692654441,-4.856472133649587,0.11502344099514561,17.46419811043956
P006433,E2018,"PANGOS, KEVIN",712.72,-5.904013223271781,-6.971042043611335,1.0670288203395542,12.709024837776974
P006450,E2018,"HIGGINS, CORY",810.83,-0.43461582562654666,-0.9372528913266551,0.5026370657001085,22.143406196719585
P006468,E2018,"CRAFT, AARON",68.37,-4.47014993231997,-3.29028787297065,-1.1798620593493196,11.218617723811269
P006497,E2018,"BELL, JAMES",310.28,-4.400211809269472,-4.675639557651126,0.275427748381653,6.55376490727821
P006505,E2018,"WHITE, AARON",844.72,1.1366196600680407,0.6993240947576945,0.4372955653103463,16.18350269514576
P006546,E2018,"TAYLOR, JEFFERY",620.27,-0.9308675230307324,-0.9544642479472711,0.023596724916538747,11.730154894911776
P006555,E2018,"WOLTERS, NATE",641.83,0.20428983915588006,1.2254869326921398,-1.0211970935362598,19.90871044061052
P006561,E2018,"ILIC, ALEKSA",45.129999999999995,1.111574430324779,1.9277975778176375,-0.8162231474928585,17.149305217102622
P006586,E2018,"KALAITZAKIS, GEORGIOS",1.98,-1.4889566851056444,-1.5547839234749172,0.06582723836927284,15.776413670897266
P006590,E2018,"BEAUBOIS, RODRIGUE",687.54,-5.063074329213572,-5.1150488899817645,0.051974560768191846,14.537520209967878
P006599,E2018,"MOTUM, BROCK",347.36,-0.7150970098677654,-0.7101725059789463,-0.004924503888819043,18.617843942592327
P006614,E2018,"SINGLETON, CHRIS",875.07,2.1741346486565845,-0.0542141555710666,2.228348804227651,14.285003811170585
P006625,E2018,"ZOOSMAN, YOVEL",444.11,1.0733487949516656,-0.7228097099453832,1.7961585048970488,11.264043421657576
P006640,E2018,"OZDEMIROGLU, DOGUS",322.88,-3.030092280210015,-1.2875356702062115,-1.7425566100038037,11.466322990347388
P006661,E2018,"WILBEKIN, SCOTTIE",717.87,-5.15523702996406,-5.700054335650624,0.5448173056865638,17.764288537491414
P006710,E2018,"KHOMENKO, ALEXANDER",1.52,-0.6402640558001392,-0.6442021735530993,0.0039381177529600065,17.423942732053817
P006809,E2018,"BITADZE, GOGA",313.68,5.823794084514782,5.218532378095318,0.6052617064194638,24.678202151803575
P006900,E2018,"ULECKAS, LUKAS",25.36,-3.332515789392882,-3.5149170825544394,0.1824012931615572,14.748553495198655
P006961,E2018,"BIBEROVIC, TARIK",45.91,-1.8463670867734925,-1.7951278535272865,-0.051239233246205995,15.138637969694354
P007032,E2018,"LO, MAODO",531.9,-3.2299395099500825,-3.227260096281121,-0.0026794136689612946,13.243992192052705
P007050,E2018,"CLARKE, COTY",636.93,0.8242152140443493,2.3672524146379175,-1.5430372005935682,14.558884380006383
P007056,E2018,"BOOKER, DEVIN",329.52,-1.1034941821474042,-0.2478715896878379,-0.8556225924595663,18.64611348984472
P007057,E2018,"OGUNSIPE, MARVIN",62.45,-2.811546859029126,-3.1364446139388553,0.3248977549097294,10.150068735968627
P007109,E2018,"SMITS, ROLANDS",162.18,-1.6997802028198126,-1.0955832503021183,-0.6041969525176942,14.070023137379295
P007200,E2018,"LARKIN, SHANE",747.71,1.850432160670484,1.8041652403983441,0.04626692027214008,24.924654264026735
P007201,E2018,"VOIGTMANN, JOHANNES",801.36,3.255362401149722,3.0993981111247546,0.1559642900249674,18.870239045617847
P007230,E2018,"SEDEKERSKIS, TADAS",5.76,0.5868756078633997,0.5218631296292501,0.0650124782341496,18.238262728423823
P007360,E2018,"ERIC, MICHAEL",586.9,-0.7043870023858099,-0.661060650209072,-0.04332635217673786,20.161418934572872
P007398,E2018,"POPOVIC, PETAR",285.03000000000003,-4.919822138995973,-2.8738486310185247,-2.045973507977448,12.801284747053746
P007400,E2018,"NUNNALLY, JAMES",269.6,-0.06787286443724644,-0.3116236466959573,0.24375078225871089,20.37034271146673
P007424,E2018,"BROWN, MARKEL",350.15999999999997,-7.173336506745186,-6.1595348398965,-1.0138016668486862,11.926600911138493
P007432,E2018,"EVANS, JEREMY",701.16,1.314166384873022,3.6354083910926245,-2.3212420062196024,20.780965932096088
P007497,E2018,"TIRPANCI, ERGI",1.03,-0.3220503170426317,-0.36167164964326654,0.039621332600634815,16.716605623657365
P007519,E2018,"JOKUBAITIS, ROKAS",69.77,-5.980819031280552,-6.321941567834367,0.3411225365538152,15.60274881403136
P007524,E2018,"VENSKUS, ERIKAS",12.93,0.3543843461498161,-0.06853255417898202,0.42291690032879814,17.434505146179966
P007553,E2018,"BALCEROWSKI, ALEKSANDER",73.72,-0.2778221667631083,-0.144771880901725,-0.1330502858613833,14.096699667039509
P007560,E2018,"KLJAJIC, JOVAN",2.73,-0.7815902597603736,-0.7745164856292881,-0.007073774131085465,17.21871572236059
P007634,E2018,"PANTZAR, MELWIN",8.55,-1.6273125374016462,-1.457490808755784,-0.1698217286458622,16.295519725086166
P007647,E2018,"AKAY, MERT",76.15,-1.929673305450124,-1.7019530751442247,-0.22772023030589938,11.858522090026133
P007675,E2018,"AVDIJA, DENI",52.32,2.548141242904558,2.104613438906212,0.4435278039983459,17.6528273776136
P007768,E2018,"LEVI, NIMROD",11.299999999999999,0.4511738643537102,0.2708914114177306,0.18028245293597958,16.252279120917372
P007831,E2018,"SHIELDS, SHAVON",807.19,-1.8963113820198845,-2.8770565988939203,0.9807452168740359,15.265687084467533
P007852,E2018,"FISCHER, LUKE",108.61,3.0331114442888767,4.247848702672024,-1.2147372583831475,15.765680773491699
P007865,E2018,"ANTETOKOUNMPO, THANASIS",349.64,2.895622008855277,3.2708610093738297,-0.3752390005185528,13.808554991010817
P007866,E2018,"MITOGLOU, KONSTANTINOS",368.2,-0.6806739095958099,-0.33465593484054557,-0.34601797475526425,13.004866864925468
P007868,E2018,"KIDD, STANTON",654.15,-4.587794706727962,-3.846385944071734,-0.741408762656228,10.937981391179612
P007870,E2018,"DAVIES, BRANDON",824.11,5.60240717890245,5.466773536434464,0.1356336424679857,26.673100243648594
P007916,E2018,"CROCKER, TONY",666.14,-5.744992004952996,-5.714355918735984,-0.030636086217012304,10.192495713783519
P007947,E2018,"VILDOZA, LUCA",767.17,-1.307384298927311,-1.5811761616408289,0.2737918627135179,17.123376807498072
P007982,E2018,"WILLIAMS-GOSS, NIGEL",788.9300000000001,-4.026493549264606,-4.014322947204896,-0.012170602059709656,13.77935120443466
P007989,E2018,"COLE, NORRIS",400.58,-4.065620556338664,-4.055917563878363,-0.009702992460301707,21.672617096484284
P007990,E2018,"DIBARTOLOMEO, JOHN",300.37,0.6633718648672943,0.18908701674421258,0.4742848481230817,16.10729741528612
P007992,E2018,"JEFFERSON, CORY",63.33,-4.477468844414468,-2.930022232075373,-1.5474466123390953,13.034217021723526
P007994,E2018,"GARINO, PATRICIO",264.87,0.5534518500904444,1.3157759902290116,-0.7623241401385672,12.960448012053892
P008001,E2018,"GILL, ANTHONY",317.52,-0.5407252727553626,-2.0807475496545083,1.5400222768991456,17.649163312315828
P008002,E2018,"MCCALLUM, RAY",355.62,-2.6658293209734323,-3.6868853337381102,1.0210560127646782,16.87563905482223
P008004,E2018,"TARCZEWSKI, KALEB",432.83,5.6236124673136505,5.035458897120307,0.5881535701933436,19.00958779753037
P008032,E2018,"GONZALEZ, MIGUEL",5.8,-1.652421204835795,-1.7158386955786231,0.06341749074282832,15.962936353101167
P008072,E2018,"DIOP, KHALIFA",7.33,1.5861771036766923,1.908423833170386,-0.32224672949369376,18.716842133216282
P008152,E2018,"DOUGLAS, TONEY",552.25,-2.2476546646006783,-2.9806355493227574,0.7329808847220793,18.59544448625236
P008232,E2018,"POKUSEVSKI, ALEKSEJ",4.85,-0.5587256187668993,-0.6453436223708963,0.08661800360399699,16.489066916147863
P008348,E2018,"PAYNE, ADREIAN",27.32,2.130108059762827,2.0543659889002854,0.07574207086254148,16.09235521644756
P008796,E2018,"MAGETTE, JOSH",107.14,-8.91309125201343,-7.603514199842434,-1.3095770521709955,9.118850372492535
P008829,E2018,"PETERS, ALEC",585.08,1.271191072959722,1.7055344984984426,-0.43434342553872063,11.515266342847701
P008847,E2018,"MICKEY, JORDAN",611.47,3.181024399898858,1.9314144173836478,1.24960998251521,25.64954062175229
P008855,E2018,"WALKUP, THOMAS",573.17,1.2311088107608164,0.682983914057184,0.5481248967036324,13.917552276777194
P008856,E2018,"SABECKIS, DONATAS",1.21,-0.22736436356803136,-0.2233561264587057,-0.004008237109325664,17.082093332260683
P008857,E2018,"CLARK, EARL",798.42,-5.850490405411728,-5.5239443623757465,-0.3265460430359818,13.633800078090541
P008858,E2018,"ENNIS, TYLER",30.54,1.223018383474869,1.0693920428403472,0.15362634063452174,19.37244267012489
P008946,E2018,"EVANS, CHRISTOPHER",228.54,-0.6582012052082624,-1.3077469879744434,0.649545782766181,18.28964103658034
P008977,E2018,"AMAIZE, ROBIN",62.54,-1.1995347475577736,-1.374459674988069,0.1749249274302955,9.406168734822835
P008987,E2018,"LEDAY, ZACH",514.07,4.367941722950761,3.798102926412111,0.5698387965386492,23.920528060576324
P008989,E2018,"HILLIARD, DARRUN",699.29,-1.784372458563029,-1.758274758998769,-0.026097699564259946,13.923455399364563
P008991,E2018,"BLACK, TARIK",560.34,6.786444197054325,6.212877290687692,0.5735669063666329,24.36453745972999
P008995,E2018,"UKHOV, IVAN",71.58,0.5053396275076216,-0.00641107764664689,0.5117507051542685,15.438155182178015
P009003,E2018,"RAY, KENDRICK",186.59,-3.3430509071034624,-2.7503781981676285,-0.5926727089358338,13.290340438110553
P009004,E2018,"O'BRYANT, JOHNNY",703.54,-0.9209254936764725,-1.635587340315199,0.7146618466387266,16.836596393655704
P009005,E2018,"DECK, GABRIEL",455.96,0.35526911752524337,-0.4218969783934068,0.7771660959186502,15.196918242603969
P009006,E2018,"WILLIAMS, DERRICK",753.14,-1.2291051691682142,-1.9895439584311407,0.7604387892629264,21.343365293103247
P009022,E2018,"WALTON JR, DERRICK",215.51999999999998,-4.828888606198988,-4.64256908368539,-0.18631952251359774,17.903393338482832
P009030,E2018,"SESSIONS, RAMON",40.25,-5.279456930052804,-4.113299820658506,-1.1661571093942986,17.175605462802878
P009033,E2018,"ZUGIC, FEDOR",0.7,-0.15334593602289434,-0.1651916199197592,0.01184568389686486,17.16860641666438
P009035,E2018,"BOLOMBOY, JOEL",262.21,2.992881914809997,2.9231199913682437,0.06976192344175347,13.828659247834416
P009037,E2018,"GREEN, GARLON",162.42000000000002,-6.173835767715502,-6.486115994408997,0.31228022669349464,9.636760407583656
P009227,E2018,"KILPATRICK, SEAN",318.36,-2.552809355857779,-4.337355496298334,1.7845461404405545,13.119989162821742
P009298,E2018,"JONES, JALEN",129.71,-0.20520924424333065,-1.059475265188925,0.8542660209455943,16.23298361481043
P009449,E2018,"WEBER, BRIANTE",194.15,-1.1917702192801718,1.1447614022573962,-2.336531621537568,17.028314350359015
P009465,E2018,"WILLIAMS, DEVIN",66.36,2.032015954014181,2.299644034721732,-0.2676280807075512,15.201242282748877
P009472,E2018,"WILEY, JACOB",150.47,-4.029694937334502,-3.0901698760839094,-0.9395250612505921,17.123322817735072
P009473,E2018,"HARRISON, ANDREW",89.11,-1.6554173796511107,-0.721573640683066,-0.9338437389680447,15.699215621374352
PAAX,E2018,"REYES, FELIPE",204.1,2.946106331588769,2.5487106033505253,0.39739572823824354,20.811833824919773
PAMM,E2018,"PRINTEZIS, GEORGIOS",765.05,-0.06406946446331829,-0.08007649011020512,0.01600702564688683,19.523586689969484
PBFX,E2018,"MONIA, SERGEY",317.46999999999997,-0.6758279265106422,0.8221892138551727,-1.498017140365815,13.53122060545214
PBGV,E2018,"VIALTSEV, EGOR",224.11,-2.9030823958196037,-3.22789500988915,0.32481261406954637,8.789851180642694
PBMT,E2018,"FERNANDEZ, RUDY",635.11,2.5601399851006894,2.8594698000935006,-0.2993298149928112,19.981878448338485
PBOG,E2018,"KING, ALEX",39.760000000000005,-1.916811392738283,-1.9546487909918677,0.03783739825358459,13.515159317101483
PBWI,E2018,"JANKUNAS, PAULIUS",273.0,0.004245756225685127,0.5836993871043463,-0.5794536308786612,18.361605003104835
PCCD,E2018,"DATOME, LUIGI",718.63,3.5434885770650104,1.543729698197854,1.9997588788671563,16.135346452192202
PCPR,E2018,"SIMON, KRUNOSLAV",885.11,2.4342089533961175,2.830367972641052,-0.39615901924493424,19.2149898652517
PCVM,E2018,"RODRIGUEZ, SERGIO",764.95,-4.796949414363059,-4.593176644703356,-0.20377276965970248,16.6586261242362
PJLX,E2018,"KURBANOV, NIKITA",606.13,5.368356576982671,5.076238167388099,0.292118409594572,17.403139175729827
PJPF,E2018,"SAVAS, OGUZ",363.79,-1.189825253934528,-1.0313743164370406,-0.1584509374974873,15.284673378378368
PJUG,E2018,"RIBAS, PAU",454.67,-1.7140356392221046,-2.832992546746506,1.1189569075244012,12.996698336232539
PJUJ,E2018,"HUERTAS, MARCELINHO",661.59,-4.859596009127733,-4.351159793576577,-0.5084362155511561,17.55390520642091
PJUO,E2018,"SPANOULIS, VASSILIS",549.67,-4.996118818316051,-7.001497434905616,2.0053786165895646,16.514351387870924
PKIW,E2018,"CINCIARINI, ANDREA",155.19,-2.674495495866495,-1.338095314051756,-1.3364001818147386,12.104230832548703
PKLS,E2018,"GUBANOV, PETR",105.05,-1.5724668977673029,-2.208682705851196,0.6362158080838933,10.967464843492333
PKLT,E2018,"HEURTEL, THOMAS",738.09,-1.5397718844171369,-2.456513364477054,0.9167414800599171,20.533449469816013
PKPD,E2018,"MILAKNIS, ARTURAS",784.62,-3.8661650876009053,-4.083922349990282,0.21775726238937698,10.138679507763904
PKVZ,E2018,"SHVED, ALEXEY",411.87,-4.654048269136872,-2.882194187712743,-1.771854081424129,27.055460695407238
PLEM,E2018,"RADOSEVIC, LEON",446.36,-2.710431598239855,-3.033686927384909,0.32325532914505456,13.194374892301967
PLEV,E2018,"RABASEDA, XAVIER",556.23,-3.7962658005005006,-2.76094750506809,-1.0353182954324107,12.813919915514536
PLHI,E2018,"VORONTSEVICH, ANDREY",191.17,-2.0965476406357606,-2.8817123988284425,0.7851647581926817,11.432766652327178
PLHK,E2018,"PLEISS, TIBOR",511.93,6.259213064702469,6.078291238006099,0.1809218266963697,25.703722102459597
PLME,E2018,"MARKOVIC, STEFAN",620.48,-1.8515050847378944,-2.01296269867707,0.16145761393917551,14.002996150008471
PLXL,E2018,"VENE, SIIM-SANDER",270.58,-1.2435256166935444,-0.38500529243267734,-0.8585203242608671,14.595711226072922
PTFX,E2018,"VOUGIOUKAS, IAN",214.41,2.7556112479481447,2.644587438421731,0.11102380952641377,19.366046455768277
PTGB,E2018,"LLULL, SERGIO",577.28,-2.3676996707565623,-4.252944953056236,1.8852452822996735,17.376681233992002
P000007,E2019,"DEDOVIC, NIHAD",321.69,-3.5938754957508667,-5.861024527588876,2.2671490318380094,13.4906653374709
P000046,E2019,"STRELNIEKS, JANIS",337.0,2.1901340903655537,2.1226209982265924,0.06751309213896128,20.249150265808016
P000229,E2019,"JACKSON, EDWIN",343.57,-11.213375853760219,-12.691877511888938,1.4785016581287196,9.218113637437392
P000436,E2019,"BERTANS, DAIRIS",353.96,-2.8205124037494866,-3.324369284952195,0.5038568812027084,9.623928685695004
P000464,E2019,"PAPPAS, NIKOS",119.5,-2.1758585238975328,-2.194313368091481,0.01845484419394812,14.25457251097086
P000518,E2019,"SAN EMETERIO, FERNANDO",427.15999999999997,0.5491125096450422,0.21008089361435767,0.3390316160306845,18.75878038196772
P000529,E2019,"MICOV, VLADIMIR",713.36,0.2590736587434682,-0.6450340890966131,0.9041077478400813,17.469360020357655
P000556,E2019,"CLAVER, VICTOR",361.3,2.539112763223443,2.568866129614921,-0.029753366391477937,15.453888285623464
P000726,E2019,"MORASCHINI, RICCARDO",259.76,-0.04675811661822307,0.044299750024077794,-0.09105786664230087,14.478759912603135
P000796,E2019,"MIROTIC, NIKOLA",778.46,6.134142580699623,5.581930084541368,0.5522124961582549,30.609109881107965
P000848,E2019,"NEDOVIC, NEMANJA",279.9,-4.585545208817207,-4.890160166275674,0.304614957458467,15.606419231792852
P000925,E2019,"VESELY, JAN",455.85,0.5245189742143634,2.9605914876870005,-2.436072513472637,18.798018649200507
P000981,E2019,"CANDAN, BERKAY",1.93,0.025117426521665234,-0.022858088970702805,0.04797551549236804,16.961431042461527
P001133,E2019,"SHENGELIA, TORNIKE",855.51,2.0936774867138355,0.7009496311841733,1.392727855529662,23.535995087605677
P001255,E2019,"PAPANIKOLAOU, KOSTAS",622.7,0.9608660193975375,0.716776124911069,0.24408989448646845,15.897161569334582
P001288,E2019,"LUCIC, VLADIMIR",724.9,-1.6737020871582176,1.0639626317973914,-2.737664718955609,20.328377580504426
P001324,E2019,"MUHAMMED, ALI",321.55,-4.061234539381033,-3.0581450102455334,-1.003089529135499,14.444024827797659
P001389,E2019,"VORONOV, EVGENY",315.03,-7.807056174621223,-7.347295100902577,-0.4597610737186454,7.924435983321938
P001392,E2019,"CAUSEUR, FABIEN",408.33,-0.03459197323319202,-0.0036437649315751997,-0.03094820830161682,17.722500474412495
P001557,E2019,"GIFFEY, NIELS",529.2,0.3776732939106162,0.9327867042710616,-0.5551134103604454,16.288745496119045
P001792,E2019,"ZAYTSEV, VYACHESLAV",232.34,1.9589258788434836,2.760576175643346,-0.8016502967998625,14.590114539802922
P001833,E2019,"MOERMAN, ADRIEN",170.12,3.451604170438154,1.9421253479716443,1.5094788224665097,17.95083172722532
P001844,E2019,"HACKETT, DANIEL",459.29,2.6483370353608002,1.17769886103938,1.4706381743214205,16.96593657343794
P001926,E2019,"SLOUKAS, KOSTAS",724.32,-0.8088547661493802,-1.1066117762857024,0.29775701013632216,20.92497897195034
P001932,E2019,"CALATHES, NICK",902.37,0.15143284360498344,0.9714756627529382,-0.8200428191479547,21.597692135796265
P001954,E2019,"VALIEV, EVGENY",6.48,-0.4654667108272463,-0.21570615954313305,-0.24976055128411323,16.6123090360453
P001960,E2019,"CARROLL, JAYCEE",294.90999999999997,-2.229435183014316,-3.198484939541925,0.9690497565276086,14.506795639913154
P002008,E2019,"KUZMINSKAS, MINDAUGAS",74.77,-0.9913421940692403,-0.7066618990973431,-0.2846802949718972,16.071858248887704
P002084,E2019,"POLONARA, ACHILLE",335.08,-0.32797216732325074,-0.5020746115873136,0.17410244426406285,14.362596915873183
P002100,E2019,"DE COLO, NANDO",687.6,-4.19896297355536,-3.628244648844757,-0.570718324710603,22.357641780292155
P002328,E2019,"GRIGONIS, MARIUS",257.55,-3.695710707507258,-1.3805637228026237,-2.3151469847046346,17.141319161398695
P002329,E2019,"ULANOVAS, EDGARAS",725.12,-1.297200488674537,-2.3961408592966023,1.0989403706220653,15.281266562631014
P002361,E2019,"VIVES, GUILLEM",406.53000000000003,-8.08544717441524,-6.6489653866116125,-1.4364817878036265,10.283455404730429
P002429,E2019,"RIVERS, KC",386.68,2.3684782588578086,-0.4747551927143025,2.843233451572111,13.497326099609811
P002507,E2019,"TOMIC, ANTE",462.36,3.153833959794083,2.5881902560188594,0.5656437037752238,17.940249424137747
P002536,E2019,"JEAN-CHARLES, LIVIO",569.95,-0.9226724602678193,-2.1153237091603083,1.192651248892489,16.969742019789688
P002543,E2019,"WESTERMANN, LEO",263.49,1.3782785575983996,1.2953587402799185,0.08291981731848108,13.00965271715344
P002580,E2019,"MICIC, VASILIJE",735.9300000000001,-2.063608779949254,-2.604646743676884,0.5410379637276301,20.49080505085127
P002742,E2019,"DUBLJEVIC, BOJAN",612.59,3.5737488134971276,4.315597152729891,-0.7418483392327639,28.752689016346146
P002763,E2019,"DOORNEKAMP, AARON",454.57,2.312498312881396,1.6349465838167694,0.6775517290646268,13.071169854406307
P002812,E2019,"HINES, KYLE",654.5,3.504671930309545,3.2248652962615867,0.27980663404795847,19.150269935265875
P002829,E2019,"NELSON, DEMARCUS",218.12,-5.136529578341334,-5.497067709435124,0.36053813109378985,9.206835993204148
P002925,E2019,"TUNCER, BUGRAHAN",60.53,2.5814529487258833,1.900178320013537,0.6812746287123461,17.497531091746737
P002936,E2019,"SASTRE, JOAN",163.99,-0.22900299965097726,1.6656091352538813,-1.8946121349048586,16.70093058887876
P002968,E2019,"SANLI, SERTAC",244.93,3.9937389469407902,2.812122840106757,1.181616106834033,20.20374761881571
P002969,E2019,"MAHMUTOGLU, MELIH",362.92,-0.5860345700845653,-1.5372383380329688,0.9512037679484036,9.869693826488602
P002972,E2019,"ROCHESTIE, TAYLOR",299.4,-3.333984812716797,-3.164963810869971,-0.1690210018468263,14.844463360435913
P002980,E2019,"GIST, JAMES",504.5,-0.2765448123999852,-0.915210675149242,0.6386658627492569,13.91046925749893
P003048,E2019,"DUNSTON, BRYANT",231.55,4.0946315552821115,5.5659136230334685,-1.4712820677513572,21.622315385788276
P003120,E2019,"GUDAITIS, ARTURAS",320.06,5.275993417241769,4.560801621368769,0.7151917958729991,22.970239170971062
P003151,E2019,"ERIKSSON, MARCUS",542.06,-1.346123142286998,-0.9518468002526342,-0.3942763420343637,17.395381531567303
P003210,E2019,"LEKAVICIUS, LUKAS",535.96,-1.6265048936635638,-1.6602227117914423,0.03371781812787844,20.07811602326892
P003242,E2019,"OGBE, KENNETH",155.11,-3.122441808818062,-2.2291335316820953,-0.8933082771359668,12.264821708902447
P003264,E2019,"JOVANOVIC, NIKOLA",41.71,1.5108271506936524,1.4131727433813965,0.09765440731225583,13.893717212321665
P003367,E2019,"RICE, TYRESE",489.46,-5.088332422986846,-5.55471309435292,0.46638067136607364,19.286938326872225
P003370,E2019,"PUSHKOV, ANTON",110.13,-4.534212606146262,-5.444216986320407,0.9100043801741446,10.131245734345898
P003413,E2019,"JACKSON, AARON",210.56,-4.746856486088226,-3.2017874469286394,-1.5450690391595865,10.461355828690442
P003417,E2019,"LUCAS, KALIN",38.910000000000004,-3.2675995393633412,-3.378407932395615,0.11080839303227402,14.46172821364987
P003425,E2019,"ALBICY, ANDREW",579.4,-4.385244945628555,-4.016122387341981,-0.3691225582865745,15.026315375563886
P003469,E2019,"VEZENKOV, SASHA",354.71,3.8813687553679177,4.064829283625104,-0.18346052825718684,19.636424679813736
P003478,E2019,"ABRINES, ALEX",370.47,4.18889270068231,3.17754021553575,1.011352485146559,14.047396573975181
P003479,E2019,"KUZMIC, OGNJEN",245.7,3.2899474575549297,4.0249175958000425,-0.7349701382451126,16.918943205548466
P003490,E2019,"BARTHEL, DANILO",657.47,-0.882730099751246,-1.6287735664644623,0.7460434667132163,15.11462984165459
P003501,E2019,"RADOSAVLJEVIC, BOGDAN",5.800000000000001,-0.9618106338756612,-0.8770930544358464,-0.08471757943981481,16.719080020397953
P003514,E2019,"DRAGIC, ZORAN",86.91,0.16302756380142114,-1.3488430374804334,1.5118706012818546,15.669994468771621
P003521,E2019,"BALBAY, DOGUS",198.36,0.2675145386570956,1.8613574488857512,-1.5938429102286555,12.76604996031004
P003526,E2019,"LIGHTY, DAVID",617.12,-1.2768062475375719,-1.962911189021074,0.6861049414835022,16.690203405508285
P003540,E2019,"DIOP, ILIMANE",286.49,0.31589099171190993,-0.6256798636609755,0.9415708553728854,14.719342456876255
P003573,E2019,"ZUBKOV, ANDREY",189.37,-5.028942148128034,-5.410523489363345,0.38158134123531084,12.195039797346316
P003733,E2019,"ABALDE, ALBERTO",499.27,-0.4469078138469357,-0.23170571022521536,-0.2152021036217203,16.568289195451307
P003842,E2019,"LESSORT, MATHIAS",248.38,0.6407564315478251,0.2598631229231698,0.3808933086246553,15.52580132659195
P003941,E2019,"MILUTINOV, NIKOLA",592.81,7.42820454533164,9.907774263855844,-2.4795697185242034,29.11170258246576
P003958,E2019,"THIEMANN, JOHANNES",226.7,4.919601314014426,4.975923346125377,-0.05632203211095077,19.12726864449986
P004007,E2019,"DOBRIC, OGNJEN",322.53,-0.6368373675136811,0.017964930648380062,-0.6548022981620611,15.07319874602538
P004117,E2019,"BROOKS, JEFF",392.07,2.353288398878866,3.199754082248576,-0.8464656833697097,14.975265035783739
P004165,E2019,"JANNING, MATT",634.22,-6.344904461965738,-8.38675128730951,2.041846825343772,8.238509801092457
P004172,E2019,"PONITKA, MATEUSZ",438.15999999999997,0.7719063600429102,-0.26587653748780704,1.0377828975307173,19.564587977846926
P004178,E2019,"KOPONEN, PETTERI",410.91,-3.0240258622962286,-1.3677446822175359,-1.6562811800786927,12.54404624328767
P004194,E2019,"LAUVERGNE, JOFFREY",265.49,0.7313978029861832,1.3274348271557534,-0.5960370241695703,18.520010578013363
P004218,E2019,"CHARALAMPOPOULOS, VASILIS",12.99,0.7890706506007129,0.7108995960297613,0.0781710545709516,17.77926069703605
P004251,E2019,"THOMAS, MALCOLM",178.93,5.099761453912523,3.4129727607549425,1.68678869315758,14.515751859456149
P004302,E2019,"KARASEV, SERGEY",272.24,-1.8585870897074723,-1.1899146843801665,-0.6686724053273059,11.521810300231312
P004331,E2019,"DELANEY, MALCOLM",584.15,0.6642907736215804,1.0026093917775751,-0.3383186181559948,19.19005870957846
P004397,E2019,"JAGODIC-KURIDZA, MARKO",140.41,-2.3036988405471313,-3.430009464741877,1.1263106241947456,12.848378462452077
P004425,E2019,"BROWN, DERRICK",86.39,1.589845773769142,1.5415198778896138,0.04832589587952829,16.142918966457987
P004571,E2019,"SISKO, ZAN",106.5,-1.7252704554698741,-0.6010680589414761,-1.124202396528398,15.539364000765634
P004655,E2019,"BAKO, ISMAEL",264.02,0.7709844364687318,1.4217848489783451,-0.6508004125096133,17.495958096143355
P004761,E2019,"MARINKOVIC, VANJA",400.97,-6.970216874948468,-6.639978439289017,-0.3302384356594513,11.834797824536604
P004810,E2019,"KRAMER, CHRIS",307.23,-2.5003223987077883,-1.8606667595151134,-0.6396556391926748,12.594550171053466
P004834,E2019,"PUSTOVYI, ARTEM",3.73,-1.4425148136619694,-1.2165275664153545,-0.22598724724661495,16.28148718941582
P004863,E2019,"JOVIC, STEFAN",534.12,1.793464154046744,3.0684530310575235,-1.2749888770107796,17.17163733387703
P004866,E2019,"KALINIC, NIKOLA",593.5600000000001,-4.603950801296644,-4.033913258110951,-0.5700375431856928,11.720512524018257
P004884,E2019,"LABEYRIE, LOUIS",546.08,4.274199904697807,3.1246209181092968,1.1495789865885098,17.163321362924254
P004888,E2019,"CLYBURN, WILL",77.14,2.203341811517677,0.9889500700286173,1.2143917414890595,21.27627111978155
P004941,E2019,"ANTONOV, SEMEN",166.24,-2.576899768895481,-4.399422678408507,1.8225229095130255,11.752098355461627
P004945,E2019,"PAUL, BRANDON",529.1,0.6176876233862458,2.0443136596726776,-1.4266260362864318,16.799997879761726
P004974,E2019,"ROLL, MICHAEL",614.48,-2.166319638957895,-0.8663715903668872,-1.2999480485910082,13.280817750193293
P005014,E2019,"JENKINS, CHARLES",427.65,-2.5505130062540013,-3.429961010008605,0.879448003754604,9.26538172303251
P005056,E2019,"ZIPSER, PAUL",616.9,-1.661559600099909,-0.4525991222507059,-1.2089604778492031,15.133043194529368
P005094,E2019,"THOMAS, DESHAUN",837.91,-2.2375517464975,-0.590468378087669,-1.647083368409831,18.13487292614228
P005099,E2019,"HANGA, ADAM",567.17,-0.18840547599177032,-0.48698861617710654,0.2985831401853362,15.841357774117697
P005145,E2019,"COHEN, JAKE",320.43,1.5180282821133775,1.4188928555368183,0.09913542657655916,15.909613172604484
P005154,E2019,"IVERSON, COLTON",421.08,3.520377147409104,3.243996441654264,0.27638070575484,19.975586601209226
P005160,E2019,"HUNTER, OTHELLO",633.13,6.628618931274247,5.853888389560613,0.7747305417136348,23.25491886317311
P005161,E2019,"PAPAPETROU, IOANNIS",751.51,0.48912858622860456,2.2078034100644452,-1.7186748238358407,16.216930706812725
P005196,E2019,"MEJRI, SALAH",29.29,1.581413805215023,1.5811956669047547,0.00021813831026837316,16.465918989543688
P005199,E2019,"ABROMAITIS, TIM",490.28000000000003,4.308712158999752,5.403843344381275,-1.0951311853815229,19.46343881913347
P005247,E2019,"TAYLOR, JORDAN",528.96,-3.6562001026229547,-4.352244974108832,0.6960448714858769,14.32345247099673
P005255,E2019,"KONIARIS, ANTONIOS",322.97,-1.8094078655788597,-1.5432084067194811,-0.26619945885937857,10.139912206913264
P005458,E2019,"GARCIA, SERGI",106.45,-5.751623747974401,-5.762456130715102,0.010832382740701446,9.14932751832455
P005553,E2019,"LOMAZS, RIHARDS",354.68,-4.728279556661867,-3.4634117100000736,-1.2648678466617942,11.456142047501768
P005618,E2019,"SIMANIC, BORISA",253.52,-1.494079608109011,-1.0559146369241246,-0.4381649711848865,12.131926527942136
P005670,E2019,"FLACCADORI, DIEGO",184.98,-9.969910650546069,-9.002066243887958,-0.9678444066581109,8.031716843842036
P005686,E2019,"GECIM, TOLGA",37.42,-7.798209883164858,-7.255411947595225,-0.5427979355696325,11.416669088619585
P005692,E2019,"BURNS, CHRISTIAN",20.84,-3.625156473477252,-3.7204759473913285,0.09531947391407625,11.659042255528826
P005718,E2019,"TIMMA, JANIS",627.84,-3.3030076776621975,-3.4099541310748624,0.10694645341266507,12.982082141896713
P005757,E2019,"RANDOLPH, ANTHONY",455.3,6.413622669840408,5.8026413721892816,0.6109812976511264,23.714890448690987
P005771,E2019,"CALOIARO, ANGELO",376.86,1.282030647452098,1.3880806196744424,-0.10604997222234447,14.278569530172597
P005775,E2019,"BARON, BILLY",638.6800000000001,-0.04391428806297015,-0.9092160775639122,0.865301789500942,17.77343188682258
P005789,E2019,"KURIC, KYLE",522.99,0.28634523113509047,-0.1417377176799508,0.4280829488150413,18.248894309953776
P005791,E2019,"TAVARES, WALTER",642.08,9.27569611955833,7.864670162672677,1.4110259568856527,24.268109457414432
P005836,E2019,"THOMPKINS, TREY",398.34,6.1323598096476015,4.9049011794672275,1.227458630180374,21.689767359951247
P005844,E2019,"PAPAGIANNIS, GEORGIOS",475.67,4.09952742830561,3.7639600801527284,0.33556734815288125,19.401529810756337
P005856,E2019,"THOMAS, WILL",755.06,-0.11462016061314717,1.0599780838520316,-1.1745982444651788,18.53539946454998
P005859,E2019,"BUYCKS, DWIGHT",44.18000000000001,0.5115551281174425,0.517966385755668,-0.006411257638225476,15.875146803704421
P005884,E2019,"DELLA VALLE, AMEDEO",252.93,0.7427054292972208,2.0291767497674758,-1.286471320470255,18.952423047511132
P005909,E2019,"DESIATNIKOV, ANDREI",8.049999999999999,1.0853350059529165,1.25410740701562,-0.1687724010627033,16.7411260171967
P005917,E2019,"ORIOLA, PIERRE",409.96000000000004,1.5849866738880234,2.009038776582163,-0.4240521026941395,13.116477108318502
P005927,E2019,"AYON, GUSTAVO",559.43,3.5657458202681678,3.9810641892296483,-0.41531836896148033,25.186719843134377
P005928,E2019,"CAMPAZZO, FACUNDO",668.07,0.705595949722857,0.07404562981916815,0.6315503199036888,24.69680975192118
P005938,E2019,"ANDERSON, JAMES",399.21,2.0283903834194708,1.905985895848,0.12240448757147088,15.001459638545109
P005945,E2019,"RENFROE, ALEX",410.26,-4.211846758805784,-2.877999970679602,-1.3338467881261815,15.538899122326077
P005985,E2019,"JAMES, MIKE",803.81,-0.3438938791224525,-1.0309503025672648,0.6870564234448123,27.759018672240963
P006058,E2019,"CHERRY, WILL",273.46,-3.3642831726238622,-1.5288198273586573,-1.8354633452652052,10.62731930101779
P006068,E2019,"NOUA, AMINE",352.47,-3.784590656657055,-2.1928966188577004,-1.5916940377993547,10.981675395403238
P006135,E2019,"LOPATIN, ANDREI",0.22,0.1782897080249807,0.1717139612099938,0.0065757468149869065,17.25083482496611
P006158,E2019,"LUKOSIUNAS, KAROLIS",16.369999999999997,0.9560997153370421,0.3703943341734499,0.5857053811635922,16.57539457040563
P006251,E2019,"SCHNEIDER, TIM",188.51999999999998,-3.5506211249336364,-2.7858630225309655,-0.764758102402671,10.012750125322693
P006399,E2019,"DUVERIOGLU, AHMET",164.03,2.5857962758577626,3.584894234614821,-0.9990979587570585,15.486416945642937
P006435,E2019,"LAPROVITTOLA, NICOLAS",312.1,-3.2129664661446977,-4.540716801706499,1.3277503355618014,16.52239423964597
P006436,E2019,"GIEDRAITIS, ROKAS",673.33,1.478145688093795,2.5658518711122764,-1.0877061830184813,21.21846904446756
P006450,E2019,"HIGGINS, CORY",611.64,-2.840868137803737,-3.998993035212313,1.1581248974085765,17.549433233317554
P006477,E2019,"RUBIT, AUGUSTINE",396.53,2.94458874874585,2.8309299648964807,0.11365878384936945,18.788147073002847
P006505,E2019,"WHITE, AARON",150.65,-3.050467257764063,-3.0877365767403924,0.03726931897632946,11.525548239210469
P006533,E2019,"COLOM, QUINO",480.25,-4.447249254044466,-5.091450274305478,0.644201020261012,19.248390635343565
P006546,E2019,"TAYLOR, JEFFERY",448.09000000000003,-3.5147519327827643,-1.9185433842538326,-1.5962085485289317,9.941576504147317
P006555,E2019,"WOLTERS, NATE",288.78999999999996,-0.23624785763011946,-1.7217209877271884,1.485473130097069,15.0437991361869
P006568,E2019,"FALL, YOUSSOUPHA",378.51,6.757874936586878,6.544441921376658,0.2134330152102213,20.582388385108157
P006589,E2019,"SIKMA, LUKE",721.71,7.648673057884047,7.840825942937707,-0.19215288505366002,24.691045096394227
P006590,E2019,"BEAUBOIS, RODRIGUE",548.94,0.7533334071848075,-1.9333662508463794,2.686699658031187,15.361787940577099
P006599,E2019,"MOTUM, BROCK",260.8,-1.6174289670755702,-1.1533720082395993,-0.46405695883597087,16.543455283143302
P006614,E2019,"SINGLETON, CHRIS",718.34,4.032734906688863,3.750594070457879,0.2821408362309843,16.43434106380979
P006625,E2019,"ZOOSMAN, YOVEL",408.56,1.6370250646598712,0.11329812879035447,1.5237269358695167,13.781812698910853
P006661,E2019,"WILBEKIN, SCOTTIE",676.28,-0.3943352023248241,-0.6347124213125912,0.2403772189877671,23.40505831163769
P006693,E2019,"SAYBIR, YIGITCAN",1.95,-0.23177943077968022,-0.30592873181828917,0.07414930103860895,16.17340525902995
P006713,E2019,"SHEVCHUK, KONSTANTIN",0.43,0.14866864312033712,0.14746226044880484,0.0012063826715322857,17.21476317990743
P006726,E2019,"NDOUR, MAURICE",391.58,2.663117716000727,3.3966040986080404,-0.7334863826073136,18.326373461406288
P006754,E2019,"HENRY, PIERRIA",617.22,-0.8767007387119341,-1.571856371585082,0.6951556328731479,16.85518901614303
P006819,E2019,"NIKIC, KRESIMIR",118.19,-1.5344890956324675,-0.6827985931146845,-0.8516905025177829,13.973503213520802
P006961,E2019,"BIBEROVIC, TARIK",64.28,-6.962065525766306,-6.064926729525182,-0.8971387962411234,11.497922243475184
P007025,E2019,"MATTISSECK, JONAS",384.39,-6.089363362954396,-6.234427690684655,0.14506432773025923,7.698091756968772
P007027,E2019,"MALEDON, THEO",387.02,-3.224942303600227,-1.9373935132538396,-1.2875487903463876,15.459074917165834
P007032,E2019,"LO, MAODO",682.4,-5.40958259974812,-3.9635436407407414,-1.446038959007378,10.952043284966901
P007056,E2019,"BOOKER, DEVIN",624.61,4.528033413667083,4.865754967749643,-0.33772155408256055,23.91476610336333
P007069,E2019,"STOUDEMIRE, AMAR'E",32.57,0.09588925193326539,0.2536185704258022,-0.15772931849253682,16.0585250521091
P007109,E2019,"SMITS, ROLANDS",158.51,0.0020588974486580036,-0.46328740739918123,0.46534630484783923,12.103511145248167
P007125,E2019,"SIVA, PEYTON",364.23,-6.153004136009958,-4.847226720684793,-1.3057774153251658,18.113604605816306
P007200,E2019,"LARKIN, SHANE",749.61,5.9986082202054325,6.542495245455871,-0.543887025250439,32.35470235303033
P007201,E2019,"VOIGTMANN, JOHANNES",625.4,6.199298404152321,5.148107045459015,1.051191358693306,16.940830805291014
P007360,E2019,"ERIC, MICHAEL",420.41,1.001218707187499,-0.06186651586247183,1.0630852230499708,12.853094033854273
P007400,E2019,"NUNNALLY, JAMES",120.35,-0.7338680467404817,-1.6364934260140809,0.9026253792735992,14.562644275734531
P007432,E2019,"EVANS, JEREMY",426.53,2.026389775834623,3.7345211354450925,-1.7081313596104695,20.83239068269254
P007519,E2019,"JOKUBAITIS, ROKAS",64.23,-1.0408649033066086,-2.673716994884325,1.6328520915777163,15.398396554576529
P007524,E2019,"VENSKUS, ERIKAS",3.62,0.6141379260873403,0.43754637694997706,0.1765915491373633,17.456848737291097
P007566,E2019,"BRENNEKE, LORENZ",1.43,0.015121863427665184,0.033355630481798064,-0.01823376705413288,17.0450425530721
P007581,E2019,"BALASHOV, SERGEI",10.760000000000002,0.5443586316587149,0.7595711471153699,-0.21521251545665496,16.331515584670488
P007630,E2019,"GARUBA, USMAN",166.92000000000002,7.821107259734198,6.813577587471728,1.0075296722624705,19.814471250405003
P007632,E2019,"NAKIC, MARIO",11.9,0.011133942652316098,0.014501341257397243,-0.0033673986050811455,16.880059572458475
P007675,E2019,"AVDIJA, DENI",372.41,-0.6055882229609604,0.5288311613016385,-1.134419384262599,12.296265248741777
P007831,E2019,"SHIELDS, SHAVON",660.28,-2.686057715876507,-3.3173921243874043,0.6313344085108974,13.901297766820255
P007851,E2019,"TRUSHKIN, VLADISLAV",265.01,-6.1558454969576895,-5.462546175787002,-0.6932993211706867,9.010379622909246
P007853,E2019,"MCKISSIC, SHAQUIELLE",78.02000000000001,-2.851576491624754,-2.812883269783098,-0.0386932218416558,16.67721978518202
P007866,E2019,"MITOGLOU, KONSTANTINOS",389.33,6.150561167634169,6.523763174788304,-0.37320200715413443,19.96378449340548
P007869,E2019,"SANT-ROOS, HOWARD",189.38,-1.7810591859992124,-2.526461818020413,0.7454026320212007,13.300430804333761
P007870,E2019,"DAVIES, BRANDON",561.84,1.3737734513454654,0.789051148251594,0.5847223030938715,20.078687698171915
P007942,E2019,"REYNOLDS, JALEN",166.43,5.886936831826463,6.69473447624424,-0.807797644417777,19.40051295333898
P007947,E2019,"VILDOZA, LUCA",370.13,-6.115240967744998,-5.618549281434888,-0.4966916863101105,13.036561517363502
P007960,E2019,"DAVIDOVAC, DEJAN",449.68,1.809922502218176,0.18778847134046867,1.6221340308777072,15.879927714594134
P007990,E2019,"DIBARTOLOMEO, JOHN",161.43,5.4497998803055125,3.9448673357481088,1.5049325445574042,19.771558987714123
P007994,E2019,"GARINO, PATRICIO",188.8,1.8638045243058312,0.5865683398354573,1.277236184470374,14.158167126586232
P008001,E2019,"GILL, ANTHONY",471.92,4.055487176507956,6.456223333225902,-2.4007361567179455,21.067419684847707
P008003,E2019,"ROBINSON, THOMAS",43.64,2.3306265038915646,1.3090427939070912,1.0215837099844736,17.048723657463825
P008004,E2019,"TARCZEWSKI, KALEB",595.2,5.126064000989487,6.330065971658748,-1.2040019706692613,20.035786343725693
P008032,E2019,"GONZALEZ, MIGUEL",30.349999999999998,-0.8238850795796184,-0.8991024491390271,0.07521736955940872,16.02515278985887
P008099,E2019,"STRAZEL, MATTHEW",221.54,-4.618831428823943,-5.714659149745636,1.0958277209216927,9.979718436767133
P008177,E2019,"SANCAKLI, EKREM",6.08,0.7568446499418209,0.9759135457986499,-0.21906889585682893,18.18324534462767
P008211,E2019,"DELOW, MALTE",25.19,-0.40451982360993355,-0.4144902894174787,0.009970465807545126,15.40760976242594
P008232,E2019,"POKUSEVSKI, ALEKSEJ",1.82,-1.162613016354465,-1.1425010811843432,-0.020111935170121754,16.194054863073106
P008250,E2019,"GRANT, SASHA",4.57,-0.5310056848494835,-0.4583864785227388,-0.07261920632674479,16.915737459673934
P008253,E2019,"GEORGE, JASON",1.95,-0.8794644724351012,-0.8053114637460571,-0.07415300868904404,16.565754449809745
P008282,E2019,"ILYASOGLU, OMERCAN",3.15,-1.2017620980693615,-1.1193364484704613,-0.08242564959890014,16.37303602673876
P008348,E2019,"PAYNE, ADREIAN",237.83,4.00006328679431,4.532623160028038,-0.5325598732337282,22.878011621697606
P008780,E2019,"HERMANNSSON, MARTIN",695.78,-8.925897921493569,-8.719189500480825,-0.20670842101274362,13.683277622154492
P008800,E2019,"FAYE, MOUHAMMAD",217.94,-0.5643344370090873,-0.44353511968914033,-0.12079931731994697,13.363775134170295
P008801,E2019,"OJO, MICHAEL",251.51,5.581620874591928,5.288250963722888,0.2933699108690402,17.43585862751587
P008807,E2019,"NENADIC, NEMANJA",2.88,-0.834494837994551,-0.7652080416676156,-0.06928679632693549,15.63840072082138
P008820,E2019,"LANDALE, JOCK",510.61,1.1620876673050224,2.8899652748539832,-1.7278776075489608,19.929052367563752
P008829,E2019,"PETERS, ALEC",370.08,1.5064777814996677,2.817072737521531,-1.3105949560218633,15.165245630867307
P008847,E2019,"MICKEY, JORDAN",432.27,4.44687082390573,4.387104374957173,0.05976644894855676,24.440375497694973
P008851,E2019,"GALLIOU, CHARLES",117.03,-4.836540368787082,-3.1608307271260827,-1.675709641660999,8.887613077261685
P008855,E2019,"WALKUP, THOMAS",719.35,1.3702077112725426,0.8354569875908565,0.5347507236816861,19.48969142144151
P008962,E2019,"HAYES, NIGEL",622.43,0.10439330648214962,-0.6489494395548805,0.7533427460370301,12.580981778384208
P008966,E2019,"TOBEY, MIKE",318.32,4.304556247593915,5.42330749842167,-1.118751250827755,21.535854528012294
P008985,E2019,"BOLMARO, LEANDRO",55.2,-2.2683299977146034,-3.020013804506148,0.7516838067915445,12.686073879884688
P008987,E2019,"LEDAY, ZACH",627.21,1.9461006092280368,0.8279400280233528,1.1181605812046842,22.674163812596223
P008989,E2019,"HILLIARD, DARRUN",546.58,-1.41356689508059,-3.0862256442803466,1.6726587491997567,14.551762606573204
P008991,E2019,"BLACK, TARIK",215.39,3.995551029770448,4.048683975356502,-0.05313294558605364,20.320487859976865
P008995,E2019,"UKHOV, IVAN",31.05,-0.06798970422526956,-0.2660778595720331,0.19808815534676355,14.413419810439551
P009005,E2019,"DECK, GABRIEL",481.69,1.7211302059664462,-0.23955604938660768,1.9606862553530537,17.619141924664515
P009006,E2019,"WILLIAMS, DERRICK",729.53,3.860993472336993,1.8115971936841522,2.049396278652841,18.91297320911613
P009035,E2019,"BOLOMBOY, JOEL",456.73,2.6315701375427265,1.5452382172677093,1.0863319202750175,17.76243181822087
P009051,E2019,"NNOKO, LANDRY",622.24,1.0065069153659647,2.417672506611946,-1.4111655912459815,19.95026399279755
P009101,E2019,"FERRANDO, GUILLEM",4.33,0.07460585637093983,0.10845776289056369,-0.03385190651962386,15.804453811541297
P009105,E2019,"JIMENEZ, MILLAN",0.33,0.15510203907336234,0.1589980278937884,-0.003895988820426056,17.231921321221005
P009328,E2019,"KRIISA, KERR",2.15,-0.32792963591994834,-0.3394025061456193,0.011472870225670971,16.924901283975558
P009472,E2019,"WILEY, JACOB",281.85,2.222435379123998,2.170241105343593,0.052194273780404865,19.82160184930759
P009580,E2019,"ELLIS, OCTAVIUS",150.17000000000002,6.615224014507752,7.240443528507148,-0.625219513999396,20.98124741638927
P009600,E2019,"MASON, MAKAI",217.79,-2.9038981320164634,-1.6582679650124021,-1.2456301670040613,18.908331496139287
P009601,E2019,"CAVANAUGH, TYLER",278.34,3.172111172937566,3.4698272590496213,-0.29771608611205513,17.46809395294736
P009622,E2019,"BROWN, LORENZO",682.92,-2.817828238398964,-4.568748972323878,1.7509207339249133,20.192201842024858
P009723,E2019,"HUESTIS, JOSHUA",201.26999999999998,-3.9012579196472936,-2.494017304789246,-1.4072406148580476,12.244427477538766
P009733,E2019,"JEKIRI, TONYE",644.1899999999999,8.047822170624778,7.894207988650781,0.15361418197399757,20.866819852669487
P009748,E2019,"JEREBKO, JONAS",664.4300000000001,6.265643154370372,6.554751407458478,-0.2891082530881054,20.99456937346533
P009752,E2019,"PEREZ, ALEX",75.54,0.025421090600516227,0.11210783114972778,-0.08668674054921155,14.406281566355833
P009753,E2019,"GEBEN, MARTINAS",162.68,3.768400763387976,2.14610751621965,1.6222932471683262,18.91609055184294
P009754,E2019,"LOYD, JORDAN",394.1,0.0196935330012884,-1.580761862620812,1.6004553956221004,16.37093435773751
P009766,E2019,"KOUFOS, KOSTA",163.38,5.127716398444591,5.518233861224395,-0.39051746277980437,18.713944362358962
P009767,E2019,"BAKER, RON",299.84,-4.65168008207067,-4.642434829825516,-0.009245252245154878,10.526407228286574
P009816,E2019,"JOHNSON, WESLEY",440.07,-1.786139760323303,-1.1628572685166212,-0.6232824918066817,10.163272661244104
P009817,E2019,"BROWN, RION",16.58,2.0772394975435384,2.1382753936812167,-0.061035896137678264,15.17308857572571
P009818,E2019,"BENTIL, BENJAMIN",207.83,2.582584245365427,2.349505369830972,0.23307887553445517,15.361981178436483
P009834,E2019,"BRAY, THOMAS",204.4,-2.880570527563881,-2.904995803764337,0.02442527620045576,13.038366183173798
P009835,E2019,"MONROE, GREG",675.52,3.8230517943666578,4.735327409330428,-0.9122756149637702,26.47111443438996
P009836,E2019,"STAUSKAS, NIK",450.53000000000003,-4.253285803970955,-2.6111189472712146,-1.64216685669974,13.96632093829238
P009842,E2019,"FREDETTE, JIMMER",574.92,-0.647231887686703,-0.10076558778411926,-0.5464662999025838,22.652875401763325
P009846,E2019,"BRYANT, ELIJAH",532.69,2.613169742925164,1.9665976053586964,0.6465721375664679,15.756339860212904
P009847,E2019,"ACY, QUINCY",525.67,-2.8175462874561985,-3.3830388591182547,0.5654925716620562,11.457922972426527
P009848,E2019,"COHEN, SANDY",48.95,-1.998918218897811,-1.7880715413742927,-0.21084667752351835,13.218386479745575
P009849,E2019,"DORSEY, TYLER",527.4,-1.582850724073392,-1.9564443826047682,0.37359365853137616,15.952946551096755
P009862,E2019,"PUNTER, KEVIN",468.01,-4.390515004452611,-4.1800789801212925,-0.21043602433131847,16.6350568936429
P009863,E2019,"BALDWIN IV, WADE",402.12,-3.5072197245646257,-3.85011623468716,0.3428965101225341,11.648368250932254
P009864,E2019,"HAPP, ETHAN",0.75,0.26112609302847556,0.2969230494160861,-0.03579695638761053,16.763063683951398
P009888,E2019,"CHRISTON, SEMAJ",175.65,-2.332328998506783,-3.986722385404951,1.654393386898168,14.398253822449135
P009902,E2019,"MACK, SHELVIN",190.73,-7.309662949351733,-6.513542650503161,-0.796120298848572,10.762145860964136
P009903,E2019,"BILIGHA, PAUL",172.77,-3.2190249283271575,-3.5721292489508745,0.3531043206237168,11.91068910128718
P009917,E2019,"HOLLINS, AUSTIN",617.87,-3.134544849145347,-3.028440518120542,-0.10610433102480521,14.332509599451297
P009918,E2019,"LOPEZ, LAUTARO",3.17,-0.41527728185734125,-0.2890310221367293,-0.12624625972061193,16.369862035069335
P009923,E2019,"BARASHKOV, MAKSIM",1.35,0.0697403167638735,0.042401297061046374,0.02733901970282713,17.058496952719324
P009946,E2019,"REED, WILLIE",120.2,3.790483388421382,4.155371628978539,-0.3648882405571571,21.83868604068167
P010063,E2019,"NIKOLAIDIS, ALEXANDROS",22.950000000000003,-0.30260808800242517,0.029837718122508697,-0.33244580612493385,17.640330753624266
P010093,E2019,"SYKES, KEIFER",224.9,-7.739534679781824,-7.065762645767763,-0.6737720340140605,9.876511745638977
P010150,E2019,"RAUTINS, ANDY",69.38,-0.1208427969174165,0.8521195558391761,-0.9729623527565926,11.151721963384718
P010254,E2019,"CRAWFORD, DREW",120.66,-2.394292541231901,-2.3009384387618512,-0.09335410247004972,10.91669838737471
P010355,E2019,"BERRY, DAVION",49.489999999999995,-2.813226170822737,-2.3623432620436198,-0.4508829087791172,11.565179384293955
P010357,E2019,"YABUSELE, GUERSCHON",46.18,-0.0008127246634093144,-0.8245364041969179,0.8237236795335086,15.384311575852397
PAAX,E2019,"REYES, FELIPE",55.71,0.32921299157290085,0.8491018749925501,-0.5198888834196492,15.47028878144052
PAJG,E2019,"SCOLA, LUIS",543.77,1.5257527418247154,2.080462175591484,-0.5547094337667684,17.535577405219417
PAMM,E2019,"PRINTEZIS, GEORGIOS",626.95,0.2644811395627329,2.299662187420131,-2.035181047857398,21.416711831842772
PBFX,E2019,"MONIA, SERGEY",191.82,-0.08833855240938582,0.6393652493404015,-0.7277038017497873,9.625380940847453
PBGV,E2019,"VIALTSEV, EGOR",49.19,2.3046696173730554,1.9980865412741446,0.3065830760989107,15.878267083303863
PBMT,E2019,"FERNANDEZ, RUDY",499.03,2.039523511560124,1.3070230851926934,0.7325004263674308,18.44461657372436
PBOG,E2019,"KING, ALEX",156.5,-0.7454815007280671,-0.33268100798626454,-0.4128004927418025,9.079448990869798
PBWI,E2019,"JANKUNAS, PAULIUS",371.45,3.900861510980776,1.9932947380454398,1.9075667729353358,14.866642626276603
PCCD,E2019,"DATOME, LUIGI",629.68,1.9674889272697933,1.7149519613880113,0.252536965881782,13.661986989033693
PCPR,E2019,"SIMON, KRUNOSLAV",629.93,3.1204890007953305,1.5532809486901091,1.5672080521052214,18.424888230594856
PCVM,E2019,"RODRIGUEZ, SERGIO",715.08,-2.6555606696935,-1.9818139380869142,-0.6737467316065859,20.916816344601884
PJAN,E2019,"PONKRASHOV, ANTON",255.68,-7.396934512828428,-6.875629139981235,-0.521305372847193,8.571971058699122
PJDZ,E2019,"COVIC, FILIP",181.92,-7.362363007545117,-8.017587035610335,0.6552240280652178,9.963389139323581
PJFO,E2019,"CASSPI, OMRI",127.43,9.018911149583353,8.836879657126804,0.18203149245654882,26.948417825960092
PJLX,E2019,"KURBANOV, NIKITA",568.44,2.564726225692298,2.4299362261228628,0.13478999956943527,13.896353698399412
PJUG,E2019,"RIBAS, PAU",112.26,-5.6001341525012895,-4.122701480957572,-1.4774326715437176,13.04475014679216
PJUO,E2019,"SPANOULIS, VASSILIS",540.28,-10.94638187586647,-9.080221401790965,-1.8661604740755042,16.006869910286284
PKIR,E2019,"KAHUDI, CHARLES",495.28000000000003,-0.8118040714599946,-1.6284840946405825,0.816680023180588,12.647625766291668
PKIW,E2019,"CINCIARINI, ANDREA",82.88,-1.4082071025715845,-1.0925867313720294,-0.31562037119955505,10.547236800952009
PKLT,E2019,"HEURTEL, THOMAS",40.06999999999999,3.078944304639077,3.2514689846311757,-0.17252467999209872,18.625534847991034
PKPD,E2019,"MILAKNIS, ARTURAS",619.04,-1.418070098311221,-2.2479213488565106,0.8298512505452895,11.305182835667145
PKRH,E2019,"PERPEROGLOU, STRATOS",214.55,-1.0167828389920368,-2.8596440724850742,1.8428612334930374,14.016463729639497
PKVZ,E2019,"SHVED, ALEXEY",809.2,-7.233375540026668,-7.314824882891737,0.08144934286506866,24.074877547468216
PLBJ,E2019,"STIMAC, VLADIMIR",378.28000000000003,6.661503580994227,4.659453009605737,2.0020505713884895,22.599478686455846
PLEM,E2019,"RADOSEVIC, LEON",208.48,-3.164178139053696,-2.515733285691826,-0.6484448533618696,12.347246713427463
PLHI,E2019,"VORONTSEVICH, ANDREY",270.97,3.3792009683176603,1.7613749452190368,1.6178260230986234,13.394287047896334
PLHK,E2019,"PLEISS, TIBOR",524.95,3.572618797145192,2.5703011845354395,1.0023176126097524,23.056050349880955
PLKY,E2019,"KHVOSTOV, DMITRY",257.09,-6.76980637859503,-7.052505787971211,0.28269940937618054,10.554422319746013
PLRQ,E2019,"VAN ROSSOM, SAM",289.19,-1.27358349244142,-1.1969822136143384,-0.07660127882708145,17.392221450083774
PLUO,E2019,"LAZIC, BRANKO",405.92,-4.578796028120794,-4.115965350909802,-0.46283067721099214,7.054235187693911
PTFK,E2019,"DIOT, ANTOINE",395.67,-7.925496171940322,-6.319267454565279,-1.6062287173750438,12.849029931523198
PTFX,E2019,"VOUGIOUKAS, IAN",143.58,0.1287686632500814,0.7746726879935549,-0.6459040247434735,15.965508934059049
PTGB,E2019,"LLULL, SERGIO",296.04,-9.471413228471324,-9.2258889493198,-0.24552427915152275,12.344406287642924
P000007,E2020,"DEDOVIC, NIHAD",307.82,-1.192349590894381,-3.443950105463073,2.251600514568692,13.85140176096833
P000046,E2020,"STRELNIEKS, JANIS",358.21,-1.183085833763877,-1.83548874603698,0.652402912273103,10.931404085808044
P000436,E2020,"BERTANS, DAIRIS",344.65,-6.763481441702115,-5.689658647977647,-1.073822793724468,8.745932005303281
P000518,E2020,"SAN EMETERIO, FERNANDO",319.75,-3.330649127681091,-1.9579903427055203,-1.3726587849755705,15.458912843735803
P000529,E2020,"MICOV, VLADIMIR",572.42,-2.2348508028742815,-2.5409627447031853,0.30611194182890356,12.14847664578404
P000556,E2020,"CLAVER, VICTOR",189.23,-0.8552963628209775,-1.191034197993229,0.33573783517225153,11.647749770625811
P000726,E2020,"MORASCHINI, RICCARDO",264.1,4.861692722044658,3.2428653475349702,1.6188273745096877,14.525895814770951
P000796,E2020,"MIROTIC, NIKOLA",853.41,5.77747156373858,6.207010308428311,-0.4295387446897312,28.832169440385673
P000848,E2020,"NEDOVIC, NEMANJA",653.33,-3.3040808990583534,-3.003531090458234,-0.3005498086001195,22.047281624464844
P000925,E2020,"VESELY, JAN",874.31,10.958649773362954,5.885045484990134,5.073604288372819,24.682984538964092
P000981,E2020,"CANDAN, BERKAY",2.13,0.11211072071522252,0.08562569971346523,0.02648502100175728,16.92821566785571
P001133,E2020,"SHENGELIA, TORNIKE",920.65,-0.021558266355264144,0.6335391250575811,-0.6550973914128453,19.290529237405675
P001255,E2020,"PAPANIKOLAOU, KOSTAS",303.77,-1.0958626637065065,-2.2145154940218372,1.1186528303153307,12.405276930326929
P001261,E2020,"LACOMBE, PAUL",283.36,-5.9555698429360735,-4.825506876440127,-1.1300629664959458,8.474746103292215
P001288,E2020,"LUCIC, VLADIMIR",965.46,2.765771232323793,5.001073349506516,-2.235302117182723,22.34610277829116
P001324,E2020,"MUHAMMED, ALI",253.41,-2.115968282720378,0.7731858781947928,-2.8891541609151705,15.757558264220322
P001389,E2020,"VORONOV, EVGENY",238.48,-4.820153585727423,-2.7435330943129235,-2.0766204914145,10.780189866928929
P001392,E2020,"CAUSEUR, FABIEN",395.06,-2.7700855567017744,-1.9642303894971453,-0.8058551672046289,15.692802218232343
P001557,E2020,"GIFFEY, NIELS",480.8,-3.1396851765978795,-1.2173063230366512,-1.9223788535612285,16.681953626305276
P001792,E2020,"ZAYTSEV, VYACHESLAV",664.13,-4.764739036495115,-0.6255197944574207,-4.1392192420376945,13.726563105961162
P001833,E2020,"MOERMAN, ADRIEN",842.63,1.4693859380291316,2.9095860758006746,-1.440200137771543,16.558860492619694
P001844,E2020,"HACKETT, DANIEL",699.92,1.1717350273326914,1.821276556315119,-0.6495415289824276,17.912889621659794
P001926,E2020,"SLOUKAS, KOSTAS",940.77,-3.1449040788114897,-3.883868354138925,0.7389642753274352,19.148206295490937
P001932,E2020,"CALATHES, NICK",1030.7,-0.17961076696909017,-0.8985259104534161,0.718915143484326,16.4932154118317
P001954,E2020,"VALIEV, EVGENY",167.85,2.8727801244251503,3.4855340790206126,-0.6127539545954623,12.876157051178282
P001960,E2020,"CARROLL, JAYCEE",460.16,-1.9507840726053214,-3.0130972355849055,1.0623131629795841,18.86760687331852
P002084,E2020,"POLONARA, ACHILLE",984.04,5.634160160858508,6.671889388149555,-1.037729227291047,21.704806710230343
P002100,E2020,"DE COLO, NANDO",880.26,1.0035603625575735,-0.0072885763585496255,1.010848938916123,26.32860533548049
P002328,E2020,"GRIGONIS, MARIUS",940.53,-3.637195687288088,-2.0851541992498053,-1.5520414880382825,19.61392623582031
P002329,E2020,"ULANOVAS, EDGARAS",549.19,-3.943486144653449,-3.8503691421703197,-0.09311700248312915,10.734728917817746
P002361,E2020,"VIVES, GUILLEM",471.37,-1.1408205076346125,0.08612602566021321,-1.2269465332948257,11.426708903439284
P002429,E2020,"RIVERS, KC",827.37,-2.060940596937458,-2.807968632433801,0.7470280354963428,9.110580098728775
P002534,E2020,"HOWARD, WILLIAM",391.93,5.911260320698053,6.265823344494516,-0.3545630237964622,21.891079353074833
P002536,E2020,"JEAN-CHARLES, LIVIO",508.38,-2.0257232452536558,-1.0938188184162938,-0.9319044268373617,16.32019242275897
P002543,E2020,"WESTERMANN, LEO",278.91,-3.5268708342740367,-0.8929976489196861,-2.6338731853543504,12.902479919131464
P002580,E2020,"MICIC, VASILIJE",1198.69,-1.5546029563243997,-1.521977367064666,-0.03262558925973391,22.92223599639491
P002661,E2020,"PREPELIC, KLEMEN",657.97,-0.9151970506469094,-0.686464061086951,-0.22873298955995836,21.384591298017206
P002742,E2020,"DUBLJEVIC, BOJAN",651.0,3.048470096751907,2.197087247297004,0.8513828494549027,23.34071726519055
P002812,E2020,"HINES, KYLE",971.06,1.4056134767444748,1.013871728744868,0.3917417479996068,16.58999371291814
P002925,E2020,"TUNCER, BUGRAHAN",89.67,0.8286723628834728,1.0696432065658508,-0.240970843682378,16.285541551948665
P002936,E2020,"SASTRE, JOAN",271.38,-4.505491827374566,-4.675781516417551,0.17028968904298525,9.50206975647074
P002968,E2020,"SANLI, SERTAC",482.44,8.853284247809581,3.709239733772771,5.1440445140368105,20.000135063110534
P002969,E2020,"MAHMUTOGLU, MELIH",382.05,-7.569377292463065,-7.56037432340231,-0.009002969060754928,7.569502471026041
P002972,E2020,"ROCHESTIE, TAYLOR",100.48,-1.9061640823310317,-2.877305132519096,0.9711410501880642,15.008373235026454
P002980,E2020,"GIST, JAMES",500.14,-2.551729798713136,-1.9932050942033914,-0.5585247045097446,9.279299273766293
P003024,E2020,"GRANGER, JAYSON",650.0,-3.1930563847929627,-2.0984310248414397,-1.094625359951523,19.371838221544138
P003048,E2020,"DUNSTON, BRYANT",758.03,3.0261103924604056,4.825805833443832,-1.7996954409834265,20.149503707513844
P003108,E2020,"HEZONJA, MARIO",181.57999999999998,-1.7816387868580323,-0.798857908691682,-0.9827808781663503,20.62958543276548
P003120,E2020,"GUDAITIS, ARTURAS",622.83,5.628292120681979,4.890128912093239,0.7381632085887403,24.305685522402367
P003151,E2020,"ERIKSSON, MARCUS",512.89,-1.4293798473722834,-1.2339859984812174,-0.19539384889106592,18.223300537059018
P003210,E2020,"LEKAVICIUS, LUKAS",605.3,-2.9291918807430903,-2.960189746152638,0.030997865409547742,18.04746727088913
P003240,E2020,"BOCHORIDIS, ELEFTHERIOS",493.93,-4.225943004113303,-3.493263533378844,-0.732679470734459,11.19471767069874
P003370,E2020,"PUSHKOV, ANTON",69.75999999999999,1.4344460539835138,1.695807209056556,-0.26136115507304214,12.776146713937933
P003469,E2020,"VEZENKOV, SASHA",731.35,7.0339610538559505,6.795033638288629,0.23892741556732167,24.116050599817285
P003478,E2020,"ABRINES, ALEX",728.34,2.2504984268539943,0.09974362430912698,2.150754802544867,10.87582232677174
P003479,E2020,"KUZMIC, OGNJEN",447.43,3.61786709906031,4.247385137559721,-0.6295180384994112,17.33350139042088
P003490,E2020,"BARTHEL, DANILO",633.81,-4.839370820348944,-0.3123609966436913,-4.527009823705253,15.38392590201565
P003514,E2020,"DRAGIC, ZORAN",592.05,-5.650108227925234,-6.436952580885906,0.786844352960673,15.560839052320068
P003521,E2020,"BALBAY, DOGUS",194.11,-0.3866634628685075,1.1639647726217197,-1.5506282354902272,11.998499425922626
P003526,E2020,"LIGHTY, DAVID",836.27,-2.040061111517763,-2.6773007304287177,0.6372396189109546,16.970402411866345
P003540,E2020,"DIOP, ILIMANE",181.47,-3.175079079580743,-3.601408873618431,0.4263297940376882,6.426541607127236
P003573,E2020,"ZUBKOV, ANDREY",626.75,-0.5423689318722175,-0.8554060332801074,0.31303710140789,13.221711270943384
P003733,E2020,"ABALDE, ALBERTO",761.19,2.958349796137087,2.056552265802165,0.9017975303349217,17.102937407724315
P003941,E2020,"MILUTINOV, NIKOLA",470.71,12.283000029134893,10.311378723286863,1.9716213058480303,28.050811561315033
P003958,E2020,"THIEMANN, JOHANNES",588.76,2.1266131025526205,1.4371379535286704,0.6894751490239504,19.468143716473232
P004004,E2020,"GUDURIC, MARKO",540.27,1.118200642271193,-1.8312320217422315,2.9494326640134245,16.881750927199622
P004007,E2020,"DOBRIC, OGNJEN",596.84,-2.8076131462542935,-1.0390526508844835,-1.76856049536981,15.339071617814852
P004117,E2020,"BROOKS, JEFF",404.74,0.1453760261875789,0.3818738324188093,-0.2364978062312304,11.587904002373703
P004119,E2020,"TYUS, ALEX",238.9,0.14237793315264785,-0.4998264924618107,0.6422044256144586,13.127408280195054
P004172,E2020,"PONITKA, MATEUSZ",879.89,4.011487316976611,4.4167667014675605,-0.4052793844909499,21.358396009917545
P004194,E2020,"LAUVERGNE, JOFFREY",666.13,3.1066480821867186,4.562998431952963,-1.4563503497662442,22.253245096991506
P004218,E2020,"CHARALAMPOPOULOS, VASILIS",82.91,-6.8011201374773504,-6.035697788962116,-0.7654223485152343,10.764193680816268
P004251,E2020,"THOMAS, MALCOLM",132.93,1.8017751266288469,1.4279041380871078,0.37387098854173906,12.574072322835633
P004302,E2020,"KARASEV, SERGEY",522.5,-2.2551678171050167,-0.6499034673357553,-1.6052643497692611,12.480126371338319
P004331,E2020,"DELANEY, MALCOLM",797.53,-0.6310478196530627,-0.9334619791511524,0.3024141594980897,18.326828814811876
P004397,E2020,"JAGODIC-KURIDZA, MARKO",636.11,-2.0365552486234764,-1.6066946278927752,-0.4298606207307012,10.71698342117089
P004499,E2020,"FONTECCHIO, SIMONE",679.28,-1.4034891908279705,-1.250779616233422,-0.1527095745945486,17.258082673953012
P004549,E2020,"BENDER, DRAGAN",647.21,2.22104325230692,1.4354426550101345,0.7856005972967854,14.465650441185344
P004554,E2020,"ZIZIC, ANTE",676.87,3.0696082179717266,2.766461796128146,0.3031464218435804,22.100066505539026
P004571,E2020,"SISKO, ZAN",549.29,1.679916215468387,0.6136016629695166,1.0663145524988704,11.718767678784678
P004655,E2020,"BAKO, ISMAEL",389.12,4.939011855243398,4.997909648517019,-0.0588977932736211,19.890576271994817
P004761,E2020,"MARINKOVIC, VANJA",217.43,-3.7085623319801675,-5.2778926410596,1.5693303090794324,10.865005406414339
P004834,E2020,"PUSTOVYI, ARTEM",118.26,-1.3825406676445695,-0.7513052728001055,-0.6312353948444639,15.435162953166424
P004862,E2020,"SEELEY, DENNIS",548.11,-1.6324764720173957,-2.294080755872023,0.6616042838546272,15.690050556476685
P004863,E2020,"JOVIC, STEFAN",184.66,1.3316136275103185,1.9724803185131266,-0.640866691002808,13.942523242317515
P004866,E2020,"KALINIC, NIKOLA",906.41,-0.12269405632962206,-0.06594845532820355,-0.05674560100141851,18.291629322202784
P004884,E2020,"LABEYRIE, LOUIS",589.5,3.209032183206551,2.6773584891180833,0.5316736940884674,18.75109306186817
P004888,E2020,"CLYBURN, WILL",813.24,2.2463817877616212,-0.19264530021375798,2.4390270879753793,21.296568991894908
P004941,E2020,"ANTONOV, SEMEN",271.01,1.5660998817218696,-0.5620881005702217,2.1281879822920913,8.32559409762029
P004974,E2020,"ROLL, MICHAEL",514.53,-1.4805286281276961,-0.3682414629034877,-1.1122871652242083,11.144905319769748
P005014,E2020,"JENKINS, CHARLES",540.73,0.527993049382443,0.3994455946152228,0.12854745476722013,7.442883377020123
P005056,E2020,"ZIPSER, PAUL",857.38,2.4755476341718547,3.2378347786897046,-0.76228714451785,17.30648088131996
P005099,E2020,"HANGA, ADAM",651.82,0.69028741888902,-1.4887566323353432,2.179044051224363,12.834027647785511
P005146,E2020,"KASELAKIS, LEONIDAS",278.31,0.3639281406416841,1.3265488071444613,-0.9626206665027772,12.182809511136643
P005160,E2020,"HUNTER, OTHELLO",565.4399999999999,1.825780614601916,3.10289568559908,-1.277115070997164,20.03017351851122
P005161,E2020,"PAPAPETROU, IOANNIS",825.98,-4.447148498101603,-4.0165993412972485,-0.4305491568043542,14.178360943171668
P005216,E2020,"MCCOLLUM, ERRICK",602.14,-4.234362793847958,-3.0180646202292984,-1.2162981736186598,20.407438211977812
P005255,E2020,"KONIARIS, ANTONIOS",5.13,-0.45399161171349894,-0.3046421753734671,-0.14934943634003184,16.064669134957704
P005275,E2020,"SIPAHI, KENAN",57.93,-1.2016630184776371,-0.054887982068921204,-1.146775036408716,12.46678063799217
P005404,E2020,"MORETTI, DAVIDE",5.6899999999999995,-1.1625180440698963,-1.307010615428605,0.14449257135870858,17.1149462215735
P005553,E2020,"LOMAZS, RIHARDS",56.410000000000004,-2.0266221715642354,-1.8201528316223927,-0.20646933994184258,14.122362164555359
P005618,E2020,"SIMANIC, BORISA",13.010000000000002,1.5127356997948713,1.6194415868640442,-0.10670588706917275,16.714261270313276
P005670,E2020,"FLACCADORI, DIEGO",117.53,-1.2399575103366602,-1.0452778852822604,-0.1946796250543999,10.706011429035552
P005683,E2020,"RADANOV, ALEKSA",160.53,-5.114234088009715,-4.527016329652441,-0.5872177583572736,9.86020291773732
P005686,E2020,"GECIM, TOLGA",32.769999999999996,-4.989156240203184,-4.248119786538595,-0.7410364536645888,12.720333404821147
P005718,E2020,"TIMMA, JANIS",398.11,-0.20888225851101083,-1.5172778148390476,1.3083955563280367,10.617892967734242
P005757,E2020,"RANDOLPH, ANTHONY",245.6,2.0692396861574816,1.2549429792688882,0.8142967068885936,19.585875770133402
P005771,E2020,"CALOIARO, ANGELO",845.26,1.681357735219158,0.10323727017351622,1.5781204650456417,12.788945545308277
P005775,E2020,"BARON, BILLY",727.92,-1.7878752877217188,-0.6109771164857178,-1.176898171236001,16.727315037875766
P005789,E2020,"KURIC, KYLE",734.04,3.1464921449950505,2.31334686952411,0.8331452754709403,17.467841669653858
P005791,E2020,"TAVARES, WALTER",935.8,6.752880780223439,7.791194858581676,-1.038314078358237,26.88634742822756
P005836,E2020,"THOMPKINS, TREY",810.76,4.565062554565853,4.806778148107131,-0.24171559354127853,20.256575460228934
P005844,E2020,"PAPAGIANNIS, GEORGIOS",701.23,4.627871851554452,4.111948616011409,0.515923235543043,23.87439145583428
P005856,E2020,"THOMAS, WILL",1029.47,4.493502001790746,3.3136703749665344,1.179831626824211,20.05266068701081
P005893,E2020,"JOHNSON, JAJUAN",539.2,1.620924369226594,-0.10148478167792988,1.7224091509045238,14.406881517769248
P005917,E2020,"ORIOLA, PIERRE",569.67,5.5588323737971805,2.220139424292085,3.338692949505096,15.483564540980039
P005928,E2020,"CAMPAZZO, FACUNDO",256.58,-1.1745210203947087,-0.8944290065106157,-0.28009201388409294,20.104545028207145
P005938,E2020,"ANDERSON, JAMES",621.0699999999999,3.236566860078229,4.250314337964911,-1.013747477886682,15.378366408473664
P005985,E2020,"JAMES, MIKE",840.88,-1.2729692485350292,-2.2506788616847695,0.9777096131497404,24.454636793382896
P006068,E2020,"NOUA, AMINE",433.78,-1.1511101275445128,-0.9793787107012125,-0.17173141684330018,13.880022979800861
P006135,E2020,"LOPATIN, ANDREI",6.8,-1.4837717044249752,-1.8641852230837859,0.3804135186588108,15.813470656911083
P006158,E2020,"LUKOSIUNAS, KAROLIS",89.99,-2.7813998844606065,-2.889372815884233,0.10797293142362663,11.62628910025845
P006251,E2020,"SCHNEIDER, TIM",315.49,-3.670238956452563,-5.137302518293524,1.4670635618409607,7.723118886514967
P006399,E2020,"DUVERIOGLU, AHMET",344.96,5.900787881886104,4.972382241435009,0.9284056404510947,15.84160074199502
P006433,E2020,"PANGOS, KEVIN",1129.12,-2.8756348560989498,-3.142676345354759,0.26704148925580895,20.151717217324677
P006435,E2020,"LAPROVITTOLA, NICOLAS",598.4,-0.22470560347932267,-2.152191091233932,1.9274854877546095,18.168497517408507
P006436,E2020,"GIEDRAITIS, ROKAS",979.58,-0.09525190919574045,-0.874559091813417,0.7793071826176765,17.867021125028348
P006450,E2020,"HIGGINS, CORY",1036.28,-2.859085241838438,-3.651912540940471,0.7928272991020329,20.425316529515705
P006477,E2020,"RUBIT, AUGUSTINE",594.15,1.4915262307455237,2.5505910214566816,-1.0590647907111579,19.259351244195205
P006482,E2020,"KRAEMER, DAVID",18.5,-0.27626048099233164,-0.20449908624440857,-0.07176139474792306,15.602351613148551
P006487,E2020,"DIPLAROS, NIKOS",15.97,-1.2148255833294888,-0.7709901106150243,-0.44383547271446444,15.252898733794114
P006505,E2020,"WHITE, AARON",740.9,1.6126570350452143,2.045727308761992,-0.43307027371677753,16.18370634577013
P006533,E2020,"COLOM, QUINO",113.25,-5.419966820924523,-5.309292869404378,-0.11067395152014448,16.923229384094274
P006540,E2020,"MUSA, DZANAN",11.77,-1.353818545369197,-1.5090780936594674,0.15525954829027042,14.75242610859894
P006546,E2020,"TAYLOR, JEFFERY",474.4,-3.569793802976441,-4.956613259029848,1.386819456053407,7.536348652782214
P006568,E2020,"FALL, YOUSSOUPHA",375.2,1.6045769003050352,2.20132413383402,-0.5967472335289847,25.523734566831024
P006586,E2020,"KALAITZAKIS, GEORGIOS",62.1,2.648864097075786,2.8940109305589683,-0.245146833483182,14.61368702133315
P006589,E2020,"SIKMA, LUKE",773.15,1.9021817218441086,1.9906737249702295,-0.08849200312612093,21.907895168250704
P006590,E2020,"BEAUBOIS, RODRIGUE",811.65,0.3801854265998701,0.30285486790600746,0.0773305586938626,17.516457704336204
P006614,E2020,"SINGLETON, CHRIS",902.26,3.538559864702821,2.529157254801674,1.009402609901147,15.33422332145162
P006625,E2020,"ZOOSMAN, YOVEL",148.31,-0.5925497452792481,-1.044814940200037,0.45226519492078904,9.862183021860188
P006643,E2020,"PUERTO, JOSEP",83.9,-1.9743285834782363,-1.3716893918820336,-0.6026391915962027,10.923755661544877
P006661,E2020,"WILBEKIN, SCOTTIE",917.73,-5.558314981844539,-5.5637889896111865,0.005474007766647693,19.896120450569505
P006693,E2020,"SAYBIR, YIGITCAN",4.7,-0.5644146123192691,-0.7269936716610799,0.16257905934181072,16.894734156237853
P006710,E2020,"KHOMENKO, ALEXANDER",99.8,-5.7607574476834404,-5.8388783173730605,0.07812086968961979,11.656049380170687
P006754,E2020,"HENRY, PIERRIA",912.07,-0.7566529339942026,0.46110274804359197,-1.2177556820377946,23.169226107046054
P006768,E2020,"MARTINEZ, SERGI",260.86,0.6300809525313604,-1.155106129450063,1.7851870819814235,10.00077222789476
P006785,E2020,"ALBER, EIDAN",0.47,0.30447378720933643,0.2736695439966313,0.030804243212705137,17.207909486992172
P006819,E2020,"NIKIC, KRESIMIR",83.72,-1.7525428730054096,-2.066393511912502,0.3138506389070923,15.071188037002523
P006919,E2020,"OLINDE, LOUIS",399.74,-1.8969103695534222,-2.422730056651393,0.5258196870979708,9.462677924837124
P006961,E2020,"BIBEROVIC, TARIK",150.01,-4.482899824453289,-1.6594909497404433,-2.823408874712846,12.83500126458183
P006985,E2020,"USKOKOVIC, ALEKSA",221.62,-4.390127123431565,-2.498076011839389,-1.892051111592176,12.96212507355918
P007025,E2020,"MATTISSECK, JONAS",431.16,-5.010235399019758,-3.3809116951446767,-1.6293237038750816,8.225165046611384
P007032,E2020,"LO, MAODO",578.34,-5.719282426424594,-7.273365660387109,1.5540832339625146,14.69599119344002
P007056,E2020,"BOOKER, DEVIN",416.21000000000004,-0.9924798519417823,1.1407549716680467,-2.133234823609829,21.17138115526259
P007109,E2020,"SMITS, ROLANDS",653.99,3.9297011257361945,2.6350218136836556,1.2946793120525388,15.237441698375447
P007125,E2020,"SIVA, PEYTON",529.01,0.187629551168635,-2.222691565527338,2.410321116695973,22.144129133333497
P007186,E2020,"ZAKHAROV, DENIS",82.71,-5.662282214319335,-4.6556793061965305,-1.0066029081228043,10.775976499141283
P007200,E2020,"LARKIN, SHANE",1004.49,2.9365579931565766,-1.220268438751979,4.156826431908556,23.14994129974749
P007201,E2020,"VOIGTMANN, JOHANNES",728.34,7.553255113812641,7.35887908231497,0.1943760314976708,22.465266274908977
P007230,E2020,"SEDEKERSKIS, TADAS",520.83,3.24386764165902,2.340580856648199,0.9032867850108206,14.382163661804526
P007265,E2020,"KURUCS, ARTURS",88.13,-5.530769754686885,-4.780962366435392,-0.7498073882514925,8.339332728209767
P007360,E2020,"ERIC, MICHAEL",173.22,4.336187681942217,3.681323104119685,0.6548645778225322,19.357582410358333
P007432,E2020,"EVANS, JEREMY",113.97,3.6419791929130367,2.8369746044918878,0.8050045884211487,15.74463086487874
P007491,E2020,"UMRIKHIN, YURY",0.07,0.3215342344640133,0.3199140832207136,0.0016201512432997159,17.276692976497486
P007519,E2020,"JOKUBAITIS, ROKAS",648.56,-4.127445569722717,-4.758064084935973,0.6306185152132557,13.638023226138325
P007527,E2020,"BADIO, BRANCOU",0.37,0.27323056938536494,0.28519612325376253,-0.011965553868397568,17.225053961921923
P007566,E2020,"BRENNEKE, LORENZ",9.22,-0.9478041018783185,-0.3020736524314291,-0.6457304494468894,16.195556364750992
P007630,E2020,"GARUBA, USMAN",634.25,2.933792812023648,1.8907592702739444,1.0430335417497032,15.320229712166295
P007674,E2020,"ATIAS, YONATAN",5.24,-0.4877700387877392,-0.7016072951607325,0.21383725637299328,16.04787786163154
P007679,E2020,"SAHAR, DORI",19.169999999999998,-0.12335943957603468,-0.7023598091011048,0.5790003695250702,15.178976807569885
P007831,E2020,"SHIELDS, SHAVON",951.13,0.1920449671276634,2.8673829339591297,-2.6753379668314663,22.19409460880966
P007851,E2020,"TRUSHKIN, VLADISLAV",18.96,-1.4771683917740686,-1.4541452441733356,-0.023023147600733013,15.205772244099725
P007853,E2020,"MCKISSIC, SHAQUIELLE",770.5,-1.7936322102178242,-1.3613027075962423,-0.4323295026215819,16.782169633725562
P007866,E2020,"MITOGLOU, KONSTANTINOS",688.6,3.031629999436775,3.810900356945118,-0.7792703575083432,21.669894326855314
P007869,E2020,"SANT-ROOS, HOWARD",778.78,-3.2413245278155465,-1.9951941618917786,-1.2461303659237681,14.894374776574459
P007870,E2020,"DAVIES, BRANDON",749.76,3.0367630650227206,2.595287270375861,0.4414757946468594,24.95866911381814
P007889,E2020,"CLINE, TJ",24.61,-1.2595278478868224,-0.7616882447565902,-0.49783960313023223,14.51632024843996
P007942,E2020,"REYNOLDS, JALEN",815.11,6.36915069368113,6.384726795425642,-0.015576101744512905,28.377876611727665
P007947,E2020,"VILDOZA, LUCA",806.8100000000001,-3.91927918538002,-3.529229234681091,-0.39004995069892945,16.286629686657736
P007948,E2020,"AUGUSTE, ZACH",218.39,3.5677955299772393,4.26754728612511,-0.6997517561478706,17.993274494042225
P007960,E2020,"DAVIDOVAC, DEJAN",745.47,-0.9631904328345532,-0.11614635318234334,-0.8470440796522098,14.960765806188395
P007989,E2020,"COLE, NORRIS",788.75,-4.399013781290761,-6.328225197751115,1.929211416460354,15.852465447153982
P007990,E2020,"DIBARTOLOMEO, JOHN",240.33,-0.02048814699178403,0.5395727619736781,-0.5600609089654621,16.59823896264832
P007994,E2020,"GARINO, PATRICIO",29.05,0.6932230295121865,0.49074271359590493,0.2024803159162816,15.876626626564148
P008004,E2020,"TARCZEWSKI, KALEB",513.9,2.577167921193171,2.2463484992332754,0.33081942195989533,14.414202095061254
P008097,E2020,"NDJOCK, ELWIN",8.04,0.4764503656845067,0.6096595992604377,-0.13320923357593095,14.521276065883963
P008099,E2020,"STRAZEL, MATTHEW",261.14,-6.373824310250233,-5.843337810415417,-0.5304864998348156,10.436059883031799
P008137,E2020,"KADOSHNIKOV, DMITRII",9.43,-0.36642140424419306,-0.17811712577100303,-0.18830427847319003,15.798946049146515
P008140,E2020,"ODINOKOV, VLADISLAV",68.48,0.9445658259076367,1.8130575517541136,-0.8684917258464769,11.923543839969748
P008186,E2020,"BLAZEVIC, MAREK",28.14,-0.4255779642117513,-0.9284622626801716,0.5028842984684203,17.55016908192683
P008198,E2020,"VASTURIA, STEVE",222.56,-4.307415558163167,-3.461931437756566,-0.8454841204066009,7.716017690222294
P008211,E2020,"DELOW, MALTE",191.86,-2.6153775680078923,-2.0050127163570513,-0.6103648516508412,7.979437628171395
P008250,E2020,"GRANT, SASHA",60.32,1.394052048400395,0.8948242876054335,0.4992277607949616,12.77993179988837
P008253,E2020,"GEORGE, JASON",2.42,0.17365877693694495,0.23658506850863126,-0.0629262915716863,16.489735072818817
P008780,E2020,"HERMANNSSON, MARTIN",512.65,-2.624865120657879,-1.7815776887868817,-0.8432874318709975,17.577538017070275
P008811,E2020,"FALL, MOUSTAPHA",682.87,6.846798875579083,6.248741971165905,0.5980569044131782,24.58757988702863
P008829,E2020,"PETERS, ALEC",773.38,5.0293252818513094,4.392819918344554,0.636505363506755,20.802947933497563
P008847,E2020,"MICKEY, JORDAN",808.4,-2.337179500989771,0.34185516948926364,-2.6790346704790347,22.202640539583996
P008850,E2020,"RAIESTE, SANDER",45.17,-1.9457693989842935,-1.9214801637472378,-0.024289235237055694,12.735955542867694
P008855,E2020,"WALKUP, THOMAS",821.28,-0.7194270510060071,0.5588335260529685,-1.2782605770589757,17.550450097861784
P008930,E2020,"HARRISON, AARON",471.49,-5.053186819168662,-5.3366368052340425,0.28344998606538074,13.244113923529902
P008962,E2020,"HAYES, NIGEL",881.46,0.20882602302383246,0.3842750727484908,-0.17544904972465836,15.007110494730405
P008966,E2020,"TOBEY, MIKE",615.53,7.05579580981388,7.740302325182286,-0.6845065153684069,23.994631484575212
P008977,E2020,"AMAIZE, ROBIN",50.59,-3.073250876278741,-3.322126194303074,0.24887531802433285,11.215078465755383
P008985,E2020,"BOLMARO, LEANDRO",295.49,-2.144105639508873,-3.0809057879503583,0.9368001484414851,12.361573405542753
P008987,E2020,"LEDAY, ZACH",887.59,3.33205638968776,2.4088112188881667,0.9232451707995935,19.53126162289827
P008989,E2020,"HILLIARD, DARRUN",719.16,-4.550240760335696,-5.676305254264744,1.1260644939290474,12.706771163335738
P008991,E2020,"BLACK, TARIK",191.97,2.7721207357301667,2.065124127584949,0.706996608145218,14.552449450827494
P008995,E2020,"UKHOV, IVAN",235.98,-1.333469352257742,-2.2616491188503858,0.9281797665926437,7.288763218519266
P009004,E2020,"O'BRYANT, JOHNNY",332.09000000000003,-0.43382365494413566,0.5356626265587332,-0.9694862815028689,20.38667561424264
P009005,E2020,"DECK, GABRIEL",773.53,-0.4116028205350917,0.0063383558516603156,-0.417941176386752,17.136078516087714
P009006,E2020,"WILLIAMS, DERRICK",687.05,1.9108330344822049,2.0263417271775044,-0.11550869269529962,18.917322490512806
P009022,E2020,"WALTON JR, DERRICK",158.1,-7.614878567969457,-6.534090073252302,-1.0807884947171558,13.052610097474249
P009035,E2020,"BOLOMBOY, JOEL",423.13,-0.4797081947388635,1.8746165851643026,-2.354324779903166,17.14464600798674
P009051,E2020,"NNOKO, LANDRY",207.31,0.7317658867926601,1.4296934181257495,-0.6979275313330894,18.38169492095312
P009101,E2020,"FERRANDO, GUILLEM",1.88,0.9958701976057365,0.9553928631625541,0.04047733444318237,17.75499279699748
P009105,E2020,"JIMENEZ, MILLAN",1.13,0.20471501648327814,0.19816583375976277,0.006549182723515377,17.095606310274928
P009212,E2020,"VUKCEVIC, TRISTAN",27.490000000000002,-3.423444481559511,-2.7126900562907323,-0.7107544252687786,12.619645981316992
P009299,E2020,"RUBSTAVICIUS, MANTAS",2.15,0.5178327502404365,0.4821833322077293,0.03564941803270721,18.099644308938846
P009540,E2020,"MARTIN, HASSAN",549.62,3.8552763724780315,4.165818849499529,-0.3105424770214977,18.793877445519076
P009578,E2020,"HALL, LANGSTON",340.62,-3.643151496857441,-4.488258758161586,0.845107261304145,11.7309215790434
P009580,E2020,"ELLIS, OCTAVIUS",471.66,6.3710586274942544,5.985783593201722,0.3852750342925328,21.70674643347112
P009622,E2020,"BROWN, LORENZO",850.71,-4.74226067950985,-4.8626403139985515,0.12037963448870126,15.15591364996487
P009733,E2020,"JEKIRI, TONYE",566.38,4.937714743323732,4.295841719649705,0.6418730236740267,17.720938002578265
P009748,E2020,"JEREBKO, JONAS",392.01,1.024271265403889,2.166267443308163,-1.141996177904274,18.147758513359694
P009752,E2020,"PEREZ, ALEX",54.31,-2.2479619155465618,-3.7442396155539743,1.4962777000074126,10.944713020271553
P009753,E2020,"GEBEN, MARTINAS",266.08,7.440277995205976,6.60284297815697,0.8374350170490055,21.003274328447617
P009754,E2020,"LOYD, JORDAN",791.13,-2.401076549706692,-2.3548233176114106,-0.046253232095281316,23.440888160154078
P009766,E2020,"KOUFOS, KOSTA",81.29,-0.9350070651835042,-1.1122989283484739,0.17729186316496967,16.155765161664203
P009782,E2020,"HAMILTON, JOHNNY",89.87,-3.146230889574068,-2.4908483735374602,-0.6553825160366074,12.476318882172556
P009818,E2020,"BENTIL, BEN",490.02,-1.217578688288374,-0.7263674313714651,-0.49121125691690876,15.268768289478498
P009834,E2020,"BRAY, TJ",52.75,-1.0686749878314628,-1.6735309561922767,0.6048559683608139,10.79462301903832
P009835,E2020,"MONROE, GREG",180.66,3.207311167192123,1.958687804722048,1.2486233624700753,22.54998455839131
P009846,E2020,"BRYANT, ELIJAH",795.06,-1.6070953595803823,-1.964926418482847,0.35783105890246464,15.293811215067262
P009848,E2020,"COHEN, SANDY",144.72,0.11372319630502059,-0.5030582860471392,0.6167814823521598,8.37233845275459
P009849,E2020,"DORSEY, TYLER",741.0,-1.9365740093231336,-2.9406542032263157,1.004080193903182,17.70377962682295
P009862,E2020,"PUNTER, KEVIN",889.45,-1.2336653785028142,-2.5226138405057545,1.2889484620029403,18.64558963682662
P009863,E2020,"BALDWIN IV, WADE",1066.39,-4.068149909083317,-4.6931063538799345,0.6249564447966169,19.45222324107554
P009866,E2020,"WALDEN, COREY",699.74,-3.3409484092364163,-3.0521049026906377,-0.28884350654577884,17.066644992320132
P009877,E2020,"BLAYZER, OZ",345.36,-0.36666053448500824,-1.6572089800710126,1.2905484455860043,9.719953893834434
P009902,E2020,"MACK, SHELVIN",430.38,-3.5203899719935663,-3.483563508223794,-0.03682646376977239,12.988571714917803
P009903,E2020,"BILIGHA, PAUL",23.54,1.2814832540529717,0.39160926201030466,0.8898739920426669,17.879866166084696
P009917,E2020,"HOLLINS, AUSTIN",734.72,-0.4002902878969792,-2.493353926549774,2.093063638652795,12.70950578176886
P009947,E2020,"BADJI, IBOU",5.69,-0.4776700609023039,-0.5686272656330414,0.09095720473073751,15.601084929114425
P009960,E2020,"POYTHRESS, ALEX",599.73,3.0068720500952635,3.40173968259093,-0.39486763249566637,18.53411839732197
P010063,E2020,"NIKOLAIDIS, ALEXANDROS",2.2,-1.4384974695243824,-1.3564381042593636,-0.08205936526501872,16.133842134619407
P010093,E2020,"SYKES, KEIFER",47.92,-1.8080864509555852,-2.1511919644848487,0.34310551352926366,14.662511263913622
P010357,E2020,"YABUSELE, GUERSCHON",753.96,-1.1228860423399514,-0.1083172274247366,-1.0145688149152148,17.435100784765215
P010385,E2020,"LAMMERS, BEN",578.8,3.9508626396915676,3.8996584645667403,0.051204175124827334,22.641247298406164
P010386,E2020,"FOSTER, MARCUS FRANKLEE",279.64,-3.077717521698182,-3.303915325277397,0.22619780357921515,11.718677342108588
P010389,E2020,"FREEMAN, ALLERIK",372.84000000000003,-8.143702084876029,-6.774327390832321,-1.369374694043708,9.239655414427933
P010390,E2020,"HAYES, KEVARRIUS",215.75,1.4742638084489468,2.0739778038675607,-0.5997139954186139,16.62352705038196
P010391,E2020,"WEILER-BABB, NICK",779.03,-0.8162898015446239,-0.9575296091787732,0.14123980763414923,12.61490354840916
P010392,E2020,"LARENTZAKIS, GIANNOULIS",260.9,-0.2097734065661827,0.08813848648952827,-0.297911893055711,12.99218250528707
P010393,E2020,"PRADILLA, JAIME",121.0,-0.49650246470142134,1.1693821664440294,-1.6658846311454507,15.062799394380558
P010516,E2020,"GAZI, ERTEN",49.44,1.1761426360701013,2.1708510158115537,-0.9947083797414524,14.781040324933777
P010560,E2020,"PIERRE, DYSHAWN",872.0,-0.4558728607574052,1.0537357474792906,-1.5096086082366957,19.474155006335497
P010568,E2020,"JONES, CHRIS",596.8,-0.9800933894662334,-1.2985096610896745,0.31841627162344105,17.06211060011209
P010569,E2020,"EDDIE, JARELL",541.5699999999999,-1.872855438675976,0.3699230204651362,-2.242778459141112,11.111614735972854
P010603,E2020,"REATH, DUOP",307.38,1.0647499046888793,-1.0717649897451196,2.136514894433999,13.375420163380882
P010623,E2020,"ALOCEN, CARLOS",376.21999999999997,-7.381009036861738,-5.857485359249481,-1.5235236776122567,11.441935798912485
P010628,E2020,"VOLKHIN, IGOR",4.52,-0.30670264607753583,-0.35224014718840446,0.0455375011108686,16.541127689993335
P010652,E2020,"TERRY, EMANUEL",169.75,4.891796087810823,3.2176737667960635,1.6741223210147593,16.492599318473044
P010653,E2020,"SHARAPOV, VLADISLAV",77.34,-2.3021263278493316,-1.194800326116773,-1.1073260017325586,13.357836168704766
P010654,E2020,"EVSTIGNEEV, IVAN",24.11,-2.033758916951591,-2.082894719285004,0.0491358023334133,12.64103348769723
P010776,E2020,"O'QUINN, KYLE BRANDON",234.64,0.7047531992509106,2.0514179100026695,-1.3466647107517589,16.641401703795434
P010781,E2020,"LUNDBERG, IFFE",301.73,6.01404641093794,5.6570413915576845,0.35700501938025564,21.628652742284874
P010791,E2020,"KOUMADJE, CHRIST",47.72,2.3553699564340818,2.115325068683151,0.24004488775093064,16.036275833726666
PAAX,E2020,"REYES, FELIPE",21.32,-1.9644505746158507,-1.79062967471229,-0.17382089990356075,15.569392236713679
PADF,E2020,"GASOL, PAU",68.39,2.599634083070337,2.406422506253155,0.19321157681718182,20.243949558513595
PAMM,E2020,"PRINTEZIS, GEORGIOS",561.04,1.6973656920565843,0.6197659839615075,1.0775997080950768,19.31634797615591
PBFX,E2020,"MONIA, SERGEY",589.67,-3.046422647025785,-0.281275291985541,-2.765147355040244,9.582668038566421
PBGV,E2020,"VIALTSEV, EGOR",256.15,-2.037533291549659,-0.4544675389203462,-1.5830657526293126,11.14384014083421
PBMT,E2020,"FERNANDEZ, RUDY",431.21,-5.041553850888249,-5.047924081866607,0.00637023097835776,12.81767787910262
PBWI,E2020,"JANKUNAS, PAULIUS",540.03,5.922599872218815,5.746128413781744,0.17647145843707168,17.88803441425887
PCCD,E2020,"DATOME, LUIGI",611.12,4.677771565428789,4.125001369904693,0.5527701955240962,15.818537892561174
PCPR,E2020,"SIMON, KRUNOSLAV",933.46,1.5577874779029437,0.0072232877223114,1.5505641901806322,18.2386146209414
PCVM,E2020,"RODRIGUEZ, SERGIO",737.91,0.7333578397360274,-0.604042565093762,1.3374004048297894,21.11071435614577
PJAN,E2020,"PONKRASHOV, ANTON",156.60999999999999,-7.439879239260983,-7.217874726019297,-0.22200451324168546,9.38731408034801
PJFO,E2020,"CASSPI, OMRI",181.49,0.029041303589911638,-0.753084401996354,0.7821257055862656,16.373152389634104
PJLX,E2020,"KURBANOV, NIKITA",862.1,-1.918649660534835,-2.1729985914069347,0.25434893087209953,9.654795412283654
PJUO,E2020,"SPANOULIS, VASSILIS",588.26,-8.187117300306326,-8.396933558119684,0.20981625781335905,11.8107672480721
PKIR,E2020,"KAHUDI, CHARLES",657.48,-2.7437133867938432,-1.118225281252492,-1.6254881055413513,11.259543045569657
PKIW,E2020,"CINCIARINI, ANDREA",19.66,-1.707658347917791,-1.9315812878626213,0.22392293994483048,13.445417567759515
PKLT,E2020,"HEURTEL, THOMAS",163.31,-6.369889958177081,-8.808625543504212,2.4387355853271306,10.059924295158194
PKPD,E2020,"MILAKNIS, ARTURAS",464.62,0.06695747499628069,-1.4095714635489671,1.4765289385452478,10.996561698413277
PKVZ,E2020,"SHVED, ALEXEY",748.41,-7.078992874494012,-5.453570495010253,-1.6254223794837586,23.30109105993341
PLEM,E2020,"RADOSEVIC, LEON",512.16,-2.57536499572093,-2.6619771925630236,0.08661219684209354,10.861341260713056
PLHK,E2020,"PLEISS, TIBOR",287.81,0.2916296885151599,2.519241370655993,-2.227611682140833,22.92070515499369
PLKY,E2020,"KHVOSTOV, DMITRY",117.45,-1.8918265932880152,-3.2885045114389717,1.3966779181509565,11.813652178239153
PLLH,E2020,"FRIDZON, VITALY",161.82999999999998,-1.2453143972618277,-2.093719118677649,0.8484047214158215,9.200162953664986
PLRQ,E2020,"VAN ROSSOM, SAM",741.99,-2.6940751185871514,-2.0898419873376524,-0.6042331312494993,16.495301210415924
PLRU,E2020,"SIMONOVIC, MARKO",427.52,-0.6167316551929544,0.42749905517896136,-1.0442307103719157,11.390807298601198
PLUO,E2020,"LAZIC, BRANKO",539.74,-2.088749638490915,-2.701020262604381,0.6122706241134657,6.0163170446714345
PTFK,E2020,"DIOT, ANTOINE",560.11,1.8304890946961652,2.5827481378248245,-0.7522590431286592,16.37435982814698
PTFX,E2020,"VOUGIOUKAS, IAN",12.94,-2.081338825487036,-1.804848517709221,-0.2764903077778151,15.662109670250606
PTGB,E2020,"LLULL, SERGIO",460.15,-1.7210918964314597,-2.9483818254649155,1.2272899290334558,17.582573714465955
P000007,E2021,"DEDOVIC, NIHAD",166.53,0.591325746353409,-0.3025646149842436,0.8938903613376525,8.58769619239149
P000046,E2021,"STRELNIEKS, JANIS",470.38,-3.998865885150597,-3.9795191618714143,-0.01934672327918302,12.007571559588525
P000726,E2021,"MORASCHINI, RICCARDO",0.37,0.6909632420314775,0.6881648901121606,0.0027983519193168875,16.82652850610843
P000796,E2021,"MIROTIC, NIKOLA",928.46,8.419256087019159,9.548921622494042,-1.1296655354748832,31.43425963689215
P000848,E2021,"NEDOVIC, NEMANJA",613.45,-2.1170272652364917,-3.0224578371934965,0.9054305719570046,21.65376503771547
P000925,E2021,"VESELY, JAN",627.04,4.430850064359026,5.730861009935132,-1.3000109455761057,24.385011369605664
P000956,E2021,"ANDJUSIC, DANILO",488.07,-5.177341020993509,-3.9910023540123967,-1.1863386669811127,15.319398483442626
P001108,E2021,"KULAGIN, DMITRY",324.93,-4.891079496031954,-5.433003945243421,0.5419244492114669,11.222739430395839
P001133,E2021,"SHENGELIA, TORNIKE",372.21999999999997,-0.09469215739859116,0.4867016601313202,-0.5813938175299114,21.618903617293007
P001255,E2021,"PAPANIKOLAOU, KOSTAS",866.4,0.08178146218740245,-1.496099483075843,1.5778809452632454,11.929717162829164
P001261,E2021,"LACOMBE, PAUL",381.96,0.04599407149726964,0.3684387274675861,-0.32244465597031646,14.210471130712307
P001288,E2021,"LUCIC, VLADIMIR",962.14,0.7770734109656375,0.08966962969921088,0.6874037812664267,18.725289195546825
P001392,E2021,"CAUSEUR, FABIEN",561.84,0.2822144022782036,-1.23127772165008,1.5134921239282837,13.914055762960993
P001518,E2021,"RICCI, GIAMPAOLO",444.9,2.6608583601645073,2.1610774285659144,0.4997809315985926,11.027488834938712
P001557,E2021,"GIFFEY, NIELS",458.41,0.5674638780541551,0.4753453370681924,0.09211854098596273,13.339443538185387
P001792,E2021,"ZAITCEV, VIACHESLAV",76.69,1.912243206352894,3.2396043907394043,-1.3273611843865103,16.1235987670955
P001833,E2021,"MOERMAN, ADRIEN",989.65,3.327517891918861,3.5272586184912735,-0.19974072657241293,17.29810367196632
P001844,E2021,"HACKETT, DANIEL",474.06,0.7636334469412727,0.3929503218842251,0.3706831250570476,16.73845707096489
P001926,E2021,"SLOUKAS, KOSTAS",921.16,1.5397837738322007,0.3885035139759314,1.1512802598562693,23.198008799951136
P001932,E2021,"CALATHES, NICK",710.95,4.6073970441461825,4.41485917946187,0.1925378646843119,19.050346712076085
P002008,E2021,"KUZMINSKAS, MINDAUGAS",274.53,-0.4839812268229635,-0.4789553672722088,-0.005025859550754741,15.83018360654181
P002072,E2021,"IVLEV, VLADIMIR",7.35,1.5177844257039932,1.5295543566376064,-0.011769930933613157,17.968129167751314
P002084,E2021,"POLONARA, ACHILLE",670.55,3.2150082391863686,1.8928203921765998,1.3221878470097688,16.31156792701071
P002100,E2021,"DE COLO, NANDO",464.39,-1.5514416184374675,-1.7696686802575465,0.2182270618200789,24.112543925580013
P002279,E2021,"KOMOLOV, ARTEM",3.6,0.7697913741863524,0.7287723421487727,0.04101903203757957,17.074118399209492
P002328,E2021,"GRIGONIS, MARIUS",309.84,-1.0114196781636537,-0.7158781990191296,-0.2955414791445241,15.83271195139104
P002329,E2021,"ULANOVAS, EDGARAS",879.46,-0.7525445329624787,-0.25673035973834546,-0.49581417322413324,16.426274341124806
P002429,E2021,"RIVERS, KC",96.78,-6.014857418850268,-4.675111424951228,-1.3397459938990401,12.851299248694499
P002534,E2021,"HOWARD, WILLIAM",475.71,2.779131446544051,2.803452345013768,-0.024320898469716634,13.6333894949855
P002536,E2021,"JEAN-CHARLES, LIVIO",309.34,2.520296361136939,0.23019456651106648,2.2901017946258726,16.53607921570847
P002543,E2021,"WESTERMANN, LEO",368.14,-3.2171188830739204,-4.666548723828503,1.4494298407545823,11.383087679237203
P002553,E2021,"MITROVIC, LUKA",618.31,5.311186231786948,4.027611389870034,1.2835748419169133,20.727650549425878
P002580,E2021,"MICIC, VASILIJE",1026.99,-0.589849875710621,-2.4345120210537754,1.8446621453431544,22.61677447551274
P002812,E2021,"HINES, KYLE",857.41,6.101365507958235,4.7920136063970515,1.3093519015611832,19.562025324738727
P002849,E2021,"MELLI, NICOLO",800.77,6.821500808381506,6.484705309318935,0.3367954990625709,21.01410866942516
P002925,E2021,"TUNCER, BUGRAHAN",56.0,-2.9479567665645283,-3.136405881149324,0.18844911458479557,13.646658116398099
P002968,E2021,"SANLI, SERTAC",484.05,0.5651850300943522,0.8680427674466158,-0.3028577373522636,14.876943183217367
P002969,E2021,"MAHMUTOGLU, MELIH",246.74,-8.105728138849061,-7.54438457512811,-0.5613435637209518,9.600503738126848
P002980,E2021,"GIST, JAMES",605.39,-4.543926027859332,-4.8010261151923395,0.2571000873330074,10.04958769780987
P003024,E2021,"GRANGER, JAYSON",687.72,-7.614874215104053,-5.881113236529352,-1.7337609785747015,14.432639346668996
P003048,E2021,"DUNSTON, BRYANT",664.25,5.511291161415661,6.900943552439887,-1.3896523910242258,21.62758085202238
P003091,E2021,"BIRSEN, METECAN",110.73,-0.5295454997922402,-0.6415184151238955,0.11197291533165538,9.912583239966322
P003108,E2021,"HEZONJA, MARIO",740.78,1.3961164879685775,1.7076417290167463,-0.31152524104816887,19.040508416182714
P003120,E2021,"GUDAITIS, ARTURAS",324.19,5.315197423195357,4.673852469832437,0.6413449533629199,17.937430552719544
P003151,E2021,"ERIKSSON, MARCUS",322.15,-3.392520669449697,-0.9748006797598111,-2.417719989689886,17.645099292095473
P003210,E2021,"LEKAVICIUS, LUKAS",760.9399999999999,-6.99918989315099,-5.680798093351013,-1.3183917997999768,18.269424891581416
P003240,E2021,"BOCHORIDIS, ELEFTHERIOS",221.09,-7.479457719296915,-6.048687810217476,-1.4307699090794386,5.882707858102412
P003332,E2021,"IVANOVIC, NIKOLA",414.51,-3.616743664739155,-3.0840891276931286,-0.5326545370460265,21.163589951911725
P003370,E2021,"PUSHKOV, ANTON",38.73,0.03944996277875529,0.2561727445817764,-0.21672278180302113,12.462183133843464
P003469,E2021,"VEZENKOV, SASHA",1147.29,4.9839573180084376,5.579104390035649,-0.595147072027212,23.033038560525704
P003478,E2021,"ABRINES, ALEX",189.82999999999998,0.29871992223028476,2.581444863069677,-2.282724940839392,14.935923355615719
P003479,E2021,"KUZMIC, OGNJEN",582.41,5.806363343545372,6.4778857611237886,-0.6715224175784167,18.47698402156783
P003490,E2021,"BARTHEL, DANILO",89.06,-1.432771138266819,-0.12626493633220362,-1.3065062019346152,18.665390173268296
P003514,E2021,"DRAGIC, ZORAN",118.78,-5.214933646021087,-5.5205255846042,0.30559193858311356,11.37617088471571
P003521,E2021,"BALBAY, DOGUS",21.93,-0.27548621781808424,0.05926272683578329,-0.33474894465386756,15.491500583597993
P003526,E2021,"LIGHTY, DAVID",279.61,2.4764458746775366,0.5843025439587023,1.8921433307188342,16.88279725549407
P003573,E2021,"ZUBKOV, ANDREY",422.49,-0.7768421939896409,0.06261010338410054,-0.8394522973737415,10.964570931803678
P003733,E2021,"ABALDE, ALBERTO",563.4,0.9628087966457946,-1.7206366640005646,2.683445460646359,12.434245803675164
P003842,E2021,"LESSORT, MATHIAS",58.05,6.174773344979069,7.062772043543392,-0.8879986985643221,22.580693870029126
P003941,E2021,"MILUTINOV, NIKOLA",306.88,8.570962941850993,7.8694704030659555,0.7014925387850379,25.680492199562778
P003958,E2021,"THIEMANN, JOHANNES",428.93,0.9387212018214517,0.28558846398411747,0.6531327378373342,17.486016422131666
P004004,E2021,"GUDURIC, MARKO",574.7,-2.8356177877140993,-2.1765352223190866,-0.6590825653950129,18.806697296810583
P004007,E2021,"DOBRIC, OGNJEN",655.35,-6.643831575912118,-6.330911505540472,-0.3129200703716457,13.46247258377984
P004056,E2021,"AKPINAR, ISMET",163.34,-0.9714672263696633,-0.6650613141454287,-0.3064059122242346,12.48909647663896
P004058,E2021,"JARAMAZ, OGNJEN",584.37,-3.349377900254864,-3.8071743101188598,0.4577964098639955,13.280650329731145
P004172,E2021,"PONITKA, MATEUSZ",514.0,0.30024256065731936,-1.0758039157043067,1.376046476361626,15.323906622407335
P004183,E2021,"ZIRBES, MAIK",99.15,2.0752662722935145,2.1795762196925983,-0.10430994739908378,18.121409320402226
P004194,E2021,"LAUVERGNE, JOFFREY",199.88,3.4406839124277786,1.8252538934789861,1.6154300189487922,21.238090790176418
P004197,E2021,"OUATTARA, YAKUBA",425.51,1.8016635213960333,1.3407172405335723,0.4609462808624609,11.434375494582603
P004289,E2021,"KAVVADAS, VASILIS",123.85,1.3785920305756143,1.7925480866546317,-0.4139560560790173,19.695683118865773
P004302,E2021,"KARASEV, SERGEY",254.15,-1.2541719755393341,-1.4335686127563632,0.17939663721702903,9.286682665983633
P004331,E2021,"DELANEY, MALCOLM",678.9,-4.353660122178295,-4.278758194183249,-0.0749019279950458,13.466271236561951
P004381,E2021,"SPISSU, MARCO",360.17,1.7942405163576853,2.752892728612756,-0.9586522122550707,18.360342191273016
P004499,E2021,"FONTECCHIO, SIMONE",820.22,-2.069692935531216,-0.05782663720939957,-2.0118662983218165,17.309859236006716
P004508,E2021,"OBST, ANDREAS",216.34,-3.568648800861501,-4.568161259390782,0.9995124585292805,8.373517943219648
P004554,E2021,"ZIZIC, ANTE",653.79,5.921922545031833,5.953888593411078,-0.031966048379243994,27.870996784459997
P004571,E2021,"SISKO, ZAN MARK",480.45,-0.2569126105770707,-1.92303780658659,1.6661251960095194,8.973862806715657
P004645,E2021,"MINIOTAS, REGIMANTAS",85.16,3.0589394970244808,3.6391497787771376,-0.5802102817526567,16.03412543831337
P004720,E2021,"LAZAREVIC, STEFAN",261.37,2.6694782434492357,2.126295274672059,0.5431829687771765,10.208037928323058
P004761,E2021,"MARINKOVIC, VANJA",346.84000000000003,-5.183457047661555,-5.892085861214137,0.7086288135525813,7.718374957833013
P004863,E2021,"JOVIC, STEFAN",86.31,-0.16296173061497876,-0.973729275446576,0.8107675448315972,13.358803425248798
P004866,E2021,"KALINIC, NIKOLA",962.01,-2.9833964446378576,-4.504336329057562,1.5209398844197044,15.71442704509195
P004887,E2021,"POIRIER, VINCENT",665.05,8.003660357844025,6.419141112577705,1.58451924526632,24.898867611473893
P004888,E2021,"CLYBURN, WILL",563.8,-1.3511721142484792,-2.81170486668539,1.4605327524369107,20.923288138231552
P004941,E2021,"ANTONOV, SEMEN",154.24,0.8879525379721922,-0.5786407352276386,1.4665932731998308,11.36280155033867
P005056,E2021,"ZIPSER, PAUL",21.38,2.4788470712956916,1.9312936286438664,0.5475534426518253,15.232152464640826
P005059,E2021,"ALVITI, DAVIDE",62.699999999999996,3.178665377350301,3.281428266249892,-0.10276288889959095,15.789051420762776
P005094,E2021,"THOMAS, DESHAUN",821.94,-1.6683588013324286,-2.1315917454131554,0.46323294408072685,14.283878198318874
P005099,E2021,"HANGA, ADAM",584.68,0.570864688997625,1.1126016946880282,-0.5417370056904032,14.443066346553286
P005145,E2021,"COHEN, JAKE",95.03,0.0017152326764119374,0.5858344205609335,-0.5841191878845216,13.992096939743135
P005146,E2021,"KASELAKIS, LEONIDAS",475.06,-2.993883490226153,-1.2674851727986458,-1.726398317427507,11.701176687924919
P005160,E2021,"HUNTER, OTHELLO",742.62,4.799812483953625,4.367472150132493,0.432340333821132,18.951459336543284
P005161,E2021,"PAPAPETROU, IOANNIS",668.53,-5.579965983502949,-5.832628704400307,0.2526627208973576,15.417587688389657
P005686,E2021,"GECIM, TOLGA",39.17,-3.5489509747872807,-3.128523121615298,-0.42042785317198256,14.14729227677016
P005718,E2021,"TIMMA, JANIS",28.580000000000002,-1.486425792687397,-1.8979770364093425,0.4115512437219455,13.757028046026623
P005757,E2021,"RANDOLPH, ANTHONY",153.55,3.094079693485331,1.4862464309640244,1.6078332625213068,17.704116214388105
P005771,E2021,"CALOIARO, ANGELO",690.74,1.806688994130397,1.4039008586826829,0.40278813544771414,11.696485148289074
P005775,E2021,"BARON, BILLY",469.74,-2.0263664525285625,-3.843657408244433,1.8172909557158703,18.971598740053537
P005789,E2021,"KURIC, KYLE",744.77,0.364075495028916,-1.3609346771923998,1.7250101722213158,14.783762049028851
P005791,E2021,"TAVARES, WALTER",804.22,7.61661747792109,9.058644247481606,-1.442026769560516,30.40065323279523
P005836,E2021,"THOMPKINS, TREY",167.57,-0.3235505302002504,0.7619318218265232,-1.0854823520267736,13.936086505057009
P005844,E2021,"PAPAGIANNIS, GEORGIOS",823.9399999999999,5.423654189174878,6.885737694004684,-1.462083504829805,23.73409384392721
P005856,E2021,"THOMAS, WILL",959.43,2.0596003415138373,1.8296898196795799,0.22991052183425764,15.261865971473439
P005917,E2021,"ORIOLA, PIERRE",188.48,6.651970389335821,4.372862446418039,2.2791079429177814,16.25373913671001
P005938,E2021,"ANDERSON, JAMES",380.42,2.2847959337215458,3.8566188694443264,-1.5718229357227806,14.089502240036019
P005985,E2021,"JAMES, MIKE",1185.1,-2.1004091754515963,-2.2648329910390492,0.1644238155874529,22.69775010984212
P006135,E2021,"LOPATIN, ANDREI",1.61,0.39696691527073236,0.35991249616886745,0.03705441910186491,17.014847614979857
P006158,E2021,"LUKOSIUNAS, KAROLIS",233.62,-5.223590071114949,-4.848540149510983,-0.37504992160396633,9.018879761879095
P006251,E2021,"SCHNEIDER, TIM",259.04,-6.736697811921816,-4.0216315809746295,-2.7150662309471874,9.048793076420743
P006302,E2021,"LOUNTZIS, MICHALIS",53.56,-4.7650114828818415,-4.94629444213065,0.18128295924880838,8.393322910641466
P006336,E2021,"WHITE, OKARO",668.28,0.14385393781782335,0.021735846925759306,0.12211809089206405,15.474668956836183
P006360,E2021,"KLIMENKO, ARTEM",24.310000000000002,-4.228310551278951,-4.271919987912131,0.04360943663318029,11.011814545556298
P006399,E2021,"DUVERIOGLU, AHMET",150.56,8.506920072868343,8.078821760619881,0.4280983122484617,19.990735417297667
P006435,E2021,"LAPROVITTOLA, NICOLAS",776.94,2.3812895404449117,1.1823961212019685,1.198893419242943,18.939583855404134
P006436,E2021,"GIEDRAITIS, ROKAS",833.86,-1.1825934323612932,-0.6663774600021,-0.5162159723591933,16.543035001133042
P006450,E2021,"HIGGINS, CORY",332.42,-5.518218862314383,-6.424592651898839,0.9063737895844567,14.358444720776335
P006477,E2021,"RUBIT, AUGUSTINE",915.35,3.163483928879048,2.6817800727604784,0.48170385611856964,19.863966776144288
P006481,E2021,"MORGAN, RAYMAR",21.67,-0.8263915534820393,-0.5408512741223418,-0.2855402793596975,16.839637266031918
P006505,E2021,"WHITE, AARON",325.98,0.8364962423899223,-0.09550491442823406,0.9320011568181563,16.547440410719055
P006546,E2021,"TAYLOR, JEFFERY",300.72,-2.771757977805507,-1.8153147536246474,-0.9564432241808593,9.205626537627529
P006555,E2021,"WOLTERS, NATE",734.8,0.6842868411275236,-0.3468094281810672,1.0310962693085908,17.6436016604673
P006568,E2021,"FALL, YOUSSOUPHA",353.42,5.110981493720994,6.794895782036687,-1.6839142883156932,22.51528090105885
P006589,E2021,"SIKMA, LUKE",689.89,5.162377564894684,5.175746325418276,-0.013368760523591594,22.84986348245718
P006590,E2021,"BEAUBOIS, RODRIGUE",776.8,-2.5584733929311705,-1.3545661851163233,-1.203907207814847,15.292972931293459
P006599,E2021,"MOTUM, BROCK",272.35,0.10614812371675475,1.671550077177358,-1.5654019534606032,13.559496887761792
P006614,E2021,"SINGLETON, CHRIS",628.39,-1.430644497149913,-1.4908716585849535,0.06022716143504048,10.39124461642541
P006625,E2021,"ZOOSMAN, YOVEL",655.66,-0.8355798636420718,0.20698030434265846,-1.0425601679847303,13.66868521048898
P006661,E2021,"WILBEKIN, SCOTTIE",1015.9399999999999,-2.974539579651707,-2.256403280024797,-0.7181362996269105,20.47500642163387
P006693,E2021,"SAYBIR, YIGITCAN",1.43,0.2910808001931924,0.38021316728948173,-0.08913236709628938,17.43940319587995
P006707,E2021,"BALDASSO, TOMMASO",17.88,1.6238843783360233,1.611841647097709,0.012042731238314328,18.059710435681232
P006710,E2021,"KHOMENKO, ALEXANDER",28.16,0.14556184955461138,0.211294598917793,-0.06573274936318163,15.674771115465852
P006754,E2021,"HENRY, PIERRIA",803.96,-2.7326001282521317,-2.5104267960917737,-0.22217333216035806,13.77149283835358
P006768,E2021,"MARTINEZ, SERGI",358.8,2.949217639555479,1.6697980309395222,1.279419608615957,9.783955244459685
P006819,E2021,"NIKIC, KRESIMIR",8.120000000000001,1.0764838727491812,0.8713477964722178,0.2051360762769634,15.620409416926593
P006919,E2021,"OLINDE, LOUIS",426.44,-0.3237594671447892,1.3912597484913363,-1.7150192156361255,16.353010155303743
P006961,E2021,"BIBEROVIC, TARIK",72.38,-4.518326345553862,-4.556348501249186,0.03802215569532408,10.957643961933538
P006985,E2021,"USKOKOVIC, ALEKSA",64.7,0.2255588037681635,0.6304189235767648,-0.40486011980860126,13.897259660947805
P007025,E2021,"MATTISSECK, JONAS",356.91,-1.6841044623383024,-2.597865031119108,0.9137605687808055,7.810900759795372
P007032,E2021,"LO, MAODO",797.57,0.2586383638784915,-0.2526106969667429,0.5112490608452344,23.762913941150106
P007056,E2021,"BOOKER, DEVIN",705.2,1.8644692605978581,1.4526537196322011,0.41181554096565687,17.894782248085075
P007109,E2021,"SMITS, ROLANDS",535.09,2.1010892838025024,0.342399799818395,1.7586894839841074,13.555368004783737
P007186,E2021,"ZAKHAROV, DENIS",39.870000000000005,0.48894591251525543,0.06917009219495829,0.41977582032029714,14.362469908901861
P007200,E2021,"LARKIN, SHANE",1243.83,-0.8327116261514048,-0.8345425369856703,0.0018309108342654534,22.955938374763253
P007201,E2021,"VOIGTMANN, JOHANNES",425.19,4.81879601922358,4.149819247631784,0.668976771591796,18.90530791933986
P007230,E2021,"SEDEKERSKIS, TADAS",486.46,4.263455050728223,5.826554547464261,-1.5630994967360385,18.089688412096482
P007265,E2021,"KURUCS, ARTURS",220.5,-8.352050545425277,-6.621591447009228,-1.730459098416049,5.019902234502663
P007338,E2021,"UZINSKII, DMITRII",270.15,-1.9516495821536923,-1.2653545190883655,-0.6862950630653268,7.264294653945979
P007400,E2021,"NUNNALLY, JAMES",911.68,-0.32061084372358417,0.32010785867740565,-0.6407187024009898,20.76632795563627
P007432,E2021,"EVANS, JEREMY",518.31,2.4606826775099475,2.1394725839138973,0.32121009359605013,17.35194104277483
P007519,E2021,"JOKUBAITIS, ROKAS",620.87,-0.8244019399284193,-1.1184230593646498,0.29402111943623055,17.546684792206783
P007831,E2021,"SHIELDS, SHAVON",715.58,-1.4388459846946762,-1.1391274627360861,-0.29971852195859006,18.795064452485473
P007853,E2021,"MCKISSIC, SHAQUIELLE",611.51,2.9600602498485635,2.3414539587261975,0.618606291122366,18.058605875051793
P007866,E2021,"MITOGLOU, KONSTANTINOS",227.2,3.221177610178795,1.6920717645167698,1.5291058456620252,19.831536265764377
P007869,E2021,"SANT-ROOS, HOWARD",727.6,-2.6332978866727474,-2.150317380586115,-0.4829805060866325,14.800481713579147
P007870,E2021,"DAVIES, BRANDON",716.51,1.808712254740937,0.9457818582916806,0.8629303964492565,20.34130465782183
P007942,E2021,"REYNOLDS, JALEN",576.97,2.6897848108610556,2.1542562278397495,0.5355285830213061,18.920895558382355
P007960,E2021,"DAVIDOVAC, DEJAN",519.99,5.031613142076564,4.430965563969189,0.6006475781073751,16.014578728944183
P007982,E2021,"WILLIAMS-GOSS, NIGEL",480.42,-1.963921181978435,-3.070538895360823,1.1066177133823878,14.211913211395373
P007990,E2021,"DIBARTOLOMEO, JOHN",396.04,-3.743165421361514,-1.4509318130148459,-2.292233608346668,11.468588553661203
P008004,E2021,"TARCZEWSKI, KALEB",315.92,1.4463661436943296,0.22399263444311468,1.222373509251215,10.119442840349356
P008084,E2021,"MANTZOUKAS, ELEFTHERIOS",168.07,-2.2301081221996784,-1.85598684534314,-0.37412127685653807,7.49385856738204
P008099,E2021,"STRAZEL, MATTHEW",458.28,-10.304957085253902,-9.196959997425052,-1.1079970878288496,7.968902103170638
P008163,E2021,"DEMAHIS, RUDY",13.54,-0.4936309045499786,-0.026885966324070143,-0.46674493822590846,13.817849798820712
P008186,E2021,"BLAZEVIC, MAREK",320.89,0.2748879725155957,1.3136673313013927,-1.038779358785797,17.697922654750894
P008211,E2021,"DELOW, MALTE",426.75,0.1334010468824013,-0.7742159584469043,0.9076170053293056,7.6865280800343685
P008253,E2021,"GEORGE, JASON",87.99,1.5006117944847501,0.5009072916846318,0.9997045028001184,9.196652301495309
P008811,E2021,"FALL, MOUSTAPHA",848.96,4.191402609622676,4.98477668924965,-0.7933740796269739,22.39175377904032
P008823,E2021,"SCHILLING, GAVIN",55.25,0.7580991001735906,1.194361189648645,-0.43626208947505435,12.166690281211617
P008829,E2021,"PETERS, ALEC",286.12,2.5467278421764146,1.8316209655444604,0.7151068766319542,17.323315720910866
P008847,E2021,"MICKEY, JORDAN",558.25,-1.4424465020887252,-1.325764942186657,-0.11668155990206819,16.11679250460783
P008850,E2021,"RAIESTE, SANDER",62.04,2.678089038883898,2.490497465010625,0.18759157387327285,15.112803419884617
P008855,E2021,"WALKUP, THOMAS",827.41,-1.781345957023807,-1.570478298793131,-0.2108676582306761,13.897713703926097
P008923,E2021,"BOUTSIELE, JERRY",180.17000000000002,3.942020826739186,2.663324330822364,1.2786964959168219,12.167179448756482
P008961,E2021,"WEBSTER, TAI",263.79,-7.353505848489424,-8.212977174655565,0.8594713261661415,9.260503769092344
P008962,E2021,"HAYES-DAVIS, NIGEL",701.42,-4.642843056233302,-5.485439793832218,0.8425967375989163,9.49424604596604
P008989,E2021,"HILLIARD, DARRUN",485.78999999999996,-0.6416570643596562,0.17646373156030723,-0.8181207959199635,19.1346364160503
P008995,E2021,"UKHOV, IVAN",218.41,-0.2171853257654086,-0.0656370880806012,-0.1515482376848074,10.32906839030842
P009005,E2021,"DECK, GABRIEL",279.45,0.2859794513808773,2.8161469964727055,-2.530167545091828,17.416994771796293
P009006,E2021,"WILLIAMS, DERRICK",860.45,-1.0789700407634686,-0.9636574101664235,-0.115312630597045,15.085510610815868
P009035,E2021,"BOLOMBOY, JOEL",362.29,2.1996647137053156,2.5878713731293543,-0.38820665942403876,19.05487608678125
P009051,E2021,"NNOKO, LANDRY",284.89,-0.8215733526573252,1.4711479580088456,-2.292721310666171,17.690453548177672
P009056,E2021,"BONILLA, GAEL",9.89,-1.4002603146663475,-1.2171199296374693,-0.18314038502887825,15.368811230849973
P009088,E2021,"HOUINSOU, KYMANY",22.83,-2.0956566142434037,-1.4538089510024659,-0.6418476632409376,14.401031231442671
P009132,E2021,"CAICEDO, MICHAEL",95.13,-2.756912743307562,-2.1866209671606747,-0.5702917761468874,11.93501084486293
P009212,E2021,"VUKCEVIC, TRISTAN",59.22,0.8156452503526119,0.7200693241404175,0.09557592621219452,14.375572579814744
P009213,E2021,"NDIAYE, ELI",14.51,1.0124647354759493,1.0149319639557874,-0.0024672284798382405,17.193945211406017
P009537,E2021,"GUSIC, MARKO",0.12,0.5344101190753388,0.5301556841726055,0.004254434902733239,17.268064983600713
P009540,E2021,"MARTIN, HASSAN",438.61,5.121093982842698,4.235960282633167,0.8851337002095312,18.06293731300589
P009553,E2021,"WEMBANYAMA, VICTOR",227.35,-5.667303474544429,-5.13510000001585,-0.5322034745285789,13.957167148795184
P009601,E2021,"CAVANAUGH, TYLER",775.23,1.2488231594275796,3.1623559636354117,-1.9135328042078321,15.731726136167751
P009622,E2021,"BROWN, LORENZO",704.7099999999999,-0.10413235033263174,-0.39284794692114766,0.2887155965885159,22.826706100530757
P009733,E2021,"JEKIRI, TONYE",588.85,5.3687253433886655,5.8777140510813215,-0.5089887076926558,19.52366794825884
P009754,E2021,"LOYD, JORDAN",626.34,0.7763897959195712,0.3176648909430667,0.45872490497650453,20.663709373238568
P009818,E2021,"BENTIL, BEN",360.43,0.9009958100852491,0.3617973637572185,0.5391984463280306,12.789954316960458
P009846,E2021,"BRYANT, ELIJAH",678.1899999999999,-0.6219923165002441,0.2861307994424807,-0.9081231159427248,11.782313658821245
P009847,E2021,"ACY, QUINCY",10.120000000000001,0.8148790170803301,0.8084956429174541,0.00638337416287596,15.336711461660945
P009849,E2021,"DORSEY, TYLER",918.39,-4.059249865508508,-3.6553818271263787,-0.4038680383821289,17.094510615931128
P009863,E2021,"BALDWIN IV, WADE",841.51,-1.6413599940000694,-1.4210009733405338,-0.2203590206595355,21.59178199504849
P009866,E2021,"WALDEN, COREY",559.76,-0.8725007509697698,1.0280554844523102,-1.90055623542208,17.95937714647463
P009877,E2021,"BLAYZER, OZ",83.26,-2.0383452306013385,-0.7354967814846031,-1.3028484491167354,14.235941646611938
P009903,E2021,"BILIGHA, PAUL",22.62,-0.4582669722602242,-0.45621236491277106,-0.0020546073474531842,15.404327729229353
P009917,E2021,"HOLLINS, AUSTIN",578.48,-4.108262133402651,-4.129570832467082,0.02130869906443139,11.450416616787678
P009960,E2021,"POYTHRESS, ALEX",463.93,5.771676539490091,4.387159455978113,1.3845170835119782,19.09612658691345
P010035,E2021,"VILLAR, RAFA",3.13,1.3897176486814964,1.3546740254465697,0.03504362323492661,18.315511162204047
P010062,E2021,"UBAL, AGUSTIN",2.63,0.34147953304949996,0.2462204301063579,0.09525910294314202,17.235493190666507
P010100,E2021,"KLAVZAR, URBAN",22.88,1.5976398758284944,1.4922870139278428,0.10535286190065153,16.348296436833525
P010106,E2021,"NUNEZ, JUAN",46.11,-3.2555009293092843,-2.9055154361486744,-0.34998549316060984,13.475317679543517
P010107,E2021,"GARUBA, SEDIQ",16.07,0.12397796634816921,0.05339142244795453,0.07058654390021468,14.205898734885015
P010185,E2021,"KRIVAS, MOTIEJUS",2.03,0.3394910316795788,0.3128228182886791,0.026668213390899677,17.336848634304648
P010319,E2021,"TRAORE, ARMEL",0.12,0.526687360087671,0.5301556841726055,-0.003468324084934515,17.268064983600713
P010357,E2021,"YABUSELE, GUERSCHON",993.37,2.392238301102834,1.719153368424215,0.6730849326786192,19.32454582269324
P010385,E2021,"LAMMERS, BEN",415.37,-1.8455390942936623,-2.0863256341336145,0.24078653983995224,17.32518126037236
P010391,E2021,"WEILER-BABB, NICK",760.79,0.8076637984672407,0.39324002140772263,0.41442377705951805,14.462155306355909
P010392,E2021,"LARENTZAKIS, GIANNOULIS",388.47,-2.0858795229538827,-3.6424055083217017,1.556525985367819,10.74554970859644
P010394,E2021,"KNIGHT, MARCOS",375.88,-1.3614104910982343,1.8895293517913396,-3.250939842889574,15.989070072619365
P010413,E2021,"PERRY, KENDRICK",316.12,-5.124803921598602,-4.071303736254736,-1.053500185343866,8.864939599534038
P010428,E2021,"FAYE, IBRAHIMA",106.67999999999999,-1.1705904213435074,-0.2501551908204757,-0.9204352305230317,11.268040769102495
P010444,E2021,"COSTELLO, MATTHEW",590.88,3.6612836962134896,3.0320353790759893,0.6292483171375003,20.740039755323796
P010467,E2021,"FLOYD, JEHYVE",286.93,2.1311016668831453,1.4662709899122692,0.6648306769708763,13.255314052045858
P010516,E2021,"GAZI, ERTEN",68.46,-4.3047922083912535,-3.05452891004414,-1.2502632983471134,9.550508525217284
P010549,E2021,"GRAY, ROB",82.57,-4.880952774929812,-4.65705375682813,-0.22389901810168122,12.536992201117947
P010560,E2021,"PIERRE, DYSHAWN",777.6,0.7176690418758163,-0.400769538424222,1.1184385803000383,16.55524004803795
P010568,E2021,"JONES, CHRIS",853.34,0.7576739831388484,0.8628214752630896,-0.10514749212424124,20.94622974611167
P010581,E2021,"OSETKOWSKI, DYLAN",503.23,-3.023481921313032,-1.8690970279159589,-1.154384893397073,13.475587530723113
P010588,E2021,"BROWN, JOHN",769.76,2.926853717748281,2.2345346555916934,0.6923190621565879,16.38254077694778
P010612,E2021,"CANAAN, ISAIAH",574.27,-3.472299006752438,-4.373571203996337,0.9012721972438988,12.352438438842162
P010623,E2021,"ALOCEN, CARLOS",97.0,-5.884381431860655,-5.551467425846795,-0.33291400601386023,13.24303891450814
P010628,E2021,"VOLKHIN, IGOR",21.79,-3.0243423386372803,-2.666475507011758,-0.35786683162552224,14.195571608162439
P010641,E2021,"NNAJI, JAMES",76.51,1.416734873299704,2.715881247940028,-1.299146374640324,17.04650538869245
P010683,E2021,"PETERS, LAMAR",260.78,-9.718424103008168,-9.071387072775067,-0.6470370302331012,5.679025073890193
P010718,E2021,"RISACHER, ZACCHARIE",28.23,-1.7822606459577484,-1.503054019107982,-0.2792066268497663,12.85875899678783
P010781,E2021,"LUNDBERG, IFFE",506.83,-2.5691898739520465,-3.214660246055717,0.6454703721036705,15.570882563746197
P010791,E2021,"KOUMADJE, CHRIST",259.99,7.904677022193893,7.379660615373955,0.5250164068199383,25.025358110386687
P010798,E2021,"AVDALAS, NEOKLIS",14.950000000000001,-2.9696151359205167,-2.7918611774544853,-0.17775395846603143,14.344312015294506
P010857,E2021,"MILLER, BABA",1.9,1.3616466882733833,1.3528979803358294,0.00874870793755384,16.573882886733106
P010985,E2021,"TOPIC, NIKOLA",2.28,-0.29576373848200505,-0.17838629592393118,-0.11737744255807385,16.51230608289112
P011192,E2021,"SMITH, JALEEN",694.42,-6.646706868368127,-6.840066490874385,0.19335962250625843,13.203190587042249
P011193,E2021,"BLATT, TAMIR",450.62,-7.760891530728651,-5.46088782018792,-2.3000037105407314,16.869853376481245
P011194,E2021,"PETRUSEV, FILIP",204.79,2.1790260592042014,1.8496103499295984,0.3294157092746032,20.63348097430396
P011196,E2021,"HALL, DONTA",646.65,8.820081644937105,9.967687814594663,-1.1476061696575586,25.887468916035765
P011199,E2021,"NEBO, JOSH",633.65,3.038140342037795,5.638785502146755,-2.60064516010896,21.820866443342336
P011200,E2021,"MUDIAY, EMMANUEL",96.05,-6.460497938544678,-5.636238188380796,-0.8242597501638818,14.53138824870239
P011201,E2021,"HAZER, SEHMUS",310.56,-0.3908799737009694,-0.15838049739449667,-0.23249947630647272,12.589825278054619
P011202,E2021,"SHAYOK, MARIAL",217.3,-3.8351782670514467,-4.695217465821625,0.8600391987701788,10.4912658876713
P011204,E2021,"GRANT, JERIAN",322.61,-7.9695305910205825,-8.624149144273836,0.654618553253254,7.9716018697099065
P011205,E2021,"HALL, DEVON",974.1,-1.461897328101025,-3.8582727250503845,2.3963753969493595,13.638281972030635
P011206,E2021,"DANIELS, TROY",287.48,-4.2849470078466245,-4.328616061209081,0.04366905336245608,9.313715975426096
P011212,E2021,"OKOBO, ELIE",744.0,-4.610250562261053,-4.74829754330612,0.13804698104506796,19.299619272699175
P011217,E2021,"TAYLOR, KAMERON",266.2,-3.0851521038978285,-3.4091185676736657,0.3239664637758373,7.561110502889416
P011218,E2021,"EVANS, KEENAN",832.0,2.6164289392316067,-0.5874224871649091,3.2038514263965157,16.36145779630698
P011219,E2021,"SORKIN, ROMAN",182.76,4.365558611091701,4.336213741042449,0.029344870049252486,16.15815060884886
P011220,E2021,"ZIV, IFTAH",167.0,-3.447334879353849,-4.273496907872727,0.8261620285188778,10.220519348906755
P011221,E2021,"ANTETOKOUNMPO, KOSTAS",341.51,5.636533597114002,5.630927828587844,0.005605768526157573,20.67649354750312
P011223,E2021,"FRANKAMP, CONNER",255.92000000000002,-1.5617642539461674,-1.0085843957757885,-0.5531798581703788,14.073046376034231
P011225,E2021,"LEE, PARIS",700.8,-1.4947632530621242,-0.9989659060114107,-0.49579734705071354,14.746351980716913
P011226,E2021,"DIALLO, ALPHA",836.79,1.8066781364528888,3.936624522437009,-2.12994638598412,18.540845510902233
P011236,E2021,"MACON JR, DARYL",802.28,-4.490180977400357,-3.597369882158658,-0.8928110952416983,17.87569121132919
P011239,E2021,"ENOCH, STEVEN",652.16,5.116321181044566,4.798536758555985,0.3177844224885813,20.48617138129933
P011242,E2021,"BARRERA, ALEJANDRO",25.990000000000002,-3.2586819564485636,-3.007605017737026,-0.25107693871153763,13.722348330487366
P011243,E2021,"BRANTLEY, JARRELL",298.57,-4.202372589547939,-4.55722648897305,0.3548538994251109,8.853849176200175
P011244,E2021,"DA SILVA, OSCAR",608.17,2.542348193725255,2.553479771958599,-0.011131578233344097,20.459605272968503
P011263,E2021,"BRANDWEIN, ODED",0.55,0.48975281425352585,0.4805071641654255,0.009245650088100337,17.194218460050756
P011264,E2021,"MAYO, O J",261.56,-0.2686492418314743,-2.4155279080802154,2.146878666248741,10.534568719322115
P011281,E2021,"FERRELL, YOGI",39.980000000000004,-5.860524990354088,-6.187106746797202,0.32658175644311327,13.49391817515433
P011284,E2021,"FARIED, KENNETH",53.9,2.175969683486247,2.196352404113663,-0.020382720627416043,14.352687889266429
P011286,E2021,"BACON, DWAYNE",733.6,0.01184482261409775,-0.41525288390196996,0.4270977065160677,16.757292065928628
P011302,E2021,"EXUM, DANTE LIMAN",424.25,0.0015829278231929145,2.6571262991907028,-2.65554337136751,18.710307422333056
P011305,E2021,"CARTER, TYSON",36.14,-4.9893953631045145,-4.59563583807549,-0.3937595250290253,12.99308554545397
P011307,E2021,"KELL, TREY",50.09,-1.1093217905201835,-1.9468660370314885,0.8375442465113049,14.450520795243541
P011313,E2021,"THOMAS, KHYRI",209.57,-4.158870920569031,-4.4785542693666205,0.3196833487975894,10.107176619692167
P011317,E2021,"STARKS, MARKEL",36.05,-5.585945970334889,-5.295912184988051,-0.29003378534683777,12.119652084954819
P011396,E2021,"CHOUGKAZ, NIKOS",25.12,0.024628721628483993,-0.08855470718462288,0.11318342881310688,14.776843559447757
PAMM,E2021,"PRINTEZIS, GEORGIOS",333.8,-0.07350767661887969,-0.9131619535379618,0.8396542769190821,14.68160135121739
PBMT,E2021,"FERNANDEZ, RUDY",629.22,2.665714818076631,1.7680100005901316,0.8977048174864994,16.358408527135985
PBWI,E2021,"JANKUNAS, PAULIUS",216.35,2.0841583900929574,1.8039679434708313,0.2801904466221263,14.821807068620526
PCCD,E2021,"DATOME, LUIGI",398.29,-1.676452188112412,-1.5214235184070337,-0.15502866970537824,12.62092088173173
PCPR,E2021,"SIMON, KRUNOSLAV",571.92,-1.0175339681072506,-3.428849331127065,2.4113153630198143,15.014999800806798
PCVM,E2021,"RODRIGUEZ, SERGIO",687.79,-1.6579876846124875,-3.145908375921277,1.4879206913087897,17.934828655045255
PJBX,E2021,"KALNIETIS, MANTAS",309.83,-5.323753546775304,-4.531929855101563,-0.7918236916737411,14.173873718756811
PJLX,E2021,"KURBANOV, NIKITA",440.0,-1.7705016893898713,-1.6609614894415845,-0.1095401999482869,11.349775307700192
PKIR,E2021,"KAHUDI, CHARLES",517.63,-3.2253343130699577,-3.9605623123659615,0.7352279992960036,9.599402014406852
PKLT,E2021,"HEURTEL, THOMAS",522.37,0.7137652028528725,-0.507000809917574,1.2207660127704465,19.55248271310973
PKPD,E2021,"MILAKNIS, ARTURAS",625.51,-4.171068697301515,-2.161612741608164,-2.009455955693351,10.70816207379375
PKVZ,E2021,"SHVED, ALEXEY",600.13,-2.87671444184653,-3.604761572089958,0.7280471302434279,16.181107317438336
PLCZ,E2021,"MOTIEJUNAS, DONATAS",725.45,6.126763619875324,6.0734912221335495,0.05327239774177461,22.010877298634806
PLEM,E2021,"RADOSEVIC, LEON",242.57,-2.6538507362373025,-4.448308069832401,1.7944573335950988,10.53471893673732
PLHI,E2021,"VORONTSEVICH, ANDREY",372.96000000000004,-3.2575160855327017,-1.8399790771479045,-1.417537008384797,12.028244811734826
PLHK,E2021,"PLEISS, TIBOR",722.53,5.9185491322633785,5.346902701873561,0.5716464303898174,23.936973321530036
PLME,E2021,"MARKOVIC, STEFAN",267.86,-3.774027796955862,-3.040531056593617,-0.7334967403622449,10.571626885657867
PLRU,E2021,"SIMONOVIC, MARKO",157.0,-2.5122074429001287,-2.569806318750819,0.0575988758506904,8.439216599836978
PLUO,E2021,"LAZIC, BRANKO",405.68,-4.874503539790691,-4.8656683241015255,-0.008835215689165898,7.769495859353946
PTFK,E2021,"DIOT, ANTOINE",209.9,-5.041038658753498,-4.580475948119814,-0.4605627106336845,11.645300632972262
PTGB,E2021,"LLULL, SERGIO",711.45,-6.571578661072443,-6.851858736168164,0.28028007509572106,13.517627292079737
P000556,E2022,"CLAVER, VICTOR",531.31,1.9260285032868731,1.5178419408564854,0.40818656243038776,12.68612673038302
P000796,E2022,"MIROTIC, NIKOLA",724.06,3.0298548511406094,3.0429311138165582,-0.013076262675949024,25.154574504475526
P000848,E2022,"NEDOVIC, NEMANJA",565.51,-8.199491539903576,-8.929603762654175,0.7301122227505985,20.809422347009217
P000925,E2022,"VESELY, JAN",761.56,3.143568412132958,4.102702287470897,-0.9591338753379386,22.48117213677295
P000956,E2022,"ANDJUSIC, DANILO",340.61,-3.854863345528015,-3.2642696394172326,-0.5905937061107824,15.90721650928963
P001133,E2022,"SHENGELIA, TORNIKE",520.25,-1.7194247498659325,-0.41921814043575767,-1.300206609430175,19.87727314173011
P001255,E2022,"PAPANIKOLAOU, KOSTAS",962.6999999999999,2.4104067365102226,1.1309184322987142,1.2794883042115086,16.381743357634427
P001261,E2022,"LACOMBE, PAUL",29.18,-3.122460944870365,-2.813320457087213,-0.309140487783152,13.383485571745652
P001288,E2022,"LUCIC, VLADIMIR",414.31,-3.131112803596311,-1.9142305058144116,-1.2168822977818996,14.716569123987682
P001392,E2022,"CAUSEUR, FABIEN",367.19,-2.2419728572288493,-3.802557313798502,1.5605844565696525,11.320616165067968
P001413,E2022,"BJELICA, NEMANJA",59.489999999999995,-0.6793800187782902,-0.6460811396221093,-0.03329887915618093,16.357631614258597
P001518,E2022,"RICCI, GIAMPAOLO",300.15,4.278953342890272,3.6923530439059156,0.5866002989843566,11.917727517576168
P001557,E2022,"GIFFEY, NIELS",503.98,1.7957985610445424,1.4431247259039208,0.35267383514062156,14.386037064402966
P001833,E2022,"MOERMAN, ADRIEN",233.56,-4.206035654389721,-5.764232081788905,1.5581964273991837,9.260338967976088
P001844,E2022,"HACKETT, DANIEL",701.95,-3.1899077326740577,-2.121307593139567,-1.0686001395344906,14.974597750680342
P001926,E2022,"SLOUKAS, KOSTAS",822.26,-3.7277523986824765,-2.0047312778788737,-1.7230211208036028,24.81824937236582
P001932,E2022,"CALATHES, NICK",1000.94,1.014921114191583,0.14102490079852875,0.8738962133930542,15.776408038728816
P002084,E2022,"POLONARA, ACHILLE",532.23,5.547185114170861,4.64618422933418,0.9010008848366807,17.41277488597204
P002100,E2022,"DE COLO, NANDO",688.0,-1.2582486546749763,-1.8627194048933062,0.60447075021833,25.03664805350013
P002328,E2022,"GRIGONIS, MARIUS",483.48,-2.4321839521362407,-0.9618337082159149,-1.470350243920326,17.085210574755095
P002329,E2022,"ULANOVAS, EDGARAS",1042.48,-2.729549358715576,-3.654443746331036,0.9248943876154605,16.708282566135164
P002553,E2022,"MITROVIC, LUKA",586.11,5.782986269555275,4.652702138941192,1.1302841306140832,20.94252913695778
P002580,E2022,"MICIC, VASILIJE",969.89,-1.6619309698179974,-2.2889349654957836,0.6270039956777862,21.80493197072419
P002581,E2022,"JAITEH, MAM",614.33,4.722622202254859,4.088673315662082,0.6339488865927774,20.227176047706386
P002661,E2022,"PREPELIC, KLEMEN",500.3,-6.405155625957837,-6.953888797678205,0.5487331717203681,15.207194179840254
P002676,E2022,"BUTKEVICIUS, ARNAS",834.22,1.0654668317946467,0.3294367695146213,0.7360300622800253,13.582323934574408
P002742,E2022,"DUBLJEVIC, BOJAN",624.49,2.607651162545947,1.8401538353739788,0.7674973271719681,21.213375845295452
P002812,E2022,"HINES, KYLE",639.45,2.1593802906138686,3.2246310797906528,-1.0652507891767844,16.51075619197796
P002849,E2022,"MELLI, NICOLO",809.57,2.8551710521559066,3.5104552505054234,-0.6552841983495168,17.82037519504612
P002925,E2022,"TUNCER, BUGRAHAN",63.949999999999996,-4.51130169206941,-2.95903921742557,-1.55226247464384,13.228903117768242
P002939,E2022,"SATORANSKY, TOMAS",880.14,4.357488029641684,3.3331268893056363,1.0243611403360475,20.291875309810948
P002968,E2022,"SANLI, SERTAC",617.9,-1.3074840840793918,-1.7951052021509473,0.48762111807155545,12.66036866716549
P002969,E2022,"MAHMUTOGLU, MELIH",198.43,-1.3557587925175814,-0.4931532427556043,-0.8626055497619771,15.041646838984363
P003048,E2022,"DUNSTON, BRYANT",394.33,3.553556070096708,4.489772638638352,-0.9362165685416444,19.43818636570328
P003091,E2022,"BIRSEN, METECAN",215.51,-1.8170244143500414,-0.7931228697269429,-1.0239015446230986,10.677565421565413
P003108,E2022,"HEZONJA, MARIO",800.64,0.5421484962987562,1.586828309222077,-1.0446798129233208,17.81941582225762
P003120,E2022,"GUDAITIS, ARTURAS",503.05,4.856963273872137,5.9674648787436375,-1.1105016048715006,20.04622944392356
P003198,E2022,"DIEZ, DANIEL",230.07,3.913869646387522,5.464231153319188,-1.550361506931666,14.811641973393836
P003204,E2022,"PAULI, ORIOL",47.56,-1.0157329549029037,-0.7039457715318186,-0.311787183371085,12.800749973963834
P003210,E2022,"LEKAVICIUS, LUKAS",508.33,-4.652383209760567,-5.976472948842726,1.3240897390821598,15.927011106074179
P003211,E2022,"DIMSA, TOMAS",569.8,-5.061518793491827,-6.4495963332915895,1.3880775397997624,9.269750173422072
P003240,E2022,"BOCHORIDIS, ELEFTHERIOS",206.29,-2.8005607183526187,-1.984042052231325,-0.8165186661212939,10.8683883448957
P003332,E2022,"IVANOVIC, NIKOLA",302.43,-4.377495429695249,-2.4374434513880434,-1.9400519783072052,15.627261054489237
P003469,E2022,"VEZENKOV, SASHA",1169.73,6.459873719361075,7.830956882280892,-1.3710831629198175,28.422482469625905
P003478,E2022,"ABRINES, ALEX",615.16,3.6610591995618753,2.872602397956064,0.788456801605811,14.890204522286066
P003479,E2022,"KUZMIC, OGNJEN",194.57999999999998,6.495629010768578,6.050804340242433,0.44482467052614527,19.31182926932617
P003521,E2022,"BALBAY, DOGUS",23.18,1.3473825244791444,1.9096290510873375,-0.5622465266081931,17.282664930655166
P003526,E2022,"LIGHTY, DAVID",638.89,-2.687621731250009,-3.140211233784337,0.45258950253432806,13.599965713648992
P003527,E2022,"ABASS, AWUDU",117.12,0.10915352483470242,-0.00967337081669195,0.11882689565139437,15.33197617058817
P003733,E2022,"ABALDE, ALBERTO",345.04,-0.41755455230283367,-1.5226603368221976,1.105105784519364,10.17634070231463
P003842,E2022,"LESSORT, MATHIAS",1146.55,6.182930861812081,6.206237404716097,-0.02330654290401596,24.715317208421727
P003958,E2022,"THIEMANN, JOHANNES",498.07,-0.6897904337146947,0.276683040393036,-0.9664734741077307,22.68777679227867
P003983,E2022,"AVRAMOVIC, ALEKSA",322.46000000000004,2.569846944001138,-0.6325980102031965,3.202444954204334,15.833164479851591
P004004,E2022,"GUDURIC, MARKO",906.79,0.8044508961363781,1.8354650374341404,-1.0310141412977623,21.026111369956098
P004007,E2022,"DOBRIC, OGNJEN",734.72,-2.863996486774518,-4.473881509843318,1.6098850230688004,14.147113602355404
P004056,E2022,"AKPINAR, ISMET",31.75,1.2025364043814228,1.3478915880677997,-0.1453551836863769,15.247655910118432
P004058,E2022,"JARAMAZ, OGNJEN",390.42,-4.548454123388189,-5.227879522470813,0.6794253990826239,13.720644888377521
P004119,E2022,"TYUS, ALEX",445.74,3.8100947142966817,4.127662107580674,-0.3175673932839923,17.973538069700044
P004172,E2022,"PONITKA, MATEUSZ",679.59,2.122994584306162,2.3227074276257333,-0.19971284331957162,20.175834305414515
P004194,E2022,"LAUVERGNE, JOFFREY",54.77,0.81532671756839,1.0648235512272728,-0.2494968336588828,19.440968315294327
P004197,E2022,"OUATTARA, YAKUBA",391.35,-1.7459683224166052,-1.819567175685678,0.07359885326907278,10.275523895712023
P004233,E2022,"MENCO, RAFI",119.83,-0.4213649417471355,-0.8164094023092934,0.39504446056215786,10.775957176718844
P004264,E2022,"BOST, DEE",389.52,-6.607108387680673,-5.345455595551702,-1.2616527921289709,13.66415808579446
P004267,E2022,"HOLLAND, JOHN",207.17000000000002,-1.363452602739883,-1.6005279900373475,0.23707538729746452,13.702115005235223
P004429,E2022,"AGRAVANIS, DIMITRIS",34.66,-1.790575902473538,-1.36159181657243,-0.428984085901108,11.056577054493564
P004508,E2022,"OBST, ANDREAS",500.18,-4.905028230272301,-2.437348630477055,-2.4676795997952463,14.41047463453981
P004554,E2022,"ZIZIC, ANTE",486.08,4.944804359202339,7.1359027882978285,-2.191098429095489,24.107423331555594
P004571,E2022,"SISKO, ZAN MARK",10.93,-0.061510346023209816,0.18171609306797143,-0.24322643909118125,16.306487570162293
P004603,E2022,"KOTSAR, MAIK",694.15,7.130775911770962,8.016197556376033,-0.8854216446050716,24.993865977659265
P004655,E2022,"BAKO, ISMAEL",527.91,1.4783031782504978,2.310478154333291,-0.832174976082793,17.59627759735966
P004720,E2022,"LAZAREVIC, STEFAN",537.18,-0.9523697803230087,-0.07258853852109381,-0.8797812418019149,7.484350836746452
P004761,E2022,"MARINKOVIC, VANJA",675.33,-2.0591309648469878,-1.890474602287817,-0.16865636255917094,13.476685625679519
P004790,E2022,"CORNELIE, PETR",480.21999999999997,5.8695557625060735,5.188736806934547,0.6808189555715264,18.215295346865158
P004862,E2022,"SEELEY, DENNIS",155.56,-8.072402851994775,-7.082688184892199,-0.989714667102576,13.808415503827296
P004866,E2022,"KALINIC, NIKOLA",855.99,-0.6166686871133047,-0.24486328979923655,-0.3718053973140682,14.10985331034645
P004887,E2022,"POIRIER, VINCENT",468.7,5.069706461957544,5.467786757778224,-0.3980802958206806,21.538383446734834
P004888,E2022,"CLYBURN, WILL",1125.99,-0.7260610648142931,1.0510085028423917,-1.7770695676566848,22.062886863806476
P005056,E2022,"ZIPSER, PAUL",189.93,-1.4320774050304061,-0.7925420724282292,-0.6395353326021769,11.205734715821418
P005059,E2022,"ALVITI, DAVIDE",49.06,0.8048679615464422,1.012830638371312,-0.2079626768248697,16.16046334468069
P005094,E2022,"THOMAS, DESHAUN",215.82999999999998,-3.4915132146417256,-3.536773443090894,0.045260228449168216,14.339608859697002
P005099,E2022,"HANGA, ADAM",361.17,0.35028417765305564,-0.47103497502424074,0.8213191526772964,13.376582748570165
P005145,E2022,"COHEN, JAKE",329.28,2.700617248107794,-0.4825977195760174,3.1832149676838117,11.761271585347801
P005160,E2022,"HUNTER, OTHELLO",429.87,4.571765086193636,4.260489632937995,0.31127545325564165,20.24813381802726
P005161,E2022,"PAPAPETROU, IOANNIS",783.2,-3.834444451546643,-3.362418551569966,-0.47202589997667727,10.653168779617417
P005348,E2022,"ARNA, EGEHAN",20.47,-3.725843222742956,-3.9187482291393434,0.19290500639638736,12.35891646184198
P005356,E2022,"LOPEZ-AROSTEGUI, XABI",581.6899999999999,-0.791039256905847,-1.7706195367835487,0.9795802798777017,16.325424556848574
P005460,E2022,"HARRIS, ELIAS",211.4,-0.8138823349023734,-2.095455002728902,1.2815726678265285,15.442770283102455
P005478,E2022,"WIMBERG, NIKLAS",234.35,-6.325361926938515,-5.583779160926047,-0.7415827660124676,7.563567118762085
P005504,E2022,"BIRUTIS, LAURYNAS",485.59000000000003,4.516686333311041,3.640490472330845,0.8761958609801965,20.78054383810875
P005757,E2022,"RANDOLPH, ANTHONY",48.67,4.810150781568092,4.741489966623291,0.06866081494480136,17.548117751786528
P005775,E2022,"BARON, BILLY",753.32,0.09685368991397292,-1.1689121081776417,1.2657657980916146,17.635680244407844
P005789,E2022,"KURIC, KYLE",299.15,-3.144299309885435,-1.3585781636213454,-1.7857211462640896,14.653335002275094
P005791,E2022,"TAVARES, WALTER",1000.16,6.725855074326793,5.891609414496911,0.8342456598298816,27.676773074969194
P005844,E2022,"PAPAGIANNIS, GEORGIOS",783.1,3.2051963898716944,2.980030681636397,0.2251657082352976,19.033947079784966
P005928,E2022,"CAMPAZZO, FACUNDO",257.08,1.8526632941631782,-0.3296186034342676,2.182281897597446,23.66102460557327
P005985,E2022,"JAMES, MIKE",1153.43,-5.340615939021642,-4.265915222373004,-1.0747007166486384,21.19693853359031
P006068,E2022,"NOUA, AMINE",592.33,-3.029178559078524,-3.8465782153290498,0.8173996562505258,11.048024303667477
P006158,E2022,"LUKOSIUNAS, KAROLIS",150.25,-3.425704908984034,-3.5996121906449803,0.1739072816609462,8.50700765697544
P006251,E2022,"SCHNEIDER, TIM",239.07,2.022684212064572,2.685172714291809,-0.6624885022272371,14.300523980765341
P006302,E2022,"LOUNTZIS, MICHALIS",134.5,2.908449704390107,0.3596063721607452,2.548843332229362,15.901401561441805
P006433,E2022,"PANGOS, KEVIN",401.27,-6.4984353795778755,-6.056504742554546,-0.4419306370233298,13.264066603144222
P006435,E2022,"LAPROVITTOLA, NICOLAS",924.9399999999999,-1.9336276723402377,-0.848216378752974,-1.0854112935872637,18.546333118190432
P006436,E2022,"GIEDRAITIS, ROKAS",905.12,2.1044512253462995,3.344932990313625,-1.2404817649673254,20.026343785973918
P006450,E2022,"HIGGINS, CORY",634.36,-2.757143503625582,-3.419238774646615,0.6620952710210332,17.55117199487731
P006477,E2022,"RUBIT, AUGUSTINE",464.65,3.5748527824921394,1.9489995347258078,1.6258532477663317,22.613793794665902
P006509,E2022,"TONUT, STEFANO",364.28000000000003,1.662113766276057,1.1515806323736226,0.5105331339024344,15.354696877225173
P006540,E2022,"MUSA, DZANAN",975.83,0.4985666660738446,1.2674696101067144,-0.7689029440328699,25.774405497297998
P006555,E2022,"WOLTERS, NATE",486.74,-0.9842381885233474,-1.1718939154476662,0.18765572692431878,15.081430729382868
P006568,E2022,"FALL, YOUSSOUPHA",677.94,8.744149894128505,8.440043869083064,0.30410602504544004,24.02354765940574
P006586,E2022,"KALAITZAKIS, GEORGIOS",256.13,-0.45564132566773397,-1.1756584927246434,0.7200171670569094,9.122732334142318
P006589,E2022,"SIKMA, LUKE",741.65,3.9052411004325207,3.9296043800470137,-0.024363279614492986,22.252573713726733
P006590,E2022,"BEAUBOIS, RODRIGUE",757.78,3.2748042535548834,1.251053345709543,2.0237509078453404,17.730512096526038
P006592,E2022,"WEEMS, KYLE",527.73,0.10590955879747399,0.8827685698895946,-0.7768590110921206,13.204528485428613
P006614,E2022,"SINGLETON, CHRIS",196.35,-1.3939905099774024,-0.18932921068410893,-1.2046612992932935,11.637856136858794
P006625,E2022,"ZOOSMAN, YOVEL",583.94,-1.0896139705902337,-1.1050702654834106,0.015456294893176903,13.873846632976727
P006643,E2022,"PUERTO, JOSEP",530.4,0.9503089439926207,0.6217846477277348,0.3285242962648859,12.57753595520004
P006661,E2022,"WILBEKIN, SCOTTIE",591.65,-2.3314504434094134,-3.530094659588919,1.198644216179506,17.131321717860338
P006707,E2022,"BALDASSO, TOMMASO",30.2,-1.7226054324365894,-1.4101238268903156,-0.31248160554627374,13.585857650983899
P006739,E2022,"PAJOLA, ALESSANDRO",483.83,2.1296122311525725,1.393728607231714,0.7358836239208583,12.690130116914348
P006754,E2022,"HENRY, PIERRIA",311.31,-0.8094977956561996,-0.4551292304456772,-0.3543685652105224,21.90289238325862
P006760,E2022,"BONGA, ISAAC",609.0600000000001,-0.9574868146500612,-0.3746095695114618,-0.5828772451385994,13.946462451919588
P006768,E2022,"MARTINEZ, SERGI",27.38,-4.170035436208299,-4.531236435861789,0.3612009996534902,12.630543775774088
P006832,E2022,"PONS, YVES",431.15000000000003,-2.058235308862406,-1.3091609628755647,-0.7490743459868415,10.333952115519349
P006919,E2022,"OLINDE, LOUIS",602.52,2.047922263514223,2.0881388150337608,-0.040216551519537735,17.77725711176636
P006961,E2022,"BIBEROVIC, TARIK",122.28,-3.8444197509158493,-1.6941957436902846,-2.1502240072255647,10.477229917932803
P007025,E2022,"MATTISSECK, JONAS",199.23,-1.2801271155004579,-1.9600860063059908,0.6799588908055331,9.654375116659772
P007032,E2022,"LO, MAODO",570.59,-4.7417229585583165,-5.327681470181192,0.5859585116228752,19.041260183059844
P007056,E2022,"BOOKER, DEVIN",654.43,-1.2482482701612119,-1.2154972311384524,-0.03275103902275944,13.213788775841502
P007109,E2022,"SMITS, ROLANDS",864.94,1.6993681100777835,1.0810561327236408,0.6183119773541429,16.176009561380088
P007122,E2022,"GEYIK, SAMET",11.18,-0.12802664752310966,0.24913240062769976,-0.3771590481508094,16.629597644883102
P007200,E2022,"LARKIN, SHANE",487.32,-2.170958674699191,-1.6671667723327581,-0.5037919023664328,19.289107583869274
P007201,E2022,"VOIGTMANN, JOHANNES",471.26,3.368836953840372,2.3724009245521467,0.9964360292882254,16.680458401004977
P007230,E2022,"SEDEKERSKIS, TADAS",429.28,4.252909735725929,6.414656468099491,-2.161746732373562,20.11955612560101
P007265,E2022,"KURUCS, ARTURS",164.29,-5.49632213131976,-4.382113666492808,-1.1142084648269517,6.995643672322462
P007400,E2022,"NUNNALLY, JAMES",827.0,-2.2862936338440405,-1.9760658584543256,-0.310227775389715,15.888758000170553
P007513,E2022,"GIEDRAITIS, DOVYDAS",144.88,-6.311259841056163,-5.570519890305654,-0.7407399507505086,9.020249371766184
P007519,E2022,"JOKUBAITIS, ROKAS",576.43,0.7540074805463359,-0.4160395327890987,1.1700470133354346,17.871588584418348
P007673,E2022,"TRIFUNOVIC, UROS",304.4,-0.014686388212797219,-0.9159188296579496,0.9012324414451524,10.110975930163463
P007831,E2022,"SHIELDS, SHAVON",219.05,-1.4878053471136807,-1.768448594625771,0.28064324751209024,15.950097684244174
P007853,E2022,"MCKISSIC, SHAQUIELLE",724.68,-0.7237733744811242,-0.789927169329176,0.06615379484805173,19.703252978316563
P007870,E2022,"DAVIES, BRANDON",607.03,1.3273167962071686,2.1057455473061553,-0.7784287510989867,23.83050035522977
P007947,E2022,"VILDOZA, LUCA",702.99,-1.5902654522614177,-3.6981536965452255,2.107888244283808,19.836957703281612
P007982,E2022,"WILLIAMS-GOSS, NIGEL",410.47,0.6593452986140631,-0.3000937780353315,0.9594390766493945,16.78625319050699
P007990,E2022,"DIBARTOLOMEO, JOHN",658.47,2.3239062982801677,1.911625409375758,0.4122808889044097,15.516604039919972
P007993,E2022,"M'BAYE, AMATH",708.75,-1.306882150191567,1.1424425554563284,-2.4493247056478955,13.908968984430421
P008084,E2022,"MANTZOUKAS, ELEFTHERIOS",265.02,-2.365692097833719,-1.2755669128903397,-1.0901251849433793,8.462217593989655
P008099,E2022,"STRAZEL, MATTHEW",203.7,-6.076406209046203,-6.439586172117909,0.36317996307170586,8.98544177200561
P008108,E2022,"CAMARA, GORA",3.55,-0.5461434692963826,-0.4285502130804579,-0.11759325621592473,16.696075964829586
P008211,E2022,"DELOW, MALTE",357.92,-2.3857847293071908,-0.7745451420218521,-1.6112395872853384,10.501569414216682
P008253,E2022,"GEORGE, JASON",1.03,-0.16897893165122474,-0.1485612889108494,-0.020417642740375316,17.1125276270227
P008282,E2022,"ILYASOGLU, OMERCAN",7.65,-2.10008474982856,-2.3567317066230418,0.256646956794482,15.688608138951261
P008296,E2022,"MENALO, LEO",1.2,-0.18014598094355708,-0.1678880386544813,-0.012257942289075785,17.083781286147264
P008384,E2022,"PROCIDA, GABRIELE",393.36,-6.648872763560061,-6.772088032469572,0.12321526890951051,12.260577805574233
P008780,E2022,"HERMANNSSON, MARTIN",27.5,-2.5766184595658324,-2.492208350626228,-0.0844101089396046,16.069636597318457
P008811,E2022,"FALL, MOUSTAPHA",881.68,5.804954057966679,5.69567774163266,0.10927631633401846,21.726915762935075
P008829,E2022,"PETERS, ALEC",489.53000000000003,3.2354193563906026,0.9834525991405904,2.2519667572500124,14.195848669547104
P008847,E2022,"MICKEY, JORDAN",704.56,-4.71976487610511,-2.5659689817502955,-2.153795894354814,15.224319710348642
P008850,E2022,"RAIESTE, SANDER",132.62,-1.80277576903717,-1.7168461968137585,-0.08592957222341141,8.979789640435488
P008855,E2022,"WALKUP, THOMAS",1028.92,1.0325495262612852,1.2321028561615086,-0.19955332990022345,18.255393354850746
P008962,E2022,"HAYES-DAVIS, NIGEL",1188.18,3.4925678534348146,2.7129452495963813,0.7796226038384334,17.582076003476303
P008966,E2022,"TOBEY, MIKE",432.05,5.4123317230448995,4.016815618036338,1.3955161050085618,17.30829558529857
P008967,E2022,"THOMAS, MATT",183.7,-0.8642438348847725,-1.1574854685617086,0.2932416336769361,15.540636821142417
P008987,E2022,"LEDAY, ZACH",1205.8,0.6609968378189701,1.1371939891780178,-0.4761971513590477,18.141276356377777
P008989,E2022,"HILLIARD, DARRUN",431.22,1.4952073046723857,0.10811271650215304,1.3870945881702328,13.193928440491893
P008991,E2022,"BLACK, TARIK",362.68,2.5259754058747914,3.129468813374879,-0.6034934075000875,18.433644562458078
P009005,E2022,"DECK, GABRIEL",806.69,1.7261069857206621,4.239910247354487,-2.513803261633825,23.4356601111274
P009006,E2022,"WILLIAMS, DERRICK",997.22,-1.9529658647073262,-1.3010216203301928,-0.6519442443771335,16.559011562091563
P009035,E2022,"BOLOMBOY, JOEL",395.72,6.496652858978801,4.222716506227954,2.273936352750847,18.657465234725457
P009101,E2022,"FERRANDO, GUILLEM",69.41,-3.7895907763006047,-4.244158274444595,0.45456749814399006,10.441406446833737
P009105,E2022,"JIMENEZ, MILLAN",1.75,-1.1425450600430398,-1.169376776556973,0.026831716513933176,16.59831612931797
P009212,E2022,"VUKCEVIC, TRISTAN",86.23,-1.3560709504249058,-1.0120681306858277,-0.34400281973907804,9.498355077904222
P009213,E2022,"NDIAYE, ELI",84.78,-0.05547531129179861,-0.6287719215299404,0.5732966102381418,14.118836812198852
P009540,E2022,"MARTIN, HASSAN",327.1,3.554183336722836,3.068379649203017,0.48580368751981917,16.22308280533389
P009549,E2022,"CORDINIER, ISAIA",342.48,-0.48456144528669376,-2.1923102261013803,1.7077487808146865,14.755194960581504
P009601,E2022,"CAVANAUGH, TYLER",282.36,-2.304384893573437,-1.570989190830779,-0.7333957027426578,13.309129266027051
P009622,E2022,"BROWN, LORENZO",1105.94,-3.1494525386318455,-4.496112273936784,1.346659735304938,20.141034102988623
P009733,E2022,"JEKIRI, TONYE",404.49,7.640859638166091,6.612907898708929,1.0279517394571625,19.681021756938897
P009754,E2022,"LOYD, JORDAN",861.46,3.5010662765753797,0.5657249900873232,2.9353412864880566,20.727725195180355
P009783,E2022,"COLSON, BONZIE",1017.22,3.404548889565979,4.875652381062824,-1.4711034914968448,19.878697719480588
P009818,E2022,"BENTIL, BENJAMIN",606.83,-0.6601935527305997,-0.10668294146994825,-0.5535106112606514,16.480453102101073
P009846,E2022,"BRYANT, ELIJAH",771.4,0.7981124508025659,2.0061970627752634,-1.2080846119726976,17.40748068184313
P009849,E2022,"DORSEY, TYLER",278.63,-5.220349689330306,-5.135132693174839,-0.08521699615546702,12.91202140918074
P009862,E2022,"PUNTER, KEVIN",1032.01,0.8662622175486199,0.3749490086172598,0.4913132089313601,21.10306328226615
P009863,E2022,"BALDWIN IV, WADE",953.92,-1.3720527482718436,-1.3968441042133843,0.02479135594154061,24.29869313245607
P009866,E2022,"WALDEN, COREY",560.87,-3.4202523762756103,-2.6665531885050813,-0.753699187770529,18.473948985667533
P009917,E2022,"HOLLINS, AUSTIN",184.41,-5.100218664627034,-5.2303484390177575,0.13012977439072315,8.61038172412399
P009960,E2022,"POYTHRESS, ALEX",357.31,-3.0238702097973698,-1.8295508898440764,-1.1943193199532933,14.101766123981772
P010057,E2022,"TSAMIS, PANAGIOTIS",1.3,0.2942417410676248,0.21938166743257126,0.07486007363505352,17.85665020886578
P010185,E2022,"KRIVAS, MOTIEJUS",2.2199999999999998,-0.17654237101162018,-0.2824985763143735,0.10595620530275328,16.913311153963054
P010190,E2022,"LELEVICIUS, LIUTAURAS",1.45,-0.7520312514424593,-0.6633461657958166,-0.0886850856466427,16.6473993707058
P010307,E2022,"JOVANOVIC, DORDIJE",1.38,-0.24844850757640408,-0.18828100830784175,-0.06016749926856231,17.05344906449106
P010357,E2022,"YABUSELE, GUERSCHON",689.7,1.70970390083066,2.608975098626536,-0.8992711977958758,18.904493688942765
P010385,E2022,"LAMMERS, BEN",483.26,0.5678945091913921,0.27790200958687705,0.28999249960451506,16.33727439933838
P010390,E2022,"HAYES, KEVARRIUS",652.9,2.7559241991161576,2.2112979075331447,0.5446262915830129,17.54400141606867
P010391,E2022,"WEILER-BABB, NICK",789.26,-1.021239706428442,-2.580385593342807,1.559145886914365,12.334838704268833
P010392,E2022,"LARENTZAKIS, GIANNOULIS",590.72,-1.048244053795831,-1.9918232612322333,0.9435792074364022,13.969305458301633
P010393,E2022,"PRADILLA, JAIME",400.82,-1.5266653449200256,-1.6461650675170487,0.11949972259702318,12.237687524775575
P010444,E2022,"COSTELLO, MATTHEW",681.74,3.5209017118721966,3.7787640329336125,-0.2578623210614159,20.836695917003226
P010458,E2022,"BRODZIANSKY, VLADIMIR",49.879999999999995,0.03002377325196942,0.40341288249698287,-0.37338910924501345,12.335726355471735
P010516,E2022,"GAZI, ERTEN",51.69,-2.41702049888095,-2.0059326032406024,-0.41108789564034753,11.661142238500252
P010560,E2022,"PIERRE, DYSHAWN",661.04,2.1247824350933318,0.2914722513749659,1.8333101837183658,16.46283857111072
P010568,E2022,"JONES, CHRIS",641.6,-0.033983391310147826,-0.9134705590169137,0.8794871677067658,24.715316432252024
P010588,E2022,"BROWN, JOHN",918.75,-1.0169921946502947,-0.7497250662322332,-0.26726712841806144,12.141230592547831
P010612,E2022,"CANAAN, ISAIAH",628.08,-2.377922434853218,-5.565985244884543,3.188062810031325,9.571583708051456
P010641,E2022,"NNAJI, JAMES",122.85,-0.40728741842510086,-0.32781495912115793,-0.0794724593039429,17.091670029877065
P010677,E2022,"EVANS, SHANNON",154.18,-3.863577840893826,-3.341465385104701,-0.5221124557891252,17.817604320395404
P010718,E2022,"RISACHER, ZACCHARIE",236.69,-0.7547097035361041,-1.3523146951313496,0.5976049915952455,10.481091407995793
P010750,E2022,"DE LARREA, SERGIO",2.17,-0.7296143243402398,-0.7407957811651957,0.01118145682495599,16.53008384220518
P010781,E2022,"LUNDBERG, IFFE",598.13,-3.009514071953721,-3.5410199308866797,0.5315058589329587,16.34205472642359
P010791,E2022,"KOUMADJE, CHRIST",410.64,6.742643433826226,6.626287243235776,0.11635619059044938,22.263979841293484
P010798,E2022,"AVDALAS, NEOKLIS",1.62,-0.04245395487366109,-0.03073219439938804,-0.011721760474273049,16.619549952352916
P010824,E2022,"KUBLICKAS, KAJUS",0.17,0.3244610057578118,0.32481387388414346,-0.00035286812633169076,16.460803295977872
P010985,E2022,"TOPIC, NIKOLA",8.1,-0.9735779937513883,-0.8814112611686478,-0.09216673258274054,15.993327161499568
P011050,E2022,"KOPRIVICA, BALSA",27.59,0.3567131860016436,-0.1610152440095639,0.5177284300112075,14.804284553320034
P011051,E2022,"SMAILAGIC, ALEN",322.1,7.138841231015944,5.313955946740634,1.8248852842753103,18.405303639322682
P011052,E2022,"MADAR, YAM",509.34,-1.4532159204378434,-2.082236518137599,0.6290205976997556,15.309808425769036
P011064,E2022,"MANNION, NICCOLO",254.66,-5.2299684632118115,-2.8506037577499326,-2.379364705461879,16.265941087684272
P011078,E2022,"THOMPSON, DARIUS",916.23,0.913375383495918,2.0377239414726773,-1.1243485579767594,24.57010584824115
P011157,E2022,"MOTLEY, JOHNATHAN",837.98,4.490924353111902,4.07516964910039,0.41575470401151204,26.40661705596932
P011192,E2022,"SMITH, JALEEN",763.59,-3.2498933826065346,-2.5118516956076142,-0.7380416869989203,17.42595290144409
P011193,E2022,"BLATT, TAMIR",595.82,-8.513566751408492,-7.995794273366031,-0.5177724780424614,14.844181923713176
P011194,E2022,"PETRUSEV, FILIP",770.45,5.057502635439962,4.132790702010075,0.9247119334298871,21.700130583213397
P011196,E2022,"HALL, DONTA",764.07,11.689421040265337,10.642056271341954,1.047364768923384,25.33229792280498
P011199,E2022,"NEBO, JOSH",843.81,7.161347230542418,7.215459226710554,-0.05411199616813667,21.115350193532706
P011201,E2022,"HAZER, SEHMUS",98.32,-1.8947909023528453,-1.215572883019065,-0.6792180193337803,17.39047330656567
P011205,E2022,"HALL, DEVON",750.41,-8.16064807750764,-6.095671763070554,-2.064976314437086,10.640607079124308
P011209,E2022,"KALAITZAKIS, PANAGIOTIS",207.91,1.1793542304769145,1.4070466095353837,-0.22769237905846934,13.019644266695153
P011212,E2022,"OKOBO, ELIE",1066.14,-2.4700540407605063,-2.92486243740687,0.45480839664636363,18.324453895894234
P011214,E2022,"RIVERO, JASIEL",451.77,-3.1118318084534544,0.4872370418009754,-3.59906885025443,19.08200639063034
P011218,E2022,"EVANS, KEENAN",445.86,3.3607168147204636,3.9676661696371056,-0.6069493549166419,24.857799923346832
P011219,E2022,"SORKIN, ROMAN",586.82,3.5158332894277438,2.7940282877005465,0.7218050017271971,21.153837491858276
P011220,E2022,"ZIV, IFTAH",49.49,-1.5156365439596236,-2.284062653551212,0.7684261095915883,15.578825782046312
P011221,E2022,"ANTETOKOUNMPO, KOSTAS",91.61,-0.6108083796526735,0.8204805758309959,-1.4312889554836694,15.703140056145834
P011224,E2022,"NAPIER, SHABAZZ",297.53,3.714229359906329,1.3366610227397644,2.377568337166565,24.17145540250573
P011225,E2022,"LEE, PARIS",896.34,-5.139987685772916,-4.975859524770876,-0.16412816100203986,15.38518845590672
P011226,E2022,"DIALLO, ALPHA",1015.06,1.5968259916292507,1.4258647481966609,0.17096124343258978,17.872472033933693
P011231,E2022,"BLOSSOMGAME, JARON",659.31,-2.888155123079709,-1.870764051375375,-1.017391071704334,11.074368395198409
P011234,E2022,"SCHULTE, RIKUS",4.890000000000001,-1.9125861285178043,-1.7821347707899449,-0.13045135772785935,15.720074994356978
P011239,E2022,"ENOCH, STEVEN",310.49,1.5757907383034644,2.5066751151001783,-0.9308843767967139,16.976975483344546
P011244,E2022,"DA SILVA, OSCAR",330.46,1.8809819221400303,1.3170054516762535,0.5639764704637769,11.729030957947552
P011248,E2022,"ANDREWS, ANDREW",79.09,-2.790865427093391,-1.8499341227838186,-0.9409313043095726,16.80093062794184
P011261,E2022,"GLAS, GREGOR",7.9,-4.535721071799166,-4.19128393830522,-0.34443713349394656,13.798690140482886
P011286,E2022,"BACON, DWAYNE",832.67,-3.281882745558794,-5.055733374390902,1.7738506288321085,16.649917619477527
P011302,E2022,"EXUM, DANTE",873.57,1.5432135989522044,1.210581968764014,0.3326316301881905,24.126543203013753
P011396,E2022,"CHOUGKAZ, NIKOS",0.92,-0.11446053800257353,-0.1360210486421393,0.021560510639565766,17.131179807353384
P011442,E2022,"SAMONTOUROV, ALEXANDROS",2.43,-0.6117972158099766,-0.6426116603913186,0.03081444458134199,17.26914640396469
P011620,E2022,"MACHOWSKI, NILS",6.72,-1.6431466920676323,-1.6984987285076654,0.055352036440032976,15.825324832815813
P011631,E2022,"RAPIEQUE, ELIAS",6.15,-0.3280210133962199,-0.27761125870520453,-0.05040975469101537,17.417604014678318
P011934,E2022,"WETZELL, YANNI",392.62,0.5396407309148838,1.7842230144846005,-1.2445822835697167,19.018469948759904
P011935,E2022,"MAKOUNDOU, YOAN",76.42999999999999,-1.872871970823278,-1.6925638040090953,-0.18030816681418255,17.507672539580025
P011936,E2022,"MATHEWS, JONAH",708.19,-8.001990386182968,-6.900644234392182,-1.1013461517907865,13.225700226627527
P011937,E2022,"POLITE, ANTHONY",63.68,-0.5591065586228617,-0.5950032164834971,0.03589665786063531,13.006345712109624
P011938,E2022,"OBASOHAN, RETIN",737.49,-6.660105109393438,-6.807646714180059,0.1475416047866216,11.568948484349788
P011939,E2022,"JACKSON-CARTWRIGHT, PARKER",237.61,-3.4974642734012162,-4.3274878014880285,0.8300235280868121,13.53300751209414
P011940,E2022,"WINSTON, CASSIUS",561.85,-4.531146513921261,-5.937001838697559,1.4058553247762986,18.32572133588895
P011941,E2022,"GILLESPIE, FREDDIE",643.95,3.102694407794756,3.453857937730696,-0.35116352993594036,14.851641462676392
P011948,E2022,"HOWARD, MARKUS",677.29,-7.068148261138018,-6.6521381408604405,-0.4160101202775771,16.5303537497692
P011949,E2022,"HOMMES, DAULTON",616.0,0.6970490403443983,0.4020910044933726,0.29495803585102565,15.487260706924724
P011963,E2022,"ADAMS, JAYLEN",58.39,-4.338718103477479,-3.3526419379034773,-0.9860761655740019,12.43057431755858
P011964,E2022,"ILIC, DALIBOR",67.67,2.994492546417133,3.3475112013146973,-0.35301865489756434,18.89949702485897
P011965,E2022,"MITROU-LONG, NAZ",368.59000000000003,-6.939658433331865,-5.631997858113445,-1.3076605752184198,12.140418417290388
P011967,E2022,"MARTIN, JARELL",733.85,0.8855489173268257,0.05085730340546857,0.8346916139213572,12.578855508974158
P011970,E2022,"HARPER, JARED",552.81,-7.146497012608226,-5.442831948712775,-1.7036650638954511,19.621143466181742
P011971,E2022,"WEBB III, JAMES",688.13,3.056353985523663,3.3745318085313203,-0.3181778230076571,14.628143410551688
P011972,E2022,"RADEBAUGH, JONAH",588.04,-3.7147367867350694,-3.1820565250307253,-0.532680261704344,10.361139855470762
P011973,E2022,"ALEXANDER, KYLE",396.85,3.5880913850075857,2.506459287302156,1.08163209770543,17.64894569016424
P011974,E2022,"MARÍ, LUCAS",9.2,0.585390487091509,0.4630814764058471,0.12230901068566188,14.367020752363583
P011982,E2022,"OJELEYE, SEMI",565.36,-0.04171740791102918,3.0274468938579804,-3.0691643017690096,18.16892910027369
P011983,E2022,"BRAZDEIKIS, IGNAS",784.44,-4.51705254620281,-5.533434873574712,1.0163823273719022,15.929716731669872
P011987,E2022,"EDWARDS, CARSEN",522.28,-6.062049610621549,-6.17217979401783,0.110130183396281,13.513014504978633
P012023,E2022,"PAPAS, GEORGE",6.050000000000001,1.373500295908831,1.2362228084814977,0.1372774874273332,18.56556969503162
P012056,E2022,"ADAMS, JALEN",364.5,-6.358962629374199,-4.254403395418407,-2.1045592339557917,12.936229636508296
P012068,E2022,"TAYLOR, ISAIAH",370.85,-0.7995540732380397,-3.8340768358101887,3.034522762572149,12.506910196789004
P012080,E2022,"LUWAWU-CABARROT, TIMOTHE",516.87,-5.884790037587252,-5.4588330598114565,-0.42595697777579533,12.140124606737405
P012201,E2022,"MONEKE, CHIMA",201.93,2.5688796578980333,1.4913629702570064,1.077516687641027,15.529687895068736
P012203,E2022,"BRAIMOH, SULEIMAN",88.91,0.09031308211484212,0.6004519758447429,-0.5101388937299007,14.445390218400846
P012259,E2022,"HEIDEGGER, MAX",106.00999999999999,-3.376903073022933,-3.134245123716757,-0.2426579493061764,13.246340790049532
P012298,E2022,"ABOSI, VENIAMIN",1.43,-0.9656285429195549,-1.0479746239181142,0.0823460809985593,16.650681910264254
P012405,E2022,"HALTALI, FURKAN",1.5,-0.17883079051991035,-0.20183613821864693,0.023005347698736564,17.033287351311365
P012406,E2022,"CHEATHAM, ZYLAN ANTHONY",128.41,2.7545223632318323,4.092254128610529,-1.3377317653786966,20.528342306195455
PBCN,E2022,"BELINELLI, MARCO",355.19,-2.827082874441163,-1.1545804713961338,-1.672502403045029,17.68245933820625
PBMT,E2022,"FERNANDEZ, RUDY",347.75,-2.885290701397675,-2.25136025879155,-0.633930442606125,11.45478205730453
PCCD,E2022,"DATOME, LUIGI",56.15,-2.0486338320032393,-1.9581148401022181,-0.09051899190102106,13.633548934730088
PCVM,E2022,"RODRIGUEZ, SERGIO",592.56,2.617160766955531,1.3486420765737743,1.2685186903817565,18.148432866694733
PJBX,E2022,"KALNIETIS, MANTAS",12.16,-4.041204448630596,-3.3760080922788367,-0.6651963563517597,14.34449595362075
PJDR,E2022,"TEODOSIC, MILOS",506.8,-2.4246230700789546,-3.6338243484902266,1.2092012784112718,20.845218632429305
PJDU,E2022,"RADULJICA, MIROSLAV",13.5,-2.18262570655132,-1.9527882664809915,-0.22983744007032864,12.765450803155096
PKIR,E2022,"KAHUDI, CHARLES",545.85,-2.2162800390486552,-2.958768545166012,0.742488506117357,12.648259915085706
PLCZ,E2022,"MOTIEJUNAS, DONATAS",729.73,2.618305678356962,3.328701231370861,-0.7103955530138986,21.752713130968026
PLHK,E2022,"PLEISS, TIBOR",498.52,2.1099308376261687,-0.24120401024237217,2.3511348478685408,17.59152353498313
PLME,E2022,"MARKOVIC, STEFAN",474.93,-1.5590972874046072,-1.060616882424855,-0.4984804049797522,8.573006568031069
PLRQ,E2022,"VAN ROSSOM, SAM",97.56,0.6572416609921367,0.7470750944830069,-0.08983343349087022,17.052433013555902
PLUO,E2022,"LAZIC, BRANKO",460.29,-2.370011839809347,-2.638202003691985,0.26819016388263833,5.584391415442188
PTFK,E2022,"DIOT, ANTOINE",323.0,-2.831046094451042,-3.25077086915008,0.41972477469903835,10.99025689399079
PTGB,E2022,"LLULL, SERGIO",485.49,-7.589131843693748,-7.640035183615674,0.050903339921926,12.995744873794777
P000229,E2023,"JACKSON, EDWIN",478.26,-3.443268130675132,-4.233993608506469,0.7907254778313375,13.019884941303399
P000556,E2023,"CLAVER, VICTOR",310.16,-1.2860469150826783,-1.6393469366991378,0.35330002161645957,10.749167803194128
P000796,E2023,"MIROTIC, NIKOLA",556.97,5.803056562057728,4.991594134299292,0.8114624277584364,26.742284527692437
P000848,E2023,"NEDOVIC, NEMANJA",654.86,-2.575010695592721,-1.8738360095998041,-0.7011746859929171,22.850434075402198
P000925,E2023,"VESELY, JAN",831.5,5.092471430225711,5.183652669253799,-0.09118123902808828,26.117958847190664
P000956,E2023,"ANDJUSIC, DANILO",366.71999999999997,-2.1135465834883727,-3.2137040612747536,1.100157477786381,15.188718431089526
P001133,E2023,"SHENGELIA, TORNIKE",904.82,0.465573132406524,-0.18291986183649356,0.6484929942430175,24.570449101488926
P001255,E2023,"PAPANIKOLAOU, KOSTAS",953.15,0.7467098110599433,0.14007259860635513,0.6066372124535881,15.087004383191474
P001288,E2023,"LUCIC, VLADIMIR",502.93,-2.5124760874531136,-1.2037639120072463,-1.308712175445867,16.467713774663896
P001392,E2023,"CAUSEUR, FABIEN",487.02,-3.7052931232495676,-4.002988783225814,0.2976956599762465,12.689309846611875
P001518,E2023,"RICCI, GIAMPAOLO",152.93,-2.939956184374866,-3.266149423922304,0.3261932395474378,6.835403732883024
P001557,E2023,"GIFFEY, NIELS",405.18,-2.1034983374223533,-2.5762119536633787,0.4727136162410255,9.756678146716226
P001844,E2023,"HACKETT, DANIEL",770.55,1.1638441835534015,1.3381576401396762,-0.17431345658627484,17.746112993117112
P001926,E2023,"SLOUKAS, KOSTAS",891.89,3.720563831032641,2.0213244379585795,1.699239393074062,23.882566278678183
P001932,E2023,"CALATHES, NICK",900.55,5.06745768308644,3.1058817850445575,1.9615758980418827,17.639177118742793
P002084,E2023,"POLONARA, ACHILLE",263.99,1.5311025882460951,2.9393098955800587,-1.4082073073339636,16.947934465666922
P002100,E2023,"DE COLO, NANDO",459.45,-2.113306802562031,-2.2311233375608914,0.1178165349988603,23.610472189039417
P002328,E2023,"GRIGONIS, MARIUS",1013.01,-1.1088384040075665,-0.23805251995575982,-0.8707858840518068,14.419348133582002
P002329,E2023,"ULANOVAS, EDGARAS",951.96,-0.1825032283239134,-1.1093200630435396,0.9268168347196262,15.522337984484299
P002553,E2023,"MITROVIC, LUKA",608.92,4.611461141831045,6.665498812251821,-2.0540376704207763,23.93623916120028
P002581,E2023,"JAITEH, MAM",205.53,6.1228192358402875,4.360647716201652,1.762171519638636,17.965105443518162
P002676,E2023,"BUTKEVICIUS, ARNAS",459.58,3.1916644990685112,0.7914158159859725,2.4002486830825385,12.09635559912453
P002812,E2023,"HINES, KYLE",419.44,0.26817637799958877,0.43328524749402986,-0.1651088694944411,12.569071819956307
P002849,E2023,"MELLI, NICOLO",830.5600000000001,2.625060739007204,2.4519520716317094,0.17310866737549457,15.870957988907863
P002939,E2023,"SATORANSKY, TOMAS",976.19,4.330096103155577,3.9863302224032595,0.3437658807523173,18.03480674059237
P002968,E2023,"SANLI, SERTAC",428.11,0.04836189248609468,-0.8242357697984664,0.872597662284561,12.059757751525446
P002969,E2023,"MAHMUTOGLU, MELIH",40.89,-3.901308324908306,-3.384429105582133,-0.5168792193261725,13.974580638498855
P003048,E2023,"DUNSTON, BRYANT",694.45,4.004724848923815,3.3788867335035397,0.6258381154202755,14.310376570153064
P003108,E2023,"HEZONJA, MARIO",885.76,4.391107625228223,5.081589499105251,-0.6904818738770273,22.286234647539057
P003196,E2023,"HERNANGOMEZ, WILLY",616.96,6.490682245970721,5.706308353556244,0.7843738924144769,29.35851186420177
P003198,E2023,"DIEZ, DANIEL",361.67,2.078437296323886,1.2615698041761918,0.8168674921476942,12.32239189498582
P003204,E2023,"PAULI, ORIOL",93.25999999999999,-3.958708258176676,-3.7922750460263166,-0.16643321215035933,14.74117078628844
P003210,E2023,"LEKAVICIUS, LUKAS",363.69,-8.052391839208594,-6.152195243654045,-1.900196595554549,13.217620966935028
P003211,E2023,"DIMSA, TOMAS",589.36,-4.99153867021171,-4.587541429739302,-0.40399724047240826,10.805498819423963
P003274,E2023,"DALLO, BORIS",13.27,-4.877400342297074,-4.891405075155876,0.014004732858802105,12.438233125788853
P003478,E2023,"ABRINES, ALEX",467.59,-0.1501079289852203,0.5092790135553924,-0.6593869425406127,15.590265272746358
P003479,E2023,"KUZMIC, OGNJEN",20.54,-0.17110779206566995,-0.9939804304803316,0.8228726384146616,16.33382002785883
P003526,E2023,"LIGHTY, DAVID",479.42,-2.7676962623511607,-3.3386438174559716,0.5709475551048109,8.299469583649344
P003527,E2023,"ABASS, AWUDU",398.55,-3.201680227434676,-2.44675942354598,-0.754920803888696,12.293408216143023
P003583,E2023,"IBAKA, SERGE",691.38,5.472637800890279,6.7180462452814735,-1.245408444391194,24.474814458487835
P003733,E2023,"ABALDE, ALBERTO",307.96,1.809303351601081,1.860766410158278,-0.051463058557196906,13.748599534655613
P003842,E2023,"LESSORT, MATHIAS",1218.27,7.397281091578442,5.726924936559342,1.6703561550190997,25.737427587791654
P003941,E2023,"MILUTINOV, NIKOLA",488.86,6.435125259497862,5.730075282917824,0.7050499765800379,29.224057783103117
P003958,E2023,"THIEMANN, JOHANNES",726.97,2.6721847899630213,2.3306685226910826,0.34151626727193873,25.16279752126208
P003960,E2023,"INGLIS, DAMIEN",656.79,2.6697298238923373,3.030309450460196,-0.3605796265678588,18.563774185914326
P003983,E2023,"AVRAMOVIC, ALEKSA",446.69,-2.981708077065338,-3.22309730804616,0.24138923098082188,18.527645770286824
P004004,E2023,"GUDURIC, MARKO",794.51,0.594243945192269,-1.069963603110168,1.664207548302437,17.762661866449903
P004007,E2023,"DOBRIC, OGNJEN",374.15,1.4758145965484837,0.6026234380393866,0.8731911585090972,14.022732608157975
P004058,E2023,"JARAMAZ, OGNJEN",281.09,-4.213033235589952,-3.094692961323952,-1.1183402742660005,10.624468409452108
P004093,E2023,"YILDIZLI, BURAKCAN",1.55,-0.3250505609562888,-0.3124828900467875,-0.012567670909501366,17.024900700719876
P004172,E2023,"PONITKA, MATEUSZ",362.09000000000003,-3.3946581005100844,-2.8865556925120672,-0.5081024079980171,10.666490653678078
P004194,E2023,"LAUVERGNE, JOFFREY",764.56,-1.2849475588932515,-0.06323756836299121,-1.2217099905302604,20.5987770266472
P004197,E2023,"OUATTARA, YAKUBA",309.34,-0.30164655675861457,-0.13789987212105767,-0.1637466846375569,12.627348087550946
P004233,E2023,"MENCO, RAFI",165.26,-0.5896765855586502,-0.6459398118148643,0.056263226256214036,11.493925454867316
P004508,E2023,"OBST, ANDREAS",410.86,-4.842432377083824,-2.955630262337529,-1.8868021147462957,12.780171996551118
P004554,E2023,"ZIZIC, ANTE",428.48,-1.5597242490904084,1.6654053953087948,-3.2251296443992032,17.955038348013368
P004603,E2023,"KOTSAR, MAIK",705.37,0.9067814242166036,1.408222684016326,-0.5014412597997225,17.344672220418072
P004720,E2023,"LAZAREVIC, STEFAN",132.06,0.2436240280275252,-0.23320751591334932,0.4768315439408745,9.17382860535251
P004761,E2023,"MARINKOVIC, VANJA",955.6,-5.283480571781885,-3.2924282023577547,-1.9910523694241304,13.801514462067168
P004790,E2023,"CORNELIE, PETR",277.72,0.06817511674301213,-0.44804290175131145,0.5162180184943236,11.566447808318605
P004863,E2023,"JOVIC, STEFAN",458.03,3.2026671846081314,1.165813697402424,2.036853487205707,16.717521757178115
P004866,E2023,"KALINIC, NIKOLA",958.57,0.19018957323743924,-0.5087247117618345,0.6989142849992738,13.876152418978528
P004887,E2023,"POIRIER, VINCENT",678.94,8.286862249210595,7.997511103782172,0.28935114542842366,27.690038598811334
P004888,E2023,"CLYBURN, WILL",708.07,-1.9236785635599483,-1.3042452721121212,-0.6194332914478271,20.306258945584048
P005094,E2023,"THOMAS, DESHAUN",232.6,0.7565201298901596,-1.950453157214982,2.7069732871051415,16.262413307751363
P005099,E2023,"HANGA, ADAM",523.17,-1.5453861620511335,-0.8480040130012871,-0.6973821490498465,16.446360810305542
P005145,E2023,"COHEN, JAKE",372.45,1.6544250396055402,-0.025687151469323544,1.6801121910748638,10.093933042984663
P005161,E2023,"PAPAPETROU, IOANNIS",273.44,2.5342848769642203,0.46856763728476036,2.06571723967946,13.84125606833254
P005356,E2023,"LOPEZ-AROSTEGUI, XABI",410.42,-3.322070103507519,-1.3110612023989523,-2.011008901108567,15.534028184942015
P005460,E2023,"HARRIS, ELIAS",141.53,1.835362222887662,2.9828969844166173,-1.1475347615289553,18.75079147997393
P005478,E2023,"WIMBERG, NIKLAS",93.57,-0.36295045490718625,-0.9811180944415487,0.6181676395343625,13.064414248892408
P005504,E2023,"BIRUTIS, LAURYNAS",513.94,5.5688835949957785,5.05076490422379,0.5181186907719886,22.492228338531618
P005553,E2023,"LOMAZS, RIHARDS",62.6,-2.4461327912863395,-1.6081585354896857,-0.8379742557966539,15.306756864440981
P005670,E2023,"FLACCADORI, DIEGO",362.37,-4.308373370201846,-5.196285320598977,0.8879119503971317,10.054455665718155
P005775,E2023,"BARON, BILLY",47.18,-2.10810216924871,-2.7020150429208605,0.5939128736721508,14.73623227448093
P005791,E2023,"TAVARES, WALTER",778.04,6.515362039897448,5.742970769430925,0.7723912704665228,25.11147404008713
P005836,E2023,"THOMPKINS, TREY",10.17,-1.2770295363761603,-0.5376934384452023,-0.739336097930958,15.692826233621705
P005844,E2023,"PAPAGIANNIS, GEORGIOS",607.1,2.254163573782823,2.729480249220342,-0.47531667543751865,17.888387308949373
P005928,E2023,"CAMPAZZO, FACUNDO",935.75,1.8070703526816951,1.0992928570024174,0.7077774956792777,25.57458717466387
P005985,E2023,"JAMES, MIKE",1235.18,0.4781170773131249,0.7031319183266092,-0.22501484101348426,24.003414270853444
P006068,E2023,"NOUA, AMINE",176.57,3.318045709469974,1.7757341347786706,1.5423115746913036,15.507389326962809
P006158,E2023,"LUKOSIUNAS, KAROLIS",11.68,-1.6104184000411834,-1.1540973074537952,-0.45632109258738807,14.764314704137744
P006245,E2023,"WEIDEMANN, NELSON",27.0,-1.7324183249135037,-1.2459808185915642,-0.48643750632193955,14.873060363449632
P006251,E2023,"SCHNEIDER, TIM",530.33,-5.8573688054725235,-5.185699134574205,-0.6716696708983185,9.27907392343392
P006302,E2023,"LOUNTZIS, MICHALIS",116.2,-6.811601409932634,-6.557457750299036,-0.25414365963359864,8.551705208871894
P006372,E2023,"YILMAZ, ERKAN",124.14,1.9415673078184406,2.73048991655953,-0.7889226087410894,13.067184198082021
P006433,E2023,"PANGOS, KEVIN",285.65999999999997,-8.430008395394196,-7.665222629632696,-0.7647857657614996,9.979978909293429
P006435,E2023,"LAPROVITTOLA, NICOLAS",749.64,-2.685227995434151,-2.4388951717186886,-0.24633282371546228,20.489711720444074
P006436,E2023,"GIEDRAITIS, ROKAS",864.3100000000001,-1.225387012793036,-1.2006159382568269,-0.02477107453620908,15.647331943211313
P006509,E2023,"TONUT, STEFANO",495.3,2.146518207566027,1.0917871912338701,1.0547310163321566,14.25983313649942
P006540,E2023,"MUSA, DZANAN",798.62,1.829175516878197,2.318243610539138,-0.4890680936609413,26.405909801871875
P006543,E2023,"RADONCIC, DINO",143.92,1.517262829970163,1.2081084268810816,0.3091544030890814,12.171526181363168
P006544,E2023,"MORAITIS, DIMITRIS",17.03,2.1787985945025934,2.2277120932795182,-0.048913498776924864,18.87446523248828
P006568,E2023,"FALL, YOUSSOUPHA",611.14,9.2521791046714,8.732735576672878,0.5194435279985228,24.76147968917246
P006589,E2023,"SIKMA, LUKE",245.32,2.937410672064923,2.631239862547816,0.30617080951710707,14.736704118377457
P006590,E2023,"BEAUBOIS, RODRIGUE",718.23,-2.949204948073704,-1.8814189735950402,-1.0677859744786635,16.63209447974054
P006643,E2023,"PUERTO, JOSEP",331.9,-5.332952510553147,-6.029391920303709,0.6964394097505617,9.281960329145877
P006661,E2023,"WILBEKIN, SCOTTIE",1011.88,-2.163348485697448,-1.6190321584936558,-0.5443163272037922,20.010143780046498
P006701,E2023,"BORTOLANI, GIORDANO",135.75,-0.12071703091602518,-0.24684537161303782,0.12612834069701265,17.683472603003622
P006721,E2023,"CARUSO, GUGLIELMO",10.71,1.3465638012158572,1.372268379821623,-0.025704578605765888,17.42280431901457
P006739,E2023,"PAJOLA, ALESSANDRO",579.61,-0.5307785486534191,0.276855354218966,-0.8076339028723851,12.373094372004685
P006760,E2023,"BONGA, ISAAC",617.62,-0.6025090690182104,0.31729246122258215,-0.9198015302407926,14.78342112282002
P006819,E2023,"NIKIC, KRESIMIR",104.28,-3.1871085924964935,-2.834413654322748,-0.3526949381737453,12.379472616791185
P006860,E2023,"LAVRINOVICIUS, DANIELIUS",120.38,0.9190977171380134,0.919245497111072,-0.00014777997305862045,13.471633842263834
P006919,E2023,"OLINDE, LOUIS",375.13,1.7396823381036475,2.7323240798676602,-0.9926417417640128,19.297621000901025
P006961,E2023,"BIBEROVIC, TARIK",503.04,3.041896421258581,2.1385179282710793,0.9033784929875015,14.342130979965017
P007025,E2023,"MATTISSECK, JONAS",316.01,-4.188404251244474,-2.2910632340977983,-1.8973410171466756,10.30955666007573
P007032,E2023,"LO, MAODO",405.93,-2.875622948148841,-2.2661572837512614,-0.6094656643975798,16.304387298950655
P007056,E2023,"BOOKER, DEVIN",741.66,0.27788947571469347,-1.8982194412929991,2.1761089170076926,16.216617952805294
P007109,E2023,"SMITS, ROLANDS",711.07,0.19992427212452424,1.9961004011382077,-1.7961761290136835,18.110494366895708
P007200,E2023,"LARKIN, SHANE",1107.59,0.449062250693813,0.2177923251171784,0.23126992557663462,24.55210681287366
P007201,E2023,"VOIGTMANN, JOHANNES",687.23,0.8209059997361476,0.6615383727621164,0.15936762697403123,18.506508474217323
P007230,E2023,"SEDEKERSKIS, TADAS",969.65,3.8535249792577577,5.4499131611338365,-1.5963881818760788,20.800148334649748
P007400,E2023,"NUNNALLY, JAMES",888.2,-1.005314634506404,-0.6686589769496261,-0.33665565755677784,18.588219658123965
P007464,E2023,"PARRA, JOEL",340.35,-2.651838521227445,-3.779470261001554,1.1276317397741094,10.466398696850467
P007513,E2023,"GIEDRAITIS, DOVYDAS",497.36,-1.2012024949269255,-3.453833483691677,2.2526309887647513,10.126018926875089
P007519,E2023,"JOKUBAITIS, ROKAS",558.58,-3.780802307688097,-4.865211469397336,1.0844091617092384,14.651035054447604
P007550,E2023,"SAMAR, ZIGA",174.19,-6.428272307080228,-5.796247042974299,-0.6320252641059285,11.411352223487741
P007553,E2023,"BALCEROWSKI, ALEKSANDER",181.23000000000002,0.7557481547303397,1.3642802878341098,-0.6085321331037701,16.67275420886144
P007639,E2023,"BRANKOVIC, DANKO",249.43,6.688949817790755,5.603518035331671,1.0854317824590836,18.913312154531962
P007673,E2023,"TRIFUNOVIC, UROS",264.43,-2.710920195301492,-3.1943949681868062,0.48347477288531404,10.56136615031173
P007831,E2023,"SHIELDS, SHAVON",882.78,-0.6726306994826937,-0.2132462026805817,-0.459384496802112,21.58049478637956
P007853,E2023,"MCKISSIC, SHAQUIELLE",522.9,0.11664463894960853,-1.5617628329846793,1.6784074719342879,16.774568415729817
P007866,E2023,"MITOGLOU, KONSTANTINOS",1070.12,4.034422841759763,2.6095768967118267,1.4248459450479363,18.91163185498761
P007870,E2023,"DAVIES, BRANDON",626.05,-0.45056947627149,-1.0025175868446188,0.5519481105731288,21.277981772822947
P007946,E2023,"THEODORE, JORDAN",117.98,-4.353378881729037,-3.4892034251012918,-0.8641754566277451,13.436455941637321
P007947,E2023,"VILDOZA, LUCA",418.41,-6.386017534568779,-4.859836843994454,-1.5261806905743245,13.28847565856774
P007960,E2023,"DAVIDOVAC, DEJAN",598.22,1.6646412625115898,1.2206578291208394,0.4439834333907505,13.933829833230362
P007975,E2023,"FRANCISCO, SYLVAIN",636.58,-3.1897449742345514,-3.073737997946999,-0.11600697628755213,21.5711513564828
P007982,E2023,"WILLIAMS-GOSS, NIGEL",703.77,-0.3637890139539395,-1.283758705274958,0.9199696913210185,15.338814170917182
P007990,E2023,"DIBARTOLOMEO, JOHN",428.62,-1.3267679877534018,0.7153547412202881,-2.04212272897369,15.37754656683081
P008072,E2023,"DIOP, KHALIFA",122.53,-2.2372645634605677,-1.3568400066759947,-0.8804245567845731,13.880729187786383
P008084,E2023,"MANTZOUKAS, ELEFTHERIOS",102.0,0.9378291325573629,2.1024096889391286,-1.1645805563817657,12.915240921574771
P008099,E2023,"STRAZEL, MATTHEW",223.27,-2.9169983471003036,-2.0034533169120956,-0.913545030188208,15.741883460135814
P008173,E2023,"SPAGNOLO, MATTEO",512.35,-9.590027542912475,-9.318032276388909,-0.271995266523567,12.81763479408525
P008211,E2023,"DELOW, MALTE",574.09,-5.117730369784335,-4.71824726618327,-0.39948310360106454,11.94036206761427
P008384,E2023,"PROCIDA, GABRIELE",436.44,-3.3564933240342194,-4.186955228684075,0.8304619046498558,18.210570923417535
P008780,E2023,"HERMANNSSON, MARTIN",285.35,-7.105511669099835,-6.46866956704009,-0.6368421020597453,14.555283939686268
P008811,E2023,"FALL, MOUSTAPHA",811.85,4.616239563445801,5.4758024692365295,-0.8595629057907281,23.12757434463794
P008829,E2023,"PETERS, ALEC",1017.39,6.606523505857245,5.977889328342836,0.6286341775144098,22.130928920214163
P008847,E2023,"MICKEY, JORDAN",472.90999999999997,-1.7774059461961715,-0.8512777618775571,-0.9261281843186143,16.981513093082864
P008850,E2023,"RAIESTE, SANDER",199.09,-2.8520225501658816,-4.034773032069741,1.1827504819038597,5.914201966492037
P008855,E2023,"WALKUP, THOMAS",1056.06,-1.489196798667792,-1.9078528327772597,0.4186560341094677,14.40139669754001
P008962,E2023,"HAYES-DAVIS, NIGEL",1165.74,1.1758853574566774,-0.06005758186097143,1.2359429393176489,19.631898072398837
P008966,E2023,"TOBEY, MIKE",328.33,-2.026154157634757,-2.9261299933408824,0.8999758357061256,11.78735709886794
P008967,E2023,"THOMAS, MATT",658.94,-2.5431912120684004,-2.8343296962400775,0.2911384841716772,14.874533778899652
P008985,E2023,"BOLMARO, LEANDRO",593.4300000000001,-1.571417925467209,-1.0050059785562937,-0.5664119469109152,18.471768839187952
P008987,E2023,"LEDAY, ZACH",871.77,1.7450055271457305,-0.7877794464164553,2.532784973562186,17.420664011194113
P009005,E2023,"DECK, GABRIEL",594.22,2.132214590114447,1.7781793333395206,0.35403525677492637,18.450748561202648
P009035,E2023,"BOLOMBOY, JOEL",840.93,2.9148533030525825,4.713773686070825,-1.7989203830182423,22.327780670356034
P009048,E2023,"MILLER-MCINTYRE, CODI",1150.83,0.9053622394626919,1.14709957521137,-0.24173733574867806,19.993827031777382
P009101,E2023,"FERRANDO, GUILLEM",49.27,-3.4221131585272255,-2.796577420370471,-0.6255357381567545,13.458020139064132
P009212,E2023,"VUKCEVIC, TRISTAN",111.93,3.699131046908254,3.7456696665728106,-0.04653861966455636,19.67101715735433
P009213,E2023,"NDIAYE, ELI",256.75,1.8942866266830496,1.4276654986845352,0.4666211279985143,13.367564586287607
P009513,E2023,"HOLLATZ, JUSTUS",249.85,0.48518294336870305,-0.943901024421591,1.429083967790294,12.373527700894964
P009549,E2023,"CORDINIER, ISAIA",691.43,0.46774396614203306,1.1290564912768155,-0.6613125251347824,18.458838641646263
P009622,E2023,"BROWN, LORENZO",1113.6299999999999,-3.5773636257896313,-5.019109928122438,1.4417463023328065,17.871079872908634
P009664,E2023,"WILLIS, DEREK",599.07,2.996189371687778,1.7685134916808005,1.2276758800069776,15.919548351607279
P009754,E2023,"LOYD, JORDAN",450.13,-1.7628678764606591,-1.0986027758231773,-0.6642651006374818,16.012358290146153
P009783,E2023,"COLSON, BONZIE",1138.5,3.643146213514267,3.6642193535437464,-0.021073140029479576,19.54693473246516
P009846,E2023,"BRYANT, ELIJAH",520.23,2.622911242914874,1.4576974555025406,1.1652137874123334,20.587328355864926
P009849,E2023,"DORSEY, TYLER",668.96,-2.4549587794722583,-2.175770931635407,-0.27918784783685124,17.12557046680985
P009862,E2023,"PUNTER, KEVIN",815.54,-3.9063392385085303,-4.077957193424294,0.17161795491576393,19.233325322933027
P009863,E2023,"BALDWIN IV, WADE",826.6,-1.1486340355282114,-1.918139521369787,0.7695054858415754,26.55825455013825
P009917,E2023,"HOLLINS, AUSTIN",96.67,-5.7649728938149,-4.740330788948275,-1.0246421048666245,10.011077775756867
P009960,E2023,"POYTHRESS, ALEX",385.95,1.0087317862164296,0.32949595737898507,0.6792358288374445,15.163861850309917
P009992,E2023,"BRIZUELA, DARIO",441.23,-6.857425322683222,-6.797171950487594,-0.06025337219562765,11.989133392750038
P010184,E2023,"BUTKA, DOVYDAS",11.299999999999999,-1.337243413820049,-1.2648916365941547,-0.07235177722589439,15.89289008228305
P010357,E2023,"YABUSELE, GUERSCHON",636.88,3.9900244362268062,6.473266585703829,-2.483242149477023,23.136574023121952
P010390,E2023,"HAYES, KEVARRIUS",634.65,2.059691240434633,1.1217386814953432,0.93795255893929,16.074155946584227
P010391,E2023,"WEILER-BABB, NICK",739.52,1.3088065898185284,0.9429682024959312,0.3658383873225971,14.066226732130387
P010392,E2023,"LARENTZAKIS, GIANNOULIS",485.14,-5.5078349396932165,-5.832306696835219,0.3244717571420025,12.59335999275063
P010393,E2023,"PRADILLA, JAIME",421.79,2.752924764679198,3.7452651058980044,-0.9923403412188064,14.658921531953668
P010400,E2023,"ONCEL, RIDVAN",10.19,0.9241166502545068,0.5899314397224278,0.33418521053207906,15.689977912316031
P010444,E2023,"COSTELLO, MATTHEW",732.46,0.4463849244502829,1.362819108544135,-0.9164341840938521,18.317851507769866
P010516,E2023,"GAZI, ERTEN",87.46,-11.163308403596226,-10.705993772432752,-0.4573146311634736,6.235349760792188
P010560,E2023,"PIERRE, DYSHAWN",534.53,0.9800148134100154,0.9308740416851414,0.049140771724873966,16.34103772265788
P010568,E2023,"JONES, CHRIS",851.24,1.1851320873334161,-0.6151112085400319,1.800243295873448,20.23556480610372
P010588,E2023,"BROWN, JOHN",910.38,-1.8299055481219424,-1.1497201080905333,-0.6801854400314091,13.746193180939946
P010612,E2023,"CANAAN, ISAIAH",945.33,-1.8543395040348543,-2.348532798314797,0.49419329427994274,14.855479768262754
P010623,E2023,"ALOCEN, CARLOS",105.64,-4.791559622999636,-5.156359580178779,0.3647999571791428,11.908571611350435
P010631,E2023,"TANOULIS, GEORGIOS",1.08,-0.222576546409872,-0.2592606114244898,0.03668406501461778,17.10406278351903
P010641,E2023,"NNAJI, JAMES",107.48,6.072409276476913,6.359393012562476,-0.2869837360855635,19.32175952457154
P010750,E2023,"DE LARREA, SERGIO",16.53,-3.682793334336236,-3.6328469060081114,-0.04994642832812446,14.149821214778198
P010754,E2023,"MARI, LUCAS",2.43,1.213528865687837,1.1568724039246863,0.05665646176315063,17.659656996564514
P010781,E2023,"LUNDBERG, IFFE",675.33,-3.2656167786326997,-3.359187037223564,0.09357025859086443,17.55236952801788
P010791,E2023,"KOUMADJE, KHALIFA",464.38,5.938593278821961,6.641584229978573,-0.702990951156612,20.923630649842487
P010868,E2023,"DIAGNE, ISMAILA",6.180000000000001,-1.099174520570501,-1.0973378063041554,-0.0018367142663456015,14.775651404766466
P010985,E2023,"TOPIC, NIKOLA",30.75,-0.5512359392171295,-1.7145727976562963,1.1633368584391668,15.976127465836354
P011050,E2023,"KOPRIVICA, BALSA",115.67,2.511903742207932,2.420602319458708,0.09130142274922412,18.031616201410042
P011051,E2023,"SMAILAGIC, ALEN",491.6,2.189345014438901,1.2824089356461963,0.9069360787927045,16.039348658144192
P011052,E2023,"MADAR, YAM",405.57,-1.3844162106414495,-1.9543830823885102,0.5699668717470607,14.81274337116147
P011064,E2023,"MANNION, NICCOLO",110.39,-5.3463725877410955,-4.285748720406313,-1.0606238673347823,14.681680052084719
P011078,E2023,"THOMPSON, DARIUS",909.36,-5.93642315153845,-5.106257163603993,-0.830165987934457,15.067843649597867
P011085,E2023,"ROGKAVOPOULOS, NIKOLAOS",390.49,0.5885284183554753,2.2931191529798416,-1.7045907346243663,15.186606589651376
P011157,E2023,"MOTLEY, JOHNATHAN",674.03,2.830698002072352,3.0090832149133115,-0.17838521284095932,24.86838839083511
P011192,E2023,"SMITH, JALEEN",274.17,0.07994553385924968,-0.057753425528685065,0.13769895938793475,15.952317572649072
P011193,E2023,"BLATT, TAMIR",717.4,-3.0350854566742953,-2.52300373302024,-0.5120817236540549,16.600047303839126
P011194,E2023,"PETRUSEV, FILIP",343.69,3.308184067396872,2.2505252082062173,1.0576588591906546,19.40291344442765
P011196,E2023,"HALL, DONTA",517.64,8.693210587932901,8.978131272449955,-0.284920684517055,22.357487640305198
P011199,E2023,"NEBO, JOSH",925.37,8.389283083019846,8.684339250695112,-0.2950561676752661,27.081813068607534
P011201,E2023,"HAZER, SEHMUS",34.07,-3.1488945372228754,-2.2655217062660014,-0.8833728309568739,12.895343224868379
P011204,E2023,"GRANT, JERIAN",1131.26,1.3027307309276708,0.40125648860514496,0.9014742423225259,15.925863478191529
P011205,E2023,"HALL, DEVON",770.55,-0.6524267819427807,-1.0102873032390365,0.35786052129625573,15.356818868713
P011209,E2023,"KALAITZAKIS, PANAGIOTIS",178.18,0.2921203499354363,0.015590432398329968,0.2765299175371063,15.130054878704808
P011212,E2023,"OKOBO, ELIE",918.84,-2.2044801437954376,-4.245755419713899,2.0412752759184616,16.576575974793002
P011214,E2023,"RIVERO, JASIEL",625.16,3.1441783999190522,3.5328873024638963,-0.3887089025448442,21.41441704749035
P011218,E2023,"EVANS, KEENAN",931.1899999999999,1.433184103969909,1.4886404642184932,-0.05545636024858425,25.80405033617287
P011219,E2023,"SORKIN, ROMAN",504.32,-3.1075368508798347,-1.0834181032733117,-2.024118747606523,16.628406582866866
P011221,E2023,"ANTETOKOUNMPO, KOSTAS",224.34,4.797959293244871,4.918706095034516,-0.1207468017896447,18.033170950724866
P011224,E2023,"NAPIER, SHABAZZ",645.85,-6.945896107942586,-7.351906221589964,0.40601011364737816,17.066271591014416
P011225,E2023,"LEE, PARIS",923.48,-3.38746907914462,-2.651011898600285,-0.736457180544335,19.39351884370784
P011226,E2023,"DIALLO, ALPHA",1023.89,2.185546169400622,1.5774629706493783,0.6080831987512435,17.51851041130191
P011231,E2023,"BLOSSOMGAME, JARON",763.99,0.12489642135927337,-0.49019457044948167,0.615090991808755,13.62154500186125
P011244,E2023,"DA SILVA, OSCAR",542.33,1.1469800566440709,1.0661101520539336,0.08086990459013743,12.219386711126841
P011386,E2023,"YAACOV, NOAM",261.43,-5.513431716302408,-6.478269899789248,0.9648381834868391,7.771570334942046
P011433,E2023,"MAYER, OMER",15.29,-3.0965821136347933,-2.750531868890866,-0.3460502447439274,14.995911754342124
P011442,E2023,"SAMONTOUROV, ALEXANDROS",1.37,0.8360556650139591,0.8571012931169304,-0.02104562810297124,18.23891354600082
P011631,E2023,"RAPIEQUE, ELIAS",26.48,-2.0987279125302796,-1.6001568567436577,-0.49857105578662175,18.09676364767634
P011649,E2023,"GONZALEZ, HUGO",26.490000000000002,-3.751885742760012,-3.897929249390897,0.14604350663088494,13.035644447451206
P011666,E2023,"SARR, DAME",2.9400000000000004,-2.412622267618117,-2.4728587023316497,0.06023643471353296,15.629285663086296
P011826,E2023,"GUY, KYLE",85.17,-5.335062183997763,-4.200336202739541,-1.134725981258223,13.441046963104732
P011926,E2023,"KAMAGATE, ISMAEL",23.64,-0.884164869501918,-1.2403285897559924,0.35616372025407445,15.924285556115363
P011934,E2023,"WETZELL, YANNI",539.43,-2.2795107548139946,-1.5002976327998376,-0.7792131220141568,14.464255143108868
P011941,E2023,"GILLESPIE, FREDDIE",241.67,4.586545941511336,4.483725622067993,0.1028203194433423,13.255125314362115
P011948,E2023,"HOWARD, MARKUS",898.44,-6.151555326699196,-5.751740478098777,-0.39981484860041827,18.958453854170607
P011964,E2023,"ILIC, DALIBOR",132.34,2.2878326176441064,2.727285874259573,-0.4394532566154665,13.983294594809777
P011965,E2023,"MITROU-LONG, NAZ",165.76,-7.463062065296743,-8.733443527102983,1.27038146180624,9.064112982232478
P011970,E2023,"HARPER, JARED",362.0,-9.420470102367766,-7.331545450111878,-2.088924652255888,16.123113996013213
P011971,E2023,"WEBB III, JAMES",613.36,3.177637567208669,2.3082398702109743,0.8693976969976949,15.488503232811066
P011980,E2023,"SESTINA, NATHAN",402.06,1.391889722357785,1.3904987460674172,0.0013909762903677736,11.570088567418445
P011981,E2023,"JONES, TYRIQUE",596.21,4.543446844712328,6.803950113945662,-2.260503269233334,21.040890918197242
P011982,E2023,"OJELEYE, SEMI",598.95,1.836381823303383,3.493962299087843,-1.65758047578446,24.449357845565636
P011983,E2023,"BRAZDEIKIS, IGNAS",293.27,-4.5315725635875825,-4.12377166332383,-0.4078009002637521,11.007396104859522
P011987,E2023,"EDWARDS, CARSEN",775.8,-8.524035017565812,-8.9955549825458,0.4715199649799876,14.534001674078674
P012023,E2023,"PAPAS, GEORGE",6.33,-2.025503168965578,-1.9434419619307481,-0.08206120703482989,16.259556721133297
P012044,E2023,"DOS SANTOS, YAGO",554.64,-2.8935645927018347,-1.9794835016803571,-0.9140810910214774,18.22204366698965
P012080,E2023,"LUWAWU-CABARROT, TIMOTHE",787.79,-5.979215613338107,-2.327225134754408,-3.6519904785836994,15.91466300156355
P012095,E2023,"THOMASSON, JOE",26.75,-2.193602118072634,-2.8344978999280204,0.6408957818553863,15.84914135035979
P012096,E2023,"CABOCLO, BRUNO",523.45,4.413330553430681,4.928331266614669,-0.5150007131839883,20.99427165956869
P012123,E2023,"KHARCHENKOV, IVAN",35.089999999999996,-3.5881786385515264,-3.734225972483333,0.14604733393180636,13.094075550803934
P012197,E2023,"JAKUCIONIS, KASPARAS",1.57,0.11329221059304045,0.07410245626388329,0.03918975432915717,17.415365424417676
P012201,E2023,"MONEKE, CHIMA",840.99,6.076091281139481,6.01138020463228,0.06471107650720187,28.320044491607884
P012365,E2023,"HRABAR, VIT",0.8,-1.0105549510640397,-1.0164353796588836,0.005880428594843987,16.75474867220341
P012415,E2023,"TUNCA, MELIH",4.880000000000001,-1.3282257101376915,-1.2409063031364829,-0.08731940700120862,15.340185604100911
P012515,E2023,"TARPEY, TERRY",59.89,-1.1903036786240824,-0.7252248636589563,-0.46507881496512593,11.563441529539705
P012709,E2023,"WALKER, KEMBA",286.62,-1.601776749264117,-1.0685065544350814,-0.5332701948290356,16.887069127717407
P012710,E2023,"OSMANI, ERCAN",308.65,4.01376035854479,1.2644930754390311,2.749267283105759,14.11691830700625
P012711,E2023,"SIMONOVIC, MARKO",82.78,-3.036909171735318,-3.204848799235078,0.16793962749975966,12.303745848331893
P012712,E2023,"HERNANGOMEZ, JUANCHO",508.53999999999996,-0.8863582960879239,-1.195370155670076,0.30901185958215205,14.67262409399235
P012713,E2023,"MASCOLO, BRUNO",9.77,-1.2802892394879124,-1.4752612071194937,0.1949719676315814,15.38561233632234
P012714,E2023,"CACOK, DEVONTAE",135.91,5.58294874274007,4.563419009292316,1.0195297334477549,17.50192304759486
P012715,E2023,"MANEK, BRADY",527.71,2.5828023268276166,1.2613434124130345,1.321458914414582,15.052936333909134
P012720,E2023,"BROWN, STERLING",699.55,-4.570594604359815,-4.437323896732411,-0.13327070762740467,14.719377982812961
P012721,E2023,"BEAN, JUSTIN",416.64,-1.0264566904646861,1.165331449285629,-2.191788139750315,15.734125631306332
P012724,E2023,"MESTOGLU, HAMZA",2.42,-0.5205463708335873,-0.4097117784606467,-0.11083459237294066,16.880283793771756
P012729,E2023,"SCOTT, MIKE",644.6,-1.6094741388716025,0.3013734741813869,-1.9108476130529894,17.363522248399278
P012730,E2023,"EGBUNU, JOHN",223.08,-1.8128819183369123,0.6084008542439414,-2.4212827725808537,13.274974205020749
P012731,E2023,"NDIAYE, MBAYE",348.43,1.5183142421949203,2.2759105756862805,-0.7575963334913602,16.254217305171608
P012732,E2023,"JACKSON, FRANK",120.89,-2.7347866204338533,-1.263640509661941,-1.4711461107719122,15.432471665345211
P012738,E2023,"REUVERS, NATHAN",431.26,-2.7640381043028146,-3.91033950702485,1.1463014027220355,9.955348917965033
P012739,E2023,"TOURE, BOUBACAR",288.03,6.481712497286985,3.7614807516759523,2.720231745611032,16.310281849749
P012740,E2023,"ROBERTSON, KASSIUS",471.29,-5.843459065787194,-8.005139521077396,2.161680455290202,6.317069555143804
P012742,E2023,"DOZIER JR, PERRY",693.09,-0.9191284482322077,-0.9101539418409001,-0.00897450639130759,18.621945385968935
P012743,E2023,"KAMINSKY, FRANK",516.43,4.948630473832177,6.307855723611198,-1.359225249779021,21.23335766617151
P012744,E2023,"CLEVELAND, ANTONIUS",552.31,-0.8132359017473139,-0.06930591582807955,-0.7439299859192343,13.442808888654326
P012745,E2023,"PARKER, JABARI",912.14,0.7169217776486918,-0.4793258810355556,1.1962476586842474,16.093503533264276
P012765,E2023,"CHIOZZA, CHRIS",268.73,-4.343883466815347,-4.581055210550741,0.23717174373539462,11.95692964000245
P012774,E2023,"NUNN, KENDRICK",960.76,-3.190659209387018,-7.070759621636056,3.880100412249038,17.128170996415875
P012784,E2023,"MONTVILA, NEDAS",3.36,0.7724216016059395,0.7694065127738854,0.003015088832054133,17.887757993015708
P012786,E2023,"DAUM, MIKE",218.1,-0.9526396296464217,0.5317104454939405,-1.4843500751403622,15.997732367677155
P012787,E2023,"SUMNER, EDMOND",308.99,-4.434765372578106,-4.8396059022864195,0.40484052970831375,13.90957888006578
P012788,E2023,"OTURU, DAN",340.25,6.937204790529407,5.657780399861589,1.2794243906678173,21.553387089513013
P012795,E2023,"ANDERSON, JUSTIN",335.53,-4.647656420654424,-3.123968328587266,-1.5236880920671578,10.306703708488747
P012800,E2023,"MCGRUDER, RODNEY",126.9,-1.1250381095757553,-0.371610734246558,-0.7534273753291973,15.376283235602044
P012801,E2023,"SMART, JAVONTE",210.13,-10.506571061000596,-9.11683097557492,-1.3897400854256758,13.055424067836404
P012878,E2023,"WRIGHT, MOSES",236.09,8.420262169494581,8.32548097469449,0.09478119480009095,25.73381732916214
PBCN,E2023,"BELINELLI, MARCO",796.47,-5.264112101273076,-4.708108298941639,-0.556003802331437,16.251384503840733
PBMT,E2023,"FERNANDEZ, RUDY",369.5,1.8744187689316139,2.015930198428427,-0.14151142949681317,13.735630811838346
PCVM,E2023,"RODRIGUEZ, SERGIO",486.34,-4.20707395689576,-2.918360812733324,-1.2887131441624362,12.840465712996052
PJDR,E2023,"TEODOSIC, MILOS",569.71,1.0616169071528194,-0.5279296253659191,1.5895465325187386,20.20109997783832
PKIR,E2023,"KAHUDI, CHARLES",501.57,-3.1677868860095795,-2.8700851085195738,-0.2977017774900057,10.653587556158225
PLCZ,E2023,"MOTIEJUNAS, DONATAS",692.6,2.671771154657111,2.5653070659831902,0.10646408867392065,22.06520144607381
PLFW,E2023,"RUBIO, RICKY",224.70000000000002,-1.6306089160300068,-0.40159771596604443,-1.2290112000639624,18.136367927804443
PLHK,E2023,"PLEISS, TIBOR",414.39,2.5330497083094228,1.1895888575739502,1.3434608507354724,17.669236700087684
PLUO,E2023,"LAZIC, BRANKO",303.19,-3.497026119924086,-3.685551201048901,0.18852508112481464,6.569802490533256
PTGB,E2023,"LLULL, SERGIO",595.97,-6.417202058753384,-7.0167081186840035,0.5995060599306195,12.254664232880877
P000229,E2024,"JACKSON, EDWIN",330.59000000000003,-9.526722071322551,-7.288564996836644,-2.2381570744859065,7.6380748883116265
P000796,E2024,"MIROTIC, NIKOLA",824.64,4.707084290090458,5.244733048972846,-0.537648758882388,30.378178173297826
P000848,E2024,"NEDOVIC, NEMANJA",501.51,-2.0538735215647015,-2.912256803603377,0.8583832820386755,17.83657572801467
P000925,E2024,"VESELY, JAN",508.17,1.3565731514177481,3.9040544050202364,-2.5474812536024882,21.192887952641698
P001133,E2024,"SHENGELIA, TORNIKE",768.75,-0.7487224262182528,-0.7184279481537945,-0.03029447806445823,24.55122724162084
P001255,E2024,"PAPANIKOLAOU, KOSTAS",713.23,0.709475891075815,0.7662374699448611,-0.05676157886904615,13.783159335191893
P001288,E2024,"LUCIC, VLADIMIR",411.2,3.262250938028198,2.1413648257281404,1.1208861123000577,18.170732915019766
P001392,E2024,"CAUSEUR, FABIEN",462.41,3.7672598432565136,4.5167312830969735,-0.74947143984046,18.57875689649562
P001518,E2024,"RICCI, GIAMPAOLO",483.61,0.7736703128077318,2.676312182436675,-1.902641869628943,10.090434821469994
P001557,E2024,"GIFFEY, NIELS",454.79,-0.6367387879366772,0.8976075659429913,-1.5343463538796684,12.705489763979351
P001844,E2024,"HACKETT, DANIEL",481.03,-2.110057059642413,-1.7029503423804417,-0.4071067172619714,9.24027789642205
P001926,E2024,"SLOUKAS, KOSTAS",848.08,-2.3076330083092826,-0.7272708518707803,-1.5803621564385022,21.906251230020782
P001932,E2024,"CALATHES, NICK",227.75,-4.061346752342788,-2.889599404237538,-1.17174734810525,12.35355809659223
P002084,E2024,"POLONARA, ACHILLE",536.03,-0.7819595796464943,-1.428008992058386,0.6460494124118917,15.170477282766699
P002100,E2024,"DE COLO, NANDO",658.98,-3.554724899804438,-2.7661800885470815,-0.7885448112573563,24.360165835935206
P002328,E2024,"GRIGONIS, MARIUS",45.83,-4.839260315926692,-4.958600435833155,0.1193401199064631,14.872650799959565
P002329,E2024,"ULANOVAS, EDGARAS",760.5,1.631863186572311,-0.33377328897721287,1.965636475549524,14.931875265727022
P002553,E2024,"MITROVIC, LUKA",313.61,4.698634372431781,4.711104813001409,-0.012470440569628538,22.071223292855837
P002581,E2024,"JAITEH, MAM",453.82,5.266179087436035,6.2426335272311615,-0.9764544397951267,23.27268546848814
P002676,E2024,"BUTKEVICIUS, ARNAS",726.43,1.677020496181417,1.7414290705983437,-0.06440857441692671,12.546590353881278
P002849,E2024,"MELLI, NICOLO",656.52,6.010367377613311,4.799423463445883,1.2109439141674274,15.87384162501732
P002939,E2024,"SATORANSKY, TOMAS",924.51,-0.06724404741754164,0.4176500353362814,-0.48489408275382306,16.484835351688226
P002968,E2024,"SANLI, SERTAC",431.3,1.2201802473152192,2.279841576190244,-1.059661328875025,16.42928414484868
P002969,E2024,"MAHMUTOGLU, MELIH",33.019999999999996,-3.5619406796073383,-2.700888431591398,-0.8610522480159399,14.80137322326044
P003048,E2024,"DUNSTON, BRYANT",533.76,4.829703363507247,3.6081724243226097,1.2215309391846372,14.341199612089914
P003091,E2024,"BIRSEN, METECAN",6.9,0.5056815728771787,0.5413473458739491,-0.035665772996770345,18.043766755454662
P003108,E2024,"HEZONJA, MARIO",1028.36,-0.10987422445701167,0.3597704110986979,-0.46964463555570957,20.816830325568173
P003196,E2024,"HERNANGOMEZ, WILLY",538.44,6.451993181584704,6.366174736935721,0.08581844464898244,25.638867655783002
P003210,E2024,"LEKAVICIUS, LUKAS",97.5,-9.072139122580177,-9.077604148491606,0.005465025911429333,8.34875274004103
P003469,E2024,"VEZENKOV, SASHA",1154.94,6.177344459330401,7.021012329922639,-0.8436678705922382,30.12803693097527
P003478,E2024,"ABRINES, ALEX",629.24,0.12964453553107125,-0.5562045307054166,0.6858490662364879,10.817945623057025
P003526,E2024,"LIGHTY, DAVID",641.59,-2.553422924304284,-2.743796158208009,0.19037323390372496,8.048758297924868
P003583,E2024,"IBAKA, SERGE",357.21,1.1957187429080796,-0.010329537449617954,1.2060482803576975,19.091618000826983
P003733,E2024,"ABALDE, ALBERTO",735.97,4.301123536582571,2.428265800222409,1.8728577363601624,14.460900111437136
P003842,E2024,"LESSORT, MATHIAS",483.6,6.4073794236963115,8.53277882673593,-2.1253994030396184,29.076214301161933
P003941,E2024,"MILUTINOV, NIKOLA",576.0,7.280816631279147,5.976652565305308,1.304164065973839,27.291240630411394
P004004,E2024,"GUDURIC, MARKO",793.38,2.4138731913974953,-0.47095503207224326,2.8848282234697384,21.053615109089193
P004007,E2024,"DOBRIC, OGNJEN",299.15,-4.904040228045989,-4.90117480583092,-0.002865422215069441,10.544603948786431
P004058,E2024,"JARAMAZ, OGNJEN",222.46,-4.9769962055562065,-6.764454531514688,1.7874583259584815,9.206967270849418
P004088,E2024,"OSMAN, CEDI",773.08,0.7523381147966716,0.933994327655836,-0.18165621285916442,17.190725553394994
P004132,E2024,"THEIS, DANIEL",342.08,4.23396964430437,3.875947094793007,0.3580225495113635,21.011759559713408
P004194,E2024,"LAUVERGNE, JOFFREY",384.65,5.351248960821868,4.22693178638259,1.1243171744392781,24.365786993001347
P004197,E2024,"OUATTARA, YAKUBA",520.23,-5.996732794382596,-5.992760912851961,-0.00397188153063549,8.720762726985317
P004233,E2024,"MENCO, RAFI",124.25999999999999,0.3156950376833531,0.05787716126054492,0.2578178764228082,13.95201402906494
P004508,E2024,"OBST, ANDREAS",859.05,-4.061884986051061,-3.457847450455883,-0.6040375355951781,12.271392175755283
P004512,E2024,"KRATZER, LEON",257.09,-0.17650469869464724,0.0077169339313249985,-0.18422163262597224,5.289643132426289
P004554,E2024,"ZIZIC, ANTE",411.84,3.6186046919709347,2.385041046304921,1.2335636456660137,21.89918464004006
P004761,E2024,"MARINKOVIC, VANJA",481.12,-6.416885736386515,-3.1342141871309503,-3.2826715492555647,10.54666620690753
P004790,E2024,"CORNELIE, PETR",168.15,2.4840634158152395,3.5053143438798524,-1.021250928064613,16.143496797158694
P004866,E2024,"KALINIC, NIKOLA",951.51,1.8662175970135453,1.0348303574393432,0.8313872395742021,17.126683213814516
P004887,E2024,"POIRIER, VINCENT",833.12,4.432037836139163,5.387413845459836,-0.9553760093206732,24.27220364600277
P004888,E2024,"CLYBURN, WILL",658.34,0.289103916495807,-0.13704423553667333,0.42614815203248035,21.743385112427276
P005145,E2024,"COHEN, JAKE",218.67,-2.0612886485817126,-2.1372599670636796,0.0759713184819672,12.95659668672327
P005161,E2024,"PAPAPETROU, IOANNIS",274.90999999999997,-6.280851338464554,-4.921126958455748,-1.359724380008807,11.119678499261434
P005216,E2024,"MCCOLLUM, ERRICK",331.96,3.7444780808393388,0.7173197984765532,3.0271582823627856,22.800441397717623
P005353,E2024,"YURTSEVEN, OMER",451.96,4.07968275773069,2.777948436545554,1.301734321185136,24.1482691973297
P005460,E2024,"HARRIS, ELIAS",274.95,1.207055281141097,1.1031952947652788,0.10385998637581834,17.839388361536482
P005504,E2024,"BIRUTIS, LAURYNAS",442.74,4.739234351302916,3.417756233980126,1.3214781173227899,16.819985013373074
P005670,E2024,"FLACCADORI, DIEGO",112.68,-3.9088610863756528,-3.747157875187426,-0.16170321118822656,10.574001627600635
P005738,E2024,"GRAZULIS, ANDREJS",274.36,-2.435323360133912,-2.8954742959715314,0.46015093583761946,10.708619153109582
P005763,E2024,"KORKMAZ, FURKAN",35.95,0.8895544259482921,1.215503168173445,-0.3259487422251528,17.42463160101584
P005791,E2024,"TAVARES, WALTER",930.55,5.191895694995138,6.324192687152207,-1.1322969921570696,25.393118884244434
P005793,E2024,"SY, BANDJA",473.04,-0.09658981366990457,0.1876833641275755,-0.28427317779748007,11.393408254498995
P005844,E2024,"PAPAGIANNIS, GEORGIOS",478.74,3.530448687215765,3.424333512492219,0.10611517472354604,20.611809562425446
P005928,E2024,"CAMPAZZO, FACUNDO",1003.87,0.3762394628916358,0.7279426167274473,-0.3517031538358115,26.31548884031463
P005985,E2024,"JAMES, MIKE",1203.04,-1.508093633481154,-1.734730168987829,0.22663653550667484,23.27547785651868
P006085,E2024,"DIMITRIJEVIC, NENO",454.93,-11.588080930161908,-8.56679928259254,-3.0212816475693693,15.80177439705567
P006240,E2024,"PLAVSIC, UROS",114.3,4.0235356647339975,3.8999201246196327,0.1236155401143646,16.280348418843225
P006251,E2024,"SCHNEIDER, TIM",627.72,-3.9623814385111094,-3.188502111059297,-0.7738793274518123,10.235913079423547
P006273,E2024,"VISCONTI, RICCARDO",2.25,0.831484283921645,0.831485465652121,-1.1817304760297631e-06,17.690744901301745
P006372,E2024,"YILMAZ, ERKAN",56.470000000000006,8.636270717513922,8.893898883294991,-0.25762816578107,20.76358833104176
P006435,E2024,"LAPROVITTOLA, NICOLAS",88.1,2.00314095909672,1.9191093446497067,0.08403161444701307,20.46187488653963
P006436,E2024,"GIEDRAITIS, ROKAS",537.21,2.2517650629017476,0.7626538083588374,1.4891112545429104,13.384721938070815
P006509,E2024,"TONUT, STEFANO",415.98,-1.441910391526066,0.38129817159444584,-1.823208563120512,12.730878456835736
P006540,E2024,"MUSA, DZANAN",762.51,-0.2846236439813634,-1.726515172571375,1.4418915285900116,22.270905457511336
P006544,E2024,"MORAITIS, DIMITRIS",4.12,-0.7997436942648372,-0.5818496726954012,-0.21789402156943594,17.75719041642435
P006568,E2024,"FALL, YOUSSOUPHA",302.89,6.220863559408406,5.000164182284502,1.220699377123904,19.183595190146452
P006590,E2024,"BEAUBOIS, RODRIGUE",622.74,1.6519959476298984,1.422008336001775,0.22998761162812353,17.224560237648536
P006591,E2024,"NTILIKINA, FRANK",418.12,-2.0158620903983246,-1.0819736118116954,-0.9338884785866293,13.295913429626543
P006640,E2024,"OZDEMIROGLU, DOGUS",57.5,-2.9370859671429703,-2.916515225052529,-0.020570742090441407,13.26272168989272
P006661,E2024,"WILBEKIN, SCOTTIE",2.08,-1.4452921590938288,-1.477927318630852,0.0326351595370231,16.93650730954255
P006701,E2024,"BORTOLANI, GIORDANO",31.42,-1.2250166644140914,-0.9668601618570906,-0.25815650255700096,18.32962004381451
P006721,E2024,"CARUSO, GUGLIELMO",171.21,0.26975325871858713,1.7929577801810586,-1.5232045214624714,15.223917503624877
P006739,E2024,"PAJOLA, ALESSANDRO",708.48,-0.2572805203184113,-0.1301166459490155,-0.1271638743693958,12.775676165344972
P006760,E2024,"BONGA, ISAAC",749.41,0.05898793148828685,1.4210439927964016,-1.3620560613081147,15.833200299217225
P006835,E2024,"HOARD, JAYLEN",735.37,2.037805900078366,3.7090628067860982,-1.6712569067077323,22.22832836486599
P006919,E2024,"OLINDE, LOUIS",438.45,-3.2303335339160744,-3.698620883362021,0.46828734944594647,11.976745595984964
P006961,E2024,"BIBEROVIC, TARIK",831.96,0.3452753007506364,-0.39508993502786827,0.7403652357785047,15.203312015706791
P007025,E2024,"MATTISSECK, JONAS",386.53,-9.721628175713175,-8.714751596246597,-1.0068765794665775,4.622281598582006
P007027,E2024,"MALEDON, THEO",910.58,-0.5944270201902023,-0.8392903045966897,0.2448632844064874,28.586434192402482
P007029,E2024,"SIRVYDIS, DEIVIDAS",562.42,0.037077273816409906,-0.2463821907800735,0.2834594645964834,16.981490091117575
P007032,E2024,"LO, MAODO",498.01,-6.254261401664594,-5.672937578608966,-0.5813238230556272,18.342299737726965
P007056,E2024,"BOOKER, DEVIN",735.25,0.11112394206859677,2.017323206131315,-1.9061992640627181,23.81188705915367
P007109,E2024,"SMITS, ROLANDS",707.5,0.48339222786308605,-0.396241353232857,0.879633581095943,15.020283177904773
P007182,E2024,"BIRCH, KHEM",491.97,4.722125319487589,3.725078120161007,0.9970471993265826,15.623897606564697
P007200,E2024,"LARKIN, SHANE",733.56,0.3763099817696398,-1.0281999158929873,1.4045098976626271,22.900425483658168
P007201,E2024,"VOIGTMANN, JOHANNES",851.15,0.47853997213568833,1.0695893472668438,-0.5910493751311555,15.69560917432382
P007230,E2024,"SEDEKERSKIS, TADAS",610.28,-1.1241926616307916,1.9111046161184626,-3.035297277749254,18.653036360531203
P007464,E2024,"PARRA, JOEL",464.35,-1.1496905576691767,0.5313885075662729,-1.6810790652354497,15.041868815731556
P007483,E2024,"DOSSOU-YOVO, MATHIS",29.6,0.7474083123972702,0.37969287921675204,0.3677154331805182,15.191965016652034
P007513,E2024,"GIEDRAITIS, DOVYDAS",720.37,-4.346022126997998,-5.67153853260996,1.3255164056119615,8.641074961490673
P007519,E2024,"JOKUBAITIS, ROKAS",685.01,-1.040931558835129,-0.5196362169280923,-0.5212953419070365,24.41864264933963
P007550,E2024,"SAMAR, ZIGA",190.82999999999998,-5.456928647613841,-5.43060531879341,-0.026323328820431036,14.884567156614185
P007579,E2024,"SAMANIC, LUKA",228.07,0.4788197913393537,-0.9549668476724922,1.4337866390118459,20.9981975375929
P007630,E2024,"GARUBA, USMAN",380.61,3.5062223369185928,2.639616289405685,0.866606047512908,12.16969822966252
P007632,E2024,"NAKIC, MARIO",103.33,-2.337315724903574,-2.7965621870531345,0.45924646214956066,13.224210230453469
P007639,E2024,"BRANKOVIC, DANKO",237.37,1.986051293299252,3.6454325849809743,-1.6593812916817223,19.233715701331192
P007736,E2024,"LAKIC, ARIJAN",125.97999999999999,-0.897754334916574,-2.1821364410125135,1.2843821060959395,11.190718940428814
P007831,E2024,"SHIELDS, SHAVON",771.5600000000001,-1.648651915559404,-0.060459438405897514,-1.5881924771535063,19.056494866857246
P007853,E2024,"MCKISSIC, SHAQUIELLE",624.44,0.7545749830168775,-0.9702518426249809,1.7248268256418584,17.57064583148101
P007855,E2024,"KABA, ALPHA",7.84,1.453107372513237,1.4465259028539807,0.006581469659256392,16.031886741080335
P007866,E2024,"MITOGLOU, KONSTANTINOS",629.71,2.9241123833909453,1.6853177132307164,1.2387946701602288,14.428853470773461
P007870,E2024,"DAVIES, BRANDON",617.66,3.9093673717068453,4.493210001222733,-0.5838426295158881,22.195578221104846
P007929,E2024,"BITIM, ONURALP",102.36,-6.951212101789661,-5.9468503941419035,-1.0043617076477578,10.71792185292599
P007947,E2024,"VILDOZA, LUCA",583.16,-0.832335677011678,-1.4590655612965746,0.6267298842848966,12.660106953214626
P007960,E2024,"DAVIDOVAC, DEJAN",351.36,3.669048520936309,2.1129351497504767,1.5561133711858322,14.819387331970276
P007975,E2024,"FRANCISCO, SYLVAIN",866.69,-2.977317792967488,-4.586442258394147,1.609124465426659,23.636200504978948
P007982,E2024,"WILLIAMS-GOSS, NIGEL",801.71,-3.2505574697463224,-2.713354567834169,-0.5372029019121536,15.225381404396206
P007990,E2024,"DIBARTOLOMEO, JOHN",574.92,-0.5013276253413737,0.6431172152068956,-1.1444448405482692,12.755406072064993
P008062,E2024,"MCDOWELL-WHITE, WILL",419.12,-4.45089499746275,-2.428206357109697,-2.022688640353053,15.196637899056295
P008072,E2024,"DIOP, KHALIFA",462.75,3.2123058062893994,3.1791042370546903,0.0332015692347091,16.29298741209792
P008099,E2024,"STRAZEL, MATTHEW",830.19,-3.720642657366133,-2.8876216348220263,-0.8330210225441064,16.049278820626004
P008104,E2024,"ZAGARS, ARTURS",328.11,-4.824597472148559,-4.654495264357642,-0.1701022077909173,15.997941337876021
P008161,E2024,"BEGARIN, JUHANN",42.62,-3.95699873811066,-4.050412803660839,0.09341406555017862,10.719945773090053
P008173,E2024,"SPAGNOLO, MATTEO",559.94,-7.298500095639999,-7.881909891823322,0.5834097961833231,17.10591669872731
P008174,E2024,"EKSIOGLU, MERT",9.71,-1.8285874523705223,-1.421238473271613,-0.4073489790989094,15.758624247179867
P008211,E2024,"DELOW, MALTE",418.56,-0.8360337061173495,-1.1554679380873865,0.31943423197003695,13.824588603359505
P008232,E2024,"POKUSEVSKI, ALEKSEJ",345.19,-0.08262172155619729,1.0942348624580547,-1.176856584014252,15.384170053590836
P008384,E2024,"PROCIDA, GABRIELE",533.32,-7.5010654052902,-6.900126767198048,-0.6009386380921515,15.424869996460089
P008780,E2024,"HERMANNSSON, MARTIN",522.74,-6.156075949294523,-5.438588005694086,-0.7174879436004368,19.348168844394294
P008811,E2024,"FALL, MOUSTAPHA",608.03,4.825411031995369,3.703128708546459,1.1222823234489099,18.99478647254792
P008829,E2024,"PETERS, ALEC",657.29,5.065128303793204,4.399782674573607,0.6653456292195963,21.298153502829962
P008850,E2024,"RAIESTE, SANDER",133.88,-2.6093454025219267,-1.4982763241309756,-1.1110690783909511,11.154774526073643
P008855,E2024,"WALKUP, THOMAS",526.02,-0.4949159352546054,0.16094051374127583,-0.6558564489958812,14.774094543557881
P008962,E2024,"HAYES-DAVIS, NIGEL",1222.35,1.9957469885282362,1.591066887033986,0.4046801014942504,22.87509257470269
P008967,E2024,"THOMAS, MATT",505.91,-5.011507060619726,-3.5966758340434017,-1.4148312265763245,16.254689089399584
P008985,E2024,"BOLMARO, LEANDRO",560.08,-3.662088583415346,-1.9354362662829336,-1.7266523171324124,16.01151173518074
P008987,E2024,"LEDAY, ZACH",939.91,2.8225665339608765,3.7793824062318726,-0.9568158722709963,27.08780439283987
P008991,E2024,"BLACK, TARIK",289.26,1.4750328600225462,1.7509380249916735,-0.2759051649691274,13.68976690684402
P009005,E2024,"DECK, GABRIEL",654.52,-0.3306346718792776,-0.23475761604534012,-0.09587705583393746,15.014683064939437
P009035,E2024,"BOLOMBOY, JOEL",436.87,6.847145955249556,8.40504923027061,-1.5579032750210535,25.42306082693781
P009048,E2024,"MILLER-MCINTYRE, CODI",888.0699999999999,-2.270898627700361,-3.955532341858343,1.684633714157982,15.878306867082397
P009213,E2024,"NDIAYE, ELI",349.47,1.5239796972655641,1.3081657980356003,0.21581389922996375,13.279815485256199
P009513,E2024,"HOLLATZ, JUSTUS",70.03,-4.832052645411238,-3.9887551287179313,-0.8432975166933067,11.579595754620382
P009549,E2024,"CORDINIER, ISAIA",915.16,-0.8734334782051182,-1.1934572184832668,0.3200237402781486,19.86768456810562
P009622,E2024,"BROWN, LORENZO",566.74,-2.4764889672395407,-0.8184192123848468,-1.658069754854694,19.931125575423856
P009664,E2024,"WILLIS, DEREK",311.22,-2.1067312325196177,-0.1493175285487643,-1.9574137039708535,15.682307928014453
P009754,E2024,"LOYD, JORDAN",741.92,1.0974935567237387,0.020300203995726185,1.0771933527280126,16.971777207048298
P009783,E2024,"COLSON, BONZIE",719.54,-1.58995223989197,-0.9502542524765678,-0.6396979874154023,15.043657010222933
P009818,E2024,"BENTIL, BENJAMIN",117.58,-1.3648511561987564,-1.6462852413215674,0.2814340851228109,14.196519285587389
P009846,E2024,"BRYANT, ELIJAH",1027.24,-0.4607668853021035,-0.6400205916284772,0.17925370632637372,21.01493796011329
P009849,E2024,"DORSEY, TYLER",202.37,-7.80012113180065,-7.411018682454609,-0.3891024493460412,10.877000582591208
P009862,E2024,"PUNTER, KEVIN",1001.84,-0.7101614955291108,-0.8596152862191051,0.14945379068999431,23.713859241049605
P009863,E2024,"BALDWIN IV, WADE",654.06,-5.149482515565529,-4.50740694229095,-0.6420755732745786,18.10052073596014
P009992,E2024,"BRIZUELA, DARIO",660.46,-0.591919696605196,-1.2046712406602493,0.6127515440550533,18.26378595344673
P010106,E2024,"NUNEZ, JUAN",389.44,0.949850479364676,1.0461204064252032,-0.09626992706052712,18.569954777210903
P010316,E2024,"AJINCA, MELVIN",389.56,-5.792522622496423,-4.1540716447500134,-1.6384509777464098,9.496034533373036
P010390,E2024,"HAYES, KEVARRIUS",768.62,4.146327505916423,4.326213753709352,-0.17988624779292917,17.693443238882484
P010391,E2024,"WEILER-BABB, NICK",895.84,6.197728634148703,5.000734089150536,1.1969945449981667,19.289121411228813
P010392,E2024,"LARENTZAKIS, GIANNOULIS",119.37,4.914774642857557,3.537353702225947,1.3774209406316094,19.003868651858063
P010400,E2024,"ONCEL, RIDVAN",13.58,-2.4561357466709546,-2.381167472155749,-0.07496827451520556,16.278206252492545
P010545,E2024,"SAKO, NEAL",725.2,7.084923005573246,8.648035858312717,-1.5631128527394713,21.96907254745286
P010560,E2024,"PIERRE, DYSHAWN",288.75,2.145654398919284,0.4369484617985274,1.7087059371207562,16.691649302014415
P010588,E2024,"BROWN III, JOHN",251.97,0.3857156049907886,0.3778555211474113,0.007860083843377358,16.50390279330086
P010612,E2024,"CANAAN, ISAIAH",735.68,-3.153079222217006,-4.412794424982857,1.2597152027658507,13.221422872580536
P010781,E2024,"LUNDBERG, IFFE",647.73,-1.6211507792794997,-4.154240554781211,2.533089775501711,12.529761633421293
P010784,E2024,"SAVKOV, PAVEL",26.49,-1.6070540969907654,-2.065037711533477,0.4579836145427114,13.66810551156695
P010788,E2024,"QUEREJETA, JOSEBA",5.25,-2.180080754457754,-2.4884886025195057,0.3084078480617518,16.046353122642312
P010791,E2024,"KOUMADJE, KHALIFA",96.78999999999999,4.187141484697845,4.641706958828006,-0.45456547413016124,20.777878277138594
P011050,E2024,"KOPRIVICA, BALSA",128.99,5.819228022782036,5.319322426180724,0.49990559660131173,19.0789059179794
P011051,E2024,"SMAILAGIC, ALEN",435.12,0.9981060065983893,1.8050126455194386,-0.8069066389210493,20.12423132411067
P011052,E2024,"MADAR, YAM",59.69,-3.1976974931621553,-3.4730508513244462,0.2753533581622908,16.587630196994823
P011064,E2024,"MANNION, NICCOLO",594.67,-3.641086012816268,-5.267237736871477,1.6261517240552092,14.638430716970799
P011078,E2024,"THOMPSON, DARIUS",1026.86,-0.679096369591003,0.012554331014175357,-0.6916507006051783,17.791809689010265
P011085,E2024,"ROGKAVOPOULOS, NIKOLAOS",617.66,5.359118345936011,5.030255284463427,0.32886306147258376,20.13332032739473
P011193,E2024,"BLATT, TAMIR",628.78,-5.070107064167634,-4.782597794418058,-0.2875092697495756,19.002824811545466
P011194,E2024,"PETRUSEV, FILIP",644.65,4.900660476441885,6.334652959333159,-1.4339924828912738,27.56849347499913
P011196,E2024,"HALL, DONTA",731.05,8.373567380443362,7.301915453139566,1.0716519273037957,25.56871267211131
P011199,E2024,"NEBO, JOSH",77.33,0.6758171215996418,1.4105421498390287,-0.7347250282393869,19.22336133851071
P011202,E2024,"SHAYOK, MARIAL",302.09,-1.6256361903168943,-0.9558020148176344,-0.6698341754992599,12.855029138148435
P011204,E2024,"GRANT, JERIAN",1101.45,-0.6277386782108023,-0.09103183549847887,-0.5367068427123235,15.954786854349411
P011205,E2024,"HALL, DEVON",751.11,-0.2524526985759521,-2.284748096624248,2.032295398048296,15.23760579262152
P011209,E2024,"KALAITZAKIS, PANAGIOTIS",235.38,-2.574735239227794,-2.958927632805819,0.3841923935780249,10.044959944415599
P011212,E2024,"OKOBO, ELIE",880.71,0.6244727183268457,-1.838491694298985,2.4629644126258308,20.85109631405625
P011214,E2024,"RIVERO, JASIEL",439.37,1.9140305374675377,2.6148471361175765,-0.7008165986500388,21.52303366178709
P011219,E2024,"SORKIN, ROMAN",770.9,-0.706012419158883,-1.4122936110626778,0.7062811919037948,20.081385539279026
P011221,E2024,"ANTETOKOUNMPO, KOSTAS",27.68,2.2090178477269764,1.9094808289295204,0.299537018797456,17.926681282566598
P011224,E2024,"NAPIER, SHABAZZ",679.89,-1.5583623478526398,0.7585055393720204,-2.31686788722466,21.80933037499917
P011225,E2024,"LEE, PARIS",572.42,-6.889730673380262,-6.756591419154332,-0.13313925422592954,13.457182514140127
P011226,E2024,"DIALLO, ALPHA",929.71,1.0563377880673996,2.3719225659906877,-1.315584777923288,18.30503604525362
P011231,E2024,"BLOSSOMGAME, JARON",962.62,1.0122813440375942,0.5407638896153084,0.4715174544222859,15.36662086743907
P011244,E2024,"DA SILVA, OSCAR",386.5,3.380411075159909,1.1566155081727798,2.223795566987129,15.064498799913881
P011247,E2024,"FELIZ, ANDRES",468.34,1.6454646058070366,0.30859966874384204,1.3368649370631944,14.162083728328298
P011330,E2024,"BUIKA, DOVYDAS",2.62,-0.3353004369141248,-0.3818108230273721,0.04651038611324733,16.84738517012379
P011433,E2024,"MAYER, OMER",65.73,-4.042050431257312,-4.10414773324641,0.06209730198909774,14.293602040415756
P011442,E2024,"SAMODUROV, ALEXANDROS",25.62,3.9706139373733405,3.687521643669991,0.28309229370334965,18.857496148368917
P011626,E2024,"DOERRIES, AMON",34.32,-2.8000209206144016,-2.792243931540223,-0.007776989074178314,14.360323601534422
P011631,E2024,"RAPIEQUE, ELIAS",406.48,-5.840520674087634,-4.083176622926913,-1.7573440511607215,9.020847153210598
P011649,E2024,"GONZALEZ, HUGO",226.35999999999999,-2.869405228673109,-3.3828978776967107,0.5134926490236019,9.58720022722792
P011666,E2024,"SARR, DAME",77.63,2.4698452482688498,2.7347375445692066,-0.26489229630035666,16.939023060058005
P011816,E2024,"AKELE, NICOLA",165.24,1.9716107745806049,2.539761007093499,-0.5681502325128942,15.114155731255103
P011836,E2024,"MIKE, ISIAHA",353.24,-0.3243191616378436,-1.6650351486159578,1.3407159869781142,11.845553495186003
P011925,E2024,"WALLACE, TYRONE",22.35,-5.172085955311391,-5.567553242159369,0.39546728684797855,14.130598007013514
P011934,E2024,"WETZELL, YANNI",583.89,2.980894194593179,3.014079503925417,-0.03318530933223807,21.185978251119483
P011941,E2024,"GILLESPIE, FREDDIE",244.07999999999998,0.7049495248386295,0.09926642835754396,0.6056830964810855,13.162283963491351
P011948,E2024,"HOWARD, MARKUS",714.85,-8.705256063845155,-9.760358127604066,1.0551020637589117,11.79220551777395
P011949,E2024,"HOMMES, DAULTON",72.69999999999999,1.9892984307602344,2.236712035387877,-0.2474136046276424,14.874804088929379
P011965,E2024,"MITROU-LONG, NAZ",12.36,0.642149949327661,0.3750630970828949,0.2670868522447661,16.454954308989883
P011981,E2024,"JONES, TYRIQUE",724.28,7.276895064943083,6.853945196204048,0.4229498687390346,26.94336713999867
P011983,E2024,"BRAZDEIKIS, IGNAS",512.03,-1.9797804034301243,-3.3198027006378275,1.3400222972077032,17.137850540264534
P011987,E2024,"EDWARDS, CARSEN",1008.87,-3.9138343062902585,-5.412205883392592,1.4983715771023336,22.69777220608196
P012044,E2024,"DOS SANTOS, YAGO",568.57,-1.941571304458766,-2.204165939170215,0.26259463471144917,18.26118232370298
P012058,E2024,"NDIAYE, OUSMANE",115.24,-1.627462145397942,-1.342330048650279,-0.2851320967476632,15.837570461615423
P012080,E2024,"LUWAWU-CABARROT, TIMOTHE",648.47,-6.029413918795383,-6.609860520175041,0.5804466013796585,12.463931308079285
P012099,E2024,"GROSBER, DORIAN",5.9,-0.9344289473383142,-0.9941463039396919,0.05971735660137778,15.947862758811173
P012100,E2024,"NUFER, ANTON",22.41,-1.7948605285209644,-1.7536514426812735,-0.04120908583969091,14.123671809150425
P012103,E2024,"GRUJICIC, MATHIEU",2.46,0.21751505742872085,0.26826210597079964,-0.05074704854207879,17.654486298634623
P012113,E2024,"LONATI, ACHILLE",2.43,-1.9774825797637314,-2.0640835904066104,0.08660101064287892,15.707104033565393
P012123,E2024,"KHARCHENKOV, IVAN",161.41,-7.2661501979286,-5.70895716285307,-1.5571930350755296,10.898124272820871
P012126,E2024,"VOLF, IVAN",7.17,-1.2969276756335166,-0.9381865373039332,-0.3587411383295834,17.625069199944978
P012167,E2024,"BOSNJAKOVIC, MITAR",35.769999999999996,-2.8946506739064213,-2.053601551230635,-0.8410491226757865,14.20695784162999
P012168,E2024,"GUEYE, SIDI",4.74,-1.0913215057275039,-1.177504405787287,0.08618290005978321,16.888282090491728
P012181,E2024,"JUZENAS, MANTAS",1.6400000000000001,-0.1861352004296209,-0.21084894207830657,0.024713741648685672,16.222733826821166
P012199,E2024,"DURU, DECLAN",0.95,-0.957704458974846,-0.9713321155649126,0.013627656590066605,16.333617297257092
P012201,E2024,"MONEKE, CHIMA",930.7,1.2941117872243921,2.108284385434376,-0.8141725982099837,25.5058490988242
P012263,E2024,"SISSOKO, YOHANN",34.239999999999995,0.22347570104989423,1.1694374692639466,-0.9459617682140524,14.964829157911971
P012317,E2024,"VILLAR, RAUL",13.97,-2.5192022539163355,-2.4005395213581906,-0.11866273255814491,14.818624779837705
P012515,E2024,"TARPEY, TERRY",266.06,7.7639363419615695,5.9078973667710235,1.8560389751905462,14.66666302288724
P012585,E2024,"MORGAN, MATTHEW",634.37,-2.9091661750972535,-4.095374944402785,1.1862087693055314,16.461563879458723
P012591,E2024,"TUCKER, RAYJON",226.22,-6.084810390281496,-5.5086020706199195,-0.5762083196615766,13.515047103666554
P012597,E2024,"BALDWIN, KAMAR",535.32,-2.955595353799769,-3.1912799960953127,0.23568464229554373,12.857896282437359
P012604,E2024,"WILLIAMS, TREVION",636.72,3.886557158229765,3.251240966993888,0.6353161912358767,21.34987331164907
P012608,E2024,"SHORTS, TJ",1011.19,3.1326335693233385,2.097667898958789,1.0349656703645493,31.86572833283066
P012609,E2024,"MALCOLM, COLLIN",625.48,-2.318042517487573,-2.7285162050507408,0.41047368756316804,15.560564958590316
P012610,E2024,"WARD, TYSON",1001.16,2.155470222162795,1.7227465545037752,0.43272366765902,17.18994393744606
P012611,E2024,"HERRERA, SEBASTIAN",202.02,-1.8572863248085927,-2.7950308229536533,0.9377444981450607,9.83007306191015
P012612,E2024,"SHAHRVIN, ENZO",43.92,0.7778497412099805,0.4037759960639395,0.374073745146041,16.181758380753912
P012613,E2024,"JANTUNEN, MIKAEL",969.48,4.0473832329659345,3.002227623557727,1.0451556094082077,15.118448840705858
P012622,E2024,"MITCHELL, MATTHEW",416.98,-2.9200319025031947,-4.656025242540165,1.7359933400369707,9.301865964172896
P012640,E2024,"HIFI, NADIR",758.77,-6.62495685795352,-6.2063934229451325,-0.41856343500838744,20.691079877217536
P012710,E2024,"OSMANI, ERCAN",646.75,2.4307027331621893,-0.09568954514898256,2.526392278311172,16.670744782267295
P012712,E2024,"HERNANGOMEZ, JUANCHO",1092.86,6.268403704396222,7.772326664368935,-1.5039229599727117,21.937929569403035
P012715,E2024,"MANEK, BRADY",214.47,-0.7882118324667481,-1.342936859686755,0.5547250272200069,11.34886846490318
P012720,E2024,"BROWN, STERLING",875.95,1.0146923267361094,0.7184974482835325,0.29619487845257686,17.755908259806446
P012721,E2024,"BEAN, JUSTIN",256.79,0.15573520502307936,2.5686863298380485,-2.412951124814969,18.97160421020237
P012731,E2024,"NDIAYE, MBAYE",272.64,-0.33445430446169777,-0.24528213266727705,-0.08917217179442072,15.266419778225913
P012742,E2024,"DOZIER JR, PERRY",332.3,2.98519615977316,1.0372288114628405,1.94796734831032,18.711262239551477
P012745,E2024,"PARKER, JABARI",1061.35,-1.096115734610263,-1.2898050149837064,0.19368928037344346,18.19337724730538
P012774,E2024,"NUNN, KENDRICK",1233.06,0.35000777769858304,-1.6514468244597449,2.001454602158328,23.771532163712138
P012786,E2024,"DAUM, MIKE",286.06,-1.1406471854384992,-2.6016692503933787,1.4610220649548795,14.528515428063265
P012788,E2024,"OTURU, DAN",630.32,7.062606104037855,6.138678097238284,0.9239280067995714,25.480445100994224
P012795,E2024,"ANDERSON, JUSTIN",724.12,2.5444240404700724,2.446761032437387,0.09766300803268552,17.28981054477273
P012878,E2024,"WRIGHT, MOSES",230.94,0.631526532147701,0.3702095558059537,0.26131697634174733,19.00307809922676
P013250,E2024,"DeJULIUS, DAVID",168.58,-6.565108512754648,-6.073131312860987,-0.49197719989366084,11.351845506583153
P013363,E2024,"NWORA, JORDAN",622.4,-2.0262259685519624,-2.51973454008135,0.4935085715293879,16.40210225104942
P013364,E2024,"JOHNSON, STANLEY",133.36,-4.560601224515595,-3.8842329362951378,-0.6763682882204571,11.008221915315836
P013365,E2024,"BROWN, VITTO",314.68,0.5940869124985928,-1.2197142862100039,1.8138011987085967,14.008099416798744
P013367,E2024,"FORREST, TRENT",842.55,-1.313910724414947,-1.8159461317313237,0.5020354073163766,18.639731225036446
P013368,E2024,"YEBO, KEVIN",99.53,-1.9431370411277404,-1.077404471019964,-0.8657325701077765,15.480773147687582
P013369,E2024,"JONES, CARLIK",916.8,1.0916115653155356,-0.057024806259416194,1.148636371574952,24.831706005269574
P013370,E2024,"WASHINGTON, DUANE",276.5,-6.221274763319549,-5.935795211575844,-0.2854795517437052,16.066078794576637
P013371,E2024,"HARRISON, SHAQUILLE",555.96,-2.1498031443009635,-0.9949033483258678,-1.1548997959750957,11.66058702688899
P013372,E2024,"SCHOFIELD, ADMIRAL",102.04,-3.145661280321189,-2.489491603351952,-0.6561696769692369,12.318742160750858
P013373,E2024,"CAVALIERE, LEOPOLD",393.67,4.324834439160879,4.465047360949454,-0.14021292178857392,14.278523439054638
P013374,E2024,"DIOUF, MOUHAMET",491.46,3.4554079438299077,4.181805431656125,-0.7263974878262169,19.492237287657833
P013377,E2024,"PAUL, MBIYA",22.57,1.6305757605439783,1.9690306143047633,-0.338454853760785,15.736955749025892
P013378,E2024,"RATHAN-MAYES, XAVIER",275.32,-5.035332545155301,-5.144696208213204,0.10936366305790252,14.091651567084364
P013379,E2024,"METU, CHIMEZIE",480.9,3.920771153571567,2.741145811532286,1.1796253420392806,22.463209960678437
P013380,E2024,"FOURNIER, EVAN",954.3,-4.932850419519015,-4.037450942375667,-0.8953994771433484,19.319812829515417
P013381,E2024,"RAYMAN, WILLIAM",375.89,5.926968502245468,5.779766374385208,0.14720212786026055,12.710665628943882
P013382,E2024,"RANDOLPH, LEVI",914.96,-2.6223652280362293,-1.9388701333971892,-0.6834950946390399,17.50697433017863
P013383,E2024,"GABRIEL, WENYEN",528.83,3.7910897938924863,2.8983342002527053,0.8927555936397811,16.99804186530239
P013384,E2024,"BROOKS, ARMONI",480.38,1.0809944438167978,0.31478768692407555,0.7662067568927222,16.48726466480255
P013385,E2024,"DIOP, OUSMANE",159.81,3.4373282298035948,3.8008465626256465,-0.3635183328220518,16.19983320949195
P013386,E2024,"McCORMACK, DAVID",457.42,4.258981657738229,5.375171840051485,-1.1161901823132565,22.33303194388092
P013389,E2024,"LEE, SABEN",366.68,-3.805952377219464,-1.013385168190891,-2.792567209028573,19.647035797887426
P013396,E2024,"MAYS, SKYLAR",141.81,-6.736507172282531,-5.483070730066167,-1.2534364422163635,14.262762773078466
P013403,E2024,"WALKER IV, LONNIE",423.54,-5.319014660828229,-4.6252749830938455,-0.6937396777343827,19.652516839511982
P013405,E2024,"ROBERSON, ANDRE",646.02,2.186840044114783,2.251124193015687,-0.06428414890090389,16.365350347387608
P013505,E2024,"NETO, RAUL",7.1,1.1004374908772159,1.2140206969754295,-0.1135832060982137,19.130519758712452
P013514,E2024,"MENSAH, NATHAN",5.59,-0.8739647702133483,-1.0162175942552925,0.1422528240419442,15.994683835193706
P013666,E2024,"SMITH JR, DENNIS",20.65,-5.766358422275436,-5.646986456435537,-0.11937196583989855,14.661240498616689
P013667,E2024,"FERNANDO, BRUNO",166.58,-0.7655214270957889,-0.5051036471828554,-0.26041777991293347,16.53867006586429
P013695,E2024,"HOLIDAY, JUSTIN",139.46,-6.231102870712768,-4.779783968204634,-1.4513189025081332,11.897096242203723
P013696,E2024,"BANGO, JILSON",69.97,2.10101986392313,1.666214692741777,0.4348051711813531,17.231738931329666
P013699,E2024,"CLARK III, JIMMY",151.73,0.3186420373984724,-2.053965783328082,2.3726078207265546,18.149917237349953
P013774,E2024,"BAKER II, ROBERT",99.05,1.690358807416109,2.597807555956966,-0.9074487485408571,16.52287699652401
P013775,E2024,"WONG, ISAIAH",85.87,-2.3597255305232006,-2.0007813105261816,-0.3589442199970192,18.34012302231723
PBCN,E2024,"BELINELLI, MARCO",412.08,-9.206649229688841,-10.017127213087422,0.8104779833985816,9.156535436178144
PJDR,E2024,"TEODOSIC, MILOS",234.36,-4.217056421891291,-3.181289333645335,-1.0357670882459562,14.143075326468786
PKIR,E2024,"KAHUDI, CHARLES",171.1,-5.093299873228979,-5.1488794271915115,0.055579553962532585,10.065948602575077
PLCZ,E2024,"MOTIEJUNAS, DONATAS",427.16,4.705523897663091,3.513922169787661,1.1916017278754298,19.82107645906006
PLHK,E2024,"PLEISS, TIBOR",37.99,-6.0477919731929255,-6.217494652836176,0.16970267964324973,11.949262020132643
PLMG,E2024,"MARJANOVIC, BOBAN",60.45,2.2336555990500004,2.121528830404992,0.11212676864500848,18.503450708370856
PLUO,E2024,"LAZIC, BRANKO",53.589999999999996,1.5455086859766687,1.5296602486767465,0.015848437299922136,14.642090410561257
PTGB,E2024,"LLULL, SERGIO",683.94,-7.532662027887421,-7.6221489724933855,0.08948694460596518,12.614331028086465
P000229,E2025,"JACKSON, EDWIN",330.21999999999997,-6.051386030731051,-6.253399726400327,0.20201369566927602,12.386403854209716
P000796,E2025,"MIROTIC, NIKOLA",590.51,8.082590879228437,7.746309758707657,0.3362811205207812,25.26955245566046
P000848,E2025,"NEDOVIC, NEMANJA",470.37,-0.7468329476160414,0.19338438762676535,-0.9402173352428067,15.233758202847456
P000925,E2025,"VESELY, JAN",804.22,0.6216795519410894,0.8075437972654878,-0.18586424532439833,17.748864951182348
P000956,E2025,"ANDJUSIC, DANILO",4.0,-2.0507554018373533,-1.957303907959691,-0.09345149387766225,16.623833328443304
P001133,E2025,"SHENGELIA, TORNIKE",848.26,2.4026192655701615,2.407993729826008,-0.005374464255846423,23.842489049583556
P001255,E2025,"PAPANIKOLAOU, KOSTAS",515.23,-2.8454518750424724,-4.454401356770748,1.6089494817282755,8.141473377693064
P001288,E2025,"LUCIC, VLADIMIR",764.63,0.16650243340518212,0.7961609433178829,-0.6296585099127008,18.283981201390308
P001518,E2025,"RICCI, GIAMPAOLO",622.88,3.9642834492638466,2.882067839462702,1.0822156098011444,11.687802493025266
P001557,E2025,"GIFFEY, NIELS",423.01,-3.434890396030596,-2.667147662204267,-0.7677427338263294,12.33031618163726
P001844,E2025,"HACKETT, DANIEL",498.69,-0.05149277335362758,-0.08862292023779102,0.03713014688416344,13.110088136027166
P001926,E2025,"SLOUKAS, KOSTAS",810.5,0.3727966771823742,0.9678990102789871,-0.5951023330966129,22.85434230220549
P001932,E2025,"CALATHES, NICK",596.24,-1.2672344964526776,-1.4050263002921541,0.13779180383947648,13.054232256345662
P002100,E2025,"DE COLO, NANDO",564.45,2.415351926018698,0.1968596178559211,2.218492308162777,26.682035768166305
P002328,E2025,"GRIGONIS, MARIUS",110.62,-4.272014141024167,-3.7817163711623802,-0.49029776986178686,9.917760260934875
P002329,E2025,"ULANOVAS, EDGARAS",779.1899999999999,0.8410604759902214,-0.2266227705206147,1.0676832465108361,14.659946844434199
P002580,E2025,"MICIC, VASILIJE",963.81,-3.23474765345666,-4.854332693532271,1.619585040075611,18.545490892319215
P002661,E2025,"PREPELIC, KLEMEN",363.12,-0.24078471438873117,-1.245790592938565,1.005005878549834,11.506474922607755
P002676,E2025,"BUTKEVICIUS, ARNAS",685.25,5.705392830071604,4.886251634314683,0.8191411957569208,16.923118326848904
P002849,E2025,"MELLI, NICOLO",831.12,7.387062227925058,3.9549816655095027,3.432080562415555,17.064265257064722
P002939,E2025,"SATORANSKY, TOMAS",921.75,3.635337872730963,2.2737340192171147,1.3616038535138482,17.54722649000059
P002968,E2025,"SANLI, SERTAC",54.89,-0.38631428892541175,-0.1928718715031239,-0.19344241742228785,13.744455201485593
P002969,E2025,"MAHMUTOGLU, MELIH",41.78,-5.4988723072798615,-5.30450912780951,-0.19436317947035173,12.476221372253516
P003048,E2025,"DUNSTON, BRYANT",186.11,2.748721973552241,2.7146197399264977,0.03410223362574316,17.227215637894876
P003091,E2025,"BIRSEN, METECAN",269.81,-0.6045148236483734,0.359941342549727,-0.9644561661981004,11.597519445547995
P003108,E2025,"HEZONJA, MARIO",994.93,-1.5119619378072695,-1.8696420060517043,0.35768006824443477,21.45240213178752
P003196,E2025,"HERNANGOMEZ, WILLY",528.03,3.9411674170555306,4.09151616425243,-0.1503487471968992,20.140564409595246
P003458,E2025,"BERTANS, DAVIS",540.6,-4.559545253962382,-3.51029025872158,-1.0492549952408012,12.68947653162364
P003469,E2025,"VEZENKOV, SASHA",1085.58,5.493854118095241,6.741489963161988,-1.2476358450667469,30.574806142274756
P003526,E2025,"LIGHTY, DAVID",612.8,-5.186832650354579,-4.732103634082285,-0.45472901627229434,9.72064908271339
P003527,E2025,"ABASS, AWUDU",507.7,-4.760747467300994,-4.377811897567089,-0.3829355697339046,7.649956666378317
P003733,E2025,"ABALDE, ALBERTO",654.05,-1.1865780744229193,-1.475221644222308,0.28864356979938877,10.674197554748497
P003836,E2025,"MICHINEAU, DAVID",8.92,-2.9279266435388216,-3.0172221707479636,0.089295527209142,15.505680005123974
P003842,E2025,"LESSORT, MATHIAS",317.25,4.300322935305167,2.37715479703188,1.923168138273287,20.440691830217148
P003941,E2025,"MILUTINOV, NIKOLA",861.3199999999999,11.67585973302989,11.24464607548929,0.4312136575405999,34.17059737252747
P003983,E2025,"AVRAMOVIC, ALEKSA",374.49,0.5643222791751136,0.11235667809412223,0.4519656010809913,22.02128320124366
P004004,E2025,"GUDURIC, MARKO",771.4,-1.1986397909994786,-0.9457039384365946,-0.2529358525628839,19.886250477574137
P004007,E2025,"DOBRIC, OGNJEN",312.51,1.8293299365860198,0.8263541721605406,1.0029757644254793,15.051462185542421
P004088,E2025,"OSMAN, CEDI",1065.03,0.7522198460169948,1.1317880533072442,-0.3795682072902494,18.51358219630233
P004132,E2025,"THEIS, DANIEL",779.9300000000001,4.850658843871201,5.174622450395297,-0.32396360652409656,22.966461725544193
P004161,E2025,"SEGEV, ITAY",2.98,-0.8429573332253891,-0.9848580394821566,0.1419007062567674,16.011639795670064
P004197,E2025,"OUATTARA, YAKUBA",572.5,-5.943010830643849,-5.22773069564517,-0.7152801349986786,11.135879057484168
P004292,E2025,"TOLIOPOULOS, VASSILIS",95.64,-3.609551564437688,-3.4394283213443466,-0.17012324309334143,15.788584472286363
P004451,E2025,"KOUZELOGLOU, IOANNIS",16.92,-2.2636103800265164,-1.9383184407955711,-0.3252919392309451,14.786851404020727
P004508,E2025,"OBST, ANDREAS",930.54,-4.782016995986927,-6.293118810262152,1.5111018142752255,18.018590900069967
P004512,E2025,"KRATZER, LEON",57.99,-1.085255485647882,-0.13284599483807846,-0.9524094908098034,9.930240307349221
P004655,E2025,"BAKO, ISMAEL",83.25,0.9066182792414407,1.0479864854748016,-0.14136820623336085,14.454999542472597
P004761,E2025,"MARINKOVIC, VANJA",389.35,-9.382797785644591,-5.41659355491653,-3.966204230728062,9.99055617892736
P004846,E2025,"TIMOR, BAR",57.82,1.6665702427285125,1.706246353008567,-0.039676110280054355,15.516909556191251
P004863,E2025,"JOVIC, STEFAN",351.07,-0.16239910590484577,-0.14081570593068196,-0.02158339997416381,16.691153626173552
P004866,E2025,"KALINIC, NIKOLA",903.28,-1.122687167262999,-1.8709103611880396,0.7482231939250407,11.411449113067242
P004887,E2025,"POIRIER, VINCENT",259.12,4.611751869114506,3.275906212805755,1.3358456563087509,21.967249571614236
P004888,E2025,"CLYBURN, WILL",843.59,0.9090455733457125,0.41860883287664685,0.4904367404690656,22.392012066849055
P005353,E2025,"YURTSEVEN, OMER",240.36,4.845400230189885,5.919617941819903,-1.0742177116300182,23.76565597061377
P005356,E2025,"LOPEZ-AROSTEGUI, XABI",84.74,-4.95078466149802,-5.69161126184529,0.7408266003472697,10.008004038963424
P005379,E2025,"CANCAR, VLATKO",15.450000000000001,-3.604825707877057,-3.694323236695674,0.08949752881861722,13.242777532768326
P005422,E2025,"JALLOW, KARIM",777.43,-3.0908249333487,-3.717655569909881,0.6268306365611811,11.17910108630672
P005504,E2025,"BIRUTIS, LAURYNAS",409.7,7.221305629467744,6.299372579299961,0.9219330501677827,20.264623633820094
P005596,E2025,"SIMA, YANKUBA",49.45,-0.36482903887688084,-0.7445629083693162,0.3797338694924353,12.371218910392127
P005670,E2025,"FLACCADORI, DIEGO",41.29,-0.8872540929138838,-1.8539665122217457,0.9667124193078619,13.935017808465593
P005683,E2025,"RADANOV, ALEKSA",68.28,-2.1437753632900387,-2.928683364406497,0.7849080011164581,10.749219551688277
P005713,E2025,"KURUCS, RODIONS",550.01,0.2213473452683109,-0.6952271360098028,0.9165744812781137,13.982675137548812
P005791,E2025,"TAVARES, WALTER",887.52,3.55581711758659,5.557653957934216,-2.0018368403476257,26.175549524220372
P005844,E2025,"PAPAGIANNIS, GEORGIOS",73.89,0.17084922120487278,-0.7725944990841173,0.94344372028899,15.923162149393892
P005928,E2025,"CAMPAZZO, FACUNDO",1073.05,-0.23058772897991486,0.2725466670000981,-0.503134395980013,23.126788002351226
P005942,E2025,"DANGUBIC, NEMANJA",107.36,-0.3012385919032285,-0.13361565763696226,-0.16762293426626623,9.880780604543322
P005985,E2025,"JAMES, MIKE",1167.49,-2.0913191435810714,-1.3194054245546345,-0.771913719026437,24.81193434753576
P006085,E2025,"DIMITRIJEVIC, NENO",333.83,-0.1275215847761546,-0.9616575464862636,0.834135961710109,24.546201660000698
P006240,E2025,"PLAVSIC, UROS",35.55,1.002755822114789,0.41653745235293704,0.5862183697618519,13.93492191927778
P006277,E2025,"TOTE, LEONARDO",17.2,-0.497644692329303,0.32142046949076475,-0.8190651618200677,18.505790666878013
P006372,E2025,"YILMAZ, ERKAN",203.82,0.6869873192059435,0.2691030396613132,0.41788427954463025,10.693432513192363
P006435,E2025,"LAPROVITTOLA, NICOLAS",336.69,-5.3993541544104335,-4.337130889870797,-1.0622232645396372,17.24078560571138
P006482,E2025,"KRAMER, DAVID",158.72,-3.075974049968625,-3.010044014170618,-0.06593003579800674,8.53771902503905
P006509,E2025,"TONUT, STEFANO",89.69,-1.112043837403568,-0.9007396439534016,-0.21130419345016632,12.066417134050837
P006540,E2025,"MUSA, DZANAN",480.37,-0.3175126286379165,-0.6438561266282209,0.3263434979903044,22.34588050064287
P006568,E2025,"FALL, YOUSSOUPHA",134.85,5.985901143386984,5.896602134758483,0.08929900862850072,22.009276841209726
P006590,E2025,"BEAUBOIS, RODRIGUE",260.52,-2.027214451434639,-1.6823844346914174,-0.34483001674322145,15.668697065788596
P006591,E2025,"NTILIKINA, FRANK",393.84,-6.670454026451831,-6.682176353989631,0.011722327537799171,8.522757707269772
P006643,E2025,"PUERTO, JOSEP",598.42,0.18896069142668515,0.24713704857401225,-0.05817635714732712,13.872567604246877
P006661,E2025,"WILBEKIN, SCOTTIE",88.96,-2.7192408191792303,-1.3961729426748084,-1.3230678765044221,16.558418004647038
P006725,E2025,"EBOUA, PAUL",337.7,2.421971512118305,2.7110876581751504,-0.2891161460568454,16.287134261270513
P006739,E2025,"PAJOLA, ALESSANDRO",458.03,5.255371981465044,2.1443714440285917,3.111000537436452,14.92550340691021
P006760,E2025,"BONGA, ISAAC",1055.78,0.8717652720536737,1.6805344895812846,-0.8087692175276109,20.322966884838035
P006835,E2025,"HOARD, JAYLEN",1008.39,4.841134277262768,4.198314372267358,0.6428199049954091,21.949745726827295
P006904,E2025,"AYAYI, JOEL",136.87,-2.6767194875047053,-1.8309837821761956,-0.8457357053285097,13.209265276979371
P006961,E2025,"BIBEROVIC, TARIK",997.79,-0.3771791333405927,-2.4756642219760154,2.0984850886354227,13.999834819189555
P007027,E2025,"MALEDON, THEO",646.54,1.4539725706952111,1.0726818947970191,0.381290675898192,25.141156088298153
P007029,E2025,"SIRVYDIS, DEIVIDAS",331.31,-3.592748622297547,-5.450808977159758,1.8580603548622108,12.818804725506256
P007032,E2025,"LO, MAODO",738.9,-2.5356531285745554,-2.895558813161695,0.35990568458714,15.793156116531295
P007056,E2025,"BOOKER, DEVIN",718.24,0.016750361422222526,-0.9420205583253768,0.9587709197475993,18.97839101749866
P007109,E2025,"SMITS, ROLANDS",664.27,-3.1823138674893183,-0.40516131431190117,-2.7771525531774173,13.305348458212547
P007182,E2025,"BIRCH, KHEM",711.38,5.507414637033003,3.254644189581888,2.252770447451115,12.483520257041219
P007200,E2025,"LARKIN, SHANE",364.26,-2.857063631202906,-4.272949019595506,1.4158853883926,19.318654775681953
P007201,E2025,"VOIGTMANN, JOHANNES",299.08,2.2218922682068154,3.5604640594943433,-1.3385717912875277,18.865587516683632
P007230,E2025,"SEDEKERSKIS, TADAS",310.44,-1.3033635427304233,0.19992450754214186,-1.5032880502725652,16.881587238471162
P007464,E2025,"PARRA, JOEL",746.24,0.6344369575362947,0.5866378404521372,0.047799117084157516,14.994420809886206
P007513,E2025,"GIEDRAITIS, DOVYDAS",249.66,-5.002412795641967,-3.4358414753050117,-1.5665713203369553,9.06274285350942
P007527,E2025,"BADIO, BRANCOU",819.81,-3.9644870672931294,-4.295104544324548,0.3306174770314192,18.53521777993075
P007579,E2025,"SAMANIC, LUKA",69.00999999999999,-2.4056418483312445,-1.2972739399454443,-1.1083679083858002,18.749651891356155
P007630,E2025,"GARUBA, USMAN",499.8,7.688407702458997,5.043063809891279,2.645343892567719,19.95478270449834
P007632,E2025,"NAKIC, MARIO",6.22,-0.15558602711211483,-0.2225997983621084,0.06701377124999354,17.40612564637642
P007673,E2025,"TRIFUNOVIC, UROS",3.17,-1.3655701498673187,-1.2894159549697397,-0.0761541948975791,17.145281246080287
P007736,E2025,"LAKIC, ARIJAN",328.49,-1.3097172142670463,-0.7297614527716967,-0.5799557614953498,10.382689598726
P007831,E2025,"SHIELDS, SHAVON",941.41,-3.7263463905858143,-1.7999559420371125,-1.9263904485487018,18.867572489373163
P007853,E2025,"MCKISSIC, SHAQUIELLE",311.71,2.973353741676239,1.1979181981149116,1.7754355435613276,17.315291506541264
P007866,E2025,"MITOGLOU, KONSTANTINOS",401.15999999999997,0.4952766099354392,-0.23155545515032427,0.7268320650857635,16.69901561608689
P007929,E2025,"BITIM, ONURALP",307.57,-1.026747995538881,-0.42556245590590236,-0.6011855396329787,11.111903884383306
P007947,E2025,"VILDOZA, LUCA",659.63,0.6186065901235198,0.9968639247477477,-0.3782573346242279,18.44171328957269
P007960,E2025,"DAVIDOVAC, DEJAN",298.96999999999997,0.7857752969526715,0.5177914870903271,0.2679838098623444,11.652201083184458
P007975,E2025,"FRANCISCO, SYLVAIN",1166.62,-0.5422232135377658,0.09346846260592745,-0.6356916761436933,26.8185238399505
P007982,E2025,"WILLIAMS-GOSS, NIGEL",745.93,-4.578692574588779,-1.5532152025026522,-3.025477372086127,18.120741274287592
P007990,E2025,"DIBARTOLOMEO, JOHN",386.87,-0.20050962791247184,1.6065903303863125,-1.8070999582987843,13.492058796307235
P007993,E2025,"M'BAYE, AMATH",588.32,-5.354916056915366,-4.6206468496653965,-0.7342692072499692,14.71536300871412
P008072,E2025,"DIOP, KHALIFA",468.53000000000003,3.143105628867318,3.773608231034814,-0.6305026021674958,15.142347222060584
P008099,E2025,"STRAZEL, MATTHEW",1045.52,-3.444179598947397,-2.892587521323353,-0.551592077624044,18.095606070743507
P008104,E2025,"ZAGARS, ARTURS",56.36,-4.687954868116909,-3.528743290369544,-1.1592115777473655,16.42925726629639
P008161,E2025,"BEGARIN, JUHANN",309.9,-2.445229988761218,-1.902914815500101,-0.5423151732611169,12.610096770329601
P008173,E2025,"SPAGNOLO, MATTEO",572.44,-1.3363729610795387,-1.604944063862396,0.26857110278285723,16.371540458863397
P008176,E2025,"MUTAF, DAVID",49.760000000000005,-3.393422228359044,-2.005461621380264,-1.38796060697878,14.482362888342038
P008192,E2025,"TUBELIS, AZUOLAS",953.13,1.1818712855517717,3.3411964461667343,-2.1593251606149626,21.96203570894201
P008232,E2025,"POKUSEVSKI, ALEKSEJ",325.85,-1.0757589538272647,-1.5441824599388914,0.4684235061116266,11.386353566180823
P008325,E2025,"KAMENJAS, KENAN",304.13,4.301919014254822,5.826131278721501,-1.5242122644666791,20.31247040842824
P008384,E2025,"PROCIDA, GABRIELE",39.9,-1.7956824141067818,-2.142812876777222,0.34713046267044034,14.35939003686993
P008811,E2025,"FALL, MOUSTAPHA",13.43,0.5935996121581517,0.6327397399354345,-0.03914012777728279,19.120855736208263
P008829,E2025,"PETERS, ALEC",652.91,7.202095260071259,5.492368405618654,1.709726854452604,21.687689984404646
P008855,E2025,"WALKUP, THOMAS",888.8,0.03094351395221756,0.32647431165384205,-0.2955307977016245,16.02839670930229
P008858,E2025,"ENNIS, TYLER",83.73,0.49471444992348707,0.3957066703731356,0.09900777955035145,16.376632374452203
P008962,E2025,"HAYES-DAVIS, NIGEL",456.84000000000003,-1.2057370136642942,-2.457665049630048,1.2519280359657539,17.902590809133866
P008985,E2025,"BOLMARO, LEANDRO",655.49,0.8185033116134404,0.11542797013959731,0.7030753414738431,18.648663339234275
P008987,E2025,"LEDAY, ZACH",738.67,1.8571895514044012,3.710064949622981,-1.85287539821858,23.619395788758514
P009005,E2025,"DECK, GABRIEL",836.51,1.4040411516881308,1.376323232644507,0.02771791904362375,17.136900477472853
P009035,E2025,"BOLOMBOY, JOEL",216.79,2.6271594529123585,2.801213659600212,-0.1740542066878535,19.851885053688893
P009048,E2025,"MILLER-MCINTYRE, CODI",1206.47,-0.7501296894342849,-0.6807172602273115,-0.06941242920697344,19.23417963379037
P009299,E2025,"RUBSTAVICIUS, MANTAS",73.45,-0.3080159820742483,-1.2497819668816392,0.9417659848073909,13.426801188573673
P009513,E2025,"HOLLATZ, JUSTUS",433.4,0.059096258428087634,1.469519397878297,-1.4104231394502094,12.390098736704356
P009549,E2025,"CORDINIER, ISAIA",726.13,-4.083668218816589,-3.9206053594753985,-0.1630628593411909,14.681561819759725
P009556,E2025,"NGOUAMA, MEHDY",129.05,-9.655023073736315,-9.096640428809453,-0.5583826449268618,8.071943532670174
P009622,E2025,"BROWN, LORENZO",173.7,-2.844703438373871,-1.9602467425232502,-0.8844566958506209,18.300616244640498
P009664,E2025,"WILLIS, DEREK",454.15,4.9999745871166805,4.088321693606057,0.9116528935106237,19.216599596062625
P009733,E2025,"JEKIRI, TONYE",289.15,5.940541327774769,4.3833202896004035,1.5572210381743647,19.655347979334714
P009754,E2025,"LOYD, JORDAN",798.12,-2.4416529928224495,-3.3982628125481225,0.9566098197256732,18.225714454814614
P009783,E2025,"COLSON, BONZIE",674.91,4.0414973327195565,3.6914924215630225,0.3500049111565344,20.142827768590035
P009846,E2025,"BRYANT, ELIJAH",1120.2,4.643477834592196,1.7574065590360348,2.8860712755561613,25.80632573853311
P009849,E2025,"DORSEY, TYLER",1082.16,-4.69918923291616,-3.250134225875452,-1.4490550070407073,21.358258328955557
P009862,E2025,"PUNTER, KEVIN",1059.76,-3.212765146179198,-3.9019703239633405,0.6892051777841424,19.32199650458552
P009863,E2025,"BALDWIN IV, WADE",1085.56,-1.1061280657044352,-2.617207918814743,1.5110798531103078,24.704678519988953
P009948,E2025,"MARCOS, JUANI",266.35,-4.280963026671208,-4.4506962461980715,0.1697332195268634,9.41416313950622
P009992,E2025,"BRIZUELA, DARIO",590.5600000000001,-4.164651812994989,-4.503341198849172,0.3386893858541825,15.420642183384647
P010035,E2025,"VILLAR, RAFA",168.24,-1.1437517882828563,-0.5894618637967923,-0.554289924486064,10.173272689226451
P010042,E2025,"MONTERO, JEAN",873.68,1.577143848991144,0.8653227902573463,0.7118210587337979,29.669787472432528
P010105,E2025,"ALMANSA, IZAN",9.64,-1.5989410916706632,-1.483094472998757,-0.11584661867190621,15.039024682215462
P010106,E2025,"NUNEZ, JUAN",5.27,-2.618143676115552,-2.56003266611876,-0.05811100999679228,15.663329212103196
P010162,E2025,"NOGUES, ISAAC",42.3,2.203001214171455,2.2912770029156233,-0.08827578874416835,13.273918947000023
P010316,E2025,"AJINCA, MELVIN",549.31,-7.648424821973781,-7.459462896113685,-0.18896192586009605,9.131044749284786
P010318,E2025,"DESSERT, BRICE",219.69,-1.0298176721587775,0.44235982686138187,-1.4721774990201593,17.044257456154725
P010319,E2025,"TRAORE, ARMEL",572.24,-0.012758054560678689,0.8748389982065063,-0.887597052767185,15.840888174101664
P010390,E2025,"HAYES, KEVARRIUS",697.1,3.4562263133489144,2.1527313161561343,1.30349499719278,16.72171454793389
P010391,E2025,"WEILER-BABB, NICK",1065.54,0.604190542649153,0.15227006737475496,0.45192047527439805,15.416784208313832
P010392,E2025,"LARENTZAKIS, GIANNOULIS",20.939999999999998,-3.87227980391092,-4.222663680044391,0.35038387613347144,14.295342038681193
P010393,E2025,"PRADILLA, JAIME",858.36,1.5787668388004694,1.6847778794400337,-0.10601104063956412,18.874826439081453
P010431,E2025,"MORGAN, JEREMY",566.82,1.925235242255019,0.613015828126884,1.312219414128135,13.690169260307282
P010444,E2025,"COSTELLO, MATTHEW",662.47,6.285413580652056,5.51956374468843,0.7658498359636261,17.743489797838738
P010465,E2025,"ANGOLA, BRAIAN",365.56,2.1743541856204405,1.1687374783900202,1.0056167072304203,26.739579573326967
P010545,E2025,"SAKO, NEAL",561.63,5.072192753017296,5.831914313623003,-0.7597215606057075,18.271358109756363
P010550,E2025,"GINAT, TOMER",137.24,1.2605413457136154,1.1804668125087052,0.0800745332049102,14.53750913066137
P010568,E2025,"JONES, CHRIS",858.99,0.9205399432243044,0.4504954463561516,0.4700444968681529,22.49124460751218
P010581,E2025,"OSETKOWSKI, DYLAN",702.51,1.3157066172225536,1.0837114968640207,0.23199512035853298,14.864461086040176
P010750,E2025,"DE LARREA, SERGIO",345.65,-2.417570336226035,-1.9005457814625264,-0.5170245547635086,16.804395077208806
P010781,E2025,"LUNDBERG, IFFE",390.19,-3.663889229044295,-4.886072206868613,1.2221829778243183,19.683956560023876
P011051,E2025,"SMAILAGIC, ALEN",511.12,0.04841222136779744,0.09620424376828146,-0.047792022400484024,17.29427717331801
P011052,E2025,"MADAR, YAM",155.31,-5.4878372947903955,-3.9882729704100663,-1.4995643243803287,14.76197041305904
P011064,E2025,"MANNION, NICCOLO",253.97,-4.951264985061689,-7.659883762358398,2.7086187772967096,12.79452684170439
P011078,E2025,"THOMPSON, DARIUS",828.64,0.5886290846804795,0.5525521850873336,0.03607689959314586,20.59880972837494
P011085,E2025,"ROGKAVOPOULOS, NIKOLAOS",418.92,0.24939541758612238,-0.5803463092199517,0.829741726806074,15.510827615351312
P011157,E2025,"MOTLEY, JOHNATHAN",512.37,3.958674948592133,3.144807993279192,0.8138669553129411,21.308814386985162
P011193,E2025,"BLATT, TAMIR",738.33,-6.176720955363488,-4.918047161344044,-1.2586737940194437,18.094161805205708
P011194,E2025,"PETRUSEV, FILIP",892.92,3.4444424846648345,4.919600135713258,-1.475157651048424,25.26777450968669
P011196,E2025,"HALL, DONTA",579.92,11.283116986160001,10.683094140807457,0.600022845352544,28.192844255439027
P011199,E2025,"NEBO, JOSH",560.24,5.4366401719315025,5.657388914697467,-0.2207487427659649,24.247059654304653
P011201,E2025,"HAZER, SEHMUS",435.12,-7.655169318892178,-7.766261782690374,0.1110924637981956,13.023020380770863
P011204,E2025,"GRANT, JERIAN",993.31,-2.96098205607062,-2.0576359828325907,-0.9033460732380295,14.349890393537152
P011205,E2025,"HALL, DEVON",883.79,-5.905139939053862,-6.549911899324574,0.6447719602707109,13.751795267443361
P011209,E2025,"KALAITZAKIS, PANAGIOTIS",132.82,0.7620942205387888,-0.36243043031672934,1.1245246508555182,11.892786986333235
P011212,E2025,"OKOBO, ELIE",1073.78,-2.564578068637381,-2.1829145992754064,-0.3816634693619748,18.273337990218018
P011214,E2025,"RIVERO, JASIEL",88.44,0.4367901033599682,0.8474347996997037,-0.4106446963397355,17.453187572479855
P011217,E2025,"TAYLOR, KAMERON",962.12,1.6892203899567049,2.574316672356327,-0.8850962823996221,22.039768261738885
P011218,E2025,"EVANS, KEENAN",2.02,-0.7455229434965228,-0.7828100994645149,0.037287155967992036,16.94646800782301
P011219,E2025,"SORKIN, ROMAN",870.45,1.132349481036101,0.9246228901508703,0.2077265908852307,23.874366186983465
P011221,E2025,"ANTETOKOUNMPO, KOSTAS",22.689999999999998,1.6320658714944825,1.8469205832190336,-0.21485471172455126,17.025663592453366
P011226,E2025,"DIALLO, ALPHA",1172.34,0.690011343353141,0.27121294045858974,0.41879840289455117,19.341432845118526
P011231,E2025,"BLOSSOMGAME, JARON",1019.79,0.31414609210904243,1.260921762557338,-0.9467756704482955,17.72553663290269
P011244,E2025,"DA SILVA, OSCAR",557.01,2.1775166607634913,2.321718629960597,-0.14420196919710593,19.13042216428685
P011247,E2025,"FELIZ, ANDRES",649.4,2.526630615488604,1.231758880052476,1.2948717354361283,16.29153811870577
P011284,E2025,"FARIED, KENNETH",460.06,7.192648669240555,4.5164581788571345,2.6761904903834206,21.942075252933797
P011286,E2025,"BACON, DWAYNE",852.01,-2.4952664788323515,-4.408015021649919,1.9127485428175675,18.790641554351428
P011305,E2025,"CARTER, TYSON",161.57,-8.690870530770718,-7.591071253627412,-1.0997992771433058,9.973921574179393
P011442,E2025,"SAMODUROV, ALEXANDROS",80.34,-0.8013790867467128,-1.311122565932314,0.5097434791856013,17.57169050769715
P011686,E2025,"RADOSIC, OGNJEN",0.85,-0.6793925025788586,-0.6506302030301481,-0.028762299548710596,17.143070561805686
P011816,E2025,"AKELE, NICOLA",267.31,2.9142852224379507,3.312282113612113,-0.39799689117416237,14.072251412044604
P011823,E2025,"ODIASE, TAI",345.83,1.284913836334715,0.5073140879146474,0.7775997484200676,14.106001539057722
P011836,E2025,"MIKE, ISIAHA",828.17,1.309622481294498,1.5888452679665412,-0.27922278667204314,16.47206725724609
P011927,E2025,"SLEVA, DUSTIN",769.3,5.090425706266592,2.731660086708604,2.358765619557988,13.630367728238932
P011935,E2025,"MAKOUNDOU, YOAN",37.49,4.9827376591471815,3.7627857418839223,1.2199519172632596,23.629927021296847
P011948,E2025,"HOWARD, MARKUS",474.78999999999996,-6.203312572216432,-5.552463238038675,-0.6508493341777566,14.07275468633432
P011949,E2025,"HOMMES, DAULTON",285.26,-0.03095653562664813,1.332984637683107,-1.363941173309755,13.831902263816913
P011980,E2025,"SESTINA, NATHAN",110.46000000000001,-3.860415272586132,-3.9722436504991854,0.11182837791305333,12.01595869123873
P011981,E2025,"JONES, TYRIQUE",640.74,9.14169276040973,8.717993641884977,0.42369911852475384,25.770011969325406
P011982,E2025,"OJELEYE, SEMI",894.17,-1.3439231729389391,-1.724571223033858,0.38064805009491876,14.050794799841178
P011983,E2025,"BRAZDEIKIS, IGNAS",561.66,-2.997489715351236,-5.664341802443181,2.6668520870919448,9.806968331406015
P011987,E2025,"EDWARDS, CARSEN",915.29,-11.329313204586807,-11.17662088322597,-0.15269232136083633,17.264898370079585
P012044,E2025,"DOS SANTOS, YAGO",269.12,-9.385414061759683,-11.005764277488801,1.6203502157291179,8.801686893579605
P012080,E2025,"LUWAWU-CABARROT, TIMOTHE",914.75,-1.157797470602604,1.3865386990499826,-2.5443361696525866,24.960708219914366
P012096,E2025,"CABOCLO, BRUNO",140.03,8.967073692466881,7.830125353441979,1.136948339024902,20.03449013105905
P012167,E2025,"BOSNJAKOVIC, MITAR",9.41,-1.1868768325103412,-1.100062650403713,-0.08681418210662818,15.801834075112911
P012201,E2025,"MONEKE, CHIMA",941.78,7.505050647952519,7.114627750804986,0.3904228971475331,26.54003596359894
P012268,E2025,"ATAMNA, ADAM",176.9,-11.296788074318888,-10.552963888994498,-0.7438241853243903,7.399345128776106
P012365,E2025,"HRABAR, VIT",10.209999999999999,-1.3638210744117814,-1.5168194436907008,0.15299836927891947,15.687130624789978
P012403,E2025,"FAYE, MOUHAMED",652.61,4.771182280889254,4.816408306723016,-0.04522602583376201,16.540942408628776
P012515,E2025,"TARPEY, TERRY",276.79,5.3077733767538255,6.042017837575812,-0.7342444608219865,17.115312683877235
P012585,E2025,"MORGAN, MATTHEW",677.8100000000001,-2.8562228677261055,-2.2154895605897575,-0.6407333071363479,23.616151330219594
P012593,E2025,"ELLIS, QUINN",912.79,-3.0029545102263397,-0.9786323742154855,-2.0243221360108543,17.741959010414895
P012597,E2025,"BALDWIN, KAMAR",146.87,-1.799422014914505,-2.8036352239300304,1.0042132090155254,15.104624564175896
P012606,E2025,"WRIGHT IV, MCKINLEY",1122.98,0.5617172241227648,0.44618551439734844,0.11553170972541632,20.939736272186057
P012608,E2025,"SHORTS, TJ",692.6,-1.6857692017140533,-2.0604765315802442,0.374707329866191,19.390460088516402
P012609,E2025,"MALCOLM, COLLIN",995.5699999999999,0.03834762819980819,0.47056406322022737,-0.4322164350204192,13.99169260399436
P012610,E2025,"WARD, TYSON",668.13,-0.11727757635915553,-0.08433859746533318,-0.03293897889382236,16.415032177050893
P012611,E2025,"HERRERA, SEBASTIAN",591.1899999999999,-2.5772750842611964,-2.5688406568639994,-0.008434427397197075,12.918124779233068
P012612,E2025,"SHAHRVIN, ENZO",94.85,2.3153163687350147,2.5094675594459033,-0.1941511907108885,13.799736546872484
P012613,E2025,"JANTUNEN, MIKAEL",669.03,-0.20754664862450778,-0.7182792519055143,0.5107326032810066,11.506545474374349
P012618,E2025,"MASSA, BODIAN",538.96,-0.54469466126262,-0.17600179782745107,-0.36869286343516894,12.158630690744497
P012640,E2025,"HIFI, NADIR",823.84,-3.886927308200594,-3.1677918905047564,-0.7191354176958376,30.014806315117447
P012687,E2025,"NIANG, SALIOU",822.55,2.8087182974466183,4.018380530414047,-1.209662232967429,19.867626325031818
P012710,E2025,"OSMANI, ERCAN",879.62,0.1992571010873272,-0.6477769167791976,0.8470340178665248,18.46519943055277
P012712,E2025,"HERNANGOMEZ, JUANCHO",1076.37,4.140001181832082,5.283914228622611,-1.1439130467905296,19.899248251959932
P012720,E2025,"BROWN, STERLING",1040.92,-3.9602104856040756,-4.865991004891523,0.9057805192874472,15.819583026117607
P012731,E2025,"NDIAYE, MBAYE",756.81,-0.4527746676701954,-0.48375003612830647,0.030975368458111052,17.33042175763367
P012738,E2025,"REUVERS, NATHAN",838.49,4.562985068890528,5.312529368650945,-0.7495442997604165,22.385831139551943
P012742,E2025,"DOZIER, PJ",570.55,-2.8907848684049213,-5.7362038431229685,2.845418974718047,13.614016353975252
P012745,E2025,"PARKER, JABARI",288.64,-5.348924931938383,-5.906206719679789,0.5572817877414065,12.270684093655063
P012774,E2025,"NUNN, KENDRICK",1100.0,-2.4384187081721693,-4.375468244087958,1.937049535915789,20.740732221798417
P012788,E2025,"OTURU, DAN",1003.49,6.0456698556317585,5.821145143374469,0.22452471225728912,27.085772110447852
P012795,E2025,"ANDERSON, JUSTIN",774.91,-3.568865867101307,-0.8309856394091675,-2.7378802276921395,11.531333127016612
P012796,E2025,"KABENGELE, MFIONDU",800.98,7.300473509056229,7.921894902586967,-0.6214213935307373,29.666450605072367
P012878,E2025,"WRIGHT, MOSES",992.74,6.202710559056327,5.667366408660502,0.5353441503958251,27.937916307775048
P012885,E2025,"KEITA, SAYON",51.56,-0.3427958999208307,-0.9645881260982447,0.621792226177414,15.366050845593186
P012943,E2025,"MIJAILOVIC, UROS",12.2,-1.5669285640088315,-1.5779576139758056,0.011029049966974055,13.269863334742453
P012977,E2025,"MIKALAUSKAS, KAJUS",18.15,0.14099841305014696,-0.11199411104380894,0.2529925240939559,17.67988714479986
P012997,E2025,"MUURINEN, MIIKKA",10.94,-1.674820349332606,-1.798620963093142,0.12380061376053611,15.583907212530228
P013027,E2025,"ACCORSI, MATTEO",25.330000000000002,-2.2752039365670798,-1.972636516159292,-0.3025674204077876,14.752083827959016
P013028,E2025,"BAIOCCHI, MATTEO",49.51,-6.657000736235775,-6.350769435404232,-0.30623130083154204,9.958388510187302
P013269,E2025,"CALE, MYLES",515.9,-2.3915204173323388,-2.529250822507855,0.13773040517551602,9.951093791456575
P013283,E2025,"PALATIN, GUY",21.67,0.1496013238552627,-0.16174693038755433,0.31134825424281704,14.538330452519958
P013284,E2025,"WAINRIGHT, ISH",967.83,-2.290911738316349,-2.4583901441693996,0.16747840585305096,8.211867681333269
P013289,E2025,"SANTOS, MARCIO",520.45,0.3171462683723108,0.20252703342914669,0.1146192349431641,17.034214950694015
P013290,E2025,"JESSUP, JUSTINIAN",714.91,1.388021398042092,0.33702859658407774,1.050992801458014,16.405343738766373
P013304,E2025,"HANKINS, ZACHARY",103.02000000000001,1.355214260895,2.641699896795672,-1.286485635900672,17.57895116815143
P013363,E2025,"NWORA, JORDAN",922.37,-1.5633391545145283,-1.0261734062820562,-0.5371657482324721,22.85755515728954
P013367,E2025,"FORREST, TRENT",644.56,-0.33613181203010445,0.2052238292909303,-0.5413556413210348,23.381431538301953
P013369,E2025,"JONES, CARLIK",420.95,1.650305634000353,-2.3402631725723078,3.9905688065726608,22.59118661322219
P013370,E2025,"WASHINGTON, DUANE",504.38,-8.394571742755879,-4.602102507955716,-3.792469234800162,19.671198031301667
P013371,E2025,"HARRISON, SHAQUILLE",548.63,-0.11310525579836717,0.24228403675930632,-0.3553892925576735,18.575888667126254
P013373,E2025,"CAVALIERE, LEOPOLD",503.56,2.585879737381368,2.364971822537649,0.22090791484371874,13.73331345045746
P013374,E2025,"DIOUF, MOUHAMET",611.66,1.4244032241001463,1.8108148012251242,-0.38641157712497776,21.82064281561153
P013378,E2025,"RATHAN-MAYES, XAVIER",487.26,-8.87551183483971,-8.521694191567509,-0.3538176432722012,13.433366253717441
P013380,E2025,"FOURNIER, EVAN",855.43,-4.059547719093151,-4.203500643113505,0.1439529240203541,16.50448349555499
P013381,E2025,"RAYMAN, WILLIAM",454.98,0.7239730141640919,2.157546341539541,-1.4335733273754492,10.683049238095252
P013382,E2025,"RANDOLPH, LEVI",123.08,-4.151745905142212,-3.391035405363043,-0.7607104997791689,9.184501820683627
P013383,E2025,"GABRIEL, WENYEN",609.99,0.965663266397943,-1.117660086357549,2.083323352755492,13.928194293100049
P013384,E2025,"BROOKS, ARMONI",856.63,0.4118097864257275,2.115589881430126,-1.7037800950043986,18.574452678839364
P013385,E2025,"DIOP, OUSMANE",13.32,-0.022767035465192986,-0.4895637988415356,0.4667967633763426,17.374502878204233
P013386,E2025,"MCCORMACK, DAVID",433.46,2.9087101372274,2.7879991204089656,0.1207110168184341,19.28706682067653
P013389,E2025,"LEE, SABEN",453.15,-4.373744667460702,-3.4852046978609414,-0.8885399695997602,18.672834974524275
P013402,E2025,"BLAKENEY, ANTONIO",929.4,-2.4388569972578833,-2.8546047067212745,0.4157477094633913,18.349406126052166
P013403,E2025,"WALKER IV, LONNIE",636.7,-1.9509178438727104,-2.9246912519539374,0.9737734080812269,21.56763766276381
P013555,E2025,"GRINVALDS, GUNARS",0.8,-0.6539567245562816,-0.6449131221412614,-0.00904360241502028,17.151574069028804
P013667,E2025,"FERNANDO, BRUNO",640.7,2.303816801243536,3.4231675591783297,-1.1193507579347937,21.82918680458769
P013699,E2025,"CLARK III, JIMMY",729.62,-3.3928063202503225,-4.123681326023814,0.730875005773491,17.416261259562333
P014004,E2025,"TAYLOR, BRANDON",82.6,-3.426434182271722,-3.3027794963610457,-0.12365468591067622,14.068338806999472
P014005,E2025,"ALSTON JR., DERRICK",829.95,-2.906730762068311,-1.4687127823706863,-1.438017979697625,15.709316270937258
P014006,E2025,"OKEKE, CHUMA",769.96,3.0258783128375297,2.977453630239969,0.04842468259756072,17.71216914129167
P014007,E2025,"MILTON, SHAKE",427.41,-6.445074750101522,-6.093175458539814,-0.3518992915617089,13.592610428619295
P014008,E2025,"ROBINSON, JUSTIN",683.0,-2.7358010520053675,-2.0632135774322298,-0.6725874745731376,28.619257555757475
P014009,E2025,"STEVENS, LAMAR",459.07,-1.6367222825198648,-1.3634555296123636,-0.27326675290750124,16.185591546958527
P014010,E2025,"DOKOSSI, ALLAN",549.94,9.801743279443734,9.903505659226198,-0.10176237978246433,20.69249263956381
P014011,E2025,"HOLMES, RICHAUN",356.17,1.466656663111352,3.660337148071238,-2.193680484959886,18.872084236486625
P014012,E2025,"LEAF, TJ",436.9,6.192694121039251,6.740318088129648,-0.5476239670903971,25.64514558792718
P014013,E2025,"WATSON, GLYNN",767.17,-0.2363256941146757,-0.46780304172414294,0.23147734760946725,19.337475542463533
P014014,E2025,"VAUTIER, BASTIEN",481.93,3.087168812922899,2.5587538935706857,0.528414919352213,16.30587642183442
P014015,E2025,"BACOT JR., ARMANDO",263.02,-2.873803496773179,-3.902961027032653,1.0291575302594738,8.619025580293382
P014016,E2025,"BOSTON JR., BRANDON",331.25,-0.42999349736252057,-2.041573776687039,1.6115802793245186,13.93363168964198
P014025,E2025,"SWIDER, COLE",270.39,4.221218124607074,4.265518814415518,-0.044300689808443816,17.303055336694037
P014026,E2025,"FRISCH, CLEMENT",449.44,3.875888875774433,4.798143526321608,-0.9222546505471748,16.17806979134774
P014027,E2025,"DIAKITE, MAMADI",713.29,0.793418611447257,1.4608551710009223,-0.6674365595536653,20.569389352086098
P014028,E2025,"GRAHAM, DEVONTE",79.65,-7.535011362616238,-6.902306105812611,-0.6327052568036267,10.959524999488469
P014029,E2025,"IZUNDU, EBUKA",474.88,7.918335812343082,9.063957603994306,-1.1456217916512241,26.734063919701683
P014031,E2025,"KONDIC, KOSTA",188.02,-1.402498475814028,0.402524979657072,-1.8050234554711,14.335388744386169
P014086,E2025,"DIALLO, HAMIDOU",287.74,-2.5344430930949278,-0.6603110368280429,-1.874132056266885,21.067928679419463
P014088,E2025,"SELJAAS, ZACHARY",727.54,-2.915469009983547,-2.668166530864752,-0.2473024791187951,12.28808113947133
P014094,E2025,"MILJENOVIC, STEFAN",89.52,-0.9802374531286281,-0.20492165108740978,-0.7753158020412183,15.032074008854494
P014102,E2025,"JONES, KAI",556.53,5.289458850135136,5.287311017791322,0.0021478323438142155,18.839776805565783
P014105,E2025,"BOL, JUOM",2.63,0.02527895901460908,0.16998307784515793,-0.14470411883054884,17.62524277655757
P014107,E2025,"JOKSIMOVIC, STEFAN",65.34,-7.258699122360812,-6.386650501196564,-0.8720486211642486,9.24687713897486
P014108,E2025,"DIARRA, ALIOU",298.04,6.379519076899536,7.398141320516337,-1.018622243616801,22.43211402411341
P014115,E2025,"MOORE, OMARI",741.82,-3.335243871333558,-3.6852626186114743,0.3500187472779165,17.924115210090164
P014117,E2025,"LYLES, TREY",890.0,6.719649279806273,6.3024743145341,0.41717496527217257,27.362503703190004
P014119,E2025,"NOWELL, MARKQUIS",402.91,-2.673667954498002,-2.2546586668567734,-0.41900928764122847,16.561370157996667
P014120,E2025,"LAVI, GUR",168.8,-1.2541130718909055,-0.5374607931807093,-0.7166522787101961,13.87231646636199
P014121,E2025,"OMORUYI, CLIFFORD",16.1,-1.6180467528637201,-1.4175328242518506,-0.20051392861186962,15.924880845461702
P014122,E2025,"NETZIPOGLOU, OMIROS",14.530000000000001,-2.0711670171951178,-2.418860563596952,0.34769354640183403,13.69840798182226
P014123,E2025,"DOWTIN JR, JEFFREY",325.8,-5.500271929575309,-3.0389108396897133,-2.461361089885596,16.460494753776665
P014124,E2025,"HORTON TUCKER, TALEN",977.29,-1.5477381642286931,-2.994001601865833,1.44626343763714,23.734443526031157
P014127,E2025,"BRISSETT, O'SHAE J",885.16,1.0785177891509103,1.8660707362497526,-0.7875529470988423,17.02147739063513
P014128,E2025,"KUSTURICA, NIKOLA",1.13,-1.109548919645154,-1.1511736757600806,0.041624756114926484,16.304545299694485
P014133,E2025,"IROEGBU, IKE",24.68,-2.5524285634336716,-2.457726427078032,-0.09470213635563964,15.470634152695729
P014134,E2025,"NORRIS, MILES",445.76,2.3826140217158835,2.6976937108171977,-0.3150796891013139,15.55423385033367
P014141,E2025,"ARMSTRONG, TARAN",39.99,-2.6724072591748715,-2.8893272850007166,0.21692002582584521,11.207076692321618
P014152,E2025,"SIMMONS, KOBI",687.52,-4.630194395072359,-4.088148862988426,-0.5420455320839335,19.261578964544523
P014157,E2025,"ELLIS, BOOGIE",88.85,-0.11100673184058696,0.70937493215489,-0.820381663995477,18.262529341583818
P014162,E2025,"DINWIDDIE, SPENCER",253.73,-8.528817492250433,-6.830178796716623,-1.6986386955338093,17.100270449659636
P014163,E2025,"BUTLER, JARED",640.16,-3.718031254532744,-2.7015761326683148,-1.0164551218644295,21.034477229461338
P014168,E2025,"KEY, BRAXTON",578.77,0.7930404907460309,1.4077554994635912,-0.6147150087175604,15.806353648744203
P014169,E2025,"LEN, ALEX",210.83,-0.30936955159601875,-1.1778147500316378,0.8684451984356191,16.500590889418984
P014177,E2025,"RYAN, MATT",12.79,-3.232643047161036,-2.706426381855674,-0.5262166653053618,16.74686289704853
P014178,E2025,"RHODEN, JARED",554.64,-2.5743972522887555,-3.429396614069069,0.8549993617803133,15.35023626139268
P014190,E2025,"RADZEVICIUS, GYTIS",442.94,-0.3412219730667787,-1.4785123352811462,1.1372903622143675,12.467084145868979
P014207,E2025,"OMORUYI, EUGENE",465.21,-3.0027858812892148,-2.1262679594353493,-0.8765179218538656,21.10521516986271
P014212,E2025,"MORRIS, MONTE",92.33,-4.717784010447493,-4.504299240422513,-0.21348477002498034,11.068885073353629
P014213,E2025,"PAYNE, CAMERON",233.34,-3.996881205031162,-2.6114212912021655,-1.3854599138289967,18.14627307301285
P014219,E2025,"FERRARI, FRANCESCO",115.09,-1.7393517310364381,-0.4286100836829957,-1.3107416473534426,15.662646641676059
P014220,E2025,"SILVA, CHRIS",139.23000000000002,-0.33172550719001115,-0.07814436024663696,-0.2535811469433742,18.59665872239311
P014316,E2025,"JOSEPH, CORY",249.07,1.2216125054717013,-1.3860210063605223,2.6076335118322236,17.328554920669504
P014416,E2025,"EDWARDS, KESSLER",170.6,5.158159859304396,5.605260677385958,-0.44710081808156243,17.179891597036598
PKLT,E2025,"HEURTEL, THOMAS",486.76,-5.94820467305823,-6.070490895709376,0.12228622265114664,18.353123365870378
PLCZ,E2025,"MOTIEJUNAS, DONATAS",338.86,3.3012591581354718,1.3513812389116453,1.9498779192238263,21.98623402943559
PTGB,E2025,"LLULL, SERGIO",426.28000000000003,-8.623706610682156,-8.781794015030673,0.15808740434851698,9.061485646724375
