league,season,date,home,away,hg,ag,xg_h,xg_a,npxg_h,npxg_a,shots_h,shots_a,xt_h,xt_a
CzechFirstLeague,2425,2025-05-25,Dukla Praha,České Budějovice,2,1,1.93,1.26,1.93,1.26,15.0,13.0,0.81,0.54
CzechFirstLeague,2425,2025-05-25,Teplice,Pardubice,3,0,3.34,2.57,3.34,2.57,20.0,12.0,0.92,0.84
CzechFirstLeague,2425,2025-05-25,Mladá Boleslav,Slovácko,2,2,1.91,1.21,1.91,1.21,12.0,8.0,0.61,0.74
CzechFirstLeague,2425,2025-05-25,Hradec Králové,Bohemians 1905,2,0,2.0,2.09,2.0,2.09,14.0,16.0,0.52,1.16
CzechFirstLeague,2425,2025-05-24,Sparta Praha,Sigma Olomouc,1,1,1.44,1.76,1.44,1.76,13.0,13.0,0.65,0.44
CzechFirstLeague,2425,2025-05-24,Viktoria Plzeň,Jablonec,4,1,2.29,2.28,2.29,1.52,14.0,14.0,0.69,1.4
CzechFirstLeague,2425,2025-05-24,Slavia Praha,Baník Ostrava,3,0,2.86,0.27,2.86,0.27,21.0,8.0,1.43,0.63
CzechFirstLeague,2425,2025-05-18,Baník Ostrava,Sparta Praha,3,2,0.76,2.16,0.76,2.16,6.0,15.0,0.45,1.91
CzechFirstLeague,2425,2025-05-18,Sigma Olomouc,Viktoria Plzeň,1,2,0.62,3.89,0.62,3.89,5.0,21.0,0.31,1.61
CzechFirstLeague,2425,2025-05-18,Jablonec,Slavia Praha,3,2,4.19,2.42,4.19,2.42,27.0,17.0,1.48,0.55
CzechFirstLeague,2425,2025-05-18,Bohemians 1905,Hradec Králové,1,0,2.35,3.07,2.35,3.07,16.0,24.0,1.11,1.22
CzechFirstLeague,2425,2025-05-17,Slovácko,Dukla Praha,3,2,3.5,1.65,3.5,1.65,14.0,15.0,0.66,0.86
CzechFirstLeague,2425,2025-05-17,České Budějovice,Teplice,0,3,1.16,1.94,1.16,1.94,13.0,13.0,0.49,1.04
CzechFirstLeague,2425,2025-05-17,Pardubice,Mladá Boleslav,2,1,2.71,2.25,2.71,2.25,14.0,17.0,0.89,0.6
CzechFirstLeague,2425,2025-05-11,Viktoria Plzeň,Baník Ostrava,1,2,2.97,0.94,2.97,0.94,20.0,7.0,1.83,0.54
CzechFirstLeague,2425,2025-05-11,Slovan Liberec,Bohemians 1905,1,0,1.79,0.43,1.79,0.43,18.0,3.0,1.13,0.27
CzechFirstLeague,2425,2025-05-11,Mladá Boleslav,Dukla Praha,2,3,0.82,2.24,0.82,2.24,6.0,15.0,0.66,1.43
CzechFirstLeague,2425,2025-05-11,Teplice,Slovácko,1,0,1.74,1.66,1.74,1.66,13.0,9.0,1.2,1.17
CzechFirstLeague,2425,2025-05-10,Slavia Praha,Sparta Praha,2,1,2.39,0.69,2.39,0.69,17.0,7.0,1.56,0.52
CzechFirstLeague,2425,2025-05-10,Karviná,Hradec Králové,0,4,0.62,2.24,0.62,2.24,5.0,16.0,0.52,0.66
CzechFirstLeague,2425,2025-05-10,Jablonec,Sigma Olomouc,4,0,2.18,0.24,2.18,0.24,16.0,4.0,0.54,0.12
CzechFirstLeague,2425,2025-05-10,Pardubice,České Budějovice,1,0,1.12,0.2,1.12,0.2,9.0,6.0,0.82,0.29
CzechFirstLeague,2425,2025-05-04,Sparta Praha,Jablonec,1,3,1.44,0.64,1.44,0.64,21.0,8.0,1.38,0.29
CzechFirstLeague,2425,2025-05-04,Bohemians 1905,Slovan Liberec,4,1,2.56,2.26,1.8,2.26,14.0,18.0,0.44,1.38
CzechFirstLeague,2425,2025-05-04,Mladá Boleslav,Teplice,1,0,0.61,1.21,0.61,1.21,4.0,10.0,0.37,0.4
CzechFirstLeague,2425,2025-05-04,Slovácko,České Budějovice,0,0,1.58,0.87,1.58,0.87,16.0,10.0,1.01,0.27
CzechFirstLeague,2425,2025-05-03,Baník Ostrava,Sigma Olomouc,0,0,1.45,1.04,1.45,1.04,12.0,9.0,1.58,0.39
CzechFirstLeague,2425,2025-05-03,Slavia Praha,Viktoria Plzeň,4,3,5.55,2.86,5.55,2.1,27.0,10.0,1.77,1.16
CzechFirstLeague,2425,2025-05-03,Hradec Králové,Karviná,1,0,1.62,1.85,1.62,1.85,12.0,12.0,0.67,0.48
CzechFirstLeague,2425,2025-05-03,Dukla Praha,Pardubice,2,0,2.65,0.71,2.65,0.71,15.0,5.0,0.73,0.51
CzechFirstLeague,2425,2025-04-27,Viktoria Plzeň,Sparta Praha,2,0,2.7,1.07,2.7,1.07,12.0,8.0,0.5,0.22
CzechFirstLeague,2425,2025-04-27,Baník Ostrava,Jablonec,1,2,2.68,2.52,2.68,2.52,16.0,18.0,1.99,0.77
CzechFirstLeague,2425,2025-04-27,Teplice,Dukla Praha,2,2,1.3,0.74,1.3,0.74,12.0,6.0,1.08,0.4
CzechFirstLeague,2425,2025-04-26,Sigma Olomouc,Slavia Praha,0,5,0.37,4.82,0.37,4.06,4.0,23.0,0.64,1.11
CzechFirstLeague,2425,2025-04-26,Slovácko,Pardubice,1,0,0.93,1.75,0.93,1.75,10.0,8.0,0.57,0.73
CzechFirstLeague,2425,2025-04-26,České Budějovice,Mladá Boleslav,1,2,2.5,1.96,2.5,1.96,14.0,13.0,0.78,0.5
CzechFirstLeague,2425,2025-04-19,Viktoria Plzeň,Dukla Praha,4,2,2.71,1.3,2.71,1.3,15.0,9.0,1.33,0.28
CzechFirstLeague,2425,2025-04-19,Pardubice,Sparta Praha,1,2,1.23,1.82,1.23,1.82,13.0,11.0,0.48,1.14
CzechFirstLeague,2425,2025-04-19,Mladá Boleslav,Jablonec,0,1,1.1,1.72,1.1,0.96,10.0,11.0,1.02,0.61
CzechFirstLeague,2425,2025-04-19,Teplice,Hradec Králové,1,0,1.86,0.84,1.86,0.84,14.0,10.0,0.53,0.57
CzechFirstLeague,2425,2025-04-19,Slavia Praha,Slovácko,2,0,3.21,0.34,3.21,0.34,23.0,4.0,1.33,0.29
CzechFirstLeague,2425,2025-04-19,Sigma Olomouc,České Budějovice,3,0,2.3,0.67,1.54,0.67,15.0,5.0,1.24,0.28
CzechFirstLeague,2425,2025-04-19,Baník Ostrava,Bohemians 1905,1,0,1.13,1.07,1.13,1.07,12.0,9.0,0.88,0.36
CzechFirstLeague,2425,2025-04-19,Slovan Liberec,Karviná,2,3,1.91,0.7,1.91,0.7,21.0,6.0,0.87,0.55
CzechFirstLeague,2425,2025-04-13,Hradec Králové,Slovan Liberec,0,2,2.93,2.27,2.93,2.27,22.0,8.0,1.37,0.68
CzechFirstLeague,2425,2025-04-13,Bohemians 1905,Viktoria Plzeň,1,2,1.26,1.41,1.26,1.41,10.0,10.0,0.87,0.74
CzechFirstLeague,2425,2025-04-13,Slovácko,Sigma Olomouc,2,2,1.91,1.96,1.91,1.2,18.0,11.0,0.72,0.85
CzechFirstLeague,2425,2025-04-13,Sparta Praha,Mladá Boleslav,2,0,2.99,0.35,2.99,0.35,22.0,4.0,1.3,0.44
CzechFirstLeague,2425,2025-04-13,České Budějovice,Teplice,1,1,0.9,1.37,0.9,0.61,7.0,5.0,0.6,0.26
CzechFirstLeague,2425,2025-04-13,Jablonec,Pardubice,1,0,2.03,0.88,2.03,0.88,11.0,7.0,0.9,0.55
CzechFirstLeague,2425,2025-04-12,Dukla Praha,Baník Ostrava,1,2,1.71,2.96,0.95,2.96,15.0,18.0,0.29,1.96
CzechFirstLeague,2425,2025-04-12,Karviná,Slavia Praha,0,4,0.6,2.57,0.6,2.57,9.0,15.0,0.35,1.01
CzechFirstLeague,2425,2025-04-09,Slovácko,Hradec Králové,1,5,1.19,2.21,0.43,2.21,10.0,15.0,0.97,0.73
CzechFirstLeague,2425,2025-04-06,Mladá Boleslav,Dukla Praha,0,1,1.83,2.09,1.83,2.09,16.0,16.0,1.14,0.73
CzechFirstLeague,2425,2025-04-06,Teplice,Jablonec,0,1,0.27,3.22,0.27,3.22,4.0,25.0,0.4,1.27
CzechFirstLeague,2425,2025-04-06,Viktoria Plzeň,Slovácko,2,0,2.47,1.14,2.47,1.14,17.0,9.0,1.14,0.77
CzechFirstLeague,2425,2025-04-05,Baník Ostrava,Sparta Praha,1,1,1.35,1.85,1.35,1.85,12.0,22.0,0.99,0.71
CzechFirstLeague,2425,2025-04-05,Pardubice,Bohemians 1905,2,0,1.11,3.24,1.11,3.24,5.0,21.0,0.55,1.17
CzechFirstLeague,2425,2025-04-05,Sigma Olomouc,Karviná,1,2,1.98,0.67,1.98,0.67,14.0,7.0,0.49,0.23
CzechFirstLeague,2425,2025-04-05,Slavia Praha,Hradec Králové,2,1,4.4,0.76,4.4,0.76,20.0,5.0,1.65,0.19
CzechFirstLeague,2425,2025-04-05,Slovan Liberec,České Budějovice,2,0,2.0,1.95,2.0,1.95,13.0,13.0,0.74,0.54
CzechFirstLeague,2425,2025-03-30,Hradec Králové,České Budějovice,1,0,2.25,0.27,2.25,0.27,12.0,6.0,0.94,0.12
CzechFirstLeague,2425,2025-03-30,Karviná,Mladá Boleslav,3,1,4.28,1.68,4.28,1.68,24.0,11.0,0.97,0.52
CzechFirstLeague,2425,2025-03-30,Slovácko,Slovan Liberec,0,4,3.08,2.12,3.08,1.36,16.0,11.0,0.94,0.9
CzechFirstLeague,2425,2025-03-30,Sparta Praha,Viktoria Plzeň,2,4,2.21,1.84,2.21,1.84,16.0,11.0,0.96,0.88
CzechFirstLeague,2425,2025-03-29,Baník Ostrava,Pardubice,5,2,2.71,0.92,2.71,0.92,21.0,6.0,1.06,0.68
CzechFirstLeague,2425,2025-03-29,Bohemians 1905,Teplice,1,1,2.73,1.37,2.73,1.37,15.0,10.0,1.05,0.42
CzechFirstLeague,2425,2025-03-29,Dukla Praha,Slavia Praha,0,0,1.74,2.22,1.74,2.22,15.0,15.0,0.38,1.75
CzechFirstLeague,2425,2025-03-29,Jablonec,Sigma Olomouc,0,0,1.42,0.7,1.42,0.7,12.0,7.0,0.58,0.51
CzechFirstLeague,2425,2025-03-16,Sigma Olomouc,Hradec Králové,1,2,1.23,1.21,1.23,1.21,14.0,13.0,0.58,0.57
CzechFirstLeague,2425,2025-03-16,Slavia Praha,Jablonec,3,0,3.28,0.35,2.52,0.35,18.0,4.0,1.03,-0.08
CzechFirstLeague,2425,2025-03-16,Viktoria Plzeň,Baník Ostrava,0,1,1.47,1.58,1.47,1.58,13.0,11.0,1.23,0.65
CzechFirstLeague,2425,2025-03-16,České Budějovice,Karviná,2,3,1.92,3.62,1.92,2.1,14.0,14.0,0.24,0.92
CzechFirstLeague,2425,2025-03-15,Mladá Boleslav,Bohemians 1905,1,2,4.02,1.71,4.02,1.71,24.0,11.0,0.88,0.35
CzechFirstLeague,2425,2025-03-15,Pardubice,Dukla Praha,0,1,1.96,1.51,1.96,0.75,10.0,8.0,0.65,0.32
CzechFirstLeague,2425,2025-03-15,Slovan Liberec,Sparta Praha,1,0,1.04,1.33,1.04,1.33,9.0,13.0,0.7,1.81
CzechFirstLeague,2425,2025-03-15,Teplice,Slovácko,1,0,0.87,1.38,0.87,1.38,10.0,9.0,0.59,0.59
CzechFirstLeague,2425,2025-03-12,Dukla Praha,Karviná,0,0,1.31,0.66,1.31,0.66,15.0,5.0,0.49,0.38
CzechFirstLeague,2425,2025-03-09,Baník Ostrava,Mladá Boleslav,2,1,2.64,2.22,2.64,2.22,19.0,15.0,1.18,0.63
CzechFirstLeague,2425,2025-03-09,Bohemians 1905,Sigma Olomouc,0,1,1.28,2.41,1.28,1.65,8.0,9.0,0.93,0.72
CzechFirstLeague,2425,2025-03-09,Hradec Králové,Karviná,1,1,3.48,0.66,3.48,0.66,27.0,7.0,1.45,0.31
CzechFirstLeague,2425,2025-03-09,Pardubice,Viktoria Plzeň,0,0,1.35,2.34,1.35,2.34,11.0,21.0,0.34,0.78
CzechFirstLeague,2425,2025-03-08,Dukla Praha,Teplice,1,1,0.95,1.72,0.95,1.72,4.0,16.0,0.49,0.68
CzechFirstLeague,2425,2025-03-08,Jablonec,Slovan Liberec,0,0,0.31,0.48,0.31,0.48,6.0,6.0,0.62,0.19
CzechFirstLeague,2425,2025-03-08,Slovácko,České Budějovice,2,1,2.87,1.89,2.87,1.89,9.0,14.0,0.45,0.82
CzechFirstLeague,2425,2025-03-08,Sparta Praha,Slavia Praha,2,0,1.35,0.43,1.35,0.43,11.0,6.0,0.44,0.27
CzechFirstLeague,2425,2025-03-02,Karviná,Slovácko,2,0,2.46,0.23,2.46,0.23,18.0,3.0,0.73,0.2
CzechFirstLeague,2425,2025-03-02,Mladá Boleslav,Viktoria Plzeň,0,2,0.96,1.91,0.96,1.91,11.0,13.0,0.68,0.64
CzechFirstLeague,2425,2025-03-02,Slavia Praha,Bohemians 1905,2,0,4.57,0.29,4.57,0.29,25.0,4.0,1.16,0.03
CzechFirstLeague,2425,2025-03-02,Slovan Liberec,Dukla Praha,1,1,1.25,0.72,1.25,0.72,12.0,6.0,1.07,0.32
CzechFirstLeague,2425,2025-03-01,Hradec Králové,Jablonec,1,1,1.06,3.02,1.06,3.02,8.0,21.0,0.48,1.13
CzechFirstLeague,2425,2025-03-01,Sigma Olomouc,Sparta Praha,1,2,1.49,2.1,0.73,2.1,8.0,9.0,0.6,0.92
CzechFirstLeague,2425,2025-03-01,Teplice,Pardubice,2,0,0.98,0.62,0.98,0.62,11.0,5.0,0.51,0.24
CzechFirstLeague,2425,2025-03-01,České Budějovice,Baník Ostrava,0,4,1.15,4.71,1.15,4.71,11.0,30.0,0.81,0.96
CzechFirstLeague,2425,2025-02-23,Bohemians 1905,Slovan Liberec,0,0,2.52,0.49,2.52,0.49,17.0,6.0,1.01,0.23
CzechFirstLeague,2425,2025-02-23,Jablonec,Karviná,5,0,3.98,1.05,3.98,1.05,19.0,11.0,0.58,0.56
CzechFirstLeague,2425,2025-02-23,Viktoria Plzeň,Slavia Praha,1,3,1.33,1.9,0.57,1.14,7.0,10.0,0.87,0.66
CzechFirstLeague,2425,2025-02-22,Baník Ostrava,Teplice,2,0,3.68,1.03,3.68,1.03,21.0,10.0,0.99,0.35
CzechFirstLeague,2425,2025-02-22,Dukla Praha,Sigma Olomouc,1,3,1.09,2.28,0.33,1.52,6.0,10.0,0.65,0.91
CzechFirstLeague,2425,2025-02-22,Pardubice,Mladá Boleslav,0,3,2.98,2.95,2.22,2.95,19.0,19.0,1.3,0.89
CzechFirstLeague,2425,2025-02-22,Sparta Praha,České Budějovice,2,1,2.74,1.05,2.74,1.05,21.0,8.0,0.92,0.5
CzechFirstLeague,2425,2025-02-16,Hradec Králové,Bohemians 1905,2,2,2.38,1.54,2.38,1.54,13.0,15.0,0.75,0.56
CzechFirstLeague,2425,2025-02-16,Slavia Praha,Baník Ostrava,1,0,3.53,0.62,3.53,0.62,15.0,9.0,1.08,0.47
CzechFirstLeague,2425,2025-02-16,Slovan Liberec,Mladá Boleslav,3,1,2.1,2.32,2.1,1.56,18.0,13.0,0.93,0.82
CzechFirstLeague,2425,2025-02-16,Teplice,Viktoria Plzeň,0,2,0.65,3.22,0.65,3.22,9.0,17.0,0.42,1.1
CzechFirstLeague,2425,2025-02-15,Karviná,Sparta Praha,2,3,2.36,1.32,2.36,1.32,17.0,12.0,0.78,0.74
CzechFirstLeague,2425,2025-02-15,Sigma Olomouc,Pardubice,4,0,3.34,0.36,3.34,0.36,16.0,3.0,1.09,0.56
CzechFirstLeague,2425,2025-02-15,Slovácko,Dukla Praha,0,0,2.66,1.55,2.66,1.55,20.0,13.0,1.23,0.58
CzechFirstLeague,2425,2025-02-15,České Budějovice,Jablonec,2,3,0.71,5.05,0.71,4.29,4.0,21.0,0.21,1.34
CzechFirstLeague,2425,2025-02-09,Baník Ostrava,Sigma Olomouc,1,0,2.38,0.71,2.38,0.71,9.0,8.0,0.52,0.88
CzechFirstLeague,2425,2025-02-09,Bohemians 1905,České Budějovice,1,0,1.72,1.55,1.72,0.79,12.0,9.0,0.92,0.34
CzechFirstLeague,2425,2025-02-09,Jablonec,Slovácko,4,2,2.74,0.66,2.74,0.66,16.0,10.0,1.24,0.34
CzechFirstLeague,2425,2025-02-09,Sparta Praha,Hradec Králové,3,0,4.18,0.29,4.18,0.29,29.0,5.0,1.3,0.15
CzechFirstLeague,2425,2025-02-08,Mladá Boleslav,Teplice,2,1,0.75,2.12,0.75,2.12,7.0,21.0,0.99,1.68
CzechFirstLeague,2425,2025-02-08,Pardubice,Slavia Praha,0,2,0.41,5.36,0.41,4.6,2.0,32.0,0.53,1.78
CzechFirstLeague,2425,2025-02-08,Viktoria Plzeň,Slovan Liberec,3,2,2.52,0.98,2.52,0.98,15.0,12.0,0.6,0.36
CzechFirstLeague,2425,2025-02-03,Sigma Olomouc,Viktoria Plzeň,2,1,1.58,1.85,0.82,1.85,7.0,18.0,0.34,1.45
CzechFirstLeague,2425,2025-02-02,Jablonec,Bohemians 1905,0,1,1.13,0.89,1.13,0.89,11.0,11.0,0.98,0.64
CzechFirstLeague,2425,2025-02-02,Slavia Praha,Mladá Boleslav,1,0,2.9,0.63,2.9,0.63,21.0,7.0,2.33,0.44
CzechFirstLeague,2425,2025-02-02,Slovácko,Sparta Praha,0,2,0.66,1.62,0.66,1.62,8.0,13.0,0.58,0.32
CzechFirstLeague,2425,2025-02-01,Hradec Králové,Pardubice,3,0,1.9,1.6,1.9,1.6,14.0,8.0,1.04,0.5
CzechFirstLeague,2425,2025-02-01,Karviná,Teplice,1,1,0.19,1.57,0.19,1.57,4.0,10.0,0.37,0.78
CzechFirstLeague,2425,2025-02-01,Slovan Liberec,Baník Ostrava,0,1,0.43,3.35,0.43,3.35,4.0,21.0,0.31,1.35
CzechFirstLeague,2425,2025-02-01,České Budějovice,Dukla Praha,0,0,2.24,0.81,2.24,0.81,15.0,6.0,1.11,0.45
CzechFirstLeague,2425,2024-12-15,Mladá Boleslav,Sigma Olomouc,1,3,2.29,1.52,2.29,1.52,19.0,9.0,0.98,0.78
CzechFirstLeague,2425,2024-12-15,Sparta Praha,Jablonec,2,1,2.92,1.21,2.92,1.21,18.0,9.0,1.14,0.55
CzechFirstLeague,2425,2024-12-15,Teplice,Slavia Praha,1,0,0.52,3.55,0.52,3.55,5.0,22.0,0.37,1.71
CzechFirstLeague,2425,2024-12-15,Viktoria Plzeň,České Budějovice,7,2,3.43,0.8,3.43,0.8,18.0,5.0,1.13,0.38
CzechFirstLeague,2425,2024-12-14,Baník Ostrava,Slovácko,3,1,2.77,1.58,2.01,1.58,19.0,14.0,0.93,0.78
CzechFirstLeague,2425,2024-12-14,Bohemians 1905,Karviná,3,3,3.31,1.77,3.31,1.77,24.0,12.0,1.49,0.69
CzechFirstLeague,2425,2024-12-14,Dukla Praha,Hradec Králové,1,2,1.15,1.1,1.15,1.1,13.0,8.0,0.44,0.46
CzechFirstLeague,2425,2024-12-14,Pardubice,Slovan Liberec,1,1,3.19,3.13,3.19,3.13,17.0,16.0,0.66,1.08
CzechFirstLeague,2425,2024-12-08,Hradec Králové,Baník Ostrava,0,1,1.99,1.23,1.99,1.23,20.0,15.0,0.98,0.72
CzechFirstLeague,2425,2024-12-08,Karviná,Viktoria Plzeň,1,2,0.87,2.04,0.87,2.04,9.0,14.0,0.8,0.61
CzechFirstLeague,2425,2024-12-08,Sigma Olomouc,Slavia Praha,1,2,1.12,2.1,1.12,2.1,6.0,11.0,0.06,1.48
CzechFirstLeague,2425,2024-12-08,Slovan Liberec,Teplice,3,0,3.51,1.11,2.75,1.11,13.0,12.0,1.46,0.98
CzechFirstLeague,2425,2024-12-08,České Budějovice,Mladá Boleslav,0,4,1.02,2.45,1.02,1.69,13.0,17.0,0.6,0.55
CzechFirstLeague,2425,2024-12-07,Jablonec,Dukla Praha,2,1,1.75,1.54,1.75,1.54,13.0,12.0,0.91,0.43
CzechFirstLeague,2425,2024-12-07,Slovácko,Pardubice,1,1,2.45,2.01,2.45,2.01,19.0,13.0,0.66,0.64
CzechFirstLeague,2425,2024-12-07,Sparta Praha,Bohemians 1905,1,0,1.71,1.31,1.71,1.31,10.0,14.0,0.92,0.21
CzechFirstLeague,2425,2024-12-05,Baník Ostrava,Slavia Praha,0,1,0.42,2.82,0.42,2.82,7.0,15.0,0.57,1.45
CzechFirstLeague,2425,2024-12-05,Mladá Boleslav,Slovan Liberec,1,0,0.54,0.95,0.54,0.95,8.0,11.0,0.23,0.32
CzechFirstLeague,2425,2024-12-05,Viktoria Plzeň,Teplice,1,1,2.35,2.43,2.35,2.43,17.0,14.0,1.29,0.56
CzechFirstLeague,2425,2024-12-04,Bohemians 1905,Hradec Králové,0,3,1.17,1.42,1.17,1.42,11.0,10.0,0.91,0.38
CzechFirstLeague,2425,2024-12-04,Dukla Praha,Slovácko,1,2,0.91,1.11,0.91,1.11,6.0,8.0,0.62,0.8
CzechFirstLeague,2425,2024-12-04,Jablonec,České Budějovice,5,0,2.57,0.83,1.81,0.83,18.0,9.0,0.75,0.07
CzechFirstLeague,2425,2024-12-04,Pardubice,Sigma Olomouc,2,2,1.39,1.55,1.39,1.55,12.0,11.0,1.28,0.3
CzechFirstLeague,2425,2024-12-03,Sparta Praha,Karviná,4,1,3.59,1.35,3.59,1.35,28.0,11.0,1.27,0.94
CzechFirstLeague,2425,2024-12-01,Mladá Boleslav,Hradec Králové,3,0,2.38,2.3,2.38,2.3,19.0,16.0,0.73,2.3
CzechFirstLeague,2425,2024-12-01,Pardubice,České Budějovice,0,0,3.27,0.03,2.51,0.03,19.0,2.0,1.11,0.05
CzechFirstLeague,2425,2024-12-01,Slavia Praha,Slovan Liberec,1,0,2.5,1.53,2.5,1.53,20.0,7.0,1.09,0.78
CzechFirstLeague,2425,2024-12-01,Viktoria Plzeň,Jablonec,3,2,2.77,1.81,2.01,1.05,14.0,9.0,0.88,0.16
CzechFirstLeague,2425,2024-11-30,Baník Ostrava,Karviná,2,1,5.73,1.44,4.97,1.44,35.0,8.0,1.68,0.62
CzechFirstLeague,2425,2024-11-30,Bohemians 1905,Slovácko,3,3,1.95,3.14,1.95,2.38,13.0,17.0,0.92,1.17
CzechFirstLeague,2425,2024-11-30,Dukla Praha,Sparta Praha,1,1,2.01,1.6,2.01,1.6,13.0,12.0,0.49,0.79
CzechFirstLeague,2425,2024-11-30,Teplice,Sigma Olomouc,1,0,1.51,0.63,1.51,0.63,11.0,8.0,1.33,0.49
CzechFirstLeague,2425,2024-11-27,Sigma Olomouc,Slovácko,2,1,2.75,0.48,2.75,0.48,23.0,7.0,1.28,0.4
CzechFirstLeague,2425,2024-11-24,Bohemians 1905,Dukla Praha,3,1,3.01,1.16,3.01,1.16,19.0,9.0,0.93,0.68
CzechFirstLeague,2425,2024-11-24,Karviná,Pardubice,1,0,0.8,1.43,0.8,1.43,9.0,10.0,0.35,0.54
CzechFirstLeague,2425,2024-11-24,Sigma Olomouc,Slovan Liberec,1,4,1.07,2.98,1.07,2.98,11.0,14.0,0.53,1.26
CzechFirstLeague,2425,2024-11-24,České Budějovice,Slavia Praha,0,4,0.2,2.81,0.2,1.29,6.0,14.0,0.2,0.64
CzechFirstLeague,2425,2024-11-23,Hradec Králové,Viktoria Plzeň,0,1,2.21,1.44,2.21,1.44,14.0,13.0,0.77,0.96
CzechFirstLeague,2425,2024-11-23,Jablonec,Baník Ostrava,3,1,2.3,1.85,2.3,1.85,10.0,20.0,0.38,1.56
CzechFirstLeague,2425,2024-11-23,Slovácko,Mladá Boleslav,1,1,2.09,1.07,2.09,1.07,14.0,12.0,1.35,1.08
CzechFirstLeague,2425,2024-11-23,Sparta Praha,Teplice,1,1,1.59,0.5,1.59,0.5,16.0,6.0,1.08,0.21
CzechFirstLeague,2425,2024-11-10,Mladá Boleslav,Sparta Praha,2,2,1.63,2.76,1.63,2.76,17.0,17.0,0.54,0.94
CzechFirstLeague,2425,2024-11-10,Slavia Praha,Karviná,5,1,6.01,0.41,6.01,0.41,33.0,5.0,1.53,0.33
CzechFirstLeague,2425,2024-11-10,Teplice,České Budějovice,5,2,2.45,0.64,2.45,0.64,16.0,4.0,0.84,0.35
CzechFirstLeague,2425,2024-11-10,Viktoria Plzeň,Bohemians 1905,2,0,2.08,0.34,2.08,0.34,16.0,3.0,0.84,0.53
CzechFirstLeague,2425,2024-11-09,Baník Ostrava,Dukla Praha,6,0,3.1,0.61,3.1,0.61,16.0,4.0,0.59,0.1
CzechFirstLeague,2425,2024-11-09,Pardubice,Jablonec,2,0,1.34,1.53,1.34,1.53,9.0,12.0,0.52,0.65
CzechFirstLeague,2425,2024-11-09,Slovan Liberec,Hradec Králové,0,0,1.73,0.75,1.73,0.75,15.0,9.0,0.47,0.53
CzechFirstLeague,2425,2024-11-03,Bohemians 1905,Pardubice,0,0,2.1,0.24,2.1,0.24,13.0,6.0,0.87,0.38
CzechFirstLeague,2425,2024-11-03,Hradec Králové,Slavia Praha,1,1,0.64,1.9,0.64,1.9,6.0,16.0,0.41,1.16
CzechFirstLeague,2425,2024-11-03,Slovácko,Viktoria Plzeň,1,0,1.06,1.23,1.06,1.23,8.0,11.0,0.55,0.73
CzechFirstLeague,2425,2024-11-03,České Budějovice,Slovan Liberec,0,0,2.21,0.54,2.21,0.54,9.0,8.0,0.92,0.9
CzechFirstLeague,2425,2024-11-02,Dukla Praha,Mladá Boleslav,0,1,1.73,1.22,1.73,1.22,15.0,12.0,0.75,0.5
CzechFirstLeague,2425,2024-11-02,Jablonec,Teplice,3,0,1.25,1.23,1.25,1.23,10.0,13.0,0.31,0.54
CzechFirstLeague,2425,2024-11-02,Karviná,Sigma Olomouc,2,1,2.08,1.76,1.32,1.76,11.0,14.0,0.69,0.68
CzechFirstLeague,2425,2024-11-02,Sparta Praha,Baník Ostrava,1,3,1.32,3.99,1.32,2.47,16.0,14.0,0.87,0.38
CzechFirstLeague,2425,2024-10-27,Mladá Boleslav,Karviná,1,1,2.66,2.08,1.9,2.08,15.0,21.0,1.0,0.82
CzechFirstLeague,2425,2024-10-27,Slavia Praha,Dukla Praha,3,0,3.68,0.23,2.92,0.23,21.0,6.0,1.55,0.05
CzechFirstLeague,2425,2024-10-27,Teplice,Bohemians 1905,1,2,2.07,1.91,2.07,1.91,20.0,8.0,0.84,0.66
CzechFirstLeague,2425,2024-10-27,Viktoria Plzeň,Sparta Praha,1,0,0.97,0.9,0.97,0.9,12.0,10.0,0.3,0.7
CzechFirstLeague,2425,2024-10-26,Pardubice,Baník Ostrava,2,3,2.58,2.4,1.82,1.64,16.0,19.0,0.78,1.26
CzechFirstLeague,2425,2024-10-26,Sigma Olomouc,Jablonec,0,0,1.81,0.86,1.81,0.86,14.0,9.0,0.59,0.77
CzechFirstLeague,2425,2024-10-26,Slovan Liberec,Slovácko,4,0,2.83,1.3,2.07,1.3,24.0,6.0,1.13,0.46
CzechFirstLeague,2425,2024-10-26,České Budějovice,Hradec Králové,0,2,2.26,1.91,2.26,1.91,18.0,11.0,0.64,0.73
CzechFirstLeague,2425,2024-10-20,Bohemians 1905,Mladá Boleslav,2,2,3.65,1.52,2.89,0.76,20.0,6.0,1.36,0.63
CzechFirstLeague,2425,2024-10-20,Jablonec,Slavia Praha,1,2,0.44,1.99,0.44,1.99,11.0,13.0,0.72,1.48
CzechFirstLeague,2425,2024-10-20,Karviná,České Budějovice,4,1,1.88,1.36,1.88,1.36,21.0,13.0,0.59,0.91
CzechFirstLeague,2425,2024-10-20,Slovácko,Teplice,0,2,1.73,1.13,0.97,1.13,14.0,8.0,0.61,0.17
CzechFirstLeague,2425,2024-10-19,Baník Ostrava,Viktoria Plzeň,1,3,2.44,1.82,2.44,1.82,21.0,10.0,1.59,1.03
CzechFirstLeague,2425,2024-10-19,Dukla Praha,Pardubice,2,1,1.51,1.08,1.51,1.08,10.0,10.0,0.82,0.97
CzechFirstLeague,2425,2024-10-19,Hradec Králové,Sigma Olomouc,1,1,2.64,0.53,1.88,0.53,20.0,5.0,1.33,0.24
CzechFirstLeague,2425,2024-10-19,Sparta Praha,Slovan Liberec,2,1,1.45,0.92,1.45,0.92,10.0,10.0,0.95,0.16
CzechFirstLeague,2425,2024-10-06,Mladá Boleslav,Baník Ostrava,0,0,1.24,2.16,1.24,2.16,13.0,20.0,1.33,0.72
CzechFirstLeague,2425,2024-10-06,Sigma Olomouc,Bohemians 1905,1,3,1.11,2.14,1.11,2.14,9.0,14.0,0.74,0.84
CzechFirstLeague,2425,2024-10-06,Slavia Praha,Sparta Praha,2,1,1.6,1.18,1.6,1.18,14.0,11.0,0.6,0.3
CzechFirstLeague,2425,2024-10-06,Viktoria Plzeň,Pardubice,2,0,2.96,1.6,2.96,1.6,17.0,15.0,1.73,0.81
CzechFirstLeague,2425,2024-10-05,Karviná,Hradec Králové,0,0,1.11,1.68,1.11,1.68,10.0,15.0,0.54,0.63
CzechFirstLeague,2425,2024-10-05,Slovan Liberec,Jablonec,0,5,0.78,1.6,0.78,1.6,11.0,14.0,0.58,0.76
CzechFirstLeague,2425,2024-10-05,Teplice,Dukla Praha,1,1,2.82,1.52,2.82,1.52,17.0,7.0,0.97,0.36
CzechFirstLeague,2425,2024-10-05,České Budějovice,Slovácko,0,2,0.93,1.65,0.93,0.89,12.0,10.0,1.14,0.47
CzechFirstLeague,2425,2024-09-29,Baník Ostrava,České Budějovice,2,1,2.03,1.75,1.27,1.75,12.0,11.0,0.75,0.65
CzechFirstLeague,2425,2024-09-29,Bohemians 1905,Slavia Praha,0,4,0.3,3.17,0.3,3.17,4.0,20.0,0.24,1.51
CzechFirstLeague,2425,2024-09-29,Viktoria Plzeň,Mladá Boleslav,1,1,3.93,1.12,3.93,1.12,22.0,8.0,2.32,0.32
CzechFirstLeague,2425,2024-09-28,Dukla Praha,Slovan Liberec,1,4,1.96,4.27,1.96,4.27,17.0,24.0,0.71,1.32
CzechFirstLeague,2425,2024-09-28,Jablonec,Hradec Králové,2,0,3.37,1.2,3.37,1.2,25.0,10.0,0.93,0.47
CzechFirstLeague,2425,2024-09-28,Pardubice,Teplice,0,1,0.37,2.26,0.37,1.5,4.0,19.0,0.13,1.15
CzechFirstLeague,2425,2024-09-28,Slovácko,Karviná,2,1,0.76,1.65,0.76,1.65,6.0,20.0,0.39,0.98
CzechFirstLeague,2425,2024-09-27,Sparta Praha,Sigma Olomouc,2,3,1.19,2.13,1.19,2.13,16.0,6.0,1.02,0.42
CzechFirstLeague,2425,2024-09-22,Mladá Boleslav,Pardubice,2,2,1.33,1.15,1.33,1.15,10.0,7.0,0.55,0.39
CzechFirstLeague,2425,2024-09-22,Sigma Olomouc,Dukla Praha,2,1,1.42,0.5,1.42,0.5,12.0,5.0,0.57,0.6
CzechFirstLeague,2425,2024-09-22,Slovan Liberec,Bohemians 1905,2,2,1.67,1.68,0.91,1.68,13.0,12.0,0.65,0.83
CzechFirstLeague,2425,2024-09-22,České Budějovice,Sparta Praha,0,2,1.23,2.97,1.23,2.97,9.0,19.0,0.16,1.74
CzechFirstLeague,2425,2024-09-21,Hradec Králové,Slovácko,3,0,1.34,0.22,1.34,0.22,9.0,6.0,0.44,0.34
CzechFirstLeague,2425,2024-09-21,Karviná,Jablonec,1,0,2.05,1.34,2.05,1.34,16.0,14.0,0.52,0.94
CzechFirstLeague,2425,2024-09-21,Slavia Praha,Viktoria Plzeň,3,0,3.44,0.93,2.68,0.93,19.0,10.0,1.12,0.84
CzechFirstLeague,2425,2024-09-21,Teplice,Baník Ostrava,2,3,1.81,1.34,1.81,1.34,11.0,12.0,0.96,0.48
CzechFirstLeague,2425,2024-09-17,Mladá Boleslav,Slavia Praha,0,2,0.36,3.05,0.36,3.05,5.0,15.0,0.38,1.22
CzechFirstLeague,2425,2024-09-17,Viktoria Plzeň,Sigma Olomouc,2,1,1.62,1.02,1.62,1.02,15.0,14.0,0.64,0.36
CzechFirstLeague,2425,2024-09-01,Karviná,Dukla Praha,0,0,1.62,0.56,1.62,0.56,20.0,4.0,1.17,0.47
CzechFirstLeague,2425,2024-09-01,Sigma Olomouc,Baník Ostrava,2,2,2.28,1.29,1.52,1.29,16.0,15.0,0.9,1.39
CzechFirstLeague,2425,2024-09-01,Slavia Praha,Pardubice,2,0,3.32,0.66,3.32,0.66,20.0,12.0,1.21,0.19
CzechFirstLeague,2425,2024-09-01,Slovan Liberec,Viktoria Plzeň,1,1,1.62,2.22,1.62,2.22,18.0,12.0,0.62,0.63
CzechFirstLeague,2425,2024-09-01,Teplice,Mladá Boleslav,1,2,2.99,2.32,2.99,2.32,18.0,13.0,1.12,0.67
CzechFirstLeague,2425,2024-08-31,Hradec Králové,Sparta Praha,0,2,1.47,1.71,1.47,1.71,16.0,12.0,1.07,0.56
CzechFirstLeague,2425,2024-08-31,Slovácko,Jablonec,0,0,1.55,1.85,1.55,1.85,13.0,12.0,1.0,0.57
CzechFirstLeague,2425,2024-08-31,České Budějovice,Bohemians 1905,0,0,0.94,2.49,0.94,2.49,13.0,22.0,0.41,1.52
CzechFirstLeague,2425,2024-08-28,Karviná,Baník Ostrava,0,0,1.46,0.27,1.46,0.27,19.0,3.0,0.72,0.51
CzechFirstLeague,2425,2024-08-25,Baník Ostrava,Slovan Liberec,2,0,1.4,1.19,1.4,1.19,12.0,13.0,0.61,1.33
CzechFirstLeague,2425,2024-08-25,Dukla Praha,České Budějovice,3,0,2.33,2.05,2.33,2.05,12.0,12.0,1.68,0.64
CzechFirstLeague,2425,2024-08-24,Bohemians 1905,Jablonec,1,2,3.21,1.75,2.45,1.75,23.0,12.0,1.0,0.56
CzechFirstLeague,2425,2024-08-24,Pardubice,Hradec Králové,2,1,1.19,1.38,1.19,1.38,10.0,12.0,0.68,0.57
CzechFirstLeague,2425,2024-08-24,Sparta Praha,Slovácko,2,2,3.1,0.94,2.34,0.94,17.0,7.0,1.18,0.16
CzechFirstLeague,2425,2024-08-24,Teplice,Karviná,1,3,1.45,1.16,1.45,1.16,14.0,10.0,0.55,0.74
CzechFirstLeague,2425,2024-08-18,Sigma Olomouc,Mladá Boleslav,3,2,2.89,1.43,2.89,1.43,17.0,9.0,0.63,0.72
CzechFirstLeague,2425,2024-08-18,Slovan Liberec,Pardubice,3,0,2.46,1.37,2.46,0.61,14.0,9.0,0.63,0.5
CzechFirstLeague,2425,2024-08-18,Slovácko,Baník Ostrava,1,0,1.54,1.95,1.54,1.95,11.0,14.0,0.44,0.71
CzechFirstLeague,2425,2024-08-18,České Budějovice,Viktoria Plzeň,0,3,0.96,2.79,0.96,2.03,10.0,17.0,0.98,0.72
CzechFirstLeague,2425,2024-08-17,Hradec Králové,Dukla Praha,1,0,2.16,0.55,1.4,0.55,11.0,12.0,1.28,0.29
CzechFirstLeague,2425,2024-08-17,Jablonec,Sparta Praha,1,2,1.66,2.87,1.66,2.87,12.0,20.0,0.64,0.9
CzechFirstLeague,2425,2024-08-17,Karviná,Bohemians 1905,1,2,2.4,2.6,2.4,2.6,19.0,17.0,1.33,0.31
CzechFirstLeague,2425,2024-08-17,Slavia Praha,Teplice,2,1,2.62,1.46,2.62,1.46,23.0,8.0,1.89,0.4
CzechFirstLeague,2425,2024-08-11,Baník Ostrava,Hradec Králové,1,0,2.91,0.89,2.91,0.13,27.0,4.0,1.66,-0.0
CzechFirstLeague,2425,2024-08-11,Mladá Boleslav,České Budějovice,4,0,2.35,1.66,2.35,1.66,11.0,14.0,0.56,0.34
CzechFirstLeague,2425,2024-08-11,Pardubice,Slovácko,0,1,0.71,1.11,0.71,1.11,9.0,7.0,0.36,0.58
CzechFirstLeague,2425,2024-08-11,Viktoria Plzeň,Karviná,5,0,4.63,0.44,3.87,0.44,22.0,8.0,1.31,0.12
CzechFirstLeague,2425,2024-08-10,Bohemians 1905,Sparta Praha,1,2,1.38,2.9,1.38,2.9,9.0,24.0,0.65,1.06
CzechFirstLeague,2425,2024-08-10,Dukla Praha,Jablonec,0,2,2.28,1.18,1.52,1.18,10.0,15.0,0.47,0.75
CzechFirstLeague,2425,2024-08-10,Slavia Praha,Sigma Olomouc,2,0,2.35,0.15,1.59,0.15,14.0,3.0,0.56,0.28
CzechFirstLeague,2425,2024-08-10,Teplice,Slovan Liberec,2,1,2.7,1.97,2.7,1.97,18.0,16.0,0.4,0.95
CzechFirstLeague,2425,2024-08-04,Hradec Králové,Mladá Boleslav,2,1,1.0,2.05,1.0,2.05,7.0,24.0,0.3,1.17
CzechFirstLeague,2425,2024-08-04,České Budějovice,Pardubice,1,3,2.72,0.75,2.72,0.75,15.0,7.0,1.03,0.2
CzechFirstLeague,2425,2024-08-03,Jablonec,Viktoria Plzeň,0,0,0.99,0.86,0.99,0.86,12.0,9.0,0.37,0.55
CzechFirstLeague,2425,2024-08-03,Sigma Olomouc,Teplice,2,1,1.19,1.67,1.19,1.67,11.0,16.0,0.41,0.48
CzechFirstLeague,2425,2024-08-03,Slovácko,Bohemians 1905,0,0,1.05,1.1,1.05,1.1,15.0,12.0,0.96,0.56
CzechFirstLeague,2425,2024-08-02,Slovan Liberec,Slavia Praha,0,1,0.87,0.4,0.87,0.4,10.0,8.0,0.2,0.19
CzechFirstLeague,2425,2024-08-02,Sparta Praha,Dukla Praha,2,0,3.05,0.35,2.29,0.35,16.0,6.0,0.84,0.08
CzechFirstLeague,2425,2024-07-28,Baník Ostrava,Jablonec,1,0,2.03,0.79,2.03,0.79,13.0,10.0,0.79,0.73
CzechFirstLeague,2425,2024-07-28,Mladá Boleslav,Slovácko,3,0,2.33,1.55,2.33,1.55,16.0,16.0,0.65,1.29
CzechFirstLeague,2425,2024-07-28,Slovan Liberec,Sigma Olomouc,1,1,2.6,1.61,2.6,0.85,15.0,7.0,1.43,0.52
CzechFirstLeague,2425,2024-07-28,Viktoria Plzeň,Hradec Králové,1,0,1.79,0.35,1.03,0.35,9.0,3.0,0.42,0.46
CzechFirstLeague,2425,2024-07-27,Dukla Praha,Bohemians 1905,1,0,0.26,2.53,0.26,2.53,6.0,19.0,0.29,1.58
CzechFirstLeague,2425,2024-07-27,Pardubice,Karviná,0,1,0.54,3.16,0.54,3.16,9.0,22.0,0.17,0.87
CzechFirstLeague,2425,2024-07-27,Slavia Praha,České Budějovice,4,0,2.86,0.39,2.86,0.39,19.0,6.0,1.35,0.23
CzechFirstLeague,2425,2024-07-27,Teplice,Sparta Praha,1,4,0.97,2.48,0.97,2.48,12.0,16.0,0.74,1.26
CzechFirstLeague,2425,2024-07-21,Hradec Králové,Teplice,1,0,0.61,1.25,0.61,1.25,7.0,10.0,0.58,0.68
CzechFirstLeague,2425,2024-07-21,Karviná,Slovan Liberec,1,3,1.33,2.69,1.33,2.69,16.0,16.0,0.55,0.23
CzechFirstLeague,2425,2024-07-21,Slovácko,Slavia Praha,0,0,0.41,0.85,0.41,0.85,7.0,11.0,0.23,0.55
CzechFirstLeague,2425,2024-07-20,Bohemians 1905,Baník Ostrava,2,1,2.33,1.59,2.33,1.59,18.0,12.0,1.12,0.58
CzechFirstLeague,2425,2024-07-20,Dukla Praha,Viktoria Plzeň,1,3,1.35,2.03,1.35,1.27,9.0,13.0,0.53,1.29
CzechFirstLeague,2425,2024-07-20,Jablonec,Mladá Boleslav,2,0,2.01,0.8,2.01,0.8,16.0,9.0,0.8,0.58
CzechFirstLeague,2425,2024-07-20,České Budějovice,Sigma Olomouc,0,2,0.53,2.39,0.53,2.39,7.0,16.0,0.46,0.77
CzechFirstLeague,2425,2024-07-19,Sparta Praha,Pardubice,2,1,3.56,0.6,3.56,0.6,25.0,9.0,1.51,0.28
CzechFirstLeague,2526,2026-05-24,Jablonec,Slovan Liberec,2,1,3.01,1.26,3.01,1.26,24.0,10.0,1.16,0.85
CzechFirstLeague,2526,2026-05-24,Sparta Praha,Hradec Králové,2,1,1.55,0.91,1.55,0.91,16.0,5.0,0.95,0.08
CzechFirstLeague,2526,2026-05-24,Slavia Praha,Viktoria Plzeň,3,0,2.6,0.35,1.84,0.35,10.0,8.0,0.51,0.52
CzechFirstLeague,2526,2026-05-23,Dukla Praha,Baník Ostrava,0,3,0.65,2.51,0.65,2.51,10.0,15.0,0.56,1.04
CzechFirstLeague,2526,2026-05-23,Zlín,Slovácko,1,0,0.44,0.65,0.44,0.65,6.0,15.0,0.25,0.7
CzechFirstLeague,2526,2026-05-23,Mladá Boleslav,Teplice,0,2,3.09,3.09,2.33,3.09,23.0,11.0,1.24,0.71
CzechFirstLeague,2526,2026-05-23,Sigma Olomouc,Karviná,4,0,2.88,0.49,2.88,0.49,21.0,7.0,0.73,0.55
CzechFirstLeague,2526,2026-05-17,Viktoria Plzeň,Jablonec,5,0,3.16,0.8,2.4,0.8,18.0,9.0,0.77,0.56
CzechFirstLeague,2526,2026-05-17,Slovan Liberec,Sparta Praha,0,2,0.98,3.23,0.98,3.23,13.0,16.0,0.67,1.26
CzechFirstLeague,2526,2026-05-17,Hradec Králové,Slavia Praha,3,1,1.8,2.82,1.8,2.82,13.0,16.0,0.38,1.52
CzechFirstLeague,2526,2026-05-16,Teplice,Dukla Praha,2,0,1.36,0.92,1.36,0.92,8.0,13.0,0.56,0.35
CzechFirstLeague,2526,2026-05-16,Baník Ostrava,Zlín,2,0,3.08,0.0,3.08,0.0,24.0,0.0,1.19,0.34
CzechFirstLeague,2526,2026-05-16,Slovácko,Mladá Boleslav,0,3,1.05,2.22,1.05,2.22,13.0,11.0,0.85,0.7
CzechFirstLeague,2526,2026-05-16,Karviná,Sigma Olomouc,1,3,2.53,2.24,2.53,2.24,15.0,15.0,0.68,1.11
CzechFirstLeague,2526,2026-05-13,Slavia Praha,Jablonec,5,1,4.57,0.51,4.57,0.51,21.0,6.0,1.41,0.57
CzechFirstLeague,2526,2026-05-13,Hradec Králové,Slovan Liberec,1,0,2.32,0.97,2.32,0.97,11.0,18.0,0.51,0.5
CzechFirstLeague,2526,2026-05-12,Sparta Praha,Viktoria Plzeň,0,0,0.3,0.95,0.3,0.95,6.0,19.0,0.43,0.48
CzechFirstLeague,2526,2026-05-12,Slovácko,Baník Ostrava,2,1,0.5,0.69,0.5,0.69,8.0,10.0,0.45,0.68
CzechFirstLeague,2526,2026-05-12,Zlín,Teplice,2,4,1.15,2.83,1.15,2.83,9.0,12.0,0.99,0.81
CzechFirstLeague,2526,2026-05-12,Mladá Boleslav,Dukla Praha,1,2,1.1,2.87,1.1,2.87,18.0,13.0,0.66,0.72
CzechFirstLeague,2526,2026-05-10,Jablonec,Hradec Králové,1,1,1.23,1.1,1.23,1.1,12.0,11.0,0.74,0.84
CzechFirstLeague,2526,2026-05-10,Sigma Olomouc,Bohemians 1905,1,2,3.26,2.36,2.5,2.36,23.0,14.0,1.69,0.54
CzechFirstLeague,2526,2026-05-10,Pardubice,Karviná,1,3,2.28,4.33,2.28,3.57,17.0,19.0,0.72,0.87
CzechFirstLeague,2526,2026-05-09,Slavia Praha,Sparta Praha,3,2,2.97,3.35,2.97,3.35,12.0,19.0,0.35,0.96
CzechFirstLeague,2526,2026-05-09,Viktoria Plzeň,Slovan Liberec,2,0,2.54,0.46,2.54,0.46,17.0,6.0,0.75,0.34
CzechFirstLeague,2526,2026-05-09,Dukla Praha,Slovácko,0,1,0.53,3.04,0.53,3.04,6.0,16.0,0.41,1.15
CzechFirstLeague,2526,2026-05-09,Teplice,Baník Ostrava,2,1,1.01,1.62,1.01,1.62,7.0,17.0,0.62,0.74
CzechFirstLeague,2526,2026-05-09,Mladá Boleslav,Zlín,1,1,1.82,1.13,1.82,1.13,19.0,16.0,0.48,0.78
CzechFirstLeague,2526,2026-05-03,Sparta Praha,Jablonec,2,0,2.33,0.96,2.33,0.96,19.0,12.0,1.62,0.36
CzechFirstLeague,2526,2026-05-03,Viktoria Plzeň,Hradec Králové,3,1,3.86,1.46,3.86,1.46,24.0,8.0,1.82,0.38
CzechFirstLeague,2526,2026-05-03,Teplice,Slovácko,1,1,0.44,1.29,0.44,1.29,7.0,9.0,0.49,0.53
CzechFirstLeague,2526,2026-05-02,Slovan Liberec,Slavia Praha,1,2,0.86,0.71,0.86,0.71,7.0,9.0,0.46,0.56
CzechFirstLeague,2526,2026-05-02,Zlín,Dukla Praha,2,1,1.8,2.57,1.04,2.57,11.0,16.0,0.51,0.95
CzechFirstLeague,2526,2026-05-02,Baník Ostrava,Mladá Boleslav,0,0,0.62,0.59,0.62,0.59,9.0,8.0,0.82,0.3
CzechFirstLeague,2526,2026-05-02,Bohemians 1905,Sigma Olomouc,1,3,2.51,1.93,1.75,1.93,10.0,21.0,0.61,0.73
CzechFirstLeague,2526,2026-05-02,Karviná,Pardubice,1,2,1.0,2.15,1.0,2.15,11.0,12.0,0.69,0.8
CzechFirstLeague,2526,2026-04-25,Karviná,Mladá Boleslav,0,3,0.79,1.55,0.79,1.55,9.0,14.0,0.37,0.57
CzechFirstLeague,2526,2026-04-25,Teplice,Hradec Králové,0,1,2.1,1.9,2.1,1.14,17.0,9.0,0.78,1.18
CzechFirstLeague,2526,2026-04-25,Baník Ostrava,Viktoria Plzeň,0,1,1.33,1.6,1.33,1.6,9.0,16.0,1.11,0.56
CzechFirstLeague,2526,2026-04-25,Pardubice,Zlín,3,1,1.51,1.61,1.51,1.61,9.0,10.0,0.44,0.78
CzechFirstLeague,2526,2026-04-25,Bohemians 1905,Sparta Praha,2,0,2.5,0.6,2.5,0.6,12.0,5.0,0.75,0.23
CzechFirstLeague,2526,2026-04-25,Jablonec,Slovan Liberec,1,2,2.39,0.65,0.87,0.65,10.0,10.0,0.34,0.33
CzechFirstLeague,2526,2026-04-25,Slavia Praha,Sigma Olomouc,2,1,4.94,0.55,4.94,0.55,31.0,4.0,2.54,0.26
CzechFirstLeague,2526,2026-04-25,Slovácko,Dukla Praha,1,2,1.31,0.45,1.31,0.45,15.0,6.0,1.4,0.49
CzechFirstLeague,2526,2026-04-19,Viktoria Plzeň,Pardubice,0,1,1.26,1.31,1.26,1.31,16.0,9.0,1.03,0.41
CzechFirstLeague,2526,2026-04-19,Hradec Králové,Slavia Praha,2,1,1.76,3.33,1.0,2.57,8.0,21.0,0.23,0.83
CzechFirstLeague,2526,2026-04-19,Sigma Olomouc,Slovácko,2,1,3.94,1.62,3.18,0.86,22.0,10.0,1.09,0.49
CzechFirstLeague,2526,2026-04-18,Sparta Praha,Jablonec,3,1,2.07,0.76,2.07,0.76,14.0,7.0,0.87,0.37
CzechFirstLeague,2526,2026-04-18,Slovan Liberec,Mladá Boleslav,0,0,1.13,0.27,1.13,0.27,16.0,4.0,0.61,0.36
CzechFirstLeague,2526,2026-04-18,Dukla Praha,Karviná,1,2,1.91,1.94,1.91,1.94,15.0,16.0,1.64,0.68
CzechFirstLeague,2526,2026-04-18,Zlín,Teplice,3,2,1.55,2.17,1.55,1.41,12.0,12.0,0.5,0.59
CzechFirstLeague,2526,2026-04-18,Baník Ostrava,Bohemians 1905,0,2,1.71,1.06,0.95,1.06,10.0,10.0,1.31,0.28
CzechFirstLeague,2526,2026-04-12,Slavia Praha,Viktoria Plzeň,0,0,3.01,0.81,3.01,0.81,20.0,11.0,1.22,0.54
CzechFirstLeague,2526,2026-04-12,Mladá Boleslav,Dukla Praha,1,1,2.09,1.02,2.09,1.02,15.0,13.0,1.09,0.59
CzechFirstLeague,2526,2026-04-12,Pardubice,Sigma Olomouc,2,1,1.34,3.78,0.58,3.02,7.0,19.0,0.21,1.27
CzechFirstLeague,2526,2026-04-12,Teplice,Sparta Praha,0,1,0.39,1.29,0.39,1.29,9.0,12.0,0.36,1.04
CzechFirstLeague,2526,2026-04-12,Karviná,Slovan Liberec,3,1,2.01,2.09,2.01,2.09,15.0,10.0,0.34,0.74
CzechFirstLeague,2526,2026-04-11,Slovácko,Hradec Králové,1,3,1.06,2.29,1.06,2.29,6.0,11.0,0.53,1.35
CzechFirstLeague,2526,2026-04-11,Bohemians 1905,Zlín,2,1,2.57,1.56,2.57,1.56,21.0,16.0,0.69,0.96
CzechFirstLeague,2526,2026-04-11,Jablonec,Baník Ostrava,4,1,3.94,0.9,3.94,0.9,10.0,11.0,0.89,0.34
CzechFirstLeague,2526,2026-04-05,Sparta Praha,Karviná,2,0,2.42,1.37,2.42,1.37,17.0,13.0,0.58,0.44
CzechFirstLeague,2526,2026-04-05,Baník Ostrava,Slavia Praha,0,2,1.19,2.78,0.43,2.02,8.0,14.0,0.18,0.53
CzechFirstLeague,2526,2026-04-05,Hradec Králové,Bohemians 1905,2,0,1.1,1.25,1.1,1.25,7.0,12.0,0.66,0.81
CzechFirstLeague,2526,2026-04-04,Viktoria Plzeň,Teplice,2,2,3.69,1.01,2.93,1.01,30.0,8.0,1.07,0.2
CzechFirstLeague,2526,2026-04-04,Zlín,Jablonec,0,3,0.55,2.43,0.55,2.43,11.0,13.0,0.25,0.88
CzechFirstLeague,2526,2026-04-04,Slovan Liberec,Slovácko,2,1,1.83,0.3,1.83,0.3,20.0,5.0,0.97,0.25
CzechFirstLeague,2526,2026-04-04,Sigma Olomouc,Mladá Boleslav,2,4,1.08,2.59,1.08,2.59,12.0,16.0,0.44,0.7
CzechFirstLeague,2526,2026-04-04,Dukla Praha,Pardubice,0,2,1.06,1.36,1.06,1.36,8.0,12.0,1.14,0.7
CzechFirstLeague,2526,2026-03-15,Sparta Praha,Slovácko,5,2,4.09,1.64,4.09,1.64,18.0,15.0,1.75,0.43
CzechFirstLeague,2526,2026-03-15,Sigma Olomouc,Karviná,2,2,3.91,1.36,3.91,1.36,18.0,9.0,1.6,0.72
CzechFirstLeague,2526,2026-03-15,Viktoria Plzeň,Bohemians 1905,2,0,3.43,1.04,2.67,1.04,19.0,7.0,0.79,1.2
CzechFirstLeague,2526,2026-03-15,Slovan Liberec,Teplice,1,1,1.6,0.68,0.84,0.68,16.0,9.0,0.83,0.3
CzechFirstLeague,2526,2026-03-14,Zlín,Slavia Praha,1,3,2.54,3.18,2.54,3.18,6.0,22.0,0.75,1.55
CzechFirstLeague,2526,2026-03-14,Mladá Boleslav,Pardubice,2,0,1.66,0.7,1.66,0.7,10.0,11.0,0.67,0.67
CzechFirstLeague,2526,2026-03-14,Dukla Praha,Jablonec,2,0,1.91,2.32,1.91,2.32,10.0,20.0,0.38,0.69
CzechFirstLeague,2526,2026-03-14,Hradec Králové,Baník Ostrava,1,0,1.33,1.23,1.33,1.23,6.0,12.0,0.65,0.77
CzechFirstLeague,2526,2026-03-08,Slavia Praha,Sparta Praha,3,1,3.01,1.54,2.25,1.54,15.0,6.0,0.89,0.5
CzechFirstLeague,2526,2026-03-08,Karviná,Pardubice,1,2,2.27,1.49,1.51,1.49,13.0,8.0,0.78,0.6
CzechFirstLeague,2526,2026-03-08,Hradec Králové,Viktoria Plzeň,0,3,0.69,2.18,0.69,2.18,12.0,22.0,1.48,0.95
CzechFirstLeague,2526,2026-03-08,Baník Ostrava,Zlín,6,2,3.27,1.71,3.27,1.71,13.0,13.0,0.7,0.65
CzechFirstLeague,2526,2026-03-07,Jablonec,Sigma Olomouc,1,2,1.78,1.38,1.02,1.38,10.0,9.0,0.89,0.51
CzechFirstLeague,2526,2026-03-07,Slovácko,Mladá Boleslav,2,2,2.94,1.91,2.94,1.91,23.0,15.0,1.07,0.79
CzechFirstLeague,2526,2026-03-07,Bohemians 1905,Slovan Liberec,0,0,1.08,1.39,1.08,1.39,8.0,16.0,0.42,0.96
CzechFirstLeague,2526,2026-03-07,Teplice,Dukla Praha,0,0,1.16,1.31,1.16,1.31,11.0,13.0,0.4,0.5
CzechFirstLeague,2526,2026-03-01,Sigma Olomouc,Bohemians 1905,1,0,0.44,1.98,0.44,1.98,7.0,16.0,0.56,0.54
CzechFirstLeague,2526,2026-03-01,Zlín,Viktoria Plzeň,3,0,1.58,1.58,1.58,1.58,9.0,15.0,0.11,1.1
CzechFirstLeague,2526,2026-03-01,Karviná,Slovácko,0,2,1.39,1.64,1.39,1.64,15.0,10.0,1.11,0.23
CzechFirstLeague,2526,2026-02-28,Sparta Praha,Baník Ostrava,5,2,3.92,0.54,3.16,0.54,19.0,7.0,1.78,0.53
CzechFirstLeague,2526,2026-02-28,Mladá Boleslav,Jablonec,3,0,1.4,1.13,1.4,1.13,10.0,16.0,0.4,0.7
CzechFirstLeague,2526,2026-02-28,Pardubice,Teplice,1,1,1.82,2.06,1.82,1.3,13.0,10.0,0.72,0.35
CzechFirstLeague,2526,2026-02-28,Slovan Liberec,Hradec Králové,0,1,0.53,0.52,0.53,0.52,9.0,7.0,0.65,0.48
CzechFirstLeague,2526,2026-02-27,Dukla Praha,Slavia Praha,0,2,1.09,2.14,1.09,1.38,8.0,10.0,0.78,0.67
CzechFirstLeague,2526,2026-02-22,Viktoria Plzeň,Sparta Praha,0,0,2.58,1.14,1.82,1.14,21.0,11.0,0.43,0.29
CzechFirstLeague,2526,2026-02-22,Teplice,Sigma Olomouc,1,3,0.91,1.75,0.91,1.75,20.0,11.0,0.87,0.55
CzechFirstLeague,2526,2026-02-22,Baník Ostrava,Mladá Boleslav,0,0,1.72,0.85,1.72,0.85,16.0,11.0,0.69,0.46
CzechFirstLeague,2526,2026-02-22,Bohemians 1905,Dukla Praha,1,0,2.34,0.24,1.58,0.24,16.0,5.0,0.54,0.14
CzechFirstLeague,2526,2026-02-21,Slavia Praha,Slovan Liberec,1,0,2.7,0.41,1.94,0.41,16.0,9.0,0.79,0.58
CzechFirstLeague,2526,2026-02-21,Slovácko,Pardubice,2,0,1.43,2.03,1.43,2.03,9.0,18.0,0.27,1.35
CzechFirstLeague,2526,2026-02-21,Jablonec,Karviná,1,0,1.82,1.28,1.82,1.28,15.0,18.0,0.84,0.52
CzechFirstLeague,2526,2026-02-21,Hradec Králové,Zlín,0,0,0.6,0.58,0.6,0.58,10.0,7.0,1.04,0.29
CzechFirstLeague,2526,2026-02-15,Sparta Praha,Hradec Králové,2,0,2.33,1.16,1.57,1.16,14.0,11.0,1.03,0.23
CzechFirstLeague,2526,2026-02-15,Mladá Boleslav,Teplice,0,0,0.34,1.16,0.34,1.16,8.0,12.0,0.47,0.25
CzechFirstLeague,2526,2026-02-15,Slovan Liberec,Baník Ostrava,1,0,2.1,1.23,2.1,1.23,15.0,12.0,0.9,0.88
CzechFirstLeague,2526,2026-02-15,Pardubice,Jablonec,0,2,1.88,1.23,1.88,1.23,14.0,12.0,0.7,0.21
CzechFirstLeague,2526,2026-02-14,Sigma Olomouc,Viktoria Plzeň,1,2,0.91,1.1,0.91,1.1,13.0,16.0,0.95,0.49
CzechFirstLeague,2526,2026-02-14,Karviná,Slavia Praha,1,3,1.32,2.08,1.32,2.08,11.0,21.0,0.74,1.02
CzechFirstLeague,2526,2026-02-14,Slovácko,Bohemians 1905,1,2,0.68,2.22,0.68,2.22,12.0,15.0,0.92,0.52
CzechFirstLeague,2526,2026-02-14,Dukla Praha,Zlín,0,0,0.66,1.41,0.66,0.65,10.0,9.0,0.87,0.86
CzechFirstLeague,2526,2026-02-08,Viktoria Plzeň,Slovan Liberec,3,1,1.47,1.16,1.47,1.16,17.0,16.0,0.61,0.97
CzechFirstLeague,2526,2026-02-08,Bohemians 1905,Pardubice,1,2,1.53,1.82,1.53,1.82,16.0,7.0,1.78,0.82
CzechFirstLeague,2526,2026-02-08,Zlín,Sparta Praha,0,3,0.48,2.07,0.48,2.07,5.0,18.0,0.11,0.82
CzechFirstLeague,2526,2026-02-08,Hradec Králové,Dukla Praha,3,0,2.86,2.43,2.86,2.43,14.0,19.0,1.14,1.3
CzechFirstLeague,2526,2026-02-07,Slavia Praha,Mladá Boleslav,4,0,4.04,0.35,4.04,0.35,20.0,8.0,2.1,0.18
CzechFirstLeague,2526,2026-02-07,Teplice,Karviná,2,0,1.58,1.01,1.58,1.01,14.0,6.0,0.99,0.3
CzechFirstLeague,2526,2026-02-07,Jablonec,Slovácko,0,0,0.55,1.31,0.55,1.31,6.0,15.0,0.64,0.58
CzechFirstLeague,2526,2026-02-07,Baník Ostrava,Sigma Olomouc,2,0,1.69,0.74,1.69,0.74,10.0,13.0,0.43,0.58
CzechFirstLeague,2526,2026-02-01,Pardubice,Slavia Praha,1,1,2.32,3.02,2.32,3.02,21.0,14.0,1.62,0.74
CzechFirstLeague,2526,2026-02-01,Karviná,Viktoria Plzeň,0,2,2.12,1.55,2.12,1.55,19.0,11.0,1.22,0.85
CzechFirstLeague,2526,2026-02-01,Slovan Liberec,Zlín,2,0,2.07,0.82,2.07,0.82,16.0,12.0,0.35,0.34
CzechFirstLeague,2526,2026-02-01,Slovácko,Baník Ostrava,2,2,3.69,2.16,2.93,2.16,19.0,14.0,1.16,0.51
CzechFirstLeague,2526,2026-01-31,Dukla Praha,Sparta Praha,0,3,0.22,2.73,0.22,1.97,5.0,16.0,0.07,0.91
CzechFirstLeague,2526,2026-01-31,Jablonec,Teplice,1,0,1.3,1.28,1.3,1.28,12.0,12.0,0.85,1.0
CzechFirstLeague,2526,2026-01-31,Mladá Boleslav,Bohemians 1905,2,2,2.85,2.35,2.85,2.35,14.0,11.0,1.42,0.54
CzechFirstLeague,2526,2026-01-31,Sigma Olomouc,Hradec Králové,1,0,2.09,1.31,2.09,1.31,16.0,5.0,0.67,0.57
CzechFirstLeague,2526,2025-12-14,Sparta Praha,Slovan Liberec,2,2,3.59,0.62,3.59,0.62,28.0,7.0,1.52,0.38
CzechFirstLeague,2526,2025-12-14,Zlín,Sigma Olomouc,5,0,1.52,0.72,1.52,0.72,10.0,7.0,0.33,0.42
CzechFirstLeague,2526,2025-12-14,Viktoria Plzeň,Dukla Praha,2,0,3.8,1.36,3.8,1.36,21.0,17.0,1.09,0.57
CzechFirstLeague,2526,2025-12-14,Bohemians 1905,Karviná,0,3,1.41,3.37,1.41,2.61,13.0,17.0,0.65,0.76
CzechFirstLeague,2526,2025-12-13,Slavia Praha,Jablonec,4,3,2.17,1.77,1.41,1.77,16.0,9.0,1.02,0.16
CzechFirstLeague,2526,2025-12-13,Hradec Králové,Mladá Boleslav,1,1,2.56,1.41,1.8,1.41,21.0,9.0,0.82,0.46
CzechFirstLeague,2526,2025-12-13,Baník Ostrava,Pardubice,1,4,3.04,1.33,3.04,1.33,21.0,7.0,1.13,0.69
CzechFirstLeague,2526,2025-12-13,Teplice,Slovácko,1,0,2.46,0.99,1.7,0.99,12.0,9.0,0.74,0.99
CzechFirstLeague,2526,2025-12-07,Pardubice,Hradec Králové,1,0,1.14,0.76,1.14,0.76,9.0,12.0,0.53,0.65
CzechFirstLeague,2526,2025-12-07,Karviná,Baník Ostrava,0,0,1.49,1.08,1.49,1.08,15.0,10.0,1.15,0.72
CzechFirstLeague,2526,2025-12-07,Jablonec,Bohemians 1905,1,0,1.49,0.8,1.49,0.8,13.0,9.0,1.1,1.08
CzechFirstLeague,2526,2025-12-06,Sigma Olomouc,Sparta Praha,0,1,0.83,1.03,0.83,1.03,9.0,4.0,0.7,0.74
CzechFirstLeague,2526,2025-12-06,Slovácko,Viktoria Plzeň,3,0,1.33,0.62,1.33,0.62,8.0,9.0,0.44,0.64
CzechFirstLeague,2526,2025-12-06,Mladá Boleslav,Zlín,3,1,2.29,1.38,2.29,1.38,10.0,14.0,0.71,0.83
CzechFirstLeague,2526,2025-12-06,Dukla Praha,Slovan Liberec,1,1,1.03,1.76,1.03,1.76,10.0,19.0,0.35,0.77
CzechFirstLeague,2526,2025-12-05,Teplice,Slavia Praha,1,2,0.94,3.45,0.94,2.69,8.0,17.0,0.58,1.44
CzechFirstLeague,2526,2025-11-30,Sparta Praha,Pardubice,2,4,4.39,3.13,3.63,3.13,21.0,12.0,1.76,0.27
CzechFirstLeague,2526,2025-11-30,Viktoria Plzeň,Mladá Boleslav,2,1,2.29,0.81,2.29,0.81,12.0,7.0,1.09,0.52
CzechFirstLeague,2526,2025-11-30,Slovan Liberec,Sigma Olomouc,1,0,2.33,1.5,2.33,1.5,24.0,12.0,1.49,0.63
CzechFirstLeague,2526,2025-11-30,Bohemians 1905,Teplice,0,1,1.93,1.25,1.93,1.25,17.0,7.0,1.42,0.84
CzechFirstLeague,2526,2025-11-29,Slavia Praha,Slovácko,3,0,3.92,0.57,3.16,0.57,33.0,12.0,1.0,0.5
CzechFirstLeague,2526,2025-11-29,Zlín,Karviná,1,3,2.3,3.16,2.3,2.4,22.0,14.0,1.18,0.71
CzechFirstLeague,2526,2025-11-29,Hradec Králové,Jablonec,2,0,1.6,0.68,1.6,0.68,15.0,10.0,1.09,0.68
CzechFirstLeague,2526,2025-11-29,Baník Ostrava,Dukla Praha,3,1,3.7,2.21,3.7,2.21,14.0,17.0,0.72,0.54
CzechFirstLeague,2526,2025-11-23,Slovácko,Zlín,2,0,1.93,1.61,1.93,1.61,9.0,15.0,0.7,0.85
CzechFirstLeague,2526,2025-11-23,Jablonec,Viktoria Plzeň,3,3,1.35,2.87,1.35,2.87,10.0,26.0,0.23,0.97
CzechFirstLeague,2526,2025-11-23,Karviná,Hradec Králové,4,3,4.18,2.42,4.18,2.42,24.0,19.0,1.18,1.1
CzechFirstLeague,2526,2025-11-22,Slavia Praha,Bohemians 1905,3,1,2.0,1.67,2.0,1.67,13.0,17.0,0.83,0.96
CzechFirstLeague,2526,2025-11-22,Teplice,Baník Ostrava,1,0,1.21,1.23,0.45,1.23,7.0,19.0,0.41,1.01
CzechFirstLeague,2526,2025-11-22,Mladá Boleslav,Sparta Praha,1,2,1.89,2.19,1.89,1.43,18.0,13.0,0.39,0.52
CzechFirstLeague,2526,2025-11-22,Pardubice,Slovan Liberec,0,4,0.34,1.89,0.34,1.89,6.0,12.0,0.28,1.68
CzechFirstLeague,2526,2025-11-22,Dukla Praha,Sigma Olomouc,2,2,2.02,1.48,1.26,1.48,12.0,13.0,0.46,1.12
CzechFirstLeague,2526,2025-11-09,Viktoria Plzeň,Slavia Praha,3,5,1.44,1.79,1.44,1.79,16.0,11.0,0.66,0.61
CzechFirstLeague,2526,2025-11-09,Sigma Olomouc,Pardubice,2,0,2.49,0.07,1.73,0.07,11.0,1.0,0.55,0.18
CzechFirstLeague,2526,2025-11-09,Sparta Praha,Teplice,2,2,2.11,1.28,2.11,1.28,17.0,7.0,1.09,0.25
CzechFirstLeague,2526,2025-11-09,Slovan Liberec,Karviná,6,0,2.98,1.55,2.98,1.55,18.0,14.0,1.72,0.49
CzechFirstLeague,2526,2025-11-08,Baník Ostrava,Jablonec,0,1,3.21,0.54,3.21,0.54,23.0,7.0,1.9,0.35
CzechFirstLeague,2526,2025-11-08,Dukla Praha,Mladá Boleslav,0,1,0.6,0.61,0.6,0.61,6.0,8.0,0.44,0.25
CzechFirstLeague,2526,2025-11-08,Hradec Králové,Slovácko,4,0,2.68,1.4,2.68,1.4,19.0,12.0,1.29,0.45
CzechFirstLeague,2526,2025-11-08,Zlín,Bohemians 1905,0,1,2.45,3.29,2.45,3.29,15.0,18.0,1.37,0.89
CzechFirstLeague,2526,2025-11-02,Teplice,Viktoria Plzeň,1,2,0.56,1.17,0.56,1.17,8.0,8.0,0.16,0.96
CzechFirstLeague,2526,2025-11-02,Bohemians 1905,Hradec Králové,1,2,2.95,1.37,2.19,1.37,19.0,10.0,1.55,0.43
CzechFirstLeague,2526,2025-11-02,Karviná,Sparta Praha,2,1,2.9,1.14,2.9,1.14,20.0,13.0,1.27,0.5
CzechFirstLeague,2526,2025-11-02,Mladá Boleslav,Sigma Olomouc,1,4,1.74,1.92,1.74,1.16,21.0,10.0,1.27,0.9
CzechFirstLeague,2526,2025-11-01,Slavia Praha,Baník Ostrava,2,0,3.2,1.09,3.2,1.09,17.0,15.0,1.56,0.5
CzechFirstLeague,2526,2025-11-01,Jablonec,Zlín,1,3,2.39,1.95,2.39,1.95,14.0,7.0,1.84,0.2
CzechFirstLeague,2526,2025-11-01,Slovácko,Slovan Liberec,0,3,0.87,2.97,0.87,2.97,16.0,16.0,0.76,1.42
CzechFirstLeague,2526,2025-11-01,Pardubice,Dukla Praha,1,1,1.49,2.1,1.49,2.1,16.0,9.0,0.95,0.2
CzechFirstLeague,2526,2025-10-28,Sparta Praha,Bohemians 1905,2,1,2.61,0.57,2.61,0.57,22.0,10.0,1.63,0.68
CzechFirstLeague,2526,2025-10-26,Viktoria Plzeň,Baník Ostrava,2,0,1.27,1.92,1.27,1.92,13.0,13.0,0.78,1.48
CzechFirstLeague,2526,2025-10-26,Sigma Olomouc,Slavia Praha,0,0,0.54,1.14,0.54,1.14,4.0,10.0,0.3,1.06
CzechFirstLeague,2526,2025-10-25,Slovan Liberec,Jablonec,0,2,0.5,2.07,0.5,2.07,9.0,10.0,0.42,0.91
CzechFirstLeague,2526,2025-10-25,Hradec Králové,Teplice,0,0,1.21,0.8,1.21,0.8,12.0,10.0,0.56,0.37
CzechFirstLeague,2526,2025-10-25,Zlín,Pardubice,2,2,1.2,2.11,1.2,1.35,9.0,7.0,0.44,0.74
CzechFirstLeague,2526,2025-10-25,Dukla Praha,Slovácko,1,0,0.41,1.35,0.41,1.35,4.0,15.0,0.28,1.12
CzechFirstLeague,2526,2025-10-25,Mladá Boleslav,Karviná,2,4,2.7,3.27,1.94,3.27,13.0,20.0,0.57,1.19
CzechFirstLeague,2526,2025-10-22,Bohemians 1905,Mladá Boleslav,1,1,2.91,1.34,2.91,1.34,24.0,9.0,2.02,0.45
CzechFirstLeague,2526,2025-10-19,Jablonec,Dukla Praha,0,0,1.43,1.3,1.43,1.3,17.0,6.0,1.04,0.87
CzechFirstLeague,2526,2025-10-19,Slovácko,Sparta Praha,0,0,0.48,0.81,0.48,0.81,9.0,10.0,0.36,0.7
CzechFirstLeague,2526,2025-10-19,Baník Ostrava,Hradec Králové,0,1,1.33,1.12,1.33,1.12,19.0,10.0,1.09,0.4
CzechFirstLeague,2526,2025-10-18,Slavia Praha,Zlín,0,0,0.94,0.54,0.94,0.54,10.0,8.0,0.89,0.29
CzechFirstLeague,2526,2025-10-18,Pardubice,Mladá Boleslav,2,1,3.78,2.16,3.78,2.16,17.0,10.0,1.61,0.46
CzechFirstLeague,2526,2025-10-18,Karviná,Sigma Olomouc,1,1,1.8,1.48,1.8,1.48,16.0,12.0,1.02,0.74
CzechFirstLeague,2526,2025-10-18,Teplice,Slovan Liberec,1,1,1.31,2.57,0.55,1.81,9.0,17.0,0.26,1.15
CzechFirstLeague,2526,2025-10-18,Bohemians 1905,Viktoria Plzeň,0,1,1.73,1.92,1.73,1.92,14.0,15.0,0.84,0.71
CzechFirstLeague,2526,2025-10-05,Sparta Praha,Slavia Praha,1,1,1.56,0.42,1.56,0.42,18.0,8.0,1.64,0.41
CzechFirstLeague,2526,2025-10-05,Viktoria Plzeň,Hradec Králové,3,3,4.33,1.38,3.57,1.38,18.0,7.0,1.16,0.24
CzechFirstLeague,2526,2025-10-05,Sigma Olomouc,Jablonec,2,0,0.92,1.05,0.92,1.05,10.0,14.0,0.5,1.21
CzechFirstLeague,2526,2025-10-05,Zlín,Baník Ostrava,1,1,2.24,0.96,1.48,0.96,19.0,12.0,0.66,0.9
CzechFirstLeague,2526,2025-10-04,Slovan Liberec,Bohemians 1905,0,0,1.2,0.79,1.2,0.79,17.0,10.0,0.86,0.65
CzechFirstLeague,2526,2025-10-04,Mladá Boleslav,Slovácko,0,0,1.05,0.98,1.05,0.98,15.0,5.0,1.21,0.2
CzechFirstLeague,2526,2025-10-04,Pardubice,Karviná,2,1,1.53,1.92,1.53,1.92,15.0,14.0,0.96,0.55
CzechFirstLeague,2526,2025-10-04,Dukla Praha,Teplice,1,3,0.37,2.68,0.37,2.68,6.0,14.0,0.16,0.76
CzechFirstLeague,2526,2025-10-01,Pardubice,Baník Ostrava,0,1,1.19,2.09,1.19,2.09,13.0,17.0,1.01,1.09
CzechFirstLeague,2526,2025-09-28,Viktoria Plzeň,Zlín,0,1,2.24,1.99,1.48,1.99,19.0,15.0,2.26,1.16
CzechFirstLeague,2526,2025-09-28,Jablonec,Mladá Boleslav,2,0,2.91,0.57,1.39,0.57,14.0,6.0,0.84,0.45
CzechFirstLeague,2526,2025-09-28,Teplice,Pardubice,0,0,0.5,0.71,0.5,0.71,5.0,8.0,0.32,0.43
CzechFirstLeague,2526,2025-09-27,Hradec Králové,Slovan Liberec,2,3,0.48,3.25,0.48,3.25,9.0,19.0,0.37,0.98
CzechFirstLeague,2526,2025-09-27,Slovácko,Karviná,1,2,1.66,1.31,1.66,1.31,17.0,10.0,1.3,0.45
CzechFirstLeague,2526,2025-09-27,Baník Ostrava,Sparta Praha,0,3,0.7,2.4,0.7,2.4,9.0,15.0,0.63,0.74
CzechFirstLeague,2526,2025-09-27,Bohemians 1905,Sigma Olomouc,2,2,1.52,1.24,1.52,1.24,9.0,14.0,0.92,0.63
CzechFirstLeague,2526,2025-09-26,Slavia Praha,Dukla Praha,2,0,4.04,0.21,3.28,0.21,20.0,5.0,1.75,0.17
CzechFirstLeague,2526,2025-09-21,Mladá Boleslav,Baník Ostrava,1,1,2.19,1.59,1.43,1.59,22.0,12.0,0.62,0.54
CzechFirstLeague,2526,2025-09-21,Slovan Liberec,Slavia Praha,1,1,0.62,1.19,0.62,1.19,7.0,18.0,0.48,1.0
CzechFirstLeague,2526,2025-09-21,Dukla Praha,Bohemians 1905,0,2,0.85,1.38,0.85,1.38,10.0,11.0,0.29,0.82
CzechFirstLeague,2526,2025-09-20,Sparta Praha,Viktoria Plzeň,2,1,2.84,0.96,2.08,0.96,15.0,12.0,1.28,0.81
CzechFirstLeague,2526,2025-09-20,Pardubice,Slovácko,1,1,2.01,1.4,2.01,1.4,15.0,11.0,1.22,0.6
CzechFirstLeague,2526,2025-09-20,Karviná,Jablonec,1,2,1.7,1.1,0.94,1.1,13.0,10.0,0.93,0.14
CzechFirstLeague,2526,2025-09-20,Sigma Olomouc,Teplice,0,0,1.18,1.79,1.18,1.79,13.0,10.0,0.81,0.65
CzechFirstLeague,2526,2025-09-20,Zlín,Hradec Králové,1,2,1.68,2.13,1.68,2.13,15.0,13.0,0.84,0.64
CzechFirstLeague,2526,2025-09-17,Baník Ostrava,Teplice,1,1,2.28,1.47,2.28,0.71,15.0,7.0,1.17,0.57
CzechFirstLeague,2526,2025-09-14,Hradec Králové,Sparta Praha,2,1,0.37,2.55,0.37,2.55,7.0,20.0,0.48,1.19
CzechFirstLeague,2526,2025-09-14,Bohemians 1905,Slovácko,1,0,2.77,1.76,2.77,1.76,14.0,16.0,1.14,0.47
CzechFirstLeague,2526,2025-09-14,Jablonec,Pardubice,3,2,2.82,1.7,2.82,0.94,14.0,10.0,0.61,0.42
CzechFirstLeague,2526,2025-09-13,Slavia Praha,Karviná,3,1,3.67,0.5,3.67,0.5,26.0,11.0,1.65,0.58
CzechFirstLeague,2526,2025-09-13,Teplice,Mladá Boleslav,2,3,2.15,2.42,2.15,1.66,12.0,14.0,0.62,0.9
CzechFirstLeague,2526,2025-09-13,Baník Ostrava,Slovan Liberec,0,2,1.48,2.22,1.48,2.22,12.0,16.0,1.1,0.51
CzechFirstLeague,2526,2025-09-13,Viktoria Plzeň,Sigma Olomouc,1,0,3.84,0.69,3.84,0.69,19.0,9.0,0.69,0.72
CzechFirstLeague,2526,2025-09-13,Zlín,Dukla Praha,1,1,1.67,2.06,0.91,2.06,14.0,11.0,1.37,0.87
CzechFirstLeague,2526,2025-08-31,Sparta Praha,Zlín,3,1,1.62,0.97,1.62,0.97,14.0,10.0,0.76,0.24
CzechFirstLeague,2526,2025-08-31,Sigma Olomouc,Baník Ostrava,1,0,1.26,1.62,1.26,1.62,13.0,9.0,1.25,0.92
CzechFirstLeague,2526,2025-08-31,Slovan Liberec,Viktoria Plzeň,1,1,2.18,0.5,2.18,0.5,15.0,8.0,1.3,0.69
CzechFirstLeague,2526,2025-08-30,Mladá Boleslav,Slavia Praha,1,3,0.91,4.24,0.15,4.24,7.0,23.0,0.46,1.13
CzechFirstLeague,2526,2025-08-30,Pardubice,Bohemians 1905,1,1,1.98,1.07,1.98,1.07,15.0,11.0,0.46,0.65
CzechFirstLeague,2526,2025-08-30,Karviná,Teplice,4,1,2.99,0.76,2.99,0.76,10.0,13.0,0.71,0.48
CzechFirstLeague,2526,2025-08-30,Slovácko,Jablonec,0,2,1.98,0.96,1.98,0.96,18.0,8.0,1.26,0.33
CzechFirstLeague,2526,2025-08-30,Dukla Praha,Hradec Králové,1,1,1.05,1.98,1.05,1.98,15.0,14.0,0.62,0.63
CzechFirstLeague,2526,2025-08-24,Sparta Praha,Dukla Praha,3,2,2.6,0.76,2.6,0.76,17.0,5.0,0.8,0.25
CzechFirstLeague,2526,2025-08-24,Baník Ostrava,Slovácko,2,0,2.25,0.88,2.25,0.88,21.0,12.0,0.94,0.7
CzechFirstLeague,2526,2025-08-24,Hradec Králové,Sigma Olomouc,1,0,0.89,0.66,0.89,0.66,6.0,9.0,0.4,0.62
CzechFirstLeague,2526,2025-08-23,Slavia Praha,Pardubice,3,1,3.97,0.5,3.97,0.5,26.0,4.0,1.88,0.44
CzechFirstLeague,2526,2025-08-23,Teplice,Jablonec,0,1,1.22,0.88,1.22,0.88,15.0,8.0,1.12,0.5
CzechFirstLeague,2526,2025-08-23,Viktoria Plzeň,Karviná,2,1,3.07,0.85,2.31,0.85,20.0,13.0,1.15,0.25
CzechFirstLeague,2526,2025-08-23,Zlín,Slovan Liberec,1,0,2.11,2.29,1.35,2.29,12.0,18.0,0.6,1.1
CzechFirstLeague,2526,2025-08-19,Mladá Boleslav,Viktoria Plzeň,0,5,0.83,3.74,0.83,3.74,12.0,20.0,0.18,1.51
CzechFirstLeague,2526,2025-08-17,Slovan Liberec,Sparta Praha,0,2,0.61,2.1,0.61,2.1,6.0,16.0,0.33,1.05
CzechFirstLeague,2526,2025-08-17,Karviná,Bohemians 1905,1,2,1.53,1.85,1.53,1.85,12.0,13.0,0.83,1.63
CzechFirstLeague,2526,2025-08-16,Jablonec,Slavia Praha,1,1,0.6,1.41,0.6,1.41,5.0,20.0,0.5,1.06
CzechFirstLeague,2526,2025-08-16,Mladá Boleslav,Hradec Králové,3,2,1.95,1.84,1.95,1.84,18.0,15.0,0.66,0.87
CzechFirstLeague,2526,2025-08-16,Slovácko,Teplice,2,1,2.35,0.75,2.35,0.75,21.0,14.0,0.83,0.52
CzechFirstLeague,2526,2025-08-16,Sigma Olomouc,Zlín,1,0,2.65,0.0,2.65,0.0,23.0,0.0,2.19,0.0
CzechFirstLeague,2526,2025-08-16,Dukla Praha,Viktoria Plzeň,2,0,1.85,1.91,1.09,1.91,12.0,18.0,0.35,1.64
CzechFirstLeague,2526,2025-08-10,Sparta Praha,Sigma Olomouc,1,0,1.16,0.36,1.16,0.36,15.0,4.0,1.19,0.05
CzechFirstLeague,2526,2025-08-10,Baník Ostrava,Karviná,1,2,1.46,2.54,1.46,1.78,14.0,15.0,1.23,0.66
CzechFirstLeague,2526,2025-08-10,Bohemians 1905,Jablonec,0,1,1.47,1.05,1.47,1.05,8.0,10.0,0.85,0.63
CzechFirstLeague,2526,2025-08-10,Hradec Králové,Pardubice,1,1,0.8,1.19,0.8,1.19,7.0,9.0,0.2,0.68
CzechFirstLeague,2526,2025-08-09,Slavia Praha,Teplice,3,0,3.89,0.64,3.89,0.64,30.0,7.0,1.6,0.25
CzechFirstLeague,2526,2025-08-09,Viktoria Plzeň,Slovácko,1,1,2.03,1.19,2.03,0.43,16.0,7.0,0.76,0.72
CzechFirstLeague,2526,2025-08-09,Zlín,Mladá Boleslav,3,2,1.45,1.88,1.45,1.88,11.0,13.0,0.81,0.92
CzechFirstLeague,2526,2025-08-09,Slovan Liberec,Dukla Praha,2,0,0.93,0.3,0.93,0.3,9.0,6.0,0.6,0.41
CzechFirstLeague,2526,2025-08-03,Pardubice,Sparta Praha,1,3,0.28,1.87,0.28,1.87,5.0,17.0,0.21,0.57
CzechFirstLeague,2526,2025-08-03,Dukla Praha,Baník Ostrava,1,1,1.12,0.76,1.12,0.76,7.0,11.0,0.27,0.58
CzechFirstLeague,2526,2025-08-03,Slovácko,Slavia Praha,0,1,1.15,1.44,0.39,1.44,5.0,13.0,0.57,0.98
CzechFirstLeague,2526,2025-08-02,Sigma Olomouc,Slovan Liberec,2,1,2.02,0.48,2.02,0.48,18.0,8.0,0.75,0.37
CzechFirstLeague,2526,2025-08-02,Karviná,Zlín,0,1,0.88,1.26,0.88,1.26,10.0,7.0,0.58,0.31
CzechFirstLeague,2526,2025-08-02,Jablonec,Hradec Králové,2,0,1.38,1.04,1.38,1.04,14.0,9.0,0.5,0.78
CzechFirstLeague,2526,2025-08-02,Teplice,Bohemians 1905,3,0,0.82,1.33,0.82,1.33,8.0,12.0,0.37,0.35
CzechFirstLeague,2526,2025-07-27,Sparta Praha,Mladá Boleslav,3,2,2.22,1.79,1.46,1.79,16.0,11.0,1.3,0.91
CzechFirstLeague,2526,2025-07-27,Slovan Liberec,Pardubice,2,1,0.87,0.51,0.87,0.51,14.0,4.0,0.84,0.3
CzechFirstLeague,2526,2025-07-26,Bohemians 1905,Slavia Praha,0,2,1.24,1.39,1.24,1.39,5.0,14.0,0.36,0.75
CzechFirstLeague,2526,2025-07-26,Hradec Králové,Karviná,1,2,1.39,2.63,1.39,2.63,9.0,26.0,1.11,0.85
CzechFirstLeague,2526,2025-07-26,Viktoria Plzeň,Jablonec,1,1,1.85,1.3,1.85,1.3,14.0,12.0,0.49,0.83
CzechFirstLeague,2526,2025-07-26,Zlín,Slovácko,1,1,1.33,0.79,1.33,0.79,10.0,8.0,0.62,0.24
CzechFirstLeague,2526,2025-07-26,Sigma Olomouc,Dukla Praha,0,0,1.0,0.14,1.0,0.14,8.0,3.0,0.7,0.32
CzechFirstLeague,2526,2025-07-20,Slavia Praha,Hradec Králové,2,2,1.89,0.4,1.89,0.4,16.0,6.0,1.41,0.24
CzechFirstLeague,2526,2025-07-20,Mladá Boleslav,Slovan Liberec,3,3,1.27,2.01,1.27,1.25,13.0,14.0,0.86,0.51
CzechFirstLeague,2526,2025-07-20,Slovácko,Sigma Olomouc,0,1,2.11,2.23,2.11,2.23,18.0,9.0,0.73,1.0
CzechFirstLeague,2526,2025-07-19,Jablonec,Sparta Praha,1,1,0.74,1.6,0.74,1.6,11.0,13.0,0.77,0.76
CzechFirstLeague,2526,2025-07-19,Teplice,Zlín,1,3,2.01,1.55,2.01,1.55,11.0,7.0,0.45,0.23
CzechFirstLeague,2526,2025-07-19,Bohemians 1905,Baník Ostrava,1,0,2.45,1.94,2.45,1.94,15.0,19.0,0.69,1.86
CzechFirstLeague,2526,2025-07-19,Karviná,Dukla Praha,2,0,1.69,1.14,1.69,1.14,16.0,9.0,0.6,0.6
CzechFirstLeague,2526,2025-07-18,Pardubice,Viktoria Plzeň,1,5,0.15,1.77,0.15,1.77,5.0,15.0,0.27,1.08
CzechFirstLeague,2627,2026-09-13,Teplice,Slavia Praha,0,2,1.36,1.53,1.36,1.53,12.0,14.0,0.64,0.78
CzechFirstLeague,2627,2026-09-13,Zlín,Hradec Králové,1,2,2.06,1.18,2.06,1.18,18.0,10.0,0.6,0.58
CzechFirstLeague,2627,2026-09-13,Viktoria Plzeň,Sigma Olomouc,2,3,2.6,0.95,1.84,0.95,22.0,5.0,1.09,0.51
CzechFirstLeague,2627,2026-09-13,Baník Ostrava,Pardubice,1,2,1.65,2.27,1.65,2.27,14.0,16.0,1.18,1.12
CzechFirstLeague,2627,2026-09-12,Sparta Praha,Jablonec,2,0,2.16,0.48,2.16,0.48,18.0,8.0,0.9,0.23
CzechFirstLeague,2627,2026-09-12,Zbrojovka Brno,Artis Brno,2,1,2.6,1.09,2.6,1.09,19.0,10.0,0.65,0.86
CzechFirstLeague,2627,2026-09-12,Bohemians 1905,Slovácko,2,0,3.87,0.61,3.87,0.61,19.0,4.0,1.62,0.58
CzechFirstLeague,2627,2026-09-12,Slovan Liberec,Mladá Boleslav,3,0,3.13,0.9,3.13,0.9,26.0,10.0,0.57,0.62
CzechFirstLeague,2627,2026-09-09,Hradec Králové,Viktoria Plzeň,0,0,1.22,0.28,1.22,0.28,16.0,7.0,1.12,0.3
CzechFirstLeague,2627,2026-09-09,Jablonec,Baník Ostrava,3,0,3.67,0.98,3.67,0.98,23.0,9.0,2.47,0.95
CzechFirstLeague,2627,2026-09-06,Hradec Králové,Sparta Praha,2,1,1.35,1.1,1.35,1.1,15.0,12.0,0.05,0.65
CzechFirstLeague,2627,2026-09-06,Zlín,Teplice,1,3,1.29,1.85,1.29,1.85,15.0,17.0,1.12,0.74
CzechFirstLeague,2627,2026-09-06,Jablonec,Slovan Liberec,1,2,3.39,0.32,3.39,0.32,26.0,6.0,1.51,0.41
CzechFirstLeague,2627,2026-09-06,Mladá Boleslav,Baník Ostrava,4,0,4.17,2.54,4.17,2.54,14.0,23.0,1.14,1.51
CzechFirstLeague,2627,2026-09-05,Artis Brno,Viktoria Plzeň,0,3,0.67,2.05,0.67,2.05,9.0,18.0,0.48,0.73
CzechFirstLeague,2627,2026-09-05,Slavia Praha,Zbrojovka Brno,4,0,4.9,1.2,4.14,1.2,16.0,11.0,0.72,1.0
CzechFirstLeague,2627,2026-09-05,Sigma Olomouc,Bohemians 1905,3,0,2.01,1.11,2.01,1.11,11.0,9.0,0.51,0.75
CzechFirstLeague,2627,2026-09-05,Slovácko,Pardubice,0,0,0.92,1.11,0.92,1.11,14.0,9.0,0.81,0.78
CzechFirstLeague,2627,2026-09-02,Bohemians 1905,Jablonec,1,1,2.21,1.2,1.45,1.2,14.0,15.0,1.44,0.7
CzechFirstLeague,2627,2026-09-02,Zbrojovka Brno,Hradec Králové,1,0,1.61,1.29,1.61,1.29,12.0,12.0,0.82,0.9
CzechFirstLeague,2627,2026-08-30,Sparta Praha,Slavia Praha,0,3,2.98,2.96,2.98,2.96,21.0,9.0,1.91,0.41
CzechFirstLeague,2627,2026-08-30,Teplice,Jablonec,2,0,1.49,1.47,1.49,1.47,15.0,9.0,0.84,0.67
CzechFirstLeague,2627,2026-08-30,Viktoria Plzeň,Slovácko,1,1,1.88,0.56,1.88,0.56,14.0,8.0,0.92,0.4
CzechFirstLeague,2627,2026-08-30,Slovan Liberec,Hradec Králové,2,0,3.09,0.42,3.09,0.42,23.0,8.0,1.18,0.21
CzechFirstLeague,2627,2026-08-29,Baník Ostrava,Sigma Olomouc,1,0,0.26,0.81,0.26,0.81,6.0,8.0,0.15,0.46
CzechFirstLeague,2627,2026-08-29,Zbrojovka Brno,Zlín,3,2,1.66,0.99,1.66,0.99,10.0,11.0,0.83,0.44
CzechFirstLeague,2627,2026-08-29,Pardubice,Artis Brno,1,2,3.12,0.95,3.12,0.95,18.0,10.0,0.98,0.77
CzechFirstLeague,2627,2026-08-23,Sigma Olomouc,Pardubice,3,1,1.85,1.31,1.85,1.31,15.0,6.0,0.6,0.43
CzechFirstLeague,2627,2026-08-23,Teplice,Zbrojovka Brno,0,2,0.87,0.94,0.87,0.94,15.0,7.0,0.44,0.41
CzechFirstLeague,2627,2026-08-22,Slavia Praha,Bohemians 1905,2,2,2.8,1.99,2.8,1.99,26.0,5.0,1.0,0.62
CzechFirstLeague,2627,2026-08-22,Zlín,Slovan Liberec,0,1,0.26,2.25,0.26,2.25,5.0,17.0,0.36,0.97
CzechFirstLeague,2627,2026-08-22,Artis Brno,Sparta Praha,0,4,0.76,2.37,0.76,1.61,10.0,12.0,0.68,1.21
CzechFirstLeague,2627,2026-08-22,Mladá Boleslav,Slovácko,2,1,1.17,3.13,1.17,3.13,12.0,18.0,0.4,1.34
CzechFirstLeague,2627,2026-08-16,Slovan Liberec,Slavia Praha,1,1,1.81,0.75,1.81,0.75,14.0,8.0,0.37,0.68
CzechFirstLeague,2627,2026-08-16,Baník Ostrava,Artis Brno,1,0,1.94,1.59,1.94,1.59,11.0,15.0,0.64,0.95
CzechFirstLeague,2627,2026-08-15,Viktoria Plzeň,Zlín,3,2,1.98,1.36,1.22,1.36,16.0,11.0,0.93,0.31
CzechFirstLeague,2627,2026-08-15,Slovácko,Sigma Olomouc,1,2,1.33,1.66,1.33,1.66,12.0,8.0,1.08,0.96
CzechFirstLeague,2627,2026-08-15,Pardubice,Mladá Boleslav,1,1,0.96,0.83,0.96,0.83,13.0,10.0,0.7,0.88
CzechFirstLeague,2627,2026-08-15,Sparta Praha,Teplice,4,1,3.64,1.44,3.64,1.44,27.0,13.0,1.14,0.43
CzechFirstLeague,2627,2026-08-09,Artis Brno,Sigma Olomouc,1,2,1.08,1.16,1.08,1.16,6.0,15.0,0.74,0.82
CzechFirstLeague,2627,2026-08-09,Hradec Králové,Baník Ostrava,2,1,3.15,1.56,3.15,1.56,16.0,12.0,1.4,0.51
CzechFirstLeague,2627,2026-08-09,Jablonec,Slovácko,1,0,0.5,1.02,0.5,1.02,10.0,10.0,0.46,0.4
CzechFirstLeague,2627,2026-08-09,Slavia Praha,Pardubice,2,1,3.87,1.39,3.87,1.39,33.0,7.0,1.26,0.26
CzechFirstLeague,2627,2026-08-08,Mladá Boleslav,Sparta Praha,2,0,2.07,1.53,1.31,1.53,11.0,12.0,0.16,1.35
CzechFirstLeague,2627,2026-08-08,Teplice,Viktoria Plzeň,5,5,1.87,2.69,1.87,2.69,15.0,18.0,0.5,1.25
CzechFirstLeague,2627,2026-08-08,Zlín,Bohemians 1905,0,2,0.86,3.46,0.86,2.7,16.0,14.0,0.39,0.44
CzechFirstLeague,2627,2026-08-07,Zbrojovka Brno,Slovan Liberec,0,1,1.51,2.33,1.51,2.33,8.0,16.0,0.52,0.95
CzechFirstLeague,2627,2026-08-02,Pardubice,Jablonec,0,2,2.31,0.83,2.31,0.83,22.0,5.0,1.13,0.31
CzechFirstLeague,2627,2026-08-02,Bohemians 1905,Hradec Králové,0,0,1.02,0.97,1.02,0.97,15.0,9.0,0.47,0.38
CzechFirstLeague,2627,2026-08-02,Sigma Olomouc,Mladá Boleslav,2,2,2.48,1.57,2.48,1.57,18.0,12.0,0.78,0.69
CzechFirstLeague,2627,2026-08-01,Viktoria Plzeň,Zbrojovka Brno,1,1,0.93,1.02,0.93,1.02,13.0,6.0,0.7,0.38
CzechFirstLeague,2627,2026-08-01,Slovácko,Artis Brno,1,1,0.81,1.19,0.81,1.19,17.0,8.0,0.76,0.47
CzechFirstLeague,2627,2026-08-01,Baník Ostrava,Slavia Praha,0,4,0.91,3.5,0.91,3.5,9.0,15.0,0.17,0.68
CzechFirstLeague,2627,2026-08-01,Slovan Liberec,Teplice,0,1,1.18,1.4,1.18,1.4,13.0,15.0,0.15,1.09
CzechFirstLeague,2627,2026-07-31,Sparta Praha,Zlín,3,1,2.16,1.63,0.64,1.63,12.0,13.0,0.72,0.28
CzechFirstLeague,2627,2026-07-27,Artis Brno,Mladá Boleslav,2,4,1.83,2.63,1.83,2.63,11.0,17.0,0.51,0.47
CzechFirstLeague,2627,2026-07-26,Hradec Králové,Pardubice,2,1,1.65,0.55,1.65,0.55,10.0,12.0,0.95,0.46
CzechFirstLeague,2627,2026-07-26,Jablonec,Sigma Olomouc,2,1,1.78,0.33,1.78,0.33,19.0,5.0,0.95,0.62
CzechFirstLeague,2627,2026-07-26,Slavia Praha,Slovácko,5,1,4.27,0.87,3.51,0.87,15.0,5.0,0.76,0.07
CzechFirstLeague,2627,2026-07-25,Zbrojovka Brno,Sparta Praha,3,1,2.43,1.41,2.43,1.41,13.0,14.0,1.13,0.91
CzechFirstLeague,2627,2026-07-25,Teplice,Bohemians 1905,3,1,2.58,0.8,2.58,0.8,14.0,15.0,0.43,0.73
CzechFirstLeague,2627,2026-07-25,Zlín,Baník Ostrava,0,1,1.09,1.38,1.09,1.38,12.0,13.0,0.63,0.62
CzechFirstLeague,2627,2026-07-25,Viktoria Plzeň,Slovan Liberec,1,3,1.2,3.39,0.44,3.39,8.0,22.0,0.8,0.58
CroatiaHNL,2425,2025-05-25,Osijek,Istra 1961,1,1,0.44,1.33,0.44,0.57,5.0,10.0,0.31,0.28
CroatiaHNL,2425,2025-05-25,Dinamo Zagreb,Varaždin,1,0,1.08,0.12,1.08,0.12,8.0,2.0,0.33,0.13
CroatiaHNL,2425,2025-05-25,Rijeka,Slaven Koprivnica,2,0,0.83,0.32,0.83,0.32,8.0,3.0,0.16,0.53
CroatiaHNL,2425,2025-05-25,Šibenik,Hajduk Split,0,1,1.72,1.83,1.72,1.83,12.0,14.0,0.65,1.16
CroatiaHNL,2425,2025-05-24,HNK Gorica,Lokomotiva Zagreb,0,3,1.73,1.24,1.73,1.24,10.0,12.0,0.53,0.38
CroatiaHNL,2425,2025-05-18,Hajduk Split,Rijeka,2,1,1.58,0.85,0.82,0.85,11.0,7.0,0.57,0.3
CroatiaHNL,2425,2025-05-18,Slaven Koprivnica,HNK Gorica,4,0,2.56,0.91,2.56,0.91,21.0,9.0,0.89,0.23
CroatiaHNL,2425,2025-05-17,Lokomotiva Zagreb,Dinamo Zagreb,1,1,0.51,2.23,0.51,1.47,9.0,20.0,0.37,1.15
CroatiaHNL,2425,2025-05-17,Varaždin,Osijek,2,1,0.89,1.46,0.89,1.46,11.0,10.0,0.28,0.24
CroatiaHNL,2425,2025-05-16,Istra 1961,Šibenik,3,0,0.93,0.84,0.93,0.84,9.0,9.0,0.36,0.64
CroatiaHNL,2425,2025-05-11,Istra 1961,Varaždin,0,0,1.55,2.24,1.55,1.48,12.0,12.0,0.41,0.47
CroatiaHNL,2425,2025-05-11,HNK Gorica,Hajduk Split,1,1,0.91,1.62,0.91,1.62,11.0,15.0,0.52,1.19
CroatiaHNL,2425,2025-05-10,Dinamo Zagreb,Slaven Koprivnica,5,0,2.36,1.18,2.36,1.18,18.0,10.0,0.31,0.56
CroatiaHNL,2425,2025-05-10,Šibenik,Rijeka,0,1,1.97,0.67,1.97,0.67,9.0,8.0,0.82,0.37
CroatiaHNL,2425,2025-05-09,Osijek,Lokomotiva Zagreb,1,1,2.18,1.63,2.18,1.63,13.0,13.0,0.83,0.59
CroatiaHNL,2425,2025-05-04,Rijeka,HNK Gorica,2,1,2.35,0.49,2.35,0.49,20.0,9.0,0.73,0.41
CroatiaHNL,2425,2025-05-04,Slaven Koprivnica,Osijek,1,4,1.49,2.64,1.49,1.88,14.0,11.0,1.31,0.45
CroatiaHNL,2425,2025-05-03,Lokomotiva Zagreb,Istra 1961,0,0,0.82,1.0,0.82,1.0,7.0,8.0,0.36,0.7
CroatiaHNL,2425,2025-05-03,Hajduk Split,Dinamo Zagreb,1,3,0.53,1.34,0.53,1.34,7.0,7.0,0.44,0.78
CroatiaHNL,2425,2025-05-02,Varaždin,Šibenik,1,1,1.6,1.45,1.6,1.45,14.0,9.0,0.52,0.2
CroatiaHNL,2425,2025-04-28,Šibenik,HNK Gorica,0,0,1.67,0.72,1.67,0.72,15.0,6.0,0.64,0.22
CroatiaHNL,2425,2025-04-28,Istra 1961,Slaven Koprivnica,1,1,2.39,0.5,2.39,0.5,12.0,5.0,1.22,0.46
CroatiaHNL,2425,2025-04-27,Dinamo Zagreb,Rijeka,1,0,1.93,0.63,1.93,0.63,17.0,6.0,0.81,0.28
CroatiaHNL,2425,2025-04-27,Osijek,Hajduk Split,2,0,2.22,1.19,2.22,1.19,15.0,12.0,0.81,0.76
CroatiaHNL,2425,2025-04-26,Varaždin,Lokomotiva Zagreb,2,1,1.99,1.62,1.99,0.86,16.0,7.0,0.69,0.65
CroatiaHNL,2425,2025-04-23,Rijeka,Osijek,0,2,1.85,2.79,1.85,2.79,20.0,15.0,0.86,0.51
CroatiaHNL,2425,2025-04-23,Hajduk Split,Istra 1961,0,1,1.36,1.25,1.36,1.25,17.0,9.0,1.49,0.68
CroatiaHNL,2425,2025-04-23,HNK Gorica,Dinamo Zagreb,1,0,0.76,1.98,0.76,1.98,4.0,20.0,0.37,1.12
CroatiaHNL,2425,2025-04-22,Lokomotiva Zagreb,Šibenik,1,2,0.88,2.58,0.88,2.58,10.0,15.0,0.75,0.75
CroatiaHNL,2425,2025-04-22,Slaven Koprivnica,Varaždin,0,1,2.27,1.49,2.27,1.49,12.0,13.0,0.83,0.5
CroatiaHNL,2425,2025-04-19,Istra 1961,Rijeka,2,0,1.42,0.85,1.42,0.85,12.0,6.0,1.04,0.67
CroatiaHNL,2425,2025-04-19,Osijek,HNK Gorica,0,1,1.95,1.38,1.95,1.38,21.0,15.0,0.83,0.44
CroatiaHNL,2425,2025-04-18,Varaždin,Hajduk Split,1,1,1.94,2.04,1.94,1.28,17.0,13.0,1.22,0.57
CroatiaHNL,2425,2025-04-18,Lokomotiva Zagreb,Slaven Koprivnica,0,2,1.43,1.74,1.43,1.74,16.0,11.0,0.55,0.65
CroatiaHNL,2425,2025-04-17,Šibenik,Dinamo Zagreb,0,4,0.73,3.22,0.73,3.22,7.0,23.0,0.63,1.12
CroatiaHNL,2425,2025-04-13,Hajduk Split,Lokomotiva Zagreb,1,1,1.55,0.89,1.55,0.89,14.0,11.0,0.74,0.38
CroatiaHNL,2425,2025-04-13,Rijeka,Varaždin,1,0,1.29,1.12,1.29,1.12,12.0,12.0,0.59,0.73
CroatiaHNL,2425,2025-04-12,Dinamo Zagreb,Osijek,2,0,2.26,0.6,2.26,0.6,22.0,6.0,0.78,0.32
CroatiaHNL,2425,2025-04-12,HNK Gorica,Istra 1961,3,2,1.54,1.51,1.54,1.51,13.0,13.0,0.65,0.5
CroatiaHNL,2425,2025-04-11,Slaven Koprivnica,Šibenik,2,0,2.27,0.77,2.27,0.77,17.0,5.0,1.03,0.47
CroatiaHNL,2425,2025-04-06,Lokomotiva Zagreb,Rijeka,0,1,0.97,1.88,0.97,1.88,8.0,14.0,0.39,0.59
CroatiaHNL,2425,2025-04-06,Šibenik,Osijek,4,1,3.05,0.88,2.29,0.88,12.0,9.0,0.51,0.62
CroatiaHNL,2425,2025-04-05,Istra 1961,Dinamo Zagreb,3,0,2.11,1.66,2.11,1.66,18.0,14.0,0.8,0.94
CroatiaHNL,2425,2025-04-05,Slaven Koprivnica,Hajduk Split,0,1,0.8,1.73,0.8,0.97,12.0,12.0,0.62,0.69
CroatiaHNL,2425,2025-04-04,Varaždin,HNK Gorica,0,0,2.59,0.42,2.59,0.42,20.0,5.0,0.58,0.3
CroatiaHNL,2425,2025-03-30,Hajduk Split,Šibenik,1,0,1.09,0.41,1.09,0.41,15.0,4.0,1.03,0.12
CroatiaHNL,2425,2025-03-30,Varaždin,Dinamo Zagreb,1,1,1.65,1.78,1.65,1.02,8.0,14.0,0.47,0.59
CroatiaHNL,2425,2025-03-29,Istra 1961,Osijek,2,1,2.34,1.09,2.34,1.09,21.0,10.0,0.48,0.51
CroatiaHNL,2425,2025-03-29,Slaven Koprivnica,Rijeka,2,1,1.57,1.65,1.57,1.65,12.0,14.0,1.19,0.41
CroatiaHNL,2425,2025-03-28,Lokomotiva Zagreb,HNK Gorica,1,1,1.64,0.61,0.88,0.61,11.0,3.0,0.46,0.2
CroatiaHNL,2425,2025-03-16,Osijek,Varaždin,0,0,1.36,1.44,1.36,1.44,11.0,7.0,0.82,0.44
CroatiaHNL,2425,2025-03-16,Rijeka,Hajduk Split,3,0,1.91,0.7,1.15,0.7,11.0,9.0,0.4,0.4
CroatiaHNL,2425,2025-03-15,Dinamo Zagreb,Lokomotiva Zagreb,3,0,3.94,0.72,3.18,0.72,23.0,6.0,1.97,0.36
CroatiaHNL,2425,2025-03-15,Šibenik,Istra 1961,1,0,1.27,0.94,1.27,0.94,8.0,8.0,0.52,0.84
CroatiaHNL,2425,2025-03-14,HNK Gorica,Slaven Koprivnica,0,3,0.14,1.18,0.14,1.18,4.0,9.0,0.31,0.69
CroatiaHNL,2425,2025-03-09,Hajduk Split,HNK Gorica,2,1,0.67,1.22,0.67,1.22,6.0,10.0,0.25,0.62
CroatiaHNL,2425,2025-03-09,Slaven Koprivnica,Dinamo Zagreb,0,1,0.2,2.9,0.2,2.14,3.0,22.0,0.18,1.04
CroatiaHNL,2425,2025-03-08,Lokomotiva Zagreb,Osijek,3,0,2.78,0.68,2.78,0.68,19.0,5.0,0.55,0.42
CroatiaHNL,2425,2025-03-08,Varaždin,Istra 1961,0,0,1.31,1.15,1.31,1.15,12.0,7.0,0.83,0.61
CroatiaHNL,2425,2025-03-07,Rijeka,Šibenik,1,1,1.99,1.0,1.99,1.0,16.0,9.0,1.23,0.25
CroatiaHNL,2425,2025-03-02,Dinamo Zagreb,Hajduk Split,2,2,0.68,1.32,0.68,1.32,6.0,11.0,0.37,0.76
CroatiaHNL,2425,2025-03-02,Šibenik,Varaždin,0,2,1.2,1.17,1.2,1.17,12.0,9.0,0.76,0.21
CroatiaHNL,2425,2025-03-01,HNK Gorica,Rijeka,0,0,0.87,0.59,0.87,0.59,8.0,11.0,0.48,0.25
CroatiaHNL,2425,2025-03-01,Osijek,Slaven Koprivnica,1,2,1.81,0.87,1.81,0.87,10.0,8.0,0.6,0.69
CroatiaHNL,2425,2025-02-28,Istra 1961,Lokomotiva Zagreb,3,2,1.99,2.88,1.99,2.12,13.0,13.0,0.74,0.4
CroatiaHNL,2425,2025-02-23,HNK Gorica,Šibenik,1,0,1.79,1.41,1.79,1.41,5.0,14.0,0.6,1.26
CroatiaHNL,2425,2025-02-23,Slaven Koprivnica,Istra 1961,0,0,0.62,0.51,0.62,0.51,11.0,6.0,0.84,0.18
CroatiaHNL,2425,2025-02-22,Hajduk Split,Osijek,4,0,1.79,1.7,1.79,1.7,16.0,9.0,0.98,0.47
CroatiaHNL,2425,2025-02-22,Rijeka,Dinamo Zagreb,4,0,3.05,0.97,3.05,0.97,14.0,4.0,0.75,0.22
CroatiaHNL,2425,2025-02-21,Lokomotiva Zagreb,Varaždin,1,0,2.91,0.72,2.91,0.72,19.0,6.0,0.53,0.26
CroatiaHNL,2425,2025-02-16,Osijek,Rijeka,0,2,1.11,1.58,1.11,1.58,15.0,8.0,0.7,0.31
CroatiaHNL,2425,2025-02-16,Varaždin,Slaven Koprivnica,0,1,1.23,2.02,1.23,2.02,10.0,14.0,0.63,0.79
CroatiaHNL,2425,2025-02-15,Dinamo Zagreb,HNK Gorica,3,1,1.49,0.62,1.49,0.62,14.0,2.0,1.31,0.43
CroatiaHNL,2425,2025-02-15,Istra 1961,Hajduk Split,1,1,1.51,1.08,1.51,1.08,7.0,12.0,1.14,0.9
CroatiaHNL,2425,2025-02-14,Šibenik,Lokomotiva Zagreb,1,2,1.01,2.91,1.01,2.91,8.0,17.0,0.88,0.52
CroatiaHNL,2425,2025-02-09,Rijeka,Istra 1961,0,1,1.5,0.96,1.5,0.96,15.0,5.0,0.65,0.45
CroatiaHNL,2425,2025-02-09,Slaven Koprivnica,Lokomotiva Zagreb,2,1,2.17,1.04,2.17,1.04,14.0,13.0,1.14,1.08
CroatiaHNL,2425,2025-02-08,HNK Gorica,Osijek,1,0,1.38,0.86,1.38,0.86,8.0,10.0,0.43,0.86
CroatiaHNL,2425,2025-02-08,Hajduk Split,Varaždin,1,0,1.28,0.85,0.52,0.85,4.0,8.0,0.44,0.56
CroatiaHNL,2425,2025-02-07,Dinamo Zagreb,Šibenik,3,0,1.53,0.78,1.53,0.78,12.0,4.0,1.45,0.26
CroatiaHNL,2425,2025-02-02,Lokomotiva Zagreb,Hajduk Split,3,2,1.96,2.37,1.96,2.37,12.0,15.0,0.8,1.43
CroatiaHNL,2425,2025-02-02,Osijek,Dinamo Zagreb,2,1,0.49,2.06,0.49,2.06,8.0,21.0,0.16,0.94
CroatiaHNL,2425,2025-02-01,Varaždin,Rijeka,1,0,1.2,0.55,1.2,0.55,10.0,9.0,0.32,0.58
CroatiaHNL,2425,2025-02-01,Šibenik,Slaven Koprivnica,1,1,1.79,0.99,1.79,0.99,10.0,7.0,1.21,0.96
CroatiaHNL,2425,2025-01-31,Istra 1961,HNK Gorica,0,0,1.6,0.98,1.6,0.98,14.0,7.0,0.63,0.57
CroatiaHNL,2425,2025-01-26,Hajduk Split,Slaven Koprivnica,0,0,1.07,0.5,1.07,0.5,12.0,4.0,0.4,0.5
CroatiaHNL,2425,2025-01-26,Rijeka,Lokomotiva Zagreb,4,1,1.73,1.1,1.73,1.1,12.0,10.0,0.66,0.49
CroatiaHNL,2425,2025-01-25,Dinamo Zagreb,Istra 1961,3,1,1.84,0.46,1.84,0.46,17.0,6.0,0.63,0.31
CroatiaHNL,2425,2025-01-25,HNK Gorica,Varaždin,1,1,0.59,1.3,0.59,1.3,6.0,9.0,0.21,0.32
CroatiaHNL,2425,2025-01-24,Osijek,Šibenik,2,2,1.16,2.78,1.16,2.78,8.0,18.0,0.68,0.73
CroatiaHNL,2425,2024-12-22,Dinamo Zagreb,Varaždin,3,2,2.04,1.89,2.04,1.89,15.0,17.0,0.58,0.7
CroatiaHNL,2425,2024-12-22,Rijeka,Slaven Koprivnica,2,0,1.75,0.46,1.75,0.46,16.0,6.0,0.48,0.51
CroatiaHNL,2425,2024-12-22,Šibenik,Hajduk Split,1,2,1.69,2.65,1.69,2.65,10.0,16.0,0.75,0.95
CroatiaHNL,2425,2024-12-21,HNK Gorica,Lokomotiva Zagreb,1,4,2.36,0.9,2.36,0.9,15.0,12.0,0.72,0.37
CroatiaHNL,2425,2024-12-20,Osijek,Istra 1961,2,2,2.16,2.45,2.16,2.45,14.0,16.0,0.34,0.74
CroatiaHNL,2425,2024-12-15,Hajduk Split,Rijeka,2,2,1.31,2.13,1.31,2.13,12.0,10.0,0.95,0.45
CroatiaHNL,2425,2024-12-15,Varaždin,Osijek,0,0,1.43,0.39,1.43,0.39,11.0,6.0,0.57,0.21
CroatiaHNL,2425,2024-12-14,Istra 1961,Šibenik,3,3,2.27,1.44,2.27,1.44,12.0,13.0,1.03,0.57
CroatiaHNL,2425,2024-12-14,Lokomotiva Zagreb,Dinamo Zagreb,3,1,1.56,2.79,1.56,2.79,7.0,20.0,0.28,1.49
CroatiaHNL,2425,2024-12-13,Slaven Koprivnica,HNK Gorica,2,1,3.78,1.57,3.78,1.57,22.0,11.0,1.73,0.47
CroatiaHNL,2425,2024-12-08,Osijek,Lokomotiva Zagreb,3,0,2.64,1.03,2.64,1.03,12.0,13.0,1.06,0.81
CroatiaHNL,2425,2024-12-08,Šibenik,Rijeka,0,1,0.86,1.57,0.86,0.81,12.0,8.0,0.9,0.31
CroatiaHNL,2425,2024-12-07,HNK Gorica,Hajduk Split,1,0,1.69,3.67,1.69,2.91,10.0,25.0,0.51,1.47
CroatiaHNL,2425,2024-12-07,Istra 1961,Varaždin,0,0,1.43,0.44,1.43,0.44,11.0,4.0,0.97,0.4
CroatiaHNL,2425,2024-12-06,Dinamo Zagreb,Slaven Koprivnica,1,1,5.09,1.98,5.09,1.98,28.0,11.0,1.25,1.03
CroatiaHNL,2425,2024-12-01,Hajduk Split,Dinamo Zagreb,1,0,1.39,0.25,1.39,0.25,8.0,6.0,0.38,0.43
CroatiaHNL,2425,2024-12-01,Lokomotiva Zagreb,Istra 1961,1,2,1.26,1.74,1.26,1.74,9.0,11.0,0.76,0.5
CroatiaHNL,2425,2024-11-30,Rijeka,HNK Gorica,1,0,0.92,1.39,0.92,1.39,8.0,15.0,0.68,0.7
CroatiaHNL,2425,2024-11-30,Slaven Koprivnica,Osijek,3,2,1.29,1.52,1.29,1.52,12.0,12.0,0.49,0.78
CroatiaHNL,2425,2024-11-29,Varaždin,Šibenik,2,1,1.22,1.04,1.22,1.04,11.0,6.0,0.77,0.29
CroatiaHNL,2425,2024-11-24,Osijek,Hajduk Split,2,2,2.24,2.53,2.24,2.53,8.0,16.0,1.33,1.04
CroatiaHNL,2425,2024-11-24,Šibenik,HNK Gorica,1,0,1.4,0.81,1.4,0.81,16.0,11.0,0.4,0.45
CroatiaHNL,2425,2024-11-23,Dinamo Zagreb,Rijeka,0,0,0.89,2.31,0.89,2.31,9.0,17.0,0.58,0.38
CroatiaHNL,2425,2024-11-23,Varaždin,Lokomotiva Zagreb,1,1,0.59,0.77,0.59,0.77,8.0,7.0,0.67,0.78
CroatiaHNL,2425,2024-11-22,Istra 1961,Slaven Koprivnica,2,3,0.71,2.98,0.71,2.98,7.0,16.0,0.72,1.02
CroatiaHNL,2425,2024-11-10,Rijeka,Osijek,1,1,1.93,0.79,1.93,0.79,15.0,10.0,0.8,0.38
CroatiaHNL,2425,2024-11-10,Slaven Koprivnica,Varaždin,1,1,1.35,1.39,1.35,1.39,13.0,12.0,0.59,0.31
CroatiaHNL,2425,2024-11-09,HNK Gorica,Dinamo Zagreb,2,2,0.63,3.77,0.63,3.77,3.0,35.0,0.27,1.3
CroatiaHNL,2425,2024-11-09,Hajduk Split,Istra 1961,1,1,1.95,1.32,1.95,1.32,17.0,8.0,1.08,0.39
CroatiaHNL,2425,2024-11-08,Šibenik,Lokomotiva Zagreb,0,3,0.86,2.01,0.86,2.01,8.0,13.0,0.47,1.01
CroatiaHNL,2425,2024-11-03,Istra 1961,Rijeka,0,1,0.66,0.29,0.66,0.29,8.0,6.0,0.29,0.32
CroatiaHNL,2425,2024-11-03,Varaždin,Hajduk Split,1,0,1.2,0.71,1.2,0.71,14.0,10.0,0.68,0.88
CroatiaHNL,2425,2024-11-02,Lokomotiva Zagreb,Slaven Koprivnica,0,1,1.39,2.43,1.39,2.43,19.0,15.0,0.6,1.01
CroatiaHNL,2425,2024-11-02,Osijek,HNK Gorica,2,0,1.75,0.47,1.75,0.47,16.0,8.0,0.87,0.06
CroatiaHNL,2425,2024-11-01,Šibenik,Dinamo Zagreb,0,4,0.06,2.78,0.06,2.02,1.0,13.0,0.04,1.04
CroatiaHNL,2425,2024-10-27,Dinamo Zagreb,Osijek,2,4,2.77,1.86,2.77,1.1,14.0,10.0,1.68,0.32
CroatiaHNL,2425,2024-10-27,HNK Gorica,Istra 1961,1,0,1.02,1.77,1.02,1.77,11.0,16.0,0.48,0.94
CroatiaHNL,2425,2024-10-26,Hajduk Split,Lokomotiva Zagreb,2,1,2.35,1.52,2.35,1.52,12.0,18.0,1.17,0.53
CroatiaHNL,2425,2024-10-26,Rijeka,Varaždin,1,1,1.62,1.26,1.62,0.5,14.0,10.0,1.14,0.2
CroatiaHNL,2425,2024-10-25,Slaven Koprivnica,Šibenik,2,2,1.91,1.68,1.91,1.68,13.0,10.0,0.88,0.29
CroatiaHNL,2425,2024-10-20,Slaven Koprivnica,Hajduk Split,0,2,0.86,1.04,0.86,1.04,12.0,11.0,0.43,0.35
CroatiaHNL,2425,2024-10-20,Varaždin,HNK Gorica,2,1,1.41,1.09,1.41,1.09,17.0,5.0,0.79,0.6
CroatiaHNL,2425,2024-10-19,Istra 1961,Dinamo Zagreb,2,2,0.63,2.62,0.63,1.86,7.0,16.0,0.32,1.29
CroatiaHNL,2425,2024-10-19,Šibenik,Osijek,1,3,1.06,3.4,1.06,3.4,8.0,18.0,0.33,2.2
CroatiaHNL,2425,2024-10-18,Lokomotiva Zagreb,Rijeka,2,2,1.45,2.79,0.69,2.79,9.0,26.0,0.67,0.8
CroatiaHNL,2425,2024-10-06,Hajduk Split,Šibenik,4,0,3.03,0.43,3.03,0.43,16.0,5.0,0.81,0.22
CroatiaHNL,2425,2024-10-06,Varaždin,Dinamo Zagreb,0,1,0.53,1.39,0.53,1.39,6.0,11.0,0.4,0.8
CroatiaHNL,2425,2024-10-05,Lokomotiva Zagreb,HNK Gorica,2,0,1.16,0.85,1.16,0.85,14.0,8.0,0.75,0.52
CroatiaHNL,2425,2024-10-05,Slaven Koprivnica,Rijeka,0,0,0.7,0.98,0.7,0.98,10.0,7.0,1.01,0.33
CroatiaHNL,2425,2024-10-04,Istra 1961,Osijek,2,1,0.85,0.76,0.85,0.76,12.0,7.0,0.33,0.55
CroatiaHNL,2425,2024-09-30,HNK Gorica,Slaven Koprivnica,2,1,1.8,2.03,1.04,2.03,9.0,15.0,0.37,0.62
CroatiaHNL,2425,2024-09-29,Osijek,Varaždin,2,1,1.03,1.63,1.03,1.63,8.0,16.0,0.52,0.81
CroatiaHNL,2425,2024-09-29,Rijeka,Hajduk Split,0,0,1.08,0.81,1.08,0.81,12.0,8.0,0.58,0.59
CroatiaHNL,2425,2024-09-28,Dinamo Zagreb,Lokomotiva Zagreb,5,1,2.89,1.2,2.89,1.2,17.0,12.0,1.3,0.59
CroatiaHNL,2425,2024-09-27,Šibenik,Istra 1961,0,0,1.1,0.42,1.1,0.42,13.0,7.0,0.84,0.21
CroatiaHNL,2425,2024-09-22,Lokomotiva Zagreb,Osijek,0,1,0.66,1.67,0.66,1.67,6.0,9.0,0.55,0.77
CroatiaHNL,2425,2024-09-22,Rijeka,Šibenik,3,0,1.59,0.65,1.59,0.65,18.0,7.0,0.89,0.39
CroatiaHNL,2425,2024-09-21,Hajduk Split,HNK Gorica,4,1,2.61,0.79,1.85,0.79,15.0,4.0,1.25,0.34
CroatiaHNL,2425,2024-09-21,Slaven Koprivnica,Dinamo Zagreb,4,1,2.35,2.35,2.35,2.35,18.0,18.0,0.99,0.69
CroatiaHNL,2425,2024-09-20,Varaždin,Istra 1961,1,0,1.64,0.97,1.64,0.97,14.0,6.0,0.57,0.98
CroatiaHNL,2425,2024-09-15,Osijek,Slaven Koprivnica,1,0,1.85,1.7,1.85,1.7,12.0,16.0,0.71,0.73
CroatiaHNL,2425,2024-09-15,Šibenik,Varaždin,0,0,0.74,1.0,0.74,1.0,5.0,10.0,0.49,0.69
CroatiaHNL,2425,2024-09-14,HNK Gorica,Rijeka,0,1,0.86,1.29,0.86,1.29,6.0,12.0,0.57,0.27
CroatiaHNL,2425,2024-09-14,Istra 1961,Lokomotiva Zagreb,0,2,1.7,2.69,0.94,2.69,14.0,13.0,0.55,0.4
CroatiaHNL,2425,2024-09-13,Dinamo Zagreb,Hajduk Split,0,1,1.59,1.02,1.59,1.02,19.0,10.0,1.42,0.22
CroatiaHNL,2425,2024-09-01,Lokomotiva Zagreb,Varaždin,0,1,0.35,3.11,0.35,2.35,9.0,18.0,0.34,0.56
CroatiaHNL,2425,2024-09-01,Rijeka,Dinamo Zagreb,1,1,0.78,0.89,0.78,0.89,12.0,6.0,0.45,0.47
CroatiaHNL,2425,2024-08-31,Hajduk Split,Osijek,1,0,1.68,0.29,1.68,0.29,11.0,4.0,0.57,0.42
CroatiaHNL,2425,2024-08-31,Slaven Koprivnica,Istra 1961,0,1,0.73,1.47,0.73,1.47,8.0,11.0,0.92,0.58
CroatiaHNL,2425,2024-08-30,HNK Gorica,Šibenik,2,1,0.73,1.37,0.73,1.37,5.0,13.0,0.42,1.26
CroatiaHNL,2425,2024-08-25,Istra 1961,Hajduk Split,1,1,0.96,2.65,0.96,2.65,12.0,17.0,0.21,1.73
CroatiaHNL,2425,2024-08-25,Osijek,Rijeka,0,2,1.86,1.42,1.86,1.42,18.0,12.0,0.3,0.6
CroatiaHNL,2425,2024-08-24,Dinamo Zagreb,HNK Gorica,2,1,2.96,1.23,2.96,1.23,19.0,8.0,0.68,0.63
CroatiaHNL,2425,2024-08-24,Varaždin,Slaven Koprivnica,2,0,1.77,0.73,1.77,0.73,14.0,9.0,0.49,0.33
CroatiaHNL,2425,2024-08-23,Lokomotiva Zagreb,Šibenik,0,1,2.08,0.69,2.08,0.69,24.0,9.0,1.45,0.41
CroatiaHNL,2425,2024-08-18,HNK Gorica,Osijek,2,2,2.03,1.66,2.03,1.66,15.0,18.0,0.5,1.04
CroatiaHNL,2425,2024-08-18,Hajduk Split,Varaždin,2,1,1.48,0.66,1.48,0.66,15.0,10.0,1.74,0.32
CroatiaHNL,2425,2024-08-18,Rijeka,Istra 1961,4,0,1.5,0.84,1.5,0.84,14.0,8.0,0.37,0.57
CroatiaHNL,2425,2024-08-17,Slaven Koprivnica,Lokomotiva Zagreb,2,2,1.55,3.65,1.55,3.65,13.0,20.0,0.56,0.24
CroatiaHNL,2425,2024-08-16,Dinamo Zagreb,Šibenik,3,0,2.34,0.85,2.34,0.85,17.0,6.0,1.43,0.25
CroatiaHNL,2425,2024-08-11,Lokomotiva Zagreb,Hajduk Split,1,1,3.7,2.54,2.94,2.54,22.0,13.0,0.5,0.85
CroatiaHNL,2425,2024-08-11,Osijek,Dinamo Zagreb,1,2,0.28,3.13,0.28,3.13,7.0,16.0,0.4,0.88
CroatiaHNL,2425,2024-08-11,Varaždin,Rijeka,0,0,0.43,0.89,0.43,0.89,9.0,8.0,0.48,0.58
CroatiaHNL,2425,2024-08-10,Istra 1961,HNK Gorica,2,1,3.45,1.0,2.69,1.0,19.0,6.0,1.31,0.37
CroatiaHNL,2425,2024-08-09,Šibenik,Slaven Koprivnica,2,0,1.63,0.68,1.63,0.68,10.0,13.0,0.38,0.61
CroatiaHNL,2425,2024-08-04,Hajduk Split,Slaven Koprivnica,2,1,1.75,0.56,0.99,0.56,10.0,6.0,0.42,0.15
CroatiaHNL,2425,2024-08-04,Osijek,Šibenik,1,2,1.99,1.1,1.99,1.1,30.0,6.0,1.64,0.45
CroatiaHNL,2425,2024-08-04,Rijeka,Lokomotiva Zagreb,4,0,3.02,0.87,3.02,0.87,21.0,9.0,0.63,0.7
CroatiaHNL,2425,2024-08-03,HNK Gorica,Varaždin,0,0,0.48,2.58,0.48,2.58,5.0,20.0,0.64,0.74
CroatiaHNL,2425,2024-08-02,Dinamo Zagreb,Istra 1961,5,0,2.8,0.57,2.8,0.57,16.0,2.0,0.65,0.4
CroatiaHNL,2526,2026-05-23,Dinamo Zagreb,Lokomotiva Zagreb,0,0,0.98,1.43,0.98,1.43,13.0,8.0,0.68,0.46
CroatiaHNL,2526,2026-05-23,Rijeka,HNK Gorica,2,0,1.96,0.11,1.96,0.11,21.0,3.0,0.81,0.06
CroatiaHNL,2526,2026-05-23,Varaždin,Istra 1961,2,0,3.23,0.8,1.71,0.8,12.0,11.0,0.38,0.78
CroatiaHNL,2526,2026-05-22,Hajduk Split,Vukovar,6,3,2.96,1.6,2.2,0.84,13.0,8.0,0.79,0.21
CroatiaHNL,2526,2026-05-22,Osijek,Slaven Koprivnica,2,0,3.17,0.44,3.17,0.44,24.0,10.0,0.59,0.54
CroatiaHNL,2526,2026-05-17,Istra 1961,Rijeka,0,0,2.28,0.58,2.28,0.58,11.0,7.0,0.41,0.36
CroatiaHNL,2526,2026-05-17,Slaven Koprivnica,Dinamo Zagreb,1,4,0.95,2.43,0.95,2.43,9.0,15.0,0.61,0.67
CroatiaHNL,2526,2026-05-16,Lokomotiva Zagreb,Hajduk Split,1,1,2.51,3.36,2.51,2.6,15.0,18.0,0.55,1.58
CroatiaHNL,2526,2026-05-16,HNK Gorica,Osijek,2,0,0.88,1.41,0.88,1.41,5.0,16.0,0.3,0.93
CroatiaHNL,2526,2026-05-15,Vukovar,Varaždin,0,2,0.72,2.16,0.72,2.16,10.0,13.0,0.3,0.97
CroatiaHNL,2526,2026-05-10,Slaven Koprivnica,HNK Gorica,1,0,1.16,0.65,1.16,0.65,12.0,6.0,1.05,0.45
CroatiaHNL,2526,2026-05-10,Osijek,Istra 1961,0,1,0.42,1.45,0.42,1.45,11.0,13.0,0.72,0.31
CroatiaHNL,2526,2026-05-09,Varaždin,Lokomotiva Zagreb,1,1,0.65,0.19,0.65,0.19,3.0,3.0,0.69,0.38
CroatiaHNL,2526,2026-05-09,Dinamo Zagreb,Hajduk Split,2,0,3.24,0.42,3.24,0.42,17.0,4.0,1.15,0.45
CroatiaHNL,2526,2026-05-08,Rijeka,Vukovar,3,0,2.98,0.39,2.98,0.39,17.0,7.0,0.7,0.01
CroatiaHNL,2526,2026-05-04,Istra 1961,Slaven Koprivnica,3,1,1.4,1.95,1.4,1.95,11.0,24.0,0.69,0.91
CroatiaHNL,2526,2026-05-03,Hajduk Split,Varaždin,3,1,1.59,2.4,1.59,2.4,13.0,13.0,1.15,1.09
CroatiaHNL,2526,2026-05-03,Lokomotiva Zagreb,Rijeka,0,3,0.43,2.07,0.43,2.07,3.0,10.0,0.39,0.37
CroatiaHNL,2526,2026-05-02,Vukovar,Osijek,1,0,0.79,1.24,0.79,1.24,8.0,12.0,0.5,0.76
CroatiaHNL,2526,2026-05-02,HNK Gorica,Dinamo Zagreb,1,2,1.15,0.84,1.15,0.84,9.0,9.0,0.59,0.32
CroatiaHNL,2526,2026-04-27,HNK Gorica,Istra 1961,1,0,2.27,0.7,2.27,0.7,14.0,14.0,0.98,0.63
CroatiaHNL,2526,2026-04-26,Dinamo Zagreb,Varaždin,2,1,1.23,0.44,1.23,0.44,16.0,4.0,0.72,0.54
CroatiaHNL,2526,2026-04-26,Rijeka,Hajduk Split,0,0,2.02,0.91,2.02,0.91,14.0,4.0,0.74,0.24
CroatiaHNL,2526,2026-04-25,Osijek,Lokomotiva Zagreb,0,0,1.73,0.47,1.73,0.47,14.0,7.0,0.39,0.74
CroatiaHNL,2526,2026-04-25,Slaven Koprivnica,Vukovar,2,2,2.01,1.52,2.01,1.52,14.0,11.0,0.79,0.88
CroatiaHNL,2526,2026-04-22,Istra 1961,Dinamo Zagreb,0,2,0.35,1.92,0.35,1.92,5.0,19.0,0.31,0.86
CroatiaHNL,2526,2026-04-22,Varaždin,Rijeka,1,0,0.8,1.35,0.04,1.35,2.0,15.0,0.3,1.04
CroatiaHNL,2526,2026-04-22,Vukovar,HNK Gorica,1,2,1.36,1.87,0.6,1.11,12.0,16.0,0.38,0.91
CroatiaHNL,2526,2026-04-21,Hajduk Split,Osijek,0,1,2.58,1.36,1.82,1.36,10.0,9.0,1.44,0.25
CroatiaHNL,2526,2026-04-21,Lokomotiva Zagreb,Slaven Koprivnica,2,1,2.11,1.05,2.11,0.29,16.0,5.0,1.03,0.17
CroatiaHNL,2526,2026-04-18,Istra 1961,Vukovar,1,2,1.37,2.31,1.37,1.55,17.0,8.0,1.7,0.78
CroatiaHNL,2526,2026-04-18,Dinamo Zagreb,Rijeka,2,2,1.93,1.75,1.17,0.23,12.0,11.0,0.49,0.52
CroatiaHNL,2526,2026-04-17,Osijek,Varaždin,0,2,2.15,2.01,2.15,2.01,21.0,11.0,0.89,0.67
CroatiaHNL,2526,2026-04-17,Slaven Koprivnica,Hajduk Split,2,2,2.19,1.67,2.19,1.67,14.0,10.0,0.68,1.29
CroatiaHNL,2526,2026-04-17,HNK Gorica,Lokomotiva Zagreb,0,2,0.48,2.22,0.48,2.22,10.0,8.0,0.43,1.21
CroatiaHNL,2526,2026-04-13,Vukovar,Dinamo Zagreb,1,4,1.78,1.84,1.78,1.08,11.0,16.0,0.69,0.69
CroatiaHNL,2526,2026-04-12,Hajduk Split,HNK Gorica,1,0,1.21,0.28,1.21,0.28,15.0,5.0,0.52,0.47
CroatiaHNL,2526,2026-04-12,Rijeka,Osijek,0,2,1.3,0.45,1.3,0.45,20.0,6.0,0.99,0.18
CroatiaHNL,2526,2026-04-12,Varaždin,Slaven Koprivnica,2,1,1.99,2.66,1.23,2.66,14.0,14.0,0.59,0.4
CroatiaHNL,2526,2026-04-11,Lokomotiva Zagreb,Istra 1961,2,0,1.42,0.87,1.42,0.87,11.0,14.0,0.7,0.27
CroatiaHNL,2526,2026-04-07,Istra 1961,Hajduk Split,1,3,0.78,2.31,0.78,2.31,7.0,19.0,0.38,1.25
CroatiaHNL,2526,2026-04-07,Vukovar,Lokomotiva Zagreb,1,1,0.58,0.27,0.58,0.27,5.0,6.0,0.42,0.36
CroatiaHNL,2526,2026-04-04,Slaven Koprivnica,Rijeka,0,2,1.35,3.14,1.35,2.38,17.0,11.0,0.87,0.69
CroatiaHNL,2526,2026-04-04,Dinamo Zagreb,Osijek,7,0,3.19,0.89,2.43,0.89,27.0,6.0,1.44,0.1
CroatiaHNL,2526,2026-04-03,Varaždin,HNK Gorica,1,1,2.07,1.2,2.07,1.2,16.0,5.0,0.73,0.75
CroatiaHNL,2526,2026-03-22,HNK Gorica,Rijeka,4,0,2.91,1.26,2.15,1.26,10.0,11.0,0.5,0.9
CroatiaHNL,2526,2026-03-22,Slaven Koprivnica,Osijek,0,0,0.53,0.82,0.53,0.82,8.0,11.0,0.29,0.7
CroatiaHNL,2526,2026-03-21,Lokomotiva Zagreb,Dinamo Zagreb,0,5,0.19,4.61,0.19,3.85,2.0,21.0,0.25,1.19
CroatiaHNL,2526,2026-03-21,Vukovar,Hajduk Split,0,6,0.9,5.32,0.9,4.56,7.0,20.0,0.48,1.98
CroatiaHNL,2526,2026-03-20,Istra 1961,Varaždin,2,1,0.73,2.18,0.73,2.18,10.0,15.0,0.62,0.7
CroatiaHNL,2526,2026-03-15,Rijeka,Istra 1961,0,2,3.04,1.65,3.04,1.65,29.0,6.0,1.57,0.63
CroatiaHNL,2526,2026-03-15,Hajduk Split,Lokomotiva Zagreb,2,1,3.89,2.52,3.89,2.52,21.0,17.0,1.02,1.2
CroatiaHNL,2526,2026-03-14,Dinamo Zagreb,Slaven Koprivnica,4,2,4.08,0.53,3.32,0.53,19.0,5.0,0.81,0.17
CroatiaHNL,2526,2026-03-14,Osijek,HNK Gorica,0,0,1.48,1.34,1.48,1.34,19.0,13.0,0.78,0.67
CroatiaHNL,2526,2026-03-13,Varaždin,Vukovar,2,0,2.96,0.65,2.96,0.65,22.0,10.0,0.98,0.41
CroatiaHNL,2526,2026-03-08,Vukovar,Rijeka,0,1,0.56,1.16,0.56,0.4,9.0,8.0,0.53,0.37
CroatiaHNL,2526,2026-03-08,Hajduk Split,Dinamo Zagreb,1,3,1.63,3.07,1.63,3.07,13.0,18.0,0.63,0.56
CroatiaHNL,2526,2026-03-07,Lokomotiva Zagreb,Varaždin,1,1,2.25,0.29,2.25,0.29,18.0,8.0,0.38,0.51
CroatiaHNL,2526,2026-03-07,HNK Gorica,Slaven Koprivnica,2,2,2.82,1.05,2.82,1.05,7.0,12.0,1.22,0.61
CroatiaHNL,2526,2026-03-06,Istra 1961,Osijek,0,1,1.39,1.45,1.39,1.45,12.0,9.0,0.56,1.05
CroatiaHNL,2526,2026-03-01,Dinamo Zagreb,HNK Gorica,4,2,2.24,2.46,1.48,1.7,18.0,10.0,0.32,0.74
CroatiaHNL,2526,2026-03-01,Rijeka,Lokomotiva Zagreb,2,0,0.86,0.4,0.86,0.4,7.0,8.0,0.32,0.78
CroatiaHNL,2526,2026-02-28,Varaždin,Hajduk Split,1,1,0.54,2.48,0.54,2.48,6.0,23.0,0.73,1.86
CroatiaHNL,2526,2026-02-28,Osijek,Vukovar,2,0,2.28,0.37,1.52,0.37,13.0,7.0,0.56,0.27
CroatiaHNL,2526,2026-02-27,Slaven Koprivnica,Istra 1961,1,0,2.12,1.56,2.12,1.56,19.0,11.0,0.97,0.96
CroatiaHNL,2526,2026-02-22,Hajduk Split,Rijeka,1,0,1.36,0.38,1.36,0.38,11.0,6.0,1.38,0.68
CroatiaHNL,2526,2026-02-22,Varaždin,Dinamo Zagreb,0,4,1.19,2.43,1.19,2.43,6.0,18.0,0.05,0.97
CroatiaHNL,2526,2026-02-21,Lokomotiva Zagreb,Osijek,3,1,1.69,1.5,0.93,1.5,13.0,9.0,0.44,0.52
CroatiaHNL,2526,2026-02-21,Istra 1961,HNK Gorica,0,2,0.49,2.57,0.49,2.57,6.0,15.0,0.6,1.14
CroatiaHNL,2526,2026-02-20,Vukovar,Slaven Koprivnica,2,2,1.88,0.78,0.36,0.78,8.0,7.0,0.71,0.05
CroatiaHNL,2526,2026-02-15,Osijek,Hajduk Split,0,2,0.67,2.68,0.67,1.92,7.0,14.0,0.52,0.91
CroatiaHNL,2526,2026-02-15,HNK Gorica,Vukovar,0,0,0.74,0.83,0.74,0.83,14.0,9.0,0.69,0.97
CroatiaHNL,2526,2026-02-14,Rijeka,Varaždin,3,1,4.53,1.39,3.77,1.39,26.0,18.0,1.53,0.65
CroatiaHNL,2526,2026-02-14,Dinamo Zagreb,Istra 1961,4,0,3.66,0.23,3.66,0.23,21.0,3.0,1.32,0.31
CroatiaHNL,2526,2026-02-13,Slaven Koprivnica,Lokomotiva Zagreb,2,0,1.49,0.87,0.73,0.87,11.0,3.0,0.34,0.4
CroatiaHNL,2526,2026-02-08,Rijeka,Dinamo Zagreb,0,0,0.1,1.01,0.1,1.01,2.0,12.0,0.21,0.5
CroatiaHNL,2526,2026-02-08,Varaždin,Osijek,2,1,1.32,1.45,1.32,1.45,10.0,9.0,0.77,0.55
CroatiaHNL,2526,2026-02-07,Hajduk Split,Slaven Koprivnica,2,0,1.35,1.12,1.35,1.12,9.0,13.0,0.77,0.92
CroatiaHNL,2526,2026-02-07,Vukovar,Istra 1961,3,2,3.95,1.61,3.19,0.85,26.0,13.0,0.71,0.68
CroatiaHNL,2526,2026-02-06,Lokomotiva Zagreb,HNK Gorica,3,0,2.48,3.65,1.72,2.13,10.0,20.0,0.3,1.01
CroatiaHNL,2526,2026-02-02,Dinamo Zagreb,Vukovar,3,1,3.4,0.3,3.4,0.3,27.0,6.0,0.84,0.17
CroatiaHNL,2526,2026-02-01,Osijek,Rijeka,1,0,0.94,1.03,0.94,1.03,9.0,15.0,0.54,0.66
CroatiaHNL,2526,2026-01-31,Slaven Koprivnica,Varaždin,0,2,2.65,1.65,1.89,0.89,25.0,8.0,1.48,0.39
CroatiaHNL,2526,2026-01-31,HNK Gorica,Hajduk Split,1,0,0.72,1.76,0.72,1.76,6.0,21.0,0.22,1.2
CroatiaHNL,2526,2026-01-30,Istra 1961,Lokomotiva Zagreb,1,1,1.26,1.42,1.26,1.42,11.0,8.0,0.71,0.67
CroatiaHNL,2526,2026-01-26,HNK Gorica,Varaždin,1,2,1.76,1.65,1.76,1.65,13.0,12.0,0.67,0.29
CroatiaHNL,2526,2026-01-25,Osijek,Dinamo Zagreb,0,3,0.51,2.1,0.51,2.1,8.0,17.0,0.17,0.71
CroatiaHNL,2526,2026-01-25,Hajduk Split,Istra 1961,1,2,1.75,2.0,1.75,2.0,23.0,10.0,1.01,0.49
CroatiaHNL,2526,2026-01-24,Rijeka,Slaven Koprivnica,2,2,1.87,2.71,1.87,2.71,15.0,18.0,0.65,1.16
CroatiaHNL,2526,2026-01-24,Lokomotiva Zagreb,Vukovar,2,1,1.3,1.14,0.54,0.38,8.0,8.0,0.74,0.18
CroatiaHNL,2526,2026-01-20,Istra 1961,Rijeka,1,2,1.62,1.54,1.62,0.78,11.0,10.0,0.58,0.18
CroatiaHNL,2526,2025-12-21,Rijeka,HNK Gorica,1,0,0.95,0.54,0.95,0.54,15.0,7.0,0.65,0.39
CroatiaHNL,2526,2025-12-21,Hajduk Split,Vukovar,2,1,3.0,0.33,3.0,0.33,16.0,3.0,1.14,0.22
CroatiaHNL,2526,2025-12-20,Dinamo Zagreb,Lokomotiva Zagreb,2,0,1.84,0.75,1.84,0.75,12.0,6.0,0.78,0.65
CroatiaHNL,2526,2025-12-20,Osijek,Slaven Koprivnica,0,0,0.97,0.39,0.97,0.39,12.0,7.0,0.48,0.48
CroatiaHNL,2526,2025-12-19,Varaždin,Istra 1961,1,3,2.36,1.69,2.36,1.69,21.0,14.0,1.22,0.36
CroatiaHNL,2526,2025-12-14,Slaven Koprivnica,Dinamo Zagreb,2,5,1.28,3.45,1.28,3.45,10.0,15.0,0.24,0.9
CroatiaHNL,2526,2025-12-13,Lokomotiva Zagreb,Hajduk Split,1,3,1.34,3.75,1.34,3.75,6.0,19.0,0.55,1.13
CroatiaHNL,2526,2025-12-13,Osijek,HNK Gorica,1,1,1.57,0.39,1.57,0.39,16.0,4.0,0.84,0.12
CroatiaHNL,2526,2025-12-12,Vukovar,Varaždin,2,0,1.96,0.57,1.96,0.57,13.0,8.0,1.4,0.77
CroatiaHNL,2526,2025-12-07,Osijek,Istra 1961,1,5,1.22,2.91,1.22,2.91,13.0,12.0,0.73,0.65
CroatiaHNL,2526,2025-12-07,Varaždin,Lokomotiva Zagreb,4,2,2.77,1.4,2.01,0.64,10.0,7.0,0.54,0.34
CroatiaHNL,2526,2025-12-06,Rijeka,Vukovar,3,1,2.12,1.13,1.36,1.13,20.0,5.0,0.48,0.2
CroatiaHNL,2526,2025-12-06,Dinamo Zagreb,Hajduk Split,1,1,1.71,1.18,1.71,1.18,13.0,4.0,0.88,0.15
CroatiaHNL,2526,2025-12-05,Slaven Koprivnica,HNK Gorica,2,1,0.95,2.65,0.95,2.65,13.0,13.0,0.58,0.99
CroatiaHNL,2526,2025-12-01,HNK Gorica,Dinamo Zagreb,0,2,0.77,1.47,0.77,1.47,7.0,12.0,0.47,1.2
CroatiaHNL,2526,2025-11-30,Lokomotiva Zagreb,Rijeka,1,1,2.23,1.0,2.23,1.0,13.0,10.0,0.82,0.22
CroatiaHNL,2526,2025-11-29,Istra 1961,Slaven Koprivnica,1,1,0.9,2.22,0.9,1.46,10.0,17.0,1.12,0.46
CroatiaHNL,2526,2025-11-29,Hajduk Split,Varaždin,1,1,1.73,0.77,1.73,0.77,12.0,10.0,0.81,0.83
CroatiaHNL,2526,2025-11-28,Vukovar,Osijek,2,2,1.02,2.48,1.02,2.48,12.0,18.0,0.7,0.54
CroatiaHNL,2526,2025-11-23,HNK Gorica,Istra 1961,1,0,1.94,1.58,1.94,1.58,12.0,14.0,0.86,0.6
CroatiaHNL,2526,2025-11-23,Osijek,Lokomotiva Zagreb,1,1,1.01,4.94,1.01,4.18,8.0,24.0,0.39,1.85
CroatiaHNL,2526,2025-11-22,Rijeka,Hajduk Split,5,0,1.79,0.75,1.79,0.75,13.0,9.0,1.02,0.4
CroatiaHNL,2526,2025-11-22,Dinamo Zagreb,Varaždin,3,1,2.43,0.54,2.43,0.54,13.0,9.0,0.9,0.24
CroatiaHNL,2526,2025-11-21,Slaven Koprivnica,Vukovar,4,1,1.97,1.5,1.97,0.74,13.0,11.0,0.51,0.41
CroatiaHNL,2526,2025-11-09,Varaždin,Rijeka,1,0,1.53,3.48,1.53,3.48,10.0,32.0,0.35,0.64
CroatiaHNL,2526,2025-11-09,Istra 1961,Dinamo Zagreb,2,1,1.59,2.76,1.59,2.76,6.0,31.0,0.57,1.5
CroatiaHNL,2526,2025-11-08,Hajduk Split,Osijek,2,0,2.46,0.27,2.46,0.27,23.0,5.0,0.94,0.29
CroatiaHNL,2526,2025-11-08,Lokomotiva Zagreb,Slaven Koprivnica,1,1,2.56,0.42,2.56,0.42,16.0,9.0,1.27,0.45
CroatiaHNL,2526,2025-11-07,HNK Gorica,Vukovar,1,1,2.27,1.42,2.27,1.42,15.0,13.0,1.33,1.01
CroatiaHNL,2526,2025-11-03,HNK Gorica,Lokomotiva Zagreb,4,1,1.71,1.53,1.71,1.53,11.0,11.0,0.55,0.6
CroatiaHNL,2526,2025-11-02,Osijek,Varaždin,0,0,1.21,0.98,1.21,0.98,9.0,14.0,0.74,0.3
CroatiaHNL,2526,2025-11-02,Slaven Koprivnica,Hajduk Split,0,0,0.75,1.56,0.75,1.56,12.0,13.0,0.37,0.74
CroatiaHNL,2526,2025-11-01,Istra 1961,Vukovar,1,1,1.85,0.79,1.85,0.79,12.0,13.0,0.9,0.56
CroatiaHNL,2526,2025-11-01,Dinamo Zagreb,Rijeka,2,1,1.4,1.5,1.4,1.5,10.0,12.0,0.18,0.64
CroatiaHNL,2526,2025-10-27,Vukovar,Dinamo Zagreb,1,0,2.08,1.3,2.08,1.3,11.0,11.0,0.44,0.4
CroatiaHNL,2526,2025-10-27,Rijeka,Osijek,4,2,2.79,1.22,2.79,1.22,24.0,8.0,0.85,0.2
CroatiaHNL,2526,2025-10-25,Varaždin,Slaven Koprivnica,1,3,1.48,2.32,1.48,2.32,16.0,14.0,1.0,0.38
CroatiaHNL,2526,2025-10-25,Lokomotiva Zagreb,Istra 1961,1,2,2.67,1.23,2.67,1.23,14.0,6.0,0.88,0.72
CroatiaHNL,2526,2025-10-24,HNK Gorica,Hajduk Split,1,3,1.4,2.48,1.4,1.72,9.0,13.0,0.59,0.83
CroatiaHNL,2526,2025-10-19,HNK Gorica,Varaždin,1,3,1.85,3.0,1.09,2.24,12.0,8.0,0.82,0.37
CroatiaHNL,2526,2025-10-19,Istra 1961,Hajduk Split,0,3,1.87,1.91,1.87,1.91,16.0,14.0,0.72,0.4
CroatiaHNL,2526,2025-10-18,Dinamo Zagreb,Osijek,2,1,0.8,0.2,0.8,0.2,9.0,4.0,0.23,0.31
CroatiaHNL,2526,2025-10-18,Slaven Koprivnica,Rijeka,1,1,1.7,1.53,1.7,1.53,14.0,13.0,0.46,0.64
CroatiaHNL,2526,2025-10-17,Vukovar,Lokomotiva Zagreb,1,1,0.45,1.36,0.45,1.36,5.0,15.0,0.39,1.11
CroatiaHNL,2526,2025-10-05,Lokomotiva Zagreb,Dinamo Zagreb,2,1,1.29,1.21,0.53,1.21,7.0,17.0,0.34,0.78
CroatiaHNL,2526,2025-10-05,HNK Gorica,Rijeka,1,3,1.22,2.85,1.22,2.85,14.0,13.0,0.64,0.57
CroatiaHNL,2526,2025-10-04,Slaven Koprivnica,Osijek,2,1,0.74,2.5,0.74,2.5,9.0,17.0,0.23,0.72
CroatiaHNL,2526,2025-10-04,Vukovar,Hajduk Split,0,1,0.51,2.81,0.51,2.81,6.0,15.0,0.23,1.06
CroatiaHNL,2526,2025-10-03,Istra 1961,Varaždin,1,0,0.96,1.66,0.96,1.66,9.0,19.0,0.37,1.34
CroatiaHNL,2526,2025-09-28,Dinamo Zagreb,Slaven Koprivnica,4,1,3.13,0.26,2.37,0.26,18.0,5.0,0.85,0.2
CroatiaHNL,2526,2025-09-28,HNK Gorica,Osijek,0,1,0.72,1.2,0.72,1.2,9.0,11.0,0.6,0.29
CroatiaHNL,2526,2025-09-27,Hajduk Split,Lokomotiva Zagreb,2,0,1.19,1.06,1.19,1.06,7.0,9.0,0.68,0.38
CroatiaHNL,2526,2025-09-27,Rijeka,Istra 1961,0,0,3.29,0.34,3.29,0.34,19.0,5.0,0.73,0.34
CroatiaHNL,2526,2025-09-26,Varaždin,Vukovar,2,1,2.17,0.64,1.41,0.64,22.0,8.0,0.91,0.6
CroatiaHNL,2526,2025-09-22,Vukovar,Rijeka,3,2,1.97,3.21,1.21,2.45,12.0,25.0,0.6,0.93
CroatiaHNL,2526,2025-09-21,Istra 1961,Osijek,2,1,1.2,3.12,1.2,3.12,13.0,20.0,0.49,1.02
CroatiaHNL,2526,2025-09-21,HNK Gorica,Slaven Koprivnica,2,1,2.03,1.27,2.03,1.27,10.0,9.0,0.82,0.84
CroatiaHNL,2526,2025-09-20,Lokomotiva Zagreb,Varaždin,1,0,1.24,0.2,1.24,0.2,10.0,2.0,0.68,0.49
CroatiaHNL,2526,2025-09-20,Hajduk Split,Dinamo Zagreb,0,2,0.46,0.71,0.46,0.71,8.0,14.0,0.7,0.17
CroatiaHNL,2526,2025-09-14,Dinamo Zagreb,HNK Gorica,1,2,1.91,0.94,1.91,0.94,13.0,8.0,1.05,0.51
CroatiaHNL,2526,2025-09-14,Osijek,Vukovar,4,0,1.61,1.21,1.61,1.21,18.0,13.0,0.55,1.02
CroatiaHNL,2526,2025-09-13,Rijeka,Lokomotiva Zagreb,1,1,1.22,1.26,1.22,1.26,12.0,11.0,0.19,0.56
CroatiaHNL,2526,2025-09-13,Varaždin,Hajduk Split,2,0,0.92,0.89,0.92,0.89,13.0,14.0,0.28,1.18
CroatiaHNL,2526,2025-09-12,Slaven Koprivnica,Istra 1961,2,1,1.15,0.97,1.15,0.97,15.0,9.0,0.88,0.37
CroatiaHNL,2526,2025-08-31,Hajduk Split,Rijeka,2,2,2.38,0.87,2.38,0.87,15.0,5.0,1.38,0.23
CroatiaHNL,2526,2025-08-31,Lokomotiva Zagreb,Osijek,1,1,1.75,2.57,1.75,2.57,14.0,17.0,1.09,0.68
CroatiaHNL,2526,2025-08-30,Varaždin,Dinamo Zagreb,2,2,0.73,2.29,0.73,1.53,11.0,20.0,0.28,0.96
CroatiaHNL,2526,2025-08-30,Vukovar,Slaven Koprivnica,1,2,2.45,2.24,2.45,2.24,15.0,9.0,0.7,0.66
CroatiaHNL,2526,2025-08-29,Istra 1961,HNK Gorica,1,0,2.54,1.27,2.54,1.27,13.0,22.0,0.98,0.78
CroatiaHNL,2526,2025-08-24,Rijeka,Varaždin,1,2,0.54,1.84,0.54,1.08,9.0,15.0,0.34,0.34
CroatiaHNL,2526,2025-08-24,Osijek,Hajduk Split,0,2,0.99,1.8,0.99,1.8,12.0,18.0,0.7,0.66
CroatiaHNL,2526,2025-08-23,Dinamo Zagreb,Istra 1961,3,0,3.38,0.27,3.38,0.27,23.0,4.0,0.67,0.18
CroatiaHNL,2526,2025-08-23,Slaven Koprivnica,Lokomotiva Zagreb,1,2,2.85,0.85,2.85,0.85,19.0,9.0,1.29,0.16
CroatiaHNL,2526,2025-08-22,Vukovar,HNK Gorica,2,2,1.51,4.49,1.51,4.49,11.0,22.0,0.89,1.57
CroatiaHNL,2526,2025-08-17,Hajduk Split,Slaven Koprivnica,3,0,3.33,1.17,3.33,1.17,25.0,5.0,2.12,0.32
CroatiaHNL,2526,2025-08-17,Varaždin,Osijek,0,0,0.81,0.88,0.81,0.88,14.0,12.0,0.51,0.66
CroatiaHNL,2526,2025-08-16,Rijeka,Dinamo Zagreb,0,2,2.15,1.4,2.15,0.64,14.0,8.0,0.76,0.45
CroatiaHNL,2526,2025-08-16,Lokomotiva Zagreb,HNK Gorica,1,3,1.57,0.89,0.81,0.89,9.0,12.0,0.39,0.58
CroatiaHNL,2526,2025-08-15,Vukovar,Istra 1961,1,1,1.46,1.73,1.46,1.73,10.0,7.0,0.78,0.7
CroatiaHNL,2526,2025-08-10,Hajduk Split,HNK Gorica,2,0,3.39,0.89,1.87,0.89,23.0,6.0,0.96,0.58
CroatiaHNL,2526,2025-08-10,Slaven Koprivnica,Varaždin,3,1,2.19,0.24,2.19,0.24,18.0,4.0,1.04,0.56
CroatiaHNL,2526,2025-08-09,Osijek,Rijeka,0,0,2.39,0.8,2.39,0.8,22.0,11.0,0.97,0.48
CroatiaHNL,2526,2025-08-09,Istra 1961,Lokomotiva Zagreb,2,2,1.81,1.87,1.81,1.87,17.0,13.0,0.61,0.33
CroatiaHNL,2526,2025-08-08,Dinamo Zagreb,Vukovar,3,0,4.58,0.39,4.58,0.39,28.0,9.0,1.07,0.15
CroatiaHNL,2526,2025-08-04,Varaždin,HNK Gorica,1,1,3.02,1.32,3.02,1.32,17.0,13.0,1.05,0.56
CroatiaHNL,2526,2025-08-03,Hajduk Split,Istra 1961,2,1,1.74,1.36,0.98,1.36,14.0,9.0,0.71,0.3
CroatiaHNL,2526,2025-08-03,Rijeka,Slaven Koprivnica,2,0,4.07,0.32,4.07,0.32,20.0,5.0,1.19,0.38
CroatiaHNL,2526,2025-08-02,Osijek,Dinamo Zagreb,0,2,0.8,3.0,0.8,3.0,12.0,14.0,0.82,1.4
CroatiaHNL,2526,2025-08-01,Lokomotiva Zagreb,Vukovar,1,0,1.37,0.64,1.37,0.64,10.0,10.0,0.52,0.59
CroatiaHNL,2627,2026-09-14,HNK Gorica,Varaždin,2,2,0.93,2.56,0.93,2.56,10.0,20.0,0.62,1.17
CroatiaHNL,2627,2026-09-13,Hajduk Split,Slaven Koprivnica,1,0,0.86,0.39,0.86,0.39,9.0,7.0,0.65,0.33
CroatiaHNL,2627,2026-09-13,Istra 1961,Rudeš,3,2,2.44,1.1,1.68,1.1,11.0,15.0,0.69,0.29
CroatiaHNL,2627,2026-09-12,Lokomotiva Zagreb,Rijeka,1,1,1.08,2.52,1.08,2.52,7.0,23.0,0.34,1.7
CroatiaHNL,2627,2026-09-12,Osijek,Dinamo Zagreb,4,2,2.53,2.43,2.53,1.67,17.0,12.0,0.53,0.97
CroatiaHNL,2627,2026-09-06,Slaven Koprivnica,Lokomotiva Zagreb,2,1,2.04,2.0,2.04,2.0,17.0,12.0,1.13,1.1
CroatiaHNL,2627,2026-09-06,Rudeš,Hajduk Split,0,4,0.13,2.3,0.13,1.54,3.0,18.0,0.27,0.52
CroatiaHNL,2627,2026-09-05,Rijeka,Osijek,4,1,3.84,0.46,3.84,0.46,24.0,9.0,1.2,0.13
CroatiaHNL,2627,2026-09-05,Dinamo Zagreb,HNK Gorica,1,0,2.42,1.01,2.42,1.01,15.0,9.0,0.82,0.38
CroatiaHNL,2627,2026-09-04,Varaždin,Istra 1961,0,0,1.7,0.38,1.7,0.38,21.0,9.0,0.66,0.55
CroatiaHNL,2627,2026-08-31,HNK Gorica,Rijeka,0,0,0.33,0.9,0.33,0.9,2.0,11.0,0.21,0.6
CroatiaHNL,2627,2026-08-31,Hajduk Split,Lokomotiva Zagreb,2,0,3.64,0.63,3.64,0.63,28.0,7.0,0.99,0.32
CroatiaHNL,2627,2026-08-30,Osijek,Slaven Koprivnica,3,0,1.66,1.15,1.66,1.15,18.0,9.0,0.66,0.27
CroatiaHNL,2627,2026-08-29,Varaždin,Rudeš,2,0,2.35,0.43,1.59,0.43,11.0,9.0,1.03,0.3
CroatiaHNL,2627,2026-08-29,Istra 1961,Dinamo Zagreb,2,2,1.04,2.93,1.04,2.93,4.0,20.0,0.2,1.53
CroatiaHNL,2627,2026-08-23,Hajduk Split,Osijek,4,0,2.22,0.85,2.22,0.85,13.0,11.0,0.47,0.5
CroatiaHNL,2627,2026-08-23,Rijeka,Istra 1961,3,2,2.53,1.29,1.77,1.29,15.0,11.0,0.81,0.52
CroatiaHNL,2627,2026-08-22,Dinamo Zagreb,Varaždin,3,1,3.4,0.44,3.4,0.44,21.0,6.0,1.28,0.22
CroatiaHNL,2627,2026-08-22,Slaven Koprivnica,HNK Gorica,2,0,1.56,0.99,1.56,0.99,16.0,13.0,0.81,1.17
CroatiaHNL,2627,2026-08-21,Rudeš,Lokomotiva Zagreb,4,1,1.97,1.46,1.97,1.46,14.0,7.0,1.06,0.27
CroatiaHNL,2627,2026-08-16,HNK Gorica,Hajduk Split,1,2,1.24,1.89,0.48,1.89,8.0,16.0,0.71,1.14
CroatiaHNL,2627,2026-08-16,Varaždin,Rijeka,2,0,1.73,0.94,0.97,0.94,8.0,15.0,0.58,0.42
CroatiaHNL,2627,2026-08-15,Osijek,Lokomotiva Zagreb,1,0,2.23,1.41,2.23,1.41,27.0,12.0,0.92,0.55
CroatiaHNL,2627,2026-08-15,Istra 1961,Slaven Koprivnica,3,0,3.07,0.48,3.07,0.48,21.0,7.0,2.24,0.29
CroatiaHNL,2627,2026-08-14,Dinamo Zagreb,Rudeš,4,0,4.37,0.7,3.61,0.7,24.0,9.0,1.09,0.52
CroatiaHNL,2627,2026-08-09,Hajduk Split,Istra 1961,2,2,2.1,1.23,2.1,1.23,17.0,7.0,1.11,0.28
CroatiaHNL,2627,2026-08-09,Slaven Koprivnica,Varaždin,1,4,0.88,2.71,0.88,2.71,12.0,24.0,0.61,0.4
CroatiaHNL,2627,2026-08-08,Lokomotiva Zagreb,HNK Gorica,3,1,1.89,2.03,1.89,2.03,11.0,15.0,0.66,0.76
CroatiaHNL,2627,2026-08-08,Rudeš,Osijek,1,6,0.77,4.22,0.77,4.22,9.0,21.0,0.33,1.27
CroatiaHNL,2627,2026-08-02,Rijeka,Rudeš,2,1,2.83,0.24,2.83,0.24,29.0,5.0,1.63,0.18
CroatiaHNL,2627,2026-08-02,Varaždin,Hajduk Split,2,1,1.48,1.25,1.48,0.49,10.0,10.0,0.15,1.24
CroatiaHNL,2627,2026-08-01,HNK Gorica,Osijek,0,2,0.97,3.18,0.97,2.42,9.0,27.0,0.83,1.07
CroatiaHNL,2627,2026-08-01,Istra 1961,Lokomotiva Zagreb,2,3,2.24,1.23,2.24,1.23,23.0,10.0,0.87,0.26
CroatiaHNL,2627,2026-07-31,Dinamo Zagreb,Slaven Koprivnica,2,0,4.11,0.81,4.11,0.81,26.0,5.0,1.69,0.24
SerbiaSuperLiga,2425,2025-05-25,OFK Beograd,Novi Pazar,2,3,2.26,2.13,1.5,2.13,16.0,12.0,0.88,0.86
SerbiaSuperLiga,2425,2025-05-25,Partizan,Vojvodina,3,2,1.26,2.57,1.26,2.57,11.0,19.0,0.65,0.98
SerbiaSuperLiga,2425,2025-05-25,Radnički Kragujevac,TSC,5,2,3.27,1.33,3.27,1.33,15.0,7.0,1.1,0.34
SerbiaSuperLiga,2425,2025-05-24,Crvena zvezda,Mladost Lučani,3,1,3.49,1.56,2.73,1.56,28.0,6.0,1.97,0.81
SerbiaSuperLiga,2425,2025-05-24,Radnički Niš,Jedinstvo Ub,3,1,1.43,1.71,1.43,1.71,10.0,19.0,0.6,0.46
SerbiaSuperLiga,2425,2025-05-24,IMT Novi Beograd,Napredak,2,1,1.96,2.08,1.2,2.08,12.0,20.0,0.32,0.98
SerbiaSuperLiga,2425,2025-05-24,Spartak Subotica,Tekstilac Odžaci,2,4,4.44,1.56,4.44,1.56,26.0,9.0,2.08,0.38
SerbiaSuperLiga,2425,2025-05-23,Čukarički,Železničar Pančevo,2,2,1.47,1.27,1.47,1.27,9.0,9.0,0.47,0.2
SerbiaSuperLiga,2425,2025-05-18,Napredak,Radnički Niš,2,1,1.56,1.11,1.56,1.11,13.0,15.0,0.43,0.69
SerbiaSuperLiga,2425,2025-05-18,Jedinstvo Ub,IMT Novi Beograd,0,3,0.58,2.86,0.58,2.86,9.0,15.0,0.39,0.78
SerbiaSuperLiga,2425,2025-05-18,Tekstilac Odžaci,Čukarički,0,3,1.28,0.89,1.28,0.89,9.0,9.0,0.51,0.25
SerbiaSuperLiga,2425,2025-05-18,Železničar Pančevo,Spartak Subotica,3,0,3.05,0.6,3.05,0.6,16.0,6.0,0.9,0.36
SerbiaSuperLiga,2425,2025-05-17,Vojvodina,Radnički Kragujevac,0,0,1.03,1.15,1.03,1.15,8.0,15.0,0.25,0.28
SerbiaSuperLiga,2425,2025-05-17,Mladost Lučani,Partizan,0,4,1.45,3.46,1.45,3.46,13.0,16.0,0.65,1.11
SerbiaSuperLiga,2425,2025-05-17,TSC,OFK Beograd,3,2,2.0,2.53,2.0,1.77,10.0,11.0,0.8,0.71
SerbiaSuperLiga,2425,2025-05-17,Novi Pazar,Crvena zvezda,3,3,1.17,2.6,1.17,2.6,12.0,14.0,0.72,1.04
SerbiaSuperLiga,2425,2025-05-12,Železničar Pančevo,Napredak,1,1,0.71,2.07,0.71,2.07,4.0,18.0,0.8,0.86
SerbiaSuperLiga,2425,2025-05-12,Čukarički,IMT Novi Beograd,1,1,1.51,2.55,1.51,2.55,9.0,15.0,0.86,1.09
SerbiaSuperLiga,2425,2025-05-11,Partizan,TSC,1,2,1.22,1.1,1.22,1.1,9.0,8.0,0.92,0.84
SerbiaSuperLiga,2425,2025-05-11,Crvena zvezda,Vojvodina,1,1,1.74,0.71,1.74,0.71,17.0,10.0,0.72,0.21
SerbiaSuperLiga,2425,2025-05-11,Spartak Subotica,Radnički Niš,1,0,1.54,1.74,0.78,1.74,5.0,16.0,0.52,0.79
SerbiaSuperLiga,2425,2025-05-11,OFK Beograd,Mladost Lučani,1,0,3.24,2.07,3.24,2.07,23.0,14.0,0.8,1.15
SerbiaSuperLiga,2425,2025-05-10,Radnički Kragujevac,Novi Pazar,2,3,3.35,1.11,3.35,1.11,20.0,8.0,1.3,0.2
SerbiaSuperLiga,2425,2025-05-10,Tekstilac Odžaci,Jedinstvo Ub,2,3,2.28,1.51,2.28,1.51,16.0,11.0,0.67,0.55
SerbiaSuperLiga,2425,2025-05-04,Radnički Kragujevac,Mladost Lučani,1,1,3.13,0.19,3.13,0.19,26.0,6.0,1.66,0.47
SerbiaSuperLiga,2425,2025-05-04,Novi Pazar,Partizan,2,1,0.91,1.38,0.91,1.38,12.0,10.0,0.69,0.72
SerbiaSuperLiga,2425,2025-05-04,Jedinstvo Ub,Spartak Subotica,1,0,1.66,0.7,1.66,0.7,16.0,10.0,0.66,1.0
SerbiaSuperLiga,2425,2025-05-04,IMT Novi Beograd,Železničar Pančevo,0,1,1.14,1.9,1.14,1.9,15.0,10.0,0.65,0.44
SerbiaSuperLiga,2425,2025-05-03,Radnički Niš,Tekstilac Odžaci,1,0,2.01,0.69,1.25,0.69,9.0,5.0,0.62,0.42
SerbiaSuperLiga,2425,2025-05-03,TSC,Crvena zvezda,1,2,0.78,2.78,0.78,2.02,6.0,13.0,0.27,1.41
SerbiaSuperLiga,2425,2025-05-03,Napredak,Čukarički,0,1,1.05,1.86,1.05,1.86,11.0,7.0,0.59,0.77
SerbiaSuperLiga,2425,2025-05-02,OFK Beograd,Vojvodina,1,2,2.5,1.98,1.74,1.22,15.0,10.0,1.01,0.82
SerbiaSuperLiga,2425,2025-04-28,Železničar Pančevo,Radnički Niš,1,2,1.69,1.3,1.69,1.3,17.0,8.0,0.91,0.14
SerbiaSuperLiga,2425,2025-04-28,Mladost Lučani,Novi Pazar,1,1,1.34,2.28,1.34,2.28,6.0,12.0,0.86,1.07
SerbiaSuperLiga,2425,2025-04-28,Čukarički,Spartak Subotica,0,0,2.92,0.83,2.92,0.83,13.0,10.0,0.71,0.18
SerbiaSuperLiga,2425,2025-04-28,Napredak,Jedinstvo Ub,1,0,1.91,0.31,1.91,0.31,16.0,6.0,1.29,0.46
SerbiaSuperLiga,2425,2025-04-27,Vojvodina,TSC,0,3,0.87,2.59,0.87,2.59,5.0,14.0,0.58,0.58
SerbiaSuperLiga,2425,2025-04-27,Partizan,Radnički Kragujevac,3,1,2.51,2.39,2.51,2.39,13.0,19.0,0.52,1.0
SerbiaSuperLiga,2425,2025-04-27,Crvena zvezda,OFK Beograd,5,2,2.05,2.27,2.05,2.27,19.0,10.0,1.11,0.6
SerbiaSuperLiga,2425,2025-04-26,IMT Novi Beograd,Tekstilac Odžaci,3,1,1.46,0.5,1.46,0.5,11.0,5.0,0.51,0.49
SerbiaSuperLiga,2425,2025-04-24,Jedinstvo Ub,Čukarički,4,1,4.12,1.69,4.12,1.69,18.0,13.0,0.63,1.12
SerbiaSuperLiga,2425,2025-04-24,Spartak Subotica,Napredak,2,1,1.05,1.35,1.05,1.35,6.0,13.0,0.46,0.63
SerbiaSuperLiga,2425,2025-04-23,Radnički Kragujevac,Crvena zvezda,4,1,3.31,3.53,3.31,3.53,20.0,21.0,0.71,1.02
SerbiaSuperLiga,2425,2025-04-23,Partizan,OFK Beograd,2,2,2.68,4.56,1.92,4.56,12.0,29.0,0.6,0.83
SerbiaSuperLiga,2425,2025-04-23,Mladost Lučani,TSC,2,0,2.65,2.27,2.65,2.27,13.0,24.0,1.29,1.18
SerbiaSuperLiga,2425,2025-04-23,Novi Pazar,Vojvodina,0,1,2.08,1.55,2.08,1.55,17.0,13.0,0.69,0.59
SerbiaSuperLiga,2425,2025-04-22,Tekstilac Odžaci,Železničar Pančevo,0,1,1.72,1.68,1.72,1.68,15.0,9.0,0.51,0.36
SerbiaSuperLiga,2425,2025-04-22,Radnički Niš,IMT Novi Beograd,1,1,1.79,2.63,1.79,2.63,10.0,13.0,0.55,0.61
SerbiaSuperLiga,2425,2025-04-14,Železničar Pančevo,Jedinstvo Ub,3,1,2.32,1.48,1.56,1.48,15.0,9.0,0.64,0.72
SerbiaSuperLiga,2425,2025-04-14,Napredak,Tekstilac Odžaci,0,1,0.22,1.33,0.22,1.33,5.0,9.0,0.25,0.36
SerbiaSuperLiga,2425,2025-04-13,IMT Novi Beograd,Spartak Subotica,2,4,2.09,2.25,2.09,2.25,22.0,13.0,0.77,0.44
SerbiaSuperLiga,2425,2025-04-13,Vojvodina,Mladost Lučani,3,1,2.71,0.9,1.95,0.9,17.0,11.0,1.03,0.48
SerbiaSuperLiga,2425,2025-04-13,TSC,Novi Pazar,1,2,1.51,1.41,1.51,1.41,15.0,10.0,0.61,0.45
SerbiaSuperLiga,2425,2025-04-13,Čukarički,Radnički Niš,2,2,2.39,2.09,2.39,2.09,19.0,15.0,1.11,0.79
SerbiaSuperLiga,2425,2025-04-12,Crvena zvezda,Partizan,2,1,2.04,0.31,1.28,0.31,12.0,5.0,1.53,0.31
SerbiaSuperLiga,2425,2025-04-12,OFK Beograd,Radnički Kragujevac,3,0,1.72,0.96,0.96,0.96,16.0,18.0,0.43,0.46
SerbiaSuperLiga,2425,2025-04-07,Mladost Lučani,Vojvodina,1,3,2.02,3.0,2.02,3.0,12.0,23.0,0.93,1.09
SerbiaSuperLiga,2425,2025-04-07,Novi Pazar,Radnički Niš,3,3,1.35,2.18,0.59,1.42,10.0,8.0,0.54,0.62
SerbiaSuperLiga,2425,2025-04-07,TSC,Železničar Pančevo,1,0,1.63,0.53,1.63,0.53,11.0,7.0,0.31,0.49
SerbiaSuperLiga,2425,2025-04-07,Čukarički,IMT Novi Beograd,0,2,2.93,2.23,2.93,2.23,17.0,17.0,1.88,0.84
SerbiaSuperLiga,2425,2025-04-06,Crvena zvezda,OFK Beograd,3,1,3.62,0.59,2.86,0.59,24.0,9.0,1.19,0.27
SerbiaSuperLiga,2425,2025-04-06,Jedinstvo Ub,Napredak,0,0,1.02,1.3,1.02,1.3,11.0,10.0,0.91,0.82
SerbiaSuperLiga,2425,2025-04-06,Radnički Kragujevac,Partizan,0,2,0.87,2.15,0.87,2.15,13.0,13.0,0.75,0.46
SerbiaSuperLiga,2425,2025-04-05,Tekstilac Odžaci,Spartak Subotica,2,0,1.91,1.39,1.91,1.39,12.0,9.0,0.54,0.75
SerbiaSuperLiga,2425,2025-03-30,OFK Beograd,Jedinstvo Ub,3,0,2.62,0.89,2.62,0.89,18.0,11.0,0.79,0.26
SerbiaSuperLiga,2425,2025-03-30,Spartak Subotica,Mladost Lučani,0,0,2.35,1.4,2.35,1.4,19.0,6.0,1.04,0.74
SerbiaSuperLiga,2425,2025-03-30,Železničar Pančevo,Čukarički,1,2,2.9,1.88,2.14,1.88,14.0,12.0,0.64,0.78
SerbiaSuperLiga,2425,2025-03-29,Napredak,Radnički Kragujevac,1,0,1.21,1.69,1.21,1.69,14.0,17.0,0.44,0.64
SerbiaSuperLiga,2425,2025-03-29,Partizan,TSC,0,0,1.21,1.24,1.21,1.24,10.0,9.0,0.4,0.39
SerbiaSuperLiga,2425,2025-03-29,Radnički Niš,Tekstilac Odžaci,1,2,1.25,3.27,1.25,2.51,7.0,13.0,0.41,0.84
SerbiaSuperLiga,2425,2025-03-29,Vojvodina,Crvena zvezda,3,5,1.77,2.93,1.77,2.93,8.0,24.0,0.36,1.54
SerbiaSuperLiga,2425,2025-03-28,IMT Novi Beograd,Novi Pazar,0,0,1.78,1.14,1.78,1.14,14.0,7.0,0.96,0.27
SerbiaSuperLiga,2425,2025-03-17,Novi Pazar,Železničar Pančevo,3,1,2.73,0.77,2.73,0.77,22.0,9.0,0.75,0.16
SerbiaSuperLiga,2425,2025-03-16,Crvena zvezda,Spartak Subotica,2,1,3.86,1.51,3.86,0.75,29.0,6.0,2.19,0.27
SerbiaSuperLiga,2425,2025-03-16,Mladost Lučani,Radnički Niš,1,1,0.52,1.6,0.52,1.6,8.0,16.0,0.16,0.57
SerbiaSuperLiga,2425,2025-03-16,OFK Beograd,Vojvodina,3,1,1.3,1.63,1.3,1.63,7.0,17.0,0.81,0.91
SerbiaSuperLiga,2425,2025-03-16,TSC,Napredak,4,2,2.38,1.51,2.38,1.51,7.0,14.0,0.46,0.84
SerbiaSuperLiga,2425,2025-03-16,Čukarički,Partizan,0,1,2.28,1.17,2.28,1.17,15.0,8.0,0.71,0.41
SerbiaSuperLiga,2425,2025-03-15,Tekstilac Odžaci,IMT Novi Beograd,1,2,0.92,3.26,0.16,2.5,3.0,20.0,0.36,1.22
SerbiaSuperLiga,2425,2025-03-14,Jedinstvo Ub,Radnički Kragujevac,2,2,1.8,2.47,1.04,2.47,14.0,19.0,0.46,1.24
SerbiaSuperLiga,2425,2025-03-12,OFK Beograd,Železničar Pančevo,1,2,2.67,2.18,2.67,1.42,20.0,7.0,2.13,0.21
SerbiaSuperLiga,2425,2025-03-09,IMT Novi Beograd,Mladost Lučani,3,0,1.86,1.0,1.86,1.0,17.0,8.0,0.5,0.78
SerbiaSuperLiga,2425,2025-03-09,Vojvodina,Jedinstvo Ub,1,0,1.91,1.02,1.91,1.02,11.0,10.0,0.67,0.45
SerbiaSuperLiga,2425,2025-03-08,Napredak,Čukarički,2,1,1.27,1.64,1.27,1.64,9.0,16.0,0.28,1.48
SerbiaSuperLiga,2425,2025-03-08,Partizan,Novi Pazar,3,2,1.9,0.83,1.9,0.83,8.0,11.0,0.66,0.6
SerbiaSuperLiga,2425,2025-03-08,Radnički Kragujevac,TSC,1,3,1.11,3.63,1.11,2.87,9.0,15.0,0.98,0.6
SerbiaSuperLiga,2425,2025-03-08,Radnički Niš,Crvena zvezda,0,3,0.77,2.76,0.77,2.76,10.0,17.0,0.69,0.92
SerbiaSuperLiga,2425,2025-03-07,Spartak Subotica,OFK Beograd,0,1,0.67,0.66,0.67,0.66,10.0,3.0,0.56,0.25
SerbiaSuperLiga,2425,2025-03-07,Železničar Pančevo,Tekstilac Odžaci,3,0,1.9,1.56,1.9,1.56,7.0,11.0,0.66,0.98
SerbiaSuperLiga,2425,2025-03-03,Jedinstvo Ub,TSC,4,1,3.65,2.61,3.65,1.85,13.0,19.0,1.38,0.97
SerbiaSuperLiga,2425,2025-03-03,Mladost Lučani,Železničar Pančevo,1,1,1.56,1.92,1.56,1.92,10.0,17.0,0.68,1.3
SerbiaSuperLiga,2425,2025-03-03,Novi Pazar,Napredak,2,0,0.74,0.94,0.74,0.94,6.0,9.0,0.28,0.71
SerbiaSuperLiga,2425,2025-03-03,Čukarički,Radnički Kragujevac,1,1,0.51,1.26,0.51,1.26,7.0,13.0,0.41,1.28
SerbiaSuperLiga,2425,2025-03-02,Crvena zvezda,IMT Novi Beograd,4,0,4.72,0.26,3.96,0.26,21.0,6.0,1.48,0.24
SerbiaSuperLiga,2425,2025-03-02,OFK Beograd,Radnički Niš,2,0,2.63,1.95,1.87,1.95,18.0,12.0,0.53,0.76
SerbiaSuperLiga,2425,2025-03-02,Tekstilac Odžaci,Partizan,1,4,2.25,3.44,2.25,1.92,14.0,11.0,0.73,0.78
SerbiaSuperLiga,2425,2025-03-02,Vojvodina,Spartak Subotica,1,3,1.05,2.9,1.05,2.9,11.0,11.0,0.75,0.58
SerbiaSuperLiga,2425,2025-02-27,Napredak,Tekstilac Odžaci,1,1,1.98,0.91,1.98,0.91,16.0,10.0,0.73,0.21
SerbiaSuperLiga,2425,2025-02-27,Radnički Kragujevac,Novi Pazar,2,0,2.34,0.21,2.34,0.21,10.0,4.0,0.46,0.3
SerbiaSuperLiga,2425,2025-02-27,TSC,Čukarički,2,1,1.23,1.52,1.23,0.76,17.0,6.0,0.19,0.43
SerbiaSuperLiga,2425,2025-02-26,IMT Novi Beograd,OFK Beograd,1,1,1.23,1.13,1.23,1.13,8.0,9.0,0.42,1.02
SerbiaSuperLiga,2425,2025-02-26,Partizan,Mladost Lučani,2,0,3.37,0.46,3.37,0.46,27.0,3.0,1.71,0.24
SerbiaSuperLiga,2425,2025-02-26,Radnički Niš,Vojvodina,1,4,1.08,3.35,0.32,2.59,6.0,21.0,0.15,1.22
SerbiaSuperLiga,2425,2025-02-26,Spartak Subotica,Jedinstvo Ub,1,0,3.08,0.62,3.08,0.62,19.0,8.0,0.74,0.35
SerbiaSuperLiga,2425,2025-02-26,Železničar Pančevo,Crvena zvezda,1,3,0.64,3.88,0.64,3.88,7.0,23.0,0.41,2.01
SerbiaSuperLiga,2425,2025-02-24,Novi Pazar,TSC,2,1,1.81,1.99,1.81,1.99,13.0,10.0,0.81,0.72
SerbiaSuperLiga,2425,2025-02-23,Jedinstvo Ub,Čukarički,0,1,0.93,1.78,0.93,1.78,7.0,13.0,0.3,0.85
SerbiaSuperLiga,2425,2025-02-23,Mladost Lučani,Napredak,1,0,1.11,0.96,1.11,0.96,9.0,9.0,0.44,0.78
SerbiaSuperLiga,2425,2025-02-22,Crvena zvezda,Partizan,3,3,2.75,1.52,2.75,0.76,21.0,4.0,1.34,0.49
SerbiaSuperLiga,2425,2025-02-22,Vojvodina,IMT Novi Beograd,0,1,2.41,1.82,2.41,1.82,14.0,16.0,0.54,0.28
SerbiaSuperLiga,2425,2025-02-21,Spartak Subotica,Radnički Niš,1,1,1.79,1.47,1.79,1.47,12.0,8.0,0.68,0.78
SerbiaSuperLiga,2425,2025-02-21,Tekstilac Odžaci,Radnički Kragujevac,0,1,1.77,2.46,1.77,1.7,10.0,13.0,0.61,0.79
SerbiaSuperLiga,2425,2025-02-17,Čukarički,Novi Pazar,1,1,2.96,1.25,2.2,1.25,13.0,9.0,0.79,0.28
SerbiaSuperLiga,2425,2025-02-17,Železničar Pančevo,Vojvodina,1,1,1.98,0.98,1.98,0.98,13.0,8.0,0.49,0.79
SerbiaSuperLiga,2425,2025-02-16,Radnički Kragujevac,Mladost Lučani,1,0,2.17,1.97,2.17,1.97,18.0,8.0,1.34,0.43
SerbiaSuperLiga,2425,2025-02-16,Radnički Niš,Jedinstvo Ub,1,4,1.27,2.89,1.27,2.89,14.0,16.0,0.56,1.16
SerbiaSuperLiga,2425,2025-02-16,TSC,Tekstilac Odžaci,1,2,3.12,1.68,3.12,1.68,18.0,7.0,0.73,0.74
SerbiaSuperLiga,2425,2025-02-15,IMT Novi Beograd,Spartak Subotica,1,2,4.11,0.93,3.35,0.93,25.0,10.0,1.07,0.49
SerbiaSuperLiga,2425,2025-02-15,Napredak,Crvena zvezda,0,4,0.68,2.6,0.68,2.6,11.0,22.0,0.18,1.65
SerbiaSuperLiga,2425,2025-02-15,Partizan,OFK Beograd,4,1,3.49,1.52,2.73,0.76,15.0,7.0,1.18,0.46
SerbiaSuperLiga,2425,2025-02-09,Jedinstvo Ub,Novi Pazar,0,1,0.9,1.37,0.9,1.37,7.0,11.0,0.57,0.53
SerbiaSuperLiga,2425,2025-02-09,Radnički Niš,IMT Novi Beograd,3,0,2.84,0.82,2.08,0.82,15.0,9.0,1.01,0.62
SerbiaSuperLiga,2425,2025-02-09,Spartak Subotica,Železničar Pančevo,0,0,0.12,0.32,0.12,0.32,3.0,6.0,0.22,0.31
SerbiaSuperLiga,2425,2025-02-08,Crvena zvezda,Radnički Kragujevac,6,0,5.93,1.49,5.17,1.49,26.0,13.0,1.83,0.51
SerbiaSuperLiga,2425,2025-02-08,Mladost Lučani,TSC,4,1,2.76,1.85,2.0,1.85,8.0,16.0,0.78,1.01
SerbiaSuperLiga,2425,2025-02-08,Vojvodina,Partizan,0,0,1.26,1.14,1.26,1.14,13.0,9.0,0.78,0.54
SerbiaSuperLiga,2425,2025-02-07,Tekstilac Odžaci,Čukarički,0,1,0.76,2.19,0.76,2.19,4.0,12.0,0.4,0.62
SerbiaSuperLiga,2425,2025-02-03,Radnički Kragujevac,OFK Beograd,2,0,1.61,2.75,1.61,2.75,11.0,18.0,0.52,1.46
SerbiaSuperLiga,2425,2025-02-02,IMT Novi Beograd,Jedinstvo Ub,2,0,2.89,1.0,2.13,1.0,15.0,10.0,1.17,0.66
SerbiaSuperLiga,2425,2025-02-02,TSC,Crvena zvezda,1,2,1.75,2.32,1.75,2.32,13.0,12.0,0.49,0.49
SerbiaSuperLiga,2425,2025-02-02,Železničar Pančevo,Radnički Niš,0,0,0.66,0.57,0.66,0.57,5.0,9.0,0.38,0.21
SerbiaSuperLiga,2425,2025-02-01,Novi Pazar,Tekstilac Odžaci,2,3,2.72,2.45,1.96,2.45,13.0,15.0,0.85,0.65
SerbiaSuperLiga,2425,2025-02-01,Partizan,Spartak Subotica,2,2,1.77,0.69,1.77,0.69,16.0,7.0,1.41,0.45
SerbiaSuperLiga,2425,2025-02-01,Čukarički,Mladost Lučani,0,0,1.36,0.68,1.36,0.68,14.0,7.0,1.06,0.32
SerbiaSuperLiga,2425,2025-01-31,Napredak,Vojvodina,1,1,0.72,1.43,0.72,1.43,9.0,15.0,0.42,1.15
SerbiaSuperLiga,2425,2024-12-26,IMT Novi Beograd,TSC,0,2,1.08,2.03,1.08,1.27,10.0,13.0,0.6,0.41
SerbiaSuperLiga,2425,2024-12-23,OFK Beograd,TSC,2,2,1.81,1.0,1.81,1.0,12.0,11.0,0.82,0.62
SerbiaSuperLiga,2425,2024-12-22,Crvena zvezda,Čukarički,5,2,3.28,1.08,2.52,1.08,17.0,7.0,1.26,0.38
SerbiaSuperLiga,2425,2024-12-22,Jedinstvo Ub,Tekstilac Odžaci,1,0,1.35,0.84,1.35,0.84,9.0,7.0,0.78,0.42
SerbiaSuperLiga,2425,2024-12-22,Spartak Subotica,Napredak,0,2,0.75,1.54,0.75,0.78,7.0,9.0,0.4,0.49
SerbiaSuperLiga,2425,2024-12-21,IMT Novi Beograd,Železničar Pančevo,1,1,3.49,0.55,3.49,0.55,25.0,6.0,0.67,0.39
SerbiaSuperLiga,2425,2024-12-21,Radnički Niš,Partizan,0,1,2.41,0.55,1.65,0.55,20.0,5.0,1.01,0.17
SerbiaSuperLiga,2425,2024-12-21,Vojvodina,Radnički Kragujevac,3,2,2.59,1.91,1.83,1.15,12.0,13.0,0.5,0.81
SerbiaSuperLiga,2425,2024-12-20,Mladost Lučani,Novi Pazar,1,3,2.0,1.6,1.24,1.6,12.0,15.0,1.7,0.41
SerbiaSuperLiga,2425,2024-12-18,Jedinstvo Ub,Crvena zvezda,0,4,0.74,4.28,0.74,4.28,9.0,23.0,0.91,1.96
SerbiaSuperLiga,2425,2024-12-16,Partizan,IMT Novi Beograd,1,1,2.12,0.47,2.12,0.47,15.0,7.0,0.79,0.36
SerbiaSuperLiga,2425,2024-12-16,Radnički Kragujevac,Spartak Subotica,2,0,1.75,0.53,1.75,0.53,12.0,7.0,0.7,0.52
SerbiaSuperLiga,2425,2024-12-15,Napredak,Radnički Niš,2,1,1.74,1.57,0.98,1.57,7.0,18.0,0.61,0.45
SerbiaSuperLiga,2425,2024-12-15,Novi Pazar,Crvena zvezda,1,7,1.2,3.31,1.2,3.31,12.0,14.0,0.6,1.06
SerbiaSuperLiga,2425,2024-12-15,TSC,Vojvodina,1,3,2.15,1.66,1.39,1.66,15.0,8.0,0.76,0.26
SerbiaSuperLiga,2425,2024-12-15,Čukarički,OFK Beograd,0,1,3.6,1.93,3.6,1.93,21.0,12.0,1.83,0.58
SerbiaSuperLiga,2425,2024-12-14,Tekstilac Odžaci,Mladost Lučani,1,0,2.73,1.3,1.97,1.3,18.0,6.0,0.89,0.67
SerbiaSuperLiga,2425,2024-12-14,Železničar Pančevo,Jedinstvo Ub,6,0,3.1,0.6,2.34,0.6,16.0,5.0,0.88,0.63
SerbiaSuperLiga,2425,2024-12-12,Spartak Subotica,Partizan,2,1,1.85,1.97,1.85,1.97,10.0,16.0,0.68,1.2
SerbiaSuperLiga,2425,2024-12-09,IMT Novi Beograd,Napredak,3,2,2.91,2.8,2.91,2.8,22.0,15.0,1.34,1.07
SerbiaSuperLiga,2425,2024-12-09,OFK Beograd,Novi Pazar,1,1,2.35,0.73,1.59,0.73,15.0,7.0,0.61,0.44
SerbiaSuperLiga,2425,2024-12-09,Radnički Niš,Radnički Kragujevac,1,2,0.86,1.91,0.86,1.15,12.0,13.0,1.09,0.75
SerbiaSuperLiga,2425,2024-12-08,Jedinstvo Ub,Mladost Lučani,1,2,2.69,2.73,1.93,1.97,16.0,10.0,1.08,0.87
SerbiaSuperLiga,2425,2024-12-08,Spartak Subotica,TSC,0,0,0.46,2.25,0.46,2.25,5.0,15.0,0.28,0.55
SerbiaSuperLiga,2425,2024-12-08,Vojvodina,Čukarički,0,1,1.01,0.88,1.01,0.88,11.0,5.0,0.7,0.4
SerbiaSuperLiga,2425,2024-12-08,Železničar Pančevo,Partizan,0,1,2.98,0.86,2.98,0.86,15.0,8.0,1.23,0.75
SerbiaSuperLiga,2425,2024-12-07,Crvena zvezda,Tekstilac Odžaci,6,0,4.0,0.22,4.0,0.22,20.0,5.0,1.49,0.12
SerbiaSuperLiga,2425,2024-12-04,Crvena zvezda,TSC,3,1,2.58,2.56,1.82,1.8,9.0,17.0,0.73,0.85
SerbiaSuperLiga,2425,2024-12-04,Partizan,Radnički Niš,3,1,1.86,1.4,1.86,1.4,15.0,12.0,1.3,0.74
SerbiaSuperLiga,2425,2024-12-01,TSC,Radnički Niš,4,1,3.39,1.13,2.63,1.13,21.0,8.0,0.45,0.26
SerbiaSuperLiga,2425,2024-11-30,Mladost Lučani,Crvena zvezda,0,2,0.48,2.22,0.48,2.22,7.0,16.0,0.53,2.03
SerbiaSuperLiga,2425,2024-11-30,Napredak,Železničar Pančevo,1,2,1.64,1.21,1.64,1.21,16.0,9.0,0.97,0.25
SerbiaSuperLiga,2425,2024-11-30,Partizan,Jedinstvo Ub,3,0,3.18,1.24,3.18,1.24,24.0,10.0,1.78,0.45
SerbiaSuperLiga,2425,2024-11-30,Radnički Kragujevac,IMT Novi Beograd,1,3,2.0,2.18,2.0,2.18,14.0,11.0,1.29,0.23
SerbiaSuperLiga,2425,2024-11-29,Novi Pazar,Vojvodina,0,4,1.16,2.51,1.16,2.51,14.0,10.0,0.52,0.51
SerbiaSuperLiga,2425,2024-11-29,Tekstilac Odžaci,OFK Beograd,2,0,0.66,0.99,0.66,0.99,7.0,11.0,0.18,0.5
SerbiaSuperLiga,2425,2024-11-29,Čukarički,Spartak Subotica,1,2,2.11,1.19,2.11,1.19,20.0,9.0,1.04,0.15
SerbiaSuperLiga,2425,2024-11-24,OFK Beograd,Mladost Lučani,0,0,2.11,0.63,2.11,0.63,15.0,7.0,1.48,0.57
SerbiaSuperLiga,2425,2024-11-24,Partizan,Napredak,0,0,1.2,1.37,1.2,1.37,13.0,12.0,0.67,0.45
SerbiaSuperLiga,2425,2024-11-24,Železničar Pančevo,Radnički Kragujevac,1,1,2.82,0.77,2.82,0.77,11.0,12.0,1.06,0.62
SerbiaSuperLiga,2425,2024-11-23,Radnički Niš,Čukarički,2,2,1.82,2.26,1.82,1.5,10.0,12.0,0.66,0.92
SerbiaSuperLiga,2425,2024-11-23,Spartak Subotica,Novi Pazar,1,1,1.58,1.38,1.58,1.38,10.0,13.0,1.2,0.64
SerbiaSuperLiga,2425,2024-11-23,Vojvodina,Tekstilac Odžaci,0,0,1.23,0.32,1.23,0.32,13.0,5.0,1.05,0.22
SerbiaSuperLiga,2425,2024-11-10,Napredak,Jedinstvo Ub,2,1,3.12,1.34,3.12,1.34,24.0,9.0,1.1,0.53
SerbiaSuperLiga,2425,2024-11-10,OFK Beograd,Crvena zvezda,0,1,1.66,3.08,1.66,3.08,7.0,24.0,0.37,1.81
SerbiaSuperLiga,2425,2024-11-10,Partizan,Radnički Kragujevac,2,2,2.83,0.96,2.83,0.96,17.0,10.0,0.6,0.91
SerbiaSuperLiga,2425,2024-11-10,Železničar Pančevo,TSC,3,3,2.3,1.2,2.3,1.2,10.0,8.0,0.71,0.78
SerbiaSuperLiga,2425,2024-11-09,IMT Novi Beograd,Čukarički,1,1,2.29,0.35,1.53,0.35,13.0,7.0,0.82,0.25
SerbiaSuperLiga,2425,2024-11-09,Radnički Niš,Novi Pazar,2,1,2.5,0.75,2.5,0.75,22.0,9.0,0.97,0.25
SerbiaSuperLiga,2425,2024-11-09,Spartak Subotica,Tekstilac Odžaci,1,0,0.88,0.06,0.88,0.06,6.0,1.0,0.57,0.23
SerbiaSuperLiga,2425,2024-11-09,Vojvodina,Mladost Lučani,0,0,2.68,0.02,2.68,0.02,24.0,1.0,1.58,0.15
SerbiaSuperLiga,2425,2024-11-04,Jedinstvo Ub,OFK Beograd,0,1,2.14,2.2,2.14,1.44,15.0,11.0,0.97,0.85
SerbiaSuperLiga,2425,2024-11-04,Mladost Lučani,Spartak Subotica,0,0,1.11,1.58,1.11,1.58,10.0,14.0,0.63,0.84
SerbiaSuperLiga,2425,2024-11-04,Čukarički,Železničar Pančevo,2,0,2.3,0.15,2.3,0.15,12.0,2.0,0.51,0.41
SerbiaSuperLiga,2425,2024-11-03,Crvena zvezda,Vojvodina,3,0,2.29,1.46,2.29,1.46,14.0,14.0,0.95,0.28
SerbiaSuperLiga,2425,2024-11-03,Novi Pazar,IMT Novi Beograd,3,1,2.57,1.74,2.57,1.74,13.0,20.0,0.74,0.66
SerbiaSuperLiga,2425,2024-11-03,Radnički Kragujevac,Napredak,1,0,2.32,0.73,2.32,0.73,23.0,6.0,0.67,0.46
SerbiaSuperLiga,2425,2024-11-03,TSC,Partizan,1,2,3.26,2.88,2.5,2.12,21.0,9.0,1.13,0.56
SerbiaSuperLiga,2425,2024-11-03,Tekstilac Odžaci,Radnički Niš,1,3,0.96,2.78,0.96,2.78,10.0,16.0,0.74,0.44
SerbiaSuperLiga,2425,2024-10-27,Napredak,TSC,0,3,1.27,2.31,1.27,1.55,7.0,14.0,0.71,0.69
SerbiaSuperLiga,2425,2024-10-27,Radnički Niš,Mladost Lučani,1,1,2.86,0.33,2.86,0.33,23.0,3.0,1.29,0.36
SerbiaSuperLiga,2425,2024-10-26,Partizan,Čukarički,3,1,2.1,1.89,1.34,1.89,14.0,8.0,0.62,1.06
SerbiaSuperLiga,2425,2024-10-26,Spartak Subotica,Crvena zvezda,1,5,0.96,3.41,0.96,2.65,5.0,20.0,0.26,0.89
SerbiaSuperLiga,2425,2024-10-26,Vojvodina,OFK Beograd,2,1,2.71,0.72,1.95,0.72,19.0,2.0,0.7,0.29
SerbiaSuperLiga,2425,2024-10-26,Železničar Pančevo,Novi Pazar,0,1,1.58,0.52,1.58,0.52,14.0,4.0,0.59,0.42
SerbiaSuperLiga,2425,2024-10-25,IMT Novi Beograd,Tekstilac Odžaci,3,0,3.39,0.21,3.39,0.21,14.0,3.0,1.18,0.13
SerbiaSuperLiga,2425,2024-10-25,Radnički Kragujevac,Jedinstvo Ub,4,0,3.16,1.53,3.16,1.53,19.0,19.0,1.3,0.25
SerbiaSuperLiga,2425,2024-10-21,Novi Pazar,Partizan,3,4,2.07,2.66,2.07,2.66,15.0,10.0,0.66,0.5
SerbiaSuperLiga,2425,2024-10-20,Mladost Lučani,IMT Novi Beograd,1,0,1.11,1.73,0.35,1.73,5.0,17.0,0.55,1.08
SerbiaSuperLiga,2425,2024-10-19,Jedinstvo Ub,Vojvodina,1,1,1.29,2.31,1.29,2.31,9.0,20.0,0.45,1.07
SerbiaSuperLiga,2425,2024-10-19,OFK Beograd,Spartak Subotica,1,1,1.53,0.35,0.77,0.35,6.0,10.0,0.14,0.38
SerbiaSuperLiga,2425,2024-10-19,Tekstilac Odžaci,Železničar Pančevo,0,2,0.86,1.86,0.86,1.86,9.0,15.0,0.55,1.38
SerbiaSuperLiga,2425,2024-10-18,Crvena zvezda,Radnički Niš,5,1,1.66,1.68,1.66,1.68,11.0,13.0,0.86,0.38
SerbiaSuperLiga,2425,2024-10-18,TSC,Radnički Kragujevac,0,2,1.82,2.15,1.82,2.15,21.0,14.0,1.3,0.46
SerbiaSuperLiga,2425,2024-10-18,Čukarički,Napredak,0,0,1.71,1.64,1.71,1.64,16.0,13.0,0.57,0.55
SerbiaSuperLiga,2425,2024-10-06,IMT Novi Beograd,Crvena zvezda,1,3,0.94,4.03,0.94,4.03,10.0,27.0,0.59,1.29
SerbiaSuperLiga,2425,2024-10-06,Napredak,Novi Pazar,2,1,1.32,1.61,1.32,1.61,9.0,13.0,0.44,0.52
SerbiaSuperLiga,2425,2024-10-06,Spartak Subotica,Vojvodina,0,4,1.25,2.57,1.25,1.81,7.0,15.0,0.01,1.07
SerbiaSuperLiga,2425,2024-10-06,TSC,Jedinstvo Ub,2,0,2.2,0.35,2.2,0.35,17.0,4.0,1.13,0.14
SerbiaSuperLiga,2425,2024-10-05,Partizan,Tekstilac Odžaci,4,1,1.93,1.05,1.93,0.29,12.0,5.0,0.71,0.37
SerbiaSuperLiga,2425,2024-10-05,Radnički Kragujevac,Čukarički,1,1,2.71,1.32,2.71,1.32,15.0,15.0,0.77,1.04
SerbiaSuperLiga,2425,2024-10-05,Železničar Pančevo,Mladost Lučani,1,2,2.45,1.42,2.45,0.66,16.0,7.0,0.4,0.82
SerbiaSuperLiga,2425,2024-10-04,Radnički Niš,OFK Beograd,1,1,1.82,3.13,1.82,3.13,14.0,18.0,0.42,0.81
SerbiaSuperLiga,2425,2024-10-02,Vojvodina,Novi Pazar,0,1,2.17,1.99,2.17,1.99,22.0,12.0,1.35,0.42
SerbiaSuperLiga,2425,2024-09-29,Jedinstvo Ub,Spartak Subotica,2,0,1.59,0.81,1.59,0.81,15.0,7.0,0.34,0.63
SerbiaSuperLiga,2425,2024-09-29,Mladost Lučani,Partizan,1,3,2.24,1.6,1.48,1.6,11.0,12.0,0.98,0.43
SerbiaSuperLiga,2425,2024-09-29,Tekstilac Odžaci,Napredak,0,0,0.7,1.52,0.7,1.52,8.0,12.0,0.44,0.84
SerbiaSuperLiga,2425,2024-09-28,Novi Pazar,Radnički Kragujevac,2,0,1.01,1.1,1.01,1.1,15.0,9.0,0.27,0.48
SerbiaSuperLiga,2425,2024-09-28,OFK Beograd,IMT Novi Beograd,4,3,2.22,2.76,2.22,2.0,11.0,12.0,0.89,1.2
SerbiaSuperLiga,2425,2024-09-28,Vojvodina,Radnički Niš,3,3,3.76,2.02,3.0,1.26,23.0,12.0,1.0,0.4
SerbiaSuperLiga,2425,2024-09-28,Čukarički,TSC,1,2,1.13,2.17,1.13,2.17,10.0,13.0,0.64,0.35
SerbiaSuperLiga,2425,2024-09-27,Crvena zvezda,Železničar Pančevo,2,1,2.55,0.32,2.55,0.32,16.0,4.0,1.29,0.32
SerbiaSuperLiga,2425,2024-09-23,Partizan,Crvena zvezda,0,4,0.44,3.24,0.44,2.48,5.0,18.0,0.38,0.93
SerbiaSuperLiga,2425,2024-09-23,Radnički Kragujevac,Tekstilac Odžaci,1,0,1.61,0.72,1.61,0.72,15.0,7.0,0.9,0.36
SerbiaSuperLiga,2425,2024-09-22,IMT Novi Beograd,Vojvodina,0,3,0.32,2.73,0.32,1.97,6.0,14.0,0.21,0.62
SerbiaSuperLiga,2425,2024-09-22,Radnički Niš,Spartak Subotica,3,2,1.5,1.18,0.74,1.18,8.0,17.0,0.41,0.48
SerbiaSuperLiga,2425,2024-09-22,Železničar Pančevo,OFK Beograd,0,1,0.57,1.25,0.57,1.25,10.0,11.0,0.37,0.43
SerbiaSuperLiga,2425,2024-09-21,Napredak,Mladost Lučani,1,2,2.96,1.02,2.96,0.26,20.0,4.0,1.55,0.18
SerbiaSuperLiga,2425,2024-09-21,TSC,Novi Pazar,5,2,2.59,1.71,2.59,1.71,17.0,10.0,1.08,1.2
SerbiaSuperLiga,2425,2024-09-21,Čukarički,Jedinstvo Ub,2,1,5.34,1.09,5.34,1.09,30.0,10.0,1.88,0.43
SerbiaSuperLiga,2425,2024-09-18,IMT Novi Beograd,Radnički Kragujevac,0,4,1.41,4.44,1.41,3.68,13.0,18.0,0.39,0.98
SerbiaSuperLiga,2425,2024-09-16,Jedinstvo Ub,Radnički Niš,0,2,1.62,2.25,1.62,2.25,11.0,15.0,0.43,0.9
SerbiaSuperLiga,2425,2024-09-15,Novi Pazar,Čukarički,2,2,1.78,2.58,1.78,2.58,17.0,16.0,0.31,0.59
SerbiaSuperLiga,2425,2024-09-15,OFK Beograd,Partizan,3,2,2.1,2.24,1.34,2.24,11.0,18.0,0.41,0.82
SerbiaSuperLiga,2425,2024-09-15,Tekstilac Odžaci,TSC,2,1,1.52,0.91,1.52,0.91,10.0,10.0,0.02,1.36
SerbiaSuperLiga,2425,2024-09-14,Crvena zvezda,Napredak,2,0,4.52,0.96,3.76,0.96,31.0,4.0,1.37,0.4
SerbiaSuperLiga,2425,2024-09-14,Mladost Lučani,Radnički Kragujevac,2,1,2.25,1.6,0.73,1.6,7.0,16.0,0.44,0.77
SerbiaSuperLiga,2425,2024-09-14,Vojvodina,Železničar Pančevo,2,0,2.6,1.37,1.84,1.37,7.0,13.0,0.73,0.48
SerbiaSuperLiga,2425,2024-09-13,Spartak Subotica,IMT Novi Beograd,2,0,0.98,1.77,0.98,1.77,7.0,14.0,0.29,1.12
SerbiaSuperLiga,2425,2024-09-01,Partizan,Vojvodina,0,0,1.11,2.27,1.11,2.27,12.0,23.0,0.69,0.91
SerbiaSuperLiga,2425,2024-09-01,Radnički Kragujevac,Crvena zvezda,0,1,0.19,1.36,0.19,1.36,2.0,18.0,0.29,0.58
SerbiaSuperLiga,2425,2024-09-01,TSC,Mladost Lučani,1,2,3.31,1.59,1.79,0.83,21.0,8.0,1.51,0.62
SerbiaSuperLiga,2425,2024-08-31,Napredak,OFK Beograd,1,3,0.67,3.17,0.67,2.41,10.0,17.0,0.18,0.75
SerbiaSuperLiga,2425,2024-08-31,Novi Pazar,Jedinstvo Ub,3,1,2.65,1.07,1.89,1.07,23.0,11.0,0.92,0.53
SerbiaSuperLiga,2425,2024-08-31,Železničar Pančevo,Spartak Subotica,2,0,1.77,1.32,1.01,1.32,12.0,10.0,0.89,0.48
SerbiaSuperLiga,2425,2024-08-30,IMT Novi Beograd,Radnički Niš,3,1,1.45,1.42,1.45,1.42,11.0,13.0,0.84,0.59
SerbiaSuperLiga,2425,2024-08-30,Čukarički,Tekstilac Odžaci,3,0,2.01,0.78,2.01,0.78,11.0,9.0,0.28,0.3
SerbiaSuperLiga,2425,2024-08-25,OFK Beograd,Radnički Kragujevac,3,5,1.79,3.77,1.79,3.77,16.0,19.0,0.7,1.42
SerbiaSuperLiga,2425,2024-08-25,Vojvodina,Napredak,1,2,1.64,1.12,1.64,1.12,14.0,10.0,1.32,0.27
SerbiaSuperLiga,2425,2024-08-24,Jedinstvo Ub,IMT Novi Beograd,2,3,0.91,2.38,0.91,1.62,10.0,14.0,0.43,0.69
SerbiaSuperLiga,2425,2024-08-24,Radnički Niš,Železničar Pančevo,2,1,1.81,1.92,1.05,1.92,7.0,11.0,0.41,0.54
SerbiaSuperLiga,2425,2024-08-24,Tekstilac Odžaci,Novi Pazar,2,1,2.05,1.82,2.05,1.82,14.0,16.0,0.18,0.93
SerbiaSuperLiga,2425,2024-08-23,Mladost Lučani,Čukarički,3,1,0.8,1.93,0.8,1.93,6.0,13.0,0.19,1.06
SerbiaSuperLiga,2425,2024-08-19,Radnički Kragujevac,Vojvodina,2,2,3.86,2.03,3.1,2.03,25.0,14.0,1.63,0.58
SerbiaSuperLiga,2425,2024-08-18,Železničar Pančevo,IMT Novi Beograd,2,1,0.54,0.56,0.54,0.56,8.0,10.0,0.42,0.26
SerbiaSuperLiga,2425,2024-08-17,Napredak,Spartak Subotica,2,0,0.52,1.2,0.52,1.2,5.0,18.0,0.55,0.64
SerbiaSuperLiga,2425,2024-08-17,Novi Pazar,Mladost Lučani,0,1,1.23,1.6,1.23,1.6,17.0,12.0,0.76,0.49
SerbiaSuperLiga,2425,2024-08-17,Tekstilac Odžaci,Jedinstvo Ub,1,1,0.99,1.1,0.99,1.1,9.0,11.0,0.51,0.88
SerbiaSuperLiga,2425,2024-08-16,TSC,OFK Beograd,0,1,1.26,1.07,1.26,1.07,15.0,7.0,1.26,0.42
SerbiaSuperLiga,2425,2024-08-15,Čukarički,Crvena zvezda,1,4,1.64,2.46,1.64,2.46,9.0,23.0,0.26,0.96
SerbiaSuperLiga,2425,2024-08-11,IMT Novi Beograd,Partizan,0,0,1.31,0.99,1.31,0.99,9.0,9.0,0.6,0.8
SerbiaSuperLiga,2425,2024-08-11,Jedinstvo Ub,Železničar Pančevo,0,1,0.6,0.86,0.6,0.86,6.0,10.0,0.52,0.27
SerbiaSuperLiga,2425,2024-08-11,Vojvodina,TSC,1,3,1.52,1.72,1.52,1.72,13.0,13.0,0.94,0.28
SerbiaSuperLiga,2425,2024-08-10,Crvena zvezda,Novi Pazar,4,1,1.91,0.59,1.91,0.59,22.0,6.0,0.88,0.31
SerbiaSuperLiga,2425,2024-08-10,Mladost Lučani,Tekstilac Odžaci,1,2,1.52,0.98,1.52,0.98,15.0,6.0,0.69,0.3
SerbiaSuperLiga,2425,2024-08-10,Spartak Subotica,Radnički Kragujevac,1,0,1.24,1.0,1.24,1.0,10.0,19.0,0.3,1.07
SerbiaSuperLiga,2425,2024-08-09,OFK Beograd,Čukarički,1,2,3.26,3.01,2.5,2.25,20.0,15.0,1.01,0.91
SerbiaSuperLiga,2425,2024-08-09,Radnički Niš,Napredak,3,1,2.56,0.82,2.56,0.82,21.0,6.0,1.43,0.86
SerbiaSuperLiga,2425,2024-08-04,Partizan,Železničar Pančevo,2,0,1.32,1.86,1.32,1.1,14.0,13.0,0.47,0.48
SerbiaSuperLiga,2425,2024-08-04,Radnički Kragujevac,Radnički Niš,4,0,2.12,1.53,2.12,1.53,12.0,15.0,0.91,0.72
SerbiaSuperLiga,2425,2024-08-04,TSC,Spartak Subotica,0,0,0.98,1.87,0.98,1.87,13.0,11.0,0.82,0.44
SerbiaSuperLiga,2425,2024-08-04,Čukarički,Vojvodina,3,1,1.52,2.55,1.52,2.55,9.0,20.0,0.61,0.82
SerbiaSuperLiga,2425,2024-08-03,Mladost Lučani,Jedinstvo Ub,2,1,1.57,1.46,1.57,1.46,12.0,10.0,0.77,0.94
SerbiaSuperLiga,2425,2024-08-03,Novi Pazar,OFK Beograd,0,0,1.51,0.96,1.51,0.96,15.0,9.0,0.74,0.4
SerbiaSuperLiga,2425,2024-08-03,Tekstilac Odžaci,Crvena zvezda,0,4,0.72,2.82,0.72,2.82,5.0,21.0,0.17,1.3
SerbiaSuperLiga,2425,2024-08-02,Napredak,IMT Novi Beograd,1,1,1.2,0.64,1.2,0.64,11.0,9.0,0.23,0.59
SerbiaSuperLiga,2425,2024-07-29,OFK Beograd,Tekstilac Odžaci,1,0,0.84,1.4,0.84,1.4,5.0,17.0,0.39,0.84
SerbiaSuperLiga,2425,2024-07-28,Radnički Niš,TSC,1,0,0.98,0.93,0.98,0.93,19.0,13.0,0.26,0.62
SerbiaSuperLiga,2425,2024-07-28,Spartak Subotica,Čukarički,1,1,0.49,2.43,0.49,2.43,6.0,20.0,0.34,1.12
SerbiaSuperLiga,2425,2024-07-27,Crvena zvezda,Mladost Lučani,2,2,5.01,0.96,5.01,0.96,39.0,5.0,2.22,0.12
SerbiaSuperLiga,2425,2024-07-27,Jedinstvo Ub,Partizan,0,4,0.19,3.05,0.19,2.29,6.0,15.0,0.67,0.8
SerbiaSuperLiga,2425,2024-07-27,Železničar Pančevo,Napredak,1,1,2.04,0.31,1.28,0.31,12.0,3.0,0.97,0.42
SerbiaSuperLiga,2425,2024-07-21,Novi Pazar,Spartak Subotica,3,2,1.4,1.16,1.4,1.16,14.0,12.0,0.57,0.74
SerbiaSuperLiga,2425,2024-07-21,TSC,IMT Novi Beograd,1,0,2.18,1.89,2.18,1.89,17.0,15.0,1.18,0.69
SerbiaSuperLiga,2425,2024-07-21,Tekstilac Odžaci,Vojvodina,1,3,1.77,2.64,1.77,2.64,10.0,13.0,0.56,0.74
SerbiaSuperLiga,2425,2024-07-20,Crvena zvezda,Jedinstvo Ub,4,0,5.38,0.67,5.38,0.67,25.0,8.0,1.35,0.3
SerbiaSuperLiga,2425,2024-07-20,Mladost Lučani,OFK Beograd,1,2,1.03,2.76,1.03,2.0,9.0,16.0,0.66,0.98
SerbiaSuperLiga,2425,2024-07-20,Čukarički,Radnički Niš,2,0,1.57,1.19,1.57,1.19,11.0,12.0,0.49,0.66
SerbiaSuperLiga,2425,2024-07-19,Napredak,Partizan,0,1,1.04,2.55,1.04,2.55,9.0,15.0,0.7,1.42
SerbiaSuperLiga,2425,2024-07-19,Radnički Kragujevac,Železničar Pančevo,2,3,0.87,1.55,0.87,1.55,14.0,8.0,0.95,0.26
SerbiaSuperLiga,2526,2026-05-24,Mladost Lučani,Napredak,1,0,1.55,0.68,1.55,0.68,12.0,10.0,1.49,0.38
SerbiaSuperLiga,2526,2026-05-24,Radnički Kragujevac,Javor,2,2,1.37,1.04,1.37,1.04,13.0,5.0,0.63,0.15
SerbiaSuperLiga,2526,2026-05-24,Radnički Niš,Spartak Subotica,2,1,1.67,0.8,1.67,0.8,15.0,9.0,1.07,0.46
SerbiaSuperLiga,2526,2026-05-24,IMT Novi Beograd,TSC,1,1,0.44,1.42,0.44,1.42,7.0,15.0,0.22,0.63
SerbiaSuperLiga,2526,2026-05-23,Vojvodina,Novi Pazar,3,0,1.97,0.67,1.97,0.67,17.0,7.0,0.94,0.45
SerbiaSuperLiga,2526,2026-05-23,Partizan,Radnik Surdulica,5,0,3.08,1.51,3.08,1.51,18.0,15.0,1.0,0.57
SerbiaSuperLiga,2526,2026-05-22,Crvena zvezda,OFK Beograd,1,2,2.51,1.74,2.51,1.74,19.0,15.0,1.43,0.46
SerbiaSuperLiga,2526,2026-05-22,Železničar Pančevo,Čukarički,0,0,1.61,1.26,1.61,1.26,20.0,8.0,0.2,0.57
SerbiaSuperLiga,2526,2026-05-17,OFK Beograd,Vojvodina,1,2,2.12,2.26,1.36,1.5,13.0,12.0,1.05,0.38
SerbiaSuperLiga,2526,2026-05-17,Radnik Surdulica,Crvena zvezda,0,0,0.71,1.25,0.71,1.25,12.0,11.0,0.38,1.18
SerbiaSuperLiga,2526,2026-05-17,Novi Pazar,Železničar Pančevo,2,2,1.04,0.92,1.04,0.92,11.0,4.0,0.34,0.39
SerbiaSuperLiga,2526,2026-05-17,Čukarički,Partizan,0,0,0.25,2.82,0.25,2.82,6.0,32.0,0.38,1.19
SerbiaSuperLiga,2526,2026-05-16,Javor,Mladost Lučani,2,4,2.22,1.98,2.22,1.98,19.0,14.0,0.99,0.9
SerbiaSuperLiga,2526,2026-05-16,Napredak,Radnički Kragujevac,0,0,0.23,2.38,0.23,2.38,3.0,23.0,0.2,1.52
SerbiaSuperLiga,2526,2026-05-16,TSC,Radnički Niš,1,2,1.39,2.68,1.39,1.92,13.0,11.0,0.44,0.77
SerbiaSuperLiga,2526,2026-05-16,Spartak Subotica,IMT Novi Beograd,0,1,1.05,1.44,1.05,1.44,10.0,8.0,0.49,0.4
SerbiaSuperLiga,2526,2026-05-10,Spartak Subotica,Napredak,0,3,0.6,2.46,0.6,2.46,10.0,14.0,0.56,0.5
SerbiaSuperLiga,2526,2026-05-10,Radnički Niš,Mladost Lučani,1,0,1.14,0.26,1.14,0.26,18.0,4.0,1.34,0.35
SerbiaSuperLiga,2526,2026-05-10,TSC,Javor,6,1,3.68,1.15,3.68,1.15,21.0,11.0,1.5,0.68
SerbiaSuperLiga,2526,2026-05-10,IMT Novi Beograd,Radnički Kragujevac,0,0,0.62,0.65,0.62,0.65,12.0,7.0,0.81,0.63
SerbiaSuperLiga,2526,2026-05-09,Partizan,OFK Beograd,1,1,1.68,1.26,1.68,0.5,11.0,5.0,1.05,0.22
SerbiaSuperLiga,2526,2026-05-09,Crvena zvezda,Novi Pazar,1,2,1.48,1.4,1.48,1.4,15.0,9.0,1.03,0.33
SerbiaSuperLiga,2526,2026-05-09,Železničar Pančevo,Radnik Surdulica,1,1,1.05,1.02,1.05,1.02,16.0,6.0,0.83,0.41
SerbiaSuperLiga,2526,2026-05-08,Vojvodina,Čukarički,1,0,2.2,0.57,1.44,0.57,16.0,7.0,0.96,0.39
SerbiaSuperLiga,2526,2026-05-04,Čukarički,Crvena zvezda,1,2,0.66,4.51,0.66,3.75,11.0,33.0,0.55,1.87
SerbiaSuperLiga,2526,2026-05-04,Radnik Surdulica,Vojvodina,1,4,1.38,0.43,1.38,0.43,16.0,12.0,0.7,0.41
SerbiaSuperLiga,2526,2026-05-03,Napredak,Radnički Niš,0,1,0.17,1.59,0.17,0.83,3.0,15.0,0.38,0.97
SerbiaSuperLiga,2526,2026-05-03,Mladost Lučani,Spartak Subotica,2,1,1.12,0.69,1.12,0.69,10.0,9.0,1.1,0.55
SerbiaSuperLiga,2526,2026-05-03,Radnički Kragujevac,TSC,2,2,1.46,1.6,1.46,0.84,8.0,12.0,0.21,0.62
SerbiaSuperLiga,2526,2026-05-03,Javor,IMT Novi Beograd,0,0,0.3,0.45,0.3,0.45,4.0,10.0,0.74,0.42
SerbiaSuperLiga,2526,2026-05-02,Železničar Pančevo,OFK Beograd,2,0,1.39,1.12,0.63,1.12,10.0,7.0,0.18,0.53
SerbiaSuperLiga,2526,2026-05-02,Partizan,Novi Pazar,2,1,1.54,0.45,1.54,0.45,11.0,10.0,0.71,0.2
SerbiaSuperLiga,2526,2026-04-27,TSC,Mladost Lučani,1,2,2.33,1.79,2.33,1.79,23.0,12.0,1.53,0.42
SerbiaSuperLiga,2526,2026-04-27,Radnički Kragujevac,Spartak Subotica,4,0,2.91,0.54,2.15,0.54,12.0,8.0,0.59,0.3
SerbiaSuperLiga,2526,2026-04-27,Javor,Napredak,4,0,3.1,0.34,3.1,0.34,15.0,8.0,1.01,0.38
SerbiaSuperLiga,2526,2026-04-27,IMT Novi Beograd,Radnički Niš,2,0,1.16,0.24,1.16,0.24,11.0,3.0,1.04,0.33
SerbiaSuperLiga,2526,2026-04-26,Vojvodina,Železničar Pančevo,0,0,1.0,0.7,1.0,0.7,16.0,9.0,0.58,0.27
SerbiaSuperLiga,2526,2026-04-26,Crvena zvezda,Partizan,3,0,3.99,0.9,3.99,0.9,20.0,8.0,0.96,0.73
SerbiaSuperLiga,2526,2026-04-26,Novi Pazar,Čukarički,2,2,0.79,2.17,0.79,2.17,10.0,10.0,0.51,0.84
SerbiaSuperLiga,2526,2026-04-26,OFK Beograd,Radnik Surdulica,1,1,1.56,1.53,1.56,0.77,11.0,5.0,0.78,0.68
SerbiaSuperLiga,2526,2026-04-23,Spartak Subotica,TSC,1,4,0.53,4.97,0.53,4.97,8.0,23.0,0.33,2.13
SerbiaSuperLiga,2526,2026-04-23,Mladost Lučani,Radnički Kragujevac,0,0,0.68,3.51,0.68,3.51,9.0,18.0,0.9,1.22
SerbiaSuperLiga,2526,2026-04-23,Napredak,IMT Novi Beograd,0,1,0.67,1.1,0.67,1.1,7.0,14.0,0.62,1.31
SerbiaSuperLiga,2526,2026-04-23,Radnički Niš,Javor,3,2,3.04,2.01,2.28,2.01,18.0,13.0,0.68,0.65
SerbiaSuperLiga,2526,2026-04-22,Železničar Pančevo,Crvena zvezda,2,2,0.39,2.95,0.39,2.95,4.0,18.0,0.21,1.39
SerbiaSuperLiga,2526,2026-04-22,OFK Beograd,Čukarički,0,0,0.79,1.1,0.79,1.1,6.0,13.0,0.35,0.58
SerbiaSuperLiga,2526,2026-04-22,Radnik Surdulica,Novi Pazar,2,0,1.25,0.57,1.25,0.57,16.0,6.0,0.16,0.27
SerbiaSuperLiga,2526,2026-04-22,Vojvodina,Partizan,0,0,0.65,0.44,0.65,0.44,11.0,7.0,0.72,0.39
SerbiaSuperLiga,2526,2026-04-19,IMT Novi Beograd,Mladost Lučani,1,1,2.27,1.37,2.27,1.37,26.0,6.0,2.14,0.26
SerbiaSuperLiga,2526,2026-04-19,Radnički Kragujevac,Radnički Niš,1,1,1.25,0.39,1.25,0.39,12.0,8.0,0.58,0.2
SerbiaSuperLiga,2526,2026-04-19,Javor,Spartak Subotica,1,0,0.71,1.77,0.71,1.77,10.0,14.0,0.44,1.02
SerbiaSuperLiga,2526,2026-04-19,TSC,Napredak,4,1,2.67,0.68,2.67,0.68,19.0,9.0,1.17,0.34
SerbiaSuperLiga,2526,2026-04-18,Partizan,Železničar Pančevo,2,1,1.01,2.14,1.01,2.14,10.0,10.0,0.34,0.53
SerbiaSuperLiga,2526,2026-04-18,Novi Pazar,OFK Beograd,1,5,1.22,2.64,1.22,2.64,14.0,10.0,0.71,0.31
SerbiaSuperLiga,2526,2026-04-18,Crvena zvezda,Vojvodina,4,1,4.18,0.36,4.18,0.36,20.0,8.0,1.81,0.4
SerbiaSuperLiga,2526,2026-04-18,Čukarički,Radnik Surdulica,2,2,1.93,1.21,1.17,1.21,10.0,6.0,0.48,0.26
SerbiaSuperLiga,2526,2026-04-09,Crvena zvezda,Spartak Subotica,3,2,5.05,0.86,5.05,0.86,32.0,4.0,3.42,0.36
SerbiaSuperLiga,2526,2026-04-09,OFK Beograd,Radnik Surdulica,0,0,1.15,0.11,1.15,0.11,10.0,2.0,0.49,0.11
SerbiaSuperLiga,2526,2026-04-09,Čukarički,Radnički Kragujevac,0,0,0.56,1.14,0.56,1.14,11.0,13.0,0.43,0.49
SerbiaSuperLiga,2526,2026-04-09,Novi Pazar,Partizan,2,3,2.55,1.32,2.55,1.32,18.0,9.0,0.38,0.69
SerbiaSuperLiga,2526,2026-04-08,Mladost Lučani,Napredak,2,0,4.05,0.15,3.29,0.15,17.0,5.0,1.17,0.34
SerbiaSuperLiga,2526,2026-04-08,Vojvodina,Radnički Niš,3,2,1.49,0.77,1.49,0.77,11.0,7.0,0.68,0.37
SerbiaSuperLiga,2526,2026-04-08,TSC,IMT Novi Beograd,1,3,0.86,1.72,0.86,0.96,4.0,9.0,0.76,0.81
SerbiaSuperLiga,2526,2026-04-08,Javor,Železničar Pančevo,1,2,1.34,0.95,1.34,0.95,11.0,16.0,0.41,0.43
SerbiaSuperLiga,2526,2026-04-05,Partizan,Čukarički,0,0,1.02,0.21,1.02,0.21,17.0,3.0,1.18,0.11
SerbiaSuperLiga,2526,2026-04-05,Radnik Surdulica,Crvena zvezda,1,2,0.31,2.19,0.31,2.19,9.0,21.0,0.04,1.59
SerbiaSuperLiga,2526,2026-04-04,IMT Novi Beograd,Vojvodina,0,0,0.76,0.73,0.76,0.73,8.0,4.0,0.38,0.35
SerbiaSuperLiga,2526,2026-04-04,Radnički Kragujevac,Mladost Lučani,1,1,1.31,1.01,1.31,1.01,14.0,13.0,0.93,0.48
SerbiaSuperLiga,2526,2026-04-04,Spartak Subotica,Javor,1,2,1.19,3.15,1.19,2.39,7.0,18.0,0.75,0.79
SerbiaSuperLiga,2526,2026-04-04,Železničar Pančevo,Novi Pazar,2,0,1.66,0.49,1.66,0.49,14.0,12.0,0.86,0.62
SerbiaSuperLiga,2526,2026-04-03,Napredak,TSC,1,2,1.27,2.29,1.27,2.29,12.0,14.0,0.88,0.9
SerbiaSuperLiga,2526,2026-04-03,Radnički Niš,OFK Beograd,1,2,1.48,1.2,1.48,1.2,16.0,10.0,0.91,0.52
SerbiaSuperLiga,2526,2026-03-22,Čukarički,Železničar Pančevo,3,2,2.68,1.01,2.68,1.01,9.0,9.0,0.57,0.76
SerbiaSuperLiga,2526,2026-03-22,TSC,Radnički Kragujevac,0,0,1.65,1.41,1.65,1.41,18.0,14.0,1.0,0.87
SerbiaSuperLiga,2526,2026-03-22,OFK Beograd,IMT Novi Beograd,3,3,1.72,2.26,1.72,2.26,6.0,13.0,0.35,1.54
SerbiaSuperLiga,2526,2026-03-21,Mladost Lučani,Partizan,1,1,0.74,1.78,0.74,1.78,6.0,20.0,0.2,1.64
SerbiaSuperLiga,2526,2026-03-21,Vojvodina,Napredak,4,1,4.16,0.58,4.16,0.58,18.0,5.0,2.05,0.33
SerbiaSuperLiga,2526,2026-03-21,Crvena zvezda,Radnički Niš,2,0,3.94,0.24,3.94,0.24,27.0,8.0,1.27,0.13
SerbiaSuperLiga,2526,2026-03-21,Javor,Novi Pazar,0,0,1.28,1.48,0.52,1.48,8.0,19.0,0.38,0.89
SerbiaSuperLiga,2526,2026-03-20,Spartak Subotica,Radnik Surdulica,1,3,1.11,2.08,1.11,1.32,9.0,16.0,0.38,0.32
SerbiaSuperLiga,2526,2026-03-15,Radnički Kragujevac,Vojvodina,0,1,0.95,1.1,0.95,1.1,6.0,10.0,0.55,0.51
SerbiaSuperLiga,2526,2026-03-15,IMT Novi Beograd,Crvena zvezda,1,2,1.4,3.04,0.64,3.04,8.0,15.0,0.37,0.98
SerbiaSuperLiga,2526,2026-03-15,Železničar Pančevo,Mladost Lučani,5,0,4.04,0.56,3.28,0.56,16.0,3.0,0.96,0.53
SerbiaSuperLiga,2526,2026-03-15,Novi Pazar,Čukarički,1,1,1.12,1.92,1.12,1.92,10.0,15.0,0.67,0.46
SerbiaSuperLiga,2526,2026-03-14,Partizan,TSC,2,1,2.74,2.26,2.74,2.26,15.0,14.0,0.86,0.79
SerbiaSuperLiga,2526,2026-03-14,Radnički Niš,Spartak Subotica,0,2,1.1,1.83,1.1,1.83,12.0,11.0,1.53,0.76
SerbiaSuperLiga,2526,2026-03-14,Radnik Surdulica,Javor,1,1,1.92,1.46,1.92,1.46,18.0,8.0,1.03,0.65
SerbiaSuperLiga,2526,2026-03-16,Napredak,OFK Beograd,2,2,1.58,1.95,1.58,1.95,8.0,21.0,0.69,1.24
SerbiaSuperLiga,2526,2026-03-09,OFK Beograd,Radnički Kragujevac,0,0,1.94,0.05,1.94,0.05,13.0,2.0,1.1,0.39
SerbiaSuperLiga,2526,2026-03-09,Mladost Lučani,Novi Pazar,0,2,0.51,2.31,0.51,2.31,6.0,9.0,1.07,0.68
SerbiaSuperLiga,2526,2026-03-08,Vojvodina,Partizan,3,0,2.41,0.32,0.89,0.32,14.0,5.0,0.24,0.4
SerbiaSuperLiga,2526,2026-03-08,Spartak Subotica,IMT Novi Beograd,0,1,0.15,1.88,0.15,1.12,1.0,18.0,0.24,0.92
SerbiaSuperLiga,2526,2026-03-08,Crvena zvezda,Napredak,4,0,3.37,0.62,3.37,0.62,23.0,7.0,1.75,0.09
SerbiaSuperLiga,2526,2026-03-08,Radnik Surdulica,Radnički Niš,2,2,1.98,1.22,1.22,0.46,12.0,8.0,0.7,0.14
SerbiaSuperLiga,2526,2026-03-07,Javor,Čukarički,1,0,0.86,0.76,0.86,0.76,9.0,13.0,0.9,0.71
SerbiaSuperLiga,2526,2026-03-07,TSC,Železničar Pančevo,0,0,1.42,0.22,1.42,0.22,18.0,6.0,0.77,0.65
SerbiaSuperLiga,2526,2026-03-02,IMT Novi Beograd,Radnik Surdulica,0,0,1.73,0.35,1.73,0.35,13.0,4.0,0.72,0.27
SerbiaSuperLiga,2526,2026-03-01,Radnički Kragujevac,Crvena zvezda,0,2,0.33,3.77,0.33,3.77,4.0,20.0,0.24,0.91
SerbiaSuperLiga,2526,2026-03-01,Napredak,Spartak Subotica,1,1,1.73,3.03,1.73,3.03,10.0,25.0,1.23,0.92
SerbiaSuperLiga,2526,2026-03-01,Radnički Niš,Javor,1,0,1.38,0.54,1.38,0.54,11.0,9.0,1.3,0.34
SerbiaSuperLiga,2526,2026-02-28,Partizan,OFK Beograd,1,2,1.73,0.84,1.73,0.84,11.0,10.0,0.62,0.13
SerbiaSuperLiga,2526,2026-02-28,Železničar Pančevo,Vojvodina,2,0,2.34,2.04,1.58,2.04,10.0,18.0,0.78,1.25
SerbiaSuperLiga,2526,2026-02-28,Čukarički,Mladost Lučani,3,1,0.99,0.43,0.99,0.43,15.0,7.0,0.56,0.23
SerbiaSuperLiga,2526,2026-02-28,Novi Pazar,TSC,2,0,2.06,1.24,2.06,1.24,9.0,9.0,0.62,0.78
SerbiaSuperLiga,2526,2026-02-23,Javor,Mladost Lučani,0,0,1.89,0.55,1.89,0.55,15.0,9.0,1.57,0.42
SerbiaSuperLiga,2526,2026-02-22,TSC,Čukarički,1,1,2.4,0.78,2.4,0.78,22.0,8.0,0.72,0.7
SerbiaSuperLiga,2526,2026-02-22,Crvena zvezda,Partizan,3,0,3.11,1.4,3.11,0.64,21.0,6.0,0.98,0.05
SerbiaSuperLiga,2526,2026-02-22,Spartak Subotica,Radnički Kragujevac,3,3,1.11,3.1,1.11,2.34,9.0,13.0,0.74,0.9
SerbiaSuperLiga,2526,2026-02-22,Radnički Niš,IMT Novi Beograd,2,1,1.17,0.93,1.17,0.93,7.0,6.0,0.52,0.38
SerbiaSuperLiga,2526,2026-02-21,Vojvodina,Novi Pazar,0,3,1.91,0.91,1.91,0.91,16.0,7.0,1.39,0.58
SerbiaSuperLiga,2526,2026-02-21,Radnik Surdulica,Napredak,2,1,2.53,0.58,1.77,0.58,21.0,5.0,1.27,0.62
SerbiaSuperLiga,2526,2026-02-21,OFK Beograd,Železničar Pančevo,0,0,0.48,0.71,0.48,0.71,6.0,9.0,0.49,0.3
SerbiaSuperLiga,2526,2026-02-16,IMT Novi Beograd,Javor,1,0,2.5,0.16,2.5,0.16,20.0,4.0,0.99,0.22
SerbiaSuperLiga,2526,2026-02-15,Mladost Lučani,TSC,1,3,2.12,2.32,1.36,2.32,10.0,18.0,0.82,1.34
SerbiaSuperLiga,2526,2026-02-15,Novi Pazar,OFK Beograd,2,1,2.39,0.95,2.39,0.95,13.0,11.0,0.26,0.55
SerbiaSuperLiga,2526,2026-02-15,Radnički Kragujevac,Radnik Surdulica,0,0,0.66,0.84,0.66,0.84,8.0,12.0,0.2,0.3
SerbiaSuperLiga,2526,2026-02-14,Čukarički,Vojvodina,2,3,1.71,1.4,1.71,1.4,17.0,17.0,0.71,0.82
SerbiaSuperLiga,2526,2026-02-14,Železničar Pančevo,Crvena zvezda,0,3,1.06,3.76,1.06,3.76,10.0,27.0,0.32,1.58
SerbiaSuperLiga,2526,2026-02-14,Partizan,Spartak Subotica,2,1,2.0,2.0,2.0,2.0,10.0,8.0,0.89,1.09
SerbiaSuperLiga,2526,2026-02-14,Napredak,Radnički Niš,2,4,1.27,3.7,1.27,2.18,9.0,16.0,0.57,0.71
SerbiaSuperLiga,2526,2026-02-09,OFK Beograd,Čukarički,2,0,1.19,1.98,1.19,1.22,11.0,12.0,0.74,0.46
SerbiaSuperLiga,2526,2026-02-08,Vojvodina,Mladost Lučani,5,0,4.23,0.77,2.71,0.77,23.0,8.0,1.07,0.39
SerbiaSuperLiga,2526,2026-02-08,Spartak Subotica,Železničar Pančevo,0,3,0.76,1.36,0.76,1.36,11.0,11.0,0.75,0.47
SerbiaSuperLiga,2526,2026-02-08,IMT Novi Beograd,Napredak,2,0,3.27,0.69,2.51,0.69,19.0,9.0,0.84,0.46
SerbiaSuperLiga,2526,2026-02-08,Radnički Niš,Radnički Kragujevac,2,1,0.84,1.99,0.84,1.99,7.0,16.0,0.35,0.57
SerbiaSuperLiga,2526,2026-02-07,Crvena zvezda,Novi Pazar,5,0,3.71,0.64,2.95,0.64,22.0,6.0,1.49,0.27
SerbiaSuperLiga,2526,2026-02-07,Radnik Surdulica,Partizan,2,3,1.4,0.65,1.4,0.65,15.0,5.0,0.9,0.16
SerbiaSuperLiga,2526,2026-02-07,Javor,TSC,0,0,1.19,0.38,1.19,0.38,10.0,11.0,0.39,0.42
SerbiaSuperLiga,2526,2026-02-01,TSC,Vojvodina,0,2,2.65,1.48,1.89,1.48,19.0,8.0,0.71,0.76
SerbiaSuperLiga,2526,2026-02-01,Čukarički,Crvena zvezda,1,3,0.79,3.75,0.79,2.99,8.0,20.0,0.14,0.45
SerbiaSuperLiga,2526,2026-02-01,Novi Pazar,Spartak Subotica,2,2,3.14,0.48,1.62,0.48,14.0,5.0,0.55,0.15
SerbiaSuperLiga,2526,2026-02-01,Mladost Lučani,OFK Beograd,0,0,0.79,1.3,0.79,1.3,8.0,17.0,0.54,0.58
SerbiaSuperLiga,2526,2026-01-31,Železničar Pančevo,Radnik Surdulica,1,0,0.3,0.81,0.3,0.81,8.0,8.0,0.14,0.66
SerbiaSuperLiga,2526,2026-01-31,Partizan,Radnički Niš,0,0,1.78,0.31,1.78,0.31,24.0,5.0,1.29,0.14
SerbiaSuperLiga,2526,2026-01-31,Radnički Kragujevac,IMT Novi Beograd,3,1,1.97,0.93,1.97,0.93,8.0,9.0,0.24,0.38
SerbiaSuperLiga,2526,2026-01-31,Napredak,Javor,1,2,0.77,2.91,0.77,2.91,7.0,13.0,0.45,1.55
SerbiaSuperLiga,2526,2025-12-22,Napredak,Radnički Kragujevac,0,1,1.2,2.04,0.44,2.04,10.0,15.0,0.21,0.88
SerbiaSuperLiga,2526,2025-12-21,Radnik Surdulica,Novi Pazar,1,0,0.81,0.42,0.81,0.42,7.0,6.0,0.56,0.44
SerbiaSuperLiga,2526,2025-12-21,Spartak Subotica,Čukarički,1,3,1.15,1.81,1.15,1.81,10.0,14.0,0.77,0.7
SerbiaSuperLiga,2526,2025-12-21,OFK Beograd,TSC,0,1,0.96,1.95,0.96,1.95,13.0,17.0,0.72,0.44
SerbiaSuperLiga,2526,2025-12-20,IMT Novi Beograd,Partizan,1,0,2.1,0.32,2.1,0.32,20.0,8.0,0.62,0.44
SerbiaSuperLiga,2526,2025-12-20,Crvena zvezda,Mladost Lučani,4,0,2.16,0.65,2.16,0.65,25.0,2.0,2.0,0.12
SerbiaSuperLiga,2526,2025-12-20,Javor,Vojvodina,1,2,1.76,1.84,1.76,1.84,10.0,20.0,0.63,1.14
SerbiaSuperLiga,2526,2025-12-20,Radnički Niš,Železničar Pančevo,1,0,1.54,0.3,1.54,0.3,11.0,4.0,0.64,0.36
SerbiaSuperLiga,2526,2025-12-17,Radnički Kragujevac,Čukarički,3,2,3.56,2.12,2.8,2.12,18.0,11.0,0.69,1.39
SerbiaSuperLiga,2526,2025-12-15,TSC,Crvena zvezda,0,0,1.08,2.21,1.08,2.21,8.0,17.0,0.41,1.38
SerbiaSuperLiga,2526,2025-12-14,Novi Pazar,Radnički Niš,1,0,1.19,0.33,1.19,0.33,12.0,5.0,0.64,0.91
SerbiaSuperLiga,2526,2025-12-14,Mladost Lučani,Spartak Subotica,0,0,0.79,0.73,0.79,0.73,9.0,9.0,1.13,0.22
SerbiaSuperLiga,2526,2025-12-13,Partizan,Napredak,3,2,2.8,1.71,2.04,1.71,16.0,7.0,0.64,0.94
SerbiaSuperLiga,2526,2025-12-13,Železničar Pančevo,IMT Novi Beograd,1,0,0.6,1.44,0.6,1.44,7.0,7.0,0.17,0.46
SerbiaSuperLiga,2526,2025-12-13,Vojvodina,OFK Beograd,0,0,1.66,1.12,1.66,1.12,18.0,13.0,1.04,0.45
SerbiaSuperLiga,2526,2025-12-13,Radnički Kragujevac,Javor,1,1,1.55,0.92,1.55,0.92,13.0,6.0,0.94,0.34
SerbiaSuperLiga,2526,2025-12-13,Čukarički,Radnik Surdulica,1,1,0.59,1.72,0.59,0.96,8.0,18.0,0.26,0.51
SerbiaSuperLiga,2526,2025-12-08,Spartak Subotica,TSC,1,2,0.36,1.66,0.36,0.9,4.0,14.0,0.24,0.62
SerbiaSuperLiga,2526,2025-12-08,Radnički Niš,Čukarički,1,2,0.31,3.45,0.31,2.69,5.0,24.0,0.34,1.03
SerbiaSuperLiga,2526,2025-12-08,Radnik Surdulica,Mladost Lučani,0,0,0.5,0.79,0.5,0.79,11.0,7.0,0.82,0.54
SerbiaSuperLiga,2526,2025-12-07,Crvena zvezda,Vojvodina,0,1,1.18,0.99,1.18,0.99,20.0,10.0,1.85,0.36
SerbiaSuperLiga,2526,2025-12-07,Radnički Kragujevac,Partizan,2,4,1.73,2.66,1.73,1.9,15.0,14.0,0.89,0.86
SerbiaSuperLiga,2526,2025-12-07,IMT Novi Beograd,Novi Pazar,2,3,1.29,1.93,1.29,1.17,10.0,12.0,1.14,0.36
SerbiaSuperLiga,2526,2025-12-07,Napredak,Železničar Pančevo,2,1,1.13,2.85,1.13,1.33,7.0,12.0,0.68,0.92
SerbiaSuperLiga,2526,2025-12-06,Javor,OFK Beograd,0,1,1.94,2.46,1.94,2.46,16.0,12.0,0.62,1.32
SerbiaSuperLiga,2526,2025-12-04,Crvena zvezda,Čukarički,3,0,3.27,1.55,3.27,1.55,15.0,17.0,0.92,0.39
SerbiaSuperLiga,2526,2025-12-03,Mladost Lučani,Radnički Kragujevac,0,2,0.21,1.13,0.21,1.13,3.0,13.0,0.67,0.94
SerbiaSuperLiga,2526,2025-11-30,OFK Beograd,Crvena zvezda,3,4,1.14,6.27,1.14,6.27,6.0,37.0,0.44,2.0
SerbiaSuperLiga,2526,2025-11-30,TSC,Radnik Surdulica,0,2,1.37,0.48,1.37,0.48,14.0,5.0,1.59,0.16
SerbiaSuperLiga,2526,2025-11-29,Partizan,Javor,4,0,2.38,2.16,2.38,2.16,20.0,11.0,1.34,0.18
SerbiaSuperLiga,2526,2025-11-29,Novi Pazar,Napredak,2,1,1.63,0.51,1.63,0.51,11.0,7.0,0.86,0.39
SerbiaSuperLiga,2526,2025-11-29,Vojvodina,Spartak Subotica,2,0,2.91,0.36,2.91,0.36,23.0,4.0,1.14,0.48
SerbiaSuperLiga,2526,2025-11-29,Mladost Lučani,Radnički Niš,2,1,2.14,1.15,1.38,1.15,9.0,11.0,0.43,0.96
SerbiaSuperLiga,2526,2025-11-29,Železničar Pančevo,Radnički Kragujevac,1,0,1.28,0.39,1.28,0.39,7.0,4.0,0.61,0.38
SerbiaSuperLiga,2526,2025-11-28,Čukarički,IMT Novi Beograd,1,1,0.66,1.24,0.66,1.24,5.0,14.0,0.66,0.49
SerbiaSuperLiga,2526,2025-11-23,Radnički Kragujevac,Novi Pazar,0,0,1.17,0.99,1.17,0.99,10.0,7.0,0.39,0.32
SerbiaSuperLiga,2526,2025-11-23,Javor,Crvena zvezda,1,0,0.93,4.26,0.93,4.26,6.0,34.0,0.44,2.53
SerbiaSuperLiga,2526,2025-11-23,Radnički Niš,TSC,1,1,1.92,0.72,1.92,0.72,12.0,7.0,0.45,0.55
SerbiaSuperLiga,2526,2025-11-23,IMT Novi Beograd,Mladost Lučani,1,3,2.18,3.68,2.18,3.68,22.0,12.0,1.76,0.94
SerbiaSuperLiga,2526,2025-11-22,Spartak Subotica,OFK Beograd,2,2,0.95,2.76,0.95,2.0,10.0,21.0,0.59,1.15
SerbiaSuperLiga,2526,2025-11-22,Partizan,Železničar Pančevo,1,3,3.06,3.18,3.06,3.18,17.0,14.0,1.22,1.2
SerbiaSuperLiga,2526,2025-11-22,Napredak,Čukarički,1,1,0.57,1.63,0.57,1.63,6.0,19.0,0.25,0.91
SerbiaSuperLiga,2526,2025-11-21,Radnik Surdulica,Vojvodina,3,1,1.73,0.64,1.73,0.64,12.0,10.0,0.45,0.46
SerbiaSuperLiga,2526,2025-11-09,Partizan,Novi Pazar,2,0,1.85,1.35,1.85,1.35,16.0,13.0,0.66,0.79
SerbiaSuperLiga,2526,2025-11-09,IMT Novi Beograd,TSC,1,1,1.08,1.35,0.32,1.35,8.0,14.0,0.3,0.37
SerbiaSuperLiga,2526,2025-11-09,Spartak Subotica,Crvena zvezda,2,3,1.37,2.71,0.61,2.71,7.0,22.0,0.54,1.19
SerbiaSuperLiga,2526,2025-11-09,Železničar Pančevo,Javor,2,0,2.82,0.44,2.82,0.44,14.0,9.0,0.74,0.61
SerbiaSuperLiga,2526,2025-11-08,Radnički Niš,Vojvodina,0,1,1.49,0.83,1.49,0.83,16.0,6.0,0.6,0.93
SerbiaSuperLiga,2526,2025-11-08,Napredak,Mladost Lučani,0,1,2.26,1.09,2.26,0.33,18.0,3.0,1.15,0.79
SerbiaSuperLiga,2526,2025-11-08,Radnik Surdulica,OFK Beograd,1,0,1.63,0.82,0.87,0.82,11.0,10.0,0.41,0.61
SerbiaSuperLiga,2526,2025-11-05,Javor,Partizan,2,3,1.98,1.73,1.22,0.97,9.0,8.0,0.32,0.71
SerbiaSuperLiga,2526,2025-11-03,OFK Beograd,Radnički Niš,0,1,0.7,1.19,0.7,1.19,9.0,15.0,0.56,0.56
SerbiaSuperLiga,2526,2025-11-02,Vojvodina,IMT Novi Beograd,1,3,2.94,1.02,2.94,1.02,24.0,8.0,1.58,0.78
SerbiaSuperLiga,2526,2025-11-02,Crvena zvezda,Radnik Surdulica,1,1,2.86,0.4,2.86,0.4,22.0,5.0,1.77,0.3
SerbiaSuperLiga,2526,2025-11-02,Novi Pazar,Železničar Pančevo,1,0,2.38,0.34,2.38,0.34,15.0,7.0,0.85,0.32
SerbiaSuperLiga,2526,2025-11-02,TSC,Napredak,1,1,2.04,0.05,2.04,0.05,16.0,4.0,1.35,0.18
SerbiaSuperLiga,2526,2025-11-01,Čukarički,Partizan,4,1,2.68,0.87,1.92,0.87,16.0,11.0,0.32,0.69
SerbiaSuperLiga,2526,2025-11-01,Javor,Spartak Subotica,1,1,1.51,1.36,1.51,1.36,9.0,7.0,0.74,0.66
SerbiaSuperLiga,2526,2025-10-30,Vojvodina,Crvena zvezda,3,2,1.1,2.38,1.1,2.38,8.0,20.0,0.55,1.84
SerbiaSuperLiga,2526,2025-10-26,Radnički Niš,Crvena zvezda,0,0,0.63,1.81,0.63,1.81,9.0,14.0,0.26,1.39
SerbiaSuperLiga,2526,2025-10-25,Železničar Pančevo,Čukarički,1,0,0.82,0.93,0.82,0.93,7.0,10.0,0.32,0.45
SerbiaSuperLiga,2526,2025-10-25,Radnik Surdulica,Spartak Subotica,2,0,1.21,1.04,1.21,1.04,14.0,9.0,0.69,0.68
SerbiaSuperLiga,2526,2025-10-25,IMT Novi Beograd,OFK Beograd,1,1,0.46,0.65,0.46,0.65,9.0,11.0,0.77,0.45
SerbiaSuperLiga,2526,2025-10-25,Radnički Kragujevac,TSC,2,1,1.92,0.31,1.92,0.31,13.0,5.0,0.63,0.51
SerbiaSuperLiga,2526,2025-10-24,Partizan,Mladost Lučani,3,0,2.45,2.36,2.45,2.36,21.0,10.0,1.2,1.22
SerbiaSuperLiga,2526,2025-10-24,Novi Pazar,Javor,1,2,1.59,2.23,1.59,2.23,20.0,10.0,0.66,0.86
SerbiaSuperLiga,2526,2025-10-24,Napredak,Vojvodina,1,4,2.72,1.72,2.72,1.72,16.0,13.0,1.29,1.12
SerbiaSuperLiga,2526,2025-10-19,Crvena zvezda,IMT Novi Beograd,6,1,4.56,0.37,4.56,0.37,19.0,10.0,0.93,0.35
SerbiaSuperLiga,2526,2025-10-19,Spartak Subotica,Radnički Niš,2,0,1.03,2.31,1.03,1.55,9.0,17.0,0.42,0.88
SerbiaSuperLiga,2526,2025-10-19,Mladost Lučani,Železničar Pančevo,2,1,1.47,2.5,1.47,2.5,10.0,21.0,0.63,1.19
SerbiaSuperLiga,2526,2025-10-19,Čukarički,Novi Pazar,1,1,0.93,1.25,0.93,1.25,18.0,10.0,0.96,0.34
SerbiaSuperLiga,2526,2025-10-18,TSC,Partizan,0,1,3.0,1.12,3.0,1.12,20.0,17.0,1.33,0.5
SerbiaSuperLiga,2526,2025-10-18,Vojvodina,Radnički Kragujevac,4,1,2.61,0.91,2.61,0.91,13.0,11.0,1.16,0.68
SerbiaSuperLiga,2526,2025-10-18,Javor,Radnik Surdulica,3,2,1.85,1.56,1.85,0.8,12.0,12.0,0.52,0.58
SerbiaSuperLiga,2526,2025-10-18,OFK Beograd,Napredak,4,0,4.07,0.56,4.07,0.56,15.0,12.0,0.76,0.37
SerbiaSuperLiga,2526,2025-10-05,Napredak,Crvena zvezda,0,3,0.29,3.22,0.29,2.46,3.0,29.0,0.14,1.84
SerbiaSuperLiga,2526,2025-10-05,IMT Novi Beograd,Spartak Subotica,1,0,1.83,1.29,1.07,1.29,16.0,12.0,0.82,0.26
SerbiaSuperLiga,2526,2025-10-05,Čukarički,Javor,1,0,0.61,1.23,0.61,0.47,9.0,9.0,0.71,0.53
SerbiaSuperLiga,2526,2025-10-04,Partizan,Vojvodina,1,0,2.96,0.61,2.2,0.61,16.0,7.0,1.02,0.26
SerbiaSuperLiga,2526,2025-10-04,Železničar Pančevo,TSC,1,0,2.85,0.49,2.85,0.49,16.0,8.0,0.74,0.54
SerbiaSuperLiga,2526,2025-10-04,Radnički Kragujevac,OFK Beograd,0,2,1.85,2.31,1.85,2.31,23.0,14.0,1.01,0.36
SerbiaSuperLiga,2526,2025-10-04,Novi Pazar,Mladost Lučani,1,0,2.2,1.46,2.2,0.7,20.0,8.0,1.36,0.44
SerbiaSuperLiga,2526,2025-10-03,Radnički Niš,Radnik Surdulica,4,2,2.95,2.58,1.43,1.82,17.0,13.0,0.34,1.25
SerbiaSuperLiga,2526,2025-09-28,Crvena zvezda,Radnički Kragujevac,2,1,5.05,1.65,4.29,1.65,22.0,9.0,2.54,0.2
SerbiaSuperLiga,2526,2025-09-28,Mladost Lučani,Čukarički,1,1,2.65,4.36,1.89,3.6,12.0,23.0,0.53,2.24
SerbiaSuperLiga,2526,2025-09-28,Spartak Subotica,Napredak,2,1,1.61,1.98,1.61,1.98,12.0,15.0,0.69,0.82
SerbiaSuperLiga,2526,2025-09-28,TSC,Novi Pazar,1,0,2.07,1.85,2.07,1.85,12.0,14.0,1.08,1.1
SerbiaSuperLiga,2526,2025-09-27,Vojvodina,Železničar Pančevo,1,1,1.3,0.69,1.3,0.69,12.0,8.0,1.11,0.35
SerbiaSuperLiga,2526,2025-09-27,OFK Beograd,Partizan,0,2,0.68,2.93,0.68,2.93,10.0,24.0,0.38,1.24
SerbiaSuperLiga,2526,2025-09-27,Javor,Radnički Niš,2,1,2.51,0.89,2.51,0.89,14.0,14.0,1.26,1.02
SerbiaSuperLiga,2526,2025-09-26,Radnik Surdulica,IMT Novi Beograd,2,0,2.06,1.36,2.06,1.36,16.0,9.0,0.55,0.5
SerbiaSuperLiga,2526,2025-09-24,Novi Pazar,Radnički Kragujevac,1,1,1.06,0.59,1.06,0.59,11.0,7.0,0.69,0.11
SerbiaSuperLiga,2526,2025-09-21,Mladost Lučani,Javor,2,1,1.51,0.91,1.51,0.91,16.0,13.0,0.76,1.1
SerbiaSuperLiga,2526,2025-09-21,Čukarički,TSC,4,2,3.61,1.52,2.85,1.52,17.0,11.0,1.26,0.93
SerbiaSuperLiga,2526,2025-09-21,IMT Novi Beograd,Radnički Niš,1,0,0.8,1.16,0.8,1.16,8.0,12.0,0.92,1.04
SerbiaSuperLiga,2526,2025-09-20,Železničar Pančevo,OFK Beograd,1,3,2.81,1.49,2.05,0.73,17.0,9.0,0.63,0.54
SerbiaSuperLiga,2526,2025-09-20,Partizan,Crvena zvezda,1,2,2.47,2.93,2.47,2.93,16.0,13.0,0.8,0.87
SerbiaSuperLiga,2526,2025-09-20,Novi Pazar,Vojvodina,1,0,2.11,0.43,2.11,0.43,10.0,10.0,0.58,0.37
SerbiaSuperLiga,2526,2025-09-20,Radnički Kragujevac,Spartak Subotica,2,0,3.91,0.11,3.15,0.11,17.0,4.0,0.99,0.4
SerbiaSuperLiga,2526,2025-09-19,Napredak,Radnik Surdulica,1,3,1.66,2.34,1.66,1.58,19.0,11.0,1.24,0.46
SerbiaSuperLiga,2526,2025-09-14,Spartak Subotica,Partizan,2,5,2.23,2.38,1.47,2.38,15.0,17.0,0.89,1.12
SerbiaSuperLiga,2526,2025-09-14,TSC,Mladost Lučani,1,0,1.83,0.69,1.83,0.69,18.0,8.0,1.15,0.58
SerbiaSuperLiga,2526,2025-09-14,Crvena zvezda,Železničar Pančevo,7,1,4.19,0.97,3.43,0.97,20.0,8.0,1.6,0.42
SerbiaSuperLiga,2526,2025-09-14,Radnički Niš,Napredak,3,0,1.13,1.22,1.13,1.22,8.0,13.0,0.45,1.02
SerbiaSuperLiga,2526,2025-09-13,Vojvodina,Čukarički,3,1,3.19,2.44,3.19,1.68,18.0,9.0,1.06,0.68
SerbiaSuperLiga,2526,2025-09-13,OFK Beograd,Novi Pazar,0,2,1.29,3.27,1.29,2.51,10.0,23.0,0.63,1.16
SerbiaSuperLiga,2526,2025-09-13,Radnik Surdulica,Radnički Kragujevac,2,3,2.49,3.0,2.49,3.0,14.0,22.0,0.4,1.58
SerbiaSuperLiga,2526,2025-09-13,Javor,IMT Novi Beograd,2,0,1.45,0.75,1.45,0.75,11.0,11.0,0.63,0.38
SerbiaSuperLiga,2526,2025-08-31,Napredak,IMT Novi Beograd,3,1,1.74,1.02,1.74,1.02,19.0,7.0,0.8,0.52
SerbiaSuperLiga,2526,2025-08-31,Radnički Kragujevac,Radnički Niš,1,0,2.62,1.36,1.86,1.36,19.0,12.0,0.74,0.63
SerbiaSuperLiga,2526,2025-08-31,Železničar Pančevo,Spartak Subotica,1,1,1.53,1.37,0.77,1.37,11.0,14.0,0.67,0.66
SerbiaSuperLiga,2526,2025-08-31,Novi Pazar,Crvena zvezda,1,5,0.85,3.0,0.85,3.0,9.0,20.0,0.39,1.44
SerbiaSuperLiga,2526,2025-08-30,Mladost Lučani,Vojvodina,0,0,0.75,1.7,0.75,1.7,5.0,19.0,0.32,1.06
SerbiaSuperLiga,2526,2025-08-30,Partizan,Radnik Surdulica,2,0,3.23,0.54,2.47,0.54,19.0,8.0,1.21,0.43
SerbiaSuperLiga,2526,2025-08-30,TSC,Javor,2,2,1.05,1.49,1.05,1.49,8.0,13.0,0.76,0.56
SerbiaSuperLiga,2526,2025-08-29,Čukarički,OFK Beograd,1,3,2.31,1.44,2.31,1.44,18.0,10.0,1.1,0.42
SerbiaSuperLiga,2526,2025-08-24,Spartak Subotica,Novi Pazar,1,1,1.87,1.59,1.11,0.83,14.0,10.0,0.53,0.55
SerbiaSuperLiga,2526,2025-08-24,Radnički Niš,Partizan,2,2,0.83,2.51,0.83,2.51,13.0,18.0,0.64,1.01
SerbiaSuperLiga,2526,2025-08-24,IMT Novi Beograd,Radnički Kragujevac,2,0,1.08,1.39,0.32,1.39,5.0,29.0,0.44,1.02
SerbiaSuperLiga,2526,2025-08-24,Radnik Surdulica,Železničar Pančevo,1,2,1.57,1.79,1.57,1.79,16.0,9.0,1.15,0.74
SerbiaSuperLiga,2526,2025-08-23,Vojvodina,TSC,2,0,1.11,0.75,1.11,0.75,8.0,8.0,0.53,0.85
SerbiaSuperLiga,2526,2025-08-23,OFK Beograd,Mladost Lučani,1,1,1.33,1.42,1.33,1.42,6.0,17.0,0.29,1.47
SerbiaSuperLiga,2526,2025-08-22,Javor,Napredak,0,0,1.19,1.22,1.19,1.22,12.0,13.0,0.39,0.61
SerbiaSuperLiga,2526,2025-08-18,Partizan,IMT Novi Beograd,5,1,2.5,1.26,2.5,1.26,16.0,10.0,0.74,0.64
SerbiaSuperLiga,2526,2025-08-17,Železničar Pančevo,Radnički Niš,3,0,3.01,0.79,3.01,0.79,18.0,15.0,0.68,0.52
SerbiaSuperLiga,2526,2025-08-17,Radnički Kragujevac,Napredak,0,0,3.73,0.21,3.73,0.21,34.0,2.0,1.54,0.48
SerbiaSuperLiga,2526,2025-08-17,TSC,OFK Beograd,1,3,1.58,3.32,1.58,3.32,14.0,16.0,0.72,1.1
SerbiaSuperLiga,2526,2025-08-16,Vojvodina,Javor,2,2,1.55,0.97,1.55,0.97,22.0,11.0,1.02,0.26
SerbiaSuperLiga,2526,2025-08-16,Novi Pazar,Radnik Surdulica,2,0,2.36,0.6,2.36,0.6,17.0,7.0,1.0,0.82
SerbiaSuperLiga,2526,2025-08-15,Čukarički,Spartak Subotica,2,1,2.26,1.02,2.26,1.02,12.0,10.0,0.48,0.88
SerbiaSuperLiga,2526,2025-08-15,Mladost Lučani,Crvena zvezda,1,4,0.42,3.99,0.42,3.23,10.0,33.0,0.15,1.5
SerbiaSuperLiga,2526,2025-08-11,IMT Novi Beograd,Železničar Pančevo,1,4,1.88,2.92,1.12,1.4,8.0,15.0,0.47,0.45
SerbiaSuperLiga,2526,2025-08-11,Javor,Radnički Kragujevac,2,2,0.56,3.33,0.56,2.57,7.0,30.0,0.22,1.42
SerbiaSuperLiga,2526,2025-08-10,Napredak,Partizan,2,7,1.88,2.87,1.88,2.87,21.0,14.0,0.91,1.49
SerbiaSuperLiga,2526,2025-08-10,Radnički Niš,Novi Pazar,2,3,2.76,2.07,2.0,2.07,19.0,16.0,0.78,0.74
SerbiaSuperLiga,2526,2025-08-09,OFK Beograd,Vojvodina,1,2,0.71,1.66,0.71,0.9,13.0,18.0,0.66,0.76
SerbiaSuperLiga,2526,2025-08-09,Crvena zvezda,TSC,1,0,1.96,1.85,1.96,1.85,26.0,14.0,0.83,0.9
SerbiaSuperLiga,2526,2025-08-09,Spartak Subotica,Mladost Lučani,1,1,1.13,0.96,1.13,0.96,10.0,10.0,0.44,0.74
SerbiaSuperLiga,2526,2025-08-09,Radnik Surdulica,Čukarički,3,1,2.83,1.15,2.83,1.15,19.0,10.0,0.64,1.22
SerbiaSuperLiga,2526,2025-08-04,Železničar Pančevo,Napredak,0,0,0.6,0.2,0.6,0.2,12.0,5.0,0.39,0.37
SerbiaSuperLiga,2526,2025-08-04,Novi Pazar,IMT Novi Beograd,1,2,2.01,2.36,2.01,1.6,15.0,14.0,1.33,0.49
SerbiaSuperLiga,2526,2025-08-03,Partizan,Radnički Kragujevac,2,1,2.49,0.28,2.49,0.28,25.0,6.0,0.88,0.18
SerbiaSuperLiga,2526,2025-08-03,Čukarički,Radnički Niš,1,1,1.83,3.11,1.83,3.11,7.0,26.0,0.6,1.66
SerbiaSuperLiga,2526,2025-08-02,Mladost Lučani,Radnik Surdulica,1,0,0.87,1.39,0.87,1.39,7.0,16.0,0.45,0.76
SerbiaSuperLiga,2526,2025-08-02,TSC,Spartak Subotica,2,0,3.04,1.36,3.04,1.36,19.0,14.0,1.24,0.42
SerbiaSuperLiga,2526,2025-08-02,OFK Beograd,Javor,1,0,0.53,1.1,0.53,1.1,8.0,14.0,0.42,0.26
SerbiaSuperLiga,2526,2025-07-27,Spartak Subotica,Vojvodina,1,3,0.54,3.13,0.54,2.37,10.0,17.0,0.33,0.86
SerbiaSuperLiga,2526,2025-07-27,IMT Novi Beograd,Čukarički,1,3,2.03,3.81,2.03,3.05,27.0,12.0,0.58,0.44
SerbiaSuperLiga,2526,2025-07-27,Radnički Kragujevac,Železničar Pančevo,1,1,1.33,3.04,1.33,2.28,15.0,19.0,1.16,0.25
SerbiaSuperLiga,2526,2025-07-27,Napredak,Novi Pazar,2,2,1.09,2.15,1.09,2.15,15.0,24.0,0.37,0.65
SerbiaSuperLiga,2526,2025-07-26,Crvena zvezda,OFK Beograd,7,1,5.43,0.31,4.67,0.31,23.0,5.0,1.14,0.16
SerbiaSuperLiga,2526,2025-07-26,Radnik Surdulica,TSC,0,0,2.49,0.14,2.49,0.14,26.0,2.0,0.72,0.34
SerbiaSuperLiga,2526,2025-07-26,Radnički Niš,Mladost Lučani,3,1,2.33,0.62,2.33,0.62,20.0,8.0,0.75,0.51
SerbiaSuperLiga,2526,2025-07-21,OFK Beograd,Spartak Subotica,1,3,1.82,2.74,1.82,1.98,11.0,15.0,0.43,0.58
SerbiaSuperLiga,2526,2025-07-20,Železničar Pančevo,Partizan,0,1,0.99,1.62,0.99,1.62,10.0,17.0,0.37,0.73
SerbiaSuperLiga,2526,2025-07-20,Mladost Lučani,IMT Novi Beograd,1,1,1.27,2.68,1.27,1.92,12.0,14.0,0.53,0.44
SerbiaSuperLiga,2526,2025-07-20,TSC,Radnički Niš,2,1,1.3,0.43,1.3,0.43,11.0,7.0,0.59,0.66
SerbiaSuperLiga,2526,2025-07-20,Vojvodina,Radnik Surdulica,2,0,1.64,0.48,1.64,0.48,8.0,8.0,0.88,0.98
SerbiaSuperLiga,2526,2025-07-19,Čukarički,Napredak,1,0,2.54,0.57,2.54,0.57,15.0,8.0,2.03,0.27
SerbiaSuperLiga,2526,2025-07-19,Crvena zvezda,Javor,4,0,3.9,0.21,3.14,0.21,30.0,5.0,1.67,0.1
SerbiaSuperLiga,2627,2026-09-14,Zemun,Radnik Surdulica,1,1,0.37,2.29,0.37,2.29,10.0,24.0,0.15,1.33
SerbiaSuperLiga,2627,2026-09-13,IMT Novi Beograd,Crvena zvezda,0,1,0.41,0.83,0.41,0.83,7.0,9.0,0.4,0.59
SerbiaSuperLiga,2627,2026-09-13,Partizan,Vojvodina,2,3,2.39,1.67,2.39,1.67,20.0,12.0,1.17,0.65
SerbiaSuperLiga,2627,2026-09-13,Radnički Niš,OFK Beograd,3,1,3.18,1.25,3.18,0.49,13.0,8.0,0.71,0.53
SerbiaSuperLiga,2627,2026-09-12,Radnički Kragujevac,Mladost Lučani,5,0,4.28,0.55,4.28,0.55,25.0,5.0,1.64,0.0
SerbiaSuperLiga,2627,2026-09-12,Čukarički,Novi Pazar,1,1,0.89,0.55,0.89,0.55,10.0,8.0,0.82,0.42
SerbiaSuperLiga,2627,2026-09-11,Železničar Pančevo,Mačva Šabac,2,0,4.86,0.09,4.1,0.09,32.0,4.0,1.75,0.34
SerbiaSuperLiga,2627,2026-09-10,Radnik Surdulica,Crvena zvezda,0,0,0.15,2.09,0.15,2.09,6.0,19.0,0.13,2.3
SerbiaSuperLiga,2627,2026-09-07,OFK Beograd,IMT Novi Beograd,1,1,0.29,3.01,0.29,3.01,7.0,20.0,0.24,0.75
SerbiaSuperLiga,2627,2026-09-06,Vojvodina,Zemun,2,1,4.24,1.02,4.24,1.02,29.0,8.0,2.48,0.3
SerbiaSuperLiga,2627,2026-09-06,Crvena zvezda,Partizan,2,1,2.75,1.08,1.99,1.08,11.0,12.0,1.18,1.04
SerbiaSuperLiga,2627,2026-09-05,Mladost Lučani,Radnički Niš,1,0,1.24,1.75,1.24,1.75,18.0,17.0,0.44,1.14
SerbiaSuperLiga,2627,2026-09-05,Mačva Šabac,Radnički Kragujevac,0,0,0.46,2.98,0.46,2.98,8.0,17.0,0.27,1.56
SerbiaSuperLiga,2627,2026-09-05,Radnik Surdulica,Čukarički,3,1,1.65,2.26,0.89,1.5,11.0,18.0,0.32,0.38
SerbiaSuperLiga,2627,2026-09-04,Novi Pazar,Železničar Pančevo,2,0,1.32,0.73,1.32,0.73,14.0,8.0,0.68,0.53
SerbiaSuperLiga,2627,2026-08-31,Partizan,OFK Beograd,3,1,3.91,1.3,3.91,1.3,19.0,12.0,0.76,0.78
SerbiaSuperLiga,2627,2026-08-30,IMT Novi Beograd,Mladost Lučani,2,0,0.64,0.09,0.64,0.09,14.0,3.0,0.69,0.07
SerbiaSuperLiga,2627,2026-08-30,Zemun,Crvena zvezda,0,2,1.18,2.63,1.18,1.87,10.0,27.0,0.61,1.4
SerbiaSuperLiga,2627,2026-08-29,Radnički Niš,Radnički Kragujevac,1,1,0.75,0.63,0.75,0.63,9.0,9.0,0.49,0.89
SerbiaSuperLiga,2627,2026-08-29,Čukarički,Vojvodina,0,5,0.97,2.08,0.97,2.08,15.0,18.0,0.38,1.2
SerbiaSuperLiga,2627,2026-08-29,Novi Pazar,Mačva Šabac,1,1,2.35,1.15,2.35,1.15,24.0,10.0,1.17,0.33
SerbiaSuperLiga,2627,2026-08-29,Železničar Pančevo,Radnik Surdulica,5,1,5.79,0.34,5.79,0.34,17.0,6.0,1.57,0.43
SerbiaSuperLiga,2627,2026-08-23,Vojvodina,Železničar Pančevo,1,0,2.45,0.17,1.69,0.17,19.0,4.0,0.95,0.56
SerbiaSuperLiga,2627,2026-08-23,Mladost Lučani,Partizan,3,1,1.28,1.76,1.28,1.76,9.0,22.0,0.79,1.53
SerbiaSuperLiga,2627,2026-08-23,Radnik Surdulica,Novi Pazar,1,0,1.05,1.31,1.05,1.31,16.0,11.0,0.41,0.94
SerbiaSuperLiga,2627,2026-08-23,Crvena zvezda,Čukarički,4,0,3.21,1.27,3.21,1.27,16.0,10.0,1.75,0.29
SerbiaSuperLiga,2627,2026-08-22,OFK Beograd,Zemun,1,0,2.06,0.26,2.06,0.26,17.0,5.0,1.2,0.31
SerbiaSuperLiga,2627,2026-08-22,Radnički Kragujevac,IMT Novi Beograd,2,1,2.14,0.32,1.38,0.32,15.0,4.0,0.34,0.43
SerbiaSuperLiga,2627,2026-08-22,Mačva Šabac,Radnički Niš,1,0,1.27,1.47,1.27,1.47,13.0,15.0,0.35,1.06
SerbiaSuperLiga,2627,2026-08-17,Novi Pazar,Vojvodina,2,0,2.64,4.77,2.64,4.77,12.0,28.0,0.4,1.55
SerbiaSuperLiga,2627,2026-08-16,Partizan,Radnički Kragujevac,0,1,3.55,1.21,3.55,1.21,32.0,5.0,1.5,0.75
SerbiaSuperLiga,2627,2026-08-16,Zemun,Mladost Lučani,0,1,1.68,1.02,1.68,1.02,17.0,11.0,1.36,0.65
SerbiaSuperLiga,2627,2026-08-16,IMT Novi Beograd,Radnički Niš,0,0,2.46,1.04,1.7,1.04,20.0,9.0,0.78,0.47
SerbiaSuperLiga,2627,2026-08-15,Čukarički,OFK Beograd,2,0,1.56,0.51,0.8,0.51,10.0,11.0,0.68,0.74
SerbiaSuperLiga,2627,2026-08-15,Radnik Surdulica,Mačva Šabac,2,1,1.15,0.67,1.15,0.67,17.0,6.0,0.9,0.42
SerbiaSuperLiga,2627,2026-08-09,OFK Beograd,Železničar Pančevo,2,2,1.62,0.7,1.62,0.7,11.0,10.0,0.39,0.77
SerbiaSuperLiga,2627,2026-08-09,Mladost Lučani,Čukarički,2,2,1.85,0.38,1.85,0.38,18.0,4.0,1.2,0.31
SerbiaSuperLiga,2627,2026-08-09,Vojvodina,Radnik Surdulica,2,1,1.16,1.85,1.16,1.09,13.0,15.0,1.48,0.63
SerbiaSuperLiga,2627,2026-08-09,Mačva Šabac,IMT Novi Beograd,1,0,0.73,1.86,0.73,1.86,9.0,18.0,0.04,0.84
SerbiaSuperLiga,2627,2026-08-08,Crvena zvezda,Novi Pazar,2,0,2.74,1.45,2.74,1.45,20.0,13.0,1.16,0.71
SerbiaSuperLiga,2627,2026-08-08,Radnički Kragujevac,Zemun,3,0,2.7,1.0,2.7,1.0,21.0,12.0,1.44,1.27
SerbiaSuperLiga,2627,2026-08-03,Železničar Pančevo,Mladost Lučani,0,0,1.59,0.68,1.59,0.68,19.0,8.0,1.05,-0.06
SerbiaSuperLiga,2627,2026-08-03,Vojvodina,Mačva Šabac,2,0,1.97,1.02,1.97,1.02,16.0,12.0,0.83,0.24
SerbiaSuperLiga,2627,2026-08-02,Partizan,IMT Novi Beograd,1,2,0.75,1.75,0.75,1.75,13.0,14.0,0.81,0.5
SerbiaSuperLiga,2627,2026-08-02,Zemun,Radnički Niš,0,1,0.73,3.81,0.73,3.81,7.0,26.0,0.27,1.73
SerbiaSuperLiga,2627,2026-08-01,Čukarički,Radnički Kragujevac,3,0,2.91,2.09,2.91,2.09,10.0,22.0,0.97,1.58
SerbiaSuperLiga,2627,2026-08-01,Novi Pazar,OFK Beograd,1,4,2.81,2.56,2.05,2.56,12.0,16.0,0.38,0.99
SerbiaSuperLiga,2627,2026-07-26,Mačva Šabac,Partizan,1,3,1.11,2.46,1.11,2.46,10.0,20.0,0.8,0.84
SerbiaSuperLiga,2627,2026-07-26,Mladost Lučani,Novi Pazar,0,0,0.85,2.02,0.85,2.02,11.0,20.0,0.92,0.66
SerbiaSuperLiga,2627,2026-07-26,Crvena zvezda,Vojvodina,3,1,3.62,1.66,3.62,1.66,21.0,14.0,1.4,0.72
SerbiaSuperLiga,2627,2026-07-25,OFK Beograd,Radnik Surdulica,0,0,1.27,0.73,1.27,0.73,14.0,11.0,0.7,0.54
SerbiaSuperLiga,2627,2026-07-25,IMT Novi Beograd,Zemun,4,0,3.73,0.0,2.97,0.0,25.0,0.0,1.97,0.14
SerbiaSuperLiga,2627,2026-07-25,Radnički Niš,Čukarički,0,2,1.5,1.26,0.74,1.26,17.0,12.0,1.58,0.39
SerbiaSuperLiga,2627,2026-07-19,Čukarički,IMT Novi Beograd,0,1,1.87,1.3,1.87,1.3,14.0,14.0,0.89,0.42
SerbiaSuperLiga,2627,2026-07-19,Radnik Surdulica,Mladost Lučani,1,1,2.51,0.55,2.51,0.55,23.0,5.0,1.78,0.22
SerbiaSuperLiga,2627,2026-07-19,Vojvodina,OFK Beograd,4,0,2.63,0.25,2.63,0.25,14.0,4.0,0.71,0.36
SerbiaSuperLiga,2627,2026-07-18,Zemun,Partizan,2,2,1.38,1.99,1.38,1.99,12.0,23.0,0.3,0.8
SerbiaSuperLiga,2627,2026-07-18,Novi Pazar,Radnički Kragujevac,1,0,1.15,1.73,1.15,1.73,13.0,14.0,0.56,0.84
SerbiaSuperLiga,2627,2026-07-17,Železničar Pančevo,Radnički Niš,2,1,1.29,1.27,1.29,1.27,13.0,9.0,0.47,0.72
SerbiaSuperLiga,2627,2026-07-17,Crvena zvezda,Mačva Šabac,5,0,4.16,0.04,4.16,0.04,28.0,2.0,1.88,0.05
RomaniaLigaI,2425,2025-05-24,Universitatea Craiova,Dinamo Bucureşti,2,1,2.56,0.5,2.56,0.5,17.0,6.0,0.9,0.47
RomaniaLigaI,2425,2025-05-24,Universitatea Cluj,Rapid Bucureşti,2,2,2.13,2.38,2.13,1.62,16.0,16.0,0.69,0.69
RomaniaLigaI,2425,2025-05-23,CFR Cluj,FCSB,1,1,2.85,2.28,2.85,1.52,22.0,10.0,1.06,0.69
RomaniaLigaI,2425,2025-05-19,Rapid Bucureşti,CFR Cluj,1,4,2.1,2.14,2.1,2.14,14.0,16.0,1.04,0.57
RomaniaLigaI,2425,2025-05-18,Unirea Slobozia,Sepsi,2,1,1.08,0.98,1.08,0.98,12.0,11.0,0.48,0.7
RomaniaLigaI,2425,2025-05-18,Botoșani,Hermannstadt,2,1,1.69,1.3,1.69,1.3,13.0,9.0,0.5,0.66
RomaniaLigaI,2425,2025-05-18,Politehnica Iași,Petrolul 52,0,2,2.72,0.45,1.96,0.45,18.0,6.0,1.2,0.2
RomaniaLigaI,2425,2025-05-17,FCSB,Universitatea Craiova,1,0,0.44,0.99,0.44,0.99,5.0,16.0,0.33,0.88
RomaniaLigaI,2425,2025-05-17,UTA Arad,Gloria Buzău,0,0,1.07,0.39,1.07,0.39,15.0,10.0,0.59,0.24
RomaniaLigaI,2425,2025-05-16,Dinamo Bucureşti,Universitatea Cluj,1,3,3.46,2.86,3.46,2.86,18.0,16.0,0.53,1.35
RomaniaLigaI,2425,2025-05-16,Oţelul,FCV Farul Constanţa,0,0,1.36,0.92,1.36,0.92,10.0,7.0,0.81,0.41
RomaniaLigaI,2425,2025-05-12,Dinamo Bucureşti,Rapid Bucureşti,0,0,3.31,0.55,3.31,0.55,27.0,9.0,1.1,0.44
RomaniaLigaI,2425,2025-05-12,Petrolul 52,Oţelul,1,3,1.48,2.7,1.48,2.7,11.0,16.0,0.95,0.8
RomaniaLigaI,2425,2025-05-11,Universitatea Cluj,FCSB,0,2,1.26,1.81,1.26,1.81,14.0,11.0,0.65,0.62
RomaniaLigaI,2425,2025-05-10,Universitatea Craiova,CFR Cluj,2,2,1.4,1.12,0.64,1.12,9.0,11.0,0.59,0.92
RomaniaLigaI,2425,2025-05-10,Hermannstadt,Politehnica Iași,1,0,2.27,1.44,2.27,1.44,13.0,16.0,1.2,0.75
RomaniaLigaI,2425,2025-05-10,FCV Farul Constanţa,UTA Arad,1,2,1.22,2.27,1.22,2.27,15.0,13.0,1.12,0.86
RomaniaLigaI,2425,2025-05-09,Sepsi,Botoșani,2,0,1.21,0.63,1.21,0.63,8.0,8.0,0.64,0.31
RomaniaLigaI,2425,2025-05-09,Gloria Buzău,Unirea Slobozia,0,3,0.14,2.58,0.14,2.58,4.0,24.0,0.05,0.87
RomaniaLigaI,2425,2025-05-05,FCSB,Dinamo Bucureşti,3,1,1.26,1.99,1.26,1.23,8.0,10.0,0.8,0.38
RomaniaLigaI,2425,2025-05-05,UTA Arad,Petrolul 52,2,0,1.49,0.97,1.49,0.97,14.0,10.0,0.87,0.36
RomaniaLigaI,2425,2025-05-04,Oţelul,Hermannstadt,1,2,2.99,1.68,2.99,1.68,18.0,8.0,0.95,0.23
RomaniaLigaI,2425,2025-05-03,CFR Cluj,Universitatea Cluj,1,0,1.56,0.34,1.56,0.34,9.0,8.0,0.11,0.35
RomaniaLigaI,2425,2025-05-03,FCV Farul Constanţa,Gloria Buzău,1,0,0.8,1.34,0.8,0.58,8.0,8.0,0.54,0.23
RomaniaLigaI,2425,2025-05-03,Botoșani,Unirea Slobozia,1,1,2.48,0.84,1.72,0.84,21.0,7.0,0.64,1.03
RomaniaLigaI,2425,2025-05-02,Universitatea Craiova,Rapid Bucureşti,1,2,1.54,0.85,1.54,0.85,11.0,8.0,1.28,0.35
RomaniaLigaI,2425,2025-05-02,Politehnica Iași,Sepsi,0,0,0.76,0.19,0.76,0.19,10.0,7.0,0.22,0.38
RomaniaLigaI,2425,2025-04-28,Dinamo Bucureşti,CFR Cluj,1,1,1.62,0.41,1.62,0.41,16.0,8.0,1.19,0.28
RomaniaLigaI,2425,2025-04-28,Petrolul 52,FCV Farul Constanţa,0,1,1.64,1.68,1.64,1.68,16.0,13.0,0.96,0.61
RomaniaLigaI,2425,2025-04-27,Rapid Bucureşti,FCSB,1,2,1.25,1.55,1.25,1.55,19.0,13.0,0.82,0.57
RomaniaLigaI,2425,2025-04-27,Gloria Buzău,Botoșani,0,2,0.62,1.73,0.62,1.73,7.0,19.0,0.32,0.83
RomaniaLigaI,2425,2025-04-26,Universitatea Cluj,Universitatea Craiova,2,1,1.85,1.02,1.85,1.02,13.0,6.0,0.89,0.36
RomaniaLigaI,2425,2025-04-26,Hermannstadt,UTA Arad,3,0,2.16,0.89,2.16,0.89,17.0,10.0,0.7,0.66
RomaniaLigaI,2425,2025-04-25,Sepsi,Oţelul,0,3,0.59,2.08,0.59,1.32,8.0,11.0,0.47,0.59
RomaniaLigaI,2425,2025-04-25,Unirea Slobozia,Politehnica Iași,1,1,1.19,2.79,1.19,2.79,13.0,18.0,0.6,1.09
RomaniaLigaI,2425,2025-04-21,Dinamo Bucureşti,Universitatea Craiova,0,2,1.13,1.79,1.13,1.79,12.0,11.0,0.37,0.53
RomaniaLigaI,2425,2025-04-21,Petrolul 52,Gloria Buzău,4,0,3.47,0.33,2.71,0.33,24.0,8.0,0.33,0.18
RomaniaLigaI,2425,2025-04-20,FCSB,CFR Cluj,3,2,1.47,2.29,1.47,1.53,6.0,17.0,0.41,0.83
RomaniaLigaI,2425,2025-04-20,Politehnica Iași,Botoșani,3,0,3.63,1.98,2.87,1.98,8.0,27.0,0.83,0.97
RomaniaLigaI,2425,2025-04-19,Rapid Bucureşti,Universitatea Cluj,0,2,2.39,0.99,2.39,0.99,16.0,9.0,1.18,0.63
RomaniaLigaI,2425,2025-04-19,FCV Farul Constanţa,Hermannstadt,1,1,0.34,1.51,0.34,1.51,11.0,10.0,0.34,0.27
RomaniaLigaI,2425,2025-04-18,UTA Arad,Sepsi,1,1,1.86,2.82,1.1,2.82,12.0,18.0,0.62,1.36
RomaniaLigaI,2425,2025-04-18,Oţelul,Unirea Slobozia,2,0,2.94,0.54,2.18,0.54,15.0,3.0,0.81,0.34
RomaniaLigaI,2425,2025-04-14,CFR Cluj,Rapid Bucureşti,1,1,1.01,1.16,1.01,1.16,14.0,5.0,0.56,0.64
RomaniaLigaI,2425,2025-04-14,Botoșani,Oţelul,0,1,1.35,0.7,1.35,0.7,12.0,5.0,0.25,0.42
RomaniaLigaI,2425,2025-04-13,Universitatea Craiova,FCSB,0,0,1.72,1.16,1.72,1.16,13.0,12.0,0.47,0.36
RomaniaLigaI,2425,2025-04-13,Unirea Slobozia,UTA Arad,2,1,1.92,1.11,1.92,0.35,11.0,10.0,0.46,0.54
RomaniaLigaI,2425,2025-04-12,Universitatea Cluj,Dinamo Bucureşti,2,4,1.0,1.31,1.0,1.31,8.0,6.0,0.78,0.36
RomaniaLigaI,2425,2025-04-12,Sepsi,FCV Farul Constanţa,1,4,1.83,2.74,1.07,1.98,12.0,18.0,0.4,0.83
RomaniaLigaI,2425,2025-04-11,Hermannstadt,Petrolul 52,1,1,1.9,0.94,1.9,0.94,26.0,8.0,0.85,0.25
RomaniaLigaI,2425,2025-04-11,Gloria Buzău,Politehnica Iași,0,1,1.88,2.56,1.88,2.56,19.0,19.0,1.2,0.61
RomaniaLigaI,2425,2025-04-07,CFR Cluj,Universitatea Craiova,2,0,1.34,0.5,1.34,0.5,11.0,6.0,0.36,0.3
RomaniaLigaI,2425,2025-04-07,FCV Farul Constanţa,Unirea Slobozia,1,1,2.07,1.55,2.07,1.55,14.0,13.0,0.72,0.51
RomaniaLigaI,2425,2025-04-06,Hermannstadt,Gloria Buzău,0,2,2.96,1.0,2.96,1.0,18.0,5.0,1.8,0.34
RomaniaLigaI,2425,2025-04-06,Rapid Bucureşti,Dinamo Bucureşti,1,0,2.39,0.82,2.39,0.82,14.0,11.0,0.61,0.74
RomaniaLigaI,2425,2025-04-05,FCSB,Universitatea Cluj,1,0,1.52,0.08,0.76,0.08,12.0,3.0,0.64,0.11
RomaniaLigaI,2425,2025-04-05,UTA Arad,Botoșani,1,0,2.35,0.48,0.83,0.48,11.0,7.0,0.54,0.47
RomaniaLigaI,2425,2025-04-04,Oţelul,Politehnica Iași,1,0,1.85,0.83,1.85,0.83,15.0,10.0,0.91,0.47
RomaniaLigaI,2425,2025-04-04,Petrolul 52,Sepsi,2,1,0.71,2.25,0.71,2.25,6.0,14.0,0.06,1.6
RomaniaLigaI,2425,2025-03-31,Gloria Buzău,Oţelul,0,2,0.71,2.58,0.71,2.58,7.0,14.0,0.44,0.58
RomaniaLigaI,2425,2025-03-31,Universitatea Cluj,CFR Cluj,1,0,0.96,2.48,0.96,2.48,4.0,21.0,0.15,0.91
RomaniaLigaI,2425,2025-03-30,Dinamo Bucureşti,FCSB,1,2,2.04,2.09,2.04,2.09,8.0,15.0,0.71,0.56
RomaniaLigaI,2425,2025-03-30,Politehnica Iași,UTA Arad,4,0,2.83,1.91,2.07,1.91,14.0,24.0,0.44,1.52
RomaniaLigaI,2425,2025-03-29,Botoșani,FCV Farul Constanţa,4,3,2.43,2.35,2.43,2.35,25.0,14.0,0.78,0.78
RomaniaLigaI,2425,2025-03-29,Rapid Bucureşti,Universitatea Craiova,1,2,1.4,1.4,1.4,1.4,15.0,13.0,0.5,0.45
RomaniaLigaI,2425,2025-03-28,Sepsi,Hermannstadt,0,2,1.86,1.45,1.86,1.45,17.0,11.0,1.17,0.41
RomaniaLigaI,2425,2025-03-28,Unirea Slobozia,Petrolul 52,0,0,1.16,0.71,1.16,0.71,14.0,9.0,0.47,0.5
RomaniaLigaI,2425,2025-03-17,Sepsi,Gloria Buzău,1,2,1.55,2.03,1.55,2.03,12.0,7.0,1.06,0.5
RomaniaLigaI,2425,2025-03-16,FCSB,Rapid Bucureşti,3,3,3.47,1.14,3.47,1.14,18.0,10.0,1.08,0.67
RomaniaLigaI,2425,2025-03-16,Hermannstadt,Unirea Slobozia,1,1,1.39,0.6,1.39,0.6,10.0,8.0,0.48,0.62
RomaniaLigaI,2425,2025-03-16,UTA Arad,Oţelul,2,0,1.77,1.55,1.77,1.55,14.0,9.0,0.46,0.35
RomaniaLigaI,2425,2025-03-15,CFR Cluj,Dinamo Bucureşti,3,1,1.57,0.76,0.81,0.76,12.0,9.0,0.48,0.36
RomaniaLigaI,2425,2025-03-15,FCV Farul Constanţa,Politehnica Iași,0,0,1.38,0.56,1.38,0.56,15.0,8.0,0.86,0.31
RomaniaLigaI,2425,2025-03-14,Petrolul 52,Botoșani,0,2,1.31,2.49,1.31,2.49,10.0,12.0,0.66,0.67
RomaniaLigaI,2425,2025-03-14,Universitatea Craiova,Universitatea Cluj,3,0,2.04,1.69,2.04,1.69,16.0,14.0,0.31,1.09
RomaniaLigaI,2425,2025-03-10,Botoșani,Unirea Slobozia,1,0,3.41,0.39,3.41,0.39,27.0,7.0,0.61,0.24
RomaniaLigaI,2425,2025-03-10,UTA Arad,Dinamo Bucureşti,0,2,1.78,3.5,1.78,3.5,14.0,21.0,1.01,0.61
RomaniaLigaI,2425,2025-03-09,CFR Cluj,Gloria Buzău,6,0,3.76,0.53,2.24,0.53,21.0,8.0,1.18,0.43
RomaniaLigaI,2425,2025-03-09,FCSB,Universitatea Craiova,1,0,1.39,1.35,1.39,1.35,13.0,10.0,0.75,0.71
RomaniaLigaI,2425,2025-03-08,Hermannstadt,Rapid Bucureşti,1,0,1.53,1.91,1.53,1.91,13.0,14.0,0.51,0.76
RomaniaLigaI,2425,2025-03-08,Petrolul 52,Sepsi,1,0,0.94,0.26,0.94,0.26,15.0,4.0,0.6,0.44
RomaniaLigaI,2425,2025-03-07,FCV Farul Constanţa,Universitatea Cluj,1,1,1.35,1.74,1.35,1.74,11.0,14.0,0.66,1.18
RomaniaLigaI,2425,2025-03-07,Oţelul,Politehnica Iași,2,3,2.41,1.17,2.41,1.17,23.0,12.0,1.08,0.34
RomaniaLigaI,2425,2025-03-03,Dinamo Bucureşti,Hermannstadt,2,0,1.49,0.73,1.49,0.73,11.0,13.0,0.87,0.34
RomaniaLigaI,2425,2025-03-03,Gloria Buzău,UTA Arad,1,1,2.09,1.47,2.09,0.71,17.0,14.0,0.69,0.41
RomaniaLigaI,2425,2025-03-02,Politehnica Iași,Petrolul 52,1,0,1.15,1.27,1.15,1.27,10.0,15.0,0.46,0.56
RomaniaLigaI,2425,2025-03-02,Rapid Bucureşti,FCSB,0,0,1.21,1.35,1.21,1.35,10.0,10.0,0.61,0.53
RomaniaLigaI,2425,2025-03-01,Universitatea Cluj,Botoșani,0,1,2.1,1.07,2.1,1.07,12.0,6.0,1.1,0.19
RomaniaLigaI,2425,2025-03-01,Universitatea Craiova,FCV Farul Constanţa,1,0,3.12,0.23,3.12,0.23,19.0,3.0,0.99,0.27
RomaniaLigaI,2425,2025-02-28,Sepsi,CFR Cluj,1,1,1.62,2.83,1.62,2.83,13.0,20.0,0.57,1.45
RomaniaLigaI,2425,2025-02-28,Unirea Slobozia,Oţelul,0,1,3.04,1.33,3.04,1.33,28.0,12.0,0.98,0.61
RomaniaLigaI,2425,2025-02-24,FCV Farul Constanţa,Rapid Bucureşti,1,3,3.12,2.38,3.12,1.62,18.0,13.0,0.84,0.66
RomaniaLigaI,2425,2025-02-24,UTA Arad,Sepsi,1,2,2.69,1.09,1.93,1.09,14.0,6.0,0.87,0.52
RomaniaLigaI,2425,2025-02-23,FCSB,Dinamo Bucureşti,2,1,1.86,1.28,1.86,1.28,12.0,11.0,0.38,0.79
RomaniaLigaI,2425,2025-02-23,Unirea Slobozia,Politehnica Iași,0,0,1.17,0.8,1.17,0.8,14.0,7.0,0.83,0.73
RomaniaLigaI,2425,2025-02-22,Botoșani,Universitatea Craiova,2,2,1.79,1.76,1.79,1.76,14.0,11.0,0.66,0.64
RomaniaLigaI,2425,2025-02-22,CFR Cluj,Petrolul 52,2,0,3.0,0.93,2.24,0.93,15.0,9.0,1.14,0.34
RomaniaLigaI,2425,2025-02-21,Hermannstadt,Gloria Buzău,2,1,2.99,1.41,2.23,1.41,15.0,11.0,0.72,0.96
RomaniaLigaI,2425,2025-02-21,Oţelul,Universitatea Cluj,0,1,1.42,0.7,1.42,0.7,10.0,9.0,0.29,0.55
RomaniaLigaI,2425,2025-02-17,Rapid Bucureşti,Botoșani,1,0,1.0,0.4,1.0,0.4,6.0,3.0,0.45,0.72
RomaniaLigaI,2425,2025-02-17,Universitatea Cluj,Unirea Slobozia,3,2,3.02,0.9,3.02,0.9,24.0,9.0,1.32,0.25
RomaniaLigaI,2425,2025-02-16,Gloria Buzău,FCSB,0,2,0.64,3.28,0.64,2.52,7.0,22.0,0.61,1.43
RomaniaLigaI,2425,2025-02-16,Politehnica Iași,CFR Cluj,1,1,0.9,1.91,0.9,1.91,11.0,17.0,0.57,0.9
RomaniaLigaI,2425,2025-02-15,Dinamo Bucureşti,FCV Farul Constanţa,0,2,2.5,1.46,2.5,1.46,25.0,8.0,1.29,0.83
RomaniaLigaI,2425,2025-02-15,Petrolul 52,UTA Arad,0,1,1.18,0.58,1.18,0.58,16.0,9.0,1.22,0.3
RomaniaLigaI,2425,2025-02-14,Sepsi,Hermannstadt,2,3,1.52,1.81,1.52,1.81,13.0,8.0,0.83,0.86
RomaniaLigaI,2425,2025-02-14,Universitatea Craiova,Oţelul,2,1,1.6,0.42,1.6,0.42,13.0,9.0,0.57,0.22
RomaniaLigaI,2425,2025-02-10,FCV Farul Constanţa,Gloria Buzău,1,0,1.58,0.84,1.58,0.84,12.0,6.0,0.84,0.4
RomaniaLigaI,2425,2025-02-10,UTA Arad,CFR Cluj,1,4,0.53,2.45,0.53,2.45,7.0,22.0,0.28,0.94
RomaniaLigaI,2425,2025-02-09,FCSB,Sepsi,3,0,3.53,0.49,3.53,0.49,21.0,7.0,1.18,0.21
RomaniaLigaI,2425,2025-02-09,Hermannstadt,Petrolul 52,1,1,1.32,0.69,1.32,0.69,10.0,11.0,0.17,0.18
RomaniaLigaI,2425,2025-02-09,Universitatea Cluj,Politehnica Iași,2,2,0.91,1.53,0.91,1.53,8.0,15.0,0.36,0.84
RomaniaLigaI,2425,2025-02-08,Oţelul,Rapid Bucureşti,1,1,1.51,3.12,1.51,3.12,11.0,17.0,0.66,1.23
RomaniaLigaI,2425,2025-02-08,Unirea Slobozia,Universitatea Craiova,0,1,1.43,1.88,1.43,1.88,11.0,15.0,0.47,0.71
RomaniaLigaI,2425,2025-02-07,Botoșani,Dinamo Bucureşti,1,1,0.97,0.84,0.97,0.84,10.0,4.0,0.71,0.52
RomaniaLigaI,2425,2025-02-06,Petrolul 52,FCSB,0,0,0.97,1.8,0.97,1.8,11.0,14.0,0.36,1.32
RomaniaLigaI,2425,2025-02-06,Politehnica Iași,UTA Arad,0,1,1.43,1.37,1.43,1.37,9.0,11.0,0.52,0.68
RomaniaLigaI,2425,2025-02-06,Sepsi,FCV Farul Constanţa,1,0,2.44,0.8,1.68,0.8,16.0,12.0,0.61,0.89
RomaniaLigaI,2425,2025-02-05,CFR Cluj,Hermannstadt,1,0,1.43,0.41,1.43,0.41,14.0,6.0,0.88,0.67
RomaniaLigaI,2425,2025-02-05,Universitatea Craiova,Universitatea Cluj,1,0,3.16,3.34,2.4,2.58,15.0,22.0,1.04,0.69
RomaniaLigaI,2425,2025-02-04,Dinamo Bucureşti,Oţelul,1,0,2.12,0.45,1.36,0.45,17.0,6.0,0.86,0.21
RomaniaLigaI,2425,2025-02-04,Gloria Buzău,Botoșani,0,2,0.59,2.52,0.59,2.52,6.0,20.0,0.45,0.73
RomaniaLigaI,2425,2025-02-04,Rapid Bucureşti,Unirea Slobozia,2,1,2.93,1.08,2.93,1.08,30.0,11.0,1.74,0.4
RomaniaLigaI,2425,2025-02-03,FCV Farul Constanţa,Petrolul 52,2,1,1.66,1.63,0.9,1.63,9.0,10.0,0.42,0.7
RomaniaLigaI,2425,2025-02-02,FCSB,CFR Cluj,1,1,1.04,1.24,1.04,1.24,7.0,9.0,0.93,0.81
RomaniaLigaI,2425,2025-02-02,Universitatea Craiova,Politehnica Iași,4,1,1.77,0.74,1.77,0.74,19.0,8.0,1.28,0.5
RomaniaLigaI,2425,2025-02-01,Botoșani,Sepsi,0,0,1.71,1.0,1.71,1.0,18.0,7.0,1.27,0.51
RomaniaLigaI,2425,2025-02-01,Oţelul,Gloria Buzău,2,1,1.76,0.91,1.76,0.91,11.0,12.0,1.03,0.73
RomaniaLigaI,2425,2025-02-01,Universitatea Cluj,Rapid Bucureşti,2,1,0.99,1.17,0.99,1.17,8.0,12.0,0.54,0.41
RomaniaLigaI,2425,2025-01-31,Hermannstadt,UTA Arad,0,0,1.76,1.7,1.76,1.7,12.0,18.0,0.95,0.92
RomaniaLigaI,2425,2025-01-31,Unirea Slobozia,Dinamo Bucureşti,1,3,0.65,2.15,0.65,1.39,7.0,16.0,0.2,0.74
RomaniaLigaI,2425,2025-01-27,CFR Cluj,FCV Farul Constanţa,3,1,4.33,0.65,3.57,0.65,24.0,10.0,1.17,0.55
RomaniaLigaI,2425,2025-01-27,Petrolul 52,Botoșani,3,1,1.2,0.7,1.2,0.7,6.0,13.0,0.27,0.29
RomaniaLigaI,2425,2025-01-26,Sepsi,Oţelul,2,0,1.71,0.62,1.71,0.62,13.0,7.0,0.5,0.66
RomaniaLigaI,2425,2025-01-26,UTA Arad,FCSB,0,1,1.52,1.47,1.52,0.71,14.0,11.0,0.22,0.73
RomaniaLigaI,2425,2025-01-25,Politehnica Iași,Hermannstadt,0,2,1.87,1.8,1.87,1.8,22.0,14.0,0.59,0.5
RomaniaLigaI,2425,2025-01-25,Rapid Bucureşti,Universitatea Craiova,1,0,1.28,1.46,1.28,1.46,15.0,14.0,0.86,1.12
RomaniaLigaI,2425,2025-01-24,Dinamo Bucureşti,Universitatea Cluj,0,0,1.34,2.0,1.34,2.0,9.0,15.0,0.38,0.67
RomaniaLigaI,2425,2025-01-24,Gloria Buzău,Unirea Slobozia,3,0,1.98,1.36,1.98,1.36,12.0,15.0,0.55,0.62
RomaniaLigaI,2425,2025-01-20,FCV Farul Constanţa,UTA Arad,1,1,3.34,0.64,3.34,0.64,34.0,7.0,1.48,0.19
RomaniaLigaI,2425,2025-01-20,Rapid Bucureşti,Politehnica Iași,2,1,3.31,1.56,2.55,1.56,20.0,14.0,0.44,0.6
RomaniaLigaI,2425,2025-01-19,Botoșani,CFR Cluj,1,1,1.67,2.49,1.67,2.49,23.0,16.0,1.08,0.56
RomaniaLigaI,2425,2025-01-19,Universitatea Craiova,Dinamo Bucureşti,1,1,2.39,0.96,1.63,0.96,11.0,7.0,0.55,0.32
RomaniaLigaI,2425,2025-01-18,Oţelul,Petrolul 52,0,0,0.31,1.16,0.31,1.16,4.0,12.0,0.39,0.45
RomaniaLigaI,2425,2025-01-18,Universitatea Cluj,Gloria Buzău,2,1,4.03,1.07,2.51,1.07,20.0,5.0,1.26,0.37
RomaniaLigaI,2425,2025-01-17,FCSB,Hermannstadt,1,1,3.73,0.32,3.73,0.32,25.0,1.0,1.77,0.29
RomaniaLigaI,2425,2025-01-17,Unirea Slobozia,Sepsi,3,2,1.66,2.76,1.66,2.76,11.0,22.0,0.69,1.2
RomaniaLigaI,2425,2024-12-23,Politehnica Iași,FCSB,0,2,0.57,3.08,0.57,3.08,8.0,22.0,0.18,1.36
RomaniaLigaI,2425,2024-12-23,UTA Arad,Botoșani,2,0,1.97,1.75,1.97,1.75,14.0,13.0,0.44,0.8
RomaniaLigaI,2425,2024-12-22,CFR Cluj,Oţelul,3,2,1.59,1.89,1.59,1.13,12.0,12.0,0.68,1.02
RomaniaLigaI,2425,2024-12-22,Dinamo Bucureşti,Rapid Bucureşti,0,0,0.7,0.91,0.7,0.91,11.0,11.0,0.57,0.2
RomaniaLigaI,2425,2024-12-22,Petrolul 52,Unirea Slobozia,2,1,3.14,0.58,3.14,0.58,20.0,7.0,0.65,0.13
RomaniaLigaI,2425,2024-12-21,Gloria Buzău,Universitatea Craiova,0,2,0.76,1.76,0.76,1.76,10.0,8.0,0.57,0.87
RomaniaLigaI,2425,2024-12-21,Hermannstadt,FCV Farul Constanţa,0,0,0.91,0.43,0.91,0.43,12.0,10.0,0.48,0.41
RomaniaLigaI,2425,2024-12-20,Sepsi,Universitatea Cluj,0,0,0.14,2.93,0.14,2.93,3.0,26.0,0.12,1.49
RomaniaLigaI,2425,2024-12-16,Rapid Bucureşti,Gloria Buzău,2,0,3.0,0.68,2.24,0.68,14.0,10.0,0.75,0.29
RomaniaLigaI,2425,2024-12-15,FCV Farul Constanţa,FCSB,1,1,1.68,2.73,1.68,1.97,18.0,21.0,0.87,1.27
RomaniaLigaI,2425,2024-12-15,Unirea Slobozia,CFR Cluj,1,1,1.18,2.11,0.42,1.35,7.0,14.0,0.38,1.42
RomaniaLigaI,2425,2024-12-14,Oţelul,UTA Arad,1,1,2.72,1.13,2.72,1.13,20.0,9.0,0.67,0.53
RomaniaLigaI,2425,2024-12-14,Universitatea Cluj,Petrolul 52,4,1,2.54,0.51,2.54,0.51,20.0,7.0,0.62,0.23
RomaniaLigaI,2425,2024-12-14,Universitatea Craiova,Sepsi,2,1,2.0,1.3,2.0,1.3,15.0,8.0,0.87,0.77
RomaniaLigaI,2425,2024-12-13,Botoșani,Hermannstadt,1,2,0.97,1.76,0.97,1.76,11.0,10.0,0.88,0.71
RomaniaLigaI,2425,2024-12-13,Dinamo Bucureşti,Politehnica Iași,2,0,1.59,0.8,1.59,0.8,17.0,9.0,0.6,0.52
RomaniaLigaI,2425,2024-12-09,Hermannstadt,Oţelul,1,0,2.64,1.92,1.88,1.92,13.0,13.0,0.53,0.9
RomaniaLigaI,2425,2024-12-09,Universitatea Cluj,CFR Cluj,3,2,1.24,1.81,1.24,1.05,10.0,6.0,0.52,0.6
RomaniaLigaI,2425,2024-12-08,FCSB,Botoșani,2,1,2.87,0.46,2.87,0.46,18.0,4.0,1.11,0.67
RomaniaLigaI,2425,2024-12-08,Politehnica Iași,FCV Farul Constanţa,2,2,1.8,1.6,1.8,1.6,18.0,12.0,0.45,0.7
RomaniaLigaI,2425,2024-12-08,UTA Arad,Unirea Slobozia,3,4,3.26,2.13,3.26,2.13,18.0,17.0,1.41,0.78
RomaniaLigaI,2425,2024-12-07,Gloria Buzău,Dinamo Bucureşti,0,1,2.93,1.1,2.93,1.1,20.0,8.0,1.36,0.31
RomaniaLigaI,2425,2024-12-07,Petrolul 52,Universitatea Craiova,1,1,0.61,3.07,0.61,3.07,4.0,19.0,0.1,0.99
RomaniaLigaI,2425,2024-12-06,Sepsi,Rapid Bucureşti,2,0,2.65,2.12,1.89,2.12,13.0,15.0,0.91,0.56
RomaniaLigaI,2425,2024-12-02,Oţelul,FCSB,1,4,1.97,4.58,1.21,3.82,13.0,19.0,0.58,0.72
RomaniaLigaI,2425,2024-12-02,Universitatea Cluj,UTA Arad,0,1,3.58,0.82,3.58,0.82,26.0,9.0,1.46,0.3
RomaniaLigaI,2425,2024-12-01,Universitatea Craiova,CFR Cluj,0,2,0.52,1.65,0.52,1.65,13.0,9.0,0.42,0.73
RomaniaLigaI,2425,2024-11-30,Dinamo Bucureşti,Sepsi,1,1,1.0,1.58,1.0,0.82,11.0,8.0,0.76,0.34
RomaniaLigaI,2425,2024-11-30,Gloria Buzău,Politehnica Iași,2,0,2.03,1.25,1.27,1.25,11.0,10.0,0.3,0.6
RomaniaLigaI,2425,2024-11-30,Unirea Slobozia,Hermannstadt,1,2,1.02,1.74,1.02,1.74,12.0,10.0,0.62,0.8
RomaniaLigaI,2425,2024-11-29,Botoșani,FCV Farul Constanţa,0,0,3.07,2.29,3.07,2.29,24.0,16.0,1.08,0.84
RomaniaLigaI,2425,2024-11-29,Rapid Bucureşti,Petrolul 52,1,1,0.98,1.51,0.98,1.51,11.0,13.0,0.48,1.0
RomaniaLigaI,2425,2024-11-25,Botoșani,Politehnica Iași,1,1,1.77,0.69,1.77,0.69,10.0,15.0,0.57,0.57
RomaniaLigaI,2425,2024-11-25,UTA Arad,Universitatea Craiova,1,2,1.1,2.68,1.1,1.92,17.0,13.0,0.68,0.98
RomaniaLigaI,2425,2024-11-24,FCSB,Unirea Slobozia,3,0,1.87,0.57,1.87,0.57,16.0,6.0,0.55,0.44
RomaniaLigaI,2425,2024-11-24,Petrolul 52,Dinamo Bucureşti,0,1,1.3,2.61,1.3,2.61,11.0,16.0,0.69,1.2
RomaniaLigaI,2425,2024-11-23,CFR Cluj,Rapid Bucureşti,1,1,1.07,1.29,1.07,1.29,14.0,12.0,0.59,0.31
RomaniaLigaI,2425,2024-11-23,Hermannstadt,Universitatea Cluj,2,1,2.28,2.71,1.52,2.71,7.0,18.0,0.57,1.02
RomaniaLigaI,2425,2024-11-22,FCV Farul Constanţa,Oţelul,0,1,0.55,2.46,0.55,2.46,9.0,19.0,0.49,0.49
RomaniaLigaI,2425,2024-11-22,Sepsi,Gloria Buzău,2,0,1.24,0.96,0.48,0.96,9.0,14.0,0.52,0.5
RomaniaLigaI,2425,2024-11-21,Botoșani,FCSB,1,0,1.22,2.52,1.22,2.52,13.0,18.0,0.52,1.25
RomaniaLigaI,2425,2024-11-11,Gloria Buzău,Petrolul 52,0,1,0.97,1.14,0.97,1.14,11.0,9.0,0.41,0.5
RomaniaLigaI,2425,2024-11-11,Oţelul,CFR Cluj,0,1,1.36,0.14,1.36,0.14,12.0,4.0,0.73,0.23
RomaniaLigaI,2425,2024-11-10,Unirea Slobozia,FCV Farul Constanţa,0,1,2.02,1.09,2.02,1.09,22.0,15.0,1.33,0.4
RomaniaLigaI,2425,2024-11-10,Universitatea Cluj,FCSB,1,2,0.62,1.17,0.62,1.17,10.0,9.0,0.52,0.53
RomaniaLigaI,2425,2024-11-09,Politehnica Iași,Sepsi,1,2,1.37,1.19,1.37,1.19,15.0,6.0,0.88,0.41
RomaniaLigaI,2425,2024-11-09,Rapid Bucureşti,UTA Arad,2,0,2.95,0.52,2.19,0.52,19.0,13.0,0.62,0.35
RomaniaLigaI,2425,2024-11-09,Universitatea Craiova,Hermannstadt,3,1,2.24,1.13,1.48,1.13,13.0,7.0,0.79,0.99
RomaniaLigaI,2425,2024-11-08,Dinamo Bucureşti,CFR Cluj,1,1,1.21,1.27,1.21,1.27,12.0,6.0,0.57,0.41
RomaniaLigaI,2425,2024-11-08,Oţelul,Botoșani,0,0,0.62,0.51,0.62,0.51,10.0,5.0,0.58,0.52
RomaniaLigaI,2425,2024-11-04,Rapid Bucureşti,Hermannstadt,1,0,1.06,1.12,1.06,1.12,9.0,15.0,0.67,0.37
RomaniaLigaI,2425,2024-11-04,Unirea Slobozia,Botoșani,1,0,0.93,1.99,0.93,1.99,13.0,22.0,0.41,0.48
RomaniaLigaI,2425,2024-11-03,Politehnica Iași,Oţelul,2,1,0.81,2.57,0.81,2.57,19.0,12.0,0.5,0.52
RomaniaLigaI,2425,2024-11-03,Universitatea Cluj,FCV Farul Constanţa,1,1,2.35,0.78,2.35,0.78,20.0,10.0,1.0,0.29
RomaniaLigaI,2425,2024-11-03,Universitatea Craiova,FCSB,1,1,2.21,1.68,1.45,1.68,15.0,15.0,0.59,0.61
RomaniaLigaI,2425,2024-11-02,Dinamo Bucureşti,UTA Arad,1,0,1.12,1.71,1.12,1.71,11.0,12.0,0.36,0.99
RomaniaLigaI,2425,2024-11-02,Sepsi,Petrolul 52,1,1,1.22,2.13,1.22,2.13,8.0,16.0,0.54,1.35
RomaniaLigaI,2425,2024-11-01,Gloria Buzău,CFR Cluj,0,1,0.74,0.8,0.74,0.8,9.0,7.0,0.4,0.26
RomaniaLigaI,2425,2024-10-28,Botoșani,Universitatea Cluj,1,2,0.37,1.88,0.37,1.88,8.0,17.0,0.44,0.88
RomaniaLigaI,2425,2024-10-28,FCV Farul Constanţa,Universitatea Craiova,3,2,0.75,3.14,0.75,1.62,8.0,28.0,0.29,1.12
RomaniaLigaI,2425,2024-10-27,FCSB,Rapid Bucureşti,0,0,1.8,1.44,1.8,1.44,22.0,9.0,0.86,0.6
RomaniaLigaI,2425,2024-10-27,Oţelul,Unirea Slobozia,0,2,0.73,2.68,0.73,1.92,10.0,10.0,0.76,0.88
RomaniaLigaI,2425,2024-10-26,Hermannstadt,Dinamo Bucureşti,0,2,0.94,1.64,0.94,0.88,11.0,13.0,0.62,0.4
RomaniaLigaI,2425,2024-10-26,Petrolul 52,Politehnica Iași,3,1,2.79,0.18,2.79,0.18,21.0,4.0,0.79,0.09
RomaniaLigaI,2425,2024-10-26,UTA Arad,Gloria Buzău,1,0,1.2,1.06,1.2,1.06,13.0,9.0,0.5,0.8
RomaniaLigaI,2425,2024-10-25,CFR Cluj,Sepsi,3,3,2.42,0.51,2.42,0.51,21.0,5.0,0.96,0.25
RomaniaLigaI,2425,2024-10-21,Politehnica Iași,Unirea Slobozia,1,0,0.61,1.64,0.61,0.88,12.0,9.0,0.44,0.58
RomaniaLigaI,2425,2024-10-21,Rapid Bucureşti,FCV Farul Constanţa,5,0,1.94,0.7,1.94,0.7,16.0,9.0,0.35,0.29
RomaniaLigaI,2425,2024-10-20,Dinamo Bucureşti,FCSB,0,2,0.51,1.21,0.51,1.21,8.0,15.0,0.25,0.5
RomaniaLigaI,2425,2024-10-20,Universitatea Craiova,Botoșani,0,0,2.11,0.95,2.11,0.95,17.0,9.0,0.91,0.22
RomaniaLigaI,2425,2024-10-19,Petrolul 52,CFR Cluj,0,0,0.88,0.37,0.88,0.37,6.0,7.0,0.47,0.37
RomaniaLigaI,2425,2024-10-19,Sepsi,UTA Arad,1,0,1.79,0.78,1.79,0.78,14.0,13.0,0.54,0.62
RomaniaLigaI,2425,2024-10-18,Gloria Buzău,Hermannstadt,3,0,3.28,0.75,2.52,0.75,19.0,12.0,0.71,0.38
RomaniaLigaI,2425,2024-10-18,Universitatea Cluj,Oţelul,2,0,2.25,0.89,1.49,0.89,7.0,8.0,0.27,0.5
RomaniaLigaI,2425,2024-10-06,Botoșani,Rapid Bucureşti,2,0,2.14,1.1,2.14,1.1,18.0,14.0,0.53,0.76
RomaniaLigaI,2425,2024-10-06,FCSB,Gloria Buzău,3,2,2.83,0.35,2.83,0.35,26.0,7.0,1.53,0.16
RomaniaLigaI,2425,2024-10-06,Hermannstadt,Sepsi,0,4,0.53,3.51,0.53,2.75,8.0,13.0,0.32,0.88
RomaniaLigaI,2425,2024-10-05,CFR Cluj,Politehnica Iași,2,1,1.0,1.92,1.0,1.16,9.0,18.0,0.34,0.78
RomaniaLigaI,2425,2024-10-05,Oţelul,Universitatea Craiova,1,1,1.47,0.64,1.47,0.64,11.0,8.0,0.69,0.19
RomaniaLigaI,2425,2024-10-05,Unirea Slobozia,Universitatea Cluj,2,2,1.07,2.18,1.07,2.18,10.0,16.0,0.41,1.3
RomaniaLigaI,2425,2024-10-04,FCV Farul Constanţa,Dinamo Bucureşti,1,1,1.48,0.87,1.48,0.87,21.0,6.0,1.16,0.53
RomaniaLigaI,2425,2024-10-04,UTA Arad,Petrolul 52,3,1,1.31,1.85,1.31,1.85,9.0,16.0,0.55,1.04
RomaniaLigaI,2425,2024-09-30,Universitatea Craiova,Unirea Slobozia,3,0,2.36,0.42,2.36,0.42,18.0,7.0,0.96,0.56
RomaniaLigaI,2425,2024-09-29,Gloria Buzău,FCV Farul Constanţa,1,0,1.01,1.03,1.01,1.03,12.0,12.0,0.32,0.84
RomaniaLigaI,2425,2024-09-29,Sepsi,FCSB,0,1,1.71,0.69,1.71,0.69,15.0,9.0,1.02,0.34
RomaniaLigaI,2425,2024-09-28,CFR Cluj,UTA Arad,1,3,2.61,0.92,2.61,0.92,22.0,10.0,1.21,0.39
RomaniaLigaI,2425,2024-09-28,Politehnica Iași,Universitatea Cluj,1,0,0.64,0.58,0.64,0.58,9.0,8.0,0.16,0.67
RomaniaLigaI,2425,2024-09-28,Rapid Bucureşti,Oţelul,0,0,1.23,2.36,1.23,2.36,11.0,19.0,0.45,0.53
RomaniaLigaI,2425,2024-09-27,Dinamo Bucureşti,Botoșani,2,2,1.68,1.69,1.68,0.93,12.0,12.0,0.67,0.4
RomaniaLigaI,2425,2024-09-27,Petrolul 52,Hermannstadt,4,1,1.86,1.58,1.86,1.58,18.0,13.0,0.34,0.79
RomaniaLigaI,2425,2024-09-23,UTA Arad,Politehnica Iași,0,0,1.72,1.14,1.72,1.14,19.0,16.0,0.88,0.52
RomaniaLigaI,2425,2024-09-23,Unirea Slobozia,Rapid Bucureşti,1,2,0.63,1.52,0.63,1.52,6.0,20.0,0.57,0.77
RomaniaLigaI,2425,2024-09-22,FCV Farul Constanţa,Sepsi,2,1,1.87,1.81,0.35,1.81,9.0,19.0,0.63,0.74
RomaniaLigaI,2425,2024-09-22,Universitatea Cluj,Universitatea Craiova,1,1,0.87,0.81,0.87,0.81,12.0,8.0,0.44,0.54
RomaniaLigaI,2425,2024-09-21,FCSB,Petrolul 52,1,1,0.55,1.06,0.55,1.06,9.0,13.0,0.33,0.77
RomaniaLigaI,2425,2024-09-21,Hermannstadt,CFR Cluj,0,0,0.29,1.88,0.29,1.88,3.0,21.0,0.34,1.17
RomaniaLigaI,2425,2024-09-20,Botoșani,Gloria Buzău,3,3,2.15,0.91,2.15,0.91,22.0,10.0,1.18,0.25
RomaniaLigaI,2425,2024-09-20,Oţelul,Dinamo Bucureşti,1,1,1.64,1.49,1.64,0.73,17.0,8.0,1.11,0.21
RomaniaLigaI,2425,2024-09-16,Rapid Bucureşti,Universitatea Cluj,0,2,1.91,1.86,1.91,1.1,14.0,9.0,0.64,0.32
RomaniaLigaI,2425,2024-09-16,UTA Arad,Hermannstadt,1,1,1.47,1.76,0.71,1.76,15.0,17.0,0.47,0.91
RomaniaLigaI,2425,2024-09-15,CFR Cluj,FCSB,2,2,1.54,1.93,1.54,1.93,8.0,13.0,0.86,0.36
RomaniaLigaI,2425,2024-09-15,Politehnica Iași,Universitatea Craiova,2,0,2.75,4.37,2.75,3.61,16.0,21.0,0.57,1.18
RomaniaLigaI,2425,2024-09-14,Gloria Buzău,Oţelul,0,0,0.57,0.45,0.57,0.45,9.0,6.0,0.31,0.28
RomaniaLigaI,2425,2024-09-14,Petrolul 52,FCV Farul Constanţa,1,1,1.63,0.86,1.63,0.86,12.0,7.0,0.69,0.37
RomaniaLigaI,2425,2024-09-13,Dinamo Bucureşti,Unirea Slobozia,1,0,0.79,1.21,0.79,1.21,10.0,14.0,0.89,0.8
RomaniaLigaI,2425,2024-09-13,Sepsi,Botoșani,3,0,2.34,1.36,1.58,1.36,14.0,14.0,0.87,0.6
RomaniaLigaI,2425,2024-09-02,Unirea Slobozia,Gloria Buzău,2,1,1.86,1.46,1.1,1.46,12.0,12.0,0.8,0.53
RomaniaLigaI,2425,2024-09-02,Universitatea Cluj,Dinamo Bucureşti,1,0,0.39,1.03,0.39,1.03,6.0,12.0,0.26,0.36
RomaniaLigaI,2425,2024-09-01,Botoșani,Petrolul 52,0,2,1.45,1.63,1.45,1.63,19.0,13.0,0.73,0.84
RomaniaLigaI,2425,2024-09-01,FCSB,UTA Arad,2,0,2.71,0.8,1.95,0.8,20.0,9.0,0.6,0.54
RomaniaLigaI,2425,2024-09-01,FCV Farul Constanţa,CFR Cluj,0,3,1.1,1.42,1.1,1.42,11.0,14.0,0.84,0.36
RomaniaLigaI,2425,2024-08-31,Hermannstadt,Politehnica Iași,6,2,3.46,1.54,3.46,1.54,15.0,19.0,0.93,1.13
RomaniaLigaI,2425,2024-08-31,Universitatea Craiova,Rapid Bucureşti,1,1,2.19,0.34,1.43,0.34,13.0,3.0,1.16,0.15
RomaniaLigaI,2425,2024-08-30,Oţelul,Sepsi,2,0,2.59,1.06,2.59,1.06,12.0,13.0,0.67,0.33
RomaniaLigaI,2425,2024-08-26,Gloria Buzău,Universitatea Cluj,0,2,0.17,1.66,0.17,0.9,9.0,14.0,0.27,0.74
RomaniaLigaI,2425,2024-08-26,UTA Arad,FCV Farul Constanţa,1,1,1.02,0.81,1.02,0.81,8.0,15.0,0.31,0.72
RomaniaLigaI,2425,2024-08-25,CFR Cluj,Botoșani,3,0,2.42,0.07,2.42,0.07,21.0,3.0,0.95,0.38
RomaniaLigaI,2425,2024-08-25,Hermannstadt,FCSB,2,0,1.9,1.69,1.9,1.69,12.0,16.0,0.57,0.72
RomaniaLigaI,2425,2024-08-24,Dinamo Bucureşti,Universitatea Craiova,2,1,0.63,1.6,0.63,1.6,7.0,10.0,0.24,1.0
RomaniaLigaI,2425,2024-08-24,Sepsi,Unirea Slobozia,0,1,1.2,1.49,1.2,0.73,12.0,13.0,1.35,0.31
RomaniaLigaI,2425,2024-08-23,Petrolul 52,Oţelul,0,0,0.69,0.85,0.69,0.85,8.0,10.0,0.45,0.39
RomaniaLigaI,2425,2024-08-23,Politehnica Iași,Rapid Bucureşti,1,2,1.27,2.02,1.27,2.02,16.0,14.0,0.73,0.74
RomaniaLigaI,2425,2024-08-19,FCV Farul Constanţa,Hermannstadt,3,2,1.59,1.56,1.59,1.56,18.0,15.0,1.05,0.9
RomaniaLigaI,2425,2024-08-19,Universitatea Cluj,Sepsi,3,0,2.22,0.84,2.22,0.84,15.0,13.0,0.57,0.52
RomaniaLigaI,2425,2024-08-18,Rapid Bucureşti,Dinamo Bucureşti,1,1,1.99,2.07,1.23,1.31,9.0,13.0,0.32,0.43
RomaniaLigaI,2425,2024-08-17,Botoșani,UTA Arad,1,0,2.59,0.9,2.59,0.9,21.0,11.0,0.48,0.54
RomaniaLigaI,2425,2024-08-17,FCSB,Politehnica Iași,0,1,1.05,1.21,1.05,1.21,13.0,15.0,0.68,0.18
RomaniaLigaI,2425,2024-08-16,Unirea Slobozia,Petrolul 52,1,2,2.45,1.71,2.45,1.71,14.0,16.0,0.56,0.78
RomaniaLigaI,2425,2024-08-16,Universitatea Craiova,Gloria Buzău,5,1,4.5,0.53,4.5,0.53,25.0,9.0,1.48,0.48
RomaniaLigaI,2425,2024-08-12,Petrolul 52,Universitatea Cluj,0,0,0.76,0.92,0.76,0.92,8.0,6.0,0.58,0.35
RomaniaLigaI,2425,2024-08-12,Politehnica Iași,Dinamo Bucureşti,2,2,1.53,2.17,1.53,1.41,15.0,15.0,0.37,0.43
RomaniaLigaI,2425,2024-08-11,CFR Cluj,Unirea Slobozia,3,0,1.67,0.27,1.67,0.27,16.0,5.0,0.67,0.22
RomaniaLigaI,2425,2024-08-11,Sepsi,Universitatea Craiova,1,2,3.42,1.3,3.42,1.3,23.0,6.0,1.53,0.3
RomaniaLigaI,2425,2024-08-10,Gloria Buzău,Rapid Bucureşti,1,1,1.18,1.9,0.42,1.9,11.0,14.0,0.27,0.82
RomaniaLigaI,2425,2024-08-10,Hermannstadt,Botoșani,2,1,1.43,0.22,0.67,0.22,8.0,10.0,0.59,0.2
RomaniaLigaI,2425,2024-08-10,UTA Arad,Oţelul,1,1,1.52,1.48,0.76,1.48,17.0,14.0,0.35,0.76
RomaniaLigaI,2425,2024-08-09,FCSB,FCV Farul Constanţa,3,2,2.89,1.57,2.13,1.57,22.0,10.0,1.33,0.59
RomaniaLigaI,2425,2024-08-05,Rapid Bucureşti,Sepsi,2,2,2.01,2.64,2.01,2.64,12.0,21.0,0.37,1.27
RomaniaLigaI,2425,2024-08-05,Unirea Slobozia,UTA Arad,0,1,1.02,0.91,1.02,0.91,11.0,9.0,0.64,0.52
RomaniaLigaI,2425,2024-08-04,CFR Cluj,Universitatea Cluj,2,3,1.58,2.93,1.58,2.17,13.0,13.0,0.8,0.71
RomaniaLigaI,2425,2024-08-04,Universitatea Craiova,Petrolul 52,0,0,1.0,1.43,1.0,1.43,10.0,13.0,0.46,0.34
RomaniaLigaI,2425,2024-08-03,FCV Farul Constanţa,Politehnica Iași,2,0,2.25,1.1,2.25,1.1,12.0,12.0,0.98,0.33
RomaniaLigaI,2425,2024-08-02,Dinamo Bucureşti,Gloria Buzău,4,1,1.81,0.98,1.81,0.98,15.0,10.0,0.27,0.51
RomaniaLigaI,2425,2024-08-02,Oţelul,Hermannstadt,1,0,2.06,0.7,2.06,0.7,15.0,11.0,1.45,0.36
RomaniaLigaI,2425,2024-07-29,Petrolul 52,Rapid Bucureşti,1,0,0.82,1.57,0.82,1.57,6.0,11.0,0.29,0.79
RomaniaLigaI,2425,2024-07-29,UTA Arad,Universitatea Cluj,0,0,0.69,0.49,0.69,0.49,11.0,10.0,0.39,0.37
RomaniaLigaI,2425,2024-07-28,CFR Cluj,Universitatea Craiova,0,2,1.12,1.17,1.12,1.17,14.0,13.0,0.51,0.35
RomaniaLigaI,2425,2024-07-28,FCV Farul Constanţa,Botoșani,0,1,1.63,0.5,1.63,0.5,20.0,8.0,1.36,0.24
RomaniaLigaI,2425,2024-07-27,Politehnica Iași,Gloria Buzău,1,2,1.74,1.76,0.98,1.76,17.0,10.0,0.87,0.87
RomaniaLigaI,2425,2024-07-27,Sepsi,Dinamo Bucureşti,1,1,0.89,1.18,0.89,1.18,9.0,7.0,0.79,0.43
RomaniaLigaI,2425,2024-07-26,FCSB,Oţelul,0,2,2.21,0.73,2.21,0.73,19.0,6.0,0.74,0.38
RomaniaLigaI,2425,2024-07-26,Hermannstadt,Unirea Slobozia,1,1,1.52,1.91,1.52,1.91,14.0,20.0,0.88,0.54
RomaniaLigaI,2425,2024-07-22,Gloria Buzău,Sepsi,1,2,1.4,2.27,1.4,2.27,10.0,13.0,0.44,0.66
RomaniaLigaI,2425,2024-07-22,Oţelul,FCV Farul Constanţa,0,0,1.92,3.11,1.92,3.11,11.0,19.0,0.56,1.03
RomaniaLigaI,2425,2024-07-21,Dinamo Bucureşti,Petrolul 52,4,1,2.26,0.72,1.5,0.72,6.0,5.0,0.38,0.25
RomaniaLigaI,2425,2024-07-21,Universitatea Cluj,Hermannstadt,3,1,2.59,0.74,1.83,0.74,15.0,6.0,0.39,0.42
RomaniaLigaI,2425,2024-07-20,Rapid Bucureşti,CFR Cluj,2,2,3.04,1.64,2.28,1.64,14.0,15.0,1.02,1.16
RomaniaLigaI,2425,2024-07-20,Universitatea Craiova,UTA Arad,4,2,2.15,1.06,2.15,1.06,20.0,6.0,0.98,0.66
RomaniaLigaI,2425,2024-07-19,Politehnica Iași,Botoșani,1,0,1.16,0.58,1.16,0.58,11.0,4.0,0.42,0.59
RomaniaLigaI,2425,2024-07-19,Unirea Slobozia,FCSB,2,2,0.8,1.66,0.8,0.9,9.0,12.0,0.31,0.66
RomaniaLigaI,2425,2024-07-15,Botoșani,Oţelul,2,3,2.14,2.58,2.14,2.58,14.0,13.0,0.62,0.93
RomaniaLigaI,2425,2024-07-15,Petrolul 52,Gloria Buzău,0,0,2.56,0.46,1.8,0.46,15.0,5.0,0.8,0.24
RomaniaLigaI,2425,2024-07-14,CFR Cluj,Dinamo Bucureşti,3,2,3.51,1.73,2.75,1.73,17.0,7.0,1.29,0.58
RomaniaLigaI,2425,2024-07-13,FCSB,Universitatea Cluj,1,1,1.41,1.08,1.41,0.32,20.0,4.0,0.43,0.34
RomaniaLigaI,2425,2024-07-13,Sepsi,Politehnica Iași,1,0,1.89,1.7,1.89,1.7,14.0,18.0,0.57,0.32
RomaniaLigaI,2425,2024-07-13,UTA Arad,Rapid Bucureşti,1,1,1.34,1.18,1.34,1.18,16.0,16.0,0.77,0.53
RomaniaLigaI,2425,2024-07-12,FCV Farul Constanţa,Unirea Slobozia,0,1,1.46,0.93,1.46,0.93,16.0,7.0,2.22,0.28
RomaniaLigaI,2425,2024-07-12,Hermannstadt,Universitatea Craiova,0,0,1.19,1.14,1.19,1.14,9.0,18.0,0.44,0.48
RomaniaLigaI,2526,2026-05-29,Dinamo Bucureşti,FCSB,1,2,1.32,1.33,1.32,1.33,22.0,12.0,0.62,1.2
RomaniaLigaI,2526,2026-05-25,Rapid Bucureşti,Universitatea Craiova,0,0,0.5,2.21,0.5,2.21,13.0,15.0,0.35,0.72
RomaniaLigaI,2526,2026-05-24,FCSB,Botoșani,4,3,5.69,2.51,4.93,1.75,25.0,14.0,1.35,0.54
RomaniaLigaI,2526,2026-05-23,Universitatea Cluj,Dinamo Bucureşti,1,1,0.22,1.31,0.22,1.31,7.0,18.0,0.14,0.37
RomaniaLigaI,2526,2026-05-22,CFR Cluj,Argeș,1,1,0.52,0.74,0.52,0.74,11.0,10.0,0.37,0.32
RomaniaLigaI,2526,2026-05-18,FCV Farul Constanţa,Metaloglobus,0,1,4.04,1.17,4.04,1.17,33.0,14.0,2.07,0.3
RomaniaLigaI,2526,2026-05-18,Petrolul 52,Oţelul Galați,1,5,1.58,2.64,1.58,2.64,15.0,17.0,0.5,0.68
RomaniaLigaI,2526,2026-05-18,Unirea Slobozia,UTA Arad,0,1,1.38,3.42,1.38,3.42,16.0,35.0,0.35,0.82
RomaniaLigaI,2526,2026-05-18,Hermannstadt,FCSB,2,0,1.68,0.47,1.68,0.47,9.0,10.0,0.8,0.25
RomaniaLigaI,2526,2026-05-17,Universitatea Craiova,Universitatea Cluj,5,0,2.88,0.53,2.88,0.53,22.0,5.0,0.86,0.51
RomaniaLigaI,2526,2026-05-16,Dinamo Bucureşti,CFR Cluj,0,0,0.59,0.89,0.59,0.89,9.0,18.0,0.44,0.36
RomaniaLigaI,2526,2026-05-16,Csikszereda,Botoșani,2,0,1.34,2.3,1.34,2.3,13.0,17.0,1.19,0.6
RomaniaLigaI,2526,2026-05-15,Argeș,Rapid Bucureşti,2,2,1.51,3.72,0.75,3.72,10.0,19.0,0.35,1.42
RomaniaLigaI,2526,2026-05-11,FCSB,Unirea Slobozia,0,0,1.37,0.07,1.37,0.07,18.0,6.0,1.23,0.23
RomaniaLigaI,2526,2026-05-11,Metaloglobus,Hermannstadt,2,2,2.55,2.18,2.55,2.18,20.0,16.0,1.25,1.38
RomaniaLigaI,2526,2026-05-10,Dinamo Bucureşti,Argeș,2,1,1.37,1.22,1.37,1.22,21.0,12.0,1.18,0.76
RomaniaLigaI,2526,2026-05-10,Botoșani,Petrolul 52,1,1,2.74,0.72,1.98,0.72,20.0,9.0,1.0,0.3
RomaniaLigaI,2526,2026-05-09,Universitatea Cluj,Rapid Bucureşti,1,0,0.73,0.61,0.73,0.61,9.0,12.0,0.31,0.93
RomaniaLigaI,2526,2026-05-09,Oţelul Galați,FCV Farul Constanţa,3,2,1.46,1.09,0.7,1.09,12.0,16.0,0.48,0.84
RomaniaLigaI,2526,2026-05-08,CFR Cluj,Universitatea Craiova,0,0,0.63,0.34,0.63,0.34,7.0,7.0,0.65,0.39
RomaniaLigaI,2526,2026-05-08,UTA Arad,Csikszereda,1,0,1.64,0.26,1.64,0.26,17.0,7.0,0.92,0.14
RomaniaLigaI,2526,2026-05-04,Rapid Bucureşti,CFR Cluj,1,2,2.66,2.6,2.66,1.84,20.0,17.0,1.46,0.98
RomaniaLigaI,2526,2026-05-04,Unirea Slobozia,Hermannstadt,2,2,2.26,2.5,0.74,1.74,9.0,22.0,0.24,1.03
RomaniaLigaI,2526,2026-05-03,Universitatea Craiova,Dinamo Bucureşti,2,1,3.37,0.72,3.37,0.72,18.0,8.0,0.77,0.32
RomaniaLigaI,2526,2026-05-03,Petrolul 52,UTA Arad,1,1,1.63,2.01,0.87,1.25,15.0,11.0,0.74,0.74
RomaniaLigaI,2526,2026-05-02,Universitatea Cluj,Argeș,1,0,2.74,0.73,1.98,0.73,16.0,7.0,0.82,0.4
RomaniaLigaI,2526,2026-05-02,FCV Farul Constanţa,Botoșani,1,1,3.44,1.0,3.44,1.0,22.0,5.0,1.64,0.16
RomaniaLigaI,2526,2026-05-02,Oţelul Galați,Metaloglobus,2,2,2.05,0.48,2.05,0.48,22.0,9.0,1.32,0.37
RomaniaLigaI,2526,2026-05-01,Csikszereda,FCSB,1,0,1.13,1.63,1.13,1.63,12.0,21.0,0.41,1.11
RomaniaLigaI,2526,2026-04-27,Argeș,Universitatea Craiova,0,1,0.82,1.35,0.82,1.35,11.0,14.0,0.61,0.56
RomaniaLigaI,2526,2026-04-27,Metaloglobus,Unirea Slobozia,1,1,1.23,2.86,1.23,2.86,14.0,16.0,0.82,0.86
RomaniaLigaI,2526,2026-04-26,Dinamo Bucureşti,Rapid Bucureşti,3,1,1.68,0.62,1.68,0.62,15.0,4.0,0.61,0.45
RomaniaLigaI,2526,2026-04-26,UTA Arad,FCV Farul Constanţa,0,0,0.54,0.53,0.54,0.53,10.0,9.0,0.58,0.34
RomaniaLigaI,2526,2026-04-25,CFR Cluj,Universitatea Cluj,1,0,1.88,1.23,1.12,1.23,15.0,12.0,0.6,0.84
RomaniaLigaI,2526,2026-04-25,Botoșani,Oţelul Galați,1,1,0.86,1.56,0.86,0.8,6.0,8.0,0.73,0.33
RomaniaLigaI,2526,2026-04-24,FCSB,Petrolul 52,3,1,4.01,1.02,3.25,1.02,21.0,7.0,1.35,0.24
RomaniaLigaI,2526,2026-04-24,Hermannstadt,Csikszereda,0,0,0.79,0.83,0.79,0.83,14.0,13.0,0.55,0.46
RomaniaLigaI,2526,2026-04-20,FCV Farul Constanţa,FCSB,2,3,1.0,2.45,1.0,2.45,6.0,22.0,0.28,1.27
RomaniaLigaI,2526,2026-04-20,Botoșani,Metaloglobus,3,2,3.45,2.29,2.69,2.29,16.0,7.0,0.8,0.72
RomaniaLigaI,2526,2026-04-19,Universitatea Craiova,Rapid Bucureşti,1,0,1.18,0.95,1.18,0.95,14.0,6.0,0.52,0.38
RomaniaLigaI,2526,2026-04-19,Petrolul 52,Hermannstadt,1,1,1.12,1.08,1.12,0.32,18.0,8.0,0.55,0.59
RomaniaLigaI,2526,2026-04-18,Dinamo Bucureşti,Universitatea Cluj,2,1,0.61,0.72,0.61,0.72,10.0,11.0,0.64,0.57
RomaniaLigaI,2526,2026-04-18,Csikszereda,Unirea Slobozia,3,2,3.58,2.81,3.58,2.81,26.0,16.0,0.94,0.65
RomaniaLigaI,2526,2026-04-17,Argeș,CFR Cluj,0,1,0.7,0.65,0.7,0.65,10.0,11.0,0.52,0.64
RomaniaLigaI,2526,2026-04-17,Oţelul Galați,UTA Arad,1,0,3.15,0.71,2.39,0.71,17.0,11.0,0.9,0.45
RomaniaLigaI,2526,2026-04-13,Universitatea Cluj,Universitatea Craiova,4,0,2.14,1.4,2.14,1.4,9.0,23.0,0.61,0.52
RomaniaLigaI,2526,2026-04-13,Rapid Bucureşti,Argeș,0,0,0.34,0.3,0.34,0.3,12.0,6.0,0.59,0.11
RomaniaLigaI,2526,2026-04-13,Metaloglobus,Csikszereda,0,1,1.5,1.29,1.5,0.53,12.0,8.0,0.87,0.41
RomaniaLigaI,2526,2026-04-12,CFR Cluj,Dinamo Bucureşti,1,1,1.88,2.46,1.88,2.46,14.0,15.0,0.76,0.83
RomaniaLigaI,2526,2026-04-12,Unirea Slobozia,Petrolul 52,1,2,0.58,2.64,0.58,2.64,6.0,22.0,0.76,1.15
RomaniaLigaI,2526,2026-04-11,FCSB,Oţelul Galați,4,0,1.66,0.29,0.9,0.29,10.0,8.0,0.33,0.14
RomaniaLigaI,2526,2026-04-11,UTA Arad,Botoșani,3,1,2.36,1.68,2.36,0.92,10.0,15.0,0.67,0.53
RomaniaLigaI,2526,2026-04-10,Hermannstadt,FCV Farul Constanţa,1,0,2.47,1.44,2.47,1.44,19.0,15.0,1.11,0.96
RomaniaLigaI,2526,2026-04-06,Universitatea Craiova,CFR Cluj,2,0,0.71,0.84,0.71,0.84,9.0,10.0,0.38,0.59
RomaniaLigaI,2526,2026-04-06,Petrolul 52,Csikszereda,2,0,1.81,0.63,1.81,0.63,16.0,9.0,0.45,0.68
RomaniaLigaI,2526,2026-04-05,Rapid Bucureşti,Universitatea Cluj,1,2,0.88,2.12,0.88,2.12,13.0,18.0,0.47,1.16
RomaniaLigaI,2526,2026-04-05,FCV Farul Constanţa,Unirea Slobozia,0,1,2.52,0.43,2.52,0.43,26.0,8.0,1.25,0.34
RomaniaLigaI,2526,2026-04-05,UTA Arad,Metaloglobus,5,1,3.62,0.84,2.86,0.84,23.0,5.0,1.25,0.16
RomaniaLigaI,2526,2026-04-04,Argeș,Dinamo Bucureşti,1,1,2.06,2.58,1.3,2.58,12.0,16.0,1.05,0.61
RomaniaLigaI,2526,2026-04-04,Oţelul Galați,Hermannstadt,2,0,1.42,1.26,1.42,1.26,15.0,11.0,0.37,0.83
RomaniaLigaI,2526,2026-04-03,Botoșani,FCSB,3,2,2.8,0.93,2.8,0.17,20.0,6.0,0.55,0.4
RomaniaLigaI,2526,2026-03-23,Unirea Slobozia,Oţelul Galați,2,1,1.39,1.16,0.63,1.16,11.0,11.0,0.16,0.62
RomaniaLigaI,2526,2026-03-22,Hermannstadt,Botoșani,3,0,3.63,0.58,3.63,0.58,24.0,5.0,1.46,0.48
RomaniaLigaI,2526,2026-03-21,Argeș,Universitatea Cluj,0,1,0.32,1.32,0.32,1.32,8.0,8.0,0.25,0.18
RomaniaLigaI,2526,2026-03-21,Csikszereda,FCV Farul Constanţa,1,1,1.38,1.96,1.38,1.96,17.0,13.0,1.19,0.91
RomaniaLigaI,2526,2026-03-21,Metaloglobus,Petrolul 52,1,0,1.76,1.04,1.0,1.04,12.0,12.0,0.36,1.18
RomaniaLigaI,2526,2026-03-20,CFR Cluj,Rapid Bucureşti,1,0,3.59,1.03,3.59,1.03,18.0,11.0,0.47,0.74
RomaniaLigaI,2526,2026-03-20,FCSB,UTA Arad,1,0,1.79,1.01,1.79,1.01,13.0,10.0,1.36,0.28
RomaniaLigaI,2526,2026-03-19,Dinamo Bucureşti,Universitatea Craiova,0,1,0.77,0.98,0.77,0.98,8.0,8.0,1.15,0.12
RomaniaLigaI,2526,2026-03-15,FCSB,Metaloglobus,0,0,2.96,0.16,2.96,0.16,27.0,4.0,1.98,0.29
RomaniaLigaI,2526,2026-03-15,FCV Farul Constanţa,Petrolul 52,2,0,0.83,1.35,0.83,1.35,9.0,17.0,0.25,1.06
RomaniaLigaI,2526,2026-03-14,Rapid Bucureşti,Dinamo Bucureşti,3,2,1.35,1.04,1.35,0.28,12.0,5.0,0.72,0.24
RomaniaLigaI,2526,2026-03-14,Oţelul Galați,Csikszereda,2,3,2.93,2.04,2.17,2.04,21.0,8.0,0.72,0.47
RomaniaLigaI,2526,2026-03-16,Universitatea Cluj,CFR Cluj,2,1,1.57,1.05,1.57,1.05,12.0,14.0,0.76,0.53
RomaniaLigaI,2526,2026-03-16,Botoșani,Unirea Slobozia,3,2,1.14,1.31,1.14,1.31,12.0,7.0,0.47,0.33
RomaniaLigaI,2526,2026-03-13,Universitatea Craiova,Argeș,0,1,0.61,0.26,0.61,0.26,12.0,5.0,0.88,0.16
RomaniaLigaI,2526,2026-03-13,UTA Arad,Hermannstadt,3,2,0.78,2.66,0.78,1.9,9.0,14.0,0.33,0.82
RomaniaLigaI,2526,2026-03-09,CFR Cluj,Dinamo Bucureşti,2,0,0.74,2.1,0.74,1.34,12.0,13.0,0.3,0.92
RomaniaLigaI,2526,2026-03-08,Rapid Bucureşti,Universitatea Craiova,1,1,0.85,0.61,0.85,0.61,12.0,13.0,0.33,0.47
RomaniaLigaI,2526,2026-03-08,Argeș,Unirea Slobozia,0,0,1.09,0.31,1.09,0.31,11.0,7.0,1.02,0.22
RomaniaLigaI,2526,2026-03-08,Oţelul Galați,Hermannstadt,0,2,0.22,2.27,0.22,2.27,3.0,16.0,0.46,0.83
RomaniaLigaI,2526,2026-03-07,FCSB,Universitatea Cluj,1,3,0.7,2.13,0.7,2.13,11.0,10.0,1.02,0.61
RomaniaLigaI,2526,2026-03-07,Botoșani,Petrolul 52,0,1,1.22,0.85,1.22,0.85,16.0,7.0,0.8,0.61
RomaniaLigaI,2526,2026-03-07,Metaloglobus,UTA Arad,2,2,1.65,2.73,1.65,2.73,10.0,19.0,1.06,1.34
RomaniaLigaI,2526,2026-03-06,Csikszereda,FCV Farul Constanţa,1,0,2.46,0.64,1.7,0.64,9.0,4.0,0.71,0.82
RomaniaLigaI,2526,2026-03-02,Unirea Slobozia,Rapid Bucureşti,1,2,1.06,2.77,1.06,2.77,8.0,22.0,0.36,0.92
RomaniaLigaI,2526,2026-03-01,UTA Arad,FCSB,2,4,1.28,3.45,1.28,3.45,8.0,23.0,0.37,1.52
RomaniaLigaI,2526,2026-03-01,Dinamo Bucureşti,Argeș,0,1,1.5,1.04,1.5,1.04,11.0,10.0,0.44,0.21
RomaniaLigaI,2526,2026-03-01,Petrolul 52,Csikszereda,1,1,1.03,1.08,1.03,0.32,13.0,6.0,0.88,0.58
RomaniaLigaI,2526,2026-02-28,FCV Farul Constanţa,CFR Cluj,1,2,0.4,0.63,0.4,0.63,10.0,12.0,0.54,0.26
RomaniaLigaI,2526,2026-02-28,Universitatea Craiova,Metaloglobus,2,1,1.28,0.29,1.28,0.29,14.0,3.0,0.68,0.23
RomaniaLigaI,2526,2026-02-27,Universitatea Cluj,Oţelul Galați,4,0,3.03,0.92,3.03,0.92,19.0,10.0,0.7,0.33
RomaniaLigaI,2526,2026-02-27,Hermannstadt,Botoșani,3,1,3.01,1.2,3.01,1.2,11.0,12.0,0.79,0.44
RomaniaLigaI,2526,2026-02-23,FCSB,Metaloglobus,4,1,7.04,0.32,7.04,0.32,29.0,9.0,2.11,0.31
RomaniaLigaI,2526,2026-02-23,Csikszereda,Hermannstadt,2,1,1.02,1.41,1.02,1.41,13.0,12.0,0.57,0.64
RomaniaLigaI,2526,2026-02-22,Unirea Slobozia,Universitatea Craiova,0,3,0.11,2.6,0.11,2.6,4.0,17.0,0.24,0.8
RomaniaLigaI,2526,2026-02-22,Argeș,FCV Farul Constanţa,1,0,1.43,0.64,1.43,0.64,13.0,4.0,0.66,0.88
RomaniaLigaI,2526,2026-02-21,Rapid Bucureşti,Dinamo Bucureşti,2,1,1.47,1.03,1.47,1.03,10.0,13.0,-0.07,0.36
RomaniaLigaI,2526,2026-02-21,CFR Cluj,Petrolul 52,2,1,1.95,0.89,1.95,0.89,26.0,9.0,1.18,0.57
RomaniaLigaI,2526,2026-02-20,Botoșani,Universitatea Cluj,1,3,2.11,1.8,2.11,1.8,20.0,10.0,1.17,0.55
RomaniaLigaI,2526,2026-02-20,Oţelul Galați,UTA Arad,2,2,2.21,1.01,1.45,1.01,18.0,14.0,0.85,0.46
RomaniaLigaI,2526,2026-02-16,Dinamo Bucureşti,Unirea Slobozia,1,0,5.12,1.08,5.12,1.08,31.0,7.0,1.07,0.42
RomaniaLigaI,2526,2026-02-16,Hermannstadt,CFR Cluj,0,1,2.61,2.05,1.85,1.29,12.0,15.0,0.53,0.61
RomaniaLigaI,2526,2026-02-15,Universitatea Craiova,FCSB,1,0,1.08,1.24,1.08,1.24,11.0,13.0,0.64,0.82
RomaniaLigaI,2526,2026-02-15,FCV Farul Constanţa,Rapid Bucureşti,3,1,2.49,1.91,1.73,1.91,13.0,14.0,0.44,0.88
RomaniaLigaI,2526,2026-02-15,UTA Arad,Botoșani,2,1,3.16,1.05,2.4,1.05,18.0,19.0,1.12,0.71
RomaniaLigaI,2526,2026-02-14,Universitatea Cluj,Csikszereda,4,1,3.19,2.36,2.43,1.6,12.0,14.0,0.74,0.76
RomaniaLigaI,2526,2026-02-14,Metaloglobus,Oţelul Galați,0,1,0.71,1.82,0.71,1.06,8.0,16.0,0.62,0.61
RomaniaLigaI,2526,2026-02-13,Petrolul 52,Argeș,2,1,1.3,1.06,1.3,1.06,15.0,8.0,0.87,0.29
RomaniaLigaI,2526,2026-02-09,Dinamo Bucureşti,Universitatea Craiova,1,1,0.45,0.6,0.45,0.6,4.0,11.0,0.34,0.8
RomaniaLigaI,2526,2026-02-08,Oţelul Galați,FCSB,1,4,1.0,4.81,1.0,4.81,10.0,25.0,0.23,1.46
RomaniaLigaI,2526,2026-02-08,Botoșani,Metaloglobus,3,0,3.49,1.13,3.49,1.13,17.0,12.0,0.85,0.4
RomaniaLigaI,2526,2026-02-07,CFR Cluj,Universitatea Cluj,3,2,1.91,2.39,1.91,2.39,12.0,20.0,0.45,0.64
RomaniaLigaI,2526,2026-02-07,Csikszereda,UTA Arad,2,0,0.25,2.75,0.25,2.75,6.0,22.0,0.3,1.44
RomaniaLigaI,2526,2026-02-07,Unirea Slobozia,FCV Farul Constanţa,2,1,3.83,0.79,3.83,0.79,19.0,10.0,1.08,0.62
RomaniaLigaI,2526,2026-02-06,Rapid Bucureşti,Petrolul 52,1,1,1.24,1.04,1.24,1.04,18.0,6.0,0.51,0.5
RomaniaLigaI,2526,2026-02-06,Argeș,Hermannstadt,3,1,1.18,0.47,1.18,0.47,14.0,5.0,0.54,0.2
RomaniaLigaI,2526,2026-02-05,FCSB,Botoșani,2,1,2.89,1.43,2.89,1.43,24.0,8.0,1.2,0.58
RomaniaLigaI,2526,2026-02-05,Universitatea Craiova,Oţelul Galați,1,0,1.66,0.11,1.66,0.11,14.0,2.0,1.0,0.19
RomaniaLigaI,2526,2026-02-04,FCV Farul Constanţa,Dinamo Bucureşti,2,3,2.02,3.07,1.26,3.07,9.0,23.0,0.43,0.84
RomaniaLigaI,2526,2026-02-04,UTA Arad,CFR Cluj,0,1,0.42,1.09,0.42,1.09,7.0,12.0,0.6,0.64
RomaniaLigaI,2526,2026-02-04,Metaloglobus,Csikszereda,0,1,0.71,1.94,0.71,1.94,17.0,15.0,0.7,0.6
RomaniaLigaI,2526,2026-02-03,Hermannstadt,Rapid Bucureşti,0,3,0.41,2.26,0.41,1.5,6.0,12.0,0.22,0.68
RomaniaLigaI,2526,2026-02-03,Universitatea Cluj,Argeș,3,1,1.85,1.52,1.85,1.52,11.0,12.0,0.49,0.94
RomaniaLigaI,2526,2026-02-03,Petrolul 52,Unirea Slobozia,1,0,2.66,0.78,2.66,0.78,28.0,8.0,1.42,0.22
RomaniaLigaI,2526,2026-02-02,Botoșani,Oţelul Galați,0,0,3.36,0.35,3.36,0.35,26.0,7.0,0.86,0.73
RomaniaLigaI,2526,2026-02-01,FCSB,Csikszereda,1,0,3.44,0.56,2.68,0.56,22.0,14.0,1.4,0.22
RomaniaLigaI,2526,2026-02-01,FCV Farul Constanţa,Universitatea Craiova,4,1,1.31,3.66,1.31,3.66,7.0,28.0,0.12,0.81
RomaniaLigaI,2526,2026-01-31,Rapid Bucureşti,Universitatea Cluj,0,2,1.06,2.71,1.06,1.95,16.0,12.0,0.72,0.45
RomaniaLigaI,2526,2026-01-31,Argeș,UTA Arad,0,1,0.47,0.81,0.47,0.81,7.0,14.0,0.43,0.69
RomaniaLigaI,2526,2026-01-31,Unirea Slobozia,Hermannstadt,2,3,2.23,2.99,2.23,2.99,11.0,18.0,0.61,0.83
RomaniaLigaI,2526,2026-01-30,Dinamo Bucureşti,Petrolul 52,1,1,2.25,1.92,2.25,1.92,21.0,7.0,1.34,0.21
RomaniaLigaI,2526,2026-01-30,CFR Cluj,Metaloglobus,4,2,4.96,0.93,4.2,0.93,24.0,9.0,1.42,0.67
RomaniaLigaI,2526,2026-01-26,UTA Arad,Rapid Bucureşti,1,2,0.88,4.64,0.88,3.88,14.0,20.0,0.38,1.2
RomaniaLigaI,2526,2026-01-26,Oţelul Galați,Csikszereda,3,0,2.86,0.71,2.1,0.71,23.0,11.0,0.86,0.45
RomaniaLigaI,2526,2026-01-25,FCSB,CFR Cluj,1,4,2.28,2.05,2.28,2.05,19.0,11.0,0.97,0.26
RomaniaLigaI,2526,2026-01-25,Petrolul 52,FCV Farul Constanţa,0,1,1.99,1.19,1.99,1.19,19.0,6.0,1.2,0.41
RomaniaLigaI,2526,2026-01-24,Universitatea Craiova,Botoșani,2,0,1.63,0.93,1.63,0.93,10.0,8.0,0.93,0.35
RomaniaLigaI,2526,2026-01-24,Universitatea Cluj,Unirea Slobozia,1,0,0.78,0.57,0.78,0.57,10.0,4.0,0.38,0.51
RomaniaLigaI,2526,2026-01-23,Hermannstadt,Dinamo Bucureşti,1,2,1.62,1.52,1.62,1.52,9.0,10.0,0.67,0.45
RomaniaLigaI,2526,2026-01-23,Metaloglobus,Argeș,0,2,0.3,1.55,0.3,1.55,4.0,14.0,0.33,0.3
RomaniaLigaI,2526,2026-01-19,Petrolul 52,Universitatea Craiova,0,4,0.67,3.51,0.67,1.99,8.0,15.0,0.58,0.86
RomaniaLigaI,2526,2026-01-18,Dinamo Bucureşti,Universitatea Cluj,1,0,3.82,1.16,3.82,1.16,25.0,10.0,1.16,0.39
RomaniaLigaI,2526,2026-01-18,CFR Cluj,Oţelul Galați,1,0,0.67,1.24,0.67,1.24,9.0,15.0,0.55,0.79
RomaniaLigaI,2526,2026-01-18,Csikszereda,Botoșani,1,0,1.42,1.64,1.42,1.64,10.0,17.0,0.22,1.04
RomaniaLigaI,2526,2026-01-17,Rapid Bucureşti,Metaloglobus,1,0,1.94,0.34,1.94,0.34,17.0,8.0,1.52,0.31
RomaniaLigaI,2526,2026-01-17,FCV Farul Constanţa,Hermannstadt,1,1,1.27,1.03,1.27,1.03,12.0,11.0,0.91,0.41
RomaniaLigaI,2526,2026-01-17,Unirea Slobozia,UTA Arad,1,3,1.71,2.04,1.71,2.04,8.0,9.0,0.64,0.43
RomaniaLigaI,2526,2026-01-16,Argeș,FCSB,1,0,0.91,1.01,0.91,1.01,7.0,11.0,0.34,0.7
RomaniaLigaI,2526,2025-12-22,Universitatea Craiova,Csikszereda,5,0,2.69,0.11,2.69,0.11,17.0,2.0,0.9,0.13
RomaniaLigaI,2526,2025-12-21,FCSB,Rapid Bucureşti,2,1,1.36,1.06,0.6,0.3,12.0,9.0,0.47,0.6
RomaniaLigaI,2526,2025-12-21,Universitatea Cluj,FCV Farul Constanţa,1,0,1.3,0.41,1.3,0.41,16.0,6.0,0.19,0.27
RomaniaLigaI,2526,2025-12-21,Hermannstadt,Petrolul 52,1,1,1.94,1.67,1.94,1.67,17.0,9.0,0.97,0.24
RomaniaLigaI,2526,2025-12-20,UTA Arad,Dinamo Bucureşti,2,0,2.42,0.57,2.42,0.57,16.0,7.0,1.03,0.56
RomaniaLigaI,2526,2025-12-20,Oţelul Galați,Argeș,2,1,1.71,1.31,1.71,1.31,23.0,12.0,1.02,0.6
RomaniaLigaI,2526,2025-12-20,Metaloglobus,Unirea Slobozia,2,3,2.92,2.73,2.16,1.97,13.0,12.0,0.93,0.4
RomaniaLigaI,2526,2025-12-19,Botoșani,CFR Cluj,0,1,1.68,0.06,1.68,0.06,17.0,2.0,0.56,0.07
RomaniaLigaI,2526,2025-12-15,Unirea Slobozia,FCSB,0,2,0.33,3.56,0.33,3.56,6.0,21.0,0.31,1.94
RomaniaLigaI,2526,2025-12-15,FCV Farul Constanţa,UTA Arad,1,1,1.69,2.39,1.69,1.63,18.0,14.0,0.67,1.1
RomaniaLigaI,2526,2025-12-14,Hermannstadt,Universitatea Craiova,0,2,0.73,1.65,0.73,1.65,9.0,11.0,0.44,0.52
RomaniaLigaI,2526,2025-12-14,Dinamo Bucureşti,Metaloglobus,4,0,4.51,0.91,4.51,0.91,18.0,13.0,0.99,0.29
RomaniaLigaI,2526,2025-12-14,Petrolul 52,Universitatea Cluj,0,1,0.51,0.34,0.51,0.34,11.0,8.0,0.66,0.46
RomaniaLigaI,2526,2025-12-13,Rapid Bucureşti,Oţelul Galați,0,2,1.08,1.35,1.08,1.35,13.0,12.0,0.77,0.66
RomaniaLigaI,2526,2025-12-13,Argeș,Botoșani,0,0,0.78,1.72,0.78,1.72,9.0,15.0,0.65,0.66
RomaniaLigaI,2526,2025-12-12,CFR Cluj,Csikszereda,3,1,2.3,0.62,1.54,0.62,15.0,8.0,0.36,0.24
RomaniaLigaI,2526,2025-12-08,Botoșani,Rapid Bucureşti,0,0,0.84,1.15,0.84,1.15,15.0,8.0,0.71,0.59
RomaniaLigaI,2526,2025-12-08,UTA Arad,Petrolul 52,1,0,1.1,0.43,1.1,0.43,16.0,7.0,1.53,0.38
RomaniaLigaI,2526,2025-12-07,Universitatea Craiova,CFR Cluj,1,1,3.07,0.62,3.07,0.62,19.0,5.0,0.88,0.18
RomaniaLigaI,2526,2025-12-07,Metaloglobus,FCV Farul Constanţa,2,1,2.25,1.8,2.25,1.8,16.0,18.0,0.65,1.1
RomaniaLigaI,2526,2025-12-07,Universitatea Cluj,Hermannstadt,3,0,1.5,0.27,1.5,0.27,11.0,7.0,0.44,0.5
RomaniaLigaI,2526,2025-12-06,FCSB,Dinamo Bucureşti,0,0,0.55,0.66,0.55,0.66,5.0,8.0,0.5,0.56
RomaniaLigaI,2526,2025-12-06,Csikszereda,Argeș,0,2,0.44,1.83,0.44,1.07,7.0,14.0,0.3,0.45
RomaniaLigaI,2526,2025-12-05,Oţelul Galați,Unirea Slobozia,3,0,2.47,0.72,2.47,0.72,13.0,10.0,1.36,0.3
RomaniaLigaI,2526,2025-12-01,Universitatea Cluj,Universitatea Craiova,0,0,0.28,1.76,0.28,1.76,4.0,18.0,0.23,0.84
RomaniaLigaI,2526,2025-12-01,Petrolul 52,Metaloglobus,4,1,2.16,1.24,2.16,1.24,17.0,11.0,0.69,0.52
RomaniaLigaI,2526,2025-11-30,FCV Farul Constanţa,FCSB,1,2,2.46,2.21,1.7,2.21,12.0,11.0,0.82,0.48
RomaniaLigaI,2526,2025-11-30,Unirea Slobozia,Botoșani,0,1,0.41,0.5,0.41,0.5,9.0,5.0,0.35,0.4
RomaniaLigaI,2526,2025-11-30,Hermannstadt,UTA Arad,1,2,0.4,1.8,0.4,1.8,7.0,16.0,0.47,0.71
RomaniaLigaI,2526,2025-11-29,Dinamo Bucureşti,Oţelul Galați,1,0,0.4,0.9,0.4,0.9,5.0,9.0,0.32,0.36
RomaniaLigaI,2526,2025-11-29,Argeș,CFR Cluj,3,0,1.55,1.77,0.79,1.77,10.0,12.0,0.39,0.63
RomaniaLigaI,2526,2025-11-28,Rapid Bucureşti,Csikszereda,4,1,3.39,1.61,3.39,0.85,17.0,14.0,1.08,0.37
RomaniaLigaI,2526,2025-11-24,Botoșani,Dinamo Bucureşti,1,1,0.96,2.26,0.96,2.26,13.0,15.0,0.71,0.57
RomaniaLigaI,2526,2025-11-24,Metaloglobus,Hermannstadt,1,1,1.46,1.57,0.7,0.81,15.0,14.0,0.26,0.25
RomaniaLigaI,2526,2025-11-23,CFR Cluj,Rapid Bucureşti,3,0,2.89,1.59,2.89,1.59,16.0,13.0,0.6,0.84
RomaniaLigaI,2526,2025-11-23,Oţelul Galați,FCV Farul Constanţa,2,2,2.48,2.2,1.72,1.44,18.0,14.0,1.32,0.38
RomaniaLigaI,2526,2025-11-22,FCSB,Petrolul 52,1,1,2.85,0.59,2.85,0.59,24.0,7.0,2.44,0.16
RomaniaLigaI,2526,2025-11-22,UTA Arad,Universitatea Cluj,0,2,1.29,1.79,1.29,1.79,15.0,16.0,1.18,0.39
RomaniaLigaI,2526,2025-11-21,Argeș,Universitatea Craiova,1,2,1.31,2.71,1.31,2.71,11.0,10.0,0.48,0.72
RomaniaLigaI,2526,2025-11-21,Csikszereda,Unirea Slobozia,2,1,1.44,2.28,1.44,2.28,15.0,17.0,0.66,0.53
RomaniaLigaI,2526,2025-11-09,Hermannstadt,FCSB,3,3,1.54,3.15,1.54,3.15,9.0,19.0,1.09,1.02
RomaniaLigaI,2526,2025-11-09,Universitatea Craiova,UTA Arad,1,2,2.49,0.3,2.49,0.3,23.0,5.0,1.36,0.08
RomaniaLigaI,2526,2025-11-09,Unirea Slobozia,CFR Cluj,0,1,0.56,0.74,0.56,0.74,11.0,10.0,0.52,0.41
RomaniaLigaI,2526,2025-11-08,Rapid Bucureşti,Argeș,2,0,0.84,1.0,0.84,1.0,8.0,10.0,0.28,0.61
RomaniaLigaI,2526,2025-11-08,Dinamo Bucureşti,Csikszereda,4,0,4.35,0.53,3.59,0.53,22.0,6.0,1.09,0.16
RomaniaLigaI,2526,2025-11-08,Petrolul 52,Oţelul Galați,0,0,1.51,1.36,1.51,1.36,14.0,14.0,0.35,0.84
RomaniaLigaI,2526,2025-11-07,FCV Farul Constanţa,Botoșani,2,0,2.2,1.14,1.44,1.14,16.0,13.0,0.63,0.37
RomaniaLigaI,2526,2025-11-07,Universitatea Cluj,Metaloglobus,3,1,2.7,0.69,2.7,0.69,14.0,8.0,0.74,0.35
RomaniaLigaI,2526,2025-11-03,Petrolul 52,Botoșani,0,0,0.85,1.55,0.85,0.79,7.0,12.0,0.47,0.78
RomaniaLigaI,2526,2025-11-03,FCV Farul Constanţa,Csikszereda,3,0,2.47,0.51,1.71,0.51,11.0,10.0,1.05,0.46
RomaniaLigaI,2526,2025-11-02,Universitatea Craiova,Rapid Bucureşti,2,2,2.9,1.14,2.14,1.14,21.0,6.0,1.52,0.33
RomaniaLigaI,2526,2025-11-02,Hermannstadt,Oţelul Galați,1,3,0.87,3.51,0.87,2.75,8.0,20.0,0.2,1.3
RomaniaLigaI,2526,2025-11-02,UTA Arad,Metaloglobus,2,0,1.59,1.1,1.59,1.1,14.0,9.0,0.6,0.45
RomaniaLigaI,2526,2025-11-01,Universitatea Cluj,FCSB,0,2,0.78,2.32,0.78,2.32,7.0,31.0,0.42,1.29
RomaniaLigaI,2526,2025-11-01,Unirea Slobozia,Argeș,0,1,0.21,1.63,0.21,1.63,9.0,10.0,0.33,0.56
RomaniaLigaI,2526,2025-10-31,Dinamo Bucureşti,CFR Cluj,2,1,2.35,1.7,2.35,1.7,15.0,12.0,0.9,0.62
RomaniaLigaI,2526,2025-10-27,Rapid Bucureşti,Unirea Slobozia,4,1,1.86,0.99,1.86,0.99,20.0,7.0,0.94,0.32
RomaniaLigaI,2526,2025-10-27,Botoșani,Hermannstadt,2,0,1.95,1.64,1.95,1.64,14.0,11.0,0.61,0.63
RomaniaLigaI,2526,2025-10-26,FCSB,UTA Arad,4,0,4.96,0.95,3.44,0.95,26.0,11.0,0.73,0.17
RomaniaLigaI,2526,2025-10-26,Metaloglobus,Universitatea Craiova,0,0,0.08,1.54,0.08,1.54,3.0,18.0,0.08,1.05
RomaniaLigaI,2526,2025-10-25,CFR Cluj,FCV Farul Constanţa,0,2,2.24,1.34,2.24,1.34,22.0,13.0,1.71,0.5
RomaniaLigaI,2526,2025-10-25,Oţelul Galați,Universitatea Cluj,1,2,0.81,1.7,0.81,1.7,11.0,12.0,0.46,0.36
RomaniaLigaI,2526,2025-10-24,Argeș,Dinamo Bucureşti,1,1,0.6,0.82,0.6,0.82,6.0,8.0,0.47,0.64
RomaniaLigaI,2526,2025-10-24,Csikszereda,Petrolul 52,1,1,2.42,2.01,1.66,1.25,16.0,11.0,0.91,0.6
RomaniaLigaI,2526,2025-10-20,Petrolul 52,CFR Cluj,1,0,0.9,0.96,0.9,0.96,10.0,8.0,0.21,0.85
RomaniaLigaI,2526,2025-10-20,Hermannstadt,Csikszereda,0,2,1.35,0.95,1.35,0.95,17.0,5.0,0.96,0.05
RomaniaLigaI,2526,2025-10-19,Dinamo Bucureşti,Rapid Bucureşti,0,2,3.2,1.22,3.2,1.22,20.0,7.0,1.01,0.46
RomaniaLigaI,2526,2025-10-19,UTA Arad,Oţelul Galați,0,4,0.92,3.35,0.92,2.59,12.0,10.0,0.35,0.94
RomaniaLigaI,2526,2025-10-18,Metaloglobus,FCSB,2,1,1.38,2.73,0.62,1.97,5.0,16.0,0.26,0.96
RomaniaLigaI,2526,2025-10-18,Universitatea Craiova,Unirea Slobozia,3,1,2.68,1.12,2.68,1.12,22.0,7.0,1.14,0.22
RomaniaLigaI,2526,2025-10-18,Universitatea Cluj,Botoșani,0,2,1.24,2.67,1.24,2.67,11.0,21.0,0.46,0.92
RomaniaLigaI,2526,2025-10-17,FCV Farul Constanţa,Argeș,0,0,0.94,2.15,0.94,2.15,11.0,11.0,0.61,0.27
RomaniaLigaI,2526,2025-10-16,Csikszereda,CFR Cluj,2,2,2.7,2.96,1.94,2.96,15.0,21.0,0.56,1.65
RomaniaLigaI,2526,2025-10-06,Botoșani,UTA Arad,2,1,2.05,1.1,1.29,1.1,10.0,12.0,0.5,0.59
RomaniaLigaI,2526,2025-10-06,Oţelul Galați,Metaloglobus,4,0,2.24,1.29,2.24,0.53,18.0,10.0,0.86,0.37
RomaniaLigaI,2526,2025-10-05,FCSB,Universitatea Craiova,1,0,2.58,1.31,1.06,1.31,11.0,10.0,0.36,0.52
RomaniaLigaI,2526,2025-10-05,CFR Cluj,Hermannstadt,2,1,2.27,0.35,2.27,0.35,18.0,6.0,0.94,0.64
RomaniaLigaI,2526,2025-10-04,Rapid Bucureşti,FCV Farul Constanţa,3,1,1.19,1.9,1.19,1.9,15.0,19.0,0.49,0.9
RomaniaLigaI,2526,2025-10-04,Argeș,Petrolul 52,0,1,1.59,0.97,1.59,0.97,16.0,7.0,0.86,0.35
RomaniaLigaI,2526,2025-10-04,Csikszereda,Universitatea Cluj,2,1,1.47,1.83,1.47,1.83,12.0,20.0,0.56,1.27
RomaniaLigaI,2526,2025-10-03,Unirea Slobozia,Dinamo Bucureşti,0,1,0.46,1.74,0.46,1.74,5.0,15.0,0.35,0.31
RomaniaLigaI,2526,2025-09-29,Universitatea Cluj,CFR Cluj,2,2,1.02,0.93,1.02,0.93,11.0,8.0,0.88,0.15
RomaniaLigaI,2526,2025-09-29,Metaloglobus,Botoșani,0,2,1.2,2.68,1.2,2.68,5.0,20.0,0.48,0.6
RomaniaLigaI,2526,2025-09-28,FCSB,Oţelul Galați,1,0,2.66,1.92,1.9,1.92,15.0,17.0,0.57,0.78
RomaniaLigaI,2526,2025-09-28,FCV Farul Constanţa,Unirea Slobozia,1,1,4.15,1.24,3.39,1.24,33.0,14.0,0.85,0.71
RomaniaLigaI,2526,2025-09-27,Petrolul 52,Rapid Bucureşti,0,1,0.88,1.15,0.88,1.15,10.0,8.0,0.6,0.29
RomaniaLigaI,2526,2025-09-27,UTA Arad,Csikszereda,0,0,2.82,1.37,2.82,1.37,19.0,13.0,0.59,1.07
RomaniaLigaI,2526,2025-09-26,Universitatea Craiova,Dinamo Bucureşti,2,2,1.77,2.7,1.77,2.7,15.0,16.0,0.58,1.6
RomaniaLigaI,2526,2025-09-26,Hermannstadt,Argeș,0,1,1.46,0.71,1.46,0.71,10.0,6.0,0.96,0.39
RomaniaLigaI,2526,2025-09-22,Dinamo Bucureşti,FCV Farul Constanţa,1,1,0.55,0.92,0.55,0.92,9.0,13.0,0.44,0.57
RomaniaLigaI,2526,2025-09-22,Csikszereda,Metaloglobus,2,2,1.47,1.9,1.47,1.9,16.0,19.0,0.84,0.51
RomaniaLigaI,2526,2025-09-21,Rapid Bucureşti,Hermannstadt,1,2,1.47,2.39,1.47,2.39,17.0,13.0,0.51,0.85
RomaniaLigaI,2526,2025-09-21,CFR Cluj,UTA Arad,1,1,1.38,1.06,1.38,1.06,14.0,14.0,1.44,0.49
RomaniaLigaI,2526,2025-09-21,Unirea Slobozia,Petrolul 52,1,0,1.71,0.95,1.71,0.95,15.0,15.0,0.4,0.74
RomaniaLigaI,2526,2025-09-20,Oţelul Galați,Universitatea Craiova,1,0,0.78,1.19,0.78,1.19,9.0,16.0,0.56,0.94
RomaniaLigaI,2526,2025-09-20,Argeș,Universitatea Cluj,1,0,1.93,1.67,1.93,1.67,11.0,19.0,0.77,0.63
RomaniaLigaI,2526,2025-09-19,Botoșani,FCSB,3,1,3.59,0.88,3.59,0.88,18.0,11.0,0.8,1.02
RomaniaLigaI,2526,2025-09-15,Petrolul 52,Dinamo Bucureşti,0,3,1.45,1.64,1.45,1.64,15.0,9.0,0.57,0.41
RomaniaLigaI,2526,2025-09-15,Hermannstadt,Unirea Slobozia,0,2,2.84,0.7,2.84,0.7,22.0,3.0,1.22,0.11
RomaniaLigaI,2526,2025-09-14,Csikszereda,FCSB,1,1,1.53,2.72,1.53,2.72,11.0,22.0,0.57,0.92
RomaniaLigaI,2526,2025-09-14,Universitatea Craiova,FCV Farul Constanţa,2,0,1.96,1.27,1.96,1.27,15.0,18.0,0.75,1.0
RomaniaLigaI,2526,2025-09-14,Oţelul Galați,Botoșani,0,1,2.59,0.96,1.83,0.96,20.0,10.0,1.22,0.4
RomaniaLigaI,2526,2025-09-13,Metaloglobus,CFR Cluj,1,1,1.3,2.79,0.54,1.27,9.0,16.0,0.42,0.79
RomaniaLigaI,2526,2025-09-13,UTA Arad,Argeș,3,3,3.11,0.93,2.35,0.93,16.0,11.0,0.9,0.46
RomaniaLigaI,2526,2025-09-12,Universitatea Cluj,Rapid Bucureşti,0,0,0.77,0.79,0.77,0.79,8.0,7.0,0.23,0.29
RomaniaLigaI,2526,2025-09-01,FCV Farul Constanţa,Petrolul 52,2,1,2.87,1.61,2.11,1.61,15.0,13.0,0.98,1.06
RomaniaLigaI,2526,2025-09-01,Csikszereda,Oţelul Galați,1,1,1.65,1.14,1.65,1.14,15.0,14.0,0.86,0.79
RomaniaLigaI,2526,2025-08-31,CFR Cluj,FCSB,2,2,0.97,2.58,0.97,1.82,11.0,22.0,0.28,1.27
RomaniaLigaI,2526,2025-08-31,Botoșani,Universitatea Craiova,1,1,1.74,1.77,1.74,1.77,11.0,13.0,0.4,0.72
RomaniaLigaI,2526,2025-08-31,Argeș,Metaloglobus,2,1,2.2,1.37,1.44,1.37,18.0,12.0,0.6,0.39
RomaniaLigaI,2526,2025-08-30,Dinamo Bucureşti,Hermannstadt,2,0,1.86,1.02,1.86,1.02,17.0,12.0,0.62,0.34
RomaniaLigaI,2526,2025-08-30,Unirea Slobozia,Universitatea Cluj,0,1,0.55,1.09,0.55,1.09,13.0,12.0,0.2,0.81
RomaniaLigaI,2526,2025-08-29,Rapid Bucureşti,UTA Arad,2,0,1.82,0.89,1.82,0.89,11.0,8.0,0.98,0.39
RomaniaLigaI,2526,2025-08-25,Hermannstadt,FCV Farul Constanţa,1,0,1.98,1.23,1.98,1.23,8.0,14.0,0.74,1.01
RomaniaLigaI,2526,2025-08-24,FCSB,Argeș,0,2,1.51,1.25,1.51,1.25,16.0,13.0,0.92,0.36
RomaniaLigaI,2526,2025-08-24,Universitatea Craiova,Petrolul 52,2,0,1.44,0.75,1.44,0.75,18.0,10.0,0.55,0.15
RomaniaLigaI,2526,2025-08-24,Oţelul Galați,CFR Cluj,4,1,2.68,1.15,2.68,1.15,10.0,14.0,1.17,0.37
RomaniaLigaI,2526,2025-08-23,Universitatea Cluj,Dinamo Bucureşti,0,1,0.12,0.92,0.12,0.92,5.0,9.0,0.24,0.45
RomaniaLigaI,2526,2025-08-23,Botoșani,Csikszereda,3,1,1.91,1.25,1.15,1.25,14.0,9.0,0.31,0.71
RomaniaLigaI,2526,2025-08-22,Metaloglobus,Rapid Bucureşti,1,2,1.02,2.84,1.02,2.84,13.0,17.0,0.63,0.42
RomaniaLigaI,2526,2025-08-22,UTA Arad,Unirea Slobozia,1,1,2.07,1.9,1.31,1.9,15.0,16.0,0.38,0.84
RomaniaLigaI,2526,2025-08-18,FCV Farul Constanţa,Universitatea Cluj,0,1,1.42,1.92,1.42,1.92,25.0,10.0,0.92,0.4
RomaniaLigaI,2526,2025-08-18,Argeș,Oţelul Galați,2,0,1.79,0.69,1.03,0.69,13.0,10.0,0.42,0.8
RomaniaLigaI,2526,2025-08-17,Rapid Bucureşti,FCSB,2,2,2.13,0.79,2.13,0.79,13.0,13.0,0.61,0.34
RomaniaLigaI,2526,2025-08-17,CFR Cluj,Botoșani,3,3,4.88,1.07,4.88,1.07,30.0,8.0,1.72,0.7
RomaniaLigaI,2526,2025-08-17,Csikszereda,Universitatea Craiova,1,2,0.5,1.49,0.5,1.49,10.0,12.0,0.55,0.84
RomaniaLigaI,2526,2025-08-16,Petrolul 52,Hermannstadt,1,1,2.48,1.1,1.72,1.1,15.0,12.0,0.52,0.48
RomaniaLigaI,2526,2025-08-15,Dinamo Bucureşti,UTA Arad,1,1,2.2,1.46,2.2,1.46,17.0,12.0,1.04,0.59
RomaniaLigaI,2526,2025-08-15,Unirea Slobozia,Metaloglobus,2,1,1.9,2.1,1.14,2.1,13.0,9.0,0.63,0.72
RomaniaLigaI,2526,2025-08-11,Oţelul Galați,Rapid Bucureşti,1,1,1.36,1.5,1.36,1.5,20.0,18.0,0.49,0.98
RomaniaLigaI,2526,2025-08-11,Botoșani,Argeș,3,1,1.81,2.06,1.81,2.06,14.0,16.0,0.83,1.12
RomaniaLigaI,2526,2025-08-10,FCSB,Unirea Slobozia,0,1,3.35,0.77,3.35,0.77,35.0,8.0,1.7,0.22
RomaniaLigaI,2526,2025-08-10,Universitatea Craiova,Hermannstadt,1,0,1.11,1.58,1.11,1.58,12.0,12.0,0.46,0.62
RomaniaLigaI,2526,2025-08-09,Universitatea Cluj,Petrolul 52,1,1,0.74,0.34,0.74,0.34,7.0,6.0,1.19,0.27
RomaniaLigaI,2526,2025-08-09,UTA Arad,FCV Farul Constanţa,2,1,2.65,4.22,2.65,4.22,16.0,24.0,0.54,1.69
RomaniaLigaI,2526,2025-08-08,Metaloglobus,Dinamo Bucureşti,0,1,0.9,0.76,0.9,0.76,14.0,13.0,0.61,0.35
RomaniaLigaI,2526,2025-08-04,Rapid Bucureşti,Botoșani,2,1,1.56,0.55,1.56,0.55,11.0,14.0,0.79,0.45
RomaniaLigaI,2526,2025-08-04,Unirea Slobozia,Oţelul Galați,0,0,1.99,1.37,1.99,1.37,22.0,8.0,0.67,0.76
RomaniaLigaI,2526,2025-08-03,CFR Cluj,Universitatea Craiova,2,3,2.61,0.89,2.61,0.89,24.0,7.0,0.73,0.23
RomaniaLigaI,2526,2025-08-03,Hermannstadt,Universitatea Cluj,2,2,2.69,1.78,2.69,1.78,16.0,12.0,0.7,1.0
RomaniaLigaI,2526,2025-08-02,Dinamo Bucureşti,FCSB,4,3,3.15,2.35,1.63,0.83,13.0,10.0,0.61,0.42
RomaniaLigaI,2526,2025-08-02,Argeș,Csikszereda,3,1,1.73,0.39,1.73,0.39,13.0,4.0,0.76,0.28
RomaniaLigaI,2526,2025-08-01,Petrolul 52,UTA Arad,1,2,2.59,1.8,2.59,1.8,24.0,9.0,1.11,0.49
RomaniaLigaI,2526,2025-08-01,FCV Farul Constanţa,Metaloglobus,2,1,2.07,1.14,2.07,1.14,20.0,10.0,0.84,0.6
RomaniaLigaI,2526,2025-07-28,Universitatea Craiova,Universitatea Cluj,2,1,3.07,1.16,2.31,1.16,24.0,12.0,1.07,0.52
RomaniaLigaI,2526,2025-07-28,Botoșani,Unirea Slobozia,4,0,2.22,0.56,2.22,0.56,7.0,8.0,0.6,0.35
RomaniaLigaI,2526,2025-07-27,Oţelul Galați,Dinamo Bucureşti,2,1,1.47,3.12,1.47,3.12,11.0,16.0,0.75,1.96
RomaniaLigaI,2526,2025-07-27,CFR Cluj,Argeș,0,2,1.21,1.21,1.21,1.21,12.0,11.0,0.93,0.63
RomaniaLigaI,2526,2025-07-26,FCSB,FCV Farul Constanţa,1,2,0.65,3.02,0.65,2.26,8.0,21.0,0.33,0.51
RomaniaLigaI,2526,2025-07-26,UTA Arad,Hermannstadt,1,0,1.23,0.94,1.23,0.94,10.0,10.0,0.47,0.58
RomaniaLigaI,2526,2025-07-25,Csikszereda,Rapid Bucureşti,0,2,1.68,3.64,1.68,3.64,17.0,15.0,0.51,0.96
RomaniaLigaI,2526,2025-07-25,Metaloglobus,Petrolul 52,0,3,1.63,2.47,1.63,1.71,17.0,10.0,0.95,0.51
RomaniaLigaI,2526,2025-07-21,Dinamo Bucureşti,Botoșani,0,0,1.24,0.97,1.24,0.97,12.0,7.0,0.93,0.32
RomaniaLigaI,2526,2025-07-21,Unirea Slobozia,Csikszereda,6,1,3.62,1.54,2.86,0.78,20.0,15.0,0.55,0.75
RomaniaLigaI,2526,2025-07-20,Rapid Bucureşti,CFR Cluj,1,1,1.49,1.68,1.49,1.68,24.0,15.0,0.73,0.76
RomaniaLigaI,2526,2025-07-20,FCV Farul Constanţa,Oţelul Galați,3,2,1.59,3.39,1.59,3.39,9.0,20.0,0.59,0.86
RomaniaLigaI,2526,2025-07-19,Petrolul 52,FCSB,0,1,1.04,1.52,1.04,1.52,13.0,13.0,0.42,0.68
RomaniaLigaI,2526,2025-07-19,Universitatea Cluj,UTA Arad,1,1,2.89,1.85,2.89,1.85,25.0,15.0,1.41,0.45
RomaniaLigaI,2526,2025-07-18,Universitatea Craiova,Argeș,3,1,0.96,0.93,0.96,0.93,9.0,11.0,0.27,0.29
RomaniaLigaI,2526,2025-07-18,Hermannstadt,Metaloglobus,2,2,1.98,1.47,1.98,1.47,15.0,10.0,0.66,0.3
RomaniaLigaI,2526,2025-07-14,Csikszereda,Dinamo Bucureşti,2,2,0.32,1.93,0.32,1.93,6.0,17.0,0.12,0.72
RomaniaLigaI,2526,2025-07-14,Botoșani,FCV Farul Constanţa,1,1,1.37,1.6,1.37,1.6,11.0,14.0,0.37,0.6
RomaniaLigaI,2526,2025-07-13,CFR Cluj,Unirea Slobozia,2,1,1.84,0.96,1.84,0.96,10.0,12.0,0.87,0.12
RomaniaLigaI,2526,2025-07-13,Oţelul Galați,Petrolul 52,0,0,1.45,0.73,1.45,0.73,12.0,6.0,0.66,0.45
RomaniaLigaI,2526,2025-07-12,FCSB,Hermannstadt,1,1,2.91,0.81,2.91,0.81,24.0,8.0,1.33,0.4
RomaniaLigaI,2526,2025-07-12,UTA Arad,Universitatea Craiova,3,3,2.52,2.3,1.76,1.54,21.0,13.0,0.87,0.68
RomaniaLigaI,2526,2025-07-11,Argeș,Rapid Bucureşti,0,2,1.23,0.55,1.23,0.55,13.0,9.0,0.64,0.25
RomaniaLigaI,2526,2025-07-11,Metaloglobus,Universitatea Cluj,1,4,0.61,2.16,0.61,2.16,12.0,15.0,0.38,0.46
RomaniaLigaI,2627,2026-09-14,FCSB,Petrolul 52,2,2,4.76,1.32,4.0,1.32,28.0,11.0,1.36,0.91
RomaniaLigaI,2627,2026-09-14,Universitatea Cluj,Oţelul Galați,3,0,2.44,0.5,1.68,0.5,12.0,6.0,0.47,0.24
RomaniaLigaI,2627,2026-09-13,Corvinul Hunedoara,Universitatea Craiova,0,1,0.65,1.85,0.65,1.85,11.0,12.0,0.88,0.92
RomaniaLigaI,2627,2026-09-13,Argeș,Botoșani,1,1,1.07,1.94,1.07,1.94,8.0,5.0,0.65,0.73
RomaniaLigaI,2627,2026-09-12,Rapid Bucureşti,Voluntari,2,1,2.4,1.2,2.4,1.2,25.0,12.0,1.75,0.77
RomaniaLigaI,2627,2026-09-12,Sepsi,CFR Cluj,3,1,2.49,1.52,2.49,1.52,14.0,16.0,0.82,0.65
RomaniaLigaI,2627,2026-09-11,Csikszereda,Dinamo Bucureşti,1,3,0.58,2.07,0.58,2.07,9.0,18.0,0.37,1.05
RomaniaLigaI,2627,2026-09-11,FCV Farul Constanţa,UTA Arad,4,2,2.53,2.25,2.53,2.25,14.0,17.0,0.77,1.05
RomaniaLigaI,2627,2026-09-07,Universitatea Craiova,Universitatea Cluj,4,0,1.91,1.06,1.91,1.06,18.0,8.0,1.06,0.59
RomaniaLigaI,2627,2026-09-07,Voluntari,Argeș,1,0,1.76,1.98,1.76,1.98,12.0,23.0,0.29,1.39
RomaniaLigaI,2627,2026-09-06,Oţelul Galați,Rapid Bucureşti,0,1,0.64,1.25,0.64,1.25,12.0,19.0,0.56,1.83
RomaniaLigaI,2627,2026-09-06,Petrolul 52,Corvinul Hunedoara,2,0,1.15,2.35,1.15,2.35,10.0,20.0,0.5,1.68
RomaniaLigaI,2627,2026-09-05,Dinamo Bucureşti,FCSB,2,1,3.37,0.87,2.61,0.87,23.0,7.0,1.05,1.17
RomaniaLigaI,2627,2026-09-05,UTA Arad,Csikszereda,5,1,4.14,1.3,4.14,1.3,16.0,10.0,1.04,0.86
RomaniaLigaI,2627,2026-09-05,Botoșani,Sepsi,5,0,4.58,0.81,2.3,0.81,13.0,10.0,0.6,0.3
RomaniaLigaI,2627,2026-09-04,CFR Cluj,FCV Farul Constanţa,0,0,0.92,1.72,0.92,1.72,8.0,14.0,0.6,0.88
RomaniaLigaI,2627,2026-08-31,Rapid Bucureşti,Universitatea Craiova,1,1,1.64,2.37,1.64,2.37,15.0,21.0,1.06,0.95
RomaniaLigaI,2627,2026-08-30,FCSB,UTA Arad,1,3,2.12,1.56,2.12,1.56,18.0,8.0,1.01,0.9
RomaniaLigaI,2627,2026-08-30,FCV Farul Constanţa,Botoșani,0,0,2.2,2.84,1.44,2.84,17.0,15.0,0.35,0.43
RomaniaLigaI,2627,2026-08-29,Corvinul Hunedoara,Dinamo Bucureşti,1,1,0.96,1.79,0.96,1.79,12.0,24.0,0.45,0.98
RomaniaLigaI,2627,2026-08-29,Argeș,Sepsi,0,1,0.93,0.85,0.93,0.85,16.0,7.0,1.16,0.51
RomaniaLigaI,2627,2026-08-29,Csikszereda,CFR Cluj,2,3,0.9,1.6,0.9,1.6,12.0,14.0,0.28,0.52
RomaniaLigaI,2627,2026-08-28,Universitatea Cluj,Petrolul 52,2,3,2.57,2.11,2.57,2.11,23.0,11.0,1.08,0.29
RomaniaLigaI,2627,2026-08-28,Voluntari,Oţelul Galați,2,2,2.53,2.64,2.53,1.88,18.0,15.0,0.97,0.92
RomaniaLigaI,2627,2026-08-24,Oţelul Galați,Argeș,1,0,1.14,1.02,1.14,1.02,17.0,12.0,0.76,0.45
RomaniaLigaI,2627,2026-08-24,Botoșani,Csikszereda,1,0,3.51,0.71,3.51,0.71,21.0,12.0,2.01,0.37
RomaniaLigaI,2627,2026-08-23,CFR Cluj,FCSB,1,0,1.16,2.0,0.4,2.0,7.0,18.0,0.11,1.0
RomaniaLigaI,2627,2026-08-23,Universitatea Craiova,Voluntari,3,1,4.07,0.83,2.55,0.07,24.0,3.0,1.79,0.16
RomaniaLigaI,2627,2026-08-23,Sepsi,FCV Farul Constanţa,1,1,2.72,0.82,2.72,0.82,15.0,13.0,0.57,0.36
RomaniaLigaI,2627,2026-08-22,Dinamo Bucureşti,Universitatea Cluj,2,1,1.28,2.01,1.28,2.01,11.0,20.0,0.76,0.54
RomaniaLigaI,2627,2026-08-22,UTA Arad,Corvinul Hunedoara,0,0,1.25,0.85,1.25,0.85,17.0,10.0,0.8,0.18
RomaniaLigaI,2627,2026-08-21,Petrolul 52,Rapid Bucureşti,0,2,1.0,1.25,1.0,1.25,19.0,14.0,0.59,0.52
RomaniaLigaI,2627,2026-08-17,FCSB,Botoșani,3,2,2.74,2.02,2.74,2.02,22.0,12.0,1.87,0.6
RomaniaLigaI,2627,2026-08-17,Universitatea Cluj,UTA Arad,2,1,2.85,1.95,2.09,1.95,13.0,20.0,0.86,0.85
RomaniaLigaI,2627,2026-08-16,Corvinul Hunedoara,CFR Cluj,3,0,3.08,1.27,3.08,1.27,22.0,9.0,0.94,0.7
RomaniaLigaI,2627,2026-08-16,Oţelul Galați,Universitatea Craiova,1,1,1.42,1.16,1.42,1.16,12.0,12.0,0.83,0.7
RomaniaLigaI,2627,2026-08-15,Rapid Bucureşti,Dinamo Bucureşti,0,1,2.51,0.79,2.51,0.79,13.0,11.0,0.5,0.47
RomaniaLigaI,2627,2026-08-15,Csikszereda,Sepsi,0,0,0.69,1.03,0.69,1.03,10.0,12.0,0.58,1.0
RomaniaLigaI,2627,2026-08-14,Argeș,FCV Farul Constanţa,1,1,0.55,0.53,0.55,0.53,13.0,8.0,0.45,0.36
RomaniaLigaI,2627,2026-08-14,Voluntari,Petrolul 52,1,2,1.6,2.15,1.6,1.39,16.0,19.0,0.52,0.83
RomaniaLigaI,2627,2026-08-10,Sepsi,FCSB,0,0,1.75,1.27,1.75,1.27,14.0,14.0,0.23,0.55
RomaniaLigaI,2627,2026-08-10,Botoșani,Corvinul Hunedoara,0,0,2.06,1.51,2.06,1.51,19.0,16.0,1.03,0.47
RomaniaLigaI,2627,2026-08-09,Universitatea Craiova,Argeș,0,1,3.64,0.82,3.64,0.82,27.0,11.0,1.44,0.14
RomaniaLigaI,2627,2026-08-09,Petrolul 52,Oţelul Galați,1,0,1.57,1.55,0.81,0.79,10.0,8.0,0.54,0.48
RomaniaLigaI,2627,2026-08-08,Dinamo Bucureşti,Voluntari,4,0,5.24,0.13,4.48,0.13,22.0,5.0,1.3,0.08
RomaniaLigaI,2627,2026-08-08,FCV Farul Constanţa,Csikszereda,3,2,1.25,0.8,1.25,0.8,11.0,3.0,0.61,0.29
RomaniaLigaI,2627,2026-08-07,UTA Arad,Rapid Bucureşti,0,0,0.91,1.29,0.91,1.29,9.0,10.0,0.31,0.59
RomaniaLigaI,2627,2026-08-03,FCSB,FCV Farul Constanţa,2,2,4.67,2.24,3.91,2.24,21.0,16.0,1.23,0.3
RomaniaLigaI,2627,2026-08-03,Universitatea Cluj,Botoșani,2,1,2.66,2.0,1.9,2.0,18.0,14.0,1.02,0.29
RomaniaLigaI,2627,2026-08-02,Rapid Bucureşti,CFR Cluj,3,1,0.74,1.73,0.74,1.73,11.0,25.0,0.57,0.87
RomaniaLigaI,2627,2026-08-02,Corvinul Hunedoara,Sepsi,1,1,1.8,1.03,1.8,1.03,16.0,13.0,0.72,0.58
RomaniaLigaI,2627,2026-08-01,Universitatea Craiova,Petrolul 52,4,0,4.19,0.94,4.19,0.94,26.0,8.0,1.43,0.35
RomaniaLigaI,2627,2026-08-01,Voluntari,UTA Arad,1,0,1.0,1.76,1.0,1.76,9.0,18.0,0.11,1.1
RomaniaLigaI,2627,2026-07-31,Oţelul Galați,Dinamo Bucureşti,1,1,0.61,1.59,0.61,1.59,6.0,12.0,0.38,0.73
RomaniaLigaI,2627,2026-07-31,Argeș,Csikszereda,1,0,3.03,0.03,2.27,0.03,15.0,1.0,1.34,0.27
RomaniaLigaI,2627,2026-07-27,Botoșani,Rapid Bucureşti,1,1,1.78,1.51,1.02,1.51,12.0,13.0,0.73,0.63
RomaniaLigaI,2627,2026-07-27,CFR Cluj,Voluntari,5,0,2.35,0.53,2.35,0.53,21.0,9.0,1.27,0.3
RomaniaLigaI,2627,2026-07-26,Csikszereda,FCSB,0,2,0.31,1.99,0.31,1.99,10.0,22.0,0.52,0.3
RomaniaLigaI,2627,2026-07-26,Sepsi,Universitatea Cluj,1,0,2.06,1.06,2.06,1.06,13.0,14.0,1.13,0.56
RomaniaLigaI,2627,2026-07-25,Dinamo Bucureşti,Universitatea Craiova,5,1,3.63,1.27,2.87,1.27,18.0,9.0,0.54,0.64
RomaniaLigaI,2627,2026-07-25,FCV Farul Constanţa,Corvinul Hunedoara,2,0,3.43,0.44,2.67,0.44,20.0,8.0,1.25,0.23
RomaniaLigaI,2627,2026-07-24,Argeș,Petrolul 52,1,0,1.02,1.04,1.02,1.04,9.0,15.0,0.16,0.62
RomaniaLigaI,2627,2026-07-24,UTA Arad,Oţelul Galați,2,2,1.73,0.49,1.73,0.49,24.0,5.0,1.41,0.52
RomaniaLigaI,2627,2026-07-20,Rapid Bucureşti,Sepsi,1,0,1.7,0.43,1.7,0.43,29.0,5.0,0.88,0.24
RomaniaLigaI,2627,2026-07-20,Corvinul Hunedoara,Csikszereda,3,0,3.22,1.08,2.46,1.08,22.0,11.0,0.68,0.59
RomaniaLigaI,2627,2026-07-19,Petrolul 52,Dinamo Bucureşti,1,0,1.25,2.22,0.49,2.22,8.0,22.0,0.36,0.75
RomaniaLigaI,2627,2026-07-19,Universitatea Cluj,FCV Farul Constanţa,2,1,1.42,1.1,1.42,1.1,12.0,22.0,0.48,0.63
RomaniaLigaI,2627,2026-07-18,Universitatea Craiova,UTA Arad,4,0,0.85,0.82,0.85,0.82,14.0,8.0,0.9,0.59
RomaniaLigaI,2627,2026-07-18,Oţelul Galați,CFR Cluj,2,1,2.25,1.44,2.25,1.44,15.0,15.0,0.84,0.37
RomaniaLigaI,2627,2026-07-17,FCSB,Argeș,2,0,2.72,1.44,1.96,1.44,12.0,21.0,0.66,0.46
RomaniaLigaI,2627,2026-07-17,Voluntari,Botoșani,2,2,3.08,3.7,3.08,3.7,21.0,11.0,0.66,0.36
HungaryNBI,2425,2025-05-25,Nyíregyháza Spartacus,Zalaegerszeg,0,0,0.96,2.05,0.96,2.05,9.0,12.0,0.55,0.58
HungaryNBI,2425,2025-05-24,Győri ETO,Ferencváros,1,2,1.49,1.72,1.49,1.72,17.0,8.0,0.57,0.39
HungaryNBI,2425,2025-05-24,Puskás,Diósgyőr,4,3,4.24,1.66,4.24,1.66,28.0,12.0,1.97,0.72
HungaryNBI,2425,2025-05-24,Fehérvár,Debrecen,0,3,1.92,1.58,1.92,1.58,14.0,15.0,0.81,0.95
HungaryNBI,2425,2025-05-24,MTK,Újpest,1,3,1.24,1.69,1.24,1.69,14.0,11.0,0.9,0.51
HungaryNBI,2425,2025-05-23,Paks,Kecskemét,1,1,2.09,1.35,1.33,1.35,8.0,15.0,0.71,0.86
HungaryNBI,2425,2025-05-18,Ferencváros,Fehérvár,3,0,1.74,0.56,1.74,0.56,13.0,8.0,1.0,0.39
HungaryNBI,2425,2025-05-18,Debrecen,Paks,0,0,1.42,0.94,1.42,0.94,11.0,8.0,0.77,0.77
HungaryNBI,2425,2025-05-17,Diósgyőr,MTK,2,1,3.02,1.72,3.02,1.72,17.0,11.0,1.42,0.71
HungaryNBI,2425,2025-05-17,Zalaegerszeg,Győri ETO,0,0,1.55,0.8,1.55,0.8,7.0,9.0,0.71,0.58
HungaryNBI,2425,2025-05-16,Újpest,Nyíregyháza Spartacus,2,2,1.42,1.51,1.42,1.51,13.0,6.0,0.41,0.35
HungaryNBI,2425,2025-05-16,Kecskemét,Puskás,0,1,0.89,3.41,0.89,3.41,8.0,24.0,0.55,1.32
HungaryNBI,2425,2025-05-11,Nyíregyháza Spartacus,Diósgyőr,1,0,1.72,0.94,1.72,0.94,11.0,6.0,0.82,0.87
HungaryNBI,2425,2025-05-11,Zalaegerszeg,Újpest,0,0,1.44,1.71,1.44,1.71,12.0,8.0,0.72,0.44
HungaryNBI,2425,2025-05-10,Paks,Ferencváros,2,3,1.09,2.43,1.09,2.43,12.0,13.0,0.83,0.95
HungaryNBI,2425,2025-05-10,MTK,Kecskemét,2,1,1.41,3.08,1.41,3.08,14.0,16.0,0.63,0.98
HungaryNBI,2425,2025-05-10,Puskás,Debrecen,4,2,2.23,2.07,2.23,1.31,12.0,12.0,0.62,0.62
HungaryNBI,2425,2025-05-09,Győri ETO,Fehérvár,1,0,1.9,1.06,1.9,1.06,20.0,8.0,0.52,0.29
HungaryNBI,2425,2025-05-04,Fehérvár,Paks,0,2,1.37,1.38,1.37,1.38,14.0,13.0,0.88,1.44
HungaryNBI,2425,2025-05-04,Kecskemét,Nyíregyháza Spartacus,2,2,1.85,1.78,1.85,1.78,17.0,11.0,0.96,0.37
HungaryNBI,2425,2025-05-04,Diósgyőr,Zalaegerszeg,1,1,0.55,1.86,0.55,1.86,7.0,19.0,0.87,1.02
HungaryNBI,2425,2025-05-03,Ferencváros,Puskás,1,1,2.17,1.57,2.17,1.57,12.0,11.0,1.6,0.7
HungaryNBI,2425,2025-05-03,Debrecen,MTK,0,0,1.8,1.99,1.8,1.23,13.0,10.0,0.72,0.63
HungaryNBI,2425,2025-05-03,Újpest,Győri ETO,2,3,3.47,2.95,2.71,2.19,13.0,17.0,1.14,0.9
HungaryNBI,2425,2025-04-27,Zalaegerszeg,Kecskemét,0,0,2.0,1.43,2.0,1.43,16.0,10.0,1.02,0.81
HungaryNBI,2425,2025-04-27,MTK,Ferencváros,2,3,2.15,2.97,2.15,2.97,12.0,17.0,0.57,1.36
HungaryNBI,2425,2025-04-26,Újpest,Diósgyőr,1,1,2.14,1.24,2.14,1.24,19.0,7.0,1.59,0.73
HungaryNBI,2425,2025-04-26,Győri ETO,Paks,2,0,1.76,0.99,1.76,0.99,18.0,8.0,1.05,0.54
HungaryNBI,2425,2025-04-26,Puskás,Fehérvár,3,1,1.73,2.15,1.73,2.15,13.0,14.0,0.61,0.62
HungaryNBI,2425,2025-04-25,Nyíregyháza Spartacus,Debrecen,1,0,2.62,1.2,1.86,1.2,15.0,15.0,0.63,0.84
HungaryNBI,2425,2025-04-21,Kecskemét,Újpest,0,0,2.02,1.71,2.02,1.71,21.0,12.0,1.13,0.69
HungaryNBI,2425,2025-04-20,Ferencváros,Nyíregyháza Spartacus,7,0,3.53,0.15,3.53,0.15,14.0,3.0,1.37,0.33
HungaryNBI,2425,2025-04-20,Fehérvár,MTK,1,1,2.09,2.58,2.09,2.58,12.0,14.0,1.22,0.45
HungaryNBI,2425,2025-04-19,Paks,Puskás,2,2,2.9,2.63,2.14,1.87,14.0,15.0,0.8,1.45
HungaryNBI,2425,2025-04-19,Diósgyőr,Győri ETO,2,4,2.84,4.29,2.84,4.29,15.0,28.0,1.12,1.34
HungaryNBI,2425,2025-04-19,Debrecen,Zalaegerszeg,4,3,2.65,1.79,2.65,1.79,16.0,13.0,1.43,0.77
HungaryNBI,2425,2025-04-13,Nyíregyháza Spartacus,Fehérvár,1,0,1.0,0.95,1.0,0.19,13.0,4.0,0.58,0.22
HungaryNBI,2425,2025-04-13,Újpest,Debrecen,2,1,0.75,1.47,0.75,1.47,10.0,10.0,0.34,0.46
HungaryNBI,2425,2025-04-12,Zalaegerszeg,Ferencváros,0,2,0.3,1.39,0.3,1.39,8.0,10.0,0.27,0.43
HungaryNBI,2425,2025-04-12,Győri ETO,Puskás,2,0,1.77,1.62,1.01,1.62,16.0,11.0,0.5,0.28
HungaryNBI,2425,2025-04-11,MTK,Paks,1,2,1.36,3.49,1.36,3.49,12.0,19.0,0.83,1.26
HungaryNBI,2425,2025-04-11,Diósgyőr,Kecskemét,2,1,1.78,1.96,1.78,1.2,16.0,13.0,0.64,0.45
HungaryNBI,2425,2025-04-06,Fehérvár,Zalaegerszeg,0,2,0.64,1.15,0.64,1.15,8.0,8.0,0.62,0.57
HungaryNBI,2425,2025-04-06,Ferencváros,Újpest,2,0,1.5,0.69,1.5,0.69,8.0,9.0,0.78,0.4
HungaryNBI,2425,2025-04-06,Puskás,MTK,1,1,0.64,1.28,0.64,1.28,7.0,9.0,0.43,0.5
HungaryNBI,2425,2025-04-05,Debrecen,Diósgyőr,4,1,2.97,1.62,2.21,1.62,22.0,8.0,0.53,0.2
HungaryNBI,2425,2025-04-05,Kecskemét,Győri ETO,1,1,2.61,1.37,1.85,1.37,15.0,11.0,0.36,1.23
HungaryNBI,2425,2025-04-05,Paks,Nyíregyháza Spartacus,2,0,1.05,1.05,1.05,1.05,13.0,10.0,0.98,0.81
HungaryNBI,2425,2025-03-30,Diósgyőr,Ferencváros,1,1,2.14,2.16,2.14,1.4,13.0,10.0,0.57,0.5
HungaryNBI,2425,2025-03-30,Újpest,Fehérvár,2,2,2.22,1.14,1.46,1.14,15.0,12.0,0.67,0.77
HungaryNBI,2425,2025-03-29,Győri ETO,MTK,2,1,2.19,1.95,1.43,1.95,16.0,16.0,0.89,1.02
HungaryNBI,2425,2025-03-29,Nyíregyháza Spartacus,Puskás,0,2,2.06,2.26,2.06,2.26,15.0,12.0,1.0,0.73
HungaryNBI,2425,2025-03-29,Zalaegerszeg,Paks,1,1,1.36,0.81,1.36,0.81,11.0,5.0,0.7,1.05
HungaryNBI,2425,2025-03-28,Kecskemét,Debrecen,1,3,1.5,1.94,1.5,1.94,15.0,11.0,0.91,0.89
HungaryNBI,2425,2025-03-16,Fehérvár,Diósgyőr,0,0,1.36,1.04,1.36,1.04,14.0,7.0,0.53,0.25
HungaryNBI,2425,2025-03-16,Ferencváros,Kecskemét,4,0,3.64,0.29,2.88,0.29,14.0,2.0,1.46,0.17
HungaryNBI,2425,2025-03-16,MTK,Nyíregyháza Spartacus,3,0,2.43,1.47,2.43,1.47,18.0,13.0,1.16,0.56
HungaryNBI,2425,2025-03-16,Puskás,Zalaegerszeg,2,1,1.09,1.16,1.09,1.16,8.0,10.0,0.82,0.45
HungaryNBI,2425,2025-03-14,Győri ETO,Debrecen,0,0,1.8,3.21,1.8,3.21,11.0,19.0,0.56,1.35
HungaryNBI,2425,2025-03-14,Paks,Újpest,6,1,3.56,2.5,3.56,2.5,27.0,16.0,1.73,0.3
HungaryNBI,2425,2025-03-09,Debrecen,Ferencváros,0,1,0.91,2.24,0.91,2.24,16.0,10.0,0.41,0.98
HungaryNBI,2425,2025-03-09,Újpest,Puskás,1,1,1.51,0.54,1.51,0.54,12.0,8.0,0.86,0.37
HungaryNBI,2425,2025-03-08,Diósgyőr,Paks,0,2,0.91,1.88,0.91,1.88,7.0,18.0,1.15,0.86
HungaryNBI,2425,2025-03-08,Nyíregyháza Spartacus,Győri ETO,0,1,1.75,2.42,0.99,2.42,7.0,15.0,0.33,0.82
HungaryNBI,2425,2025-03-08,Zalaegerszeg,MTK,1,1,1.3,0.93,1.3,0.93,8.0,8.0,0.39,0.72
HungaryNBI,2425,2025-03-07,Kecskemét,Fehérvár,2,2,0.87,2.62,0.87,1.86,6.0,12.0,0.49,1.02
HungaryNBI,2425,2025-03-02,Debrecen,Fehérvár,1,2,2.85,1.88,2.85,1.88,18.0,6.0,1.52,0.5
HungaryNBI,2425,2025-03-02,Ferencváros,Győri ETO,2,2,2.79,1.84,2.79,1.08,20.0,12.0,1.76,0.33
HungaryNBI,2425,2025-03-02,Kecskemét,Paks,2,2,2.79,1.1,2.03,1.1,17.0,14.0,0.8,0.66
HungaryNBI,2425,2025-03-01,Diósgyőr,Puskás,2,1,1.41,1.79,1.41,1.79,7.0,16.0,0.62,0.44
HungaryNBI,2425,2025-03-01,Zalaegerszeg,Nyíregyháza Spartacus,0,0,1.67,1.39,1.67,1.39,15.0,9.0,1.11,0.36
HungaryNBI,2425,2025-03-01,Újpest,MTK,1,5,1.74,3.56,1.74,2.8,11.0,17.0,0.96,0.53
HungaryNBI,2425,2025-02-23,Fehérvár,Ferencváros,1,3,1.54,3.77,0.78,3.77,7.0,23.0,0.44,1.34
HungaryNBI,2425,2025-02-23,Győri ETO,Zalaegerszeg,2,0,1.6,0.92,1.6,0.92,13.0,11.0,0.92,0.36
HungaryNBI,2425,2025-02-22,Nyíregyháza Spartacus,Újpest,0,0,0.28,1.73,0.28,1.73,5.0,22.0,0.14,1.39
HungaryNBI,2425,2025-02-22,Paks,Debrecen,4,3,2.4,1.94,1.64,1.94,15.0,18.0,0.78,1.25
HungaryNBI,2425,2025-02-22,Puskás,Kecskemét,4,2,2.97,2.18,2.97,2.18,18.0,15.0,1.02,1.13
HungaryNBI,2425,2025-02-21,MTK,Diósgyőr,4,0,2.75,0.96,2.75,0.96,22.0,10.0,0.58,0.62
HungaryNBI,2425,2025-02-16,Ferencváros,Paks,0,2,3.44,1.67,3.44,1.67,21.0,11.0,1.19,0.6
HungaryNBI,2425,2025-02-16,Újpest,Zalaegerszeg,1,2,1.39,3.16,1.39,3.16,12.0,21.0,0.28,1.23
HungaryNBI,2425,2025-02-15,Debrecen,Puskás,1,2,1.05,2.08,1.05,1.32,13.0,14.0,0.38,0.69
HungaryNBI,2425,2025-02-15,Diósgyőr,Nyíregyháza Spartacus,1,2,1.58,2.86,0.82,2.86,8.0,16.0,0.66,1.01
HungaryNBI,2425,2025-02-15,Kecskemét,MTK,5,0,3.36,0.65,3.36,0.65,16.0,6.0,0.94,0.31
HungaryNBI,2425,2025-02-14,Fehérvár,Győri ETO,0,1,1.01,1.86,1.01,1.86,12.0,18.0,0.19,1.11
HungaryNBI,2425,2025-02-09,Puskás,Ferencváros,1,0,1.63,3.48,1.63,3.48,14.0,21.0,0.51,1.89
HungaryNBI,2425,2025-02-09,Zalaegerszeg,Diósgyőr,2,1,1.95,0.94,1.95,0.94,18.0,8.0,0.53,0.44
HungaryNBI,2425,2025-02-08,Győri ETO,Újpest,3,0,2.56,1.52,2.56,1.52,15.0,9.0,0.8,0.92
HungaryNBI,2425,2025-02-08,Nyíregyháza Spartacus,Kecskemét,0,0,0.35,1.08,0.35,1.08,7.0,13.0,0.31,0.82
HungaryNBI,2425,2025-02-08,Paks,Fehérvár,2,0,2.33,1.41,2.33,1.41,18.0,11.0,1.02,0.44
HungaryNBI,2425,2025-02-07,MTK,Debrecen,0,2,1.4,1.63,1.4,1.63,15.0,13.0,0.64,0.69
HungaryNBI,2425,2025-02-05,Zalaegerszeg,Ferencváros,2,2,0.68,3.86,0.68,3.86,6.0,20.0,0.1,2.07
HungaryNBI,2425,2025-02-02,Debrecen,Nyíregyháza Spartacus,3,1,2.64,1.21,2.64,1.21,15.0,10.0,0.67,0.36
HungaryNBI,2425,2025-02-02,Ferencváros,MTK,0,0,2.18,0.52,2.18,0.52,14.0,4.0,0.91,0.47
HungaryNBI,2425,2025-02-02,Kecskemét,Zalaegerszeg,1,0,0.93,0.28,0.17,0.28,3.0,4.0,0.2,0.22
HungaryNBI,2425,2025-02-01,Diósgyőr,Újpest,1,1,3.4,1.29,3.4,1.29,18.0,13.0,2.17,0.34
HungaryNBI,2425,2025-02-01,Fehérvár,Puskás,1,0,1.2,0.57,1.2,0.57,9.0,8.0,0.45,0.74
HungaryNBI,2425,2025-02-01,Paks,Győri ETO,1,1,2.64,1.25,2.64,1.25,18.0,10.0,1.77,0.98
HungaryNBI,2425,2024-12-15,Nyíregyháza Spartacus,Ferencváros,0,1,0.48,0.5,0.48,0.5,6.0,8.0,0.26,0.8
HungaryNBI,2425,2024-12-15,Újpest,Kecskemét,1,1,1.08,1.11,1.08,1.11,12.0,9.0,1.01,-0.04
HungaryNBI,2425,2024-12-14,Győri ETO,Diósgyőr,3,4,1.39,1.83,1.39,1.83,15.0,11.0,0.6,0.67
HungaryNBI,2425,2024-12-14,MTK,Fehérvár,3,2,2.38,0.78,1.62,0.78,18.0,6.0,0.79,0.62
HungaryNBI,2425,2024-12-14,Puskás,Paks,3,1,3.52,1.48,2.76,1.48,17.0,16.0,0.87,1.09
HungaryNBI,2425,2024-12-14,Zalaegerszeg,Debrecen,2,1,1.18,1.1,1.18,1.1,14.0,10.0,0.69,0.7
HungaryNBI,2425,2024-12-08,Debrecen,Újpest,1,2,1.13,2.09,1.13,2.09,8.0,22.0,0.42,0.59
HungaryNBI,2425,2024-12-08,Fehérvár,Nyíregyháza Spartacus,2,0,3.12,0.92,2.36,0.92,18.0,11.0,0.59,0.28
HungaryNBI,2425,2024-12-08,Ferencváros,Zalaegerszeg,1,0,2.05,0.9,2.05,0.9,10.0,10.0,0.78,0.31
HungaryNBI,2425,2024-12-07,Kecskemét,Diósgyőr,0,0,1.0,0.74,1.0,0.74,11.0,9.0,0.71,0.76
HungaryNBI,2425,2024-12-07,Paks,MTK,4,2,3.92,1.73,3.92,1.73,22.0,17.0,2.32,1.42
HungaryNBI,2425,2024-12-07,Puskás,Győri ETO,0,3,0.89,3.47,0.89,3.47,10.0,17.0,0.46,0.94
HungaryNBI,2425,2024-12-05,Debrecen,Ferencváros,5,4,1.8,3.01,1.8,2.25,19.0,16.0,0.41,0.69
HungaryNBI,2425,2024-12-04,Győri ETO,Puskás,0,2,0.87,1.86,0.87,1.86,15.0,11.0,0.5,0.19
HungaryNBI,2425,2024-12-03,MTK,Paks,3,1,3.18,1.28,3.18,1.28,19.0,12.0,1.38,1.0
HungaryNBI,2425,2024-12-01,Zalaegerszeg,Fehérvár,0,1,1.65,1.7,0.89,1.7,14.0,11.0,0.94,0.67
HungaryNBI,2425,2024-12-01,Újpest,Ferencváros,0,0,0.33,2.56,0.33,2.56,5.0,15.0,0.35,0.5
HungaryNBI,2425,2024-11-30,Diósgyőr,Debrecen,3,1,0.86,2.92,0.86,2.92,6.0,20.0,0.64,0.74
HungaryNBI,2425,2024-11-30,Győri ETO,Kecskemét,1,2,2.62,1.05,2.62,1.05,19.0,7.0,0.79,0.53
HungaryNBI,2425,2024-11-30,MTK,Puskás,0,1,1.54,1.67,1.54,0.91,12.0,12.0,0.48,0.54
HungaryNBI,2425,2024-11-29,Nyíregyháza Spartacus,Paks,4,2,1.96,3.38,1.96,3.38,11.0,26.0,0.7,1.45
HungaryNBI,2425,2024-11-24,Debrecen,Kecskemét,2,2,1.94,1.73,1.94,1.73,18.0,14.0,1.23,0.6
HungaryNBI,2425,2024-11-24,Ferencváros,Diósgyőr,3,3,3.58,1.51,3.58,1.51,24.0,10.0,2.02,0.65
HungaryNBI,2425,2024-11-24,Paks,Zalaegerszeg,2,2,2.51,3.63,2.51,3.63,20.0,20.0,2.2,1.13
HungaryNBI,2425,2024-11-23,Fehérvár,Újpest,0,1,2.39,1.51,2.39,1.51,17.0,12.0,0.37,0.66
HungaryNBI,2425,2024-11-23,MTK,Győri ETO,2,2,2.6,2.62,2.6,2.62,17.0,18.0,1.08,0.69
HungaryNBI,2425,2024-11-23,Nyíregyháza Spartacus,Puskás,0,3,0.67,2.85,0.67,2.09,6.0,11.0,0.49,0.53
HungaryNBI,2425,2024-11-10,Diósgyőr,Fehérvár,1,0,0.7,0.82,0.7,0.82,6.0,12.0,0.46,0.37
HungaryNBI,2425,2024-11-10,Kecskemét,Ferencváros,0,1,1.35,2.26,1.35,2.26,10.0,10.0,0.58,0.83
HungaryNBI,2425,2024-11-09,Debrecen,Győri ETO,2,2,2.48,2.27,2.48,2.27,15.0,15.0,0.78,0.77
HungaryNBI,2425,2024-11-09,Zalaegerszeg,Puskás,4,2,2.54,1.0,2.54,1.0,16.0,9.0,0.68,1.32
HungaryNBI,2425,2024-11-09,Újpest,Paks,0,0,1.95,2.22,1.95,2.22,15.0,17.0,0.7,1.92
HungaryNBI,2425,2024-11-08,Nyíregyháza Spartacus,MTK,2,0,1.94,1.7,1.18,1.7,11.0,15.0,1.03,0.86
HungaryNBI,2425,2024-11-03,Fehérvár,Kecskemét,6,1,3.07,0.27,3.07,0.27,18.0,4.0,0.76,0.39
HungaryNBI,2425,2024-11-03,Ferencváros,Debrecen,2,2,2.56,1.24,2.56,1.24,21.0,11.0,1.74,0.55
HungaryNBI,2425,2024-11-03,Paks,Diósgyőr,3,4,2.9,3.04,2.9,3.04,22.0,13.0,2.02,1.06
HungaryNBI,2425,2024-11-02,Győri ETO,Nyíregyháza Spartacus,1,1,1.84,1.05,1.84,1.05,12.0,11.0,0.92,0.62
HungaryNBI,2425,2024-11-02,MTK,Zalaegerszeg,1,1,2.57,0.27,2.57,0.27,16.0,4.0,2.19,0.21
HungaryNBI,2425,2024-11-02,Puskás,Újpest,1,1,1.87,1.24,1.87,0.48,14.0,8.0,1.05,0.34
HungaryNBI,2425,2024-10-27,Győri ETO,Ferencváros,1,1,0.71,3.29,0.71,3.29,7.0,16.0,0.24,1.1
HungaryNBI,2425,2024-10-27,Nyíregyháza Spartacus,Zalaegerszeg,1,1,0.63,1.04,0.63,1.04,9.0,7.0,0.88,0.73
HungaryNBI,2425,2024-10-27,Paks,Kecskemét,1,0,3.08,0.95,2.32,0.95,18.0,11.0,1.06,0.74
HungaryNBI,2425,2024-10-26,Fehérvár,Debrecen,2,0,1.75,1.35,1.75,1.35,16.0,11.0,0.23,1.17
HungaryNBI,2425,2024-10-26,MTK,Újpest,4,1,2.21,1.67,2.21,1.67,14.0,12.0,0.75,0.25
HungaryNBI,2425,2024-10-26,Puskás,Diósgyőr,1,1,3.36,0.77,3.36,0.77,26.0,3.0,1.46,0.35
HungaryNBI,2425,2024-10-20,Ferencváros,Fehérvár,2,0,2.12,1.39,1.36,1.39,10.0,12.0,0.46,1.1
HungaryNBI,2425,2024-10-20,Kecskemét,Puskás,0,3,1.97,2.92,1.97,2.16,14.0,17.0,0.92,1.11
HungaryNBI,2425,2024-10-20,Zalaegerszeg,Győri ETO,1,2,1.25,1.6,1.25,1.6,10.0,9.0,0.66,0.57
HungaryNBI,2425,2024-10-19,Debrecen,Paks,0,5,1.49,5.96,1.49,5.2,12.0,31.0,0.72,1.33
HungaryNBI,2425,2024-10-19,Diósgyőr,MTK,0,2,1.45,1.55,1.45,1.55,11.0,21.0,0.61,0.8
HungaryNBI,2425,2024-10-19,Újpest,Nyíregyháza Spartacus,1,0,1.83,1.06,1.83,1.06,14.0,8.0,0.85,0.64
HungaryNBI,2425,2024-10-06,Paks,Ferencváros,3,1,0.83,2.82,0.83,2.82,9.0,20.0,0.54,1.52
HungaryNBI,2425,2024-10-06,Zalaegerszeg,Újpest,0,2,2.17,1.68,2.17,0.92,17.0,6.0,1.06,0.26
HungaryNBI,2425,2024-10-05,Győri ETO,Fehérvár,3,1,2.97,2.03,2.97,1.27,17.0,9.0,0.88,0.94
HungaryNBI,2425,2024-10-05,MTK,Kecskemét,3,1,1.59,1.17,1.59,1.17,18.0,9.0,0.68,1.3
HungaryNBI,2425,2024-10-05,Nyíregyháza Spartacus,Diósgyőr,0,2,2.02,1.1,2.02,1.1,16.0,7.0,1.6,0.35
HungaryNBI,2425,2024-10-04,Puskás,Debrecen,1,0,1.92,1.82,1.92,1.82,16.0,10.0,2.01,0.63
HungaryNBI,2425,2024-09-29,Fehérvár,Paks,1,2,1.45,3.41,1.45,1.89,10.0,13.0,0.55,1.26
HungaryNBI,2425,2024-09-29,Ferencváros,Puskás,3,0,1.6,1.08,1.6,1.08,11.0,12.0,1.32,0.53
HungaryNBI,2425,2024-09-28,Debrecen,MTK,2,3,1.75,2.47,1.75,2.47,13.0,16.0,0.85,0.94
HungaryNBI,2425,2024-09-28,Diósgyőr,Zalaegerszeg,2,1,1.27,2.25,1.27,2.25,10.0,19.0,0.51,1.2
HungaryNBI,2425,2024-09-28,Kecskemét,Nyíregyháza Spartacus,0,2,2.49,1.46,2.49,1.46,24.0,10.0,0.53,0.57
HungaryNBI,2425,2024-09-27,Újpest,Győri ETO,0,0,1.61,1.09,1.61,1.09,17.0,10.0,0.47,0.46
HungaryNBI,2425,2024-09-22,Győri ETO,Paks,2,1,1.53,1.68,1.53,1.68,10.0,8.0,0.59,0.74
HungaryNBI,2425,2024-09-22,Puskás,Fehérvár,3,0,2.26,1.88,2.26,1.88,13.0,14.0,1.13,0.99
HungaryNBI,2425,2024-09-21,Nyíregyháza Spartacus,Debrecen,3,2,2.63,2.24,2.63,1.48,15.0,13.0,1.03,0.4
HungaryNBI,2425,2024-09-21,Zalaegerszeg,Kecskemét,2,1,2.62,1.75,2.62,1.75,18.0,13.0,0.79,0.9
HungaryNBI,2425,2024-09-21,Újpest,Diósgyőr,0,0,1.05,1.26,1.05,1.26,11.0,9.0,0.45,0.91
HungaryNBI,2425,2024-09-20,MTK,Ferencváros,1,3,1.43,2.76,0.67,2.76,10.0,17.0,0.69,1.0
HungaryNBI,2425,2024-09-01,Ferencváros,Nyíregyháza Spartacus,2,1,2.73,1.56,1.97,1.56,15.0,15.0,1.45,0.79
HungaryNBI,2425,2024-09-01,Kecskemét,Újpest,1,3,0.78,1.8,0.78,1.8,9.0,13.0,0.9,0.97
HungaryNBI,2425,2024-09-01,Paks,Puskás,2,1,2.43,0.63,1.67,0.63,11.0,7.0,1.0,0.53
HungaryNBI,2425,2024-08-31,Debrecen,Zalaegerszeg,3,1,3.36,0.68,2.6,0.68,23.0,5.0,1.02,0.56
HungaryNBI,2425,2024-08-31,Diósgyőr,Győri ETO,0,0,2.2,0.84,2.2,0.84,17.0,8.0,0.72,0.34
HungaryNBI,2425,2024-08-30,Fehérvár,MTK,1,0,1.36,1.25,1.36,1.25,10.0,12.0,1.1,0.86
HungaryNBI,2425,2024-08-25,Nyíregyháza Spartacus,Fehérvár,3,3,2.62,0.51,2.62,0.51,18.0,6.0,0.82,0.23
HungaryNBI,2425,2024-08-24,Diósgyőr,Kecskemét,1,0,3.77,1.42,3.77,1.42,23.0,9.0,1.09,0.97
HungaryNBI,2425,2024-08-23,Újpest,Debrecen,3,0,2.19,1.13,1.43,1.13,11.0,16.0,0.83,0.65
HungaryNBI,2425,2024-08-18,Fehérvár,Zalaegerszeg,1,1,2.98,2.51,2.98,2.51,22.0,18.0,1.08,0.46
HungaryNBI,2425,2024-08-18,Paks,Nyíregyháza Spartacus,2,1,1.36,1.4,1.36,1.4,13.0,9.0,0.65,1.0
HungaryNBI,2425,2024-08-18,Puskás,MTK,1,0,1.01,1.25,1.01,1.25,9.0,14.0,1.0,0.39
HungaryNBI,2425,2024-08-17,Debrecen,Diósgyőr,0,1,2.01,2.28,2.01,2.28,21.0,14.0,0.74,0.78
HungaryNBI,2425,2024-08-17,Ferencváros,Újpest,1,0,2.3,0.41,2.3,0.41,17.0,4.0,0.88,0.38
HungaryNBI,2425,2024-08-16,Kecskemét,Győri ETO,2,1,2.11,2.1,2.11,2.1,13.0,20.0,0.38,1.39
HungaryNBI,2425,2024-08-11,Győri ETO,MTK,1,2,0.72,1.75,0.72,0.23,12.0,6.0,0.47,0.15
HungaryNBI,2425,2024-08-11,Puskás,Nyíregyháza Spartacus,3,1,3.62,0.51,2.86,0.51,20.0,5.0,1.6,0.38
HungaryNBI,2425,2024-08-11,Újpest,Fehérvár,4,1,1.81,1.32,1.81,1.32,13.0,14.0,0.52,0.66
HungaryNBI,2425,2024-08-10,Diósgyőr,Ferencváros,0,2,0.34,3.76,0.34,3.0,2.0,26.0,0.38,0.82
HungaryNBI,2425,2024-08-10,Zalaegerszeg,Paks,3,1,3.02,2.9,3.02,2.9,16.0,19.0,1.73,1.33
HungaryNBI,2425,2024-08-09,Kecskemét,Debrecen,1,1,2.65,0.41,2.65,0.41,17.0,5.0,0.89,0.13
HungaryNBI,2425,2024-08-04,Paks,Újpest,2,1,2.17,0.79,2.17,0.79,15.0,9.0,0.9,0.81
HungaryNBI,2425,2024-08-04,Puskás,Zalaegerszeg,2,1,1.11,0.38,1.11,0.38,11.0,6.0,1.16,0.41
HungaryNBI,2425,2024-08-03,Fehérvár,Diósgyőr,3,1,1.62,1.53,1.62,1.53,13.0,10.0,0.57,0.66
HungaryNBI,2425,2024-08-03,Ferencváros,Kecskemét,1,0,2.81,0.52,2.81,0.52,18.0,5.0,0.98,0.45
HungaryNBI,2425,2024-08-03,MTK,Nyíregyháza Spartacus,3,0,2.38,0.47,1.62,0.47,18.0,8.0,0.65,0.34
HungaryNBI,2425,2024-08-02,Győri ETO,Debrecen,0,3,2.24,1.14,2.24,1.14,21.0,8.0,0.9,0.29
HungaryNBI,2425,2024-07-28,Diósgyőr,Paks,2,2,1.31,1.99,1.31,1.23,10.0,14.0,0.65,0.57
HungaryNBI,2425,2024-07-28,Kecskemét,Fehérvár,0,0,1.55,0.96,1.55,0.96,17.0,9.0,0.69,0.55
HungaryNBI,2425,2024-07-28,Újpest,Puskás,1,2,1.63,1.76,1.63,1.76,14.0,11.0,0.56,0.44
HungaryNBI,2425,2024-07-26,Nyíregyháza Spartacus,Győri ETO,2,1,2.16,0.91,1.4,0.91,14.0,12.0,0.52,0.6
HungaryNBI,2425,2024-07-26,Zalaegerszeg,MTK,0,1,1.09,1.43,1.09,1.43,11.0,10.0,0.5,1.52
HungaryNBI,2526,2026-05-16,Kisvárda,Győri ETO,0,1,1.35,2.41,1.35,2.41,13.0,13.0,0.34,0.75
HungaryNBI,2526,2026-05-16,Ferencváros,Zalaegerszeg,3,0,2.25,1.39,2.25,1.39,14.0,10.0,1.04,0.17
HungaryNBI,2526,2026-05-16,Debrecen,Újpest,2,1,2.67,1.51,2.67,0.75,22.0,11.0,0.48,0.29
HungaryNBI,2526,2026-05-16,Diósgyőr,Paks,1,3,0.86,3.35,0.86,2.59,10.0,21.0,0.54,0.98
HungaryNBI,2526,2026-05-15,Puskás,MTK,2,2,2.35,2.34,1.59,1.58,15.0,14.0,1.08,0.43
HungaryNBI,2526,2026-05-15,Nyíregyháza Spartacus,Kazincbarcika,2,2,3.11,1.19,3.11,1.19,30.0,6.0,1.44,0.83
HungaryNBI,2526,2026-05-03,Újpest,Ferencváros,0,5,0.55,3.3,0.55,3.3,10.0,14.0,0.3,0.93
HungaryNBI,2526,2026-05-03,Paks,Debrecen,5,2,2.75,1.34,1.99,1.34,12.0,10.0,0.73,0.63
HungaryNBI,2526,2026-05-02,Győri ETO,Diósgyőr,4,0,3.46,0.75,3.46,0.75,16.0,5.0,1.08,0.08
HungaryNBI,2526,2026-05-02,Kazincbarcika,Kisvárda,2,1,0.85,0.57,0.85,0.57,8.0,6.0,0.43,1.15
HungaryNBI,2526,2026-05-02,MTK,Nyíregyháza Spartacus,1,1,2.84,3.74,2.84,2.98,14.0,21.0,1.12,1.7
HungaryNBI,2526,2026-05-01,Zalaegerszeg,Puskás,1,3,1.24,2.79,1.24,2.79,10.0,12.0,1.27,0.44
HungaryNBI,2526,2026-04-26,Debrecen,Győri ETO,1,1,1.42,0.84,1.42,0.84,13.0,9.0,1.43,0.68
HungaryNBI,2526,2026-04-26,Ferencváros,Paks,2,0,3.11,0.93,3.11,0.93,16.0,7.0,1.28,0.55
HungaryNBI,2526,2026-04-25,Nyíregyháza Spartacus,Zalaegerszeg,2,1,2.39,1.34,2.39,1.34,13.0,14.0,0.59,1.04
HungaryNBI,2526,2026-04-25,Puskás,Újpest,2,0,2.73,1.19,2.73,1.19,22.0,12.0,1.03,0.64
HungaryNBI,2526,2026-04-25,Kisvárda,Diósgyőr,1,2,1.73,2.27,1.73,1.51,10.0,10.0,0.31,0.25
HungaryNBI,2526,2026-04-24,Kazincbarcika,MTK,0,0,1.09,1.59,1.09,1.59,9.0,18.0,0.28,1.06
HungaryNBI,2526,2026-04-19,Győri ETO,Ferencváros,1,0,1.64,2.78,1.64,2.78,13.0,16.0,0.87,0.5
HungaryNBI,2526,2026-04-19,Paks,Puskás,1,0,1.65,2.43,0.89,2.43,9.0,17.0,0.64,1.27
HungaryNBI,2526,2026-04-18,Diósgyőr,Debrecen,0,5,0.9,1.98,0.9,1.98,13.0,17.0,0.4,0.68
HungaryNBI,2526,2026-04-18,MTK,Kisvárda,2,1,3.08,0.67,3.08,0.67,22.0,8.0,0.92,0.5
HungaryNBI,2526,2026-04-18,Zalaegerszeg,Kazincbarcika,4,0,2.97,0.6,2.21,0.6,17.0,8.0,0.97,0.7
HungaryNBI,2526,2026-04-17,Újpest,Nyíregyháza Spartacus,7,2,3.72,1.66,3.72,1.66,15.0,16.0,0.49,0.33
HungaryNBI,2526,2026-04-14,Ferencváros,Puskás,2,1,2.39,1.37,2.39,1.37,10.0,7.0,0.54,0.3
HungaryNBI,2526,2026-04-13,Kisvárda,Debrecen,0,0,0.33,1.4,0.33,1.4,9.0,12.0,0.32,0.96
HungaryNBI,2526,2026-04-11,Nyíregyháza Spartacus,Paks,2,0,1.88,0.02,1.88,0.02,14.0,2.0,1.5,1.19
HungaryNBI,2526,2026-04-11,MTK,Zalaegerszeg,3,0,3.33,0.48,3.33,0.48,14.0,11.0,1.11,0.66
HungaryNBI,2526,2026-04-11,Kazincbarcika,Újpest,0,3,1.06,1.68,1.06,1.68,10.0,15.0,0.4,1.13
HungaryNBI,2526,2026-04-10,Ferencváros,Diósgyőr,3,1,3.68,0.78,3.68,0.78,12.0,8.0,0.88,0.33
HungaryNBI,2526,2026-04-10,Puskás,Győri ETO,1,4,1.16,2.08,1.16,2.08,9.0,18.0,0.29,0.79
HungaryNBI,2526,2026-04-05,Győri ETO,Nyíregyháza Spartacus,1,0,2.49,1.54,1.73,1.54,14.0,13.0,0.68,0.51
HungaryNBI,2526,2026-04-05,Debrecen,Ferencváros,0,2,1.54,3.09,1.54,3.09,16.0,16.0,0.46,0.86
HungaryNBI,2526,2026-04-05,Diósgyőr,Puskás,1,2,1.9,1.11,1.9,0.35,8.0,7.0,0.63,0.81
HungaryNBI,2526,2026-04-04,Újpest,MTK,2,2,2.48,1.55,1.72,0.79,16.0,12.0,1.37,0.2
HungaryNBI,2526,2026-04-04,Paks,Kazincbarcika,5,1,4.5,0.91,3.74,0.91,21.0,7.0,1.07,0.54
HungaryNBI,2526,2026-04-04,Zalaegerszeg,Kisvárda,2,0,2.28,1.16,2.28,1.16,11.0,8.0,0.42,0.57
HungaryNBI,2526,2026-03-22,Kisvárda,Ferencváros,1,1,0.93,0.54,0.93,0.54,10.0,11.0,0.31,0.92
HungaryNBI,2526,2026-03-22,Kazincbarcika,Győri ETO,1,3,1.43,2.38,1.43,2.38,9.0,24.0,0.31,0.99
HungaryNBI,2526,2026-03-22,Puskás,Debrecen,1,1,1.59,2.45,1.59,1.69,13.0,13.0,0.85,1.03
HungaryNBI,2526,2026-03-21,Zalaegerszeg,Újpest,2,0,2.78,0.89,2.78,0.89,20.0,12.0,0.62,0.57
HungaryNBI,2526,2026-03-21,Nyíregyháza Spartacus,Diósgyőr,3,1,1.76,0.74,1.76,0.74,14.0,12.0,0.65,0.28
HungaryNBI,2526,2026-03-20,MTK,Paks,0,2,2.8,2.33,2.8,2.33,13.0,7.0,1.07,0.6
HungaryNBI,2526,2026-03-14,Debrecen,Nyíregyháza Spartacus,1,1,1.2,0.71,1.2,0.71,18.0,6.0,0.59,0.72
HungaryNBI,2526,2026-03-14,Paks,Zalaegerszeg,1,1,3.7,0.6,2.94,0.6,15.0,9.0,1.39,0.61
HungaryNBI,2526,2026-03-14,Újpest,Kisvárda,2,1,2.03,2.27,1.27,2.27,14.0,11.0,0.49,0.79
HungaryNBI,2526,2026-03-13,Győri ETO,MTK,0,0,1.01,0.6,1.01,0.6,18.0,6.0,1.19,0.21
HungaryNBI,2526,2026-03-13,Diósgyőr,Kazincbarcika,0,4,1.97,2.18,1.97,1.42,12.0,10.0,1.22,0.58
HungaryNBI,2526,2026-03-08,Nyíregyháza Spartacus,Ferencváros,1,3,0.78,4.1,0.78,4.1,9.0,16.0,0.65,0.56
HungaryNBI,2526,2026-03-08,Kazincbarcika,Debrecen,0,3,2.14,2.92,2.14,2.92,13.0,19.0,0.66,0.86
HungaryNBI,2526,2026-03-08,MTK,Diósgyőr,1,1,1.69,1.81,1.69,1.05,12.0,14.0,0.57,0.54
HungaryNBI,2526,2026-03-07,Újpest,Paks,0,0,0.29,2.06,0.29,2.06,5.0,17.0,0.47,1.85
HungaryNBI,2526,2026-03-07,Zalaegerszeg,Győri ETO,2,1,0.68,0.88,0.68,0.88,10.0,9.0,0.24,0.62
HungaryNBI,2526,2026-03-06,Kisvárda,Puskás,1,0,1.15,0.91,1.15,0.91,8.0,17.0,0.56,0.64
HungaryNBI,2526,2026-03-01,Ferencváros,Kazincbarcika,2,1,3.88,0.53,3.12,0.53,20.0,5.0,1.4,0.1
HungaryNBI,2526,2026-03-01,Puskás,Nyíregyháza Spartacus,1,2,1.25,1.54,1.25,0.78,8.0,10.0,0.24,0.65
HungaryNBI,2526,2026-02-28,Győri ETO,Újpest,2,1,1.25,0.98,1.25,0.98,15.0,7.0,0.99,0.7
HungaryNBI,2526,2026-02-28,Diósgyőr,Zalaegerszeg,1,1,1.07,1.0,1.07,1.0,9.0,5.0,0.72,0.35
HungaryNBI,2526,2026-02-28,Kisvárda,Paks,2,1,2.82,1.17,2.06,0.41,10.0,8.0,0.45,0.71
HungaryNBI,2526,2026-02-27,Debrecen,MTK,2,2,2.74,0.72,2.74,0.72,21.0,9.0,0.68,0.44
HungaryNBI,2526,2026-02-23,MTK,Ferencváros,1,3,0.77,1.39,0.77,1.39,7.0,17.0,0.42,0.02
HungaryNBI,2526,2026-02-22,Paks,Győri ETO,3,4,3.25,2.01,2.49,2.01,20.0,16.0,1.46,1.38
HungaryNBI,2526,2026-02-22,Zalaegerszeg,Debrecen,1,1,1.77,1.09,1.77,1.09,11.0,11.0,0.67,0.72
HungaryNBI,2526,2026-02-21,Újpest,Diósgyőr,2,1,1.72,1.68,1.72,0.92,15.0,12.0,0.35,0.63
HungaryNBI,2526,2026-02-21,Kazincbarcika,Puskás,0,2,1.86,2.38,1.86,2.38,9.0,15.0,0.34,0.69
HungaryNBI,2526,2026-02-21,Nyíregyháza Spartacus,Kisvárda,2,2,2.83,1.44,2.83,1.44,21.0,8.0,0.97,0.48
HungaryNBI,2526,2026-02-15,Győri ETO,Kisvárda,1,0,1.28,0.72,1.28,0.72,12.0,8.0,0.4,0.15
HungaryNBI,2526,2026-02-15,Kazincbarcika,Nyíregyháza Spartacus,0,4,1.24,2.14,1.24,1.38,10.0,13.0,0.59,1.13
HungaryNBI,2526,2026-02-14,Paks,Diósgyőr,1,2,2.98,1.91,2.22,1.15,16.0,11.0,1.09,0.48
HungaryNBI,2526,2026-02-14,Zalaegerszeg,Ferencváros,3,1,3.25,0.69,2.49,0.69,16.0,11.0,0.38,0.32
HungaryNBI,2526,2026-02-14,MTK,Puskás,2,2,1.8,2.39,1.8,0.87,14.0,8.0,0.84,0.51
HungaryNBI,2526,2026-02-13,Újpest,Debrecen,2,1,3.17,1.56,3.17,0.8,11.0,12.0,1.31,0.68
HungaryNBI,2526,2026-02-08,Nyíregyháza Spartacus,MTK,4,2,2.63,0.95,1.87,0.95,21.0,9.0,0.87,0.33
HungaryNBI,2526,2026-02-08,Puskás,Zalaegerszeg,0,1,1.93,1.43,1.93,1.43,20.0,11.0,1.29,0.6
HungaryNBI,2526,2026-02-07,Ferencváros,Újpest,3,0,3.03,0.71,3.03,0.71,19.0,8.0,0.9,0.61
HungaryNBI,2526,2026-02-07,Debrecen,Paks,1,0,2.26,0.77,2.26,0.77,15.0,12.0,0.89,0.97
HungaryNBI,2526,2026-02-07,Diósgyőr,Győri ETO,1,1,2.71,3.69,2.71,2.93,11.0,18.0,0.49,0.91
HungaryNBI,2526,2026-02-06,Kisvárda,Kazincbarcika,1,0,2.27,1.36,1.51,1.36,16.0,12.0,0.64,0.3
HungaryNBI,2526,2026-02-01,Zalaegerszeg,Nyíregyháza Spartacus,0,1,1.92,1.43,1.92,1.43,16.0,12.0,1.04,0.62
HungaryNBI,2526,2026-02-01,Paks,Ferencváros,0,1,1.76,1.29,1.76,1.29,12.0,11.0,1.31,0.47
HungaryNBI,2526,2026-02-01,Diósgyőr,Kisvárda,1,1,0.96,2.13,0.96,1.37,8.0,12.0,0.79,0.7
HungaryNBI,2526,2026-01-31,Újpest,Puskás,0,1,0.59,0.99,0.59,0.99,12.0,11.0,0.58,0.71
HungaryNBI,2526,2026-01-31,Győri ETO,Debrecen,2,2,3.09,1.22,1.57,1.22,15.0,9.0,1.19,0.55
HungaryNBI,2526,2026-01-31,MTK,Kazincbarcika,1,3,3.94,2.64,3.94,2.64,23.0,16.0,1.94,1.06
HungaryNBI,2526,2026-01-25,Ferencváros,Győri ETO,1,3,2.84,1.67,2.84,1.67,17.0,14.0,1.12,0.69
HungaryNBI,2526,2026-01-25,Kazincbarcika,Zalaegerszeg,0,1,0.37,0.74,0.37,0.74,8.0,16.0,0.59,0.36
HungaryNBI,2526,2026-01-25,Debrecen,Diósgyőr,3,2,1.36,2.29,1.36,2.29,11.0,16.0,0.77,0.95
HungaryNBI,2526,2026-01-24,Puskás,Paks,1,2,2.08,3.07,1.32,2.31,11.0,23.0,1.08,0.96
HungaryNBI,2526,2026-01-24,Kisvárda,MTK,2,3,2.36,2.46,2.36,1.7,14.0,11.0,1.26,0.86
HungaryNBI,2526,2026-01-24,Nyíregyháza Spartacus,Újpest,1,1,1.49,0.9,0.73,0.9,14.0,12.0,0.69,0.67
HungaryNBI,2526,2025-12-21,Debrecen,Kisvárda,0,1,1.36,0.84,1.36,0.84,14.0,7.0,0.99,0.32
HungaryNBI,2526,2025-12-21,Újpest,Kazincbarcika,2,1,3.13,0.41,3.13,0.41,17.0,4.0,1.56,0.11
HungaryNBI,2526,2025-12-20,Győri ETO,Puskás,2,0,1.45,0.78,1.45,0.78,14.0,7.0,0.48,0.48
HungaryNBI,2526,2025-12-20,Paks,Nyíregyháza Spartacus,2,1,2.75,2.1,2.75,2.1,15.0,16.0,0.57,0.59
HungaryNBI,2526,2025-12-20,Zalaegerszeg,MTK,1,1,4.45,1.14,3.69,1.14,17.0,11.0,1.2,0.46
HungaryNBI,2526,2025-12-19,Diósgyőr,Ferencváros,0,1,0.43,3.16,0.43,3.16,5.0,17.0,0.46,0.86
HungaryNBI,2526,2025-12-14,Kisvárda,Zalaegerszeg,3,3,1.54,2.53,1.54,2.53,9.0,18.0,0.33,0.72
HungaryNBI,2526,2025-12-14,Ferencváros,Debrecen,0,1,1.85,1.75,1.85,1.75,13.0,12.0,1.51,0.57
HungaryNBI,2526,2025-12-14,Kazincbarcika,Paks,0,2,0.78,3.25,0.78,3.25,8.0,26.0,0.58,2.41
HungaryNBI,2526,2025-12-13,MTK,Újpest,3,4,1.44,1.45,1.44,1.45,14.0,16.0,0.68,0.54
HungaryNBI,2526,2025-12-13,Puskás,Diósgyőr,2,1,1.32,1.47,1.32,1.47,13.0,7.0,0.36,0.78
HungaryNBI,2526,2025-12-13,Nyíregyháza Spartacus,Győri ETO,0,1,2.87,2.22,2.87,2.22,22.0,14.0,1.31,0.71
HungaryNBI,2526,2025-12-07,Újpest,Zalaegerszeg,0,2,0.94,1.94,0.94,1.94,12.0,13.0,0.67,0.66
HungaryNBI,2526,2025-12-07,Ferencváros,Kisvárda,3,0,3.62,0.88,2.86,0.88,14.0,7.0,0.85,0.46
HungaryNBI,2526,2025-12-07,Győri ETO,Kazincbarcika,3,1,2.88,1.13,2.88,1.13,21.0,3.0,1.54,0.07
HungaryNBI,2526,2025-12-06,Paks,MTK,3,1,3.36,1.15,3.36,1.15,18.0,12.0,1.3,0.58
HungaryNBI,2526,2025-12-06,Debrecen,Puskás,0,1,1.49,2.06,1.49,2.06,16.0,9.0,1.0,0.88
HungaryNBI,2526,2025-12-06,Diósgyőr,Nyíregyháza Spartacus,2,0,0.69,2.63,0.69,2.63,10.0,11.0,0.6,0.82
HungaryNBI,2526,2025-12-04,Kisvárda,Ferencváros,0,1,0.56,2.11,0.56,1.35,8.0,12.0,0.54,1.09
HungaryNBI,2526,2025-12-03,Kazincbarcika,Győri ETO,1,3,1.17,1.81,1.17,1.81,10.0,20.0,0.55,1.74
HungaryNBI,2526,2025-11-30,Puskás,Ferencváros,1,2,1.88,2.36,1.88,1.6,10.0,14.0,0.4,0.58
HungaryNBI,2526,2025-11-30,Kisvárda,Újpest,3,0,1.77,1.96,1.77,1.2,17.0,8.0,1.0,0.9
HungaryNBI,2526,2025-11-29,Győri ETO,MTK,3,0,3.43,0.55,3.43,0.55,22.0,7.0,2.6,0.29
HungaryNBI,2526,2025-11-29,Kazincbarcika,Diósgyőr,1,1,1.28,2.01,1.28,2.01,10.0,13.0,0.59,0.95
HungaryNBI,2526,2025-11-29,Zalaegerszeg,Paks,1,0,2.77,0.21,2.77,0.21,18.0,4.0,0.72,0.59
HungaryNBI,2526,2025-11-28,Nyíregyháza Spartacus,Debrecen,0,3,1.4,1.36,1.4,1.36,17.0,10.0,0.65,0.38
HungaryNBI,2526,2025-11-23,Diósgyőr,MTK,4,0,4.59,0.76,3.83,0.76,24.0,9.0,1.8,0.5
HungaryNBI,2526,2025-11-23,Paks,Újpest,1,3,2.37,5.01,2.37,4.25,17.0,16.0,1.22,1.08
HungaryNBI,2526,2025-11-22,Ferencváros,Nyíregyháza Spartacus,1,3,1.57,1.74,0.81,1.74,14.0,10.0,0.67,0.48
HungaryNBI,2526,2025-11-22,Debrecen,Kazincbarcika,2,1,2.58,1.71,2.58,0.95,21.0,12.0,0.83,0.21
HungaryNBI,2526,2025-11-22,Puskás,Kisvárda,2,0,3.09,0.26,3.09,0.26,22.0,3.0,1.12,0.21
HungaryNBI,2526,2025-11-21,Győri ETO,Zalaegerszeg,0,1,2.27,2.3,2.27,2.3,26.0,13.0,0.88,0.2
HungaryNBI,2526,2025-11-09,Nyíregyháza Spartacus,Puskás,1,1,1.24,1.21,1.24,1.21,15.0,12.0,0.66,0.78
HungaryNBI,2526,2025-11-09,Kazincbarcika,Ferencváros,1,3,1.49,3.65,0.73,3.65,12.0,25.0,0.34,1.35
HungaryNBI,2526,2025-11-09,MTK,Debrecen,3,0,2.42,0.87,2.42,0.87,12.0,13.0,1.25,0.85
HungaryNBI,2526,2025-11-08,Paks,Kisvárda,5,3,1.68,2.14,1.68,2.14,13.0,12.0,0.29,0.94
HungaryNBI,2526,2025-11-08,Zalaegerszeg,Diósgyőr,2,0,2.68,0.69,2.68,0.69,17.0,10.0,0.77,0.42
HungaryNBI,2526,2025-11-08,Újpest,Győri ETO,0,3,0.47,3.21,0.47,3.21,6.0,24.0,0.38,1.84
HungaryNBI,2526,2025-11-02,Debrecen,Zalaegerszeg,2,1,2.03,2.4,2.03,2.4,12.0,13.0,0.74,1.35
HungaryNBI,2526,2025-11-02,Diósgyőr,Újpest,1,3,2.92,1.62,2.16,1.62,15.0,13.0,1.17,0.6
HungaryNBI,2526,2025-11-01,Ferencváros,MTK,4,1,3.69,0.16,3.69,0.16,26.0,2.0,1.36,0.28
HungaryNBI,2526,2025-11-01,Győri ETO,Paks,0,0,3.22,0.63,3.22,0.63,22.0,7.0,1.55,0.4
HungaryNBI,2526,2025-11-01,Kazincbarcika,Puskás,1,3,0.53,2.37,0.53,2.37,8.0,12.0,0.65,0.5
HungaryNBI,2526,2025-10-31,Kisvárda,Nyíregyháza Spartacus,0,0,1.34,0.75,1.34,0.75,15.0,6.0,1.41,0.14
HungaryNBI,2526,2025-10-26,Ferencváros,Zalaegerszeg,1,2,3.45,1.68,3.45,1.68,20.0,15.0,1.13,0.18
HungaryNBI,2526,2025-10-26,Debrecen,Újpest,5,2,2.72,1.86,2.72,1.1,22.0,12.0,0.5,0.64
HungaryNBI,2526,2025-10-26,Kisvárda,Győri ETO,3,2,1.7,2.51,1.7,2.51,11.0,11.0,0.71,1.18
HungaryNBI,2526,2025-10-25,Nyíregyháza Spartacus,Kazincbarcika,0,1,1.39,1.07,1.39,1.07,17.0,10.0,1.34,0.68
HungaryNBI,2526,2025-10-25,Diósgyőr,Paks,2,1,1.59,1.73,1.59,1.73,15.0,16.0,1.08,0.78
HungaryNBI,2526,2025-10-25,Puskás,MTK,1,1,1.02,4.12,1.02,4.12,9.0,28.0,0.48,2.34
HungaryNBI,2526,2025-10-19,Újpest,Ferencváros,1,1,1.37,0.52,1.37,0.52,13.0,9.0,0.88,0.71
HungaryNBI,2526,2025-10-19,Zalaegerszeg,Puskás,0,1,0.82,1.47,0.82,1.47,7.0,10.0,0.49,1.26
HungaryNBI,2526,2025-10-19,Kazincbarcika,Kisvárda,0,1,0.31,1.86,0.31,1.86,8.0,14.0,0.89,0.63
HungaryNBI,2526,2025-10-18,Győri ETO,Diósgyőr,3,1,2.82,0.55,2.82,0.55,24.0,4.0,1.3,0.31
HungaryNBI,2526,2025-10-18,Paks,Debrecen,1,1,2.76,1.98,2.76,1.98,21.0,9.0,1.55,0.63
HungaryNBI,2526,2025-10-18,MTK,Nyíregyháza Spartacus,5,1,2.0,1.35,2.0,1.35,13.0,16.0,0.21,0.75
HungaryNBI,2526,2025-10-05,Kisvárda,Diósgyőr,1,0,0.96,0.46,0.96,0.46,11.0,5.0,0.8,0.83
HungaryNBI,2526,2025-10-05,Ferencváros,Paks,2,2,2.37,1.21,2.37,0.45,16.0,10.0,1.03,0.51
HungaryNBI,2526,2025-10-04,Debrecen,Győri ETO,1,1,1.24,3.17,1.24,2.41,13.0,21.0,0.23,1.32
HungaryNBI,2526,2025-10-04,Puskás,Újpest,0,0,1.69,1.45,1.69,1.45,16.0,11.0,0.63,0.62
HungaryNBI,2526,2025-10-04,Nyíregyháza Spartacus,Zalaegerszeg,3,1,2.75,0.84,2.75,0.84,23.0,4.0,0.88,0.5
HungaryNBI,2526,2025-10-03,Kazincbarcika,MTK,3,1,2.27,2.41,1.51,2.41,12.0,17.0,0.41,1.68
HungaryNBI,2526,2025-09-28,Győri ETO,Ferencváros,0,2,1.5,1.47,1.5,1.47,14.0,9.0,0.69,0.54
HungaryNBI,2526,2025-09-28,MTK,Kisvárda,4,0,3.01,1.9,3.01,1.9,9.0,22.0,0.71,0.94
HungaryNBI,2526,2025-09-27,Paks,Puskás,3,2,3.02,1.22,2.26,1.22,23.0,10.0,1.63,0.68
HungaryNBI,2526,2025-09-27,Diósgyőr,Debrecen,0,0,1.09,1.42,1.09,1.42,10.0,14.0,0.43,0.45
HungaryNBI,2526,2025-09-27,Zalaegerszeg,Kazincbarcika,5,0,3.38,0.68,3.38,0.68,19.0,9.0,0.28,0.84
HungaryNBI,2526,2025-09-26,Újpest,Nyíregyháza Spartacus,2,2,2.4,1.07,2.4,1.07,12.0,16.0,0.99,0.66
HungaryNBI,2526,2025-09-21,MTK,Zalaegerszeg,1,0,2.54,1.15,2.54,1.15,20.0,11.0,0.81,0.8
HungaryNBI,2526,2025-09-21,Kisvárda,Debrecen,0,1,1.71,2.28,1.71,2.28,15.0,15.0,1.38,1.13
HungaryNBI,2526,2025-09-20,Puskás,Győri ETO,0,2,2.26,1.24,2.26,0.48,15.0,8.0,1.9,0.74
HungaryNBI,2526,2025-09-20,Kazincbarcika,Újpest,2,0,1.29,1.87,1.29,1.87,10.0,17.0,0.4,0.87
HungaryNBI,2526,2025-09-20,Nyíregyháza Spartacus,Paks,1,1,1.91,1.49,1.91,1.49,14.0,15.0,0.65,1.24
HungaryNBI,2526,2025-09-19,Ferencváros,Diósgyőr,2,2,1.76,2.27,1.76,2.27,23.0,9.0,1.82,0.9
HungaryNBI,2526,2025-08-31,Debrecen,Ferencváros,0,3,0.97,1.52,0.97,1.52,12.0,14.0,0.21,1.51
HungaryNBI,2526,2025-08-31,Győri ETO,Nyíregyháza Spartacus,1,0,1.49,0.88,1.49,0.88,12.0,8.0,0.67,0.31
HungaryNBI,2526,2025-08-30,Újpest,MTK,1,2,3.4,0.65,3.4,0.65,24.0,8.0,1.49,0.29
HungaryNBI,2526,2025-08-30,Diósgyőr,Puskás,1,1,2.5,1.5,2.5,0.74,9.0,13.0,0.86,0.64
HungaryNBI,2526,2025-08-30,Zalaegerszeg,Kisvárda,1,2,1.45,1.4,1.45,0.64,10.0,7.0,0.97,0.82
HungaryNBI,2526,2025-08-29,Paks,Kazincbarcika,3,0,6.31,0.82,5.55,0.82,32.0,7.0,2.64,0.67
HungaryNBI,2526,2025-08-24,MTK,Paks,2,3,4.39,2.61,4.39,1.09,25.0,16.0,1.23,0.6
HungaryNBI,2526,2025-08-23,Nyíregyháza Spartacus,Diósgyőr,1,4,1.59,3.91,1.59,2.39,13.0,13.0,0.47,0.69
HungaryNBI,2526,2025-08-23,Zalaegerszeg,Újpest,1,4,1.83,2.71,1.07,1.95,10.0,14.0,0.79,0.62
HungaryNBI,2526,2025-08-22,Puskás,Debrecen,1,3,2.52,0.9,2.52,0.9,19.0,10.0,1.06,0.25
HungaryNBI,2526,2025-08-17,Paks,Zalaegerszeg,2,2,2.68,2.2,2.68,1.44,28.0,6.0,1.69,0.41
HungaryNBI,2526,2025-08-17,MTK,Győri ETO,2,7,1.56,5.14,1.56,5.14,10.0,20.0,0.65,0.92
HungaryNBI,2526,2025-08-17,Debrecen,Nyíregyháza Spartacus,1,2,1.2,0.81,1.2,0.81,15.0,8.0,0.76,0.95
HungaryNBI,2526,2025-08-16,Ferencváros,Puskás,1,2,2.5,1.18,2.5,1.18,19.0,12.0,1.56,0.86
HungaryNBI,2526,2025-08-16,Diósgyőr,Kazincbarcika,2,2,3.42,1.7,2.66,0.94,19.0,7.0,0.87,0.17
HungaryNBI,2526,2025-08-15,Újpest,Kisvárda,0,1,1.43,0.64,1.43,0.64,16.0,8.0,1.08,0.72
HungaryNBI,2526,2025-08-10,Újpest,Paks,1,2,2.2,1.93,2.2,1.93,15.0,18.0,1.07,1.31
HungaryNBI,2526,2025-08-10,Kisvárda,Puskás,2,1,2.75,2.55,2.75,1.79,11.0,14.0,0.39,0.7
HungaryNBI,2526,2025-08-10,Zalaegerszeg,Győri ETO,1,1,1.99,2.63,1.23,2.63,11.0,17.0,0.68,1.52
HungaryNBI,2526,2025-08-09,Nyíregyháza Spartacus,Ferencváros,1,4,1.92,2.47,1.16,1.71,13.0,12.0,0.24,0.91
HungaryNBI,2526,2025-08-09,MTK,Diósgyőr,5,0,3.12,0.83,1.6,0.83,16.0,12.0,0.54,0.46
HungaryNBI,2526,2025-08-08,Kazincbarcika,Debrecen,1,2,1.82,1.17,1.82,0.41,10.0,6.0,0.59,0.19
HungaryNBI,2526,2025-08-03,Győri ETO,Újpest,1,1,1.98,0.62,1.98,0.62,17.0,8.0,1.16,0.28
HungaryNBI,2526,2025-08-03,Kisvárda,Paks,1,5,1.89,1.45,1.89,1.45,14.0,17.0,1.6,0.68
HungaryNBI,2526,2025-08-03,Puskás,Nyíregyháza Spartacus,3,2,2.25,0.73,2.25,0.73,16.0,5.0,0.89,0.5
HungaryNBI,2526,2025-08-02,Ferencváros,Kazincbarcika,3,0,2.56,0.88,1.8,0.88,19.0,10.0,1.26,0.17
HungaryNBI,2526,2025-08-02,Diósgyőr,Zalaegerszeg,2,2,2.74,2.35,2.74,2.35,14.0,19.0,0.93,0.74
HungaryNBI,2526,2025-08-01,Debrecen,MTK,1,0,1.03,3.13,1.03,3.13,13.0,25.0,0.28,1.32
HungaryNBI,2526,2025-07-27,Puskás,Kazincbarcika,2,1,2.91,0.94,2.91,0.94,21.0,7.0,1.28,0.14
HungaryNBI,2526,2025-07-27,Paks,Győri ETO,3,3,2.54,2.8,1.78,2.04,13.0,13.0,0.81,0.75
HungaryNBI,2526,2025-07-27,Nyíregyháza Spartacus,Kisvárda,1,1,1.47,0.86,0.71,0.86,6.0,7.0,0.55,0.34
HungaryNBI,2526,2025-07-26,MTK,Ferencváros,1,1,0.92,2.1,0.92,2.1,11.0,19.0,0.61,0.99
HungaryNBI,2526,2025-07-26,Zalaegerszeg,Debrecen,3,3,3.21,3.29,3.21,2.53,15.0,17.0,0.97,0.67
HungaryNBI,2526,2025-07-25,Újpest,Diósgyőr,3,1,2.13,1.6,2.13,0.84,19.0,12.0,0.94,0.87
HungaryNBI,2627,2026-09-06,Győri ETO,Honvéd,3,2,1.8,1.46,1.04,1.46,17.0,18.0,0.15,0.36
HungaryNBI,2627,2026-09-06,Ferencváros,Újpest,2,2,3.23,3.22,3.23,3.22,19.0,10.0,1.37,0.41
HungaryNBI,2627,2026-09-06,Zalaegerszeg,Puskás,1,0,0.58,2.26,0.58,2.26,8.0,16.0,0.25,1.26
HungaryNBI,2627,2026-09-05,Paks,Debrecen,2,4,2.54,4.15,2.54,4.15,34.0,15.0,1.24,0.66
HungaryNBI,2627,2026-09-05,MTK,Kisvárda,1,2,3.23,0.86,3.23,0.86,25.0,10.0,1.0,0.6
HungaryNBI,2627,2026-09-04,Vasas,Nyíregyháza Spartacus,3,2,3.39,2.53,3.39,2.53,14.0,17.0,0.86,0.83
HungaryNBI,2627,2026-09-03,Győri ETO,Ferencváros,0,3,1.97,3.02,1.21,3.02,11.0,16.0,0.26,0.9
HungaryNBI,2627,2026-08-30,Puskás,Ferencváros,1,2,0.5,2.31,0.5,1.55,7.0,17.0,0.32,0.43
HungaryNBI,2627,2026-08-30,Kisvárda,Győri ETO,1,1,2.35,1.54,2.35,1.54,18.0,10.0,0.86,0.67
HungaryNBI,2627,2026-08-29,Újpest,Vasas,3,1,2.78,1.63,2.02,1.63,13.0,15.0,1.44,0.72
HungaryNBI,2627,2026-08-29,Honvéd,Zalaegerszeg,1,0,2.41,1.83,2.41,1.83,18.0,9.0,0.99,0.42
HungaryNBI,2627,2026-08-29,Nyíregyháza Spartacus,Paks,1,1,4.06,1.06,4.06,1.06,21.0,10.0,1.2,0.66
HungaryNBI,2627,2026-08-28,Debrecen,MTK,2,2,3.25,2.15,3.25,1.39,21.0,15.0,1.8,0.7
HungaryNBI,2627,2026-08-23,Győri ETO,Zalaegerszeg,3,0,3.01,1.38,3.01,1.38,10.0,24.0,0.93,0.62
HungaryNBI,2627,2026-08-23,Kisvárda,Debrecen,0,0,3.55,0.76,3.55,0.76,22.0,9.0,0.82,0.5
HungaryNBI,2627,2026-08-22,MTK,Nyíregyháza Spartacus,2,1,2.32,2.72,2.32,1.96,11.0,17.0,0.52,0.86
HungaryNBI,2627,2026-08-22,Vasas,Puskás,0,1,1.99,2.63,1.99,2.63,18.0,21.0,0.67,1.48
HungaryNBI,2627,2026-08-21,Paks,Újpest,2,0,2.83,1.9,2.83,1.9,18.0,22.0,1.27,0.93
HungaryNBI,2627,2026-08-17,Zalaegerszeg,Ferencváros,0,1,1.37,2.23,1.37,1.47,9.0,12.0,1.05,0.48
HungaryNBI,2627,2026-08-16,Puskás,Paks,3,2,3.97,3.52,3.21,3.52,14.0,21.0,0.92,1.67
HungaryNBI,2627,2026-08-16,Debrecen,Győri ETO,1,1,3.74,2.13,3.74,2.13,24.0,12.0,1.27,0.85
HungaryNBI,2627,2026-08-15,Nyíregyháza Spartacus,Kisvárda,2,1,2.74,0.91,2.74,0.91,32.0,12.0,1.24,0.53
HungaryNBI,2627,2026-08-15,Újpest,MTK,1,1,0.73,2.24,0.73,1.48,11.0,17.0,0.25,0.55
HungaryNBI,2627,2026-08-14,Honvéd,Vasas,1,2,1.59,2.54,1.59,1.78,14.0,17.0,0.64,0.73
HungaryNBI,2627,2026-08-09,Debrecen,Nyíregyháza Spartacus,1,0,1.62,0.85,1.62,0.85,9.0,15.0,0.9,0.37
HungaryNBI,2627,2026-08-09,Paks,Honvéd,2,2,1.5,2.15,1.5,1.39,18.0,14.0,1.59,0.84
HungaryNBI,2627,2026-08-08,Kisvárda,Újpest,2,4,1.5,2.83,1.5,2.83,11.0,21.0,0.67,1.03
HungaryNBI,2627,2026-08-08,Vasas,Zalaegerszeg,5,0,2.08,0.84,2.08,0.84,20.0,8.0,0.82,0.25
HungaryNBI,2627,2026-08-07,MTK,Puskás,2,3,1.85,4.27,1.85,4.27,17.0,18.0,1.3,0.91
HungaryNBI,2627,2026-08-03,Zalaegerszeg,Paks,5,2,3.22,1.88,3.22,1.12,14.0,13.0,0.41,0.94
HungaryNBI,2627,2026-08-02,Győri ETO,Nyíregyháza Spartacus,4,0,4.4,2.2,4.4,2.2,13.0,20.0,0.84,1.34
HungaryNBI,2627,2026-08-02,Ferencváros,Vasas,0,0,2.25,0.51,2.25,0.51,14.0,7.0,1.35,0.43
HungaryNBI,2627,2026-08-02,Újpest,Debrecen,4,2,2.79,3.05,2.79,3.05,18.0,18.0,0.58,0.69
HungaryNBI,2627,2026-08-01,Honvéd,MTK,3,3,2.45,2.43,1.69,2.43,16.0,11.0,0.75,0.74
HungaryNBI,2627,2026-07-31,Puskás,Kisvárda,0,2,2.43,3.12,2.43,2.36,13.0,17.0,1.09,0.82
HungaryNBI,2627,2026-07-27,MTK,Zalaegerszeg,3,0,3.06,0.97,3.06,0.97,15.0,12.0,0.78,0.6
HungaryNBI,2627,2026-07-26,Paks,Ferencváros,4,2,2.9,2.56,2.9,2.56,18.0,12.0,0.81,0.93
HungaryNBI,2627,2026-07-26,Debrecen,Puskás,0,2,2.12,2.91,2.12,2.91,22.0,10.0,0.85,0.81
HungaryNBI,2627,2026-07-26,Vasas,Győri ETO,2,2,0.97,3.63,0.97,2.87,14.0,18.0,0.69,1.09
HungaryNBI,2627,2026-07-25,Kisvárda,Honvéd,1,1,1.41,1.64,1.41,1.64,15.0,17.0,0.61,1.18
HungaryNBI,2627,2026-07-24,Nyíregyháza Spartacus,Újpest,2,1,0.87,0.54,0.87,0.54,14.0,10.0,0.9,0.42
SlovakiaNikeLiga,2425,2025-05-17,Žilina,DAC 1904,0,1,1.91,1.09,1.91,1.09,14.0,9.0,1.54,0.19
SlovakiaNikeLiga,2425,2025-05-17,Slovan Bratislava,FC Košice,1,0,1.35,2.75,1.35,2.75,8.0,25.0,0.16,1.37
SlovakiaNikeLiga,2425,2025-05-17,Spartak Trnava,Podbrezová,2,1,1.42,1.26,0.66,1.26,11.0,12.0,0.95,0.34
SlovakiaNikeLiga,2425,2025-05-17,Trenčín,Skalica,2,0,0.96,1.38,0.96,1.38,14.0,10.0,0.68,0.41
SlovakiaNikeLiga,2425,2025-05-17,Komárno,Ružomberok,1,2,1.24,1.81,1.24,1.81,8.0,10.0,0.67,0.42
SlovakiaNikeLiga,2425,2025-05-17,Dukla Banská Bystrica,Zemplín Michalovce,2,3,2.6,1.92,1.84,1.92,13.0,15.0,0.49,0.88
SlovakiaNikeLiga,2425,2025-05-11,DAC 1904,Spartak Trnava,1,0,1.88,1.48,1.88,1.48,16.0,10.0,0.74,0.52
SlovakiaNikeLiga,2425,2025-05-11,Zemplín Michalovce,Komárno,4,5,2.77,3.04,2.01,3.04,14.0,17.0,0.88,0.93
SlovakiaNikeLiga,2425,2025-05-10,FC Košice,Žilina,3,2,2.41,3.28,1.65,3.28,12.0,18.0,0.82,0.57
SlovakiaNikeLiga,2425,2025-05-10,Podbrezová,Slovan Bratislava,1,3,2.61,2.11,2.61,1.35,22.0,12.0,1.35,0.71
SlovakiaNikeLiga,2425,2025-05-10,Skalica,Dukla Banská Bystrica,3,1,1.32,1.48,1.32,1.48,9.0,10.0,1.17,0.39
SlovakiaNikeLiga,2425,2025-05-10,Ružomberok,Trenčín,1,0,0.78,1.22,0.78,1.22,8.0,10.0,0.52,0.38
SlovakiaNikeLiga,2425,2025-05-04,Spartak Trnava,FC Košice,0,1,2.21,2.23,2.21,2.23,21.0,16.0,0.81,0.82
SlovakiaNikeLiga,2425,2025-05-04,Dukla Banská Bystrica,Ružomberok,0,2,0.8,2.68,0.8,2.68,9.0,14.0,0.67,1.07
SlovakiaNikeLiga,2425,2025-05-03,Slovan Bratislava,Žilina,4,3,2.14,1.16,2.14,1.16,11.0,10.0,0.81,0.75
SlovakiaNikeLiga,2425,2025-05-03,Podbrezová,DAC 1904,2,0,1.06,0.83,1.06,0.83,11.0,14.0,0.53,0.46
SlovakiaNikeLiga,2425,2025-05-03,Komárno,Trenčín,0,0,0.53,0.59,0.53,0.59,6.0,8.0,0.64,0.33
SlovakiaNikeLiga,2425,2025-05-03,Zemplín Michalovce,Skalica,2,4,2.43,2.12,1.67,2.12,17.0,10.0,0.76,0.71
SlovakiaNikeLiga,2425,2025-04-27,Žilina,Spartak Trnava,2,1,3.44,1.16,3.44,0.4,23.0,4.0,1.6,0.58
SlovakiaNikeLiga,2425,2025-04-27,Skalica,Komárno,0,1,1.49,1.27,1.49,1.27,13.0,7.0,0.96,0.24
SlovakiaNikeLiga,2425,2025-04-26,DAC 1904,Slovan Bratislava,2,1,1.88,1.02,1.88,1.02,21.0,11.0,0.34,0.34
SlovakiaNikeLiga,2425,2025-04-26,FC Košice,Podbrezová,1,1,1.15,2.19,0.39,2.19,7.0,12.0,0.41,0.96
SlovakiaNikeLiga,2425,2025-04-26,Ružomberok,Zemplín Michalovce,1,0,2.78,0.88,2.02,0.88,16.0,7.0,0.82,0.34
SlovakiaNikeLiga,2425,2025-04-25,Trenčín,Dukla Banská Bystrica,2,2,2.28,2.1,2.28,2.1,25.0,11.0,0.78,0.55
SlovakiaNikeLiga,2425,2025-04-23,Žilina,FC Košice,0,0,3.54,0.48,3.54,0.48,26.0,6.0,1.69,0.46
SlovakiaNikeLiga,2425,2025-04-20,DAC 1904,FC Košice,3,2,2.52,2.46,2.52,1.7,14.0,13.0,0.38,0.8
SlovakiaNikeLiga,2425,2025-04-20,Dukla Banská Bystrica,Komárno,0,1,1.01,1.31,1.01,1.31,11.0,13.0,0.71,0.4
SlovakiaNikeLiga,2425,2025-04-19,Spartak Trnava,Slovan Bratislava,2,3,0.87,5.58,0.87,4.82,4.0,24.0,0.66,0.99
SlovakiaNikeLiga,2425,2025-04-19,Podbrezová,Žilina,1,1,2.05,1.99,1.29,1.99,12.0,17.0,0.75,0.85
SlovakiaNikeLiga,2425,2025-04-19,Zemplín Michalovce,Trenčín,3,2,3.1,2.6,3.1,2.6,16.0,16.0,0.72,0.67
SlovakiaNikeLiga,2425,2025-04-19,Skalica,Ružomberok,1,0,2.25,0.73,2.25,0.73,14.0,5.0,1.07,0.15
SlovakiaNikeLiga,2425,2025-04-13,Komárno,Skalica,1,1,0.57,1.8,0.57,1.8,7.0,11.0,0.56,0.78
SlovakiaNikeLiga,2425,2025-04-12,Slovan Bratislava,DAC 1904,2,2,2.33,1.39,2.33,0.63,20.0,9.0,1.12,0.64
SlovakiaNikeLiga,2425,2025-04-12,Podbrezová,Spartak Trnava,1,2,2.64,1.89,2.64,1.89,15.0,11.0,0.94,0.54
SlovakiaNikeLiga,2425,2025-04-12,Zemplín Michalovce,Dukla Banská Bystrica,3,3,2.1,1.67,1.34,1.67,13.0,10.0,0.8,0.34
SlovakiaNikeLiga,2425,2025-04-12,Trenčín,Ružomberok,2,2,0.48,1.59,0.48,1.59,8.0,9.0,0.41,0.57
SlovakiaNikeLiga,2425,2025-04-06,FC Košice,Spartak Trnava,2,1,2.33,1.42,1.57,1.42,9.0,15.0,1.22,0.83
SlovakiaNikeLiga,2425,2025-04-06,Ružomberok,Dukla Banská Bystrica,1,2,2.82,1.96,2.06,1.2,14.0,6.0,1.31,0.83
SlovakiaNikeLiga,2425,2025-04-05,DAC 1904,Podbrezová,1,1,3.05,1.0,3.05,1.0,30.0,10.0,1.27,0.56
SlovakiaNikeLiga,2425,2025-04-05,Skalica,Zemplín Michalovce,1,0,0.86,0.85,0.86,0.85,8.0,10.0,0.96,0.67
SlovakiaNikeLiga,2425,2025-04-05,Trenčín,Komárno,1,0,1.29,0.93,1.29,0.93,14.0,12.0,0.96,0.97
SlovakiaNikeLiga,2425,2025-04-05,Žilina,Slovan Bratislava,0,5,1.68,3.82,1.68,3.82,14.0,12.0,1.01,1.11
SlovakiaNikeLiga,2425,2025-03-30,Komárno,Zemplín Michalovce,0,1,2.48,1.4,2.48,0.64,13.0,8.0,1.03,0.64
SlovakiaNikeLiga,2425,2025-03-30,Spartak Trnava,Žilina,2,4,2.03,2.45,2.03,1.69,19.0,15.0,1.14,0.52
SlovakiaNikeLiga,2425,2025-03-29,Dukla Banská Bystrica,Trenčín,2,3,1.67,1.96,1.67,1.96,11.0,16.0,0.51,1.04
SlovakiaNikeLiga,2425,2025-03-29,FC Košice,DAC 1904,2,2,3.17,0.77,2.41,0.77,19.0,9.0,1.22,0.53
SlovakiaNikeLiga,2425,2025-03-29,Ružomberok,Skalica,3,2,2.53,1.96,2.53,1.96,15.0,10.0,0.86,0.52
SlovakiaNikeLiga,2425,2025-03-29,Slovan Bratislava,Podbrezová,3,1,1.89,1.09,1.89,1.09,17.0,11.0,0.75,0.76
SlovakiaNikeLiga,2425,2025-03-16,Komárno,Dukla Banská Bystrica,2,1,1.34,2.5,0.58,2.5,11.0,21.0,0.39,1.47
SlovakiaNikeLiga,2425,2025-03-16,Podbrezová,FC Košice,0,1,0.26,1.79,0.26,1.79,5.0,17.0,0.29,0.52
SlovakiaNikeLiga,2425,2025-03-16,Slovan Bratislava,Spartak Trnava,1,1,1.66,0.73,1.66,0.73,13.0,9.0,0.71,0.56
SlovakiaNikeLiga,2425,2025-03-15,DAC 1904,Žilina,3,1,1.91,0.81,1.91,0.81,15.0,11.0,0.23,0.97
SlovakiaNikeLiga,2425,2025-03-15,Skalica,Trenčín,1,0,1.96,1.56,1.2,1.56,9.0,10.0,0.58,1.01
SlovakiaNikeLiga,2425,2025-03-15,Zemplín Michalovce,Ružomberok,2,1,3.14,0.2,3.14,0.2,16.0,4.0,0.95,0.24
SlovakiaNikeLiga,2425,2025-03-09,FC Košice,Slovan Bratislava,2,3,1.09,4.73,1.09,3.21,7.0,20.0,0.87,0.78
SlovakiaNikeLiga,2425,2025-03-09,Trenčín,Zemplín Michalovce,3,2,2.39,1.89,2.39,1.89,17.0,9.0,0.88,0.74
SlovakiaNikeLiga,2425,2025-03-08,Dukla Banská Bystrica,Skalica,0,2,1.63,1.85,1.63,1.85,17.0,11.0,1.06,0.69
SlovakiaNikeLiga,2425,2025-03-08,Ružomberok,Komárno,0,1,2.33,1.11,1.57,0.35,14.0,5.0,1.19,0.23
SlovakiaNikeLiga,2425,2025-03-08,Spartak Trnava,DAC 1904,1,1,2.33,1.55,2.33,1.55,15.0,16.0,0.61,1.15
SlovakiaNikeLiga,2425,2025-03-08,Žilina,Podbrezová,0,0,0.6,0.17,0.6,0.17,12.0,3.0,0.67,0.34
SlovakiaNikeLiga,2425,2025-03-01,DAC 1904,Ružomberok,3,0,3.21,2.05,3.21,2.05,22.0,16.0,1.2,0.75
SlovakiaNikeLiga,2425,2025-03-01,Dukla Banská Bystrica,Žilina,1,2,1.51,1.03,1.51,1.03,14.0,14.0,0.93,0.56
SlovakiaNikeLiga,2425,2025-03-01,FC Košice,Zemplín Michalovce,3,2,4.52,1.75,4.52,1.75,28.0,7.0,1.64,0.36
SlovakiaNikeLiga,2425,2025-03-01,Podbrezová,Komárno,2,2,2.19,2.42,2.19,2.42,10.0,13.0,0.14,0.55
SlovakiaNikeLiga,2425,2025-03-01,Skalica,Trenčín,0,0,1.14,0.34,1.14,0.34,5.0,4.0,0.39,0.59
SlovakiaNikeLiga,2425,2025-03-01,Slovan Bratislava,Spartak Trnava,0,1,2.26,1.4,2.26,1.4,18.0,15.0,1.08,0.4
SlovakiaNikeLiga,2425,2025-02-25,Komárno,Žilina,1,0,0.48,2.92,0.48,2.92,5.0,26.0,0.2,1.14
SlovakiaNikeLiga,2425,2025-02-23,Spartak Trnava,Podbrezová,1,1,1.87,1.26,1.87,1.26,17.0,12.0,1.4,0.38
SlovakiaNikeLiga,2425,2025-02-23,Zemplín Michalovce,Dukla Banská Bystrica,1,0,2.16,0.16,2.16,0.16,16.0,6.0,0.97,0.33
SlovakiaNikeLiga,2425,2025-02-22,Komárno,Skalica,0,0,2.27,0.34,2.27,0.34,14.0,3.0,1.46,0.62
SlovakiaNikeLiga,2425,2025-02-22,Ružomberok,FC Košice,2,1,1.77,1.73,1.77,1.73,14.0,13.0,0.48,0.95
SlovakiaNikeLiga,2425,2025-02-22,Trenčín,Slovan Bratislava,1,1,1.73,2.21,1.73,2.21,17.0,18.0,0.95,1.27
SlovakiaNikeLiga,2425,2025-02-22,Žilina,DAC 1904,1,1,2.12,1.06,1.36,1.06,10.0,12.0,0.68,0.51
SlovakiaNikeLiga,2425,2025-02-16,Skalica,Ružomberok,1,0,1.93,0.98,1.93,0.98,11.0,7.0,0.56,0.92
SlovakiaNikeLiga,2425,2025-02-16,Spartak Trnava,DAC 1904,1,1,1.74,2.48,0.98,1.72,8.0,10.0,0.63,0.85
SlovakiaNikeLiga,2425,2025-02-15,FC Košice,Dukla Banská Bystrica,4,0,1.62,0.0,1.62,0.0,19.0,0.0,1.22,0.16
SlovakiaNikeLiga,2425,2025-02-15,Podbrezová,Trenčín,2,1,1.27,0.68,1.27,0.68,14.0,6.0,0.77,0.6
SlovakiaNikeLiga,2425,2025-02-15,Slovan Bratislava,Zemplín Michalovce,1,1,3.12,0.55,3.12,0.55,23.0,9.0,2.07,0.18
SlovakiaNikeLiga,2425,2025-02-09,Ružomberok,Slovan Bratislava,1,5,1.73,3.96,1.73,3.96,11.0,22.0,0.53,0.85
SlovakiaNikeLiga,2425,2025-02-09,Trenčín,Komárno,1,0,1.76,1.46,1.76,1.46,11.0,9.0,0.72,0.35
SlovakiaNikeLiga,2425,2025-02-08,DAC 1904,Skalica,3,1,3.36,1.12,3.36,1.12,24.0,8.0,1.05,0.14
SlovakiaNikeLiga,2425,2025-02-08,Dukla Banská Bystrica,Spartak Trnava,1,4,1.86,1.77,1.86,1.77,13.0,11.0,0.94,0.85
SlovakiaNikeLiga,2425,2025-02-08,Zemplín Michalovce,Podbrezová,2,2,1.6,4.82,0.84,4.06,9.0,17.0,0.3,1.21
SlovakiaNikeLiga,2425,2025-02-08,Žilina,FC Košice,0,2,2.73,1.57,2.73,1.57,16.0,11.0,0.93,0.74
SlovakiaNikeLiga,2425,2024-12-15,Komárno,Dukla Banská Bystrica,3,0,4.13,1.13,1.85,1.13,18.0,13.0,0.61,0.05
SlovakiaNikeLiga,2425,2024-12-15,Skalica,Žilina,0,0,1.93,0.83,1.17,0.83,11.0,11.0,0.63,1.2
SlovakiaNikeLiga,2425,2024-12-14,Podbrezová,Ružomberok,2,0,2.66,0.65,2.66,0.65,21.0,8.0,0.93,0.34
SlovakiaNikeLiga,2425,2024-12-14,Slovan Bratislava,DAC 1904,2,1,1.46,1.73,1.46,1.73,13.0,17.0,0.8,0.53
SlovakiaNikeLiga,2425,2024-12-14,Spartak Trnava,FC Košice,1,0,1.83,0.09,1.83,0.09,16.0,4.0,1.16,0.37
SlovakiaNikeLiga,2425,2024-12-14,Trenčín,Zemplín Michalovce,0,0,1.64,1.68,1.64,1.68,16.0,13.0,0.75,0.68
SlovakiaNikeLiga,2425,2024-12-08,DAC 1904,Trenčín,3,3,4.21,1.1,3.45,1.1,26.0,15.0,1.72,0.24
SlovakiaNikeLiga,2425,2024-12-08,FC Košice,Skalica,1,1,1.74,2.58,1.74,2.58,16.0,16.0,0.99,0.79
SlovakiaNikeLiga,2425,2024-12-07,Dukla Banská Bystrica,Podbrezová,0,2,0.3,2.66,0.3,2.66,6.0,15.0,0.35,0.78
SlovakiaNikeLiga,2425,2024-12-07,Ružomberok,Spartak Trnava,0,2,1.31,3.21,1.31,3.21,10.0,16.0,0.94,0.69
SlovakiaNikeLiga,2425,2024-12-07,Zemplín Michalovce,Komárno,0,0,1.44,1.07,1.44,1.07,13.0,10.0,0.48,0.54
SlovakiaNikeLiga,2425,2024-12-07,Žilina,Slovan Bratislava,2,1,1.66,1.12,1.66,1.12,18.0,6.0,0.46,0.9
SlovakiaNikeLiga,2425,2024-12-04,Slovan Bratislava,Komárno,6,0,3.63,1.1,3.63,1.1,19.0,8.0,1.06,0.45
SlovakiaNikeLiga,2425,2024-12-01,Komárno,FC Košice,1,1,2.23,2.1,2.23,2.1,15.0,15.0,0.65,0.68
SlovakiaNikeLiga,2425,2024-12-01,Slovan Bratislava,Dukla Banská Bystrica,3,1,3.7,0.98,3.7,0.98,23.0,8.0,1.35,0.39
SlovakiaNikeLiga,2425,2024-11-30,Podbrezová,DAC 1904,0,0,2.25,0.77,2.25,0.77,17.0,12.0,0.53,0.52
SlovakiaNikeLiga,2425,2024-11-30,Spartak Trnava,Skalica,2,0,2.04,0.87,2.04,0.87,19.0,9.0,1.16,1.03
SlovakiaNikeLiga,2425,2024-11-30,Trenčín,Žilina,2,4,1.04,2.74,1.04,1.98,9.0,11.0,0.42,0.49
SlovakiaNikeLiga,2425,2024-11-30,Zemplín Michalovce,Ružomberok,4,2,3.38,0.12,3.38,0.12,20.0,6.0,1.18,0.03
SlovakiaNikeLiga,2425,2024-11-24,Ružomberok,Komárno,1,3,3.32,2.48,2.56,2.48,18.0,16.0,1.93,0.62
SlovakiaNikeLiga,2425,2024-11-23,DAC 1904,Zemplín Michalovce,0,1,3.07,3.08,3.07,3.08,20.0,18.0,1.39,1.31
SlovakiaNikeLiga,2425,2024-11-23,Dukla Banská Bystrica,Trenčín,6,1,4.54,1.32,4.54,1.32,21.0,11.0,1.32,0.55
SlovakiaNikeLiga,2425,2024-11-23,Skalica,Podbrezová,1,2,2.07,1.35,2.07,1.35,20.0,10.0,1.12,0.45
SlovakiaNikeLiga,2425,2024-11-23,Žilina,Spartak Trnava,3,1,2.42,0.97,2.42,0.97,16.0,12.0,0.64,0.56
SlovakiaNikeLiga,2425,2024-11-22,FC Košice,Slovan Bratislava,1,1,1.9,3.15,1.14,3.15,10.0,20.0,0.42,0.76
SlovakiaNikeLiga,2425,2024-11-10,DAC 1904,Dukla Banská Bystrica,0,0,0.92,0.34,0.92,0.34,10.0,6.0,0.68,0.29
SlovakiaNikeLiga,2425,2024-11-10,Podbrezová,FC Košice,0,0,1.7,0.61,1.7,0.61,19.0,8.0,0.36,0.42
SlovakiaNikeLiga,2425,2024-11-09,Komárno,Spartak Trnava,1,2,1.63,1.78,1.63,1.02,10.0,13.0,1.17,0.72
SlovakiaNikeLiga,2425,2024-11-09,Slovan Bratislava,Skalica,3,1,1.34,1.24,1.34,1.24,14.0,17.0,0.87,0.52
SlovakiaNikeLiga,2425,2024-11-09,Trenčín,Ružomberok,0,0,1.41,2.46,1.41,1.7,17.0,13.0,0.34,0.81
SlovakiaNikeLiga,2425,2024-11-09,Zemplín Michalovce,Žilina,1,1,1.03,1.19,1.03,1.19,12.0,6.0,0.5,0.58
SlovakiaNikeLiga,2425,2024-11-03,Ružomberok,Žilina,1,0,3.32,1.33,2.56,1.33,15.0,10.0,1.42,0.57
SlovakiaNikeLiga,2425,2024-11-03,Skalica,Dukla Banská Bystrica,1,0,1.26,1.11,1.26,1.11,10.0,13.0,1.15,0.63
SlovakiaNikeLiga,2425,2024-11-02,FC Košice,Trenčín,0,0,2.02,0.81,2.02,0.81,14.0,5.0,1.02,0.61
SlovakiaNikeLiga,2425,2024-11-02,Komárno,DAC 1904,0,1,1.62,3.16,1.62,2.4,14.0,16.0,1.06,0.87
SlovakiaNikeLiga,2425,2024-11-02,Podbrezová,Slovan Bratislava,1,3,1.78,1.81,1.78,1.81,21.0,10.0,0.63,0.76
SlovakiaNikeLiga,2425,2024-11-02,Spartak Trnava,Zemplín Michalovce,3,1,1.39,1.4,1.39,1.4,14.0,11.0,1.28,0.36
SlovakiaNikeLiga,2425,2024-10-30,Skalica,Slovan Bratislava,2,3,2.26,2.66,2.26,2.66,17.0,15.0,0.67,1.02
SlovakiaNikeLiga,2425,2024-10-30,Spartak Trnava,Komárno,3,2,3.97,2.85,3.97,2.85,26.0,20.0,0.86,0.8
SlovakiaNikeLiga,2425,2024-10-29,DAC 1904,Podbrezová,3,0,1.34,0.06,1.34,0.06,21.0,3.0,0.55,0.18
SlovakiaNikeLiga,2425,2024-10-29,Žilina,Ružomberok,3,1,1.45,0.85,1.45,0.85,7.0,12.0,0.71,0.43
SlovakiaNikeLiga,2425,2024-10-27,Trenčín,Spartak Trnava,2,3,2.73,3.72,2.73,3.72,22.0,26.0,0.89,1.6
SlovakiaNikeLiga,2425,2024-10-27,Zemplín Michalovce,Skalica,2,1,1.67,1.84,1.67,1.84,17.0,9.0,0.62,1.33
SlovakiaNikeLiga,2425,2024-10-26,DAC 1904,FC Košice,1,3,1.9,1.03,1.14,1.03,16.0,5.0,0.54,0.31
SlovakiaNikeLiga,2425,2024-10-26,Dukla Banská Bystrica,Ružomberok,2,1,1.31,3.43,1.31,3.43,10.0,17.0,0.57,2.69
SlovakiaNikeLiga,2425,2024-10-26,Žilina,Podbrezová,2,2,2.24,1.84,2.24,1.84,13.0,11.0,1.04,0.36
SlovakiaNikeLiga,2425,2024-10-20,Komárno,Podbrezová,1,2,1.54,1.88,1.54,1.88,17.0,12.0,0.75,0.6
SlovakiaNikeLiga,2425,2024-10-20,Žilina,Dukla Banská Bystrica,2,0,1.37,0.68,1.37,0.68,15.0,11.0,1.27,0.22
SlovakiaNikeLiga,2425,2024-10-19,Ružomberok,DAC 1904,1,1,1.59,0.95,0.83,0.95,14.0,15.0,0.44,0.8
SlovakiaNikeLiga,2425,2024-10-19,Spartak Trnava,Slovan Bratislava,0,1,0.94,1.44,0.94,1.44,8.0,9.0,0.7,0.61
SlovakiaNikeLiga,2425,2024-10-19,Trenčín,Skalica,2,1,1.76,2.05,1.76,2.05,14.0,12.0,0.89,0.78
SlovakiaNikeLiga,2425,2024-10-19,Zemplín Michalovce,FC Košice,3,2,1.87,2.43,1.87,2.43,10.0,19.0,0.93,1.27
SlovakiaNikeLiga,2425,2024-10-06,DAC 1904,Žilina,0,3,1.37,1.48,1.37,1.48,14.0,9.0,0.37,0.36
SlovakiaNikeLiga,2425,2024-10-06,Dukla Banská Bystrica,Zemplín Michalovce,1,0,0.74,2.03,0.74,2.03,8.0,18.0,0.47,1.21
SlovakiaNikeLiga,2425,2024-10-05,FC Košice,Ružomberok,2,1,2.96,1.46,2.96,1.46,18.0,11.0,0.69,0.58
SlovakiaNikeLiga,2425,2024-10-05,Podbrezová,Spartak Trnava,0,4,0.39,2.38,0.39,2.38,8.0,14.0,0.4,0.75
SlovakiaNikeLiga,2425,2024-10-05,Skalica,Komárno,3,0,1.29,2.3,1.29,1.54,13.0,13.0,0.92,0.97
SlovakiaNikeLiga,2425,2024-10-05,Slovan Bratislava,Trenčín,1,1,3.08,0.8,3.08,0.8,32.0,14.0,0.81,0.42
SlovakiaNikeLiga,2425,2024-09-29,Ružomberok,Skalica,1,2,1.32,2.55,1.32,1.79,10.0,17.0,0.72,0.64
SlovakiaNikeLiga,2425,2024-09-29,Žilina,Komárno,2,1,2.42,2.06,2.42,2.06,16.0,11.0,0.9,0.95
SlovakiaNikeLiga,2425,2024-09-28,DAC 1904,Spartak Trnava,0,0,1.48,0.58,1.48,0.58,17.0,7.0,0.94,0.36
SlovakiaNikeLiga,2425,2024-09-28,Dukla Banská Bystrica,FC Košice,2,3,4.9,0.9,4.14,0.9,29.0,8.0,1.25,0.16
SlovakiaNikeLiga,2425,2024-09-28,Trenčín,Podbrezová,1,1,0.58,2.24,0.58,2.24,8.0,21.0,0.28,0.77
SlovakiaNikeLiga,2425,2024-09-27,Zemplín Michalovce,Slovan Bratislava,2,4,2.74,2.94,2.74,2.94,18.0,22.0,0.72,0.65
SlovakiaNikeLiga,2425,2024-09-24,Komárno,Ružomberok,1,2,1.7,3.24,1.7,1.72,14.0,13.0,1.06,0.73
SlovakiaNikeLiga,2425,2024-09-22,Podbrezová,Zemplín Michalovce,4,1,1.44,1.38,0.68,1.38,15.0,16.0,0.58,0.86
SlovakiaNikeLiga,2425,2024-09-22,Spartak Trnava,Dukla Banská Bystrica,1,0,2.33,1.14,2.33,1.14,15.0,10.0,0.92,0.71
SlovakiaNikeLiga,2425,2024-09-21,FC Košice,Žilina,1,2,0.91,2.16,0.91,2.16,9.0,14.0,0.72,0.47
SlovakiaNikeLiga,2425,2024-09-21,Komárno,Trenčín,2,1,1.32,1.82,1.32,1.06,11.0,10.0,0.5,0.33
SlovakiaNikeLiga,2425,2024-09-21,Skalica,DAC 1904,1,3,1.36,2.57,1.36,2.57,12.0,11.0,0.62,0.73
SlovakiaNikeLiga,2425,2024-09-21,Slovan Bratislava,Ružomberok,2,1,3.67,2.91,2.91,2.15,20.0,16.0,0.88,0.74
SlovakiaNikeLiga,2425,2024-09-17,Trenčín,DAC 1904,0,3,1.3,1.8,1.3,1.8,15.0,12.0,0.57,0.4
SlovakiaNikeLiga,2425,2024-09-15,FC Košice,Spartak Trnava,1,1,2.21,1.18,2.21,1.18,16.0,12.0,1.31,0.31
SlovakiaNikeLiga,2425,2024-09-15,Ružomberok,Podbrezová,1,0,1.9,0.53,1.9,0.53,16.0,6.0,0.77,0.52
SlovakiaNikeLiga,2425,2024-09-14,DAC 1904,Slovan Bratislava,1,2,2.5,2.58,1.74,1.82,17.0,18.0,0.58,0.47
SlovakiaNikeLiga,2425,2024-09-14,Dukla Banská Bystrica,Komárno,2,3,2.0,2.92,1.24,2.16,10.0,20.0,0.82,0.82
SlovakiaNikeLiga,2425,2024-09-14,Zemplín Michalovce,Trenčín,1,1,1.13,2.08,1.13,2.08,13.0,17.0,0.27,0.81
SlovakiaNikeLiga,2425,2024-09-14,Žilina,Skalica,3,2,2.34,1.48,2.34,0.72,18.0,8.0,1.28,0.35
SlovakiaNikeLiga,2425,2024-09-01,Slovan Bratislava,Žilina,0,5,0.79,2.3,0.79,2.3,13.0,18.0,0.36,0.7
SlovakiaNikeLiga,2425,2024-09-01,Spartak Trnava,Ružomberok,2,2,1.79,1.27,1.79,0.51,25.0,5.0,0.9,0.61
SlovakiaNikeLiga,2425,2024-08-31,Komárno,Zemplín Michalovce,1,3,2.78,1.77,2.02,1.01,15.0,10.0,0.84,0.47
SlovakiaNikeLiga,2425,2024-08-31,Podbrezová,Dukla Banská Bystrica,1,1,0.82,1.34,0.82,1.34,15.0,14.0,0.48,1.03
SlovakiaNikeLiga,2425,2024-08-31,Skalica,FC Košice,0,0,2.82,0.6,2.82,0.6,25.0,3.0,0.65,0.25
SlovakiaNikeLiga,2425,2024-08-25,Dukla Banská Bystrica,Slovan Bratislava,0,2,0.77,2.67,0.77,2.67,9.0,17.0,0.61,1.29
SlovakiaNikeLiga,2425,2024-08-25,Ružomberok,Zemplín Michalovce,2,2,2.31,1.89,1.55,1.89,18.0,14.0,1.3,0.32
SlovakiaNikeLiga,2425,2024-08-24,FC Košice,Komárno,0,1,2.09,1.36,2.09,1.36,20.0,10.0,0.31,0.68
SlovakiaNikeLiga,2425,2024-08-24,Skalica,Spartak Trnava,1,2,0.49,3.03,0.49,3.03,6.0,15.0,0.52,0.76
SlovakiaNikeLiga,2425,2024-08-24,Žilina,Trenčín,4,1,2.77,0.24,2.77,0.24,22.0,5.0,1.48,0.11
SlovakiaNikeLiga,2425,2024-08-18,Spartak Trnava,Žilina,0,0,2.34,1.17,2.34,1.17,18.0,11.0,0.62,0.6
SlovakiaNikeLiga,2425,2024-08-17,Podbrezová,Skalica,7,1,4.35,1.17,4.35,0.41,23.0,7.0,1.12,0.42
SlovakiaNikeLiga,2425,2024-08-17,Slovan Bratislava,FC Košice,2,1,2.09,2.05,2.09,1.29,20.0,16.0,1.1,0.5
SlovakiaNikeLiga,2425,2024-08-17,Trenčín,Dukla Banská Bystrica,2,2,1.9,1.72,1.9,1.72,17.0,13.0,0.27,0.53
SlovakiaNikeLiga,2425,2024-08-17,Zemplín Michalovce,DAC 1904,0,3,0.36,3.72,0.36,2.96,5.0,18.0,0.52,1.24
SlovakiaNikeLiga,2425,2024-08-11,Dukla Banská Bystrica,DAC 1904,1,0,1.1,2.4,1.1,2.4,9.0,24.0,0.51,1.48
SlovakiaNikeLiga,2425,2024-08-11,Ružomberok,Trenčín,1,0,2.07,1.22,1.31,1.22,9.0,12.0,0.55,0.63
SlovakiaNikeLiga,2425,2024-08-10,FC Košice,Podbrezová,3,0,2.13,0.84,2.13,0.84,14.0,11.0,0.59,0.63
SlovakiaNikeLiga,2425,2024-08-10,Žilina,Zemplín Michalovce,3,1,4.29,0.83,3.53,0.83,24.0,8.0,0.81,0.13
SlovakiaNikeLiga,2425,2024-08-04,DAC 1904,Komárno,2,0,2.18,1.48,2.18,1.48,24.0,11.0,1.64,0.72
SlovakiaNikeLiga,2425,2024-08-04,Zemplín Michalovce,Spartak Trnava,0,0,1.78,0.6,1.78,0.6,17.0,7.0,0.42,0.36
SlovakiaNikeLiga,2425,2024-08-03,Dukla Banská Bystrica,Skalica,1,1,3.26,0.65,3.26,0.65,24.0,11.0,0.81,0.78
SlovakiaNikeLiga,2425,2024-08-03,Slovan Bratislava,Podbrezová,1,0,1.51,0.67,0.75,0.67,15.0,14.0,0.62,0.49
SlovakiaNikeLiga,2425,2024-08-03,Trenčín,FC Košice,2,0,1.0,2.31,1.0,2.31,9.0,16.0,0.15,1.13
SlovakiaNikeLiga,2425,2024-07-28,FC Košice,DAC 1904,2,2,1.56,0.89,0.8,0.89,11.0,10.0,0.39,0.36
SlovakiaNikeLiga,2425,2024-07-28,Ružomberok,Dukla Banská Bystrica,1,1,1.51,1.53,1.51,1.53,13.0,11.0,0.72,1.01
SlovakiaNikeLiga,2425,2024-07-28,Spartak Trnava,Trenčín,0,0,1.64,0.72,1.64,0.72,17.0,9.0,0.5,0.43
SlovakiaNikeLiga,2425,2024-07-27,Komárno,Slovan Bratislava,1,4,1.34,3.86,1.34,3.1,10.0,19.0,0.66,1.06
SlovakiaNikeLiga,2425,2024-07-27,Podbrezová,Žilina,0,0,0.66,1.61,0.66,1.61,12.0,13.0,0.24,1.22
SlovakiaNikeLiga,2425,2024-07-27,Skalica,Zemplín Michalovce,0,0,1.69,0.7,1.69,0.7,14.0,8.0,1.15,0.72
SlovakiaNikeLiga,2526,2026-05-16,Žilina,Podbrezová,0,2,0.52,1.97,0.52,1.97,5.0,14.0,0.58,0.61
SlovakiaNikeLiga,2526,2026-05-16,Slovan Bratislava,Zemplín Michalovce,0,2,1.3,1.13,1.3,1.13,9.0,8.0,0.55,0.49
SlovakiaNikeLiga,2526,2026-05-16,DAC 1904,Spartak Trnava,3,0,1.71,0.65,1.71,0.65,14.0,7.0,0.4,0.27
SlovakiaNikeLiga,2526,2026-05-16,Skalica,Ružomberok,1,0,0.65,0.6,0.65,0.6,7.0,5.0,0.48,0.77
SlovakiaNikeLiga,2526,2026-05-16,Trenčín,FC Košice,3,0,1.55,2.65,1.55,2.65,19.0,20.0,0.55,0.88
SlovakiaNikeLiga,2526,2026-05-16,Komárno,Tatran Prešov,1,0,1.0,1.46,1.0,1.46,6.0,13.0,0.48,1.38
SlovakiaNikeLiga,2526,2026-05-10,Spartak Trnava,Žilina,1,0,3.69,1.02,2.93,1.02,18.0,12.0,1.12,0.57
SlovakiaNikeLiga,2526,2026-05-10,FC Košice,Komárno,2,1,1.93,3.27,1.93,3.27,13.0,18.0,0.74,1.15
SlovakiaNikeLiga,2526,2026-05-09,Tatran Prešov,Skalica,3,0,2.31,0.03,2.31,0.03,12.0,5.0,1.39,0.26
SlovakiaNikeLiga,2526,2026-05-09,Podbrezová,Slovan Bratislava,1,2,2.2,2.63,2.2,1.87,14.0,17.0,0.69,0.6
SlovakiaNikeLiga,2526,2026-05-09,Zemplín Michalovce,DAC 1904,2,1,1.98,3.4,1.98,3.4,10.0,21.0,0.57,1.13
SlovakiaNikeLiga,2526,2026-05-09,Ružomberok,Trenčín,4,3,2.89,2.17,2.13,1.41,16.0,14.0,0.78,0.72
SlovakiaNikeLiga,2526,2026-05-05,Žilina,Zemplín Michalovce,3,2,3.52,1.78,3.52,1.78,23.0,8.0,0.94,0.64
SlovakiaNikeLiga,2526,2026-05-05,Skalica,FC Košice,3,1,2.66,2.0,2.66,2.0,23.0,11.0,1.41,0.73
SlovakiaNikeLiga,2526,2026-05-03,Podbrezová,Spartak Trnava,0,3,0.55,1.74,0.55,1.74,7.0,19.0,0.16,0.77
SlovakiaNikeLiga,2526,2026-05-03,Trenčín,Komárno,1,2,1.09,2.23,1.09,2.23,14.0,11.0,0.68,0.66
SlovakiaNikeLiga,2526,2026-05-02,Slovan Bratislava,DAC 1904,1,0,1.52,1.17,1.52,1.17,11.0,14.0,0.8,0.5
SlovakiaNikeLiga,2526,2026-05-02,Ružomberok,Tatran Prešov,1,1,1.95,1.06,1.95,1.06,12.0,15.0,0.49,0.61
SlovakiaNikeLiga,2526,2026-04-26,Spartak Trnava,Slovan Bratislava,0,1,1.2,0.41,1.2,0.41,10.0,11.0,1.1,0.43
SlovakiaNikeLiga,2526,2026-04-26,Tatran Prešov,Trenčín,0,1,2.05,2.34,2.05,2.34,19.0,19.0,1.23,1.05
SlovakiaNikeLiga,2526,2026-04-25,DAC 1904,Žilina,3,1,2.35,1.09,2.35,1.09,22.0,4.0,1.1,0.38
SlovakiaNikeLiga,2526,2026-04-25,Zemplín Michalovce,Podbrezová,1,2,1.57,0.81,1.57,0.81,21.0,8.0,0.95,0.32
SlovakiaNikeLiga,2526,2026-04-25,FC Košice,Ružomberok,3,1,2.38,2.43,2.38,1.67,15.0,17.0,0.7,0.82
SlovakiaNikeLiga,2526,2026-04-25,Komárno,Skalica,0,2,2.98,2.32,2.22,1.56,15.0,12.0,0.9,0.57
SlovakiaNikeLiga,2526,2026-04-19,Tatran Prešov,FC Košice,2,1,1.6,0.58,1.6,0.58,12.0,9.0,0.42,0.81
SlovakiaNikeLiga,2526,2026-04-19,Skalica,Trenčín,4,1,2.83,0.99,2.83,0.99,19.0,10.0,0.81,0.33
SlovakiaNikeLiga,2526,2026-04-18,Žilina,Slovan Bratislava,0,1,2.0,1.31,2.0,1.31,11.0,14.0,0.46,1.45
SlovakiaNikeLiga,2526,2026-04-18,Spartak Trnava,Zemplín Michalovce,3,0,3.66,0.93,3.66,0.93,16.0,12.0,0.94,0.8
SlovakiaNikeLiga,2526,2026-04-18,Podbrezová,DAC 1904,1,2,1.45,2.64,1.45,1.88,12.0,15.0,1.92,0.45
SlovakiaNikeLiga,2526,2026-04-18,Ružomberok,Komárno,2,1,2.44,2.29,1.68,2.29,8.0,14.0,0.88,1.07
SlovakiaNikeLiga,2526,2026-04-12,DAC 1904,Zemplín Michalovce,3,0,1.8,0.96,1.8,0.96,15.0,9.0,1.11,0.61
SlovakiaNikeLiga,2526,2026-04-12,Komárno,FC Košice,1,2,4.39,3.36,4.39,3.36,23.0,21.0,1.44,0.94
SlovakiaNikeLiga,2526,2026-04-11,Slovan Bratislava,Spartak Trnava,2,2,1.7,0.99,1.7,0.99,14.0,7.0,1.58,0.63
SlovakiaNikeLiga,2526,2026-04-11,Podbrezová,Žilina,1,5,2.02,2.22,2.02,2.22,20.0,13.0,1.27,0.68
SlovakiaNikeLiga,2526,2026-04-11,Trenčín,Tatran Prešov,1,0,2.65,1.27,2.65,1.27,21.0,12.0,1.4,0.82
SlovakiaNikeLiga,2526,2026-04-11,Ružomberok,Skalica,0,0,1.19,0.67,1.19,0.67,15.0,9.0,0.99,0.7
SlovakiaNikeLiga,2526,2026-04-05,Spartak Trnava,Podbrezová,4,1,2.33,1.45,2.33,1.45,17.0,11.0,0.89,0.25
SlovakiaNikeLiga,2526,2026-04-05,Komárno,Trenčín,0,1,1.74,2.69,1.74,2.69,16.0,14.0,0.82,0.74
SlovakiaNikeLiga,2526,2026-04-04,DAC 1904,Slovan Bratislava,0,3,1.89,1.1,1.89,1.1,19.0,7.0,1.51,0.39
SlovakiaNikeLiga,2526,2026-04-04,Zemplín Michalovce,Žilina,2,1,1.81,2.08,1.81,2.08,24.0,19.0,0.45,0.88
SlovakiaNikeLiga,2526,2026-04-04,FC Košice,Skalica,2,0,3.39,0.53,3.39,0.53,24.0,8.0,0.67,0.61
SlovakiaNikeLiga,2526,2026-04-04,Tatran Prešov,Ružomberok,0,0,1.83,0.61,1.83,0.61,17.0,7.0,0.86,0.57
SlovakiaNikeLiga,2526,2026-03-22,Slovan Bratislava,Podbrezová,2,0,1.76,1.41,1.76,1.41,9.0,13.0,0.64,1.01
SlovakiaNikeLiga,2526,2026-03-22,Skalica,Komárno,2,1,0.67,1.21,0.67,1.21,8.0,17.0,0.62,0.89
SlovakiaNikeLiga,2526,2026-03-21,FC Košice,Tatran Prešov,2,1,2.65,0.29,1.89,0.29,17.0,5.0,0.43,0.57
SlovakiaNikeLiga,2526,2026-03-21,Žilina,DAC 1904,3,1,2.38,0.79,2.38,0.79,18.0,11.0,1.17,0.4
SlovakiaNikeLiga,2526,2026-03-21,Zemplín Michalovce,Spartak Trnava,1,0,1.17,2.23,1.17,2.23,14.0,17.0,0.5,1.2
SlovakiaNikeLiga,2526,2026-03-21,Trenčín,Ružomberok,3,1,1.71,1.94,0.95,1.18,9.0,9.0,0.23,0.15
SlovakiaNikeLiga,2526,2026-03-15,Slovan Bratislava,Žilina,0,1,0.91,1.11,0.91,1.11,13.0,11.0,0.84,0.87
SlovakiaNikeLiga,2526,2026-03-15,Trenčín,Skalica,2,1,1.16,1.15,1.16,1.15,9.0,15.0,0.43,0.66
SlovakiaNikeLiga,2526,2026-03-14,Podbrezová,Zemplín Michalovce,0,1,0.25,1.21,0.25,1.21,2.0,15.0,0.48,0.88
SlovakiaNikeLiga,2526,2026-03-14,Tatran Prešov,Komárno,0,0,0.58,0.42,0.58,0.42,6.0,6.0,0.86,0.46
SlovakiaNikeLiga,2526,2026-03-14,Ružomberok,FC Košice,1,1,0.71,1.53,0.71,1.53,4.0,13.0,0.72,1.09
SlovakiaNikeLiga,2526,2026-03-08,DAC 1904,Podbrezová,2,1,1.9,0.79,1.14,0.79,11.0,9.0,0.52,0.3
SlovakiaNikeLiga,2526,2026-03-08,Komárno,Ružomberok,3,0,1.78,1.09,1.78,1.09,13.0,8.0,0.76,0.72
SlovakiaNikeLiga,2526,2026-03-07,Žilina,Spartak Trnava,0,1,1.64,0.48,1.64,0.48,16.0,9.0,1.69,0.25
SlovakiaNikeLiga,2526,2026-03-07,Zemplín Michalovce,Slovan Bratislava,1,3,2.9,4.4,2.9,3.64,22.0,12.0,1.13,0.51
SlovakiaNikeLiga,2526,2026-03-07,Skalica,Tatran Prešov,1,0,1.48,1.41,0.72,1.41,8.0,15.0,0.6,0.91
SlovakiaNikeLiga,2526,2026-03-07,FC Košice,Trenčín,2,0,2.81,0.55,2.05,0.55,18.0,7.0,1.34,0.31
SlovakiaNikeLiga,2526,2026-02-28,Žilina,DAC 1904,0,0,0.35,1.23,0.35,1.23,6.0,17.0,0.48,0.81
SlovakiaNikeLiga,2526,2026-02-28,Skalica,Trenčín,0,1,0.75,1.14,0.75,0.38,14.0,5.0,0.63,0.08
SlovakiaNikeLiga,2526,2026-02-28,Komárno,Ružomberok,1,1,1.75,0.95,1.75,0.95,9.0,6.0,0.78,0.99
SlovakiaNikeLiga,2526,2026-02-28,Slovan Bratislava,Spartak Trnava,4,0,3.17,1.95,2.41,1.95,15.0,15.0,0.95,0.56
SlovakiaNikeLiga,2526,2026-02-28,Zemplín Michalovce,FC Košice,0,2,1.04,1.57,1.04,1.57,11.0,10.0,0.63,0.5
SlovakiaNikeLiga,2526,2026-02-28,Podbrezová,Tatran Prešov,4,1,3.19,1.82,1.67,1.06,11.0,13.0,0.81,0.89
SlovakiaNikeLiga,2526,2026-02-22,FC Košice,Žilina,2,2,2.42,0.82,2.42,0.82,15.0,13.0,1.32,0.59
SlovakiaNikeLiga,2526,2026-02-22,Ružomberok,Slovan Bratislava,2,2,0.77,1.14,0.77,1.14,6.0,10.0,0.74,0.42
SlovakiaNikeLiga,2526,2026-02-21,Spartak Trnava,Podbrezová,0,5,1.5,2.34,1.5,2.34,19.0,13.0,0.7,0.76
SlovakiaNikeLiga,2526,2026-02-21,Tatran Prešov,Komárno,1,1,1.1,1.36,1.1,1.36,16.0,11.0,1.24,0.61
SlovakiaNikeLiga,2526,2026-02-21,Trenčín,Zemplín Michalovce,1,2,2.04,1.85,1.28,1.85,15.0,7.0,0.86,0.51
SlovakiaNikeLiga,2526,2026-02-21,DAC 1904,Skalica,3,2,2.68,2.58,2.68,2.58,16.0,22.0,0.49,0.92
SlovakiaNikeLiga,2526,2026-02-15,Spartak Trnava,Žilina,0,0,2.26,0.8,2.26,0.8,19.0,9.0,0.54,0.32
SlovakiaNikeLiga,2526,2026-02-15,Komárno,DAC 1904,2,2,2.45,1.3,1.69,1.3,16.0,13.0,0.76,0.42
SlovakiaNikeLiga,2526,2026-02-14,Tatran Prešov,FC Košice,1,4,0.9,2.15,0.9,2.15,8.0,12.0,0.35,0.36
SlovakiaNikeLiga,2526,2026-02-14,Podbrezová,Ružomberok,5,0,3.84,0.65,3.84,0.65,17.0,12.0,0.76,0.33
SlovakiaNikeLiga,2526,2026-02-14,Slovan Bratislava,Trenčín,0,2,2.47,1.31,2.47,1.31,22.0,12.0,1.29,0.29
SlovakiaNikeLiga,2526,2026-02-14,Skalica,Zemplín Michalovce,2,1,0.42,1.05,0.42,1.05,7.0,16.0,0.18,0.67
SlovakiaNikeLiga,2526,2026-02-08,Zemplín Michalovce,Spartak Trnava,1,1,1.14,2.22,0.38,2.22,8.0,12.0,0.59,1.14
SlovakiaNikeLiga,2526,2026-02-08,Žilina,Komárno,1,0,2.41,0.45,2.41,0.45,12.0,7.0,0.76,0.89
SlovakiaNikeLiga,2526,2026-02-07,DAC 1904,Slovan Bratislava,0,3,1.73,2.45,0.97,1.69,9.0,8.0,0.55,0.38
SlovakiaNikeLiga,2526,2026-02-07,Trenčín,Podbrezová,0,4,2.15,3.11,2.15,3.11,17.0,18.0,1.0,1.31
SlovakiaNikeLiga,2526,2026-02-07,Ružomberok,Tatran Prešov,1,0,2.04,0.89,2.04,0.89,14.0,12.0,0.71,1.04
SlovakiaNikeLiga,2526,2026-02-07,FC Košice,Skalica,3,1,3.27,1.84,2.51,1.08,19.0,12.0,0.98,0.91
SlovakiaNikeLiga,2526,2025-12-14,Slovan Bratislava,Žilina,3,2,2.42,1.32,2.42,1.32,8.0,9.0,0.82,1.34
SlovakiaNikeLiga,2526,2025-12-14,Komárno,FC Košice,1,2,1.68,1.02,1.68,1.02,14.0,11.0,0.58,0.5
SlovakiaNikeLiga,2526,2025-12-13,Tatran Prešov,Zemplín Michalovce,0,1,2.11,2.13,1.35,2.13,10.0,14.0,1.35,1.34
SlovakiaNikeLiga,2526,2025-12-13,Ružomberok,Trenčín,0,0,1.39,0.4,1.39,0.4,13.0,8.0,1.14,0.54
SlovakiaNikeLiga,2526,2025-12-13,Spartak Trnava,Skalica,2,0,2.56,0.45,2.56,0.45,16.0,5.0,1.29,0.49
SlovakiaNikeLiga,2526,2025-12-13,Podbrezová,DAC 1904,0,1,2.79,1.01,2.79,1.01,22.0,10.0,2.16,0.22
SlovakiaNikeLiga,2526,2025-12-07,DAC 1904,Spartak Trnava,3,1,2.79,2.83,2.79,2.07,18.0,19.0,0.14,0.43
SlovakiaNikeLiga,2526,2025-12-07,Trenčín,Tatran Prešov,0,0,0.82,0.91,0.82,0.91,12.0,12.0,0.59,0.69
SlovakiaNikeLiga,2526,2025-12-06,FC Košice,Slovan Bratislava,2,0,2.6,0.66,2.6,0.66,17.0,13.0,0.38,0.95
SlovakiaNikeLiga,2526,2025-12-06,Skalica,Komárno,1,1,0.87,1.89,0.87,1.13,7.0,16.0,0.27,0.81
SlovakiaNikeLiga,2526,2025-12-06,Žilina,Ružomberok,1,2,1.68,1.55,1.68,1.55,14.0,10.0,1.83,0.9
SlovakiaNikeLiga,2526,2025-12-06,Zemplín Michalovce,Podbrezová,0,4,0.59,1.6,0.59,1.6,9.0,7.0,0.52,0.31
SlovakiaNikeLiga,2526,2025-12-03,Podbrezová,Spartak Trnava,1,3,1.87,2.32,1.87,2.32,16.0,11.0,0.7,0.8
SlovakiaNikeLiga,2526,2025-12-03,Slovan Bratislava,Ružomberok,1,2,2.5,1.5,2.5,1.5,18.0,13.0,1.85,0.53
SlovakiaNikeLiga,2526,2025-11-30,Podbrezová,Žilina,2,0,3.63,0.57,3.63,0.57,17.0,8.0,0.68,1.09
SlovakiaNikeLiga,2526,2025-11-30,Slovan Bratislava,Zemplín Michalovce,3,2,0.97,1.25,0.97,1.25,15.0,14.0,1.07,0.81
SlovakiaNikeLiga,2526,2025-11-29,Trenčín,DAC 1904,0,3,1.01,2.34,1.01,2.34,9.0,12.0,0.86,0.49
SlovakiaNikeLiga,2526,2025-11-29,Ružomberok,FC Košice,1,1,2.96,1.07,2.2,1.07,15.0,11.0,1.47,0.38
SlovakiaNikeLiga,2526,2025-11-29,Tatran Prešov,Skalica,3,2,3.25,1.43,3.25,1.43,12.0,21.0,0.75,1.06
SlovakiaNikeLiga,2526,2025-11-29,Spartak Trnava,Komárno,2,0,2.42,0.63,2.42,0.63,14.0,8.0,0.89,0.4
SlovakiaNikeLiga,2526,2025-11-23,DAC 1904,Tatran Prešov,0,0,1.64,0.53,1.64,0.53,19.0,7.0,0.94,0.2
SlovakiaNikeLiga,2526,2025-11-23,Zemplín Michalovce,Ružomberok,4,2,4.43,2.2,4.43,2.2,28.0,14.0,2.34,0.91
SlovakiaNikeLiga,2526,2025-11-22,FC Košice,Spartak Trnava,1,2,1.02,2.91,1.02,2.15,14.0,12.0,0.56,0.6
SlovakiaNikeLiga,2526,2025-11-22,Žilina,Trenčín,4,1,5.54,1.65,4.78,0.89,22.0,10.0,1.04,0.98
SlovakiaNikeLiga,2526,2025-11-22,Skalica,Slovan Bratislava,0,1,0.77,1.1,0.77,1.1,11.0,14.0,0.65,0.95
SlovakiaNikeLiga,2526,2025-11-22,Komárno,Podbrezová,1,0,2.46,2.04,1.7,2.04,13.0,19.0,1.2,1.5
SlovakiaNikeLiga,2526,2025-11-09,Tatran Prešov,Spartak Trnava,2,1,0.95,0.49,0.95,0.49,8.0,5.0,0.45,0.75
SlovakiaNikeLiga,2526,2025-11-09,Slovan Bratislava,Komárno,3,2,1.48,1.11,1.48,1.11,13.0,11.0,1.17,0.47
SlovakiaNikeLiga,2526,2025-11-08,Žilina,Zemplín Michalovce,2,0,1.64,1.05,1.64,1.05,16.0,8.0,1.48,0.67
SlovakiaNikeLiga,2526,2025-11-08,Podbrezová,Skalica,2,0,2.67,1.33,2.67,1.33,25.0,10.0,1.2,0.72
SlovakiaNikeLiga,2526,2025-11-08,Ružomberok,DAC 1904,0,1,0.86,1.07,0.86,1.07,12.0,15.0,0.36,0.35
SlovakiaNikeLiga,2526,2025-11-08,Trenčín,FC Košice,2,0,2.79,1.15,2.79,1.15,13.0,11.0,1.25,0.74
SlovakiaNikeLiga,2526,2025-11-02,Spartak Trnava,Trenčín,4,0,3.92,1.82,3.92,1.82,17.0,9.0,1.21,0.79
SlovakiaNikeLiga,2526,2025-11-02,Komárno,Zemplín Michalovce,1,1,1.44,2.71,0.68,1.95,8.0,13.0,1.01,0.9
SlovakiaNikeLiga,2526,2025-11-01,DAC 1904,FC Košice,3,1,3.67,0.51,3.67,0.51,27.0,8.0,1.78,0.27
SlovakiaNikeLiga,2526,2025-11-01,Skalica,Ružomberok,0,0,1.03,0.43,1.03,0.43,13.0,7.0,1.15,0.42
SlovakiaNikeLiga,2526,2025-11-01,Podbrezová,Slovan Bratislava,1,3,2.17,2.31,2.17,2.31,14.0,13.0,0.82,0.66
SlovakiaNikeLiga,2526,2025-11-01,Tatran Prešov,Žilina,0,4,0.57,3.36,0.57,2.6,9.0,13.0,0.36,0.88
SlovakiaNikeLiga,2526,2025-10-29,Spartak Trnava,FC Košice,3,1,2.44,1.54,2.44,1.54,7.0,13.0,0.6,1.11
SlovakiaNikeLiga,2526,2025-10-29,Komárno,Slovan Bratislava,2,3,2.12,2.03,2.12,2.03,13.0,22.0,0.8,1.11
SlovakiaNikeLiga,2526,2025-10-26,Slovan Bratislava,Tatran Prešov,0,1,0.56,2.71,0.56,2.71,5.0,19.0,0.29,0.45
SlovakiaNikeLiga,2526,2025-10-26,Ružomberok,Spartak Trnava,1,1,1.15,1.59,1.15,1.59,11.0,15.0,0.57,1.06
SlovakiaNikeLiga,2526,2025-10-25,FC Košice,Podbrezová,2,4,0.7,3.86,0.7,3.1,8.0,15.0,0.41,0.34
SlovakiaNikeLiga,2526,2025-10-25,Žilina,Skalica,3,2,2.84,2.36,2.08,2.36,16.0,20.0,1.11,1.37
SlovakiaNikeLiga,2526,2025-10-25,Zemplín Michalovce,DAC 1904,2,4,1.15,3.26,1.15,2.5,11.0,20.0,0.48,0.79
SlovakiaNikeLiga,2526,2025-10-25,Trenčín,Komárno,0,1,1.76,1.31,1.76,0.55,11.0,10.0,1.2,0.38
SlovakiaNikeLiga,2526,2025-10-19,DAC 1904,Žilina,1,2,3.7,1.16,3.7,1.16,26.0,13.0,1.84,0.52
SlovakiaNikeLiga,2526,2025-10-19,FC Košice,Zemplín Michalovce,3,2,2.8,1.38,2.8,1.38,12.0,9.0,0.86,0.62
SlovakiaNikeLiga,2526,2025-10-18,Spartak Trnava,Slovan Bratislava,0,2,0.59,1.57,0.59,1.57,9.0,9.0,0.53,0.7
SlovakiaNikeLiga,2526,2025-10-18,Trenčín,Skalica,1,1,2.56,1.4,1.8,1.4,17.0,11.0,1.13,0.53
SlovakiaNikeLiga,2526,2025-10-18,Ružomberok,Komárno,0,1,1.16,0.96,1.16,0.96,13.0,9.0,0.64,0.53
SlovakiaNikeLiga,2526,2025-10-18,Tatran Prešov,Podbrezová,2,2,3.19,2.12,2.43,1.36,15.0,14.0,1.12,1.05
SlovakiaNikeLiga,2526,2025-10-05,Skalica,DAC 1904,1,1,1.6,2.48,0.84,1.72,10.0,23.0,0.48,1.9
SlovakiaNikeLiga,2526,2025-10-04,Žilina,FC Košice,4,1,2.04,3.11,1.28,3.11,13.0,19.0,0.52,0.91
SlovakiaNikeLiga,2526,2025-10-04,Komárno,Tatran Prešov,0,0,2.53,1.29,2.53,1.29,19.0,11.0,0.53,0.78
SlovakiaNikeLiga,2526,2025-10-04,Zemplín Michalovce,Trenčín,2,0,2.66,0.96,2.66,0.96,18.0,8.0,1.35,0.17
SlovakiaNikeLiga,2526,2025-10-01,FC Košice,DAC 1904,0,2,0.95,2.61,0.95,2.61,20.0,12.0,1.19,0.57
SlovakiaNikeLiga,2526,2025-09-28,Žilina,Spartak Trnava,2,2,1.53,2.02,1.53,2.02,11.0,18.0,0.54,0.75
SlovakiaNikeLiga,2526,2025-09-28,Ružomberok,Podbrezová,1,0,0.47,0.98,0.47,0.98,7.0,11.0,0.47,0.51
SlovakiaNikeLiga,2526,2025-09-27,FC Košice,Tatran Prešov,2,2,2.78,1.0,2.78,0.24,21.0,8.0,1.08,0.3
SlovakiaNikeLiga,2526,2025-09-27,Trenčín,Slovan Bratislava,1,2,2.75,3.77,1.99,3.01,18.0,11.0,0.72,0.34
SlovakiaNikeLiga,2526,2025-09-27,Zemplín Michalovce,Skalica,2,0,2.03,0.5,2.03,0.5,17.0,8.0,0.85,0.42
SlovakiaNikeLiga,2526,2025-09-27,DAC 1904,Komárno,1,1,3.86,1.09,3.1,1.09,37.0,10.0,1.58,0.38
SlovakiaNikeLiga,2526,2025-09-21,Spartak Trnava,Zemplín Michalovce,0,1,3.86,0.18,3.86,0.18,34.0,4.0,2.08,0.16
SlovakiaNikeLiga,2526,2025-09-21,Komárno,Žilina,1,3,3.55,0.88,2.79,0.88,18.0,10.0,1.0,0.53
SlovakiaNikeLiga,2526,2025-09-20,Slovan Bratislava,DAC 1904,3,2,1.54,2.53,1.54,1.77,9.0,15.0,0.26,0.52
SlovakiaNikeLiga,2526,2025-09-20,Podbrezová,Trenčín,2,0,2.51,2.43,1.75,2.43,14.0,16.0,0.43,1.0
SlovakiaNikeLiga,2526,2025-09-20,Tatran Prešov,Ružomberok,1,3,1.76,1.56,1.76,1.56,21.0,10.0,1.41,0.95
SlovakiaNikeLiga,2526,2025-09-20,Skalica,FC Košice,1,0,0.92,1.34,0.92,1.34,11.0,15.0,0.59,0.93
SlovakiaNikeLiga,2526,2025-09-14,DAC 1904,Podbrezová,2,0,2.83,0.87,2.83,0.87,21.0,16.0,1.14,0.41
SlovakiaNikeLiga,2526,2025-09-14,Zemplín Michalovce,Tatran Prešov,1,2,1.06,1.56,1.06,0.8,11.0,12.0,0.79,0.42
SlovakiaNikeLiga,2526,2025-09-13,Žilina,Slovan Bratislava,3,3,2.04,2.66,2.04,1.9,5.0,21.0,0.85,0.92
SlovakiaNikeLiga,2526,2025-09-13,Trenčín,Ružomberok,0,3,0.52,0.55,0.52,0.55,8.0,10.0,0.47,0.28
SlovakiaNikeLiga,2526,2025-09-13,Skalica,Spartak Trnava,0,4,0.24,3.18,0.24,2.42,4.0,17.0,0.24,0.99
SlovakiaNikeLiga,2526,2025-09-13,FC Košice,Komárno,2,3,1.8,2.32,1.04,2.32,13.0,15.0,0.78,1.03
SlovakiaNikeLiga,2526,2025-08-31,Spartak Trnava,DAC 1904,0,3,2.11,1.05,2.11,1.05,19.0,12.0,1.32,0.38
SlovakiaNikeLiga,2526,2025-08-31,Slovan Bratislava,FC Košice,3,2,1.05,1.33,1.05,1.33,12.0,16.0,1.07,0.69
SlovakiaNikeLiga,2526,2025-08-31,Ružomberok,Žilina,3,3,3.43,3.06,3.43,2.3,22.0,15.0,1.27,0.81
SlovakiaNikeLiga,2526,2025-08-30,Podbrezová,Zemplín Michalovce,2,2,3.96,2.08,3.96,2.08,24.0,15.0,1.4,0.67
SlovakiaNikeLiga,2526,2025-08-30,Komárno,Skalica,1,0,0.61,0.52,0.61,0.52,10.0,7.0,1.0,0.53
SlovakiaNikeLiga,2526,2025-08-30,Tatran Prešov,Trenčín,2,3,1.11,1.59,1.11,1.59,12.0,18.0,0.41,0.83
SlovakiaNikeLiga,2526,2025-08-24,Zemplín Michalovce,Slovan Bratislava,1,1,1.46,2.45,1.46,2.45,15.0,22.0,0.79,1.04
SlovakiaNikeLiga,2526,2025-08-24,Žilina,Podbrezová,3,0,3.69,1.14,2.93,1.14,19.0,15.0,0.7,0.66
SlovakiaNikeLiga,2526,2025-08-24,Komárno,Spartak Trnava,1,4,1.74,3.54,1.74,2.78,14.0,10.0,0.75,0.88
SlovakiaNikeLiga,2526,2025-08-23,DAC 1904,Trenčín,4,1,2.76,0.44,2.76,0.44,27.0,8.0,1.37,0.12
SlovakiaNikeLiga,2526,2025-08-23,FC Košice,Ružomberok,3,1,2.05,1.81,2.05,1.05,19.0,14.0,0.68,0.69
SlovakiaNikeLiga,2526,2025-08-23,Skalica,Tatran Prešov,2,2,1.05,1.27,1.05,1.27,10.0,18.0,0.74,0.92
SlovakiaNikeLiga,2526,2025-08-17,Trenčín,Žilina,2,1,2.64,1.02,2.64,1.02,27.0,9.0,1.42,0.41
SlovakiaNikeLiga,2526,2025-08-16,Tatran Prešov,DAC 1904,0,0,0.71,1.26,0.71,1.26,9.0,17.0,0.54,0.8
SlovakiaNikeLiga,2526,2025-08-16,Slovan Bratislava,Skalica,1,0,1.43,0.57,1.43,0.57,13.0,11.0,0.79,0.61
SlovakiaNikeLiga,2526,2025-08-16,Ružomberok,Zemplín Michalovce,0,1,1.25,2.37,1.25,2.37,10.0,14.0,0.8,0.27
SlovakiaNikeLiga,2526,2025-08-16,Podbrezová,Komárno,2,1,1.21,1.56,1.21,1.56,10.0,15.0,0.47,0.91
SlovakiaNikeLiga,2526,2025-08-12,Ružomberok,Skalica,1,3,1.09,0.87,1.09,0.87,9.0,12.0,0.62,0.49
SlovakiaNikeLiga,2526,2025-08-10,Spartak Trnava,Tatran Prešov,1,0,2.25,1.11,2.25,1.11,19.0,14.0,0.87,0.22
SlovakiaNikeLiga,2526,2025-08-10,FC Košice,Trenčín,0,1,3.27,0.52,3.27,0.52,32.0,9.0,1.16,0.52
SlovakiaNikeLiga,2526,2025-08-09,DAC 1904,Ružomberok,2,0,3.86,0.62,3.1,0.62,22.0,5.0,1.16,0.2
SlovakiaNikeLiga,2526,2025-08-09,Zemplín Michalovce,Žilina,2,4,2.22,1.83,2.22,1.83,22.0,8.0,0.9,1.03
SlovakiaNikeLiga,2526,2025-08-09,Skalica,Podbrezová,2,2,2.39,1.49,2.39,1.49,13.0,11.0,1.06,1.09
SlovakiaNikeLiga,2526,2025-08-03,Žilina,Tatran Prešov,1,0,1.89,0.29,1.89,0.29,18.0,6.0,1.23,0.55
SlovakiaNikeLiga,2526,2025-08-03,Trenčín,Spartak Trnava,0,1,0.7,1.42,0.7,1.42,8.0,18.0,0.79,0.66
SlovakiaNikeLiga,2526,2025-08-02,Slovan Bratislava,Podbrezová,4,1,2.31,2.2,1.55,1.44,14.0,13.0,0.44,0.63
SlovakiaNikeLiga,2526,2025-08-02,Zemplín Michalovce,Komárno,3,1,3.36,2.06,3.36,1.3,21.0,14.0,0.87,0.68
SlovakiaNikeLiga,2526,2025-07-27,Spartak Trnava,Ružomberok,3,0,2.76,0.53,2.76,0.53,19.0,9.0,1.09,0.45
SlovakiaNikeLiga,2526,2025-07-27,Skalica,Žilina,0,0,1.33,2.96,1.33,2.2,12.0,15.0,1.09,0.92
SlovakiaNikeLiga,2526,2025-07-27,Podbrezová,FC Košice,3,1,2.93,2.13,2.17,2.13,14.0,20.0,0.5,1.12
SlovakiaNikeLiga,2526,2025-07-26,Tatran Prešov,Slovan Bratislava,2,2,2.71,1.38,1.95,1.38,10.0,20.0,0.52,0.96
SlovakiaNikeLiga,2526,2025-07-26,DAC 1904,Zemplín Michalovce,1,1,1.62,0.76,1.62,0.76,15.0,9.0,1.64,0.23
SlovakiaNikeLiga,2526,2025-07-26,Komárno,Trenčín,1,2,2.01,1.44,2.01,1.44,21.0,15.0,1.51,0.73
SlovakiaNikeLiga,2627,2026-09-13,Slovan Bratislava,Žilina,3,3,3.23,1.84,3.23,1.84,28.0,15.0,1.53,0.63
SlovakiaNikeLiga,2627,2026-09-13,Podbrezová,Komárno,1,1,2.6,0.82,2.6,0.82,22.0,11.0,2.34,0.86
SlovakiaNikeLiga,2627,2026-09-12,Spartak Trnava,Košice,5,2,0.87,2.81,0.87,2.81,8.0,20.0,0.52,1.14
SlovakiaNikeLiga,2627,2026-09-12,Dukla Banská Bystrica,Skalica,3,2,1.82,1.54,1.06,1.54,11.0,8.0,0.57,0.9
SlovakiaNikeLiga,2627,2026-09-12,Ružomberok,Zemplín Michalovce,3,0,3.15,1.28,3.15,1.28,21.0,12.0,1.34,0.79
SlovakiaNikeLiga,2627,2026-09-12,Trenčín,DAC 1904,1,4,1.94,1.91,1.18,1.91,15.0,12.0,1.0,1.09
SlovakiaNikeLiga,2627,2026-09-06,Ružomberok,Spartak Trnava,1,1,0.5,1.86,0.5,1.86,7.0,23.0,0.21,1.16
SlovakiaNikeLiga,2627,2026-09-06,Košice,Dukla Banská Bystrica,3,0,2.86,0.76,2.86,0.76,12.0,5.0,0.79,0.27
SlovakiaNikeLiga,2627,2026-09-05,DAC 1904,Slovan Bratislava,2,0,1.71,0.41,1.71,0.41,18.0,8.0,0.97,0.6
SlovakiaNikeLiga,2627,2026-09-05,Žilina,Podbrezová,3,1,1.86,2.51,1.1,2.51,14.0,19.0,1.04,0.97
SlovakiaNikeLiga,2627,2026-09-05,Komárno,Skalica,0,0,2.29,0.75,1.53,0.75,15.0,11.0,1.12,0.22
SlovakiaNikeLiga,2627,2026-09-05,Zemplín Michalovce,Trenčín,3,1,1.13,2.61,1.13,2.61,12.0,23.0,0.64,1.28
SlovakiaNikeLiga,2627,2026-08-30,Spartak Trnava,Žilina,1,3,2.59,3.1,2.59,3.1,17.0,13.0,0.96,0.75
SlovakiaNikeLiga,2627,2026-08-30,Slovan Bratislava,Zemplín Michalovce,1,2,2.98,0.85,2.98,0.85,20.0,6.0,2.02,0.13
SlovakiaNikeLiga,2627,2026-08-30,Skalica,DAC 1904,1,6,1.27,4.27,1.27,4.27,9.0,18.0,0.45,1.34
SlovakiaNikeLiga,2627,2026-08-29,Dukla Banská Bystrica,Komárno,2,2,1.99,2.82,1.99,2.06,13.0,14.0,0.64,1.36
SlovakiaNikeLiga,2627,2026-08-29,Podbrezová,Košice,2,2,2.13,2.54,2.13,2.54,17.0,13.0,0.92,0.52
SlovakiaNikeLiga,2627,2026-08-29,Trenčín,Ružomberok,2,1,2.33,1.8,1.57,1.8,13.0,13.0,0.96,1.37
SlovakiaNikeLiga,2627,2026-08-23,Žilina,Komárno,2,1,2.28,1.41,2.28,1.41,16.0,7.0,1.08,0.5
SlovakiaNikeLiga,2627,2026-08-23,Trenčín,Spartak Trnava,0,4,0.96,2.02,0.96,1.26,13.0,14.0,1.1,0.37
SlovakiaNikeLiga,2627,2026-08-22,FC Košice,Slovan Bratislava,1,2,1.14,2.98,1.14,2.98,9.0,16.0,0.66,0.98
SlovakiaNikeLiga,2627,2026-08-22,DAC 1904,Podbrezová,5,0,2.65,0.66,2.65,0.66,18.0,12.0,1.63,0.34
SlovakiaNikeLiga,2627,2026-08-22,Ružomberok,Dukla Banská Bystrica,0,1,3.05,1.29,2.29,1.29,19.0,11.0,0.81,0.71
SlovakiaNikeLiga,2627,2026-08-22,Zemplín Michalovce,Skalica,2,0,3.03,1.06,3.03,1.06,18.0,10.0,0.85,0.6
SlovakiaNikeLiga,2627,2026-08-16,Komárno,DAC 1904,0,3,2.24,2.58,2.24,2.58,14.0,28.0,0.95,0.66
SlovakiaNikeLiga,2627,2026-08-16,Spartak Trnava,Zemplín Michalovce,2,0,2.99,0.2,2.23,0.2,18.0,4.0,0.76,0.27
SlovakiaNikeLiga,2627,2026-08-15,Podbrezová,Trenčín,2,1,2.5,1.76,2.5,1.76,19.0,17.0,1.21,0.57
SlovakiaNikeLiga,2627,2026-08-15,Skalica,FC Košice,2,4,1.97,1.48,1.21,1.48,18.0,15.0,0.6,0.75
SlovakiaNikeLiga,2627,2026-08-15,Dukla Banská Bystrica,Žilina,3,4,3.38,3.32,2.62,3.32,19.0,13.0,1.05,0.9
SlovakiaNikeLiga,2627,2026-08-15,Slovan Bratislava,Ružomberok,5,0,2.77,0.45,2.77,0.45,18.0,9.0,2.26,0.09
SlovakiaNikeLiga,2627,2026-08-09,Žilina,Skalica,1,3,3.15,2.01,2.39,2.01,22.0,10.0,1.62,0.31
SlovakiaNikeLiga,2627,2026-08-08,Spartak Trnava,Dukla Banská Bystrica,3,0,4.71,0.55,4.71,0.55,20.0,11.0,0.67,0.35
SlovakiaNikeLiga,2627,2026-08-08,Zemplín Michalovce,Komárno,1,1,1.45,1.16,1.45,1.16,11.0,8.0,0.62,0.78
SlovakiaNikeLiga,2627,2026-08-08,Ružomberok,Podbrezová,1,4,0.86,4.03,0.86,4.03,10.0,15.0,0.68,0.78
SlovakiaNikeLiga,2627,2026-08-02,Komárno,Spartak Trnava,1,2,1.25,2.55,1.25,2.55,10.0,19.0,0.95,0.92
SlovakiaNikeLiga,2627,2026-08-02,DAC 1904,Dukla Banská Bystrica,2,0,3.39,0.89,2.63,0.89,16.0,17.0,1.09,0.51
SlovakiaNikeLiga,2627,2026-08-02,Zemplín Michalovce,Žilina,0,1,2.2,0.67,2.2,0.67,19.0,10.0,1.12,0.35
SlovakiaNikeLiga,2627,2026-08-01,FC Košice,Trenčín,3,3,3.58,1.41,3.58,0.65,25.0,10.0,1.25,0.31
SlovakiaNikeLiga,2627,2026-08-01,Slovan Bratislava,Podbrezová,3,0,3.0,1.62,3.0,1.62,22.0,11.0,0.9,0.79
SlovakiaNikeLiga,2627,2026-08-01,Skalica,Ružomberok,2,1,2.11,2.08,2.11,2.08,12.0,15.0,0.9,0.62
SlovakiaNikeLiga,2627,2026-07-26,Dukla Banská Bystrica,Slovan Bratislava,0,4,1.22,1.89,1.22,1.89,10.0,12.0,0.49,0.7
SlovakiaNikeLiga,2627,2026-07-26,Ružomberok,DAC 1904,1,1,2.13,1.02,1.37,1.02,15.0,12.0,0.54,0.9
SlovakiaNikeLiga,2627,2026-07-26,Žilina,FC Košice,4,4,2.82,2.48,2.82,1.72,21.0,14.0,1.05,0.58
SlovakiaNikeLiga,2627,2026-07-25,Podbrezová,Zemplín Michalovce,2,0,2.29,0.69,2.29,0.69,24.0,9.0,0.66,0.4
SlovakiaNikeLiga,2627,2026-07-25,Spartak Trnava,Skalica,1,1,1.65,0.71,1.65,0.71,16.0,9.0,1.07,0.58
SlovakiaNikeLiga,2627,2026-07-25,Trenčín,Komárno,1,1,0.86,2.52,0.86,2.52,9.0,20.0,0.33,0.7
IsraelLigatHaAl,2425,2025-05-24,Hapoel Be'er Sheva,Hapoel Haifa,5,0,4.51,0.89,4.51,0.89,30.0,6.0,1.78,0.08
IsraelLigatHaAl,2425,2025-05-24,Maccabi Tel Aviv,Beitar Jerusalem,5,0,2.92,0.26,2.92,0.26,15.0,2.0,1.58,0.26
IsraelLigatHaAl,2425,2025-05-24,Maccabi Netanya,Maccabi Haifa,2,3,1.69,2.28,1.69,2.28,14.0,19.0,0.78,0.38
IsraelLigatHaAl,2425,2025-05-19,Maccabi Haifa,Maccabi Tel Aviv,0,3,0.68,1.57,0.68,1.57,8.0,13.0,0.35,0.71
IsraelLigatHaAl,2425,2025-05-19,Beitar Jerusalem,Hapoel Be'er Sheva,1,1,2.44,1.64,1.68,1.64,8.0,11.0,0.65,0.5
IsraelLigatHaAl,2425,2025-05-17,Hapoel Haifa,Maccabi Netanya,1,1,1.6,2.15,1.6,2.15,11.0,18.0,1.11,0.71
IsraelLigatHaAl,2425,2025-05-12,Hapoel Be'er Sheva,Maccabi Haifa,4,1,4.36,1.84,4.36,1.08,23.0,8.0,1.36,0.37
IsraelLigatHaAl,2425,2025-05-12,Maccabi Netanya,Maccabi Tel Aviv,1,6,0.41,4.68,0.41,3.92,7.0,26.0,0.28,1.87
IsraelLigatHaAl,2425,2025-05-11,Hapoel Haifa,Beitar Jerusalem,1,0,0.58,1.85,0.58,1.85,9.0,19.0,0.33,1.6
IsraelLigatHaAl,2425,2025-05-10,Ashdod,Ironi Kiryat Shmona,4,2,4.57,0.96,3.05,0.96,17.0,9.0,0.79,0.68
IsraelLigatHaAl,2425,2025-05-10,Bnei Sakhnin,Maccabi Bnei Raina,0,1,0.51,1.32,0.51,1.32,7.0,12.0,0.35,0.48
IsraelLigatHaAl,2425,2025-05-10,Hapoel Hadera,Hapoel Jerusalem,2,4,3.3,2.48,2.54,1.72,22.0,14.0,0.76,0.86
IsraelLigatHaAl,2425,2025-05-10,Ironi Tiberias,Maccabi Petah Tikva,0,0,1.02,1.14,1.02,1.14,7.0,13.0,0.47,0.69
IsraelLigatHaAl,2425,2025-05-05,Maccabi Tel Aviv,Hapoel Be'er Sheva,1,1,2.01,1.48,2.01,1.48,12.0,11.0,0.63,0.46
IsraelLigatHaAl,2425,2025-05-04,Beitar Jerusalem,Maccabi Netanya,0,3,2.59,1.92,2.59,1.92,19.0,7.0,1.59,0.43
IsraelLigatHaAl,2425,2025-05-03,Hapoel Jerusalem,Ironi Tiberias,3,1,1.93,2.71,1.93,2.71,19.0,19.0,0.43,1.19
IsraelLigatHaAl,2425,2025-05-03,Maccabi Bnei Raina,Hapoel Hadera,1,2,2.91,1.51,2.91,1.51,14.0,11.0,1.5,0.1
IsraelLigatHaAl,2425,2025-05-03,Ironi Kiryat Shmona,Bnei Sakhnin,0,1,0.44,0.21,0.44,0.21,6.0,6.0,0.37,0.64
IsraelLigatHaAl,2425,2025-05-03,Maccabi Petah Tikva,Ashdod,1,1,1.59,1.56,1.59,1.56,8.0,20.0,0.25,0.46
IsraelLigatHaAl,2425,2025-05-03,Maccabi Haifa,Hapoel Haifa,1,5,1.83,1.59,1.83,1.59,10.0,9.0,0.76,0.44
IsraelLigatHaAl,2425,2025-04-28,Beitar Jerusalem,Maccabi Haifa,1,2,1.74,2.88,0.98,2.88,12.0,10.0,0.84,0.84
IsraelLigatHaAl,2425,2025-04-27,Maccabi Netanya,Hapoel Be'er Sheva,2,1,0.76,2.17,0.76,1.41,9.0,17.0,0.4,1.02
IsraelLigatHaAl,2425,2025-04-26,Hapoel Haifa,Maccabi Tel Aviv,1,3,1.93,2.64,1.93,2.64,10.0,17.0,0.61,1.35
IsraelLigatHaAl,2425,2025-04-26,Bnei Sakhnin,Ashdod,0,0,0.66,0.19,0.66,0.19,6.0,5.0,0.52,0.24
IsraelLigatHaAl,2425,2025-04-26,Hapoel Hadera,Ironi Kiryat Shmona,1,0,2.84,0.75,2.84,0.75,29.0,9.0,0.92,0.84
IsraelLigatHaAl,2425,2025-04-26,Ironi Tiberias,Maccabi Bnei Raina,2,1,1.1,1.08,1.1,1.08,10.0,9.0,0.39,0.34
IsraelLigatHaAl,2425,2025-04-26,Hapoel Jerusalem,Maccabi Petah Tikva,0,0,0.65,1.68,0.65,1.68,9.0,18.0,0.37,1.12
IsraelLigatHaAl,2425,2025-04-21,Beitar Jerusalem,Maccabi Tel Aviv,3,1,2.88,1.82,2.88,1.06,20.0,11.0,0.77,0.61
IsraelLigatHaAl,2425,2025-04-20,Maccabi Haifa,Maccabi Netanya,1,0,1.05,1.42,1.05,1.42,8.0,14.0,0.56,0.84
IsraelLigatHaAl,2425,2025-04-19,Hapoel Haifa,Hapoel Be'er Sheva,1,2,1.35,1.75,0.59,1.75,8.0,15.0,0.29,0.57
IsraelLigatHaAl,2425,2025-04-19,Maccabi Bnei Raina,Hapoel Jerusalem,2,1,2.63,0.53,1.87,0.53,16.0,7.0,0.5,0.22
IsraelLigatHaAl,2425,2025-04-19,Ironi Kiryat Shmona,Ironi Tiberias,0,2,0.74,1.65,0.74,1.65,9.0,10.0,0.43,0.31
IsraelLigatHaAl,2425,2025-04-19,Ashdod,Hapoel Hadera,4,1,3.68,2.07,2.92,2.07,23.0,16.0,0.59,0.7
IsraelLigatHaAl,2425,2025-04-19,Maccabi Petah Tikva,Bnei Sakhnin,1,2,0.45,0.27,0.45,0.27,6.0,4.0,1.25,0.35
IsraelLigatHaAl,2425,2025-04-14,Maccabi Tel Aviv,Maccabi Haifa,1,1,1.32,1.39,1.32,1.39,11.0,7.0,0.54,0.45
IsraelLigatHaAl,2425,2025-04-14,Hapoel Be'er Sheva,Beitar Jerusalem,3,1,3.93,0.52,3.93,0.52,25.0,4.0,0.81,0.19
IsraelLigatHaAl,2425,2025-04-14,Maccabi Netanya,Hapoel Haifa,2,2,1.51,2.07,1.51,2.07,8.0,14.0,0.37,0.91
IsraelLigatHaAl,2425,2025-04-07,Hapoel Hadera,Bnei Sakhnin,0,1,1.28,0.8,1.28,0.8,12.0,6.0,0.62,0.52
IsraelLigatHaAl,2425,2025-04-07,Maccabi Haifa,Hapoel Be'er Sheva,0,3,1.13,3.15,1.13,2.39,9.0,14.0,0.54,1.21
IsraelLigatHaAl,2425,2025-04-06,Beitar Jerusalem,Hapoel Haifa,0,1,0.94,0.76,0.94,0.76,10.0,5.0,0.4,0.38
IsraelLigatHaAl,2425,2025-04-06,Ironi Tiberias,Ashdod,1,2,0.94,2.01,0.94,2.01,10.0,19.0,0.89,0.73
IsraelLigatHaAl,2425,2025-04-05,Hapoel Jerusalem,Ironi Kiryat Shmona,2,0,1.86,0.31,1.86,0.31,22.0,5.0,0.69,0.38
IsraelLigatHaAl,2425,2025-04-05,Maccabi Bnei Raina,Maccabi Petah Tikva,0,2,1.03,2.54,1.03,1.78,9.0,14.0,0.33,0.58
IsraelLigatHaAl,2425,2025-04-05,Maccabi Tel Aviv,Maccabi Netanya,4,1,3.44,1.92,2.68,1.92,14.0,15.0,1.0,0.48
IsraelLigatHaAl,2425,2025-03-31,Hapoel Be'er Sheva,Maccabi Tel Aviv,1,3,1.59,2.4,1.59,2.4,10.0,14.0,0.83,1.12
IsraelLigatHaAl,2425,2025-03-30,Maccabi Netanya,Beitar Jerusalem,0,1,1.01,2.03,1.01,2.03,8.0,19.0,0.42,1.23
IsraelLigatHaAl,2425,2025-03-29,Ashdod,Hapoel Jerusalem,1,1,1.85,0.52,1.85,0.52,19.0,9.0,1.07,0.34
IsraelLigatHaAl,2425,2025-03-29,Bnei Sakhnin,Ironi Tiberias,2,1,1.78,0.69,1.02,0.69,7.0,8.0,0.94,0.52
IsraelLigatHaAl,2425,2025-03-29,Hapoel Haifa,Maccabi Haifa,0,2,1.23,1.08,1.23,1.08,14.0,10.0,0.38,0.75
IsraelLigatHaAl,2425,2025-03-29,Ironi Kiryat Shmona,Maccabi Bnei Raina,0,3,1.89,2.72,1.89,1.96,9.0,17.0,0.71,0.46
IsraelLigatHaAl,2425,2025-03-29,Maccabi Petah Tikva,Hapoel Hadera,4,1,2.92,0.43,2.16,0.43,17.0,5.0,0.68,0.15
IsraelLigatHaAl,2425,2025-03-16,Maccabi Bnei Raina,Ashdod,1,1,0.59,1.07,0.59,1.07,6.0,7.0,0.4,0.38
IsraelLigatHaAl,2425,2025-03-16,Maccabi Haifa,Beitar Jerusalem,3,3,2.91,4.41,2.15,3.65,13.0,23.0,0.47,1.43
IsraelLigatHaAl,2425,2025-03-15,Hapoel Be'er Sheva,Maccabi Netanya,2,0,3.78,0.77,3.78,0.77,25.0,6.0,1.18,0.13
IsraelLigatHaAl,2425,2025-03-15,Hapoel Jerusalem,Bnei Sakhnin,4,1,2.1,0.45,2.1,0.45,22.0,4.0,0.6,0.18
IsraelLigatHaAl,2425,2025-03-15,Ironi Kiryat Shmona,Maccabi Petah Tikva,2,1,1.06,2.64,1.06,2.64,10.0,24.0,0.9,1.07
IsraelLigatHaAl,2425,2025-03-15,Ironi Tiberias,Hapoel Hadera,1,1,1.46,2.77,1.46,2.77,13.0,15.0,0.35,0.92
IsraelLigatHaAl,2425,2025-03-15,Maccabi Tel Aviv,Hapoel Haifa,3,0,3.62,0.31,3.62,0.31,23.0,4.0,1.56,0.11
IsraelLigatHaAl,2425,2025-03-10,Beitar Jerusalem,Hapoel Be'er Sheva,1,1,1.63,0.66,1.63,0.66,13.0,5.0,0.55,0.27
IsraelLigatHaAl,2425,2025-03-09,Ironi Kiryat Shmona,Maccabi Petah Tikva,2,0,1.76,0.92,1.0,0.92,11.0,9.0,0.41,0.55
IsraelLigatHaAl,2425,2025-03-09,Maccabi Haifa,Ashdod,1,2,2.25,1.3,2.25,1.3,20.0,11.0,1.32,0.5
IsraelLigatHaAl,2425,2025-03-08,Bnei Sakhnin,Hapoel Jerusalem,0,2,1.81,1.81,1.81,1.05,17.0,8.0,1.28,0.49
IsraelLigatHaAl,2425,2025-03-08,Maccabi Bnei Raina,Hapoel Hadera,1,2,1.02,0.98,1.02,0.98,8.0,9.0,0.44,0.77
IsraelLigatHaAl,2425,2025-03-08,Maccabi Netanya,Ironi Tiberias,1,1,0.95,1.56,0.95,0.8,10.0,9.0,0.84,0.48
IsraelLigatHaAl,2425,2025-03-08,Maccabi Tel Aviv,Hapoel Haifa,2,0,1.95,0.5,1.19,0.5,15.0,7.0,0.59,0.16
IsraelLigatHaAl,2425,2025-03-03,Hapoel Be'er Sheva,Maccabi Haifa,3,3,2.79,2.59,2.79,2.59,16.0,12.0,0.55,0.41
IsraelLigatHaAl,2425,2025-03-02,Hapoel Haifa,Bnei Sakhnin,2,1,1.98,0.81,1.98,0.81,11.0,8.0,0.77,0.4
IsraelLigatHaAl,2425,2025-03-02,Maccabi Petah Tikva,Beitar Jerusalem,1,2,0.73,1.0,0.73,1.0,5.0,15.0,0.44,0.76
IsraelLigatHaAl,2425,2025-03-01,Ashdod,Maccabi Netanya,0,0,0.38,0.84,0.38,0.84,9.0,8.0,0.41,0.64
IsraelLigatHaAl,2425,2025-03-01,Hapoel Hadera,Maccabi Tel Aviv,2,3,1.31,2.54,1.31,1.78,10.0,20.0,0.5,0.94
IsraelLigatHaAl,2425,2025-03-01,Hapoel Jerusalem,Ironi Kiryat Shmona,0,0,2.37,0.9,2.37,0.9,20.0,11.0,1.0,0.36
IsraelLigatHaAl,2425,2025-03-01,Ironi Tiberias,Maccabi Bnei Raina,1,0,1.58,2.02,1.58,1.26,11.0,18.0,0.53,0.96
IsraelLigatHaAl,2425,2025-02-24,Hapoel Haifa,Ironi Kiryat Shmona,4,3,2.65,1.7,1.89,1.7,12.0,12.0,0.79,0.58
IsraelLigatHaAl,2425,2025-02-23,Bnei Sakhnin,Hapoel Hadera,0,1,2.03,0.97,2.03,0.97,17.0,9.0,1.01,0.24
IsraelLigatHaAl,2425,2025-02-22,Ironi Tiberias,Ashdod,2,1,0.72,1.15,0.72,1.15,6.0,12.0,0.2,0.59
IsraelLigatHaAl,2425,2025-02-22,Maccabi Haifa,Maccabi Petah Tikva,1,0,1.77,0.46,1.77,0.46,13.0,7.0,1.16,0.55
IsraelLigatHaAl,2425,2025-02-22,Maccabi Netanya,Hapoel Be'er Sheva,1,2,3.7,0.72,2.94,0.72,22.0,6.0,1.74,0.14
IsraelLigatHaAl,2425,2025-02-22,Maccabi Tel Aviv,Maccabi Bnei Raina,0,1,1.47,0.68,1.47,0.68,13.0,5.0,1.09,0.24
IsraelLigatHaAl,2425,2025-02-21,Beitar Jerusalem,Hapoel Jerusalem,1,1,1.65,1.13,1.65,1.13,9.0,9.0,1.23,0.43
IsraelLigatHaAl,2425,2025-02-17,Maccabi Haifa,Hapoel Jerusalem,3,3,3.29,2.49,3.29,2.49,28.0,12.0,1.2,0.75
IsraelLigatHaAl,2425,2025-02-16,Maccabi Tel Aviv,Bnei Sakhnin,3,1,3.1,1.08,3.1,1.08,17.0,11.0,1.07,0.44
IsraelLigatHaAl,2425,2025-02-15,Hapoel Be'er Sheva,Ironi Tiberias,4,0,2.25,0.66,2.25,0.66,18.0,4.0,0.96,0.25
IsraelLigatHaAl,2425,2025-02-15,Hapoel Hadera,Ironi Kiryat Shmona,0,2,2.65,2.32,2.65,1.56,12.0,14.0,1.07,0.29
IsraelLigatHaAl,2425,2025-02-15,Hapoel Haifa,Beitar Jerusalem,3,2,1.65,2.13,0.89,1.37,13.0,14.0,0.22,1.2
IsraelLigatHaAl,2425,2025-02-15,Maccabi Bnei Raina,Ashdod,1,4,1.46,1.72,1.46,1.72,7.0,9.0,0.97,0.45
IsraelLigatHaAl,2425,2025-02-15,Maccabi Petah Tikva,Maccabi Netanya,0,1,1.44,1.28,0.68,1.28,10.0,10.0,0.51,0.7
IsraelLigatHaAl,2425,2025-02-10,Maccabi Haifa,Hapoel Haifa,1,1,2.84,0.21,2.84,0.21,24.0,5.0,1.06,0.36
IsraelLigatHaAl,2425,2025-02-09,Ironi Kiryat Shmona,Maccabi Tel Aviv,1,2,1.11,2.48,1.11,2.48,6.0,18.0,0.39,0.53
IsraelLigatHaAl,2425,2025-02-08,Ashdod,Hapoel Be'er Sheva,0,2,0.87,2.34,0.87,2.34,8.0,14.0,0.52,0.66
IsraelLigatHaAl,2425,2025-02-08,Beitar Jerusalem,Hapoel Hadera,0,0,1.7,0.37,1.7,0.37,23.0,4.0,0.77,0.39
IsraelLigatHaAl,2425,2025-02-08,Bnei Sakhnin,Maccabi Bnei Raina,2,0,1.01,1.65,0.25,1.65,7.0,9.0,0.18,0.4
IsraelLigatHaAl,2425,2025-02-08,Ironi Tiberias,Maccabi Petah Tikva,1,2,1.1,1.58,1.1,1.58,12.0,10.0,0.66,1.01
IsraelLigatHaAl,2425,2025-02-08,Maccabi Netanya,Hapoel Jerusalem,2,1,1.56,1.62,1.56,0.86,13.0,12.0,0.68,0.57
IsraelLigatHaAl,2425,2025-02-03,Maccabi Tel Aviv,Beitar Jerusalem,1,1,2.42,1.77,2.42,1.01,16.0,11.0,1.03,0.22
IsraelLigatHaAl,2425,2025-02-02,Hapoel Haifa,Maccabi Netanya,1,3,2.0,2.24,2.0,2.24,16.0,16.0,0.86,0.58
IsraelLigatHaAl,2425,2025-02-01,Bnei Sakhnin,Ironi Kiryat Shmona,0,1,0.97,0.85,0.97,0.85,10.0,9.0,0.51,0.61
IsraelLigatHaAl,2425,2025-02-01,Hapoel Hadera,Maccabi Haifa,1,3,0.28,2.74,0.28,2.74,2.0,12.0,0.27,0.68
IsraelLigatHaAl,2425,2025-02-01,Hapoel Jerusalem,Ironi Tiberias,4,0,2.81,0.36,2.05,0.36,24.0,3.0,1.81,0.31
IsraelLigatHaAl,2425,2025-02-01,Maccabi Bnei Raina,Hapoel Be'er Sheva,1,0,0.62,2.57,0.62,1.81,8.0,15.0,0.4,1.23
IsraelLigatHaAl,2425,2025-02-01,Maccabi Petah Tikva,Ashdod,2,2,2.96,0.87,2.96,0.87,24.0,10.0,1.41,0.43
IsraelLigatHaAl,2425,2025-01-26,Maccabi Netanya,Hapoel Hadera,2,1,0.92,1.44,0.92,1.44,7.0,11.0,0.43,0.41
IsraelLigatHaAl,2425,2025-01-25,Ashdod,Hapoel Jerusalem,1,1,0.72,1.52,0.72,1.52,10.0,14.0,0.57,0.53
IsraelLigatHaAl,2425,2025-01-25,Beitar Jerusalem,Bnei Sakhnin,1,0,0.96,0.25,0.96,0.25,9.0,5.0,0.91,0.54
IsraelLigatHaAl,2425,2025-01-25,Hapoel Be'er Sheva,Maccabi Petah Tikva,1,0,1.99,0.11,1.99,0.11,14.0,2.0,1.16,0.27
IsraelLigatHaAl,2425,2025-01-25,Ironi Kiryat Shmona,Maccabi Bnei Raina,0,0,0.63,1.98,0.63,1.98,5.0,17.0,0.37,0.41
IsraelLigatHaAl,2425,2025-01-25,Ironi Tiberias,Hapoel Haifa,1,1,1.17,1.34,1.17,1.34,9.0,10.0,0.38,0.45
IsraelLigatHaAl,2425,2025-01-20,Hapoel Hadera,Ironi Tiberias,1,2,1.03,3.16,1.03,1.64,9.0,13.0,0.8,0.8
IsraelLigatHaAl,2425,2025-01-20,Hapoel Haifa,Ashdod,2,1,2.57,1.97,2.57,1.21,11.0,15.0,0.69,0.45
IsraelLigatHaAl,2425,2025-01-19,Hapoel Jerusalem,Hapoel Be'er Sheva,0,2,0.59,1.7,0.59,1.7,7.0,12.0,0.15,0.55
IsraelLigatHaAl,2425,2025-01-18,Bnei Sakhnin,Maccabi Haifa,1,1,0.98,2.13,0.98,2.13,7.0,11.0,0.26,0.43
IsraelLigatHaAl,2425,2025-01-18,Ironi Kiryat Shmona,Beitar Jerusalem,0,3,0.47,3.51,0.47,2.75,3.0,20.0,0.44,0.68
IsraelLigatHaAl,2425,2025-01-18,Maccabi Bnei Raina,Maccabi Petah Tikva,1,2,2.49,1.27,2.49,1.27,10.0,13.0,0.59,0.65
IsraelLigatHaAl,2425,2025-01-18,Maccabi Tel Aviv,Maccabi Netanya,4,1,4.5,1.01,2.98,1.01,21.0,8.0,1.41,0.68
IsraelLigatHaAl,2425,2025-01-12,Ashdod,Hapoel Hadera,1,1,1.42,1.26,0.66,0.5,14.0,3.0,0.83,0.4
IsraelLigatHaAl,2425,2025-01-12,Hapoel Haifa,Hapoel Be'er Sheva,0,1,0.69,2.26,0.69,2.26,6.0,19.0,0.39,1.14
IsraelLigatHaAl,2425,2025-01-11,Beitar Jerusalem,Maccabi Bnei Raina,1,4,1.43,2.83,0.67,2.83,6.0,19.0,0.67,0.91
IsraelLigatHaAl,2425,2025-01-11,Ironi Tiberias,Maccabi Tel Aviv,2,2,2.54,2.77,2.54,2.01,12.0,17.0,0.34,0.74
IsraelLigatHaAl,2425,2025-01-11,Maccabi Haifa,Ironi Kiryat Shmona,4,1,4.64,1.97,3.12,1.97,20.0,14.0,0.6,0.51
IsraelLigatHaAl,2425,2025-01-11,Maccabi Netanya,Bnei Sakhnin,4,0,3.41,0.36,2.65,0.36,19.0,7.0,0.37,0.2
IsraelLigatHaAl,2425,2025-01-11,Maccabi Petah Tikva,Hapoel Jerusalem,2,0,1.61,0.4,1.61,0.4,10.0,6.0,0.88,0.3
IsraelLigatHaAl,2425,2025-01-06,Maccabi Bnei Raina,Hapoel Jerusalem,0,0,0.99,0.74,0.99,0.74,7.0,5.0,0.41,0.7
IsraelLigatHaAl,2425,2025-01-06,Maccabi Haifa,Beitar Jerusalem,1,3,1.55,3.05,1.55,2.29,12.0,10.0,1.24,0.47
IsraelLigatHaAl,2425,2025-01-05,Ironi Kiryat Shmona,Maccabi Netanya,0,1,0.86,1.09,0.86,1.09,7.0,13.0,0.39,0.65
IsraelLigatHaAl,2425,2025-01-04,Bnei Sakhnin,Ironi Tiberias,0,0,1.19,1.05,1.19,1.05,16.0,9.0,0.51,0.19
IsraelLigatHaAl,2425,2025-01-04,Hapoel Hadera,Hapoel Be'er Sheva,1,2,1.51,2.16,1.51,2.16,8.0,13.0,0.6,0.94
IsraelLigatHaAl,2425,2025-01-04,Hapoel Haifa,Maccabi Petah Tikva,5,1,2.38,0.83,2.38,0.83,12.0,8.0,0.52,0.61
IsraelLigatHaAl,2425,2025-01-04,Maccabi Tel Aviv,Ashdod,5,1,4.69,1.04,4.69,1.04,18.0,9.0,1.17,0.46
IsraelLigatHaAl,2425,2025-01-02,Maccabi Haifa,Maccabi Bnei Raina,2,0,1.92,0.63,1.92,0.63,10.0,6.0,1.0,0.16
IsraelLigatHaAl,2425,2025-01-01,Hapoel Be'er Sheva,Maccabi Tel Aviv,2,2,2.72,2.53,2.72,2.53,20.0,10.0,0.9,0.72
IsraelLigatHaAl,2425,2025-01-01,Hapoel Jerusalem,Hapoel Haifa,1,0,0.96,0.67,0.96,0.67,7.0,9.0,0.04,0.94
IsraelLigatHaAl,2425,2025-01-01,Maccabi Netanya,Beitar Jerusalem,3,0,0.98,0.66,0.98,0.66,11.0,10.0,0.5,0.5
IsraelLigatHaAl,2425,2024-12-31,Ashdod,Bnei Sakhnin,3,5,2.13,2.44,2.13,1.68,13.0,16.0,0.54,0.44
IsraelLigatHaAl,2425,2024-12-31,Ironi Tiberias,Ironi Kiryat Shmona,3,1,1.56,1.23,1.56,1.23,15.0,13.0,0.45,0.88
IsraelLigatHaAl,2425,2024-12-31,Maccabi Petah Tikva,Hapoel Hadera,0,0,1.49,1.24,1.49,1.24,10.0,14.0,0.95,1.12
IsraelLigatHaAl,2425,2024-12-23,Beitar Jerusalem,Ironi Tiberias,1,1,2.16,1.0,2.16,0.24,21.0,4.0,1.68,0.08
IsraelLigatHaAl,2425,2024-12-22,Ironi Kiryat Shmona,Ashdod,3,2,1.87,1.12,1.87,1.12,12.0,15.0,0.24,0.51
IsraelLigatHaAl,2425,2024-12-21,Bnei Sakhnin,Hapoel Be'er Sheva,0,0,0.77,2.49,0.77,2.49,6.0,18.0,0.28,0.93
IsraelLigatHaAl,2425,2024-12-21,Hapoel Hadera,Hapoel Jerusalem,1,1,1.57,1.25,1.57,1.25,8.0,10.0,0.93,0.38
IsraelLigatHaAl,2425,2024-12-21,Maccabi Bnei Raina,Hapoel Haifa,0,2,1.14,1.16,1.14,1.16,5.0,13.0,1.12,0.61
IsraelLigatHaAl,2425,2024-12-21,Maccabi Haifa,Maccabi Netanya,2,1,1.53,2.31,1.53,1.55,14.0,18.0,0.69,0.55
IsraelLigatHaAl,2425,2024-12-21,Maccabi Tel Aviv,Maccabi Petah Tikva,3,2,2.66,1.24,2.66,1.24,17.0,6.0,0.9,0.49
IsraelLigatHaAl,2425,2024-12-16,Hapoel Jerusalem,Maccabi Tel Aviv,2,3,0.47,3.64,0.47,2.88,6.0,22.0,0.08,1.1
IsraelLigatHaAl,2425,2024-12-15,Ironi Tiberias,Maccabi Haifa,0,0,0.37,2.77,0.37,2.01,7.0,23.0,0.16,1.07
IsraelLigatHaAl,2425,2024-12-14,Ashdod,Beitar Jerusalem,2,3,1.38,2.6,1.38,2.6,13.0,15.0,0.46,0.32
IsraelLigatHaAl,2425,2024-12-14,Hapoel Be'er Sheva,Ironi Kiryat Shmona,5,1,2.83,1.22,2.83,0.46,22.0,7.0,1.46,0.26
IsraelLigatHaAl,2425,2024-12-14,Hapoel Haifa,Hapoel Hadera,3,0,2.09,0.66,2.09,0.66,18.0,5.0,0.77,0.38
IsraelLigatHaAl,2425,2024-12-14,Maccabi Netanya,Maccabi Bnei Raina,2,0,2.47,1.84,2.47,1.84,18.0,12.0,0.42,0.66
IsraelLigatHaAl,2425,2024-12-14,Maccabi Petah Tikva,Bnei Sakhnin,1,1,2.07,1.13,2.07,1.13,16.0,9.0,1.36,0.33
IsraelLigatHaAl,2425,2024-12-09,Hapoel Be'er Sheva,Beitar Jerusalem,4,1,3.45,1.72,2.69,1.72,15.0,8.0,0.48,0.49
IsraelLigatHaAl,2425,2024-12-09,Hapoel Hadera,Maccabi Bnei Raina,2,1,1.36,1.88,1.36,1.12,10.0,10.0,0.73,1.25
IsraelLigatHaAl,2425,2024-12-09,Ironi Tiberias,Maccabi Netanya,2,3,1.32,1.0,0.56,1.0,12.0,15.0,0.26,0.37
IsraelLigatHaAl,2425,2024-12-08,Hapoel Haifa,Maccabi Tel Aviv,1,1,2.34,1.19,1.58,1.19,21.0,12.0,0.39,0.63
IsraelLigatHaAl,2425,2024-12-08,Hapoel Jerusalem,Bnei Sakhnin,1,0,2.54,0.83,2.54,0.83,15.0,12.0,0.98,0.63
IsraelLigatHaAl,2425,2024-12-07,Ashdod,Maccabi Haifa,1,3,1.03,3.31,1.03,3.31,9.0,18.0,0.35,1.27
IsraelLigatHaAl,2425,2024-12-07,Maccabi Petah Tikva,Ironi Kiryat Shmona,0,1,0.72,0.99,0.72,0.99,11.0,8.0,0.65,0.23
IsraelLigatHaAl,2425,2024-12-05,Maccabi Bnei Raina,Ironi Tiberias,1,0,0.58,0.97,0.58,0.97,7.0,12.0,0.53,0.56
IsraelLigatHaAl,2425,2024-12-05,Maccabi Tel Aviv,Hapoel Hadera,2,2,2.36,1.91,2.36,1.15,13.0,10.0,0.8,0.34
IsraelLigatHaAl,2425,2024-12-04,Beitar Jerusalem,Maccabi Petah Tikva,5,0,3.02,0.39,3.02,0.39,18.0,3.0,0.85,0.04
IsraelLigatHaAl,2425,2024-12-04,Ironi Kiryat Shmona,Hapoel Jerusalem,2,0,1.02,1.31,1.02,1.31,11.0,14.0,0.19,1.15
IsraelLigatHaAl,2425,2024-12-04,Maccabi Haifa,Hapoel Be'er Sheva,0,2,0.77,0.48,0.77,0.48,10.0,12.0,0.65,0.32
IsraelLigatHaAl,2425,2024-12-03,Bnei Sakhnin,Hapoel Haifa,0,2,0.53,2.46,0.53,1.7,7.0,10.0,0.36,0.38
IsraelLigatHaAl,2425,2024-12-03,Maccabi Netanya,Ashdod,2,2,0.67,1.01,0.67,1.01,7.0,15.0,0.49,0.56
IsraelLigatHaAl,2425,2024-12-02,Maccabi Bnei Raina,Maccabi Tel Aviv,1,2,1.58,2.36,1.58,1.6,12.0,11.0,0.29,0.76
IsraelLigatHaAl,2425,2024-12-01,Hapoel Jerusalem,Beitar Jerusalem,3,3,0.93,1.66,0.93,1.66,7.0,17.0,0.57,0.76
IsraelLigatHaAl,2425,2024-11-30,Ashdod,Ironi Tiberias,1,0,1.98,0.76,1.98,0.76,14.0,10.0,1.14,0.84
IsraelLigatHaAl,2425,2024-11-30,Hapoel Be'er Sheva,Maccabi Netanya,1,0,2.08,0.31,2.08,0.31,19.0,3.0,1.14,0.42
IsraelLigatHaAl,2425,2024-11-30,Hapoel Hadera,Bnei Sakhnin,0,0,1.08,0.72,1.08,0.72,8.0,9.0,0.71,0.91
IsraelLigatHaAl,2425,2024-11-30,Maccabi Petah Tikva,Maccabi Haifa,1,2,1.26,1.38,1.26,1.38,10.0,16.0,0.52,0.85
IsraelLigatHaAl,2425,2024-11-29,Ironi Kiryat Shmona,Hapoel Haifa,2,1,1.63,2.33,0.87,2.33,12.0,21.0,0.45,0.89
IsraelLigatHaAl,2425,2024-11-10,Bnei Sakhnin,Maccabi Tel Aviv,0,4,1.51,2.2,1.51,2.2,15.0,13.0,0.42,0.93
IsraelLigatHaAl,2425,2024-11-10,Maccabi Netanya,Maccabi Petah Tikva,1,2,1.7,0.94,1.7,0.94,12.0,10.0,0.78,0.38
IsraelLigatHaAl,2425,2024-11-09,Ashdod,Maccabi Bnei Raina,1,2,1.02,3.17,0.26,3.17,6.0,16.0,0.42,0.84
IsraelLigatHaAl,2425,2024-11-09,Beitar Jerusalem,Hapoel Haifa,1,0,1.48,1.08,1.48,1.08,13.0,9.0,0.88,0.43
IsraelLigatHaAl,2425,2024-11-09,Ironi Kiryat Shmona,Hapoel Hadera,1,1,1.64,1.99,1.64,1.23,12.0,11.0,0.45,0.64
IsraelLigatHaAl,2425,2024-11-09,Ironi Tiberias,Hapoel Be'er Sheva,0,2,1.07,2.51,1.07,2.51,7.0,22.0,0.46,0.78
IsraelLigatHaAl,2425,2024-11-08,Hapoel Jerusalem,Maccabi Haifa,0,0,0.27,1.64,0.27,1.64,7.0,10.0,0.1,1.76
IsraelLigatHaAl,2425,2024-11-05,Bnei Sakhnin,Beitar Jerusalem,2,1,1.99,2.1,1.99,2.1,8.0,15.0,0.29,1.84
IsraelLigatHaAl,2425,2024-11-04,Hapoel Haifa,Maccabi Haifa,1,4,2.06,3.2,1.3,1.68,10.0,15.0,0.61,0.76
IsraelLigatHaAl,2425,2024-11-03,Hapoel Be'er Sheva,Ashdod,3,1,1.53,2.05,1.53,2.05,12.0,16.0,0.3,0.76
IsraelLigatHaAl,2425,2024-11-02,Hapoel Hadera,Beitar Jerusalem,0,4,0.85,2.52,0.85,1.76,7.0,14.0,0.29,1.14
IsraelLigatHaAl,2425,2024-11-02,Hapoel Jerusalem,Maccabi Netanya,2,3,1.22,2.1,1.22,2.1,14.0,15.0,0.46,0.62
IsraelLigatHaAl,2425,2024-11-02,Maccabi Bnei Raina,Bnei Sakhnin,0,1,1.23,0.62,1.23,0.62,14.0,5.0,0.67,0.29
IsraelLigatHaAl,2425,2024-11-02,Maccabi Petah Tikva,Ironi Tiberias,0,0,1.06,0.78,1.06,0.78,10.0,9.0,0.5,0.53
IsraelLigatHaAl,2425,2024-11-02,Maccabi Tel Aviv,Ironi Kiryat Shmona,0,1,2.6,1.73,1.84,0.97,24.0,10.0,0.9,0.41
IsraelLigatHaAl,2425,2024-10-28,Beitar Jerusalem,Maccabi Tel Aviv,3,1,1.86,2.59,1.1,2.59,13.0,22.0,0.42,0.72
IsraelLigatHaAl,2425,2024-10-28,Maccabi Haifa,Hapoel Hadera,4,2,3.19,1.33,3.19,0.57,26.0,4.0,0.82,0.11
IsraelLigatHaAl,2425,2024-10-28,Maccabi Netanya,Hapoel Haifa,0,3,0.57,1.21,0.57,1.21,6.0,11.0,0.59,0.45
IsraelLigatHaAl,2425,2024-10-26,Ashdod,Maccabi Petah Tikva,0,0,0.42,0.6,0.42,0.6,4.0,6.0,0.33,0.64
IsraelLigatHaAl,2425,2024-10-26,Hapoel Be'er Sheva,Maccabi Bnei Raina,1,1,1.03,0.6,1.03,0.6,7.0,5.0,0.55,0.54
IsraelLigatHaAl,2425,2024-10-26,Ironi Kiryat Shmona,Bnei Sakhnin,2,1,2.85,1.71,2.85,1.71,12.0,17.0,0.96,0.5
IsraelLigatHaAl,2425,2024-10-26,Ironi Tiberias,Hapoel Jerusalem,0,2,3.51,2.95,2.75,2.95,19.0,18.0,1.21,0.58
IsraelLigatHaAl,2425,2024-10-22,Beitar Jerusalem,Maccabi Haifa,3,2,1.25,1.32,1.25,1.32,12.0,10.0,0.76,0.8
IsraelLigatHaAl,2425,2024-10-21,Hapoel Hadera,Maccabi Netanya,2,2,2.85,1.56,2.09,1.56,18.0,21.0,0.93,0.65
IsraelLigatHaAl,2425,2024-10-20,Hapoel Jerusalem,Ashdod,1,0,0.69,0.95,0.69,0.95,6.0,9.0,0.86,0.65
IsraelLigatHaAl,2425,2024-10-20,Maccabi Petah Tikva,Hapoel Be'er Sheva,2,5,1.04,3.23,1.04,3.23,7.0,23.0,0.49,1.28
IsraelLigatHaAl,2425,2024-10-19,Hapoel Haifa,Ironi Tiberias,1,0,2.89,1.15,2.89,1.15,17.0,10.0,1.11,0.6
IsraelLigatHaAl,2425,2024-10-19,Maccabi Bnei Raina,Ironi Kiryat Shmona,1,0,1.64,0.15,1.64,0.15,15.0,6.0,0.97,0.31
IsraelLigatHaAl,2425,2024-10-19,Maccabi Tel Aviv,Maccabi Haifa,2,0,2.18,2.47,1.42,2.47,10.0,15.0,0.43,1.18
IsraelLigatHaAl,2425,2024-10-06,Hapoel Be'er Sheva,Hapoel Jerusalem,3,1,4.46,0.11,4.46,0.11,35.0,3.0,2.29,0.23
IsraelLigatHaAl,2425,2024-10-06,Maccabi Netanya,Maccabi Tel Aviv,1,2,0.59,3.65,0.59,2.13,8.0,14.0,0.32,0.22
IsraelLigatHaAl,2425,2024-10-05,Ashdod,Hapoel Haifa,0,1,0.51,0.99,0.51,0.99,4.0,9.0,0.22,0.62
IsraelLigatHaAl,2425,2024-10-05,Beitar Jerusalem,Ironi Kiryat Shmona,1,1,1.75,2.09,1.75,1.33,20.0,9.0,1.12,0.33
IsraelLigatHaAl,2425,2024-10-05,Ironi Tiberias,Hapoel Hadera,1,1,0.53,1.89,0.53,0.37,11.0,7.0,0.59,0.32
IsraelLigatHaAl,2425,2024-10-05,Maccabi Haifa,Bnei Sakhnin,3,0,4.4,0.64,4.4,0.64,23.0,11.0,1.65,0.76
IsraelLigatHaAl,2425,2024-10-05,Maccabi Petah Tikva,Maccabi Bnei Raina,2,1,1.4,1.66,0.64,1.66,7.0,12.0,0.35,0.87
IsraelLigatHaAl,2425,2024-09-30,Bnei Sakhnin,Maccabi Netanya,1,0,0.66,1.51,0.66,1.51,6.0,13.0,0.42,0.86
IsraelLigatHaAl,2425,2024-09-30,Hapoel Hadera,Ashdod,0,3,1.39,1.15,1.39,0.39,9.0,10.0,0.47,0.35
IsraelLigatHaAl,2425,2024-09-29,Hapoel Be'er Sheva,Hapoel Haifa,3,0,1.7,0.52,1.7,0.52,14.0,7.0,0.61,0.33
IsraelLigatHaAl,2425,2024-09-29,Maccabi Tel Aviv,Ironi Tiberias,1,1,1.3,0.87,1.3,0.87,13.0,10.0,0.95,0.29
IsraelLigatHaAl,2425,2024-09-28,Hapoel Jerusalem,Maccabi Petah Tikva,4,1,1.99,1.4,1.99,1.4,20.0,11.0,0.58,0.5
IsraelLigatHaAl,2425,2024-09-28,Ironi Kiryat Shmona,Maccabi Haifa,0,4,0.4,3.67,0.4,3.67,6.0,23.0,0.34,0.96
IsraelLigatHaAl,2425,2024-09-28,Maccabi Bnei Raina,Beitar Jerusalem,0,2,0.74,2.51,0.74,2.51,9.0,18.0,0.6,0.59
IsraelLigatHaAl,2425,2024-09-22,Ashdod,Maccabi Tel Aviv,0,2,0.89,1.94,0.89,1.94,7.0,12.0,0.42,0.96
IsraelLigatHaAl,2425,2024-09-21,Hapoel Be'er Sheva,Hapoel Hadera,2,1,2.94,0.94,2.94,0.94,21.0,2.0,0.73,0.5
IsraelLigatHaAl,2425,2024-09-21,Hapoel Jerusalem,Maccabi Bnei Raina,0,1,1.26,0.93,1.26,0.93,10.0,7.0,0.57,0.28
IsraelLigatHaAl,2425,2024-09-21,Ironi Tiberias,Bnei Sakhnin,1,0,3.0,0.45,3.0,0.45,13.0,5.0,0.39,0.24
IsraelLigatHaAl,2425,2024-09-21,Maccabi Netanya,Ironi Kiryat Shmona,2,0,3.68,1.01,3.68,1.01,28.0,14.0,1.02,0.45
IsraelLigatHaAl,2425,2024-09-21,Maccabi Petah Tikva,Hapoel Haifa,0,0,0.68,0.46,0.68,0.46,8.0,7.0,0.43,0.44
IsraelLigatHaAl,2425,2024-09-18,Maccabi Tel Aviv,Hapoel Jerusalem,2,1,3.22,1.28,3.22,1.28,21.0,9.0,1.06,0.6
IsraelLigatHaAl,2425,2024-09-16,Hapoel Hadera,Maccabi Petah Tikva,0,1,1.39,0.91,1.39,0.91,16.0,9.0,0.89,0.36
IsraelLigatHaAl,2425,2024-09-15,Beitar Jerusalem,Maccabi Netanya,2,0,2.33,1.79,2.33,1.79,13.0,13.0,0.8,0.92
IsraelLigatHaAl,2425,2024-09-14,Bnei Sakhnin,Ashdod,2,2,1.05,1.83,1.05,1.83,10.0,12.0,0.25,0.46
IsraelLigatHaAl,2425,2024-09-14,Hapoel Haifa,Hapoel Jerusalem,4,0,1.9,0.92,1.9,0.92,10.0,10.0,0.26,0.79
IsraelLigatHaAl,2425,2024-09-14,Ironi Kiryat Shmona,Ironi Tiberias,2,0,2.49,1.14,2.49,1.14,22.0,13.0,0.5,0.62
IsraelLigatHaAl,2425,2024-09-14,Maccabi Bnei Raina,Maccabi Haifa,2,2,1.85,1.35,1.09,1.35,14.0,11.0,0.53,0.9
IsraelLigatHaAl,2425,2024-09-14,Maccabi Tel Aviv,Hapoel Be'er Sheva,1,0,1.35,1.8,1.35,1.8,10.0,12.0,0.65,0.97
IsraelLigatHaAl,2425,2024-09-01,Maccabi Petah Tikva,Maccabi Tel Aviv,0,3,0.7,3.45,0.7,3.45,9.0,23.0,0.4,1.34
IsraelLigatHaAl,2425,2024-08-31,Ashdod,Ironi Kiryat Shmona,2,1,2.89,2.75,2.13,2.75,12.0,15.0,0.38,1.06
IsraelLigatHaAl,2425,2024-08-31,Hapoel Haifa,Maccabi Bnei Raina,1,3,0.11,2.75,0.11,2.75,2.0,24.0,0.29,1.31
IsraelLigatHaAl,2425,2024-08-31,Hapoel Jerusalem,Hapoel Hadera,1,1,1.88,1.32,1.88,1.32,13.0,10.0,0.79,0.9
IsraelLigatHaAl,2425,2024-08-31,Ironi Tiberias,Beitar Jerusalem,1,0,1.68,1.81,1.68,1.81,9.0,15.0,0.32,1.05
IsraelLigatHaAl,2425,2024-08-31,Maccabi Netanya,Maccabi Haifa,0,2,1.12,2.52,1.12,2.52,16.0,19.0,0.68,0.79
IsraelLigatHaAl,2425,2024-08-26,Ironi Kiryat Shmona,Hapoel Be'er Sheva,0,1,0.83,1.44,0.83,1.44,12.0,16.0,0.37,1.3
IsraelLigatHaAl,2425,2024-08-25,Beitar Jerusalem,Ashdod,3,2,1.86,0.51,1.86,0.51,18.0,8.0,0.88,0.23
IsraelLigatHaAl,2425,2024-08-24,Bnei Sakhnin,Maccabi Petah Tikva,2,0,2.03,0.76,1.27,0.76,15.0,8.0,0.59,0.39
IsraelLigatHaAl,2425,2024-08-24,Hapoel Hadera,Hapoel Haifa,0,0,0.73,1.29,0.73,1.29,10.0,14.0,0.44,0.67
IsraelLigatHaAl,2425,2024-08-24,Maccabi Bnei Raina,Maccabi Netanya,4,3,1.72,3.5,1.72,2.74,11.0,20.0,0.74,1.22
IsraelLigatHaAl,2425,2024-08-24,Maccabi Haifa,Ironi Tiberias,4,0,3.78,2.01,3.78,2.01,25.0,15.0,1.03,0.72
IsraelLigatHaAl,2526,2026-05-23,Hapoel Be'er Sheva,Maccabi Haifa,2,5,3.84,1.59,3.08,1.59,21.0,11.0,0.98,0.61
IsraelLigatHaAl,2526,2026-05-23,Beitar Jerusalem,Hapoel Tel Aviv,1,1,0.97,2.8,0.97,2.04,12.0,17.0,0.43,0.99
IsraelLigatHaAl,2526,2026-05-23,Hapoel Petah Tikva,Maccabi Tel Aviv,2,2,2.88,1.92,2.12,1.92,9.0,20.0,0.9,0.75
IsraelLigatHaAl,2526,2026-05-19,Maccabi Haifa,Hapoel Tel Aviv,4,1,0.62,1.24,0.62,1.24,12.0,8.0,0.75,0.32
IsraelLigatHaAl,2526,2026-05-19,Hapoel Be'er Sheva,Maccabi Tel Aviv,4,2,2.88,1.65,2.12,0.89,17.0,8.0,0.94,0.39
IsraelLigatHaAl,2526,2026-05-19,Hapoel Petah Tikva,Beitar Jerusalem,0,0,1.05,1.69,1.05,1.69,7.0,24.0,0.34,1.04
IsraelLigatHaAl,2526,2026-05-18,Hapoel Jerusalem,Ironi Tiberias,0,2,1.27,1.06,1.27,1.06,10.0,10.0,0.76,0.27
IsraelLigatHaAl,2526,2026-05-18,Hapoel Haifa,Bnei Sakhnin,3,0,1.73,2.04,0.97,2.04,12.0,12.0,0.41,0.8
IsraelLigatHaAl,2526,2026-05-18,Maccabi Bnei Raina,Maccabi Netanya,1,4,1.1,1.87,1.1,1.87,15.0,13.0,0.27,0.41
IsraelLigatHaAl,2526,2026-05-18,Ironi Kiryat Shmona,Ashdod,2,3,2.36,2.35,2.36,2.35,13.0,24.0,1.04,0.31
IsraelLigatHaAl,2526,2026-05-16,Maccabi Tel Aviv,Beitar Jerusalem,1,2,1.7,1.77,1.7,1.77,17.0,11.0,0.77,0.55
IsraelLigatHaAl,2526,2026-05-16,Maccabi Haifa,Hapoel Petah Tikva,1,1,2.16,1.47,1.4,0.71,13.0,13.0,0.4,0.4
IsraelLigatHaAl,2526,2026-05-15,Hapoel Tel Aviv,Hapoel Be'er Sheva,0,2,0.07,1.48,0.07,1.48,2.0,14.0,0.24,0.86
IsraelLigatHaAl,2526,2026-05-13,Maccabi Tel Aviv,Maccabi Haifa,3,0,2.12,0.87,2.12,0.87,17.0,9.0,0.64,0.47
IsraelLigatHaAl,2526,2026-05-13,Ashdod,Hapoel Jerusalem,0,1,1.05,1.07,1.05,1.07,11.0,7.0,1.14,0.16
IsraelLigatHaAl,2526,2026-05-13,Ironi Tiberias,Maccabi Bnei Raina,1,0,1.03,0.5,0.27,0.5,7.0,16.0,0.31,0.58
IsraelLigatHaAl,2526,2026-05-13,Maccabi Netanya,Hapoel Haifa,1,1,1.16,1.44,1.16,0.68,10.0,8.0,0.43,0.37
IsraelLigatHaAl,2526,2026-05-13,Bnei Sakhnin,Ironi Kiryat Shmona,0,4,0.27,3.43,0.27,2.67,5.0,22.0,0.16,0.99
IsraelLigatHaAl,2526,2026-05-12,Beitar Jerusalem,Hapoel Be'er Sheva,1,1,0.75,2.15,0.75,2.15,6.0,14.0,0.22,0.55
IsraelLigatHaAl,2526,2026-05-12,Hapoel Tel Aviv,Hapoel Petah Tikva,1,0,2.4,1.5,2.4,1.5,23.0,12.0,0.51,0.92
IsraelLigatHaAl,2526,2026-05-10,Ironi Tiberias,Maccabi Netanya,4,3,3.51,1.7,3.51,1.7,34.0,7.0,2.18,0.23
IsraelLigatHaAl,2526,2026-05-10,Hapoel Jerusalem,Bnei Sakhnin,1,0,1.98,0.61,1.98,0.61,17.0,5.0,0.57,0.23
IsraelLigatHaAl,2526,2026-05-10,Hapoel Haifa,Ashdod,1,0,1.7,1.1,1.7,0.34,14.0,7.0,0.8,0.36
IsraelLigatHaAl,2526,2026-05-09,Hapoel Tel Aviv,Maccabi Tel Aviv,1,1,2.49,0.15,1.73,0.15,19.0,1.0,1.0,0.26
IsraelLigatHaAl,2526,2026-05-09,Maccabi Haifa,Beitar Jerusalem,3,0,2.16,1.97,2.16,1.97,10.0,18.0,0.68,1.58
IsraelLigatHaAl,2526,2026-05-09,Hapoel Petah Tikva,Hapoel Be'er Sheva,2,4,1.12,3.59,0.36,3.59,5.0,15.0,0.16,1.02
IsraelLigatHaAl,2526,2026-05-09,Maccabi Bnei Raina,Ironi Kiryat Shmona,1,1,1.17,1.74,1.17,1.74,12.0,16.0,0.7,0.9
IsraelLigatHaAl,2526,2026-05-06,Maccabi Haifa,Hapoel Be'er Sheva,0,1,1.0,1.26,1.0,1.26,13.0,11.0,0.42,0.78
IsraelLigatHaAl,2526,2026-05-06,Hapoel Tel Aviv,Beitar Jerusalem,0,1,1.95,0.87,1.95,0.87,7.0,16.0,0.88,0.42
IsraelLigatHaAl,2526,2026-05-05,Maccabi Tel Aviv,Hapoel Petah Tikva,4,0,4.35,0.1,4.35,0.1,29.0,2.0,1.12,0.09
IsraelLigatHaAl,2526,2026-05-04,Maccabi Netanya,Hapoel Jerusalem,1,0,2.2,2.66,2.2,2.66,11.0,22.0,0.23,1.3
IsraelLigatHaAl,2526,2026-05-04,Bnei Sakhnin,Maccabi Bnei Raina,0,2,0.7,0.81,0.7,0.81,8.0,7.0,0.42,0.65
IsraelLigatHaAl,2526,2026-05-03,Ashdod,Ironi Tiberias,0,3,1.27,0.9,1.27,0.9,19.0,12.0,0.57,0.28
IsraelLigatHaAl,2526,2026-05-03,Ironi Kiryat Shmona,Hapoel Haifa,2,0,0.87,1.69,0.87,1.69,15.0,25.0,0.45,0.79
IsraelLigatHaAl,2526,2026-05-02,Beitar Jerusalem,Maccabi Tel Aviv,4,2,2.43,1.36,1.67,1.36,16.0,6.0,0.41,0.81
IsraelLigatHaAl,2526,2026-05-02,Hapoel Be'er Sheva,Hapoel Tel Aviv,2,0,3.27,1.34,3.27,1.34,14.0,9.0,0.84,0.33
IsraelLigatHaAl,2526,2026-05-02,Hapoel Petah Tikva,Maccabi Haifa,1,2,2.71,3.15,2.71,2.39,14.0,27.0,0.66,0.94
IsraelLigatHaAl,2526,2026-04-29,Hapoel Tel Aviv,Maccabi Haifa,4,0,2.41,1.02,2.41,1.02,14.0,10.0,1.28,0.46
IsraelLigatHaAl,2526,2026-04-29,Ironi Kiryat Shmona,Maccabi Netanya,1,0,2.43,2.1,1.67,2.1,13.0,22.0,0.21,0.92
IsraelLigatHaAl,2526,2026-04-29,Maccabi Bnei Raina,Hapoel Jerusalem,0,1,1.22,0.89,0.46,0.89,7.0,10.0,0.31,0.44
IsraelLigatHaAl,2526,2026-04-29,Hapoel Haifa,Ironi Tiberias,1,1,2.22,1.65,2.22,1.65,22.0,15.0,1.18,0.39
IsraelLigatHaAl,2526,2026-04-28,Beitar Jerusalem,Hapoel Petah Tikva,3,1,2.5,1.04,1.74,1.04,21.0,9.0,0.56,0.09
IsraelLigatHaAl,2526,2026-04-28,Maccabi Tel Aviv,Hapoel Be'er Sheva,1,0,1.14,0.93,1.14,0.93,11.0,12.0,0.4,0.62
IsraelLigatHaAl,2526,2026-04-28,Bnei Sakhnin,Ashdod,1,1,2.2,0.78,2.2,0.78,11.0,7.0,0.98,0.69
IsraelLigatHaAl,2526,2026-04-26,Ironi Tiberias,Ironi Kiryat Shmona,2,0,1.77,1.24,1.77,1.24,11.0,17.0,0.44,0.82
IsraelLigatHaAl,2526,2026-04-26,Hapoel Jerusalem,Hapoel Haifa,0,0,0.32,1.03,0.32,1.03,7.0,14.0,0.34,0.53
IsraelLigatHaAl,2526,2026-04-25,Hapoel Be'er Sheva,Beitar Jerusalem,2,2,2.86,1.35,2.86,1.35,14.0,8.0,0.62,0.68
IsraelLigatHaAl,2526,2026-04-25,Maccabi Netanya,Bnei Sakhnin,3,0,1.67,0.5,1.67,0.5,9.0,7.0,0.53,0.45
IsraelLigatHaAl,2526,2026-04-25,Maccabi Haifa,Maccabi Tel Aviv,1,3,1.54,2.63,1.54,1.87,14.0,20.0,0.99,0.77
IsraelLigatHaAl,2526,2026-04-25,Ashdod,Maccabi Bnei Raina,1,2,0.67,1.56,0.67,0.8,6.0,6.0,0.56,0.31
IsraelLigatHaAl,2526,2026-04-25,Hapoel Petah Tikva,Hapoel Tel Aviv,0,1,1.04,1.74,1.04,1.74,12.0,16.0,0.89,0.84
IsraelLigatHaAl,2526,2026-04-19,Maccabi Tel Aviv,Hapoel Tel Aviv,1,0,0.7,0.77,0.7,0.77,7.0,10.0,0.49,0.32
IsraelLigatHaAl,2526,2026-04-19,Beitar Jerusalem,Maccabi Haifa,3,0,2.02,1.28,1.26,1.28,15.0,13.0,1.09,0.44
IsraelLigatHaAl,2526,2026-04-19,Ironi Kiryat Shmona,Hapoel Jerusalem,3,1,1.55,1.05,1.55,1.05,12.0,10.0,0.55,0.95
IsraelLigatHaAl,2526,2026-04-18,Hapoel Be'er Sheva,Hapoel Petah Tikva,3,0,4.48,0.72,3.72,0.72,23.0,6.0,1.72,0.25
IsraelLigatHaAl,2526,2026-04-18,Bnei Sakhnin,Ironi Tiberias,0,0,0.8,0.39,0.8,0.39,11.0,7.0,0.52,0.72
IsraelLigatHaAl,2526,2026-04-18,Hapoel Haifa,Maccabi Bnei Raina,2,3,2.48,2.28,2.48,2.28,22.0,14.0,1.08,0.77
IsraelLigatHaAl,2526,2026-04-18,Maccabi Netanya,Ashdod,2,1,1.51,1.9,1.51,1.14,10.0,19.0,0.38,0.52
IsraelLigatHaAl,2526,2026-04-12,Maccabi Tel Aviv,Hapoel Be'er Sheva,1,3,1.6,2.32,0.84,2.32,13.0,13.0,0.42,0.55
IsraelLigatHaAl,2526,2026-04-12,Hapoel Jerusalem,Beitar Jerusalem,0,2,0.31,1.72,0.31,1.72,5.0,20.0,0.57,1.02
IsraelLigatHaAl,2526,2026-04-12,Maccabi Haifa,Ironi Kiryat Shmona,4,1,3.44,1.59,3.44,1.59,17.0,10.0,1.35,0.43
IsraelLigatHaAl,2526,2026-04-11,Maccabi Netanya,Hapoel Haifa,0,0,1.36,0.5,1.36,0.5,12.0,7.0,0.58,0.18
IsraelLigatHaAl,2526,2026-04-11,Ironi Tiberias,Ashdod,0,0,0.59,1.53,0.59,1.53,8.0,12.0,0.4,0.31
IsraelLigatHaAl,2526,2026-04-11,Bnei Sakhnin,Maccabi Bnei Raina,2,0,3.42,0.85,2.66,0.85,21.0,6.0,1.06,0.59
IsraelLigatHaAl,2526,2026-04-11,Hapoel Petah Tikva,Hapoel Tel Aviv,0,0,0.13,1.42,0.13,1.42,3.0,19.0,0.33,0.96
IsraelLigatHaAl,2526,2026-04-06,Hapoel Tel Aviv,Maccabi Haifa,2,0,2.51,0.69,0.99,0.69,13.0,9.0,0.41,0.45
IsraelLigatHaAl,2526,2026-04-05,Hapoel Haifa,Maccabi Tel Aviv,1,4,1.0,1.67,1.0,1.67,8.0,16.0,0.5,0.87
IsraelLigatHaAl,2526,2026-04-05,Ashdod,Maccabi Netanya,2,3,1.37,1.87,1.37,1.87,15.0,9.0,0.67,0.85
IsraelLigatHaAl,2526,2026-04-04,Beitar Jerusalem,Ironi Tiberias,3,2,2.11,1.42,1.35,0.66,24.0,7.0,1.22,0.24
IsraelLigatHaAl,2526,2026-04-04,Hapoel Be'er Sheva,Hapoel Petah Tikva,1,1,1.02,0.85,1.02,0.85,15.0,6.0,0.83,0.35
IsraelLigatHaAl,2526,2026-04-04,Ironi Kiryat Shmona,Bnei Sakhnin,2,0,0.63,0.62,0.63,0.62,8.0,7.0,0.25,0.42
IsraelLigatHaAl,2526,2026-04-04,Maccabi Bnei Raina,Hapoel Jerusalem,0,0,0.29,1.53,0.29,1.53,5.0,16.0,0.26,0.24
IsraelLigatHaAl,2526,2026-02-23,Maccabi Netanya,Beitar Jerusalem,2,8,1.27,3.1,1.27,3.1,9.0,18.0,0.44,0.74
IsraelLigatHaAl,2526,2026-02-22,Hapoel Be'er Sheva,Hapoel Haifa,1,1,0.58,2.06,0.58,2.06,11.0,13.0,0.8,0.55
IsraelLigatHaAl,2526,2026-02-21,Ironi Tiberias,Maccabi Bnei Raina,2,1,2.06,0.94,2.06,0.94,15.0,5.0,1.25,0.53
IsraelLigatHaAl,2526,2026-02-21,Bnei Sakhnin,Hapoel Tel Aviv,0,0,0.85,2.61,0.85,2.61,7.0,15.0,0.24,0.93
IsraelLigatHaAl,2526,2026-02-21,Hapoel Jerusalem,Ironi Kiryat Shmona,0,1,1.42,0.25,1.42,0.25,14.0,7.0,0.96,0.06
IsraelLigatHaAl,2526,2026-02-21,Maccabi Haifa,Hapoel Petah Tikva,0,1,2.21,0.86,2.21,0.86,20.0,7.0,1.01,0.49
IsraelLigatHaAl,2526,2026-02-21,Maccabi Tel Aviv,Ashdod,3,2,2.75,1.99,2.75,1.23,13.0,13.0,0.53,0.58
IsraelLigatHaAl,2526,2026-02-16,Beitar Jerusalem,Maccabi Tel Aviv,0,0,1.63,0.58,1.63,0.58,15.0,6.0,0.78,0.35
IsraelLigatHaAl,2526,2026-02-15,Maccabi Haifa,Bnei Sakhnin,4,0,3.42,0.28,3.42,0.28,25.0,4.0,0.84,0.19
IsraelLigatHaAl,2526,2026-02-14,Ashdod,Hapoel Be'er Sheva,1,2,1.24,1.3,1.24,1.3,10.0,22.0,0.44,0.68
IsraelLigatHaAl,2526,2026-02-14,Maccabi Bnei Raina,Maccabi Netanya,0,4,0.46,4.38,0.46,3.62,7.0,20.0,0.22,0.83
IsraelLigatHaAl,2526,2026-02-14,Ironi Kiryat Shmona,Ironi Tiberias,2,2,2.2,0.81,1.44,0.81,8.0,9.0,0.86,0.46
IsraelLigatHaAl,2526,2026-02-14,Hapoel Petah Tikva,Hapoel Haifa,0,1,0.85,1.12,0.85,1.12,10.0,8.0,0.72,0.43
IsraelLigatHaAl,2526,2026-02-13,Hapoel Tel Aviv,Hapoel Jerusalem,3,1,2.74,1.04,1.98,1.04,16.0,10.0,0.86,0.22
IsraelLigatHaAl,2526,2026-02-09,Hapoel Be'er Sheva,Beitar Jerusalem,2,1,2.1,1.43,2.1,1.43,17.0,8.0,0.43,0.53
IsraelLigatHaAl,2526,2026-02-09,Maccabi Tel Aviv,Maccabi Bnei Raina,4,0,4.25,0.53,3.49,0.53,23.0,8.0,1.05,0.16
IsraelLigatHaAl,2526,2026-02-07,Maccabi Netanya,Ironi Kiryat Shmona,1,1,1.8,1.51,1.8,1.51,18.0,8.0,0.58,0.64
IsraelLigatHaAl,2526,2026-02-07,Hapoel Haifa,Ashdod,0,2,0.87,0.77,0.87,0.77,11.0,18.0,0.56,0.33
IsraelLigatHaAl,2526,2026-02-07,Bnei Sakhnin,Hapoel Petah Tikva,1,2,1.49,1.86,0.73,1.86,9.0,11.0,0.69,0.55
IsraelLigatHaAl,2526,2026-02-07,Hapoel Jerusalem,Maccabi Haifa,1,1,0.91,2.02,0.91,2.02,5.0,26.0,0.38,0.68
IsraelLigatHaAl,2526,2026-02-07,Ironi Tiberias,Hapoel Tel Aviv,0,2,0.3,2.56,0.3,2.56,5.0,23.0,0.12,0.77
IsraelLigatHaAl,2526,2026-02-02,Ironi Kiryat Shmona,Maccabi Tel Aviv,1,4,0.5,3.1,0.5,2.34,6.0,23.0,0.58,0.71
IsraelLigatHaAl,2526,2026-02-01,Hapoel Petah Tikva,Ashdod,2,0,1.58,1.2,1.58,1.2,9.0,19.0,0.45,0.39
IsraelLigatHaAl,2526,2026-01-31,Maccabi Haifa,Ironi Tiberias,3,2,2.76,1.05,2.76,1.05,18.0,7.0,1.18,0.37
IsraelLigatHaAl,2526,2026-01-31,Beitar Jerusalem,Hapoel Haifa,2,2,0.49,1.31,0.49,1.31,21.0,8.0,0.58,0.2
IsraelLigatHaAl,2526,2026-01-31,Bnei Sakhnin,Hapoel Jerusalem,0,0,0.68,2.59,0.68,2.59,7.0,14.0,0.64,0.87
IsraelLigatHaAl,2526,2026-01-31,Maccabi Bnei Raina,Hapoel Be'er Sheva,0,2,0.61,4.33,0.61,4.33,8.0,24.0,0.32,1.49
IsraelLigatHaAl,2526,2026-01-31,Hapoel Tel Aviv,Maccabi Netanya,2,0,2.6,0.64,2.6,0.64,18.0,6.0,0.6,0.6
IsraelLigatHaAl,2526,2026-01-26,Maccabi Tel Aviv,Hapoel Tel Aviv,1,2,2.21,1.33,2.21,1.33,10.0,9.0,0.87,0.44
IsraelLigatHaAl,2526,2026-01-25,Ashdod,Beitar Jerusalem,1,1,1.49,3.52,1.49,3.52,9.0,23.0,0.36,1.94
IsraelLigatHaAl,2526,2026-01-24,Hapoel Be'er Sheva,Ironi Kiryat Shmona,3,2,3.35,1.73,3.35,1.73,18.0,15.0,1.07,0.35
IsraelLigatHaAl,2526,2026-01-24,Hapoel Haifa,Maccabi Bnei Raina,0,1,3.13,1.38,3.13,0.62,18.0,10.0,1.21,0.51
IsraelLigatHaAl,2526,2026-01-24,Ironi Tiberias,Bnei Sakhnin,1,1,1.18,1.32,0.42,1.32,6.0,11.0,0.39,0.46
IsraelLigatHaAl,2526,2026-01-24,Maccabi Netanya,Maccabi Haifa,4,1,4.08,1.46,4.08,1.46,15.0,11.0,0.7,0.82
IsraelLigatHaAl,2526,2026-01-23,Hapoel Jerusalem,Hapoel Petah Tikva,2,1,1.26,2.31,1.26,2.31,11.0,12.0,0.34,1.18
IsraelLigatHaAl,2526,2026-01-19,Hapoel Tel Aviv,Hapoel Be'er Sheva,2,1,1.31,2.4,1.31,2.4,5.0,18.0,0.19,0.98
IsraelLigatHaAl,2526,2026-01-19,Ironi Kiryat Shmona,Hapoel Haifa,3,1,3.27,0.99,2.51,0.99,22.0,9.0,0.84,0.44
IsraelLigatHaAl,2526,2026-01-18,Maccabi Haifa,Maccabi Tel Aviv,4,1,3.09,1.28,3.09,1.28,19.0,14.0,0.77,0.73
IsraelLigatHaAl,2526,2026-01-17,Bnei Sakhnin,Maccabi Netanya,2,1,0.8,1.57,0.8,1.57,8.0,10.0,0.92,0.91
IsraelLigatHaAl,2526,2026-01-17,Maccabi Bnei Raina,Ashdod,0,0,1.01,0.5,1.01,0.5,12.0,9.0,0.35,0.4
IsraelLigatHaAl,2526,2026-01-17,Hapoel Jerusalem,Ironi Tiberias,2,0,1.59,1.35,0.83,1.35,13.0,14.0,0.29,0.53
IsraelLigatHaAl,2526,2026-01-17,Hapoel Petah Tikva,Beitar Jerusalem,1,3,1.62,4.05,1.62,4.05,9.0,17.0,0.81,1.29
IsraelLigatHaAl,2526,2026-01-11,Ashdod,Ironi Kiryat Shmona,2,5,1.44,4.6,1.44,3.84,13.0,16.0,1.0,0.89
IsraelLigatHaAl,2526,2026-01-10,Hapoel Be'er Sheva,Maccabi Haifa,0,0,2.16,1.5,2.16,1.5,17.0,11.0,0.97,0.56
IsraelLigatHaAl,2526,2026-01-10,Beitar Jerusalem,Maccabi Bnei Raina,1,0,1.91,1.13,1.91,1.13,16.0,6.0,0.97,0.53
IsraelLigatHaAl,2526,2026-01-10,Ironi Tiberias,Hapoel Petah Tikva,1,4,1.86,2.05,1.86,2.05,21.0,12.0,0.99,0.34
IsraelLigatHaAl,2526,2026-01-10,Hapoel Haifa,Hapoel Tel Aviv,3,3,2.44,1.73,1.68,1.73,14.0,15.0,0.61,0.95
IsraelLigatHaAl,2526,2026-01-10,Maccabi Tel Aviv,Bnei Sakhnin,1,0,1.48,0.23,1.48,0.23,15.0,4.0,0.68,0.11
IsraelLigatHaAl,2526,2026-01-09,Maccabi Netanya,Hapoel Jerusalem,1,1,3.01,2.45,2.25,1.69,22.0,16.0,0.76,0.85
IsraelLigatHaAl,2526,2026-01-05,Maccabi Haifa,Hapoel Haifa,2,0,1.12,0.3,1.12,0.3,14.0,7.0,0.85,0.08
IsraelLigatHaAl,2526,2026-01-04,Ironi Kiryat Shmona,Beitar Jerusalem,1,2,2.15,3.71,2.15,2.95,13.0,18.0,0.51,1.27
IsraelLigatHaAl,2526,2026-01-04,Hapoel Tel Aviv,Ashdod,1,0,1.94,0.72,1.94,0.72,14.0,13.0,0.92,0.62
IsraelLigatHaAl,2526,2026-01-03,Hapoel Petah Tikva,Maccabi Bnei Raina,4,1,2.21,0.53,2.21,0.53,14.0,6.0,0.72,0.5
IsraelLigatHaAl,2526,2026-01-03,Ironi Tiberias,Maccabi Netanya,4,0,2.81,0.75,2.81,0.75,12.0,10.0,0.37,1.03
IsraelLigatHaAl,2526,2026-01-03,Bnei Sakhnin,Hapoel Be'er Sheva,0,5,0.04,4.14,0.04,4.14,2.0,27.0,0.0,1.55
IsraelLigatHaAl,2526,2026-01-03,Hapoel Jerusalem,Maccabi Tel Aviv,1,3,1.92,2.24,1.16,1.48,9.0,18.0,0.28,0.59
IsraelLigatHaAl,2526,2026-01-01,Beitar Jerusalem,Hapoel Tel Aviv,1,0,2.37,1.19,2.37,1.19,23.0,10.0,0.44,0.47
IsraelLigatHaAl,2526,2025-12-31,Hapoel Be'er Sheva,Hapoel Jerusalem,4,1,4.96,0.67,4.96,0.67,27.0,5.0,1.09,0.09
IsraelLigatHaAl,2526,2025-12-31,Ashdod,Maccabi Haifa,0,4,0.67,2.28,0.67,2.28,8.0,20.0,0.38,0.98
IsraelLigatHaAl,2526,2025-12-31,Maccabi Netanya,Hapoel Petah Tikva,0,2,2.54,1.95,2.54,1.95,21.0,11.0,1.06,1.05
IsraelLigatHaAl,2526,2025-12-30,Maccabi Tel Aviv,Ironi Tiberias,1,1,3.19,0.86,3.19,0.86,21.0,8.0,0.8,0.52
IsraelLigatHaAl,2526,2025-12-30,Hapoel Haifa,Bnei Sakhnin,0,2,1.92,2.6,1.92,2.6,13.0,13.0,0.46,0.94
IsraelLigatHaAl,2526,2025-12-30,Maccabi Bnei Raina,Ironi Kiryat Shmona,3,1,1.1,1.69,1.1,0.93,10.0,9.0,0.22,0.8
IsraelLigatHaAl,2526,2025-12-22,Maccabi Haifa,Beitar Jerusalem,1,2,1.46,1.48,1.46,0.72,12.0,8.0,0.78,0.36
IsraelLigatHaAl,2526,2025-12-21,Maccabi Netanya,Maccabi Tel Aviv,1,1,1.95,0.58,1.95,0.58,13.0,9.0,0.88,0.49
IsraelLigatHaAl,2526,2025-12-20,Ironi Tiberias,Hapoel Be'er Sheva,3,0,1.75,2.85,1.75,2.85,15.0,19.0,0.3,1.11
IsraelLigatHaAl,2526,2025-12-20,Bnei Sakhnin,Ashdod,3,0,1.75,0.63,1.75,0.63,13.0,9.0,0.37,0.2
IsraelLigatHaAl,2526,2025-12-20,Hapoel Petah Tikva,Ironi Kiryat Shmona,4,1,2.47,0.62,2.47,0.62,12.0,6.0,0.53,0.49
IsraelLigatHaAl,2526,2025-12-20,Hapoel Jerusalem,Hapoel Haifa,0,1,1.07,0.81,1.07,0.81,16.0,9.0,0.85,0.57
IsraelLigatHaAl,2526,2025-12-20,Hapoel Tel Aviv,Maccabi Bnei Raina,3,1,3.58,0.6,3.58,0.6,18.0,11.0,1.34,0.5
IsraelLigatHaAl,2526,2025-12-15,Beitar Jerusalem,Bnei Sakhnin,2,1,2.8,0.23,2.8,0.23,30.0,5.0,0.99,0.4
IsraelLigatHaAl,2526,2025-12-15,Maccabi Tel Aviv,Hapoel Petah Tikva,2,2,3.78,1.44,3.02,1.44,31.0,6.0,1.51,0.18
IsraelLigatHaAl,2526,2025-12-14,Maccabi Bnei Raina,Maccabi Haifa,0,4,2.16,4.96,2.16,4.2,11.0,22.0,0.42,1.71
IsraelLigatHaAl,2526,2025-12-13,Hapoel Be'er Sheva,Maccabi Netanya,2,0,1.5,1.04,1.5,1.04,20.0,10.0,0.38,0.6
IsraelLigatHaAl,2526,2025-12-13,Hapoel Haifa,Ironi Tiberias,2,0,2.12,0.7,2.12,0.7,20.0,7.0,0.61,0.37
IsraelLigatHaAl,2526,2025-12-13,Ironi Kiryat Shmona,Hapoel Tel Aviv,2,2,2.92,1.89,2.16,1.89,16.0,12.0,1.0,0.59
IsraelLigatHaAl,2526,2025-12-13,Ashdod,Hapoel Jerusalem,0,2,1.21,1.98,1.21,1.98,12.0,12.0,0.36,0.5
IsraelLigatHaAl,2526,2025-12-08,Beitar Jerusalem,Hapoel Jerusalem,1,1,3.79,1.58,3.03,1.58,24.0,12.0,1.08,0.2
IsraelLigatHaAl,2526,2025-12-08,Ashdod,Ironi Tiberias,1,1,1.48,1.07,1.48,1.07,12.0,9.0,0.52,0.44
IsraelLigatHaAl,2526,2025-12-08,Maccabi Bnei Raina,Bnei Sakhnin,0,1,2.18,2.79,2.18,2.79,15.0,16.0,0.55,0.56
IsraelLigatHaAl,2526,2025-12-07,Hapoel Be'er Sheva,Maccabi Tel Aviv,1,0,2.2,1.27,2.2,1.27,16.0,18.0,0.74,0.5
IsraelLigatHaAl,2526,2025-12-07,Hapoel Haifa,Maccabi Netanya,3,4,1.53,3.83,0.77,3.83,9.0,38.0,0.86,1.17
IsraelLigatHaAl,2526,2025-12-06,Ironi Kiryat Shmona,Maccabi Haifa,0,1,1.13,3.02,1.13,3.02,13.0,21.0,0.4,1.87
IsraelLigatHaAl,2526,2025-12-06,Hapoel Tel Aviv,Hapoel Petah Tikva,4,0,2.17,1.68,2.17,1.68,14.0,15.0,1.19,0.51
IsraelLigatHaAl,2526,2025-12-03,Maccabi Tel Aviv,Hapoel Haifa,2,1,2.24,1.55,2.24,1.55,14.0,9.0,0.7,0.62
IsraelLigatHaAl,2526,2025-12-03,Ironi Tiberias,Beitar Jerusalem,0,5,0.8,6.49,0.8,4.97,8.0,20.0,0.25,1.23
IsraelLigatHaAl,2526,2025-12-03,Maccabi Netanya,Ashdod,2,2,3.42,2.04,2.66,2.04,15.0,20.0,0.43,0.68
IsraelLigatHaAl,2526,2025-12-02,Maccabi Haifa,Hapoel Tel Aviv,2,1,2.01,1.3,1.25,1.3,9.0,14.0,0.76,0.62
IsraelLigatHaAl,2526,2025-12-02,Hapoel Petah Tikva,Hapoel Be'er Sheva,1,1,2.44,1.16,2.44,1.16,13.0,10.0,0.5,0.27
IsraelLigatHaAl,2526,2025-12-02,Hapoel Jerusalem,Maccabi Bnei Raina,1,2,2.28,2.89,2.28,2.89,23.0,10.0,0.86,0.95
IsraelLigatHaAl,2526,2025-12-02,Bnei Sakhnin,Ironi Kiryat Shmona,1,1,0.49,0.72,0.49,0.72,9.0,9.0,0.82,0.26
IsraelLigatHaAl,2526,2025-11-30,Beitar Jerusalem,Maccabi Netanya,4,2,1.04,2.17,1.04,2.17,16.0,17.0,0.07,0.76
IsraelLigatHaAl,2526,2025-11-30,Ashdod,Maccabi Tel Aviv,2,2,1.14,2.02,1.14,2.02,10.0,20.0,0.5,1.19
IsraelLigatHaAl,2526,2025-11-29,Hapoel Petah Tikva,Maccabi Haifa,0,0,2.1,0.49,2.1,0.49,17.0,8.0,1.87,0.08
IsraelLigatHaAl,2526,2025-11-29,Maccabi Bnei Raina,Ironi Tiberias,1,3,1.3,1.8,0.54,1.8,12.0,11.0,0.43,0.35
IsraelLigatHaAl,2526,2025-11-29,Ironi Kiryat Shmona,Hapoel Jerusalem,1,2,3.37,0.85,3.37,0.85,18.0,8.0,1.51,0.66
IsraelLigatHaAl,2526,2025-11-29,Hapoel Tel Aviv,Bnei Sakhnin,2,0,1.22,0.29,1.22,0.29,11.0,3.0,0.98,0.2
IsraelLigatHaAl,2526,2025-11-29,Hapoel Haifa,Hapoel Be'er Sheva,3,4,2.65,3.5,2.65,2.74,14.0,20.0,1.42,1.1
IsraelLigatHaAl,2526,2025-11-09,Maccabi Tel Aviv,Beitar Jerusalem,2,6,1.9,4.24,1.9,3.48,15.0,14.0,0.78,0.8
IsraelLigatHaAl,2526,2025-11-09,Hapoel Haifa,Hapoel Petah Tikva,2,2,1.71,1.88,1.71,1.88,15.0,13.0,0.42,1.29
IsraelLigatHaAl,2526,2025-11-08,Hapoel Be'er Sheva,Ashdod,2,2,3.02,0.98,2.26,0.98,14.0,7.0,1.14,0.28
IsraelLigatHaAl,2526,2025-11-08,Ironi Tiberias,Ironi Kiryat Shmona,2,3,2.76,2.05,2.76,2.05,14.0,11.0,0.92,1.16
IsraelLigatHaAl,2526,2025-11-08,Maccabi Netanya,Maccabi Bnei Raina,2,1,2.75,1.85,2.75,1.85,18.0,16.0,0.7,0.93
IsraelLigatHaAl,2526,2025-11-08,Bnei Sakhnin,Maccabi Haifa,3,3,2.02,2.32,1.26,0.8,13.0,9.0,0.38,0.31
IsraelLigatHaAl,2526,2025-11-08,Hapoel Jerusalem,Hapoel Tel Aviv,0,0,0.21,1.18,0.21,1.18,4.0,11.0,0.01,0.41
IsraelLigatHaAl,2526,2025-11-03,Beitar Jerusalem,Hapoel Be'er Sheva,0,1,1.43,2.73,1.43,2.73,13.0,13.0,1.1,1.16
IsraelLigatHaAl,2526,2025-11-02,Ironi Kiryat Shmona,Maccabi Netanya,1,2,1.66,1.98,1.66,1.98,17.0,17.0,1.53,0.92
IsraelLigatHaAl,2526,2025-11-01,Maccabi Bnei Raina,Maccabi Tel Aviv,0,2,0.71,3.59,0.71,2.07,5.0,18.0,0.38,0.96
IsraelLigatHaAl,2526,2025-11-01,Ashdod,Hapoel Haifa,4,1,2.29,1.86,2.29,1.86,18.0,16.0,0.66,1.08
IsraelLigatHaAl,2526,2025-11-01,Hapoel Petah Tikva,Bnei Sakhnin,2,2,1.61,1.61,0.85,1.61,11.0,9.0,0.8,0.59
IsraelLigatHaAl,2526,2025-11-01,Hapoel Tel Aviv,Ironi Tiberias,2,0,1.92,0.69,1.92,0.69,13.0,8.0,0.88,0.35
IsraelLigatHaAl,2526,2025-11-01,Maccabi Haifa,Hapoel Jerusalem,2,2,2.77,1.03,2.01,1.03,18.0,9.0,0.39,0.4
IsraelLigatHaAl,2526,2025-10-27,Maccabi Tel Aviv,Ironi Kiryat Shmona,3,1,2.23,1.33,1.47,1.33,13.0,14.0,0.63,0.9
IsraelLigatHaAl,2526,2025-10-26,Hapoel Be'er Sheva,Maccabi Bnei Raina,1,0,1.62,0.66,1.62,0.66,16.0,10.0,0.99,0.52
IsraelLigatHaAl,2526,2025-10-25,Maccabi Netanya,Hapoel Tel Aviv,2,0,2.05,1.76,2.05,1.76,12.0,18.0,0.33,0.77
IsraelLigatHaAl,2526,2025-10-25,Hapoel Jerusalem,Bnei Sakhnin,0,0,0.78,0.95,0.78,0.95,11.0,11.0,0.6,0.16
IsraelLigatHaAl,2526,2025-10-25,Ironi Tiberias,Maccabi Haifa,1,1,2.22,2.86,2.22,2.86,13.0,21.0,1.14,1.57
IsraelLigatHaAl,2526,2025-10-25,Hapoel Haifa,Beitar Jerusalem,2,3,2.42,1.92,2.42,1.92,11.0,18.0,0.33,0.85
IsraelLigatHaAl,2526,2025-10-25,Ashdod,Hapoel Petah Tikva,1,1,1.03,1.57,1.03,1.57,7.0,13.0,0.53,1.83
IsraelLigatHaAl,2526,2025-10-20,Beitar Jerusalem,Ashdod,0,0,0.88,0.79,0.88,0.79,11.0,7.0,0.48,0.17
IsraelLigatHaAl,2526,2025-10-18,Maccabi Haifa,Maccabi Netanya,2,3,2.87,3.37,1.35,2.61,14.0,14.0,0.86,1.36
IsraelLigatHaAl,2526,2025-10-18,Maccabi Bnei Raina,Hapoel Haifa,1,2,0.86,1.71,0.86,1.71,16.0,8.0,0.39,0.96
IsraelLigatHaAl,2526,2025-10-18,Ironi Kiryat Shmona,Hapoel Be'er Sheva,1,0,1.5,2.02,1.5,2.02,13.0,15.0,0.61,1.03
IsraelLigatHaAl,2526,2025-10-18,Bnei Sakhnin,Ironi Tiberias,2,0,3.32,1.58,1.8,1.58,10.0,12.0,0.65,0.47
IsraelLigatHaAl,2526,2025-10-18,Hapoel Petah Tikva,Hapoel Jerusalem,0,0,2.53,0.41,1.77,0.41,11.0,6.0,1.14,0.17
IsraelLigatHaAl,2526,2025-10-05,Maccabi Tel Aviv,Maccabi Haifa,1,1,1.74,2.42,1.74,1.66,10.0,13.0,0.47,0.65
IsraelLigatHaAl,2526,2025-10-05,Maccabi Netanya,Bnei Sakhnin,1,2,3.48,3.13,2.72,2.37,19.0,17.0,0.66,0.96
IsraelLigatHaAl,2526,2025-10-04,Hapoel Be'er Sheva,Hapoel Tel Aviv,2,1,1.96,0.8,1.2,0.8,12.0,6.0,0.84,0.55
IsraelLigatHaAl,2526,2025-10-04,Beitar Jerusalem,Hapoel Petah Tikva,5,2,2.89,2.13,1.37,2.13,10.0,15.0,0.59,0.93
IsraelLigatHaAl,2526,2025-10-04,Ashdod,Maccabi Bnei Raina,2,0,1.84,3.03,1.84,2.27,13.0,11.0,0.38,0.59
IsraelLigatHaAl,2526,2025-10-04,Ironi Tiberias,Hapoel Jerusalem,1,0,1.66,1.68,1.66,1.68,15.0,16.0,0.52,0.78
IsraelLigatHaAl,2526,2025-10-04,Hapoel Haifa,Ironi Kiryat Shmona,0,0,0.94,2.71,0.94,1.19,8.0,19.0,0.37,1.44
IsraelLigatHaAl,2526,2025-09-29,Maccabi Haifa,Hapoel Be'er Sheva,0,1,0.69,1.25,0.69,1.25,9.0,9.0,0.78,0.31
IsraelLigatHaAl,2526,2025-09-28,Bnei Sakhnin,Maccabi Tel Aviv,0,0,0.17,2.44,0.17,1.68,3.0,18.0,0.09,1.77
IsraelLigatHaAl,2526,2025-09-27,Maccabi Bnei Raina,Beitar Jerusalem,1,3,1.4,1.61,0.64,0.85,6.0,11.0,0.15,1.03
IsraelLigatHaAl,2526,2025-09-27,Ironi Kiryat Shmona,Ashdod,1,2,1.04,1.33,1.04,1.33,12.0,9.0,0.84,0.33
IsraelLigatHaAl,2526,2025-09-27,Hapoel Tel Aviv,Hapoel Haifa,1,0,4.03,1.8,4.03,1.04,30.0,11.0,0.76,0.57
IsraelLigatHaAl,2526,2025-09-27,Hapoel Petah Tikva,Ironi Tiberias,0,2,0.48,1.28,0.48,1.28,8.0,11.0,0.34,0.47
IsraelLigatHaAl,2526,2025-09-27,Hapoel Jerusalem,Maccabi Netanya,1,2,0.44,2.98,0.44,2.98,10.0,17.0,0.49,1.59
IsraelLigatHaAl,2526,2025-09-21,Hapoel Haifa,Maccabi Haifa,1,1,1.74,0.91,1.74,0.91,9.0,10.0,0.28,0.46
IsraelLigatHaAl,2526,2025-09-21,Hapoel Be'er Sheva,Bnei Sakhnin,3,1,3.03,0.5,3.03,0.5,27.0,7.0,1.12,0.59
IsraelLigatHaAl,2526,2025-09-20,Maccabi Netanya,Ironi Tiberias,5,2,3.76,1.4,3.0,1.4,23.0,10.0,1.42,0.64
IsraelLigatHaAl,2526,2025-09-20,Maccabi Tel Aviv,Hapoel Jerusalem,2,1,2.85,1.08,2.85,1.08,19.0,8.0,1.27,0.12
IsraelLigatHaAl,2526,2025-09-20,Beitar Jerusalem,Ironi Kiryat Shmona,2,1,0.91,1.73,0.91,0.97,7.0,16.0,0.52,0.32
IsraelLigatHaAl,2526,2025-09-20,Ashdod,Hapoel Tel Aviv,2,6,0.9,2.57,0.9,2.57,8.0,15.0,0.68,0.96
IsraelLigatHaAl,2526,2025-09-20,Maccabi Bnei Raina,Hapoel Petah Tikva,1,6,1.13,5.3,1.13,4.54,14.0,23.0,0.18,1.18
IsraelLigatHaAl,2526,2025-09-16,Hapoel Petah Tikva,Maccabi Tel Aviv,0,4,0.36,3.91,0.36,3.15,8.0,17.0,0.14,1.19
IsraelLigatHaAl,2526,2025-09-15,Hapoel Tel Aviv,Beitar Jerusalem,3,2,1.84,0.94,1.08,0.94,9.0,10.0,0.55,0.18
IsraelLigatHaAl,2526,2025-09-15,Maccabi Haifa,Ashdod,5,1,4.48,1.35,2.2,1.35,19.0,11.0,0.69,0.46
IsraelLigatHaAl,2526,2025-09-14,Hapoel Jerusalem,Hapoel Be'er Sheva,1,5,0.85,3.83,0.85,3.07,6.0,22.0,0.25,0.88
IsraelLigatHaAl,2526,2025-09-13,Ironi Kiryat Shmona,Maccabi Bnei Raina,3,1,3.13,0.76,2.37,0.76,22.0,4.0,1.11,0.3
IsraelLigatHaAl,2526,2025-09-13,Ironi Tiberias,Maccabi Tel Aviv,1,4,0.35,3.87,0.35,1.59,4.0,18.0,0.11,1.08
IsraelLigatHaAl,2526,2025-09-13,Bnei Sakhnin,Hapoel Haifa,0,2,0.48,3.69,0.48,3.69,4.0,26.0,0.2,1.02
IsraelLigatHaAl,2526,2025-09-13,Hapoel Petah Tikva,Maccabi Netanya,3,1,2.5,2.02,2.5,1.26,19.0,11.0,0.72,0.64
IsraelLigatHaAl,2526,2025-08-31,Beitar Jerusalem,Maccabi Haifa,0,0,1.76,1.97,1.76,1.97,8.0,16.0,0.28,1.04
IsraelLigatHaAl,2526,2025-08-31,Maccabi Tel Aviv,Maccabi Netanya,4,0,2.41,0.74,2.41,0.74,17.0,6.0,1.19,0.46
IsraelLigatHaAl,2526,2025-08-30,Hapoel Be'er Sheva,Ironi Tiberias,7,0,6.02,0.8,6.02,0.8,37.0,4.0,2.52,0.3
IsraelLigatHaAl,2526,2025-08-30,Ashdod,Bnei Sakhnin,1,2,1.62,0.6,1.62,0.6,16.0,7.0,1.04,0.21
IsraelLigatHaAl,2526,2025-08-30,Hapoel Haifa,Hapoel Jerusalem,2,1,2.17,1.23,2.17,1.23,18.0,9.0,1.01,0.59
IsraelLigatHaAl,2526,2025-08-30,Maccabi Bnei Raina,Hapoel Tel Aviv,2,2,0.86,2.21,0.86,1.45,11.0,15.0,0.2,0.88
IsraelLigatHaAl,2526,2025-08-30,Ironi Kiryat Shmona,Hapoel Petah Tikva,0,0,0.54,0.92,0.54,0.92,11.0,9.0,0.12,0.59
IsraelLigatHaAl,2526,2025-08-25,Bnei Sakhnin,Beitar Jerusalem,1,2,1.4,3.55,1.4,2.79,6.0,22.0,0.11,0.77
IsraelLigatHaAl,2526,2025-08-24,Maccabi Netanya,Hapoel Be'er Sheva,2,4,1.67,2.82,1.67,2.06,9.0,20.0,0.59,0.89
IsraelLigatHaAl,2526,2025-08-23,Maccabi Haifa,Maccabi Bnei Raina,4,0,4.1,0.37,3.34,0.37,19.0,6.0,1.01,0.17
IsraelLigatHaAl,2526,2025-08-23,Ironi Tiberias,Hapoel Haifa,1,0,1.89,0.83,1.89,0.83,22.0,10.0,0.44,0.58
IsraelLigatHaAl,2526,2025-08-23,Hapoel Tel Aviv,Ironi Kiryat Shmona,2,1,1.83,1.65,1.07,1.65,11.0,8.0,0.7,0.79
IsraelLigatHaAl,2526,2025-08-23,Hapoel Jerusalem,Ashdod,1,2,1.14,2.34,1.14,1.58,10.0,16.0,1.11,0.43
IsraelLigatHaAl,2627,2026-09-14,Maccabi Tel Aviv,Hapoel Tel Aviv,4,1,3.78,0.56,3.78,0.56,19.0,11.0,1.24,0.6
IsraelLigatHaAl,2627,2026-09-14,Ironi Kiryat Shmona,Maccabi Haifa,0,4,0.44,3.18,0.44,3.18,8.0,21.0,0.06,0.99
IsraelLigatHaAl,2627,2026-09-14,Hapoel Ramat Gan,Maccabi Netanya,2,0,1.52,1.94,1.52,1.94,12.0,22.0,0.37,1.63
IsraelLigatHaAl,2627,2026-09-14,Hapoel Haifa,Bnei Sakhnin,3,1,1.72,1.32,1.72,0.56,14.0,10.0,0.39,0.59
IsraelLigatHaAl,2627,2026-09-13,Hapoel Petah Tikva,Hapoel Be'er Sheva,0,2,0.19,1.83,0.19,1.83,5.0,11.0,0.44,0.31
IsraelLigatHaAl,2627,2026-09-07,Hapoel Be'er Sheva,Maccabi Tel Aviv,1,4,0.78,5.16,0.78,3.64,7.0,22.0,0.31,1.97
IsraelLigatHaAl,2627,2026-09-07,Bnei Sakhnin,Beitar Jerusalem,0,1,1.31,2.27,1.31,2.27,13.0,14.0,0.34,0.44
IsraelLigatHaAl,2627,2026-09-07,Hapoel Tel Aviv,Hapoel Ramat Gan,4,0,4.48,0.48,4.48,0.48,29.0,7.0,1.54,0.44
IsraelLigatHaAl,2627,2026-09-07,Maccabi Netanya,Hapoel Haifa,1,1,1.55,3.91,0.79,3.91,14.0,18.0,0.72,1.29
IsraelLigatHaAl,2627,2026-09-05,Maccabi Haifa,Hapoel Petah Tikva,2,1,1.92,1.89,1.92,1.13,15.0,14.0,0.83,0.37
IsraelLigatHaAl,2627,2026-09-05,Hapoel Jerusalem,Ironi Kiryat Shmona,4,2,1.64,2.44,1.64,2.44,19.0,15.0,0.89,0.55
IsraelLigatHaAl,2627,2026-09-05,Maccabi Petah Tikva,Ironi Tiberias,1,2,4.71,2.21,4.71,2.21,32.0,12.0,1.35,0.49
IsraelLigatHaAl,2627,2026-09-03,Hapoel Tel Aviv,Beitar Jerusalem,3,0,2.7,0.17,2.7,0.17,15.0,6.0,1.14,0.26
IsraelLigatHaAl,2627,2026-09-02,Hapoel Be'er Sheva,Hapoel Haifa,2,2,2.06,0.96,2.06,0.2,16.0,5.0,1.09,0.4
IsraelLigatHaAl,2627,2026-08-31,Maccabi Tel Aviv,Maccabi Haifa,3,1,2.2,2.1,1.44,1.34,14.0,19.0,0.54,0.82
IsraelLigatHaAl,2627,2026-08-30,Hapoel Haifa,Hapoel Tel Aviv,0,0,0.38,2.22,0.38,1.46,8.0,10.0,0.33,0.59
IsraelLigatHaAl,2627,2026-08-29,Beitar Jerusalem,Maccabi Netanya,1,4,0.9,4.72,0.9,4.72,13.0,12.0,0.38,1.25
IsraelLigatHaAl,2627,2026-08-29,Ironi Kiryat Shmona,Ironi Tiberias,2,0,1.42,1.14,1.42,1.14,14.0,14.0,0.59,0.49
IsraelLigatHaAl,2627,2026-08-29,Hapoel Petah Tikva,Hapoel Jerusalem,1,0,1.34,1.77,1.34,1.77,8.0,13.0,0.36,0.79
IsraelLigatHaAl,2627,2026-08-29,Hapoel Ramat Gan,Hapoel Be'er Sheva,1,2,2.19,2.69,2.19,2.69,14.0,20.0,0.66,1.08
IsraelLigatHaAl,2627,2026-08-29,Bnei Sakhnin,Maccabi Petah Tikva,1,2,1.38,1.8,1.38,1.8,14.0,12.0,0.52,0.48
IsraelLigatHaAl,2627,2026-08-24,Maccabi Netanya,Bnei Sakhnin,0,0,2.18,0.2,2.18,0.2,18.0,6.0,1.01,0.11
IsraelLigatHaAl,2627,2026-08-23,Hapoel Jerusalem,Maccabi Tel Aviv,2,5,1.84,3.46,1.84,2.7,16.0,17.0,1.05,0.76
IsraelLigatHaAl,2627,2026-08-22,Maccabi Haifa,Hapoel Ramat Gan,2,1,3.57,0.84,2.81,0.84,19.0,11.0,0.84,0.72
IsraelLigatHaAl,2627,2026-08-22,Ironi Tiberias,Hapoel Petah Tikva,1,0,1.31,1.58,0.55,1.58,7.0,13.0,0.26,1.12
IsraelLigatHaAl,2627,2026-08-22,Maccabi Petah Tikva,Ironi Kiryat Shmona,2,1,1.37,1.39,1.37,1.39,11.0,13.0,0.46,0.78
FinlandVeikkausliiga,2024,2024-11-02,SJK,Haka,2,2,3.43,1.45,3.43,1.45,18.0,19.0,1.07,1.0
FinlandVeikkausliiga,2024,2024-10-30,Haka,SJK,1,2,1.56,1.25,1.56,1.25,9.0,8.0,0.84,0.41
FinlandVeikkausliiga,2024,2024-10-26,Haka,Gnistan,3,3,2.64,3.36,2.64,3.36,19.0,25.0,1.41,0.97
FinlandVeikkausliiga,2024,2024-10-23,Haka,Inter Turku,2,1,2.48,2.34,2.48,2.34,18.0,14.0,1.39,1.2
FinlandVeikkausliiga,2024,2024-10-23,VPS,Gnistan,0,1,0.7,0.86,0.7,0.86,5.0,6.0,0.25,0.6
FinlandVeikkausliiga,2024,2024-10-19,Haka,VPS,2,3,1.57,3.5,1.57,3.5,17.0,17.0,0.89,1.87
FinlandVeikkausliiga,2024,2024-10-19,Ilves,SJK,4,0,2.34,1.46,2.34,1.46,11.0,12.0,1.31,0.47
FinlandVeikkausliiga,2024,2024-10-19,Inter Turku,Gnistan,3,2,2.09,0.98,2.09,0.98,16.0,9.0,0.47,0.91
FinlandVeikkausliiga,2024,2024-10-19,KuPS,HJK,1,0,2.27,1.07,2.27,1.07,13.0,12.0,0.18,0.92
FinlandVeikkausliiga,2024,2024-10-19,Lahti,EIF,0,0,1.29,1.02,1.29,1.02,13.0,15.0,0.38,0.73
FinlandVeikkausliiga,2024,2024-10-19,Oulu,Mariehamn,1,2,1.37,1.02,1.37,1.02,10.0,12.0,0.75,0.82
FinlandVeikkausliiga,2024,2024-10-06,HJK,Haka,0,1,0.98,0.51,0.98,0.51,17.0,8.0,0.71,0.18
FinlandVeikkausliiga,2024,2024-10-06,Mariehamn,Inter Turku,0,1,0.99,1.6,0.99,0.84,10.0,8.0,0.79,0.75
FinlandVeikkausliiga,2024,2024-10-05,EIF,Oulu,1,1,1.05,1.74,1.05,1.74,9.0,12.0,0.49,0.82
FinlandVeikkausliiga,2024,2024-10-05,Gnistan,Lahti,2,2,2.58,1.03,2.58,1.03,19.0,12.0,1.04,0.52
FinlandVeikkausliiga,2024,2024-10-05,SJK,KuPS,0,1,0.8,0.46,0.8,0.46,13.0,6.0,0.84,0.62
FinlandVeikkausliiga,2024,2024-10-04,VPS,Ilves,0,2,1.16,1.2,1.16,1.2,10.0,8.0,0.97,0.29
FinlandVeikkausliiga,2024,2024-09-30,Inter Turku,Lahti,3,1,2.76,0.67,2.76,0.67,23.0,7.0,1.01,0.31
FinlandVeikkausliiga,2024,2024-09-29,KuPS,Haka,2,0,2.82,1.56,2.06,1.56,13.0,8.0,1.06,0.42
FinlandVeikkausliiga,2024,2024-09-28,HJK,Ilves,0,1,0.81,1.4,0.81,1.4,9.0,13.0,0.7,1.02
FinlandVeikkausliiga,2024,2024-09-28,Mariehamn,EIF,3,0,2.13,0.43,2.13,0.43,15.0,5.0,0.49,0.42
FinlandVeikkausliiga,2024,2024-09-28,SJK,VPS,1,4,1.31,1.58,1.31,1.58,14.0,9.0,0.67,0.67
FinlandVeikkausliiga,2024,2024-09-27,Gnistan,Oulu,1,0,0.84,1.19,0.84,1.19,11.0,11.0,0.27,0.48
FinlandVeikkausliiga,2024,2024-09-24,Ilves,KuPS,1,0,1.14,1.67,1.14,1.67,11.0,15.0,0.51,1.06
FinlandVeikkausliiga,2024,2024-09-24,Oulu,Inter Turku,1,0,1.36,1.55,1.36,1.55,9.0,16.0,0.53,0.51
FinlandVeikkausliiga,2024,2024-09-22,EIF,Gnistan,3,1,1.29,1.74,1.29,1.74,13.0,15.0,0.29,1.02
FinlandVeikkausliiga,2024,2024-09-20,Haka,SJK,0,3,1.61,2.47,1.61,2.47,15.0,14.0,0.94,0.66
FinlandVeikkausliiga,2024,2024-09-20,VPS,HJK,1,1,2.67,1.26,2.67,1.26,17.0,11.0,0.78,0.48
FinlandVeikkausliiga,2024,2024-09-19,Lahti,Mariehamn,2,1,1.17,2.34,1.17,2.34,11.0,16.0,0.83,0.64
FinlandVeikkausliiga,2024,2024-09-15,Gnistan,Mariehamn,2,1,2.06,2.09,2.06,2.09,15.0,19.0,0.71,0.8
FinlandVeikkausliiga,2024,2024-09-14,HJK,SJK,2,2,2.21,1.51,2.21,1.51,21.0,15.0,0.82,0.8
FinlandVeikkausliiga,2024,2024-09-14,Ilves,Haka,3,2,3.06,1.62,3.06,0.86,19.0,10.0,1.04,0.65
FinlandVeikkausliiga,2024,2024-09-14,KuPS,VPS,3,1,1.89,0.46,1.89,0.46,7.0,7.0,0.81,0.36
FinlandVeikkausliiga,2024,2024-09-14,Oulu,Lahti,3,0,0.9,0.62,0.9,0.62,11.0,12.0,0.35,0.45
FinlandVeikkausliiga,2024,2024-09-13,Inter Turku,EIF,1,1,0.94,0.75,0.94,0.75,10.0,4.0,0.73,0.16
FinlandVeikkausliiga,2024,2024-09-01,EIF,SJK,1,1,0.37,2.58,0.37,2.58,7.0,18.0,0.23,1.4
FinlandVeikkausliiga,2024,2024-09-01,Gnistan,Ilves,1,1,1.59,1.17,1.59,1.17,15.0,7.0,0.49,0.31
FinlandVeikkausliiga,2024,2024-09-01,Haka,Lahti,1,1,1.43,1.5,1.43,1.5,17.0,11.0,0.73,0.8
FinlandVeikkausliiga,2024,2024-09-01,KuPS,Inter Turku,1,2,1.73,1.55,1.73,1.55,13.0,11.0,1.05,0.54
FinlandVeikkausliiga,2024,2024-09-01,Mariehamn,Oulu,2,1,5.04,1.6,3.52,1.6,21.0,10.0,1.61,0.47
FinlandVeikkausliiga,2024,2024-09-01,VPS,HJK,1,3,1.37,4.02,1.37,3.26,7.0,22.0,0.94,1.02
FinlandVeikkausliiga,2024,2024-08-26,SJK,Gnistan,0,1,2.71,3.23,2.71,3.23,21.0,16.0,1.7,0.75
FinlandVeikkausliiga,2024,2024-08-25,HJK,Inter Turku,1,0,2.0,1.25,2.0,1.25,17.0,11.0,1.1,0.35
FinlandVeikkausliiga,2024,2024-08-25,KuPS,Mariehamn,3,0,2.65,0.75,2.65,0.75,20.0,6.0,1.03,0.39
FinlandVeikkausliiga,2024,2024-08-25,Lahti,VPS,0,0,1.27,0.22,1.27,0.22,16.0,3.0,0.57,0.17
FinlandVeikkausliiga,2024,2024-08-24,Ilves,EIF,5,0,2.39,1.23,2.39,1.23,17.0,8.0,0.95,0.58
FinlandVeikkausliiga,2024,2024-08-24,Oulu,Haka,0,1,0.76,1.39,0.76,1.39,8.0,9.0,0.28,0.34
FinlandVeikkausliiga,2024,2024-08-21,Gnistan,Mariehamn,2,1,1.87,0.66,1.87,0.66,21.0,6.0,0.85,0.4
FinlandVeikkausliiga,2024,2024-08-18,EIF,HJK,0,3,2.13,2.16,2.13,2.16,14.0,21.0,0.93,1.11
FinlandVeikkausliiga,2024,2024-08-18,Gnistan,Oulu,2,0,2.6,0.53,2.6,0.53,18.0,8.0,1.32,0.27
FinlandVeikkausliiga,2024,2024-08-18,KuPS,Ilves,1,0,1.82,0.54,1.82,0.54,10.0,8.0,0.81,0.6
FinlandVeikkausliiga,2024,2024-08-18,Mariehamn,Lahti,0,0,2.16,0.41,2.16,0.41,19.0,4.0,0.82,0.28
FinlandVeikkausliiga,2024,2024-08-18,VPS,Haka,3,2,2.48,1.07,1.72,1.07,14.0,11.0,0.3,0.44
FinlandVeikkausliiga,2024,2024-08-16,Inter Turku,SJK,3,0,3.51,0.81,2.75,0.81,22.0,10.0,0.53,0.17
FinlandVeikkausliiga,2024,2024-08-12,SJK,VPS,3,1,4.04,1.58,4.04,1.58,22.0,11.0,1.13,0.87
FinlandVeikkausliiga,2024,2024-08-11,Haka,KuPS,2,2,1.94,1.34,1.94,1.34,14.0,11.0,0.6,0.51
FinlandVeikkausliiga,2024,2024-08-11,Ilves,Mariehamn,2,0,2.66,0.56,1.9,0.56,16.0,6.0,0.82,0.09
FinlandVeikkausliiga,2024,2024-08-10,Oulu,Inter Turku,1,0,0.77,2.11,0.77,2.11,4.0,15.0,0.34,1.59
FinlandVeikkausliiga,2024,2024-08-09,Lahti,EIF,4,0,1.9,1.24,1.9,1.24,11.0,12.0,0.55,0.47
FinlandVeikkausliiga,2024,2024-08-04,EIF,Haka,1,2,2.97,1.65,2.21,1.65,18.0,13.0,0.57,0.81
FinlandVeikkausliiga,2024,2024-08-04,Gnistan,VPS,3,0,1.65,1.54,0.89,1.54,7.0,9.0,0.29,0.63
FinlandVeikkausliiga,2024,2024-08-04,KuPS,SJK,2,1,2.24,1.05,1.48,1.05,12.0,8.0,0.79,0.38
FinlandVeikkausliiga,2024,2024-08-04,Oulu,Ilves,0,1,1.15,1.11,1.15,1.11,9.0,6.0,0.3,0.72
FinlandVeikkausliiga,2024,2024-08-03,Lahti,HJK,2,1,1.02,3.1,1.02,3.1,10.0,26.0,0.48,1.05
FinlandVeikkausliiga,2024,2024-08-02,Inter Turku,Mariehamn,3,0,2.23,0.71,1.47,0.71,14.0,3.0,0.46,0.23
FinlandVeikkausliiga,2024,2024-07-28,EIF,KuPS,1,2,0.92,4.45,0.92,4.45,9.0,26.0,0.49,1.68
FinlandVeikkausliiga,2024,2024-07-28,Haka,Gnistan,1,2,2.22,1.11,2.22,1.11,23.0,8.0,1.11,0.42
FinlandVeikkausliiga,2024,2024-07-28,VPS,Mariehamn,2,1,1.93,1.72,1.93,1.72,12.0,11.0,0.86,0.68
FinlandVeikkausliiga,2024,2024-07-27,HJK,Oulu,3,0,1.19,1.83,1.19,1.83,16.0,11.0,0.58,0.62
FinlandVeikkausliiga,2024,2024-07-27,SJK,Lahti,5,5,4.02,2.52,4.02,1.76,24.0,12.0,1.11,0.43
FinlandVeikkausliiga,2024,2024-07-22,Inter Turku,Gnistan,2,2,1.95,1.98,1.19,1.98,12.0,19.0,0.59,0.5
FinlandVeikkausliiga,2024,2024-07-21,Ilves,VPS,3,2,1.51,2.49,0.75,2.49,8.0,14.0,0.27,0.84
FinlandVeikkausliiga,2024,2024-07-21,KuPS,Lahti,1,0,2.0,0.97,2.0,0.97,15.0,9.0,0.74,0.89
FinlandVeikkausliiga,2024,2024-07-21,Mariehamn,SJK,0,4,0.19,4.29,0.19,3.53,3.0,27.0,0.22,1.23
FinlandVeikkausliiga,2024,2024-07-20,HJK,Haka,2,0,2.43,0.91,1.67,0.91,18.0,9.0,0.21,0.58
FinlandVeikkausliiga,2024,2024-07-20,Oulu,EIF,2,0,0.67,0.82,0.67,0.82,5.0,9.0,0.92,0.46
FinlandVeikkausliiga,2024,2024-07-15,Haka,Ilves,4,3,2.93,2.19,2.93,2.19,16.0,17.0,0.51,0.4
FinlandVeikkausliiga,2024,2024-07-14,EIF,Inter Turku,0,7,1.67,2.08,1.67,2.08,16.0,14.0,0.23,0.76
FinlandVeikkausliiga,2024,2024-07-14,Lahti,Oulu,1,2,1.49,1.79,1.49,0.27,14.0,6.0,0.94,0.27
FinlandVeikkausliiga,2024,2024-07-08,Inter Turku,Lahti,3,0,2.55,0.42,2.55,0.42,16.0,5.0,0.8,0.19
FinlandVeikkausliiga,2024,2024-07-08,Oulu,SJK,1,2,1.31,0.96,1.31,0.96,9.0,13.0,0.45,0.48
FinlandVeikkausliiga,2024,2024-07-07,KuPS,Gnistan,3,1,1.28,2.03,1.28,2.03,11.0,16.0,0.8,0.84
FinlandVeikkausliiga,2024,2024-07-07,Mariehamn,Haka,0,3,0.77,1.86,0.77,1.86,11.0,11.0,0.48,0.61
FinlandVeikkausliiga,2024,2024-07-06,Ilves,HJK,3,0,1.78,1.72,1.78,1.72,10.0,16.0,0.74,0.8
FinlandVeikkausliiga,2024,2024-07-06,VPS,EIF,2,3,2.97,2.69,2.21,2.69,14.0,12.0,0.44,0.82
FinlandVeikkausliiga,2024,2024-06-30,Gnistan,EIF,1,2,3.54,1.8,3.54,1.8,20.0,11.0,1.71,0.15
FinlandVeikkausliiga,2024,2024-06-30,Mariehamn,HJK,1,2,0.96,0.76,0.96,0.76,9.0,11.0,0.36,0.46
FinlandVeikkausliiga,2024,2024-06-29,Lahti,Ilves,2,2,1.52,2.24,1.52,2.24,13.0,17.0,0.68,0.71
FinlandVeikkausliiga,2024,2024-06-29,SJK,Haka,2,1,1.91,0.89,1.91,0.89,15.0,12.0,0.61,0.4
FinlandVeikkausliiga,2024,2024-06-28,Inter Turku,VPS,3,1,3.14,1.46,2.38,1.46,18.0,11.0,0.39,0.51
FinlandVeikkausliiga,2024,2024-06-28,Oulu,KuPS,1,0,1.39,0.42,1.39,0.42,8.0,10.0,0.31,0.52
FinlandVeikkausliiga,2024,2024-06-19,EIF,Mariehamn,1,2,1.05,3.32,0.29,3.32,6.0,15.0,0.14,1.04
FinlandVeikkausliiga,2024,2024-06-19,HJK,KuPS,3,1,1.76,1.32,1.76,1.32,12.0,7.0,0.52,0.59
FinlandVeikkausliiga,2024,2024-06-19,Haka,Inter Turku,0,0,0.93,1.98,0.93,1.98,7.0,23.0,0.26,0.73
FinlandVeikkausliiga,2024,2024-06-19,Ilves,SJK,2,2,2.88,0.9,1.36,0.9,12.0,9.0,0.68,0.58
FinlandVeikkausliiga,2024,2024-06-19,Lahti,Gnistan,3,3,1.23,2.28,1.23,2.28,9.0,19.0,0.23,1.08
FinlandVeikkausliiga,2024,2024-06-19,VPS,Oulu,1,1,1.36,0.73,1.36,0.73,11.0,12.0,0.85,0.38
FinlandVeikkausliiga,2024,2024-06-12,Gnistan,HJK,0,4,1.22,2.53,1.22,2.53,11.0,17.0,1.35,0.49
FinlandVeikkausliiga,2024,2024-06-12,Inter Turku,Ilves,0,2,0.82,2.02,0.82,2.02,6.0,12.0,0.27,0.42
FinlandVeikkausliiga,2024,2024-06-12,KuPS,Haka,0,1,3.55,0.46,2.79,0.46,25.0,7.0,1.2,0.16
FinlandVeikkausliiga,2024,2024-06-12,Mariehamn,VPS,0,0,1.15,1.92,1.15,1.92,7.0,14.0,0.81,1.16
FinlandVeikkausliiga,2024,2024-06-12,Oulu,Lahti,2,2,2.04,0.57,1.28,0.57,8.0,5.0,0.95,0.26
FinlandVeikkausliiga,2024,2024-06-12,SJK,EIF,3,1,3.5,0.64,3.5,0.64,22.0,6.0,1.94,0.34
FinlandVeikkausliiga,2024,2024-06-08,EIF,Gnistan,1,0,1.18,0.89,0.42,0.89,8.0,11.0,0.7,0.43
FinlandVeikkausliiga,2024,2024-06-08,KuPS,Oulu,4,1,4.46,1.18,3.7,1.18,22.0,8.0,0.9,0.55
FinlandVeikkausliiga,2024,2024-06-07,HJK,SJK,4,1,2.91,1.99,2.15,1.99,14.0,15.0,0.59,0.35
FinlandVeikkausliiga,2024,2024-06-07,Haka,Mariehamn,2,0,1.23,2.19,1.23,2.19,7.0,14.0,1.06,0.8
FinlandVeikkausliiga,2024,2024-06-07,Lahti,Inter Turku,0,2,0.71,1.45,0.71,1.45,9.0,14.0,0.49,0.54
FinlandVeikkausliiga,2024,2024-06-07,VPS,Ilves,1,1,1.94,1.44,1.94,1.44,11.0,13.0,0.62,0.72
FinlandVeikkausliiga,2024,2024-06-02,EIF,VPS,1,2,1.22,3.66,1.22,1.38,12.0,14.0,0.35,0.79
FinlandVeikkausliiga,2024,2024-06-02,Gnistan,Lahti,2,1,1.33,0.81,1.33,0.81,15.0,11.0,0.62,0.59
FinlandVeikkausliiga,2024,2024-05-31,Ilves,KuPS,1,2,1.17,2.39,1.17,2.39,10.0,12.0,0.7,1.01
FinlandVeikkausliiga,2024,2024-05-31,Inter Turku,Haka,3,1,2.73,0.96,1.97,0.96,16.0,11.0,0.64,0.55
FinlandVeikkausliiga,2024,2024-05-31,Oulu,HJK,1,0,0.65,0.96,0.65,0.96,4.0,7.0,0.21,0.52
FinlandVeikkausliiga,2024,2024-05-31,SJK,Mariehamn,0,2,1.76,0.64,1.76,0.64,17.0,7.0,1.76,0.53
FinlandVeikkausliiga,2024,2024-05-27,Lahti,SJK,0,4,0.4,2.44,0.4,1.68,6.0,13.0,0.47,0.44
FinlandVeikkausliiga,2024,2024-05-27,VPS,Inter Turku,3,1,2.69,2.29,2.69,2.29,18.0,16.0,0.84,0.56
FinlandVeikkausliiga,2024,2024-05-26,KuPS,EIF,4,1,3.0,1.08,2.24,1.08,15.0,11.0,0.55,0.78
FinlandVeikkausliiga,2024,2024-05-26,Mariehamn,Gnistan,1,1,0.78,2.0,0.78,2.0,6.0,13.0,0.21,0.51
FinlandVeikkausliiga,2024,2024-05-25,HJK,Ilves,1,1,0.83,2.1,0.83,1.34,9.0,10.0,0.43,0.19
FinlandVeikkausliiga,2024,2024-05-24,Haka,Oulu,4,3,3.14,3.07,2.38,1.55,16.0,13.0,0.98,0.99
FinlandVeikkausliiga,2024,2024-05-22,HJK,Gnistan,1,0,0.37,0.91,0.37,0.91,7.0,8.0,0.29,0.34
FinlandVeikkausliiga,2024,2024-05-22,Ilves,Inter Turku,3,0,2.67,1.67,2.67,1.67,22.0,8.0,0.52,0.46
FinlandVeikkausliiga,2024,2024-05-22,VPS,KuPS,1,3,0.85,3.17,0.85,3.17,8.0,20.0,0.31,0.51
FinlandVeikkausliiga,2024,2024-05-19,EIF,Lahti,1,1,1.44,0.93,0.68,0.93,7.0,7.0,0.5,0.43
FinlandVeikkausliiga,2024,2024-05-19,Gnistan,KuPS,0,0,1.86,1.3,1.86,1.3,17.0,10.0,0.95,0.82
FinlandVeikkausliiga,2024,2024-05-17,HJK,VPS,1,2,2.66,1.9,2.66,1.14,17.0,9.0,1.01,0.01
FinlandVeikkausliiga,2024,2024-05-17,Ilves,Haka,5,0,2.41,0.98,2.41,0.22,16.0,5.0,0.85,0.23
FinlandVeikkausliiga,2024,2024-05-17,Oulu,Mariehamn,1,1,1.59,0.91,1.59,0.91,16.0,9.0,0.44,0.52
FinlandVeikkausliiga,2024,2024-05-17,SJK,Inter Turku,3,1,2.3,0.85,2.3,0.85,17.0,7.0,0.62,0.38
FinlandVeikkausliiga,2024,2024-05-12,EIF,Ilves,0,2,0.53,1.99,0.53,1.99,5.0,12.0,0.24,0.65
FinlandVeikkausliiga,2024,2024-05-12,Lahti,Mariehamn,3,0,2.36,0.44,0.84,0.44,10.0,4.0,0.25,0.24
FinlandVeikkausliiga,2024,2024-05-11,Haka,SJK,2,0,1.4,1.99,1.4,1.99,12.0,15.0,0.74,0.83
FinlandVeikkausliiga,2024,2024-05-11,Inter Turku,HJK,0,1,2.63,0.56,2.63,0.56,18.0,5.0,0.63,0.19
FinlandVeikkausliiga,2024,2024-05-11,Oulu,Gnistan,1,1,2.15,0.75,1.39,0.75,12.0,3.0,0.7,0.8
FinlandVeikkausliiga,2024,2024-05-10,KuPS,VPS,2,1,0.37,1.59,0.37,1.59,4.0,16.0,0.55,0.67
FinlandVeikkausliiga,2024,2024-05-05,Gnistan,Haka,0,3,1.64,1.8,1.64,1.8,14.0,14.0,1.36,0.84
FinlandVeikkausliiga,2024,2024-05-05,Mariehamn,Inter Turku,3,1,1.09,3.38,1.09,3.38,5.0,19.0,0.37,0.69
FinlandVeikkausliiga,2024,2024-05-04,HJK,EIF,0,0,3.55,0.88,3.55,0.88,21.0,4.0,1.29,0.31
FinlandVeikkausliiga,2024,2024-05-04,Ilves,Oulu,3,2,4.88,1.03,3.36,1.03,23.0,8.0,1.4,0.58
FinlandVeikkausliiga,2024,2024-05-04,SJK,KuPS,1,1,0.72,2.54,0.72,2.54,10.0,11.0,1.32,0.7
FinlandVeikkausliiga,2024,2024-05-03,VPS,Lahti,3,0,4.42,0.27,3.66,0.27,25.0,6.0,0.99,0.29
FinlandVeikkausliiga,2024,2024-04-28,Gnistan,SJK,0,1,1.21,2.77,1.21,2.77,13.0,19.0,0.44,0.98
FinlandVeikkausliiga,2024,2024-04-28,Mariehamn,Ilves,0,1,0.61,0.76,0.61,0.76,11.0,10.0,0.04,0.19
FinlandVeikkausliiga,2024,2024-04-27,Haka,HJK,1,1,1.31,2.48,1.31,2.48,12.0,16.0,0.25,0.73
FinlandVeikkausliiga,2024,2024-04-27,Lahti,KuPS,0,1,0.38,0.99,0.38,0.23,7.0,8.0,0.3,0.43
FinlandVeikkausliiga,2024,2024-04-27,Oulu,VPS,1,2,1.09,2.79,1.09,2.79,7.0,17.0,0.44,1.08
FinlandVeikkausliiga,2024,2024-04-26,Inter Turku,EIF,2,1,2.98,1.1,2.22,1.1,13.0,8.0,1.01,0.14
FinlandVeikkausliiga,2024,2024-04-24,SJK,HJK,3,3,2.02,1.54,2.02,1.54,14.0,10.0,0.95,0.39
FinlandVeikkausliiga,2024,2024-04-21,EIF,Oulu,1,1,1.21,1.91,0.45,1.91,4.0,19.0,0.31,1.48
FinlandVeikkausliiga,2024,2024-04-20,HJK,Mariehamn,2,1,4.07,1.28,4.07,1.28,24.0,6.0,0.78,0.16
FinlandVeikkausliiga,2024,2024-04-20,Lahti,Haka,1,1,3.3,1.77,2.54,1.77,25.0,11.0,0.43,0.85
FinlandVeikkausliiga,2024,2024-04-20,VPS,Gnistan,3,2,2.69,0.45,1.93,0.45,14.0,8.0,0.76,0.57
FinlandVeikkausliiga,2024,2024-04-19,Inter Turku,KuPS,1,1,1.11,2.02,1.11,1.26,5.0,14.0,0.31,0.8
FinlandVeikkausliiga,2024,2024-04-19,SJK,Ilves,1,0,1.68,1.63,0.92,1.63,11.0,21.0,0.21,1.27
FinlandVeikkausliiga,2024,2024-04-13,Ilves,Gnistan,4,6,2.87,2.48,2.87,1.72,14.0,12.0,0.54,0.49
FinlandVeikkausliiga,2024,2024-04-13,Mariehamn,KuPS,2,2,1.88,2.48,1.12,1.72,7.0,16.0,0.09,1.12
FinlandVeikkausliiga,2024,2024-04-12,Haka,EIF,2,1,1.0,2.16,1.0,2.16,8.0,15.0,0.31,1.2
FinlandVeikkausliiga,2024,2024-04-12,Inter Turku,Oulu,3,3,1.83,2.65,1.07,2.65,10.0,18.0,0.43,1.58
FinlandVeikkausliiga,2024,2024-04-12,VPS,SJK,1,1,1.48,1.44,1.48,1.44,15.0,11.0,0.55,0.74
FinlandVeikkausliiga,2024,2024-04-11,HJK,Lahti,4,0,3.5,1.25,2.74,1.25,24.0,10.0,0.52,0.43
FinlandVeikkausliiga,2024,2024-04-06,Gnistan,Inter Turku,2,1,1.45,1.51,0.69,1.51,7.0,14.0,0.18,0.84
FinlandVeikkausliiga,2024,2024-04-06,Haka,VPS,1,2,1.7,1.18,1.7,1.18,22.0,7.0,0.66,1.15
FinlandVeikkausliiga,2024,2024-04-06,Ilves,Lahti,0,0,1.81,0.87,1.81,0.87,24.0,7.0,1.38,0.32
FinlandVeikkausliiga,2024,2024-04-06,KuPS,HJK,3,1,1.8,1.67,1.8,1.67,12.0,11.0,0.8,0.67
FinlandVeikkausliiga,2024,2024-04-06,Mariehamn,EIF,3,2,1.92,1.45,1.92,1.45,12.0,12.0,0.66,0.54
FinlandVeikkausliiga,2024,2024-04-06,SJK,Oulu,2,1,2.37,1.7,2.37,1.7,18.0,9.0,0.95,0.92
FinlandVeikkausliiga,2025,2025-11-09,SJK,Gnistan,3,0,2.09,1.41,2.09,1.41,13.0,10.0,0.83,0.68
FinlandVeikkausliiga,2025,2025-11-09,HJK,KuPS,0,2,1.36,1.85,1.36,1.09,12.0,8.0,0.53,0.74
FinlandVeikkausliiga,2025,2025-11-09,Inter Turku,Ilves,2,0,0.95,0.58,0.95,0.58,11.0,9.0,0.05,0.64
FinlandVeikkausliiga,2025,2025-11-03,Gnistan,HJK,2,2,2.99,4.49,2.99,4.49,19.0,23.0,1.57,0.97
FinlandVeikkausliiga,2025,2025-11-03,Ilves,SJK,3,3,1.67,0.86,1.67,0.86,14.0,7.0,0.8,0.33
FinlandVeikkausliiga,2025,2025-11-02,KuPS,Inter Turku,3,2,2.17,1.88,2.17,1.12,14.0,11.0,0.63,0.5
FinlandVeikkausliiga,2025,2025-10-30,Ilves,HJK,3,1,2.09,0.7,2.09,0.7,14.0,5.0,0.99,0.44
FinlandVeikkausliiga,2025,2025-10-30,KuPS,Gnistan,1,1,2.47,2.87,2.47,1.35,17.0,14.0,1.34,0.7
FinlandVeikkausliiga,2025,2025-10-30,Inter Turku,SJK,2,2,1.41,4.57,0.65,4.57,4.0,24.0,0.22,2.47
FinlandVeikkausliiga,2025,2025-10-27,SJK,KuPS,0,1,1.25,1.57,1.25,1.57,9.0,14.0,0.46,0.9
FinlandVeikkausliiga,2025,2025-10-26,HJK,Inter Turku,1,1,2.51,1.85,2.51,1.85,19.0,17.0,0.33,0.67
FinlandVeikkausliiga,2025,2025-10-25,Gnistan,Ilves,1,3,2.53,4.01,2.53,2.49,22.0,14.0,0.98,0.62
FinlandVeikkausliiga,2025,2025-10-22,HJK,SJK,3,4,3.46,2.9,2.7,2.9,23.0,14.0,1.26,0.74
FinlandVeikkausliiga,2025,2025-10-22,Inter Turku,Gnistan,2,1,2.59,0.82,2.59,0.82,16.0,6.0,1.81,0.39
FinlandVeikkausliiga,2025,2025-10-19,KuPS,HJK,3,1,1.97,2.35,1.21,2.35,14.0,17.0,0.41,0.93
FinlandVeikkausliiga,2025,2025-10-19,Gnistan,SJK,3,4,0.48,3.67,0.48,2.91,8.0,21.0,0.51,1.11
FinlandVeikkausliiga,2025,2025-10-19,Ilves,Inter Turku,1,2,1.0,3.07,0.24,3.07,5.0,17.0,0.49,1.39
FinlandVeikkausliiga,2025,2025-10-18,Haka,KTP,1,2,1.05,2.03,1.05,2.03,9.0,16.0,0.49,0.9
FinlandVeikkausliiga,2025,2025-10-18,Mariehamn,Oulu,2,0,1.9,0.48,1.9,0.48,10.0,7.0,0.18,0.48
FinlandVeikkausliiga,2025,2025-10-18,VPS,Jaro,1,3,2.42,1.29,2.42,1.29,20.0,10.0,1.54,0.13
FinlandVeikkausliiga,2025,2025-10-16,Ilves,KuPS,1,1,1.68,1.57,1.68,1.57,13.0,10.0,0.37,0.57
FinlandVeikkausliiga,2025,2025-10-05,Inter Turku,KuPS,0,3,0.99,3.12,0.99,3.12,14.0,16.0,0.96,0.74
FinlandVeikkausliiga,2025,2025-10-04,SJK,Ilves,2,1,0.72,2.33,0.72,2.33,7.0,22.0,0.08,1.14
FinlandVeikkausliiga,2025,2025-10-04,KTP,Mariehamn,1,1,1.55,0.62,1.55,0.62,15.0,6.0,0.84,0.34
FinlandVeikkausliiga,2025,2025-10-04,Oulu,VPS,2,0,1.63,0.12,1.63,0.12,16.0,3.0,0.2,0.24
FinlandVeikkausliiga,2025,2025-10-03,HJK,Gnistan,2,3,3.03,2.65,3.03,2.65,15.0,16.0,0.59,-0.14
FinlandVeikkausliiga,2025,2025-10-03,Jaro,Haka,2,1,2.56,1.76,2.56,1.76,20.0,11.0,1.49,0.51
FinlandVeikkausliiga,2025,2025-09-29,HJK,Ilves,2,2,1.07,1.42,1.07,1.42,14.0,10.0,0.4,0.64
FinlandVeikkausliiga,2025,2025-09-28,Jaro,Mariehamn,2,3,2.94,1.77,2.94,1.77,24.0,7.0,1.46,0.43
FinlandVeikkausliiga,2025,2025-09-27,SJK,Inter Turku,2,1,0.72,1.54,0.72,1.54,8.0,15.0,0.25,0.91
FinlandVeikkausliiga,2025,2025-09-27,Oulu,KTP,0,2,1.06,1.44,1.06,0.68,11.0,8.0,0.36,0.24
FinlandVeikkausliiga,2025,2025-09-27,Gnistan,KuPS,0,4,0.92,3.36,0.92,3.36,13.0,17.0,0.37,1.81
FinlandVeikkausliiga,2025,2025-09-26,VPS,Haka,1,0,1.16,1.83,1.16,1.83,7.0,16.0,0.6,0.44
FinlandVeikkausliiga,2025,2025-09-23,Inter Turku,HJK,0,0,1.58,0.45,1.58,0.45,11.0,6.0,0.73,0.49
FinlandVeikkausliiga,2025,2025-09-23,KuPS,SJK,3,2,2.85,1.23,2.85,1.23,12.0,11.0,0.89,1.06
FinlandVeikkausliiga,2025,2025-09-23,Ilves,Gnistan,3,2,2.05,2.1,2.05,2.1,14.0,12.0,0.58,0.58
FinlandVeikkausliiga,2025,2025-09-21,Mariehamn,VPS,2,1,1.48,2.28,0.72,2.28,10.0,13.0,0.5,1.39
FinlandVeikkausliiga,2025,2025-09-19,KTP,Jaro,1,2,2.12,1.46,2.12,1.46,19.0,8.0,1.26,0.36
FinlandVeikkausliiga,2025,2025-09-19,Haka,Oulu,0,1,2.01,0.9,2.01,0.9,16.0,6.0,0.53,0.2
FinlandVeikkausliiga,2025,2025-09-14,KuPS,Ilves,2,4,1.83,1.19,1.83,1.19,21.0,10.0,0.79,0.28
FinlandVeikkausliiga,2025,2025-09-14,Jaro,Oulu,1,2,1.45,0.99,1.45,0.99,9.0,10.0,0.63,0.41
FinlandVeikkausliiga,2025,2025-09-13,SJK,HJK,3,3,2.57,3.21,2.57,1.69,12.0,14.0,0.61,0.7
FinlandVeikkausliiga,2025,2025-09-13,VPS,KTP,2,1,1.06,1.79,1.06,1.79,9.0,16.0,1.19,1.23
FinlandVeikkausliiga,2025,2025-09-13,Gnistan,Inter Turku,0,2,0.56,1.59,0.56,1.59,9.0,11.0,0.29,0.47
FinlandVeikkausliiga,2025,2025-09-13,Mariehamn,Haka,1,1,1.38,2.04,1.38,2.04,6.0,16.0,0.62,1.38
FinlandVeikkausliiga,2025,2025-08-31,SJK,KuPS,1,1,3.8,2.19,3.8,2.19,21.0,14.0,0.92,1.01
FinlandVeikkausliiga,2025,2025-08-31,KTP,HJK,1,4,1.27,3.58,1.27,3.58,15.0,20.0,0.93,0.87
FinlandVeikkausliiga,2025,2025-08-31,Ilves,Mariehamn,2,1,4.11,1.62,3.35,1.62,18.0,8.0,1.3,0.68
FinlandVeikkausliiga,2025,2025-08-31,Gnistan,Jaro,1,2,2.76,1.74,2.76,1.74,21.0,9.0,1.45,0.7
FinlandVeikkausliiga,2025,2025-08-31,Inter Turku,VPS,2,1,2.34,0.78,2.34,0.78,25.0,8.0,1.49,0.18
FinlandVeikkausliiga,2025,2025-08-31,Oulu,Haka,3,2,2.29,0.93,2.29,0.93,13.0,11.0,0.32,0.72
FinlandVeikkausliiga,2025,2025-08-25,Gnistan,Oulu,3,2,1.66,2.61,0.9,1.85,9.0,11.0,0.54,0.72
FinlandVeikkausliiga,2025,2025-08-25,Haka,SJK,2,3,2.05,4.82,0.53,4.82,8.0,27.0,0.42,1.39
FinlandVeikkausliiga,2025,2025-08-23,Ilves,Inter Turku,1,0,0.46,1.61,0.46,1.61,5.0,17.0,0.31,1.94
FinlandVeikkausliiga,2025,2025-08-22,VPS,KTP,3,2,2.77,1.37,2.77,0.61,19.0,11.0,0.57,0.55
FinlandVeikkausliiga,2025,2025-08-18,Jaro,SJK,0,4,2.09,3.3,2.09,3.3,16.0,16.0,0.84,0.87
FinlandVeikkausliiga,2025,2025-08-17,KuPS,Inter Turku,2,1,2.87,1.52,2.87,1.52,22.0,13.0,1.13,0.73
FinlandVeikkausliiga,2025,2025-08-17,Haka,HJK,1,2,0.92,3.32,0.92,3.32,6.0,24.0,0.28,1.06
FinlandVeikkausliiga,2025,2025-08-16,Mariehamn,KTP,3,0,1.06,1.91,1.06,1.91,12.0,23.0,0.56,1.29
FinlandVeikkausliiga,2025,2025-08-16,Oulu,Ilves,0,4,1.62,3.48,1.62,2.72,7.0,16.0,0.14,0.94
FinlandVeikkausliiga,2025,2025-08-15,Gnistan,VPS,0,0,1.17,1.03,1.17,1.03,14.0,10.0,0.99,0.63
FinlandVeikkausliiga,2025,2025-08-11,HJK,Ilves,5,1,3.08,0.85,2.32,0.85,15.0,7.0,0.86,0.22
FinlandVeikkausliiga,2025,2025-08-10,VPS,SJK,1,2,1.18,1.96,1.18,1.96,10.0,14.0,0.58,0.69
FinlandVeikkausliiga,2025,2025-08-09,Mariehamn,Gnistan,2,5,1.31,2.44,1.31,1.68,11.0,14.0,0.78,0.62
FinlandVeikkausliiga,2025,2025-08-09,KTP,KuPS,0,2,1.34,1.63,1.34,1.63,19.0,13.0,1.22,0.63
FinlandVeikkausliiga,2025,2025-08-09,Jaro,Haka,2,1,1.81,1.09,1.81,1.09,14.0,8.0,0.68,0.84
FinlandVeikkausliiga,2025,2025-08-08,Inter Turku,Oulu,3,2,2.11,1.04,2.11,1.04,12.0,7.0,0.97,0.53
FinlandVeikkausliiga,2025,2025-08-04,HJK,Inter Turku,1,4,2.02,2.09,1.26,2.09,12.0,11.0,0.79,0.48
FinlandVeikkausliiga,2025,2025-08-04,Ilves,Gnistan,2,2,1.37,2.2,1.37,2.2,11.0,18.0,0.45,0.73
FinlandVeikkausliiga,2025,2025-08-03,SJK,KTP,3,0,2.56,1.59,2.56,0.83,13.0,12.0,0.5,0.84
FinlandVeikkausliiga,2025,2025-08-02,Oulu,Jaro,0,1,3.4,1.63,3.4,1.63,28.0,8.0,0.88,0.28
FinlandVeikkausliiga,2025,2025-08-02,KuPS,Haka,3,2,2.81,1.37,2.81,1.37,20.0,13.0,0.97,0.5
FinlandVeikkausliiga,2025,2025-08-01,VPS,Mariehamn,1,1,1.54,0.47,1.54,0.47,14.0,9.0,0.4,0.37
FinlandVeikkausliiga,2025,2025-07-28,Gnistan,HJK,2,4,0.57,3.18,0.57,3.18,10.0,27.0,0.35,0.71
FinlandVeikkausliiga,2025,2025-07-27,Inter Turku,SJK,4,1,4.14,1.3,4.14,1.3,19.0,14.0,1.25,0.19
FinlandVeikkausliiga,2025,2025-07-26,Mariehamn,Oulu,0,1,0.7,1.22,0.7,1.22,9.0,16.0,0.46,0.48
FinlandVeikkausliiga,2025,2025-07-26,Haka,KTP,2,3,1.69,1.51,0.93,1.51,12.0,9.0,0.49,0.47
FinlandVeikkausliiga,2025,2025-07-25,Jaro,VPS,2,2,2.66,2.08,2.66,2.08,19.0,18.0,1.12,1.42
FinlandVeikkausliiga,2025,2025-07-21,Mariehamn,Haka,1,1,1.81,1.1,1.81,1.1,16.0,11.0,0.6,0.37
FinlandVeikkausliiga,2025,2025-07-20,HJK,Oulu,3,1,2.18,1.24,2.18,1.24,14.0,15.0,0.96,0.78
FinlandVeikkausliiga,2025,2025-07-20,Jaro,Ilves,0,1,0.13,4.21,0.13,4.21,3.0,33.0,0.41,1.73
FinlandVeikkausliiga,2025,2025-07-20,SJK,Gnistan,3,1,1.7,1.21,1.7,1.21,16.0,7.0,0.88,0.51
FinlandVeikkausliiga,2025,2025-07-19,VPS,KuPS,1,1,1.52,0.89,1.52,0.89,12.0,6.0,1.18,0.99
FinlandVeikkausliiga,2025,2025-07-18,KTP,Inter Turku,2,2,1.18,1.77,1.18,1.77,11.0,17.0,0.53,1.0
FinlandVeikkausliiga,2025,2025-07-14,Ilves,VPS,3,2,2.33,1.29,2.33,1.29,14.0,12.0,0.71,0.39
FinlandVeikkausliiga,2025,2025-07-13,Oulu,KTP,3,2,1.44,0.98,1.44,0.98,13.0,8.0,0.35,0.58
FinlandVeikkausliiga,2025,2025-07-13,Gnistan,Haka,2,0,1.78,1.56,1.02,1.56,9.0,17.0,0.49,1.5
FinlandVeikkausliiga,2025,2025-07-12,Inter Turku,Jaro,3,1,2.91,1.55,2.91,1.55,20.0,16.0,1.57,0.38
FinlandVeikkausliiga,2025,2025-07-07,KTP,Gnistan,0,0,1.38,0.98,1.38,0.98,14.0,8.0,0.91,0.52
FinlandVeikkausliiga,2025,2025-07-06,Haka,Inter Turku,0,1,1.52,2.28,1.52,1.52,12.0,11.0,0.4,0.66
FinlandVeikkausliiga,2025,2025-07-06,Jaro,Mariehamn,1,1,2.52,2.26,2.52,2.26,18.0,16.0,2.1,0.71
FinlandVeikkausliiga,2025,2025-07-05,VPS,HJK,0,2,1.57,2.18,1.57,2.18,12.0,9.0,0.84,0.26
FinlandVeikkausliiga,2025,2025-07-05,SJK,Ilves,1,1,0.61,1.54,0.61,0.78,7.0,14.0,0.25,0.71
FinlandVeikkausliiga,2025,2025-07-04,Oulu,KuPS,2,2,0.32,1.04,0.32,1.04,3.0,11.0,0.27,0.7
FinlandVeikkausliiga,2025,2025-07-02,VPS,Haka,1,2,1.54,2.12,1.54,2.12,12.0,17.0,0.96,0.54
FinlandVeikkausliiga,2025,2025-07-02,Ilves,KTP,2,1,3.59,0.99,3.59,0.99,26.0,9.0,1.49,0.35
FinlandVeikkausliiga,2025,2025-07-02,HJK,Jaro,2,3,1.79,1.96,1.79,1.96,14.0,13.0,1.04,0.99
FinlandVeikkausliiga,2025,2025-07-02,Inter Turku,Mariehamn,0,0,3.6,0.59,2.84,0.59,21.0,8.0,1.64,0.27
FinlandVeikkausliiga,2025,2025-07-01,KuPS,Gnistan,6,2,3.37,0.93,2.61,0.93,20.0,9.0,0.91,0.35
FinlandVeikkausliiga,2025,2025-06-28,Oulu,VPS,2,1,1.21,1.09,1.21,0.33,12.0,7.0,0.5,0.36
FinlandVeikkausliiga,2025,2025-06-28,KTP,Jaro,3,2,1.92,2.09,1.16,2.09,10.0,20.0,0.34,1.67
FinlandVeikkausliiga,2025,2025-06-28,Haka,Ilves,0,4,1.32,3.58,1.32,2.82,8.0,19.0,0.24,0.98
FinlandVeikkausliiga,2025,2025-06-28,SJK,Mariehamn,4,1,1.95,0.63,1.95,0.63,15.0,4.0,0.68,0.24
FinlandVeikkausliiga,2025,2025-06-27,KuPS,HJK,3,0,1.74,2.35,1.74,2.35,10.0,13.0,0.76,1.12
FinlandVeikkausliiga,2025,2025-06-27,Gnistan,Inter Turku,2,2,1.01,2.54,1.01,2.54,14.0,19.0,0.53,1.78
FinlandVeikkausliiga,2025,2025-06-19,Inter Turku,KTP,5,0,3.86,0.58,3.86,0.58,23.0,9.0,0.93,0.22
FinlandVeikkausliiga,2025,2025-06-18,Jaro,Oulu,2,1,0.92,1.22,0.92,1.22,11.0,6.0,0.91,0.42
FinlandVeikkausliiga,2025,2025-06-18,VPS,Gnistan,0,0,0.92,0.94,0.92,0.94,11.0,10.0,0.54,0.45
FinlandVeikkausliiga,2025,2025-06-18,HJK,Haka,3,1,3.04,1.39,3.04,1.39,15.0,12.0,0.59,0.33
FinlandVeikkausliiga,2025,2025-06-18,Mariehamn,KuPS,1,0,0.89,3.24,0.89,3.24,12.0,24.0,0.55,2.35
FinlandVeikkausliiga,2025,2025-06-18,Ilves,SJK,2,3,1.01,2.48,1.01,1.72,9.0,9.0,0.84,0.81
FinlandVeikkausliiga,2025,2025-06-14,SJK,Jaro,3,1,4.6,0.87,3.84,0.87,22.0,8.0,0.78,0.45
FinlandVeikkausliiga,2025,2025-06-14,KuPS,Ilves,0,3,1.09,3.18,1.09,2.42,11.0,15.0,0.63,0.59
FinlandVeikkausliiga,2025,2025-06-14,Gnistan,KTP,2,1,2.11,0.53,2.11,0.53,15.0,11.0,0.87,0.27
FinlandVeikkausliiga,2025,2025-06-14,Mariehamn,VPS,1,5,1.23,2.12,1.23,2.12,16.0,9.0,0.68,0.72
FinlandVeikkausliiga,2025,2025-06-14,Oulu,HJK,0,4,0.61,3.99,0.61,3.99,5.0,23.0,0.43,1.22
FinlandVeikkausliiga,2025,2025-06-14,Inter Turku,Haka,1,1,2.6,1.14,2.6,1.14,15.0,10.0,1.0,0.31
FinlandVeikkausliiga,2025,2025-06-01,Jaro,Inter Turku,0,1,0.74,1.1,0.74,1.1,8.0,11.0,0.41,0.43
FinlandVeikkausliiga,2025,2025-06-01,Gnistan,Ilves,0,2,0.75,3.2,0.75,3.2,7.0,22.0,0.26,1.47
FinlandVeikkausliiga,2025,2025-05-31,HJK,KuPS,0,0,1.11,1.65,1.11,1.65,8.0,13.0,0.27,0.88
FinlandVeikkausliiga,2025,2025-05-31,Haka,VPS,2,1,1.91,0.77,1.91,0.77,13.0,8.0,0.67,0.85
FinlandVeikkausliiga,2025,2025-05-31,Oulu,SJK,2,2,1.76,2.03,1.76,2.03,16.0,12.0,0.44,0.49
FinlandVeikkausliiga,2025,2025-05-31,KTP,Mariehamn,2,2,4.01,2.1,4.01,2.1,27.0,14.0,1.09,0.53
FinlandVeikkausliiga,2025,2025-05-25,SJK,Inter Turku,0,1,1.03,2.1,1.03,2.1,11.0,18.0,0.57,0.36
FinlandVeikkausliiga,2025,2025-05-25,KuPS,VPS,0,2,2.99,1.73,2.99,1.73,27.0,7.0,2.09,0.49
FinlandVeikkausliiga,2025,2025-05-24,Mariehamn,HJK,0,4,0.54,5.53,0.54,5.53,7.0,27.0,0.26,1.49
FinlandVeikkausliiga,2025,2025-05-24,Ilves,Oulu,0,0,1.53,0.84,1.53,0.84,13.0,6.0,0.75,0.28
FinlandVeikkausliiga,2025,2025-05-24,Jaro,Gnistan,1,1,1.45,1.82,1.45,1.82,11.0,13.0,0.74,0.67
FinlandVeikkausliiga,2025,2025-05-23,KTP,Haka,0,0,0.94,1.73,0.94,1.73,12.0,12.0,0.41,0.42
FinlandVeikkausliiga,2025,2025-05-21,Ilves,KuPS,3,0,1.82,0.15,1.82,0.15,15.0,3.0,1.28,0.73
FinlandVeikkausliiga,2025,2025-05-20,HJK,SJK,4,2,1.71,3.51,1.71,2.75,13.0,21.0,1.15,0.88
FinlandVeikkausliiga,2025,2025-05-17,VPS,Jaro,0,0,1.34,1.17,1.34,1.17,12.0,9.0,0.69,0.37
FinlandVeikkausliiga,2025,2025-05-17,HJK,KTP,4,1,4.34,2.19,3.58,1.43,28.0,10.0,0.98,0.4
FinlandVeikkausliiga,2025,2025-05-17,Inter Turku,Ilves,3,1,1.56,1.27,0.8,1.27,9.0,13.0,0.42,0.22
FinlandVeikkausliiga,2025,2025-05-17,Oulu,Mariehamn,0,1,1.51,1.64,1.51,0.88,18.0,4.0,0.65,0.26
FinlandVeikkausliiga,2025,2025-05-16,Haka,KuPS,1,3,1.38,2.14,1.38,2.14,11.0,10.0,0.72,0.7
FinlandVeikkausliiga,2025,2025-05-16,Gnistan,SJK,2,2,1.99,1.59,1.99,1.59,16.0,14.0,0.78,0.59
FinlandVeikkausliiga,2025,2025-05-12,SJK,VPS,2,3,2.47,1.75,2.47,0.99,14.0,9.0,1.41,0.26
FinlandVeikkausliiga,2025,2025-05-11,Jaro,HJK,0,3,0.36,2.69,0.36,2.69,5.0,17.0,0.36,0.66
FinlandVeikkausliiga,2025,2025-05-10,Oulu,Gnistan,2,3,1.99,1.34,1.99,1.34,12.0,10.0,0.38,0.35
FinlandVeikkausliiga,2025,2025-05-10,Mariehamn,Inter Turku,2,2,1.41,3.18,1.41,2.42,8.0,20.0,0.58,1.51
FinlandVeikkausliiga,2025,2025-05-10,KuPS,KTP,3,0,4.77,0.69,4.77,0.69,27.0,6.0,1.42,0.36
FinlandVeikkausliiga,2025,2025-05-09,Ilves,Haka,3,2,2.8,1.45,2.04,1.45,15.0,11.0,0.53,0.88
FinlandVeikkausliiga,2025,2025-05-03,Inter Turku,HJK,1,1,3.65,1.43,3.65,1.43,23.0,13.0,0.89,0.74
FinlandVeikkausliiga,2025,2025-05-03,Gnistan,Mariehamn,2,0,1.52,0.87,1.52,0.87,18.0,9.0,1.01,0.57
FinlandVeikkausliiga,2025,2025-05-02,KuPS,SJK,1,0,1.27,1.55,1.27,1.55,12.0,12.0,0.88,0.73
FinlandVeikkausliiga,2025,2025-05-02,VPS,Ilves,1,0,0.64,1.01,0.64,1.01,8.0,11.0,0.26,0.5
FinlandVeikkausliiga,2025,2025-05-02,KTP,Oulu,1,3,1.36,2.06,1.36,2.06,11.0,15.0,0.14,0.48
FinlandVeikkausliiga,2025,2025-05-02,Haka,Jaro,0,1,2.71,1.27,2.71,1.27,17.0,10.0,0.86,0.16
FinlandVeikkausliiga,2025,2025-04-28,SJK,Haka,2,2,1.56,2.08,1.56,2.08,10.0,16.0,0.67,1.22
FinlandVeikkausliiga,2025,2025-04-27,Mariehamn,Ilves,3,2,1.74,3.04,1.74,3.04,13.0,25.0,0.41,0.59
FinlandVeikkausliiga,2025,2025-04-27,Gnistan,KuPS,1,2,1.09,2.59,1.09,2.59,13.0,20.0,0.68,0.88
FinlandVeikkausliiga,2025,2025-04-26,HJK,VPS,3,1,2.32,0.37,1.56,0.37,16.0,2.0,0.47,0.17
FinlandVeikkausliiga,2025,2025-04-26,Jaro,KTP,2,3,1.37,2.43,1.37,1.67,9.0,14.0,0.74,0.5
FinlandVeikkausliiga,2025,2025-04-26,Oulu,Inter Turku,1,4,0.38,2.95,0.38,2.95,7.0,13.0,0.52,0.9
FinlandVeikkausliiga,2025,2025-04-23,SJK,Oulu,3,1,2.88,1.7,2.88,1.7,19.0,11.0,0.87,0.64
FinlandVeikkausliiga,2025,2025-04-23,KuPS,Mariehamn,4,1,2.96,0.65,2.96,0.65,20.0,8.0,1.26,0.34
FinlandVeikkausliiga,2025,2025-04-22,HJK,Gnistan,0,1,1.19,1.35,1.19,0.59,14.0,8.0,0.54,0.55
FinlandVeikkausliiga,2025,2025-04-19,KuPS,Jaro,1,0,1.39,1.9,1.39,1.14,13.0,6.0,0.86,0.82
FinlandVeikkausliiga,2025,2025-04-19,KTP,Ilves,0,5,1.79,3.66,1.79,3.66,10.0,24.0,0.64,1.13
FinlandVeikkausliiga,2025,2025-04-19,Mariehamn,SJK,1,2,0.32,2.13,0.32,2.13,6.0,18.0,0.49,1.89
FinlandVeikkausliiga,2025,2025-04-19,Haka,Oulu,2,1,1.27,0.82,1.27,0.82,12.0,8.0,0.45,0.24
FinlandVeikkausliiga,2025,2025-04-19,VPS,Inter Turku,0,2,1.76,1.44,1.76,1.44,13.0,10.0,0.5,0.73
FinlandVeikkausliiga,2025,2025-04-12,KuPS,Oulu,1,0,0.97,1.15,0.97,1.15,9.0,10.0,0.4,0.42
FinlandVeikkausliiga,2025,2025-04-12,Inter Turku,Gnistan,3,0,2.59,0.1,2.59,0.1,17.0,3.0,0.83,0.24
FinlandVeikkausliiga,2025,2025-04-12,Haka,Mariehamn,0,1,1.69,0.48,1.69,0.48,15.0,7.0,0.88,0.14
FinlandVeikkausliiga,2025,2025-04-12,Ilves,Jaro,2,1,2.17,2.29,2.17,2.29,12.0,11.0,1.06,0.5
FinlandVeikkausliiga,2025,2025-04-11,SJK,HJK,1,0,1.98,0.56,1.98,0.56,19.0,14.0,1.03,0.62
FinlandVeikkausliiga,2025,2025-04-11,KTP,VPS,2,2,1.71,1.96,1.71,1.96,14.0,23.0,0.88,0.89
FinlandVeikkausliiga,2025,2025-04-05,Haka,Gnistan,3,2,4.24,1.73,3.48,0.97,18.0,16.0,1.39,0.42
FinlandVeikkausliiga,2025,2025-04-05,Ilves,HJK,3,2,1.12,1.65,1.12,1.65,12.0,8.0,0.48,0.93
FinlandVeikkausliiga,2025,2025-04-05,Inter Turku,KuPS,1,1,2.03,0.16,2.03,0.16,15.0,4.0,0.62,0.27
FinlandVeikkausliiga,2025,2025-04-05,KTP,SJK,0,1,2.07,2.16,2.07,2.16,14.0,21.0,0.49,0.96
FinlandVeikkausliiga,2025,2025-04-05,Mariehamn,Jaro,0,2,0.96,1.73,0.96,1.73,12.0,10.0,0.97,0.63
FinlandVeikkausliiga,2025,2025-04-05,VPS,Oulu,4,3,3.85,2.23,3.09,2.23,20.0,8.0,0.59,0.79
FinlandVeikkausliiga,2026,2026-09-14,Inter Turku,VPS,1,0,1.12,0.92,1.12,0.92,13.0,11.0,0.55,0.48
FinlandVeikkausliiga,2026,2026-09-13,KuPS,HJK,0,0,0.79,1.23,0.79,1.23,14.0,14.0,0.52,0.59
FinlandVeikkausliiga,2026,2026-09-12,Oulu,Gnistan,1,2,1.25,2.24,1.25,1.48,11.0,14.0,0.5,0.49
FinlandVeikkausliiga,2026,2026-09-12,Jaro,SJK,1,1,1.55,0.39,1.55,0.39,11.0,11.0,0.75,0.43
FinlandVeikkausliiga,2026,2026-09-12,Ilves,Lahti,3,1,1.86,2.03,1.1,2.03,13.0,19.0,0.36,1.27
FinlandVeikkausliiga,2026,2026-09-12,Mariehamn,TPS,1,0,1.9,2.06,1.9,2.06,12.0,21.0,0.8,1.2
FinlandVeikkausliiga,2026,2026-09-09,HJK,Inter Turku,2,1,1.06,0.54,1.06,0.54,13.0,8.0,0.66,0.36
FinlandVeikkausliiga,2026,2026-09-08,Gnistan,KuPS,1,1,2.24,1.72,2.24,1.72,13.0,17.0,1.61,0.94
FinlandVeikkausliiga,2026,2026-09-08,VPS,Oulu,1,0,1.09,2.05,1.09,1.29,7.0,16.0,0.46,0.76
FinlandVeikkausliiga,2026,2026-09-08,Lahti,Mariehamn,2,1,2.06,0.83,2.06,0.83,13.0,9.0,0.71,0.59
FinlandVeikkausliiga,2026,2026-09-08,Ilves,Jaro,2,0,1.92,0.88,1.92,0.88,16.0,11.0,0.6,0.63
FinlandVeikkausliiga,2026,2026-09-08,TPS,SJK,0,0,0.56,0.89,0.56,0.89,10.0,9.0,0.38,0.36
FinlandVeikkausliiga,2026,2026-08-31,Ilves,HJK,1,2,0.76,3.7,0.76,2.94,9.0,19.0,0.25,1.52
FinlandVeikkausliiga,2026,2026-08-31,Oulu,SJK,0,0,0.42,0.39,0.42,0.39,7.0,8.0,0.31,0.39
FinlandVeikkausliiga,2026,2026-08-31,Gnistan,TPS,1,1,3.44,1.14,2.68,1.14,22.0,12.0,1.51,0.91
FinlandVeikkausliiga,2026,2026-08-31,Inter Turku,KuPS,1,0,1.11,0.32,1.11,0.32,16.0,11.0,1.03,0.19
FinlandVeikkausliiga,2026,2026-08-31,VPS,Lahti,0,1,0.25,1.95,0.25,1.95,6.0,12.0,0.35,1.1
FinlandVeikkausliiga,2026,2026-08-31,Mariehamn,Jaro,2,0,1.0,1.03,1.0,1.03,13.0,14.0,0.65,0.95
FinlandVeikkausliiga,2026,2026-08-23,TPS,Inter Turku,0,0,0.73,1.36,0.73,1.36,10.0,18.0,0.44,1.33
FinlandVeikkausliiga,2026,2026-08-23,HJK,Gnistan,2,3,1.52,1.95,1.52,1.95,11.0,15.0,0.8,0.49
FinlandVeikkausliiga,2026,2026-08-23,KuPS,Mariehamn,2,4,1.43,1.6,1.43,1.6,19.0,10.0,1.5,0.22
FinlandVeikkausliiga,2026,2026-08-22,Ilves,VPS,0,1,0.62,3.47,0.62,3.47,12.0,13.0,0.82,1.14
FinlandVeikkausliiga,2026,2026-08-22,Jaro,Oulu,0,1,0.75,0.34,0.75,0.34,14.0,7.0,0.51,0.33
FinlandVeikkausliiga,2026,2026-08-21,SJK,Lahti,1,2,2.09,2.24,2.09,2.24,16.0,16.0,0.94,0.62
FinlandVeikkausliiga,2026,2026-08-17,Gnistan,Ilves,3,2,2.04,0.72,2.04,0.72,26.0,7.0,1.04,0.58
FinlandVeikkausliiga,2026,2026-08-16,Oulu,Inter Turku,2,3,1.97,1.95,1.97,1.95,10.0,11.0,0.43,1.16
FinlandVeikkausliiga,2026,2026-08-16,Lahti,KuPS,1,2,0.79,0.52,0.79,0.52,11.0,12.0,0.6,0.78
FinlandVeikkausliiga,2026,2026-08-16,HJK,Jaro,3,0,1.46,0.85,1.46,0.85,14.0,11.0,1.17,0.45
FinlandVeikkausliiga,2026,2026-08-15,Mariehamn,SJK,2,0,1.58,0.44,1.58,0.44,12.0,8.0,0.95,0.72
FinlandVeikkausliiga,2026,2026-08-14,VPS,TPS,1,3,1.16,1.7,1.16,0.94,14.0,11.0,0.88,0.82
FinlandVeikkausliiga,2026,2026-08-09,Oulu,HJK,0,1,0.42,1.19,0.42,1.19,5.0,10.0,0.29,0.88
FinlandVeikkausliiga,2026,2026-08-09,Ilves,Mariehamn,2,0,1.54,1.23,0.78,1.23,11.0,18.0,0.19,0.74
FinlandVeikkausliiga,2026,2026-08-09,Inter Turku,Lahti,0,0,1.16,1.14,1.16,1.14,19.0,14.0,0.79,0.34
FinlandVeikkausliiga,2026,2026-08-09,KuPS,TPS,1,1,1.2,2.47,1.2,2.47,15.0,17.0,0.9,1.5
FinlandVeikkausliiga,2026,2026-08-08,Jaro,VPS,1,3,2.04,2.36,2.04,2.36,15.0,17.0,0.64,0.97
FinlandVeikkausliiga,2026,2026-08-07,SJK,Gnistan,2,2,3.41,1.27,3.41,1.27,22.0,8.0,1.11,0.47
FinlandVeikkausliiga,2026,2026-08-03,SJK,HJK,3,0,1.34,1.64,1.34,1.64,8.0,17.0,0.76,0.74
FinlandVeikkausliiga,2026,2026-08-02,Oulu,Ilves,1,0,1.38,0.5,1.38,0.5,9.0,16.0,0.8,0.62
FinlandVeikkausliiga,2026,2026-08-02,VPS,Inter Turku,0,1,2.09,0.87,2.09,0.87,20.0,13.0,0.89,0.49
FinlandVeikkausliiga,2026,2026-08-01,Gnistan,KuPS,0,1,2.52,2.0,2.52,2.0,18.0,12.0,0.49,0.59
FinlandVeikkausliiga,2026,2026-08-01,Lahti,Jaro,2,0,2.22,0.52,2.22,0.52,17.0,12.0,0.92,0.53
FinlandVeikkausliiga,2026,2026-08-01,TPS,Mariehamn,3,0,2.26,1.24,2.26,1.24,11.0,18.0,1.25,0.67
FinlandVeikkausliiga,2026,2026-07-26,HJK,TPS,1,0,1.01,0.78,1.01,0.78,13.0,11.0,0.5,0.55
FinlandVeikkausliiga,2026,2026-07-26,Inter Turku,Gnistan,1,2,4.76,1.75,4.0,0.99,25.0,9.0,1.24,0.25
FinlandVeikkausliiga,2026,2026-07-26,Ilves,Lahti,1,0,2.18,0.97,2.18,0.97,10.0,10.0,0.17,0.5
FinlandVeikkausliiga,2026,2026-07-25,KuPS,VPS,3,1,2.09,1.54,2.09,1.54,14.0,9.0,0.66,1.11
FinlandVeikkausliiga,2026,2026-07-25,Mariehamn,Oulu,1,1,2.61,2.36,1.85,2.36,18.0,17.0,0.87,1.12
FinlandVeikkausliiga,2026,2026-07-24,Jaro,SJK,2,1,1.94,3.14,1.18,3.14,10.0,20.0,0.73,1.53
FinlandVeikkausliiga,2026,2026-07-20,Mariehamn,Lahti,0,2,0.22,3.94,0.22,3.18,5.0,18.0,0.5,1.34
FinlandVeikkausliiga,2026,2026-07-20,TPS,Ilves,1,3,0.68,2.62,0.68,2.62,11.0,19.0,0.22,0.83
FinlandVeikkausliiga,2026,2026-07-19,Jaro,Inter Turku,0,0,0.33,1.34,0.33,1.34,9.0,23.0,0.43,1.27
FinlandVeikkausliiga,2026,2026-07-18,Oulu,Gnistan,0,2,1.64,0.95,1.64,0.95,9.0,11.0,0.73,0.73
FinlandVeikkausliiga,2026,2026-07-18,SJK,KuPS,0,2,0.63,2.98,0.63,2.98,8.0,17.0,0.4,0.94
FinlandVeikkausliiga,2026,2026-07-18,HJK,VPS,2,1,2.31,0.61,1.55,0.61,10.0,9.0,0.59,0.42
FinlandVeikkausliiga,2026,2026-07-11,TPS,Oulu,3,0,2.85,0.55,2.09,0.55,13.0,13.0,0.98,0.37
FinlandVeikkausliiga,2026,2026-07-11,Gnistan,Mariehamn,4,2,4.39,1.21,3.63,1.21,23.0,5.0,1.34,0.24
FinlandVeikkausliiga,2026,2026-07-11,Lahti,HJK,2,0,0.57,0.63,0.57,0.63,8.0,7.0,0.31,0.35
FinlandVeikkausliiga,2026,2026-07-10,VPS,SJK,1,0,1.63,1.83,0.87,1.83,14.0,11.0,0.51,0.52
FinlandVeikkausliiga,2026,2026-07-04,VPS,Mariehamn,4,0,3.68,0.49,3.68,0.49,16.0,7.0,0.86,0.48
FinlandVeikkausliiga,2026,2026-07-04,SJK,TPS,3,1,1.78,2.36,1.78,2.36,18.0,21.0,0.79,0.79
FinlandVeikkausliiga,2026,2026-07-04,Jaro,Ilves,2,1,2.34,2.63,2.34,2.63,16.0,32.0,0.77,1.59
FinlandVeikkausliiga,2026,2026-07-04,Lahti,Gnistan,1,0,2.25,1.07,1.49,1.07,21.0,8.0,0.82,0.52
FinlandVeikkausliiga,2026,2026-06-27,Oulu,Lahti,1,1,2.02,1.25,1.26,1.25,14.0,7.0,1.27,0.8
FinlandVeikkausliiga,2026,2026-06-27,TPS,Jaro,3,2,3.32,1.21,3.32,0.45,23.0,15.0,1.34,0.32
FinlandVeikkausliiga,2026,2026-06-27,Gnistan,VPS,1,1,2.71,1.64,2.71,1.64,23.0,10.0,1.15,0.6
FinlandVeikkausliiga,2026,2026-06-27,Mariehamn,Inter Turku,0,2,0.11,3.16,0.11,3.16,4.0,18.0,0.12,1.05
FinlandVeikkausliiga,2026,2026-06-27,HJK,KuPS,0,4,1.39,3.33,1.39,3.33,15.0,33.0,0.6,1.38
FinlandVeikkausliiga,2026,2026-06-27,Ilves,SJK,2,2,2.68,2.88,1.16,2.88,9.0,21.0,0.19,0.7
FinlandVeikkausliiga,2026,2026-06-23,Mariehamn,HJK,0,4,0.64,3.55,0.64,3.55,11.0,21.0,0.37,1.95
FinlandVeikkausliiga,2026,2026-06-23,Inter Turku,SJK,1,1,1.64,1.9,1.64,1.9,11.0,9.0,0.68,0.3
FinlandVeikkausliiga,2026,2026-06-23,Jaro,Gnistan,1,1,0.4,0.71,0.4,0.71,8.0,11.0,0.26,0.74
FinlandVeikkausliiga,2026,2026-06-23,VPS,Oulu,5,1,2.7,0.61,2.7,0.61,14.0,6.0,1.68,0.47
FinlandVeikkausliiga,2026,2026-06-23,Lahti,TPS,0,0,0.75,0.56,0.75,0.56,11.0,8.0,0.58,0.35
FinlandVeikkausliiga,2026,2026-06-23,KuPS,Ilves,4,3,3.55,1.82,3.55,1.06,13.0,14.0,0.79,0.58
FinlandVeikkausliiga,2026,2026-06-18,Oulu,Mariehamn,2,1,2.52,1.75,2.52,1.75,17.0,13.0,0.68,0.76
FinlandVeikkausliiga,2026,2026-06-17,Gnistan,Lahti,1,0,2.89,1.83,2.89,1.83,20.0,20.0,1.54,0.8
FinlandVeikkausliiga,2026,2026-06-17,SJK,VPS,1,2,2.17,1.87,2.17,1.87,19.0,12.0,1.31,0.74
FinlandVeikkausliiga,2026,2026-06-17,TPS,KuPS,1,2,0.57,1.61,0.57,1.61,16.0,17.0,0.54,0.93
FinlandVeikkausliiga,2026,2026-06-17,Ilves,Jaro,5,0,1.59,0.53,1.59,0.53,16.0,9.0,0.75,0.25
FinlandVeikkausliiga,2026,2026-06-17,HJK,Inter Turku,3,3,1.12,2.26,1.12,2.26,10.0,12.0,0.69,1.11
FinlandVeikkausliiga,2026,2026-06-13,Mariehamn,Gnistan,0,3,1.45,3.01,1.45,3.01,11.0,21.0,0.72,0.65
FinlandVeikkausliiga,2026,2026-06-13,Lahti,SJK,2,3,1.9,1.97,1.9,1.97,18.0,12.0,0.93,0.7
FinlandVeikkausliiga,2026,2026-06-13,VPS,KuPS,1,1,2.46,2.65,0.94,1.89,7.0,22.0,0.62,0.62
FinlandVeikkausliiga,2026,2026-06-13,Jaro,HJK,2,5,1.36,1.77,1.36,1.77,15.0,16.0,0.67,0.97
FinlandVeikkausliiga,2026,2026-06-13,Inter Turku,Oulu,0,0,1.87,0.39,1.87,0.39,18.0,7.0,1.2,0.61
FinlandVeikkausliiga,2026,2026-06-13,Ilves,TPS,1,0,1.32,0.68,1.32,0.68,10.0,14.0,0.66,0.5
FinlandVeikkausliiga,2026,2026-05-31,Oulu,Jaro,2,1,1.74,1.86,0.98,1.1,12.0,15.0,0.2,0.82
FinlandVeikkausliiga,2026,2026-05-30,Lahti,Ilves,5,0,6.01,0.49,3.73,0.49,17.0,8.0,0.41,0.39
FinlandVeikkausliiga,2026,2026-05-30,Gnistan,SJK,3,2,2.19,1.09,2.19,1.09,17.0,13.0,0.53,0.69
FinlandVeikkausliiga,2026,2026-05-30,TPS,VPS,1,0,0.18,1.75,0.18,1.75,1.0,24.0,0.33,0.77
FinlandVeikkausliiga,2026,2026-05-30,KuPS,Inter Turku,1,1,1.2,1.17,1.2,1.17,7.0,9.0,0.63,0.77
FinlandVeikkausliiga,2026,2026-05-30,HJK,Mariehamn,1,0,2.06,1.16,1.3,1.16,18.0,15.0,0.65,0.54
FinlandVeikkausliiga,2026,2026-05-23,SJK,Oulu,0,1,1.89,1.09,1.89,1.09,15.0,9.0,1.07,0.38
FinlandVeikkausliiga,2026,2026-05-23,Jaro,Mariehamn,3,0,3.29,0.57,3.29,0.57,18.0,7.0,0.9,0.71
FinlandVeikkausliiga,2026,2026-05-23,Ilves,Gnistan,2,0,1.53,0.66,0.77,0.66,9.0,6.0,0.89,0.27
FinlandVeikkausliiga,2026,2026-05-23,KuPS,Lahti,2,1,2.61,0.82,1.85,0.82,17.0,9.0,1.12,0.29
FinlandVeikkausliiga,2026,2026-05-23,Inter Turku,TPS,2,1,1.79,1.71,1.79,1.71,17.0,12.0,1.19,0.61
FinlandVeikkausliiga,2026,2026-05-22,VPS,HJK,2,1,2.37,1.65,1.61,1.65,14.0,14.0,0.91,0.23
FinlandVeikkausliiga,2026,2026-05-20,KuPS,Jaro,3,0,1.96,0.3,1.96,0.3,12.0,8.0,0.94,0.3
FinlandVeikkausliiga,2026,2026-05-20,Ilves,Inter Turku,1,3,0.48,1.6,0.48,0.84,5.0,8.0,0.44,0.42
FinlandVeikkausliiga,2026,2026-05-18,Lahti,VPS,1,1,1.18,1.08,1.18,0.32,11.0,6.0,0.77,0.65
FinlandVeikkausliiga,2026,2026-05-16,Oulu,TPS,1,0,0.99,1.06,0.99,1.06,11.0,9.0,0.26,0.57
FinlandVeikkausliiga,2026,2026-05-16,Gnistan,Jaro,5,0,2.04,0.65,2.04,0.65,17.0,11.0,0.77,0.56
FinlandVeikkausliiga,2026,2026-05-16,SJK,Inter Turku,1,3,3.21,1.71,2.45,1.71,25.0,8.0,1.07,0.42
FinlandVeikkausliiga,2026,2026-05-16,Mariehamn,KuPS,1,1,0.6,3.82,0.6,3.82,3.0,24.0,0.23,2.43
FinlandVeikkausliiga,2026,2026-05-16,HJK,Ilves,2,2,1.75,1.35,1.75,1.35,16.0,13.0,1.38,0.46
FinlandVeikkausliiga,2026,2026-05-10,Lahti,Mariehamn,1,1,1.67,0.85,1.67,0.09,14.0,3.0,1.1,0.4
FinlandVeikkausliiga,2026,2026-05-09,VPS,Gnistan,1,1,1.25,1.33,0.49,1.33,9.0,8.0,0.27,0.38
FinlandVeikkausliiga,2026,2026-05-09,Inter Turku,Jaro,2,0,3.34,0.91,3.34,0.91,20.0,9.0,1.02,0.41
FinlandVeikkausliiga,2026,2026-05-08,KuPS,SJK,0,0,3.18,0.59,3.18,0.59,21.0,8.0,0.77,0.28
FinlandVeikkausliiga,2026,2026-05-08,TPS,HJK,1,0,0.4,2.21,0.4,2.21,5.0,22.0,0.06,1.28
FinlandVeikkausliiga,2026,2026-05-08,Ilves,Oulu,1,0,1.24,0.55,1.24,0.55,5.0,11.0,0.5,0.56
FinlandVeikkausliiga,2026,2026-05-05,Gnistan,Inter Turku,2,0,0.44,1.03,0.44,1.03,4.0,10.0,0.22,1.08
FinlandVeikkausliiga,2026,2026-05-04,HJK,Lahti,1,0,1.08,0.78,1.08,0.78,7.0,11.0,0.27,0.64
FinlandVeikkausliiga,2026,2026-05-02,Oulu,KuPS,2,0,1.1,0.65,1.1,0.65,10.0,9.0,0.15,1.06
FinlandVeikkausliiga,2026,2026-05-02,Mariehamn,VPS,0,1,0.76,3.39,0.76,3.39,7.0,27.0,0.73,0.9
FinlandVeikkausliiga,2026,2026-05-02,Jaro,TPS,2,2,1.46,1.56,0.7,1.56,9.0,13.0,0.54,0.27
FinlandVeikkausliiga,2026,2026-05-02,SJK,Ilves,1,1,3.52,0.76,3.52,0.76,20.0,9.0,1.68,0.58
FinlandVeikkausliiga,2026,2026-04-29,Inter Turku,HJK,1,1,2.32,1.22,2.32,1.22,21.0,8.0,0.7,0.44
FinlandVeikkausliiga,2026,2026-04-26,KuPS,HJK,1,1,1.4,1.16,1.4,1.16,19.0,7.0,1.18,0.45
FinlandVeikkausliiga,2026,2026-04-25,Inter Turku,Mariehamn,1,0,1.84,0.26,1.84,0.26,26.0,3.0,1.3,0.25
FinlandVeikkausliiga,2026,2026-04-25,Lahti,Oulu,2,1,0.68,0.51,0.68,0.51,8.0,11.0,0.45,0.43
FinlandVeikkausliiga,2026,2026-04-24,SJK,Jaro,1,1,1.79,1.56,1.79,1.56,13.0,16.0,0.68,0.84
FinlandVeikkausliiga,2026,2026-04-24,VPS,Ilves,3,2,2.38,1.34,2.38,0.58,23.0,10.0,0.63,0.4
FinlandVeikkausliiga,2026,2026-04-24,TPS,Gnistan,1,1,0.49,0.85,0.49,0.85,10.0,8.0,0.23,0.35
FinlandVeikkausliiga,2026,2026-04-22,KuPS,Oulu,3,2,1.38,1.87,1.38,1.11,13.0,13.0,0.74,0.57
FinlandVeikkausliiga,2026,2026-04-18,Mariehamn,Ilves,2,2,1.46,1.43,1.46,1.43,17.0,15.0,0.66,0.36
FinlandVeikkausliiga,2026,2026-04-18,Oulu,VPS,1,0,0.78,0.79,0.78,0.79,12.0,12.0,0.35,0.74
FinlandVeikkausliiga,2026,2026-04-18,TPS,SJK,2,0,1.98,0.81,1.98,0.81,14.0,8.0,0.53,0.73
FinlandVeikkausliiga,2026,2026-04-18,Lahti,Inter Turku,0,2,0.76,1.96,0.76,1.2,14.0,14.0,0.84,0.77
FinlandVeikkausliiga,2026,2026-04-18,Jaro,KuPS,1,1,0.94,0.78,0.18,0.78,8.0,8.0,-0.06,1.02
FinlandVeikkausliiga,2026,2026-04-18,Gnistan,HJK,0,3,0.59,0.89,0.59,0.89,8.0,10.0,0.48,0.81
FinlandVeikkausliiga,2026,2026-04-11,Inter Turku,Ilves,2,1,0.74,1.32,0.74,0.56,8.0,5.0,0.71,0.22
FinlandVeikkausliiga,2026,2026-04-11,HJK,Oulu,0,1,1.22,0.91,1.22,0.91,13.0,13.0,1.28,0.24
FinlandVeikkausliiga,2026,2026-04-11,KuPS,Gnistan,1,0,1.97,1.65,1.97,1.65,25.0,10.0,1.4,0.34
FinlandVeikkausliiga,2026,2026-04-10,VPS,Jaro,0,0,0.27,1.59,0.27,1.59,7.0,18.0,0.46,0.63
FinlandVeikkausliiga,2026,2026-04-10,SJK,Mariehamn,3,0,2.01,0.26,2.01,0.26,19.0,5.0,0.41,0.14
FinlandVeikkausliiga,2026,2026-04-10,TPS,Lahti,2,1,1.48,2.28,1.48,2.28,14.0,18.0,0.81,0.68
FinlandVeikkausliiga,2026,2026-04-04,Gnistan,Oulu,1,5,1.67,2.2,1.67,2.2,13.0,15.0,0.42,0.58
FinlandVeikkausliiga,2026,2026-04-04,Jaro,Lahti,0,1,1.3,0.74,1.3,0.74,10.0,7.0,0.43,0.2
FinlandVeikkausliiga,2026,2026-04-04,Ilves,KuPS,1,3,1.04,1.28,1.04,1.28,11.0,13.0,1.18,0.56
FinlandVeikkausliiga,2026,2026-04-04,Mariehamn,TPS,1,1,0.6,0.94,0.6,0.94,7.0,17.0,0.47,0.48
FinlandVeikkausliiga,2026,2026-04-04,HJK,SJK,3,0,3.11,0.97,3.11,0.97,18.0,7.0,0.93,0.32
FinlandVeikkausliiga,2026,2026-04-04,Inter Turku,VPS,0,0,1.12,0.07,1.12,0.07,14.0,1.0,1.01,0.09
LatviaVirsliga,2024,2024-11-10,RFS,Riga FC,1,2,2.35,2.88,2.35,2.12,16.0,20.0,0.44,1.1
LatviaVirsliga,2024,2024-11-09,Auda,Metta,5,0,3.56,1.03,3.56,1.03,20.0,8.0,0.85,0.3
LatviaVirsliga,2024,2024-11-09,FS Jelgava,Grobiņa,2,0,1.41,1.17,1.41,1.17,11.0,8.0,0.62,0.62
LatviaVirsliga,2024,2024-11-09,Liepāja,BFC Daugavpils,3,3,4.49,1.38,2.97,1.38,23.0,11.0,1.32,0.21
LatviaVirsliga,2024,2024-11-09,Valmiera,Tukums,2,3,3.04,3.55,2.28,2.03,17.0,17.0,1.5,0.45
LatviaVirsliga,2024,2024-11-03,BFC Daugavpils,Valmiera,3,3,2.41,3.12,2.41,3.12,11.0,34.0,0.28,1.37
LatviaVirsliga,2024,2024-11-03,FS Jelgava,Liepāja,2,2,0.64,2.49,0.64,1.73,9.0,11.0,0.25,0.96
LatviaVirsliga,2024,2024-11-03,Grobiņa,RFS,0,2,1.14,1.25,0.38,1.25,4.0,10.0,0.13,0.88
LatviaVirsliga,2024,2024-11-03,Riga FC,Metta,4,0,4.42,0.8,3.66,0.8,24.0,10.0,1.36,0.63
LatviaVirsliga,2024,2024-11-03,Tukums,Auda,0,3,0.33,2.97,0.33,2.97,5.0,18.0,0.49,0.74
LatviaVirsliga,2024,2024-10-28,Metta,RFS,1,2,0.22,2.13,0.22,2.13,3.0,13.0,0.4,1.73
LatviaVirsliga,2024,2024-10-27,Riga FC,Tukums,10,1,4.57,0.64,3.81,0.64,29.0,5.0,2.04,0.09
LatviaVirsliga,2024,2024-10-26,BFC Daugavpils,Auda,1,2,1.86,2.03,1.86,2.03,14.0,18.0,0.78,1.48
LatviaVirsliga,2024,2024-10-26,Grobiņa,Liepāja,1,3,1.02,3.03,0.26,3.03,6.0,17.0,0.71,0.92
LatviaVirsliga,2024,2024-10-26,Valmiera,FS Jelgava,3,2,2.92,1.82,2.92,1.82,28.0,18.0,0.71,0.67
LatviaVirsliga,2024,2024-10-21,Auda,FS Jelgava,3,0,3.17,0.64,2.41,0.64,18.0,10.0,1.39,0.4
LatviaVirsliga,2024,2024-10-20,Metta,Grobiņa,2,1,0.7,2.07,0.7,2.07,9.0,18.0,0.61,0.94
LatviaVirsliga,2024,2024-10-20,RFS,Tukums,4,1,3.44,1.53,2.68,1.53,14.0,14.0,1.23,0.3
LatviaVirsliga,2024,2024-10-20,Valmiera,Liepāja,0,1,3.49,0.4,2.73,0.4,19.0,7.0,1.16,0.32
LatviaVirsliga,2024,2024-10-19,BFC Daugavpils,Riga FC,0,5,1.3,3.76,1.3,3.76,8.0,22.0,0.64,1.26
LatviaVirsliga,2024,2024-10-17,RFS,Auda,1,2,2.69,1.96,2.69,1.96,16.0,10.0,0.88,0.63
LatviaVirsliga,2024,2024-10-06,BFC Daugavpils,RFS,0,3,0.11,2.75,0.11,2.75,2.0,28.0,0.09,1.2
LatviaVirsliga,2024,2024-10-06,Tukums,Metta,0,1,0.52,2.07,0.52,2.07,6.0,14.0,0.7,0.52
LatviaVirsliga,2024,2024-10-05,FS Jelgava,Riga FC,0,2,1.35,3.33,1.35,3.33,11.0,21.0,0.56,0.84
LatviaVirsliga,2024,2024-10-05,Liepāja,Auda,2,1,1.3,1.27,0.54,1.27,9.0,10.0,0.13,0.62
LatviaVirsliga,2024,2024-10-04,Grobiņa,Valmiera,1,4,1.14,3.55,1.14,2.03,8.0,19.0,0.88,1.57
LatviaVirsliga,2024,2024-10-02,Auda,Tukums,1,1,2.4,0.81,2.4,0.81,20.0,8.0,1.62,0.46
LatviaVirsliga,2024,2024-09-30,FS Jelgava,RFS,0,2,0.3,2.37,0.3,2.37,5.0,20.0,0.22,1.74
LatviaVirsliga,2024,2024-09-29,Riga FC,Liepāja,1,0,1.48,0.73,0.72,0.73,10.0,8.0,0.57,0.12
LatviaVirsliga,2024,2024-09-28,Grobiņa,Tukums,1,2,1.89,1.17,1.89,1.17,10.0,11.0,1.07,0.32
LatviaVirsliga,2024,2024-09-28,Valmiera,Auda,2,3,2.42,2.87,2.42,2.87,17.0,22.0,1.06,1.56
LatviaVirsliga,2024,2024-09-27,BFC Daugavpils,Metta,1,1,1.3,1.37,0.54,1.37,6.0,13.0,0.56,0.78
LatviaVirsliga,2024,2024-09-22,Auda,Grobiņa,2,0,1.66,0.22,1.66,0.22,20.0,4.0,1.17,0.25
LatviaVirsliga,2024,2024-09-22,Metta,FS Jelgava,2,0,2.67,0.87,1.91,0.87,12.0,13.0,0.46,0.6
LatviaVirsliga,2024,2024-09-21,Tukums,BFC Daugavpils,0,0,2.05,0.42,2.05,0.42,16.0,8.0,1.31,0.38
LatviaVirsliga,2024,2024-09-20,RFS,Liepāja,2,0,2.42,0.92,1.66,0.92,14.0,8.0,0.44,0.64
LatviaVirsliga,2024,2024-09-19,Riga FC,Valmiera,1,0,1.55,1.99,1.55,1.99,12.0,17.0,0.64,0.96
LatviaVirsliga,2024,2024-09-17,RFS,BFC Daugavpils,4,1,3.35,1.18,3.35,1.18,38.0,8.0,1.97,0.26
LatviaVirsliga,2024,2024-09-15,Metta,Liepāja,1,2,1.82,2.26,1.82,1.5,14.0,11.0,0.8,0.55
LatviaVirsliga,2024,2024-09-15,Tukums,FS Jelgava,3,3,3.21,1.35,2.45,1.35,18.0,11.0,0.6,0.59
LatviaVirsliga,2024,2024-09-14,Auda,Riga FC,2,2,2.67,2.97,2.67,2.21,20.0,13.0,0.97,1.42
LatviaVirsliga,2024,2024-09-14,BFC Daugavpils,Grobiņa,4,0,3.06,1.07,2.3,1.07,10.0,12.0,0.85,0.66
LatviaVirsliga,2024,2024-09-13,Valmiera,RFS,1,2,1.45,2.33,1.45,0.81,17.0,12.0,0.68,0.41
LatviaVirsliga,2024,2024-09-01,FS Jelgava,BFC Daugavpils,0,0,1.92,0.95,1.92,0.95,10.0,10.0,0.6,0.64
LatviaVirsliga,2024,2024-09-01,Liepāja,Tukums,3,1,3.63,0.37,3.63,0.37,20.0,9.0,1.16,0.06
LatviaVirsliga,2024,2024-08-31,Riga FC,Grobiņa,6,1,4.1,0.7,3.34,0.7,15.0,7.0,1.38,0.24
LatviaVirsliga,2024,2024-08-31,Valmiera,Metta,4,0,2.19,2.49,2.19,2.49,15.0,14.0,1.09,0.91
LatviaVirsliga,2024,2024-08-25,Metta,Auda,0,4,0.54,3.18,0.54,3.18,6.0,26.0,0.41,0.79
LatviaVirsliga,2024,2024-08-25,Riga FC,RFS,0,0,0.7,0.6,0.7,0.6,9.0,13.0,0.84,0.2
LatviaVirsliga,2024,2024-08-24,BFC Daugavpils,Liepāja,0,2,1.05,1.5,1.05,1.5,10.0,12.0,0.82,0.63
LatviaVirsliga,2024,2024-08-24,Tukums,Valmiera,3,2,2.12,2.06,2.12,2.06,19.0,17.0,0.67,1.2
LatviaVirsliga,2024,2024-08-23,Grobiņa,FS Jelgava,2,3,1.75,2.33,1.75,1.57,13.0,13.0,0.75,0.81
LatviaVirsliga,2024,2024-08-11,RFS,Grobiņa,3,0,2.31,0.06,2.31,0.06,16.0,2.0,1.89,0.13
LatviaVirsliga,2024,2024-08-11,Valmiera,BFC Daugavpils,4,1,3.3,1.57,3.3,0.81,28.0,12.0,1.97,0.49
LatviaVirsliga,2024,2024-08-10,Liepāja,FS Jelgava,3,0,1.89,1.71,1.89,1.71,17.0,11.0,1.03,0.36
LatviaVirsliga,2024,2024-08-10,Metta,Riga FC,2,4,0.91,4.03,0.91,4.03,11.0,27.0,0.28,1.77
LatviaVirsliga,2024,2024-08-04,Auda,BFC Daugavpils,1,0,1.82,0.82,1.82,0.82,13.0,13.0,0.86,0.11
LatviaVirsliga,2024,2024-08-04,FS Jelgava,Valmiera,0,4,1.01,3.09,1.01,3.09,10.0,28.0,0.8,1.49
LatviaVirsliga,2024,2024-08-04,RFS,Metta,5,1,3.99,0.54,3.99,0.54,28.0,5.0,1.53,0.16
LatviaVirsliga,2024,2024-08-04,Tukums,Riga FC,0,5,0.35,6.35,0.35,5.59,9.0,29.0,0.25,2.4
LatviaVirsliga,2024,2024-08-03,Liepāja,Grobiņa,0,1,1.38,1.48,1.38,1.48,13.0,11.0,0.7,0.44
LatviaVirsliga,2024,2024-07-28,FS Jelgava,Auda,1,3,2.05,1.04,2.05,1.04,20.0,12.0,0.66,0.39
LatviaVirsliga,2024,2024-07-28,Liepāja,Valmiera,0,0,1.25,1.59,1.25,1.59,10.0,19.0,0.34,0.79
LatviaVirsliga,2024,2024-07-28,Riga FC,BFC Daugavpils,1,0,1.77,0.43,1.77,0.43,15.0,4.0,0.98,0.25
LatviaVirsliga,2024,2024-07-27,Grobiņa,Metta,1,2,0.47,1.72,0.47,1.72,8.0,10.0,1.22,0.86
LatviaVirsliga,2024,2024-07-27,Tukums,RFS,1,4,1.31,2.71,1.31,2.71,7.0,24.0,0.24,1.26
LatviaVirsliga,2024,2024-07-22,Metta,Tukums,0,0,1.53,0.75,1.53,0.75,12.0,9.0,0.76,0.64
LatviaVirsliga,2024,2024-07-21,Auda,Liepāja,2,0,2.28,1.08,1.52,1.08,15.0,13.0,0.45,0.65
LatviaVirsliga,2024,2024-07-21,Valmiera,Grobiņa,0,0,2.71,0.5,2.71,0.5,25.0,3.0,1.55,0.18
LatviaVirsliga,2024,2024-07-19,Riga FC,FS Jelgava,6,1,3.62,1.78,2.86,1.78,24.0,11.0,0.82,0.29
LatviaVirsliga,2024,2024-07-08,Grobiņa,Tukums,2,1,1.16,1.52,1.16,1.52,13.0,15.0,0.61,0.32
LatviaVirsliga,2024,2024-07-07,Liepāja,Riga FC,0,3,0.15,2.9,0.15,2.9,2.0,25.0,0.13,0.83
LatviaVirsliga,2024,2024-07-07,Metta,BFC Daugavpils,3,2,2.08,1.53,2.08,1.53,15.0,12.0,0.87,0.93
LatviaVirsliga,2024,2024-07-06,Auda,Valmiera,0,1,1.78,1.97,1.78,1.21,19.0,15.0,0.58,0.24
LatviaVirsliga,2024,2024-07-05,RFS,FS Jelgava,7,0,3.25,0.44,3.25,0.44,19.0,6.0,1.5,0.09
LatviaVirsliga,2024,2024-07-03,Tukums,BFC Daugavpils,1,2,0.88,2.31,0.88,1.55,12.0,13.0,1.13,0.78
LatviaVirsliga,2024,2024-07-02,Auda,Grobiņa,0,1,2.44,0.83,1.68,0.83,20.0,9.0,0.96,0.12
LatviaVirsliga,2024,2024-07-02,Valmiera,Riga FC,2,2,1.61,1.59,1.61,1.59,16.0,13.0,1.12,1.28
LatviaVirsliga,2024,2024-07-01,FS Jelgava,Metta,1,0,1.47,2.16,1.47,2.16,13.0,13.0,0.71,1.14
LatviaVirsliga,2024,2024-07-01,Liepāja,RFS,1,3,0.53,1.78,0.53,1.78,4.0,19.0,0.12,0.97
LatviaVirsliga,2024,2024-06-27,Grobiņa,BFC Daugavpils,3,0,1.94,1.73,1.94,1.73,6.0,20.0,0.1,0.79
LatviaVirsliga,2024,2024-06-26,FS Jelgava,Tukums,0,0,1.1,1.61,1.1,1.61,8.0,12.0,0.72,0.5
LatviaVirsliga,2024,2024-06-26,RFS,Valmiera,4,1,3.74,2.0,2.98,2.0,21.0,18.0,0.9,0.78
LatviaVirsliga,2024,2024-06-26,Riga FC,Auda,1,0,2.41,0.82,2.41,0.82,20.0,10.0,1.07,0.47
LatviaVirsliga,2024,2024-06-25,Liepāja,Metta,1,5,1.35,1.98,0.59,1.98,11.0,14.0,0.69,0.64
LatviaVirsliga,2024,2024-06-22,Grobiņa,Riga FC,0,6,0.98,4.38,0.22,4.38,3.0,27.0,0.42,1.6
LatviaVirsliga,2024,2024-06-21,Auda,RFS,1,3,1.94,1.96,1.94,1.96,13.0,16.0,0.42,0.44
LatviaVirsliga,2024,2024-06-21,BFC Daugavpils,FS Jelgava,3,0,2.32,1.38,2.32,1.38,11.0,11.0,0.8,0.58
LatviaVirsliga,2024,2024-06-20,Tukums,Liepāja,2,1,1.47,3.08,1.47,3.08,13.0,20.0,0.56,1.95
LatviaVirsliga,2024,2024-06-20,Valmiera,Metta,3,0,4.13,1.29,4.13,1.29,29.0,10.0,1.51,0.72
LatviaVirsliga,2024,2024-06-16,Auda,Metta,4,0,2.52,0.39,2.52,0.39,23.0,7.0,0.77,0.15
LatviaVirsliga,2024,2024-06-16,Grobiņa,FS Jelgava,4,2,1.72,1.46,1.72,1.46,12.0,13.0,0.5,0.34
LatviaVirsliga,2024,2024-06-16,RFS,Riga FC,2,2,2.6,1.58,1.84,1.58,19.0,9.0,0.68,0.74
LatviaVirsliga,2024,2024-06-15,Liepāja,BFC Daugavpils,1,1,2.67,1.21,2.67,1.21,22.0,14.0,1.38,0.33
LatviaVirsliga,2024,2024-06-14,Valmiera,Tukums,6,1,3.3,0.52,3.3,0.52,20.0,8.0,1.97,0.29
LatviaVirsliga,2024,2024-06-02,FS Jelgava,Liepāja,1,1,0.82,2.08,0.82,2.08,11.0,22.0,0.66,0.38
LatviaVirsliga,2024,2024-06-02,RFS,Grobiņa,5,0,5.96,0.34,5.2,0.34,33.0,2.0,2.03,0.16
LatviaVirsliga,2024,2024-06-02,Riga FC,Metta,5,0,2.1,0.47,2.1,0.47,17.0,8.0,0.94,0.14
LatviaVirsliga,2024,2024-06-02,Tukums,Auda,1,4,0.22,6.12,0.22,5.36,5.0,21.0,0.13,1.23
LatviaVirsliga,2024,2024-06-01,BFC Daugavpils,Valmiera,1,6,1.15,4.46,1.15,4.46,11.0,27.0,0.93,1.91
LatviaVirsliga,2024,2024-05-29,Liepāja,Grobiņa,3,0,1.29,0.84,1.29,0.84,12.0,9.0,0.26,0.81
LatviaVirsliga,2024,2024-05-29,Metta,RFS,0,6,0.52,5.04,0.52,4.28,7.0,32.0,0.27,0.97
LatviaVirsliga,2024,2024-05-29,Riga FC,Tukums,3,0,3.49,0.74,2.73,0.74,19.0,14.0,0.87,0.28
LatviaVirsliga,2024,2024-05-28,BFC Daugavpils,Auda,0,3,0.84,2.02,0.84,2.02,5.0,14.0,0.37,1.17
LatviaVirsliga,2024,2024-05-28,Valmiera,FS Jelgava,4,0,2.18,0.84,2.18,0.84,26.0,13.0,1.18,0.73
LatviaVirsliga,2024,2024-05-25,Metta,Grobiņa,1,1,2.1,2.04,2.1,2.04,13.0,13.0,1.29,0.76
LatviaVirsliga,2024,2024-05-25,Tukums,RFS,0,1,0.13,2.87,0.13,2.87,3.0,27.0,0.26,1.32
LatviaVirsliga,2024,2024-05-24,BFC Daugavpils,Riga FC,0,2,0.6,2.69,0.6,1.93,7.0,18.0,0.22,0.54
LatviaVirsliga,2024,2024-05-24,Liepāja,Valmiera,0,3,0.78,1.56,0.78,1.56,8.0,22.0,0.21,0.73
LatviaVirsliga,2024,2024-05-23,Auda,FS Jelgava,0,1,2.04,0.67,2.04,0.67,19.0,6.0,1.02,0.35
LatviaVirsliga,2024,2024-05-21,Metta,Tukums,1,1,1.61,2.12,1.61,2.12,12.0,19.0,0.8,0.68
LatviaVirsliga,2024,2024-05-20,Grobiņa,Valmiera,0,2,1.23,3.34,1.23,3.34,14.0,23.0,0.38,1.41
LatviaVirsliga,2024,2024-05-20,RFS,BFC Daugavpils,5,0,5.04,0.08,4.28,0.08,29.0,1.0,1.01,0.1
LatviaVirsliga,2024,2024-05-19,Auda,Liepāja,1,1,2.16,0.94,2.16,0.94,16.0,8.0,1.08,0.48
LatviaVirsliga,2024,2024-05-19,FS Jelgava,Riga FC,1,5,0.27,4.01,0.27,4.01,8.0,20.0,0.04,2.08
LatviaVirsliga,2024,2024-05-16,BFC Daugavpils,Metta,4,0,2.07,1.42,1.31,1.42,14.0,13.0,0.66,0.69
LatviaVirsliga,2024,2024-05-16,Tukums,Grobiņa,1,2,1.32,1.58,1.32,0.82,14.0,9.0,1.28,0.18
LatviaVirsliga,2024,2024-05-15,FS Jelgava,RFS,1,2,0.67,3.09,0.67,2.33,7.0,23.0,0.18,1.58
LatviaVirsliga,2024,2024-05-15,Valmiera,Auda,2,1,2.36,2.1,0.84,1.34,10.0,17.0,0.66,0.67
LatviaVirsliga,2024,2024-05-14,Liepāja,Riga FC,1,1,1.23,4.54,0.47,4.54,7.0,27.0,0.21,0.74
LatviaVirsliga,2024,2024-05-12,BFC Daugavpils,Tukums,4,1,2.53,1.85,2.53,1.09,16.0,9.0,0.89,0.27
LatviaVirsliga,2024,2024-05-11,Grobiņa,Auda,2,2,1.47,2.47,0.71,2.47,9.0,20.0,0.2,0.66
LatviaVirsliga,2024,2024-05-11,Metta,FS Jelgava,3,0,1.98,2.06,1.98,2.06,15.0,18.0,0.51,1.11
LatviaVirsliga,2024,2024-05-10,RFS,Liepāja,4,1,3.58,0.41,3.58,0.41,29.0,6.0,1.19,0.13
LatviaVirsliga,2024,2024-05-10,Riga FC,Valmiera,1,1,1.57,1.65,1.57,1.65,16.0,14.0,0.51,0.66
LatviaVirsliga,2024,2024-05-07,Grobiņa,BFC Daugavpils,1,3,1.63,2.61,1.63,2.61,12.0,14.0,1.1,0.86
LatviaVirsliga,2024,2024-05-07,Tukums,FS Jelgava,2,1,1.39,3.82,1.39,3.82,16.0,21.0,0.64,0.84
LatviaVirsliga,2024,2024-05-06,Liepāja,Metta,1,2,1.57,1.21,1.57,1.21,14.0,9.0,0.43,0.64
LatviaVirsliga,2024,2024-05-05,Auda,Riga FC,1,2,0.71,3.26,0.71,3.26,13.0,18.0,0.1,0.83
LatviaVirsliga,2024,2024-05-05,Valmiera,RFS,2,0,1.84,3.67,1.08,3.67,14.0,28.0,0.48,0.91
LatviaVirsliga,2024,2024-05-03,BFC Daugavpils,FS Jelgava,1,0,1.33,1.9,1.33,1.9,10.0,20.0,0.5,0.78
LatviaVirsliga,2024,2024-05-02,Riga FC,Grobiņa,2,0,3.01,0.31,2.25,0.31,17.0,5.0,0.99,0.15
LatviaVirsliga,2024,2024-05-02,Tukums,Liepāja,0,0,1.56,1.61,1.56,1.61,16.0,16.0,0.63,0.95
LatviaVirsliga,2024,2024-05-01,Metta,Valmiera,1,1,0.86,3.16,0.86,3.16,8.0,34.0,0.25,2.09
LatviaVirsliga,2024,2024-05-01,RFS,Auda,2,1,1.74,0.48,1.74,0.48,13.0,9.0,0.54,0.22
LatviaVirsliga,2024,2024-04-28,BFC Daugavpils,Liepāja,0,0,1.38,1.53,1.38,1.53,14.0,17.0,0.4,0.58
LatviaVirsliga,2024,2024-04-28,FS Jelgava,Grobiņa,2,1,2.44,1.64,2.44,1.64,13.0,16.0,0.63,1.3
LatviaVirsliga,2024,2024-04-27,Riga FC,RFS,1,2,0.99,1.21,0.99,1.21,12.0,11.0,0.33,0.48
LatviaVirsliga,2024,2024-04-27,Tukums,Valmiera,1,2,1.13,4.42,1.13,4.42,10.0,28.0,0.22,1.52
LatviaVirsliga,2024,2024-04-26,Metta,Auda,1,3,0.94,2.17,0.94,2.17,9.0,15.0,0.4,1.08
LatviaVirsliga,2024,2024-04-23,Grobiņa,RFS,0,4,1.28,4.55,1.28,4.55,7.0,34.0,0.11,1.07
LatviaVirsliga,2024,2024-04-23,Liepāja,FS Jelgava,0,1,1.19,1.95,1.19,1.95,10.0,17.0,1.18,0.54
LatviaVirsliga,2024,2024-04-22,Valmiera,BFC Daugavpils,0,1,1.93,2.65,1.93,2.65,17.0,16.0,1.1,0.33
LatviaVirsliga,2024,2024-04-21,Auda,Tukums,2,0,2.12,0.26,2.12,0.26,15.0,3.0,1.21,0.34
LatviaVirsliga,2024,2024-04-21,Metta,Riga FC,1,2,0.75,2.78,0.75,2.78,6.0,16.0,0.51,0.62
LatviaVirsliga,2024,2024-04-18,FS Jelgava,Valmiera,0,3,1.0,3.49,1.0,2.73,13.0,18.0,0.15,1.02
LatviaVirsliga,2024,2024-04-18,Grobiņa,Liepāja,3,2,1.9,0.87,1.14,0.87,8.0,6.0,0.93,0.87
LatviaVirsliga,2024,2024-04-17,Auda,BFC Daugavpils,1,0,2.95,0.23,2.95,0.23,20.0,6.0,1.1,0.1
LatviaVirsliga,2024,2024-04-17,RFS,Metta,2,0,1.25,0.42,1.25,0.42,15.0,2.0,1.2,0.27
LatviaVirsliga,2024,2024-04-16,Tukums,Riga FC,2,1,1.95,2.15,1.95,2.15,11.0,20.0,0.3,1.52
LatviaVirsliga,2024,2024-04-14,Valmiera,Liepāja,0,1,2.26,0.21,2.26,0.21,20.0,3.0,1.15,0.14
LatviaVirsliga,2024,2024-04-13,FS Jelgava,Auda,0,0,0.39,1.94,0.39,1.94,5.0,15.0,0.49,0.66
LatviaVirsliga,2024,2024-04-13,Grobiņa,Metta,3,0,1.86,2.62,1.86,2.62,12.0,19.0,0.25,1.64
LatviaVirsliga,2024,2024-04-12,RFS,Tukums,5,0,2.88,0.42,2.88,0.42,22.0,6.0,0.76,0.21
LatviaVirsliga,2024,2024-04-12,Riga FC,BFC Daugavpils,2,0,3.81,1.04,3.81,0.28,21.0,7.0,1.16,0.26
LatviaVirsliga,2024,2024-04-09,Liepāja,Auda,1,0,0.62,2.39,0.62,2.39,3.0,23.0,0.29,1.57
LatviaVirsliga,2024,2024-04-09,Valmiera,Grobiņa,1,1,3.87,0.58,3.87,0.58,33.0,4.0,2.29,0.28
LatviaVirsliga,2024,2024-04-08,Riga FC,FS Jelgava,2,0,3.19,0.87,3.19,0.87,18.0,6.0,1.27,0.43
LatviaVirsliga,2024,2024-04-08,Tukums,Metta,0,0,1.58,1.73,1.58,1.73,13.0,15.0,0.43,0.67
LatviaVirsliga,2024,2024-04-07,BFC Daugavpils,RFS,1,1,0.99,3.13,0.99,2.37,11.0,15.0,0.5,1.65
LatviaVirsliga,2024,2024-04-05,Auda,Valmiera,3,1,2.36,0.98,2.36,0.98,19.0,10.0,0.4,0.4
LatviaVirsliga,2024,2024-04-04,Riga FC,Liepāja,4,0,4.16,0.85,2.64,0.85,21.0,9.0,1.52,0.23
LatviaVirsliga,2024,2024-04-04,Tukums,Grobiņa,2,0,1.53,0.78,1.53,0.78,15.0,9.0,0.69,0.44
LatviaVirsliga,2024,2024-04-03,Metta,BFC Daugavpils,0,1,1.17,1.45,1.17,1.45,8.0,14.0,0.55,0.6
LatviaVirsliga,2024,2024-04-03,RFS,FS Jelgava,5,1,2.43,0.71,2.43,0.71,17.0,7.0,1.04,0.18
LatviaVirsliga,2024,2024-03-31,Grobiņa,Auda,1,1,1.85,2.2,1.85,2.2,12.0,17.0,0.84,0.76
LatviaVirsliga,2024,2024-03-31,Valmiera,Riga FC,2,1,2.49,2.91,2.49,2.91,15.0,18.0,0.66,0.67
LatviaVirsliga,2024,2024-03-30,BFC Daugavpils,Tukums,3,1,2.48,1.53,2.48,1.53,19.0,13.0,0.7,0.42
LatviaVirsliga,2024,2024-03-30,Liepāja,RFS,0,3,0.33,3.67,0.33,3.67,2.0,31.0,0.49,1.76
LatviaVirsliga,2024,2024-03-29,FS Jelgava,Metta,0,1,1.14,1.26,1.14,0.5,11.0,6.0,0.42,0.68
LatviaVirsliga,2024,2024-03-17,FS Jelgava,Tukums,2,3,1.46,1.45,0.7,0.69,10.0,8.0,0.66,0.44
LatviaVirsliga,2024,2024-03-16,BFC Daugavpils,Grobiņa,2,0,1.86,2.32,1.86,2.32,11.0,16.0,0.67,1.26
LatviaVirsliga,2024,2024-03-16,Metta,Liepāja,2,0,1.4,2.03,0.64,2.03,10.0,20.0,0.29,0.7
LatviaVirsliga,2024,2024-03-16,Riga FC,Auda,1,0,1.72,0.53,1.72,0.53,13.0,7.0,0.66,0.41
LatviaVirsliga,2024,2024-03-15,RFS,Valmiera,0,1,3.5,0.64,3.5,0.64,22.0,2.0,1.25,0.07
LatviaVirsliga,2024,2024-03-10,Grobiņa,Riga FC,0,1,0.66,2.91,0.66,2.91,8.0,26.0,0.27,1.46
LatviaVirsliga,2024,2024-03-10,Metta,Valmiera,0,2,1.36,2.82,1.36,2.82,9.0,21.0,0.69,1.54
LatviaVirsliga,2024,2024-03-09,FS Jelgava,BFC Daugavpils,0,0,0.56,1.42,0.56,1.42,5.0,15.0,0.3,0.67
LatviaVirsliga,2024,2024-03-09,Liepāja,Tukums,0,2,1.67,1.4,1.67,1.4,15.0,18.0,0.59,0.54
LatviaVirsliga,2024,2024-03-08,Auda,RFS,1,2,1.12,1.93,1.12,1.93,9.0,12.0,0.34,0.98
LatviaVirsliga,2025,2025-11-09,Grobiņa,Auda,2,2,4.86,1.08,4.1,1.08,22.0,12.0,1.15,0.51
LatviaVirsliga,2025,2025-11-09,Tukums,FS Jelgava,1,1,1.7,1.86,1.7,1.86,10.0,12.0,0.57,0.57
LatviaVirsliga,2025,2025-11-09,Metta,BFC Daugavpils,3,1,2.64,1.63,2.64,1.63,16.0,14.0,1.0,0.97
LatviaVirsliga,2025,2025-11-09,Super Nova,Liepāja,3,0,2.88,3.06,2.12,3.06,13.0,18.0,0.42,1.49
LatviaVirsliga,2025,2025-11-07,Riga FC,RFS,3,4,1.58,1.44,1.58,1.44,10.0,13.0,0.73,0.73
LatviaVirsliga,2025,2025-11-02,BFC Daugavpils,Liepāja,1,2,1.52,1.37,1.52,1.37,13.0,7.0,0.59,0.61
LatviaVirsliga,2025,2025-11-02,FS Jelgava,Metta,2,2,1.45,2.17,1.45,1.41,10.0,14.0,0.37,0.19
LatviaVirsliga,2025,2025-11-02,Auda,Tukums,0,1,1.4,1.35,1.4,0.59,18.0,9.0,1.15,0.39
LatviaVirsliga,2025,2025-11-02,Grobiņa,Riga FC,1,1,0.27,2.52,0.27,2.52,5.0,16.0,0.16,1.66
LatviaVirsliga,2025,2025-11-02,Super Nova,RFS,1,3,1.25,2.44,1.25,2.44,7.0,21.0,0.43,0.5
LatviaVirsliga,2025,2025-10-26,RFS,Grobiņa,5,0,3.99,0.23,3.99,0.23,26.0,6.0,1.71,0.2
LatviaVirsliga,2025,2025-10-26,Metta,Auda,3,2,1.46,2.93,1.46,2.17,9.0,17.0,0.31,2.03
LatviaVirsliga,2025,2025-10-25,Liepāja,FS Jelgava,2,2,1.9,2.27,1.9,2.27,15.0,13.0,0.57,0.88
LatviaVirsliga,2025,2025-10-25,BFC Daugavpils,Super Nova,2,2,1.66,1.23,1.66,1.23,11.0,9.0,0.88,0.8
LatviaVirsliga,2025,2025-10-24,Riga FC,Tukums,0,0,2.29,0.66,2.29,0.66,23.0,8.0,0.91,0.21
LatviaVirsliga,2025,2025-10-20,Auda,Liepāja,1,2,2.1,0.68,2.1,0.68,23.0,6.0,0.78,0.37
LatviaVirsliga,2025,2025-10-19,Metta,Riga FC,0,1,1.19,3.03,1.19,2.27,10.0,12.0,1.38,1.52
LatviaVirsliga,2025,2025-10-19,Tukums,RFS,2,4,0.74,2.41,0.74,1.65,8.0,12.0,0.38,1.38
LatviaVirsliga,2025,2025-10-18,Grobiņa,Super Nova,0,0,0.89,1.01,0.89,1.01,8.0,15.0,0.53,0.41
LatviaVirsliga,2025,2025-10-18,FS Jelgava,BFC Daugavpils,0,0,0.64,1.28,0.64,1.28,5.0,14.0,0.37,0.69
LatviaVirsliga,2025,2025-10-05,RFS,Metta,5,1,2.9,0.98,2.9,0.98,26.0,8.0,0.81,0.26
LatviaVirsliga,2025,2025-10-05,BFC Daugavpils,Auda,1,0,1.0,2.49,1.0,2.49,11.0,26.0,0.66,1.07
LatviaVirsliga,2025,2025-10-04,Super Nova,FS Jelgava,1,1,1.95,1.62,1.95,1.62,15.0,14.0,1.51,0.73
LatviaVirsliga,2025,2025-10-04,Grobiņa,Tukums,1,0,1.64,1.79,0.88,1.79,12.0,14.0,0.8,1.37
LatviaVirsliga,2025,2025-10-03,Riga FC,Liepāja,3,0,2.14,1.26,2.14,1.26,17.0,17.0,0.4,0.3
LatviaVirsliga,2025,2025-09-29,BFC Daugavpils,Riga FC,0,1,0.73,3.97,0.73,3.97,8.0,19.0,0.65,1.5
LatviaVirsliga,2025,2025-09-28,Liepāja,RFS,2,2,1.42,2.86,1.42,2.1,8.0,17.0,0.41,1.14
LatviaVirsliga,2025,2025-09-28,Tukums,Super Nova,2,1,2.19,0.66,2.19,0.66,16.0,8.0,1.04,0.19
LatviaVirsliga,2025,2025-09-27,FS Jelgava,Auda,1,1,2.09,2.35,2.09,2.35,18.0,20.0,1.34,0.56
LatviaVirsliga,2025,2025-09-26,Metta,Grobiņa,0,1,1.88,2.17,1.12,2.17,11.0,11.0,0.85,0.66
LatviaVirsliga,2025,2025-09-25,RFS,Riga FC,0,0,1.98,1.16,1.98,1.16,14.0,13.0,1.24,0.25
LatviaVirsliga,2025,2025-09-22,Auda,Super Nova,3,2,2.49,1.21,1.73,1.21,13.0,13.0,0.85,0.35
LatviaVirsliga,2025,2025-09-21,RFS,BFC Daugavpils,5,1,4.68,0.95,3.92,0.95,21.0,9.0,1.37,0.22
LatviaVirsliga,2025,2025-09-21,Grobiņa,Liepāja,0,1,1.5,1.28,1.5,1.28,11.0,6.0,0.74,0.74
LatviaVirsliga,2025,2025-09-21,FS Jelgava,Riga FC,2,3,1.96,2.39,1.96,2.39,13.0,17.0,1.0,1.18
LatviaVirsliga,2025,2025-09-20,Tukums,Metta,3,2,1.51,1.6,0.75,1.6,12.0,11.0,0.55,0.46
LatviaVirsliga,2025,2025-09-15,BFC Daugavpils,Grobiņa,3,2,2.91,2.93,1.39,2.93,15.0,17.0,0.86,1.63
LatviaVirsliga,2025,2025-09-14,Liepāja,Tukums,4,1,3.13,0.69,3.13,0.69,19.0,9.0,1.44,0.63
LatviaVirsliga,2025,2025-09-14,Metta,Super Nova,2,1,2.59,0.54,2.59,0.54,17.0,8.0,1.06,0.94
LatviaVirsliga,2025,2025-09-13,Riga FC,Auda,6,0,3.78,0.4,3.02,0.4,28.0,5.0,0.99,0.31
LatviaVirsliga,2025,2025-09-13,RFS,FS Jelgava,1,4,3.66,0.99,3.66,0.99,28.0,10.0,1.57,0.38
LatviaVirsliga,2025,2025-08-31,Auda,RFS,0,1,1.94,1.39,1.18,1.39,11.0,9.0,0.94,1.26
LatviaVirsliga,2025,2025-08-30,Tukums,BFC Daugavpils,0,1,0.94,3.15,0.94,2.39,6.0,28.0,0.63,1.37
LatviaVirsliga,2025,2025-08-30,Super Nova,Riga FC,2,6,0.61,4.89,0.61,4.89,10.0,32.0,0.09,1.66
LatviaVirsliga,2025,2025-08-29,Grobiņa,FS Jelgava,3,2,4.59,3.84,3.83,3.08,19.0,20.0,0.64,1.54
LatviaVirsliga,2025,2025-08-29,Metta,Liepāja,1,2,0.24,4.04,0.24,2.52,4.0,19.0,0.39,1.39
LatviaVirsliga,2025,2025-08-25,Liepāja,Super Nova,0,3,2.31,1.69,2.31,1.69,22.0,6.0,1.35,0.25
LatviaVirsliga,2025,2025-08-23,BFC Daugavpils,Metta,4,2,2.7,1.47,2.7,1.47,22.0,10.0,1.75,0.48
LatviaVirsliga,2025,2025-08-23,FS Jelgava,Tukums,1,1,1.36,0.84,1.36,0.84,11.0,4.0,0.84,0.4
LatviaVirsliga,2025,2025-08-10,RFS,Super Nova,4,1,2.99,0.52,2.99,0.52,23.0,7.0,0.72,0.32
LatviaVirsliga,2025,2025-08-10,Tukums,Auda,1,0,1.44,2.84,1.44,2.84,8.0,17.0,0.52,1.32
LatviaVirsliga,2025,2025-08-10,Riga FC,Grobiņa,2,0,3.23,0.01,2.47,0.01,12.0,1.0,1.56,0.11
LatviaVirsliga,2025,2025-08-09,Metta,FS Jelgava,2,2,2.64,1.38,1.88,1.38,17.0,17.0,1.06,1.0
LatviaVirsliga,2025,2025-08-09,Liepāja,BFC Daugavpils,2,1,1.26,1.12,1.26,1.12,11.0,8.0,0.98,0.68
LatviaVirsliga,2025,2025-08-03,Auda,Metta,0,1,2.74,1.37,2.74,1.37,22.0,10.0,2.45,0.54
LatviaVirsliga,2025,2025-08-03,Grobiņa,RFS,2,3,0.99,1.69,0.23,1.69,5.0,14.0,0.27,0.84
LatviaVirsliga,2025,2025-08-03,Tukums,Riga FC,0,1,2.09,3.61,2.09,2.85,17.0,24.0,0.43,1.51
LatviaVirsliga,2025,2025-08-02,Super Nova,BFC Daugavpils,1,1,1.71,2.44,0.95,2.44,7.0,18.0,0.41,1.01
LatviaVirsliga,2025,2025-08-02,FS Jelgava,Liepāja,1,2,1.21,2.17,1.21,1.41,15.0,11.0,0.69,0.42
LatviaVirsliga,2025,2025-07-27,Riga FC,Metta,3,2,3.5,1.17,3.5,0.41,25.0,4.0,2.32,0.28
LatviaVirsliga,2025,2025-07-27,Liepāja,Auda,2,0,1.83,0.42,1.83,0.42,12.0,9.0,0.67,0.56
LatviaVirsliga,2025,2025-07-27,BFC Daugavpils,FS Jelgava,2,0,2.8,1.95,2.8,1.95,10.0,14.0,0.51,1.84
LatviaVirsliga,2025,2025-07-26,RFS,Tukums,6,2,3.94,0.56,3.94,0.56,28.0,5.0,1.44,0.32
LatviaVirsliga,2025,2025-07-26,Super Nova,Grobiņa,0,0,0.64,2.09,0.64,2.09,10.0,11.0,0.44,0.9
LatviaVirsliga,2025,2025-07-21,Tukums,Grobiņa,2,1,1.32,1.68,1.32,0.92,13.0,10.0,0.74,0.49
LatviaVirsliga,2025,2025-07-20,FS Jelgava,Super Nova,1,0,2.94,0.0,2.94,0.0,25.0,0.0,1.18,0.38
LatviaVirsliga,2025,2025-07-20,Auda,BFC Daugavpils,1,3,2.18,3.56,2.18,2.04,17.0,14.0,0.96,0.74
LatviaVirsliga,2025,2025-07-19,Metta,RFS,0,4,0.54,2.55,0.54,1.79,8.0,18.0,0.43,1.0
LatviaVirsliga,2025,2025-07-19,Liepāja,Riga FC,2,3,2.21,2.15,1.45,1.39,9.0,13.0,0.36,0.38
LatviaVirsliga,2025,2025-07-06,Riga FC,BFC Daugavpils,1,1,3.41,1.77,3.41,1.77,21.0,12.0,1.85,0.44
LatviaVirsliga,2025,2025-07-06,Super Nova,Tukums,1,0,1.11,1.73,0.35,1.73,3.0,20.0,0.04,1.61
LatviaVirsliga,2025,2025-07-06,Grobiņa,Metta,0,1,1.57,0.77,1.57,0.77,15.0,8.0,1.03,0.59
LatviaVirsliga,2025,2025-07-05,Auda,FS Jelgava,2,0,1.69,1.83,1.69,1.83,14.0,14.0,0.77,0.66
LatviaVirsliga,2025,2025-07-04,RFS,Liepāja,2,1,2.62,2.16,2.62,2.16,12.0,19.0,1.01,0.77
LatviaVirsliga,2025,2025-07-02,Metta,Tukums,0,3,1.98,3.03,1.98,3.03,18.0,18.0,1.02,0.77
LatviaVirsliga,2025,2025-07-01,Riga FC,FS Jelgava,3,0,3.46,2.12,3.46,2.12,19.0,9.0,0.7,0.35
LatviaVirsliga,2025,2025-07-01,Super Nova,Auda,0,1,1.28,1.34,1.28,1.34,11.0,15.0,0.64,0.98
LatviaVirsliga,2025,2025-06-30,Liepāja,Grobiņa,2,0,2.52,1.26,2.52,1.26,13.0,12.0,1.47,0.67
LatviaVirsliga,2025,2025-06-30,BFC Daugavpils,RFS,1,7,0.49,3.29,0.49,3.29,6.0,20.0,0.17,1.07
LatviaVirsliga,2025,2025-06-27,Super Nova,Metta,1,1,2.64,2.8,2.64,2.8,20.0,12.0,1.55,1.28
LatviaVirsliga,2025,2025-06-27,Auda,Riga FC,1,3,1.38,4.1,1.38,4.1,14.0,26.0,0.49,1.32
LatviaVirsliga,2025,2025-06-26,FS Jelgava,RFS,0,1,0.9,3.41,0.9,3.41,7.0,26.0,0.4,1.57
LatviaVirsliga,2025,2025-06-26,BFC Daugavpils,Grobiņa,3,2,1.84,1.53,1.84,1.53,7.0,14.0,1.38,0.44
LatviaVirsliga,2025,2025-06-25,Tukums,Liepāja,1,3,0.26,2.83,0.26,2.83,4.0,22.0,0.62,0.85
LatviaVirsliga,2025,2025-06-22,RFS,Auda,1,0,1.6,0.66,1.6,0.66,13.0,7.0,1.04,0.34
LatviaVirsliga,2025,2025-06-22,Riga FC,Super Nova,2,0,3.16,0.2,3.16,0.2,23.0,5.0,0.88,0.2
LatviaVirsliga,2025,2025-06-22,FS Jelgava,Grobiņa,0,1,1.0,2.45,1.0,2.45,10.0,15.0,0.45,0.83
LatviaVirsliga,2025,2025-06-21,Liepāja,Metta,1,0,1.54,1.95,1.54,1.95,22.0,11.0,1.22,0.54
LatviaVirsliga,2025,2025-06-21,BFC Daugavpils,Tukums,1,2,2.55,1.74,2.55,0.98,24.0,10.0,1.32,0.27
LatviaVirsliga,2025,2025-06-18,Riga FC,RFS,3,1,1.85,1.27,1.85,1.27,14.0,8.0,0.83,0.6
LatviaVirsliga,2025,2025-06-18,Grobiņa,Auda,1,2,2.46,2.14,2.46,2.14,16.0,15.0,0.54,1.56
LatviaVirsliga,2025,2025-06-17,Super Nova,Liepāja,1,3,1.53,3.76,0.77,3.76,10.0,22.0,0.59,1.58
LatviaVirsliga,2025,2025-06-17,Tukums,FS Jelgava,1,1,1.24,1.54,1.24,1.54,15.0,9.0,1.16,0.77
LatviaVirsliga,2025,2025-06-17,Metta,BFC Daugavpils,2,2,1.47,2.6,1.47,1.08,13.0,15.0,0.32,0.7
LatviaVirsliga,2025,2025-06-14,RFS,Super Nova,2,1,2.88,0.31,2.88,0.31,22.0,2.0,2.19,0.14
LatviaVirsliga,2025,2025-06-14,Grobiņa,Riga FC,0,2,0.74,2.39,0.74,2.39,4.0,13.0,0.67,1.08
LatviaVirsliga,2025,2025-06-13,FS Jelgava,Metta,2,1,2.57,0.72,2.57,0.72,27.0,4.0,1.23,0.52
LatviaVirsliga,2025,2025-06-13,Liepāja,BFC Daugavpils,1,1,1.23,1.6,1.23,0.84,7.0,10.0,0.97,0.24
LatviaVirsliga,2025,2025-06-13,Tukums,Auda,2,4,1.38,4.25,1.38,2.73,12.0,21.0,0.61,1.02
LatviaVirsliga,2025,2025-06-01,Super Nova,BFC Daugavpils,4,1,3.2,1.99,3.2,1.99,15.0,13.0,1.46,0.79
LatviaVirsliga,2025,2025-05-31,RFS,Grobiņa,6,0,2.72,0.49,2.72,0.49,17.0,3.0,1.38,0.13
LatviaVirsliga,2025,2025-05-31,Riga FC,Tukums,3,0,5.37,0.45,5.37,0.45,29.0,7.0,2.42,0.24
LatviaVirsliga,2025,2025-05-30,FS Jelgava,Liepāja,0,1,1.02,2.03,1.02,2.03,11.0,14.0,0.57,0.72
LatviaVirsliga,2025,2025-05-29,Auda,Metta,4,1,4.78,0.97,3.26,0.97,32.0,11.0,1.03,0.39
LatviaVirsliga,2025,2025-05-26,Grobiņa,Super Nova,1,1,0.52,2.46,0.52,2.46,4.0,20.0,0.42,0.75
LatviaVirsliga,2025,2025-05-25,Tukums,RFS,2,5,0.96,3.08,0.96,3.08,8.0,22.0,0.37,1.13
LatviaVirsliga,2025,2025-05-25,BFC Daugavpils,FS Jelgava,1,0,2.08,1.6,2.08,1.6,11.0,17.0,1.29,0.63
LatviaVirsliga,2025,2025-05-24,Liepāja,Auda,0,0,1.15,0.68,1.15,0.68,13.0,7.0,0.39,0.43
LatviaVirsliga,2025,2025-05-24,Metta,Riga FC,0,3,0.42,0.96,0.42,0.96,5.0,12.0,0.4,0.45
LatviaVirsliga,2025,2025-05-21,Super Nova,FS Jelgava,0,0,0.79,0.84,0.79,0.84,8.0,11.0,0.54,0.63
LatviaVirsliga,2025,2025-05-21,Grobiņa,Tukums,2,0,6.17,0.4,5.41,0.4,31.0,7.0,1.17,0.45
LatviaVirsliga,2025,2025-05-20,RFS,Metta,2,0,1.44,0.18,1.44,0.18,17.0,3.0,0.38,0.25
LatviaVirsliga,2025,2025-05-20,Auda,BFC Daugavpils,1,1,2.53,2.28,2.53,2.28,19.0,20.0,1.11,1.69
LatviaVirsliga,2025,2025-05-19,Riga FC,Liepāja,2,0,3.71,1.69,3.71,1.69,27.0,11.0,0.67,0.4
LatviaVirsliga,2025,2025-05-16,Super Nova,Tukums,1,1,2.69,1.09,1.93,1.09,16.0,13.0,0.83,1.15
LatviaVirsliga,2025,2025-05-15,Metta,Grobiņa,1,1,2.58,1.22,2.58,1.22,18.0,18.0,0.74,0.37
LatviaVirsliga,2025,2025-05-15,FS Jelgava,Auda,3,1,1.57,2.89,1.57,2.89,13.0,21.0,0.52,1.0
LatviaVirsliga,2025,2025-05-14,Liepāja,RFS,2,1,1.61,1.12,1.61,1.12,10.0,17.0,0.31,0.82
LatviaVirsliga,2025,2025-05-14,BFC Daugavpils,Riga FC,0,1,1.88,0.87,1.88,0.87,16.0,8.0,0.57,0.93
LatviaVirsliga,2025,2025-05-11,Super Nova,Auda,1,1,0.74,2.0,0.74,1.24,6.0,21.0,0.23,0.67
LatviaVirsliga,2025,2025-05-11,Tukums,Metta,2,0,2.9,1.13,2.9,1.13,21.0,11.0,1.61,0.63
LatviaVirsliga,2025,2025-05-10,Riga FC,FS Jelgava,2,0,2.22,0.54,2.22,0.54,22.0,8.0,1.01,0.46
LatviaVirsliga,2025,2025-05-10,Grobiņa,Liepāja,2,0,1.35,3.53,1.35,2.77,12.0,18.0,0.59,0.65
LatviaVirsliga,2025,2025-05-09,RFS,BFC Daugavpils,5,1,3.36,1.02,3.36,1.02,22.0,9.0,1.07,0.38
LatviaVirsliga,2025,2025-05-06,Tukums,Liepāja,2,2,2.7,3.46,1.94,3.46,14.0,30.0,0.44,1.4
LatviaVirsliga,2025,2025-05-06,Metta,Super Nova,0,2,0.87,3.23,0.87,3.23,7.0,17.0,0.42,0.87
LatviaVirsliga,2025,2025-05-05,Auda,Riga FC,1,3,1.42,2.19,0.66,1.43,9.0,11.0,0.44,1.11
LatviaVirsliga,2025,2025-05-05,FS Jelgava,RFS,2,2,1.61,2.62,1.61,2.62,13.0,16.0,0.79,0.87
LatviaVirsliga,2025,2025-05-04,Grobiņa,BFC Daugavpils,1,0,1.5,0.91,1.5,0.91,11.0,10.0,0.29,0.47
LatviaVirsliga,2025,2025-05-02,Metta,Liepāja,2,4,1.87,2.81,1.11,2.05,7.0,12.0,0.25,0.41
LatviaVirsliga,2025,2025-05-01,RFS,Auda,1,0,1.98,1.26,1.98,1.26,14.0,12.0,0.99,0.63
LatviaVirsliga,2025,2025-05-01,Super Nova,Riga FC,1,5,1.81,2.57,1.81,2.57,15.0,16.0,0.75,0.62
LatviaVirsliga,2025,2025-04-30,Tukums,BFC Daugavpils,0,0,1.21,0.87,1.21,0.87,11.0,9.0,1.1,0.31
LatviaVirsliga,2025,2025-04-29,FS Jelgava,Grobiņa,1,0,2.49,0.81,2.49,0.81,23.0,7.0,1.01,0.6
LatviaVirsliga,2025,2025-04-26,RFS,Riga FC,0,1,0.13,1.05,0.13,1.05,5.0,8.0,0.24,0.49
LatviaVirsliga,2025,2025-04-25,BFC Daugavpils,Metta,2,0,2.17,1.27,2.17,1.27,20.0,12.0,0.82,1.28
LatviaVirsliga,2025,2025-04-25,Liepāja,Super Nova,2,2,1.6,1.8,0.84,1.8,8.0,24.0,0.23,1.0
LatviaVirsliga,2025,2025-04-24,Auda,Grobiņa,2,0,4.0,0.66,4.0,0.66,30.0,3.0,0.6,0.15
LatviaVirsliga,2025,2025-04-23,FS Jelgava,Tukums,2,1,2.46,1.61,2.46,1.61,19.0,12.0,0.78,0.42
LatviaVirsliga,2025,2025-04-20,Super Nova,RFS,1,2,0.7,2.15,0.7,2.15,6.0,16.0,0.22,1.4
LatviaVirsliga,2025,2025-04-19,Riga FC,Grobiņa,3,0,2.63,0.6,2.63,0.6,14.0,3.0,1.8,0.21
LatviaVirsliga,2025,2025-04-19,BFC Daugavpils,Liepāja,4,2,2.04,2.0,1.28,2.0,12.0,20.0,0.43,1.24
LatviaVirsliga,2025,2025-04-18,Auda,Tukums,2,0,2.97,1.18,2.97,1.18,26.0,19.0,0.66,0.45
LatviaVirsliga,2025,2025-04-18,Metta,FS Jelgava,0,0,0.74,2.55,0.74,2.55,8.0,25.0,0.38,0.97
LatviaVirsliga,2025,2025-04-15,BFC Daugavpils,Super Nova,1,1,0.65,1.85,0.65,1.85,7.0,17.0,0.57,1.4
LatviaVirsliga,2025,2025-04-15,Grobiņa,RFS,1,4,1.01,4.54,1.01,3.78,3.0,25.0,0.17,1.78
LatviaVirsliga,2025,2025-04-14,Liepāja,FS Jelgava,1,0,0.68,1.37,0.68,1.37,5.0,12.0,1.05,1.05
LatviaVirsliga,2025,2025-04-13,Tukums,Riga FC,0,3,0.77,3.77,0.77,3.77,10.0,19.0,0.49,1.57
LatviaVirsliga,2025,2025-04-13,Metta,Auda,0,1,0.38,2.11,0.38,2.11,8.0,19.0,0.58,0.9
LatviaVirsliga,2025,2025-04-10,Super Nova,Grobiņa,1,1,1.66,2.27,0.9,2.27,9.0,11.0,0.58,0.65
LatviaVirsliga,2025,2025-04-10,FS Jelgava,BFC Daugavpils,4,1,2.36,1.01,2.36,1.01,15.0,11.0,0.9,0.91
LatviaVirsliga,2025,2025-04-09,RFS,Tukums,2,0,3.09,0.89,2.33,0.89,21.0,13.0,0.36,0.44
LatviaVirsliga,2025,2025-04-09,Auda,Liepāja,3,0,1.88,1.09,1.88,1.09,13.0,12.0,0.89,1.26
LatviaVirsliga,2025,2025-04-08,Riga FC,Metta,1,1,3.91,0.44,3.91,0.44,31.0,7.0,1.32,0.34
LatviaVirsliga,2025,2025-04-05,FS Jelgava,Super Nova,2,1,1.31,0.84,1.31,0.84,12.0,5.0,0.5,0.82
LatviaVirsliga,2025,2025-04-05,Tukums,Grobiņa,2,0,2.32,0.74,1.56,0.74,14.0,9.0,0.69,0.48
LatviaVirsliga,2025,2025-04-04,BFC Daugavpils,Auda,2,1,1.73,1.52,1.73,1.52,11.0,14.0,0.64,0.86
LatviaVirsliga,2025,2025-04-04,Metta,RFS,1,0,0.55,1.5,0.55,1.5,7.0,15.0,0.05,1.81
LatviaVirsliga,2025,2025-04-03,Liepāja,Riga FC,2,5,0.76,3.58,0.76,2.82,5.0,18.0,0.2,1.12
LatviaVirsliga,2025,2025-03-31,Tukums,Super Nova,2,2,1.67,2.06,1.67,1.3,10.0,19.0,0.93,1.07
LatviaVirsliga,2025,2025-03-30,Auda,FS Jelgava,2,0,2.26,1.32,2.26,1.32,17.0,6.0,0.65,0.53
LatviaVirsliga,2025,2025-03-30,Grobiņa,Metta,2,4,2.37,1.83,1.61,1.83,13.0,17.0,0.95,0.26
LatviaVirsliga,2025,2025-03-29,RFS,Liepāja,4,1,2.77,1.12,2.77,1.12,15.0,10.0,1.37,0.42
LatviaVirsliga,2025,2025-03-29,Riga FC,BFC Daugavpils,1,2,6.48,1.26,6.48,1.26,39.0,5.0,2.01,0.2
LatviaVirsliga,2025,2025-03-16,Auda,Super Nova,1,0,1.98,0.25,1.98,0.25,18.0,6.0,0.89,0.31
LatviaVirsliga,2025,2025-03-16,Liepāja,Grobiņa,4,1,1.02,2.59,1.02,2.59,10.0,9.0,0.41,0.59
LatviaVirsliga,2025,2025-03-16,Metta,Tukums,3,2,2.37,1.5,2.37,1.5,11.0,12.0,0.54,1.1
LatviaVirsliga,2025,2025-03-15,BFC Daugavpils,RFS,1,2,0.69,2.62,0.69,2.62,4.0,12.0,0.23,0.88
LatviaVirsliga,2025,2025-03-15,FS Jelgava,Riga FC,1,1,0.55,2.44,0.55,2.44,5.0,14.0,0.52,0.89
LatviaVirsliga,2025,2025-03-12,Liepāja,Tukums,0,0,1.09,0.95,1.09,0.95,6.0,11.0,0.78,0.16
LatviaVirsliga,2025,2025-03-12,Super Nova,Metta,4,0,2.56,0.92,2.56,0.92,21.0,10.0,0.51,0.46
LatviaVirsliga,2025,2025-03-11,Grobiņa,BFC Daugavpils,3,2,1.41,1.14,1.41,1.14,12.0,8.0,0.29,0.42
LatviaVirsliga,2025,2025-03-11,RFS,FS Jelgava,1,0,4.26,0.8,4.26,0.8,32.0,13.0,2.2,0.31
LatviaVirsliga,2025,2025-03-10,Riga FC,Auda,2,2,3.58,2.05,3.58,1.29,26.0,13.0,1.86,0.99
LatviaVirsliga,2025,2025-03-07,BFC Daugavpils,Tukums,3,0,1.44,0.85,1.44,0.85,14.0,10.0,0.82,0.62
LatviaVirsliga,2025,2025-03-07,Liepāja,Metta,4,0,1.24,0.39,1.24,0.39,9.0,5.0,0.56,0.25
LatviaVirsliga,2025,2025-03-06,Grobiņa,FS Jelgava,1,1,1.79,1.87,1.79,1.87,14.0,14.0,0.96,0.74
LatviaVirsliga,2025,2025-03-06,Riga FC,Super Nova,2,0,2.48,0.19,2.48,0.19,17.0,3.0,1.23,0.22
LatviaVirsliga,2025,2025-03-05,Auda,RFS,1,2,1.85,0.88,1.85,0.88,16.0,9.0,0.8,0.51
LatviaVirsliga,2026,2026-09-13,Daugavpils,RFS,1,2,1.16,2.1,1.16,1.34,11.0,14.0,0.31,2.11
LatviaVirsliga,2026,2026-09-12,Grobiņa,Jelgava,0,0,1.1,2.39,1.1,1.63,11.0,18.0,0.52,1.07
LatviaVirsliga,2026,2026-09-11,Riga FC,Auda,2,2,2.56,1.0,2.56,1.0,12.0,12.0,1.23,0.54
LatviaVirsliga,2026,2026-09-11,Ogre United,Liepāja,2,2,0.48,2.74,0.48,1.98,9.0,24.0,0.35,1.17
LatviaVirsliga,2026,2026-09-10,Super Nova,Tukums,1,0,1.67,0.95,1.67,0.95,11.0,10.0,0.6,0.86
LatviaVirsliga,2026,2026-09-07,RFS,Liepāja,0,0,3.0,0.52,3.0,0.52,24.0,10.0,1.51,0.46
LatviaVirsliga,2026,2026-09-07,Riga FC,Daugavpils,1,1,1.74,0.55,1.74,0.55,16.0,5.0,0.83,0.13
LatviaVirsliga,2026,2026-09-06,Auda,Grobiņa,1,0,1.55,0.33,1.55,0.33,24.0,6.0,0.55,0.21
LatviaVirsliga,2026,2026-09-05,Jelgava,Super Nova,0,1,0.38,1.49,0.38,1.49,6.0,15.0,0.49,0.4
LatviaVirsliga,2026,2026-09-05,Tukums,Ogre United,2,1,2.08,1.31,2.08,1.31,14.0,12.0,0.99,0.35
LatviaVirsliga,2026,2026-08-31,Liepāja,Riga FC,3,2,2.23,2.73,1.47,2.73,9.0,18.0,0.57,0.87
LatviaVirsliga,2026,2026-08-30,Ogre United,RFS,0,3,0.2,3.43,0.2,1.91,8.0,19.0,0.36,0.91
LatviaVirsliga,2026,2026-08-29,Auda,Super Nova,1,1,1.95,1.27,1.95,1.27,28.0,8.0,1.4,0.51
LatviaVirsliga,2026,2026-08-29,Tukums,Jelgava,1,4,0.9,4.54,0.9,4.54,12.0,26.0,0.62,0.93
LatviaVirsliga,2026,2026-08-29,Grobiņa,Daugavpils,1,0,1.51,1.5,1.51,1.5,17.0,20.0,0.79,0.92
LatviaVirsliga,2026,2026-08-25,Auda,Liepāja,1,0,0.96,0.69,0.96,0.69,8.0,8.0,0.71,0.17
LatviaVirsliga,2026,2026-08-23,RFS,Riga FC,3,3,0.59,2.54,0.59,1.78,7.0,14.0,0.45,0.62
LatviaVirsliga,2026,2026-08-22,Ogre United,Jelgava,2,3,2.64,2.33,1.88,2.33,15.0,17.0,0.48,1.01
LatviaVirsliga,2026,2026-08-22,Super Nova,Daugavpils,0,0,0.45,1.5,0.45,1.5,6.0,16.0,0.24,0.76
LatviaVirsliga,2026,2026-08-21,Liepāja,Grobiņa,3,1,2.95,1.02,2.19,1.02,19.0,16.0,0.86,0.6
LatviaVirsliga,2026,2026-08-21,Auda,Tukums,3,0,1.5,0.18,1.5,0.18,14.0,2.0,0.32,0.31
LatviaVirsliga,2026,2026-08-10,RFS,Grobiņa,6,1,5.04,0.23,5.04,0.23,28.0,6.0,0.91,0.19
LatviaVirsliga,2026,2026-08-09,Riga FC,Ogre United,4,1,1.35,1.08,1.35,1.08,13.0,16.0,0.73,0.33
LatviaVirsliga,2026,2026-08-09,Jelgava,Auda,0,1,0.6,1.26,0.6,1.26,6.0,14.0,0.94,0.58
LatviaVirsliga,2026,2026-08-09,Super Nova,Liepāja,1,2,2.13,2.29,2.13,2.29,15.0,16.0,1.41,1.61
LatviaVirsliga,2026,2026-08-08,Daugavpils,Tukums,2,0,1.57,1.98,1.57,1.98,15.0,7.0,1.24,0.55
LatviaVirsliga,2026,2026-08-02,Riga FC,Grobiņa,4,0,4.04,0.61,4.04,0.61,22.0,6.0,1.68,0.54
LatviaVirsliga,2026,2026-08-02,Tukums,Liepāja,2,1,2.33,3.64,2.33,3.64,14.0,20.0,0.84,1.29
LatviaVirsliga,2026,2026-08-01,Daugavpils,Jelgava,2,1,2.32,2.17,2.32,2.17,23.0,11.0,1.17,0.7
LatviaVirsliga,2026,2026-07-27,Grobiņa,Ogre United,2,2,2.92,1.2,2.92,1.2,22.0,15.0,1.06,0.61
LatviaVirsliga,2026,2026-07-27,Tukums,RFS,0,1,1.01,2.3,1.01,2.3,9.0,19.0,0.75,1.32
LatviaVirsliga,2026,2026-07-26,Auda,Daugavpils,1,0,1.1,0.6,1.1,0.6,11.0,7.0,0.37,0.45
LatviaVirsliga,2026,2026-07-26,Jelgava,Liepāja,0,2,0.91,4.28,0.91,4.28,12.0,23.0,0.56,1.52
LatviaVirsliga,2026,2026-07-20,Super Nova,Grobiņa,2,0,3.38,1.82,3.38,1.82,18.0,14.0,0.95,0.9
LatviaVirsliga,2026,2026-07-20,Jelgava,RFS,0,1,0.52,1.57,0.52,1.57,11.0,17.0,0.67,1.38
LatviaVirsliga,2026,2026-07-19,Ogre United,Daugavpils,0,4,1.11,3.19,1.11,3.19,16.0,11.0,0.26,0.83
LatviaVirsliga,2026,2026-07-18,Riga FC,Tukums,3,1,3.15,1.11,3.15,1.11,22.0,8.0,1.07,0.36
LatviaVirsliga,2026,2026-07-06,Super Nova,Ogre United,1,2,2.6,0.91,2.6,0.91,15.0,20.0,1.22,0.71
LatviaVirsliga,2026,2026-07-05,Grobiņa,Tukums,3,1,2.58,1.04,2.58,1.04,14.0,13.0,0.22,0.57
LatviaVirsliga,2026,2026-07-04,RFS,Auda,1,1,0.79,0.8,0.03,0.8,3.0,8.0,0.38,0.29
LatviaVirsliga,2026,2026-07-04,Daugavpils,Liepāja,3,1,1.79,1.97,1.79,1.97,14.0,15.0,0.91,0.98
LatviaVirsliga,2026,2026-07-03,Riga FC,Jelgava,3,0,2.68,0.67,2.68,0.67,26.0,7.0,1.27,0.43
LatviaVirsliga,2026,2026-07-01,Tukums,Super Nova,1,2,0.85,1.71,0.85,0.95,11.0,10.0,0.57,0.41
LatviaVirsliga,2026,2026-06-30,Liepāja,Ogre United,4,0,3.66,1.17,3.66,1.17,23.0,17.0,1.92,0.32
LatviaVirsliga,2026,2026-06-30,RFS,Daugavpils,3,1,2.06,0.54,2.06,0.54,15.0,11.0,1.34,0.55
LatviaVirsliga,2026,2026-06-29,Auda,Riga FC,0,2,1.15,2.84,1.15,2.08,10.0,14.0,0.76,0.76
LatviaVirsliga,2026,2026-06-29,Jelgava,Grobiņa,2,0,1.3,0.73,1.3,0.73,10.0,11.0,0.8,0.74
LatviaVirsliga,2026,2026-06-26,Liepāja,RFS,0,2,1.07,2.42,1.07,1.66,9.0,16.0,0.79,1.47
LatviaVirsliga,2026,2026-06-26,Ogre United,Tukums,3,2,1.96,1.57,1.2,1.57,13.0,24.0,0.62,0.84
LatviaVirsliga,2026,2026-06-25,Super Nova,Jelgava,1,5,1.08,2.43,1.08,1.67,9.0,16.0,0.86,0.45
LatviaVirsliga,2026,2026-06-25,Daugavpils,Riga FC,0,0,1.01,2.12,1.01,2.12,11.0,14.0,0.47,1.58
LatviaVirsliga,2026,2026-06-25,Grobiņa,Auda,0,0,0.66,1.47,0.66,1.47,2.0,23.0,0.37,1.56
LatviaVirsliga,2026,2026-06-22,RFS,Ogre United,6,0,4.55,0.39,3.79,0.39,24.0,5.0,2.29,0.14
LatviaVirsliga,2026,2026-06-21,Riga FC,Liepāja,4,0,3.45,0.99,2.69,0.99,15.0,8.0,0.49,0.57
LatviaVirsliga,2026,2026-06-21,Jelgava,Tukums,4,1,2.52,1.45,2.52,1.45,20.0,12.0,1.35,0.73
LatviaVirsliga,2026,2026-06-21,Super Nova,Auda,0,2,0.19,2.95,0.19,2.19,4.0,14.0,0.12,1.06
LatviaVirsliga,2026,2026-06-20,Daugavpils,Grobiņa,1,0,2.69,1.46,1.17,1.46,12.0,11.0,1.43,0.65
LatviaVirsliga,2026,2026-06-17,Riga FC,RFS,2,1,1.51,1.09,1.51,1.09,9.0,10.0,0.2,0.9
LatviaVirsliga,2026,2026-06-17,Tukums,Auda,2,1,1.2,3.06,1.2,3.06,9.0,21.0,0.33,1.23
LatviaVirsliga,2026,2026-06-17,Jelgava,Ogre United,0,2,1.57,1.81,0.81,1.81,16.0,15.0,0.57,0.48
LatviaVirsliga,2026,2026-06-16,Grobiņa,Liepāja,1,0,0.84,2.25,0.84,2.25,9.0,24.0,0.15,2.03
LatviaVirsliga,2026,2026-06-16,Daugavpils,Super Nova,0,0,1.86,1.07,1.86,1.07,18.0,10.0,0.81,0.55
LatviaVirsliga,2026,2026-06-13,Auda,Jelgava,1,1,1.14,0.73,1.14,0.73,14.0,9.0,0.52,0.32
LatviaVirsliga,2026,2026-06-13,Grobiņa,RFS,1,3,0.92,1.52,0.16,1.52,3.0,9.0,0.32,0.76
LatviaVirsliga,2026,2026-06-13,Ogre United,Riga FC,1,4,0.51,4.48,0.51,3.72,5.0,32.0,0.54,1.98
LatviaVirsliga,2026,2026-06-12,Liepāja,Super Nova,2,1,1.88,0.86,1.12,0.86,8.0,13.0,0.43,0.77
LatviaVirsliga,2026,2026-06-12,Tukums,Daugavpils,1,1,1.67,2.22,1.67,2.22,16.0,21.0,0.83,1.7
LatviaVirsliga,2026,2026-05-31,Jelgava,Daugavpils,1,1,2.03,2.25,2.03,2.25,17.0,22.0,0.74,0.82
LatviaVirsliga,2026,2026-05-30,Auda,Ogre United,2,0,2.77,0.85,2.01,0.85,15.0,7.0,1.3,0.4
LatviaVirsliga,2026,2026-05-30,Liepāja,Tukums,3,0,3.36,1.9,2.6,1.9,18.0,17.0,0.86,0.99
LatviaVirsliga,2026,2026-05-29,Super Nova,RFS,1,2,0.91,4.82,0.15,4.06,4.0,23.0,0.12,1.89
LatviaVirsliga,2026,2026-05-29,Riga FC,Grobiņa,2,0,1.39,0.75,1.39,0.75,15.0,7.0,1.38,0.24
LatviaVirsliga,2026,2026-05-26,Daugavpils,Auda,0,1,0.93,1.36,0.93,1.36,9.0,13.0,0.48,0.51
LatviaVirsliga,2026,2026-05-26,Jelgava,Liepāja,1,1,2.64,1.54,2.64,1.54,18.0,18.0,0.72,1.27
LatviaVirsliga,2026,2026-05-25,RFS,Tukums,3,1,2.59,1.22,2.59,1.22,17.0,7.0,1.26,0.3
LatviaVirsliga,2026,2026-05-25,Ogre United,Grobiņa,1,1,0.62,1.45,0.62,1.45,6.0,17.0,0.86,1.3
LatviaVirsliga,2026,2026-05-24,Riga FC,Super Nova,3,0,1.83,0.49,1.83,0.49,14.0,9.0,1.03,0.23
LatviaVirsliga,2026,2026-05-22,Auda,Liepāja,3,1,1.87,1.57,1.87,0.81,16.0,9.0,0.84,0.62
LatviaVirsliga,2026,2026-05-21,RFS,Jelgava,4,0,3.11,0.33,3.11,0.33,23.0,5.0,1.62,0.61
LatviaVirsliga,2026,2026-05-21,Daugavpils,Ogre United,3,1,2.9,1.3,2.14,1.3,16.0,16.0,0.85,0.6
LatviaVirsliga,2026,2026-05-20,Grobiņa,Super Nova,0,2,1.24,2.26,1.24,1.5,11.0,9.0,0.5,0.44
LatviaVirsliga,2026,2026-05-20,Tukums,Riga FC,1,3,1.24,1.52,1.24,1.52,10.0,14.0,0.32,0.97
LatviaVirsliga,2026,2026-05-17,Liepāja,Daugavpils,2,1,1.91,1.25,1.15,1.25,10.0,9.0,0.52,0.87
LatviaVirsliga,2026,2026-05-17,Auda,RFS,0,3,0.47,3.3,0.47,3.3,10.0,16.0,0.2,1.05
LatviaVirsliga,2026,2026-05-16,Riga FC,Jelgava,2,2,3.4,1.34,3.4,1.34,24.0,9.0,1.81,0.25
LatviaVirsliga,2026,2026-05-16,Super Nova,Ogre United,3,1,2.03,1.78,1.27,1.78,15.0,14.0,0.77,0.65
LatviaVirsliga,2026,2026-05-15,Grobiņa,Tukums,3,3,2.53,2.11,2.53,2.11,15.0,14.0,1.04,1.05
LatviaVirsliga,2026,2026-05-13,Daugavpils,RFS,0,1,0.53,2.74,0.53,2.74,7.0,21.0,0.4,1.43
LatviaVirsliga,2026,2026-05-12,Riga FC,Auda,4,1,1.92,0.87,1.92,0.87,18.0,5.0,1.19,0.47
LatviaVirsliga,2026,2026-05-12,Liepāja,Ogre United,4,1,4.22,1.04,3.46,0.28,16.0,6.0,0.75,0.4
LatviaVirsliga,2026,2026-05-11,Super Nova,Tukums,1,1,0.52,2.35,0.52,2.35,6.0,18.0,0.52,1.26
LatviaVirsliga,2026,2026-05-11,Grobiņa,Jelgava,0,0,0.27,0.9,0.27,0.9,7.0,11.0,0.41,0.64
LatviaVirsliga,2026,2026-05-08,RFS,Liepāja,5,0,3.42,0.9,2.66,0.9,16.0,17.0,0.65,0.36
LatviaVirsliga,2026,2026-05-08,Daugavpils,Riga FC,1,3,0.59,2.42,0.59,2.42,10.0,14.0,0.6,1.45
LatviaVirsliga,2026,2026-05-07,Auda,Grobiņa,7,0,2.57,1.2,2.57,1.2,18.0,3.0,0.83,0.24
LatviaVirsliga,2026,2026-05-07,Tukums,Ogre United,6,1,2.24,1.16,2.24,1.16,16.0,11.0,0.96,0.63
LatviaVirsliga,2026,2026-05-06,Jelgava,Super Nova,1,0,1.88,0.77,1.88,0.77,15.0,9.0,1.13,0.55
LatviaVirsliga,2026,2026-05-03,Riga FC,Liepāja,1,0,1.79,0.58,1.79,0.58,17.0,9.0,1.23,0.41
LatviaVirsliga,2026,2026-05-02,Ogre United,RFS,3,4,2.02,7.24,1.26,6.48,5.0,29.0,0.28,3.11
LatviaVirsliga,2026,2026-05-02,Grobiņa,Daugavpils,1,1,1.45,1.83,1.45,1.83,12.0,17.0,0.56,0.56
LatviaVirsliga,2026,2026-05-01,Super Nova,Auda,1,2,0.47,1.72,0.47,1.72,5.0,15.0,0.38,1.56
LatviaVirsliga,2026,2026-05-01,Tukums,Jelgava,5,0,2.17,0.99,2.17,0.99,17.0,9.0,0.57,0.99
LatviaVirsliga,2026,2026-04-28,RFS,Riga FC,3,3,1.15,2.23,1.15,2.23,12.0,7.0,0.48,0.68
LatviaVirsliga,2026,2026-04-28,Liepāja,Grobiņa,1,1,0.51,1.61,0.51,1.61,8.0,17.0,0.36,0.97
LatviaVirsliga,2026,2026-04-27,Ogre United,Jelgava,0,1,0.81,1.1,0.81,1.1,14.0,13.0,0.79,0.99
LatviaVirsliga,2026,2026-04-27,Daugavpils,Super Nova,0,1,1.39,0.59,1.39,0.59,12.0,8.0,0.76,0.34
LatviaVirsliga,2026,2026-04-26,Auda,Tukums,2,1,1.0,0.92,1.0,0.92,10.0,5.0,0.83,0.28
LatviaVirsliga,2026,2026-04-23,Super Nova,Liepāja,1,2,0.72,3.03,0.72,3.03,6.0,19.0,0.46,1.12
LatviaVirsliga,2026,2026-04-22,Riga FC,Ogre United,4,0,4.13,0.45,4.13,0.45,22.0,3.0,2.06,0.23
LatviaVirsliga,2026,2026-04-22,Grobiņa,RFS,0,1,0.16,2.36,0.16,2.36,2.0,20.0,0.1,1.83
LatviaVirsliga,2026,2026-04-21,Jelgava,Auda,2,3,1.31,2.98,1.31,2.98,6.0,15.0,0.54,1.49
LatviaVirsliga,2026,2026-04-21,Tukums,Daugavpils,1,1,1.12,0.74,1.12,0.74,12.0,15.0,0.73,0.53
LatviaVirsliga,2026,2026-04-18,RFS,Super Nova,2,0,2.97,0.11,2.97,0.11,17.0,2.0,1.61,0.51
LatviaVirsliga,2026,2026-04-18,Grobiņa,Riga FC,0,3,0.26,2.42,0.26,2.42,4.0,22.0,0.96,1.77
LatviaVirsliga,2026,2026-04-17,Ogre United,Auda,1,1,1.47,1.63,1.47,1.63,10.0,15.0,0.5,0.94
LatviaVirsliga,2026,2026-04-17,Tukums,Liepāja,2,2,1.91,2.74,1.91,2.74,12.0,15.0,0.83,1.22
LatviaVirsliga,2026,2026-04-16,Daugavpils,Jelgava,1,0,2.27,1.49,2.27,1.49,15.0,6.0,0.69,0.39
LatviaVirsliga,2026,2026-04-14,Super Nova,Riga FC,1,4,0.57,3.09,0.57,3.09,6.0,19.0,0.29,1.55
LatviaVirsliga,2026,2026-04-13,Ogre United,Grobiņa,1,1,1.18,3.81,1.18,3.05,10.0,13.0,0.38,1.84
LatviaVirsliga,2026,2026-04-13,Tukums,RFS,1,2,1.0,3.87,1.0,3.87,4.0,22.0,0.4,2.71
LatviaVirsliga,2026,2026-04-12,Liepāja,Jelgava,1,1,3.33,1.36,3.33,1.36,16.0,12.0,1.35,0.62
LatviaVirsliga,2026,2026-04-12,Auda,Daugavpils,2,3,2.86,0.98,2.86,0.98,14.0,11.0,0.82,0.62
LatviaVirsliga,2026,2026-04-09,Riga FC,Tukums,3,3,5.11,1.77,5.11,1.01,25.0,6.0,2.45,0.17
LatviaVirsliga,2026,2026-04-09,Grobiņa,Super Nova,0,1,1.42,1.41,1.42,0.65,10.0,10.0,0.5,0.4
LatviaVirsliga,2026,2026-04-08,Jelgava,RFS,0,1,0.31,3.44,0.31,1.92,5.0,17.0,0.32,0.83
LatviaVirsliga,2026,2026-04-08,Liepāja,Auda,1,2,0.7,1.22,0.7,1.22,4.0,12.0,0.4,0.85
LatviaVirsliga,2026,2026-04-07,Daugavpils,Ogre United,2,1,1.92,2.0,1.92,1.24,20.0,17.0,0.87,0.84
LatviaVirsliga,2026,2026-04-05,Tukums,Grobiņa,1,1,0.77,1.16,0.77,1.16,8.0,11.0,0.28,0.39
LatviaVirsliga,2026,2026-04-04,Jelgava,Riga FC,0,8,0.77,6.64,0.77,5.88,10.0,24.0,0.55,2.53
LatviaVirsliga,2026,2026-04-04,RFS,Auda,0,1,1.96,0.53,1.96,0.53,19.0,9.0,1.44,0.36
LatviaVirsliga,2026,2026-04-03,Daugavpils,Liepāja,2,0,2.34,1.36,2.34,1.36,16.0,14.0,0.61,0.95
LatviaVirsliga,2026,2026-04-03,Ogre United,Super Nova,1,2,0.59,1.75,0.59,1.75,8.0,13.0,0.1,0.8
LatviaVirsliga,2026,2026-03-22,Tukums,Super Nova,1,2,2.17,1.23,2.17,1.23,11.0,12.0,0.81,0.51
LatviaVirsliga,2026,2026-03-21,Jelgava,Grobiņa,0,1,1.06,1.03,1.06,1.03,12.0,6.0,0.95,0.36
LatviaVirsliga,2026,2026-03-21,RFS,Daugavpils,4,1,5.16,0.79,5.16,0.79,19.0,8.0,1.56,0.27
LatviaVirsliga,2026,2026-03-20,Ogre United,Liepāja,0,1,0.54,3.69,0.54,2.93,9.0,19.0,0.3,1.21
LatviaVirsliga,2026,2026-03-20,Auda,Riga FC,1,2,1.75,3.06,0.99,3.06,14.0,19.0,0.69,1.2
LatviaVirsliga,2026,2026-03-15,Ogre United,Tukums,1,1,0.76,1.63,0.76,1.63,13.0,16.0,0.75,0.86
LatviaVirsliga,2026,2026-03-15,Super Nova,Jelgava,1,1,0.77,1.85,0.77,1.85,16.0,15.0,0.4,0.42
LatviaVirsliga,2026,2026-03-14,Riga FC,Daugavpils,4,2,4.96,1.44,4.2,1.44,18.0,8.0,1.9,0.61
LatviaVirsliga,2026,2026-03-14,Grobiņa,Auda,0,2,0.52,2.88,0.52,2.88,5.0,22.0,0.19,1.25
LatviaVirsliga,2026,2026-03-13,Liepāja,RFS,0,1,0.27,0.86,0.27,0.86,4.0,11.0,0.34,0.72
LatviaVirsliga,2026,2026-03-08,Auda,Super Nova,2,1,1.78,0.91,1.02,0.91,14.0,9.0,0.56,0.59
LatviaVirsliga,2026,2026-03-08,Jelgava,Tukums,2,1,1.64,1.32,1.64,1.32,11.0,16.0,0.9,1.49
LatviaVirsliga,2026,2026-03-07,Liepāja,Riga FC,2,1,2.42,1.17,0.9,1.17,11.0,13.0,1.19,0.91
LatviaVirsliga,2026,2026-03-07,Daugavpils,Grobiņa,0,1,0.52,1.17,0.52,1.17,10.0,15.0,0.49,0.89
LatviaVirsliga,2026,2026-03-06,RFS,Ogre United,2,0,2.31,0.02,2.31,0.02,21.0,1.0,2.13,0.07
