mid,date,season,ctype,comp,hid,aid,diff,gd,y
1106302,2011-11-11 12:00:00,1112,qual,WCQ_CAF,230692,5965,-435.0,-1,0
1106303,2011-11-11 12:00:00,1112,qual,WCQ_CAF,121285,5802,-419.0,-4,0
1106304,2011-11-11 12:30:00,1112,qual,WCQ_CAF,6011,5885,-103.0,0,1
1106301,2011-11-11 13:00:00,1112,qual,WCQ_CAF,121274,5884,-170.0,-3,0
1106297,2011-11-11 14:00:00,1112,qual,WCQ_CAF,4433,6321,-165.0,-2,0
1106305,2011-11-11 15:00:00,1112,qual,WCQ_CAF,4432,7941,-81.0,-1,0
1106308,2011-11-11 15:00:00,1112,qual,WCQ_CAF,8323,5809,43.0,2,2
1106299,2011-11-11 15:00:00,1112,qual,WCQ_CAF,287979,5801,-256.0,-5,0
1106306,2011-11-11 16:00:00,1112,qual,WCQ_CAF,230700,7740,-63.0,0,1
1106298,2011-11-11 18:00:00,1112,qual,WCQ_CAF,4167,121284,30.0,1,2
1106300,2011-11-12 12:45:00,1112,qual,WCQ_CAF,287978,121282,-336.0,0,1
1106317,2011-11-15 12:30:00,1112,qual,WCQ_CAF,121284,4167,93.44531936177691,1,2
1106319,2011-11-15 12:45:00,1112,qual,WCQ_CAF,5809,8323,64.38815267683731,1,2
1106320,2011-11-15 12:50:00,1112,qual,WCQ_CAF,7941,4432,271.8398911193153,-1,0
1106314,2011-11-15 13:00:00,1112,qual,WCQ_CAF,5884,121274,368.2437898812577,4,2
1106310,2011-11-15 13:30:00,1112,qual,WCQ_CAF,5885,6011,251.47729169421655,2,2
1106313,2011-11-15 14:30:00,1112,qual,WCQ_CAF,5801,287979,445.822046319106,0,1
1106316,2011-11-15 14:30:00,1112,qual,WCQ_CAF,6321,4433,358.4706108162927,4,2
1106318,2011-11-15 15:30:00,1112,qual,WCQ_CAF,7740,230700,215.82531974880385,1,2
1106312,2011-11-15 17:00:00,1112,qual,WCQ_CAF,5965,230692,601.0459166859259,3,2
1106311,2011-11-15 18:00:00,1112,qual,WCQ_CAF,5802,121285,591.3398071800902,4,2
1106315,2011-11-16 13:00:00,1112,qual,WCQ_CAF,121282,287978,466.10316632439344,5,2
1154139,2012-01-15 15:00:00,1112,qual,AFCONQ,287979,4167,-36.2948571375216,0,1
1130436,2012-01-21 18:35:00,1112,tourn,AFCON,8323,6328,-318.0294543741363,1,2
1130437,2012-01-21 21:00:00,1112,tourn,AFCON,6395,6277,73.0,-1,0
1154140,2012-01-22 13:00:00,1112,qual,AFCONQ,4167,287979,192.13139149112317,0,1
1130442,2012-01-22 16:00:00,1112,tourn,AFCON,6709,5805,397.0,1,2
1130443,2012-01-22 19:00:00,1112,tourn,AFCON,6323,6712,48.0,-1,0
1130448,2012-01-23 16:00:00,1112,tourn,AFCON,5889,121281,260.0,2,2
1130449,2012-01-23 19:00:00,1112,tourn,AFCON,6262,6719,-5.0,-1,0
1130454,2012-01-24 16:00:00,1112,tourn,AFCON,6714,5887,310.0,1,2
1130455,2012-01-24 19:00:00,1112,tourn,AFCON,5815,6289,7.0,1,2
1130438,2012-01-25 17:15:00,1112,tourn,AFCON,6328,6277,-53.26921776713698,0,1
1130439,2012-01-25 20:15:00,1112,tourn,AFCON,8323,6395,-297.7602366069991,1,2
1130444,2012-01-26 16:00:00,1112,tourn,AFCON,5805,6712,-175.0493911844992,0,1
1130445,2012-01-26 19:00:00,1112,tourn,AFCON,6709,6323,240.0493911844992,2,2
1130450,2012-01-27 16:00:00,1112,tourn,AFCON,121281,6719,-307.3593333495494,-1,0
1130451,2012-01-27 19:00:00,1112,tourn,AFCON,5889,6262,34.35933334954939,1,2
1130456,2012-01-28 16:00:00,1112,tourn,AFCON,5887,6289,-65.69101934146443,-5,0
1130457,2012-01-28 19:00:00,1112,tourn,AFCON,6714,5815,202.69101934146443,2,2
1130440,2012-01-29 18:00:00,1112,tourn,AFCON,8323,6277,-238.94258043605168,-1,0
1130441,2012-01-29 18:00:00,1112,tourn,AFCON,6328,6395,-19.744297890954385,1,2
1130447,2012-01-30 18:00:00,1112,tourn,AFCON,6709,6712,257.86698119930224,2,2
1130446,2012-01-30 18:00:00,1112,tourn,AFCON,5805,6323,-139.50352279296294,1,2
1130452,2012-01-31 18:00:00,1112,tourn,AFCON,5889,6719,-4.666937020464275,1,2
1130453,2012-01-31 18:00:00,1112,tourn,AFCON,121281,6262,-237.82462006137325,-1,0
1130458,2012-02-01 18:00:00,1112,tourn,AFCON,5887,5815,-144.53337413457643,-1,0
1130459,2012-02-01 18:00:00,1112,tourn,AFCON,6714,6289,235.83417516286477,0,1
1130460,2012-02-04 16:00:00,1112,tourn,AFCON,6277,5805,183.91834593801946,3,2
1130461,2012-02-04 19:00:00,1112,tourn,AFCON,6709,8323,464.18412483602947,3,2
1130462,2012-02-05 16:00:00,1112,tourn,AFCON,5889,5815,83.74083971742607,-1,0
1130463,2012-02-05 19:00:00,1112,tourn,AFCON,6714,6719,170.64102902115792,1,2
1130464,2012-02-08 16:00:00,1112,tourn,AFCON,6277,6714,-200.85236173378053,1,2
1130465,2012-02-08 19:00:00,1112,tourn,AFCON,5815,6709,-178.42305156929774,-1,0
1130466,2012-02-11 19:00:00,1112,tourn,AFCON,6714,5815,166.237915937269,-2,0
1171117,2012-02-12 19:30:00,1112,tourn,AFCON,6277,6709,-163.33830839105144,0,1
1154155,2012-02-29 11:35:00,1112,qual,AFCONQ,5809,5888,-96.97054562586368,-4,0
1154144,2012-02-29 12:15:00,1112,qual,AFCONQ,121284,6290,-49.530426066930886,1,2
1154153,2012-02-29 13:00:00,1112,qual,AFCONQ,7941,5965,73.18188594089429,0,1
1154141,2012-02-29 13:00:00,1112,qual,AFCONQ,121282,5883,-51.83020462538411,0,1
1154142,2012-02-29 13:30:00,1112,qual,AFCONQ,5885,6346,-206.33926375170404,0,1
1154152,2012-02-29 13:30:00,1112,qual,AFCONQ,121274,6321,-342.34835528122335,-4,0
1154151,2012-02-29 14:00:00,1112,qual,AFCONQ,4432,6020,-81.33809669450693,1,2
1154149,2012-02-29 14:00:00,1112,qual,AFCONQ,5884,7740,-6.212399579608018,1,2
1154143,2012-02-29 14:30:00,1112,qual,AFCONQ,5801,5890,-103.23556892940928,2,2
1162897,2012-02-29 15:00:00,1112,qual,AFCONQ,287979,5803,-155.62741376988197,0,1
1154156,2012-02-29 16:00:00,1112,qual,AFCONQ,5804,5802,10.417354469647535,1,2
1154150,2012-02-29 16:30:00,1112,qual,AFCONQ,230700,6629,-334.37346685013244,-1,0
1154145,2012-02-29 16:30:00,1112,qual,AFCONQ,5979,6317,25.0,-1,0
1135190,2012-06-01 17:00:00,1112,qual,WCQ_CAF,6714,4167,602.2351623558861,7,2
1135238,2012-06-01 18:00:00,1112,qual,WCQ_CAF,10255,5965,468.69231634844095,2,2
1135226,2012-06-02 13:00:00,1112,qual,WCQ_CAF,5884,6020,12.117135713239122,0,1
1135128,2012-06-02 14:00:00,1112,qual,WCQ_CAF,230693,5887,-46.994128286291925,2,2
1135272,2012-06-02 14:30:00,1112,qual,WCQ_CAF,6629,6321,304.73236123306424,1,2
1135170,2012-06-02 16:30:00,1112,qual,WCQ_CAF,5979,6262,-67.39955754418406,0,1
1135146,2012-06-02 16:30:00,1112,qual,WCQ_CAF,5803,5888,-62.70112385552898,1,2
1135191,2012-06-02 17:00:00,1112,qual,WCQ_CAF,5805,6277,-197.97993668612753,2,2
1135145,2012-06-02 17:00:00,1112,qual,WCQ_CAF,6719,8323,370.27618342364804,2,2
1135169,2012-06-02 17:00:00,1112,qual,WCQ_CAF,6709,7941,461.22270648002495,2,2
1135284,2012-06-02 18:00:00,1112,qual,WCQ_CAF,6395,5804,311.635471812029,2,2
1135206,2012-06-02 18:00:00,1112,qual,WCQ_CAF,6323,5801,91.55794709357156,-3,0
1135254,2012-06-02 19:30:00,1112,qual,WCQ_CAF,6317,5885,187.1221188036534,4,2
1135239,2012-06-03 13:00:00,1112,qual,WCQ_CAF,6290,6289,-152.76125999760916,-1,0
1135127,2012-06-03 13:00:00,1112,qual,WCQ_CAF,6316,121282,372.8685556612679,0,1
1135285,2012-06-03 15:00:00,1112,qual,WCQ_CAF,6712,5890,18.60733809061685,0,1
1135208,2012-06-03 15:00:00,1112,qual,WCQ_CAF,121281,5889,-241.81833604545523,0,1
1135225,2012-06-03 15:00:00,1112,qual,WCQ_CAF,6346,5802,442.16408095561474,1,2
1135255,2012-06-03 15:00:00,1112,qual,WCQ_CAF,5883,5815,-94.728683963496,1,2
1135273,2012-06-03 15:30:00,1112,qual,WCQ_CAF,7740,6328,-66.11416996393882,0,1
1135227,2012-06-09 12:30:00,1112,qual,WCQ_CAF,6020,6346,-174.1571863104582,0,1
1135129,2012-06-09 13:00:00,1112,qual,WCQ_CAF,5887,6316,-177.22581410794692,0,1
1135287,2012-06-09 13:00:00,1112,qual,WCQ_CAF,5890,6395,115.81785857986506,0,1
1135192,2012-06-09 13:00:00,1112,qual,WCQ_CAF,6277,6714,-27.824201273068866,1,2
1135210,2012-06-09 14:30:00,1112,qual,WCQ_CAF,5889,6323,279.67495899055757,1,2
1135211,2012-06-09 14:30:00,1112,qual,WCQ_CAF,5801,121281,254.5435604243312,1,2
1135149,2012-06-09 17:00:00,1112,qual,WCQ_CAF,8323,5803,41.1566223762627,0,1
1135228,2012-06-09 17:00:00,1112,qual,WCQ_CAF,5802,5884,35.451017135869506,1,2
1135147,2012-06-09 17:30:00,1112,qual,WCQ_CAF,5888,6719,-88.60199141753765,-1,0
1135172,2012-06-09 20:00:00,1112,qual,WCQ_CAF,6262,6709,-150.21914096826367,0,1
1135173,2012-06-10 13:00:00,1112,qual,WCQ_CAF,7941,5979,60.85052971630648,1,2
1135193,2012-06-10 13:00:00,1112,qual,WCQ_CAF,4167,5805,-152.79439491760286,0,1
1135241,2012-06-10 13:05:00,1112,qual,WCQ_CAF,5965,6290,164.0866505399017,0,1
1135130,2012-06-10 13:05:00,1112,qual,WCQ_CAF,121282,230693,134.91150194449324,2,2
1135259,2012-06-10 13:35:00,1112,qual,WCQ_CAF,5885,5883,-29.09889777098624,0,1
1135275,2012-06-10 14:30:00,1112,qual,WCQ_CAF,6321,7740,131.6834180117687,2,2
1135289,2012-06-10 16:00:00,1112,qual,WCQ_CAF,5804,6712,-141.03163005172132,0,1
1135274,2012-06-10 16:00:00,1112,qual,WCQ_CAF,6328,6629,-69.62437588859507,1,2
1135240,2012-06-10 17:00:00,1112,qual,WCQ_CAF,6289,10255,-144.1238549776724,-1,0
1135257,2012-06-10 19:00:00,1112,qual,WCQ_CAF,5815,6317,167.95533291232255,1,2
1154167,2012-06-15 18:00:00,1112,qual,AFCONQ,10255,230693,616.8040569100444,-1,0
1154161,2012-06-15 19:30:00,1112,qual,AFCONQ,6317,5979,198.60667889615956,3,2
1154164,2012-06-16 12:30:00,1112,qual,AFCONQ,6020,4432,202.10057181460934,2,2
1154159,2012-06-16 13:00:00,1112,qual,AFCONQ,5890,5801,129.03160899734144,4,2
1154163,2012-06-16 14:35:00,1112,qual,AFCONQ,6629,230700,486.5053013818226,1,2
1154158,2012-06-16 15:00:00,1112,qual,AFCONQ,6346,5885,356.06129299377494,2,2
1162898,2012-06-16 16:30:00,1112,qual,AFCONQ,5803,287979,324.74835073720556,2,2
1154170,2012-06-16 17:00:00,1112,qual,AFCONQ,5802,5804,126.6937405298961,0,1
1154169,2012-06-16 17:30:00,1112,qual,AFCONQ,5888,5809,272.98679009259763,2,2
1154166,2012-06-17 13:00:00,1112,qual,AFCONQ,5965,7941,69.94312808610835,1,2
1154160,2012-06-17 13:00:00,1112,qual,AFCONQ,6290,121284,160.93474754294675,1,2
1154165,2012-06-17 14:30:00,1112,qual,AFCONQ,6321,121274,533.9387738295876,3,2
1154157,2012-06-17 15:10:00,1112,qual,AFCONQ,5883,121282,194.8412345880588,0,1
1154162,2012-06-17 15:30:00,1112,qual,AFCONQ,7740,5884,128.77692783150405,1,2
1154154,2012-06-30 14:00:00,1112,qual,AFCONQ,230693,10255,-379.0365395604549,0,1
1251605,2012-09-08 13:00:00,1213,qual,AFCONQ,6277,5890,127.9684193138628,1,2
1251637,2012-09-08 14:00:00,1213,qual,AFCONQ,230693,6323,13.654963323144557,1,2
1251621,2012-09-08 14:30:00,1213,qual,AFCONQ,5889,7740,306.76546007135016,0,1
1251603,2012-09-08 15:30:00,1213,qual,AFCONQ,6714,6020,321.1107649219939,2,2
1251608,2012-09-08 16:30:00,1213,qual,AFCONQ,5803,6719,-188.79436090404397,0,1
1251594,2012-09-08 17:00:00,1213,qual,AFCONQ,5815,5887,337.10445013780736,3,2
1251619,2012-09-08 17:00:00,1213,qual,AFCONQ,6709,6395,336.18212701773086,2,2
1251611,2012-09-08 17:00:00,1213,qual,AFCONQ,5805,121282,93.17485317728142,2,2
1251606,2012-09-08 17:00:00,1213,qual,AFCONQ,5888,6629,-156.290805556514,2,2
1251604,2012-09-08 18:00:00,1213,qual,AFCONQ,5804,6346,-307.30780290375947,0,1
1251599,2012-09-09 13:00:00,1213,qual,AFCONQ,6290,6712,-51.59400220498833,2,2
1251607,2012-09-09 13:00:00,1213,qual,AFCONQ,5965,6262,-64.52824293001959,2,2
1251620,2012-09-09 14:30:00,1213,qual,AFCONQ,6321,8323,255.7337536014577,4,2
1251609,2012-09-09 17:00:00,1213,qual,AFCONQ,6289,121281,346.12209652506976,1,2
1251613,2012-09-09 17:00:00,1213,qual,AFCONQ,6328,6317,104.93481436190586,-1,0
1251625,2012-10-13 12:30:00,1213,qual,AFCONQ,6020,6714,-177.43719202510874,-1,0
1251623,2012-10-13 13:00:00,1213,qual,AFCONQ,5887,5815,-194.68701225542918,-3,0
1251627,2012-10-13 13:00:00,1213,qual,AFCONQ,5890,6277,6.132530326024153,0,1
1251626,2012-10-13 15:00:00,1213,qual,AFCONQ,6346,5804,438.9610826394917,5,2
1251630,2012-10-13 18:15:00,1213,qual,AFCONQ,6719,5803,328.9722534981711,0,1
1251634,2012-10-13 18:30:00,1213,qual,AFCONQ,6395,6709,-191.3230001242157,-2,0
1251629,2012-10-13 20:00:00,1213,qual,AFCONQ,6262,5965,153.5109982739209,4,2
1251632,2012-10-14 13:00:00,1213,qual,AFCONQ,121282,5805,22.54090957407834,2,2
1251628,2012-10-14 14:00:00,1213,qual,AFCONQ,6629,5888,230.98470278538525,1,2
1251631,2012-10-14 15:00:00,1213,qual,AFCONQ,121281,6289,-195.72202231093866,2,2
1251624,2012-10-14 15:00:00,1213,qual,AFCONQ,6712,6290,142.74895556074898,2,2
1251636,2012-10-14 15:30:00,1213,qual,AFCONQ,7740,5889,-118.44985595340972,1,2
1251635,2012-10-14 17:00:00,1213,qual,AFCONQ,8323,6321,-123.72680185278318,1,2
1251622,2012-10-14 18:00:00,1213,qual,AFCONQ,6323,230693,107.91631348112537,2,2
1251633,2012-10-14 19:30:00,1213,qual,AFCONQ,6317,6328,106.79183363604534,2,2
1354519,2013-01-19 16:00:00,1213,tourn,AFCON,6316,5888,147.4621477422627,0,1
1354520,2013-01-19 19:00:00,1213,tourn,AFCON,6712,6262,-86.62176668263533,0,1
1354531,2013-01-20 15:00:00,1213,tourn,AFCON,6714,6321,241.64847112360053,0,1
1354532,2013-01-20 18:00:00,1213,tourn,AFCON,5815,121281,307.56451885612273,1,2
1354522,2013-01-21 15:00:00,1213,tourn,AFCON,6277,121282,237.49634643527725,0,1
1354524,2013-01-21 18:00:00,1213,tourn,AFCON,6346,6323,253.5258251121411,0,1
1354535,2013-01-22 15:00:00,1213,tourn,AFCON,6709,7740,368.47929400331486,1,2
1354536,2013-01-22 18:00:00,1213,tourn,AFCON,6719,6317,9.345909156039625,1,2
1354521,2013-01-23 15:00:00,1213,tourn,AFCON,6316,6712,129.58521849554904,2,2
1354523,2013-01-23 18:00:00,1213,tourn,AFCON,6262,5888,72.25204464735066,0,1
1354533,2013-01-24 15:00:00,1213,tourn,AFCON,6714,5815,23.727570566873737,1,2
1354534,2013-01-24 18:00:00,1213,tourn,AFCON,121281,6321,-134.26766586682766,0,1
1354527,2013-01-25 15:00:00,1213,tourn,AFCON,6277,6346,-29.429276162849874,0,1
1354528,2013-01-25 18:00:00,1213,tourn,AFCON,6323,121282,14.852319337644758,4,2
1354538,2013-01-26 15:00:00,1213,tourn,AFCON,6709,6719,190.11157678591144,3,2
1354540,2013-01-26 18:00:00,1213,tourn,AFCON,6317,7740,131.0723978393869,-2,0
1354526,2013-01-27 17:00:00,1213,tourn,AFCON,5888,6712,31.40894453953024,1,2
1354525,2013-01-27 17:00:00,1213,tourn,AFCON,6262,6316,-84.43037249901954,0,1
1354539,2013-01-28 17:00:00,1213,tourn,AFCON,6321,5815,-173.7572263249981,0,1
1354537,2013-01-28 17:00:00,1213,tourn,AFCON,121281,6714,-359.92815360706527,-3,0
1354529,2013-01-29 17:00:00,1213,tourn,AFCON,6323,6277,-150.1924456913889,0,1
1354530,2013-01-29 17:00:00,1213,tourn,AFCON,121282,6346,-279.99370376092907,-2,0
1354541,2013-01-30 17:00:00,1213,tourn,AFCON,6317,6709,-321.06959707337614,0,1
1354542,2013-01-30 17:00:00,1213,tourn,AFCON,7740,6719,-116.11687560282235,0,1
1395518,2013-02-02 15:00:00,1213,tourn,AFCON,6714,5888,218.34118842214048,2,2
1395519,2013-02-02 18:30:00,1213,tourn,AFCON,6316,5815,-8.953006103234884,0,1
1395521,2013-02-03 15:00:00,1213,tourn,AFCON,6709,6346,154.46939599328425,-1,0
1395520,2013-02-03 18:30:00,1213,tourn,AFCON,6323,7740,-8.29651992955337,1,2
1395522,2013-02-06 15:00:00,1213,tourn,AFCON,5815,6346,-64.56432817862378,-3,0
1395523,2013-02-06 18:30:00,1213,tourn,AFCON,6323,6714,-231.88488471196183,0,1
1395526,2013-02-09 18:00:00,1213,tourn,AFCON,5815,6714,-130.04858463419987,2,2
1395527,2013-02-10 18:30:00,1213,tourn,AFCON,6346,6323,208.66107623623452,1,2
1135276,2013-03-23 14:30:00,1213,qual,WCQ_CAF,6629,7740,249.6617206003939,1,2
1135215,2013-03-23 14:35:00,1213,qual,WCQ_CAF,5801,5889,-25.815115245348352,1,2
1135229,2013-03-23 15:00:00,1213,qual,WCQ_CAF,6346,5884,501.14197886745114,0,1
1135230,2013-03-23 15:00:00,1213,qual,WCQ_CAF,5802,6020,-27.638197282284864,-1,0
1135177,2013-03-23 17:00:00,1213,qual,WCQ_CAF,6709,5979,471.4671719772364,3,2
1135290,2013-03-23 17:00:00,1213,qual,WCQ_CAF,6395,6712,156.17159393358816,0,1
1135214,2013-03-23 18:00:00,1213,qual,WCQ_CAF,6323,121281,247.25010827953315,4,2
1135151,2013-03-23 18:15:00,1213,qual,WCQ_CAF,6719,5803,293.7634649299698,1,2
1135132,2013-03-23 18:15:00,1213,qual,WCQ_CAF,6316,230693,361.3807710188994,2,2
1135178,2013-03-24 12:00:00,1213,qual,WCQ_CAF,7941,6262,-67.67468952846139,2,2
1135133,2013-03-24 13:00:00,1213,qual,WCQ_CAF,121282,5887,85.07276921135372,1,2
1135195,2013-03-24 13:00:00,1213,qual,WCQ_CAF,4167,6277,-343.57763108198355,0,1
1135243,2013-03-24 13:00:00,1213,qual,WCQ_CAF,5965,6289,-18.67318788230159,0,1
1135262,2013-03-24 13:30:00,1213,qual,WCQ_CAF,5885,5815,-182.3646601005005,-1,0
1135277,2013-03-24 14:30:00,1213,qual,WCQ_CAF,6321,6328,42.8427601959861,0,1
1135292,2013-03-24 16:00:00,1213,qual,WCQ_CAF,5804,5890,-186.07152381986452,2,2
1135154,2013-03-24 16:00:00,1213,qual,WCQ_CAF,8323,5888,-94.79403244676155,1,2
1135194,2013-03-24 16:00:00,1213,qual,WCQ_CAF,6714,5805,355.3890051899832,4,2
1135242,2013-03-26 17:00:00,1213,qual,WCQ_CAF,10255,6290,481.42479911484156,1,2
1135261,2013-03-26 19:30:00,1213,qual,WCQ_CAF,6317,5883,123.65034984613953,2,2
1135231,2013-06-05 12:30:00,1213,qual,WCQ_CAF,6020,5802,224.46292717570827,0,1
1135232,2013-06-05 13:00:00,1213,qual,WCQ_CAF,5884,6346,-305.37476541250817,-1,0
1135278,2013-06-07 15:30:00,1213,qual,WCQ_CAF,6328,6321,122.06484551232688,0,1
1135197,2013-06-07 17:00:00,1213,qual,WCQ_CAF,5805,6714,-212.56087356474723,-2,0
1135135,2013-06-08 13:00:00,1213,qual,WCQ_CAF,5887,121282,44.530434886964485,-1,0
1135293,2013-06-08 13:00:00,1213,qual,WCQ_CAF,5890,5804,256.69448334274875,1,2
1135196,2013-06-08 13:00:00,1213,qual,WCQ_CAF,6277,4167,473.3019852494697,4,2
1135136,2013-06-08 14:00:00,1213,qual,WCQ_CAF,230693,6316,-214.7042302323839,-3,0
1135217,2013-06-08 14:30:00,1213,qual,WCQ_CAF,5889,5801,142.84849759665985,0,1
1135295,2013-06-08 15:00:00,1213,qual,WCQ_CAF,6712,6395,20.687856344460215,0,1
1135181,2013-06-08 16:30:00,1213,qual,WCQ_CAF,5979,6709,-320.1686289490158,-3,0
1135158,2013-06-08 16:30:00,1213,qual,WCQ_CAF,5803,6719,-146.21461086845648,0,1
1135156,2013-06-08 17:30:00,1213,qual,WCQ_CAF,5888,8323,204.1434446821147,1,2
1135179,2013-06-08 20:00:00,1213,qual,WCQ_CAF,6262,7941,156.13327940954514,1,2
1135245,2013-06-09 13:00:00,1213,qual,WCQ_CAF,6290,10255,-326.1363751918659,-2,0
1135218,2013-06-09 15:00:00,1213,qual,WCQ_CAF,121281,6323,-116.37215137373755,-1,0
1135267,2013-06-09 15:00:00,1213,qual,WCQ_CAF,5883,6317,-3.154798490850453,-2,0
1135279,2013-06-09 15:35:00,1213,qual,WCQ_CAF,7740,6629,-105.02045840539495,-3,0
1135244,2013-06-09 17:00:00,1213,qual,WCQ_CAF,6289,5965,176.5254252947766,5,2
1135266,2013-06-09 18:00:00,1213,qual,WCQ_CAF,5815,5885,363.106119168898,0,1
1135233,2013-06-12 12:30:00,1213,qual,WCQ_CAF,6020,5884,179.97536464567725,0,1
1135234,2013-06-12 19:00:00,1213,qual,WCQ_CAF,5802,6346,-338.8664650956771,0,1
1135280,2013-06-14 16:00:00,1213,qual,WCQ_CAF,6328,7740,161.1315179019848,2,2
1135198,2013-06-15 13:00:00,1213,qual,WCQ_CAF,6277,5805,304.937778747842,0,1
1135297,2013-06-15 13:00:00,1213,qual,WCQ_CAF,5890,6712,168.04805258552074,1,2
1135137,2013-06-15 13:00:00,1213,qual,WCQ_CAF,5887,230693,72.82984766088134,1,2
1135221,2013-06-15 14:30:00,1213,qual,WCQ_CAF,5801,6323,46.637604119408024,-1,0
1135219,2013-06-15 15:00:00,1213,qual,WCQ_CAF,5889,121281,317.3619532067589,3,2
1135160,2013-06-15 17:30:00,1213,qual,WCQ_CAF,5888,5803,173.76330485055405,1,2
1135182,2013-06-15 20:00:00,1213,qual,WCQ_CAF,6262,5979,232.20401696708655,2,2
1135183,2013-06-16 12:00:00,1213,qual,WCQ_CAF,7941,6709,-286.37899042527283,-2,0
1135138,2013-06-16 13:00:00,1213,qual,WCQ_CAF,121282,6316,-172.8261139396625,1,2
1135200,2013-06-16 13:00:00,1213,qual,WCQ_CAF,4167,6714,-417.43259708875485,-2,0
1135248,2013-06-16 13:00:00,1213,qual,WCQ_CAF,5965,10255,-283.285103820157,-1,0
1135269,2013-06-16 13:30:00,1213,qual,WCQ_CAF,5885,6317,-110.33342701807578,-1,0
1135281,2013-06-16 14:30:00,1213,qual,WCQ_CAF,6321,6629,-101.91416907123585,0,1
1135298,2013-06-16 16:00:00,1213,qual,WCQ_CAF,5804,6395,-85.20012486180599,-2,0
1135161,2013-06-16 16:00:00,1213,qual,WCQ_CAF,8323,6719,-179.56336759358487,0,1
1135246,2013-06-16 17:00:00,1213,qual,WCQ_CAF,6289,6290,277.8234509710744,1,2
1135268,2013-06-16 18:00:00,1213,qual,WCQ_CAF,5815,5883,284.18687636564755,0,1
1135203,2013-09-06 16:00:00,1314,qual,WCQ_CAF,6714,6277,193.98161270356786,1,2
1135142,2013-09-07 13:30:00,1314,qual,WCQ_CAF,230693,121282,-38.4681295129958,-1,0
1135140,2013-09-07 13:30:00,1314,qual,WCQ_CAF,6316,5887,368.3246946416798,3,2
1135235,2013-09-07 15:00:00,1314,qual,WCQ_CAF,6346,6020,371.6663685995709,2,2
1135301,2013-09-07 15:00:00,1314,qual,WCQ_CAF,6712,5804,195.2799874003572,3,2
1135224,2013-09-07 15:30:00,1314,qual,WCQ_CAF,121281,5801,-97.12547870785988,0,1
1135223,2013-09-07 15:30:00,1314,qual,WCQ_CAF,6323,5889,79.05784053083607,1,2
1135188,2013-09-07 16:30:00,1314,qual,WCQ_CAF,5979,7941,24.268448045380637,2,2
1135164,2013-09-07 16:30:00,1314,qual,WCQ_CAF,5803,8323,108.99374143944715,1,2
1135186,2013-09-07 17:00:00,1314,qual,WCQ_CAF,6709,6262,344.2965418700762,0,1
1135163,2013-09-07 18:45:00,1314,qual,WCQ_CAF,6719,5888,176.2852977437817,-2,0
1135300,2013-09-07 20:00:00,1314,qual,WCQ_CAF,6395,5890,65.41403040788009,1,2
1135236,2013-09-08 13:00:00,1314,qual,WCQ_CAF,5884,5802,96.22966794931995,1,2
1135250,2013-09-08 13:00:00,1314,qual,WCQ_CAF,6290,5965,21.052061038303464,0,1
1135282,2013-09-08 14:30:00,1314,qual,WCQ_CAF,6629,6328,210.642199955573,1,2
1135271,2013-09-08 15:00:00,1314,qual,WCQ_CAF,5883,5885,155.05646711872623,2,2
1135283,2013-09-08 15:30:00,1314,qual,WCQ_CAF,7740,6321,4.721780251319387,1,2
1135204,2013-09-08 17:00:00,1314,qual,WCQ_CAF,5805,4167,276.6773394711049,-1,0
1135249,2013-09-10 14:00:00,1314,qual,WCQ_CAF,10255,6289,304.0615527459827,2,2
1135270,2013-09-10 19:30:00,1314,qual,WCQ_CAF,6317,5815,45.756161866158436,1,2
1585651,2013-10-12 16:00:00,1314,qual,WCQ_CAF,6323,6317,46.71376425450467,1,2
1585647,2013-10-12 17:00:00,1314,qual,WCQ_CAF,6709,6395,331.5439173806826,2,2
1585648,2013-10-13 13:00:00,1314,qual,WCQ_CAF,121282,6346,-202.2096207537361,-1,0
1585649,2013-10-13 17:00:00,1314,qual,WCQ_CAF,6719,6629,-55.20898121462824,0,1
1585650,2013-10-15 16:00:00,1314,qual,WCQ_CAF,6714,10255,-5.117601140597117,5,2
1585661,2013-11-16 15:00:00,1314,qual,WCQ_CAF,6346,121282,381.24474250399,2,2
1585660,2013-11-16 19:00:00,1314,qual,WCQ_CAF,6395,6709,-187.0415802705952,0,1
1585662,2013-11-17 14:00:00,1314,qual,WCQ_CAF,6629,6719,208.9057763964006,3,2
1585663,2013-11-19 16:00:00,1314,qual,WCQ_CAF,10255,6714,83.93931514408746,1,2
1585664,2013-11-19 18:15:00,1314,qual,WCQ_CAF,6317,6323,78.63218138041998,1,2
ng963579,2014-03-05 13:30:00,1314,friendly,Friendlies,121284,5885,-28.070209291734272,0,1
ng963673,2014-03-05 14:00:00,1314,friendly,Friendlies,5801,6328,35.98047103227691,0,1
ng963605,2014-03-05 14:00:00,1314,friendly,Friendlies,6711,6289,296.96960495102667,-1,0
ng963608,2014-03-05 14:30:00,1314,friendly,Friendlies,6277,5890,139.6858598202664,1,2
ng963590,2014-03-05 15:59:00,1314,friendly,Friendlies,5965,6712,51.096987679091626,0,1
ng963578,2014-03-05 15:59:00,1314,friendly,Friendlies,6323,230692,767.5305905520951,0,1
ng959546,2014-03-05 17:00:00,1314,friendly,Friendlies,6316,8256,-409.6966686923638,-5,0
ng959542,2014-03-05 17:00:00,1314,friendly,Friendlies,49437,6714,-102.06439372052205,1,2
ng959530,2014-03-05 17:00:00,1314,friendly,Friendlies,6317,5787,70.10516121963383,2,2
ng963588,2014-03-05 17:00:00,1314,friendly,Friendlies,68374,121281,-56.69519087205276,0,1
ng959537,2014-03-05 17:30:00,1314,friendly,Friendlies,10106,10255,24.476427015022637,-2,0
ng963577,2014-03-05 18:00:00,1314,friendly,Friendlies,5887,408231,-132.02157973775593,3,2
ng959541,2014-03-05 18:00:00,1314,friendly,Friendlies,8258,6719,575.305979219587,0,1
ng963597,2014-03-05 18:00:00,1314,friendly,Friendlies,6395,5815,8.029286565395978,0,1
ng962608,2014-03-05 18:30:00,1314,friendly,Friendlies,5792,5888,-75.50309126215643,0,1
ng963677,2014-03-05 18:30:00,1314,friendly,Friendlies,5802,7941,3.2799197964120594,0,1
ng963589,2014-03-05 19:00:00,1314,friendly,Friendlies,6262,5889,86.3792675933098,0,1
ng959535,2014-03-05 19:45:00,1314,friendly,Friendlies,8263,6709,410.2342658817181,0,1
ng959547,2014-03-05 20:45:00,1314,friendly,Friendlies,8361,6629,415.05734417547524,4,2
ng959529,2014-03-06 01:40:00,1314,friendly,Friendlies,6710,6346,276.08317979335243,0,1
1669056,2014-04-12 17:00:00,1314,qual,AFCONQ,68374,5750,194.61748719768048,1,2
ng975215,2014-04-15 15:30:00,1314,friendly,Friendlies,5892,4432,27.022776466658797,0,1
1669057,2014-04-20 11:15:00,1314,qual,AFCONQ,5750,68374,-54.293815141093546,0,1
ng981164,2014-05-04 13:00:00,1314,friendly,Friendlies,7941,6020,51.3770520947578,0,1
1696213,2014-05-17 12:30:00,1314,qual,AFCONQ,6020,4432,203.7952812939609,2,2
1696201,2014-05-17 15:00:00,1314,qual,AFCONQ,5802,5801,-84.34040463950191,1,2
1696211,2014-05-17 15:00:00,1314,qual,AFCONQ,287979,5883,-296.1917128462587,0,1
1696199,2014-05-17 17:00:00,1314,qual,AFCONQ,68374,8323,-61.91829272797327,1,2
1696197,2014-05-18 12:00:00,1314,qual,AFCONQ,5809,5890,-212.74243339467057,1,2
1696219,2014-05-18 13:00:00,1314,qual,AFCONQ,4433,5803,-146.30245603754088,0,1
1696215,2014-05-18 13:00:00,1314,qual,AFCONQ,7941,6290,116.55922853697871,1,2
1696195,2014-05-18 13:00:00,1314,qual,AFCONQ,5884,230692,536.4633506541604,1,2
1696217,2014-05-18 13:00:00,1314,qual,AFCONQ,5965,408231,-17.813872391793666,5,2
1696205,2014-05-18 13:30:00,1314,qual,AFCONQ,121284,5887,-14.063946322055017,0,1
1696207,2014-05-18 14:00:00,1314,qual,AFCONQ,230693,230700,107.87653294700999,0,1
1696203,2014-05-18 15:00:00,1314,qual,AFCONQ,6328,5885,245.7530395218539,0,1
1696193,2014-05-18 16:00:00,1314,qual,AFCONQ,5804,4167,144.36439808181876,1,2
ng984232,2014-05-22 18:00:00,1314,friendly,Friendlies,6718,121281,657.9222963256277,1,2
ng983745,2014-05-23 19:10:00,1314,friendly,Friendlies,6262,5965,178.0418184455168,4,2
ng984635,2014-05-25 15:00:00,1314,friendly,Friendlies,430156,6395,138.83742002433473,-2,0
ng984414,2014-05-25 15:59:00,1314,friendly,Friendlies,5815,6289,118.62960493659284,-1,0
ng983690,2014-05-26 09:30:00,1314,friendly,Friendlies,6716,6316,205.15267361204337,0,1
ng983694,2014-05-26 17:00:00,1314,friendly,Friendlies,8260,6629,-21.79283635283923,-2,0
ng984756,2014-05-27 14:30:00,1314,friendly,Friendlies,7941,6020,47.79484521771883,1,2
ng983701,2014-05-28 11:00:00,1314,friendly,Friendlies,7804,6719,352.00940028851255,-1,0
ng983699,2014-05-28 19:00:00,1314,friendly,Friendlies,8498,6346,7.472933359628541,0,1
ng984682,2014-05-28 19:00:00,1314,friendly,Friendlies,6712,6262,-38.170395781198295,2,2
ng983703,2014-05-29 17:00:00,1314,friendly,Friendlies,6724,6629,156.14680403930947,1,2
ng984721,2014-05-30 07:30:00,1314,friendly,Friendlies,5820,6316,-28.149711224876228,0,1
1696196,2014-05-30 12:00:00,1314,qual,AFCONQ,230692,5884,-379.95130995560487,0,1
ng984533,2014-05-30 12:00:00,1314,friendly,Friendlies,6711,6712,392.1963638816951,0,1
1696218,2014-05-30 16:00:00,1314,qual,AFCONQ,408231,5965,103.61850866389159,0,1
ng983789,2014-05-31 00:40:00,1314,friendly,Friendlies,9762,10255,132.42143945213638,1,2
1696198,2014-05-31 13:00:00,1314,qual,AFCONQ,5890,5809,310.9120529928364,1,2
1696204,2014-05-31 13:30:00,1314,qual,AFCONQ,5885,6328,-61.39294356387086,3,2
ng983791,2014-05-31 14:00:00,1314,friendly,Friendlies,10155,5815,435.69224034060994,1,2
ng984534,2014-05-31 15:59:00,1314,friendly,Friendlies,6317,6583,218.11889682873084,2,2
1696220,2014-05-31 16:30:00,1314,qual,AFCONQ,5803,4433,290.38844595955175,1,2
1696208,2014-05-31 16:30:00,1314,qual,AFCONQ,230700,230693,64.15891088939156,2,2
ng983796,2014-05-31 18:30:00,1314,friendly,Friendlies,6708,6714,404.7915699733578,1,2
ng984536,2014-05-31 21:00:00,1314,friendly,Friendlies,8258,6395,539.1432403850829,0,1
1696216,2014-06-01 13:00:00,1314,qual,AFCONQ,6290,7941,7.745410738805049,0,1
1696194,2014-06-01 13:00:00,1314,qual,AFCONQ,4167,5804,-8.638613299826375,2,2
1696206,2014-06-01 13:30:00,1314,qual,AFCONQ,5887,121284,172.4456584623067,1,2
1696202,2014-06-01 14:30:00,1314,qual,AFCONQ,5801,5802,194.81669736368508,3,2
1696214,2014-06-01 15:00:00,1314,qual,AFCONQ,4432,6020,-63.51686240606091,0,1
1696212,2014-06-01 15:00:00,1314,qual,AFCONQ,5883,287979,428.4966095711561,2,2
1696200,2014-06-01 16:00:00,1314,qual,AFCONQ,8323,68374,174.86420894301204,3,2
ng984639,2014-06-01 18:30:00,1314,friendly,Friendlies,8570,6629,387.93252824233855,0,1
ng984645,2014-06-03 23:10:00,1314,friendly,Friendlies,6383,6346,-24.74212178968787,0,1
ng985123,2014-06-04 18:30:00,1314,friendly,Friendlies,6317,9730,-26.22910076309313,1,2
ng985236,2014-06-04 19:00:00,1314,friendly,Friendlies,5806,10255,-87.21552739459162,0,1
ng984743,2014-06-05 01:00:00,1314,friendly,Friendlies,6709,6327,352.04261095494167,1,2
ng985119,2014-06-06 14:00:00,1314,friendly,Friendlies,8713,6262,362.3086683077954,2,2
ng985121,2014-06-06 23:30:00,1314,friendly,Friendlies,6715,6277,272.7941183559078,1,2
ng985371,2014-06-07 14:20:00,1314,friendly,Friendlies,6629,5794,505.13116070047226,1,2
ng984732,2014-06-07 18:45:00,1314,friendly,Friendlies,8263,6719,646.3387231598042,1,2
ng984735,2014-06-07 22:00:00,1314,friendly,Friendlies,6713,6346,88.9688123231856,1,2
ng985127,2014-06-09 23:00:00,1314,friendly,Friendlies,7804,6714,161.5646724146775,-4,0
ng988190,2014-06-29 11:35:00,1314,friendly,Friendlies,5822,5815,-21.801838922180423,-2,0
ng1003400,2014-07-12 10:00:00,1415,friendly,Friendlies,5885,5889,-59.40235599083485,1,2
1710923,2014-07-19 13:00:00,1415,qual,AFCONQ,5887,230700,146.0502083942456,2,2
1767449,2014-07-19 14:00:00,1415,qual,AFCONQ,5890,68374,378.8156796315641,2,2
1710924,2014-07-19 16:30:00,1415,qual,AFCONQ,5803,121274,443.91568448478085,2,2
1710920,2014-07-20 13:00:00,1415,qual,AFCONQ,4167,5884,-17.517480377734955,1,2
1710926,2014-07-20 13:00:00,1415,qual,AFCONQ,7941,5965,41.32042353466295,0,1
1710922,2014-07-20 14:30:00,1415,qual,AFCONQ,5801,5885,127.11538022197942,2,2
1710925,2014-07-20 15:00:00,1415,qual,AFCONQ,5883,6020,117.3210169372037,1,2
1710932,2014-08-02 12:30:00,1415,qual,AFCONQ,6020,5883,15.695061829065708,1,2
1710929,2014-08-02 13:00:00,1415,qual,AFCONQ,5885,5801,-6.0930746619367255,2,2
1710930,2014-08-02 16:00:00,1415,qual,AFCONQ,230700,5887,-22.215870345669828,0,1
1710933,2014-08-03 13:00:00,1415,qual,AFCONQ,5965,7941,123.41446319168608,1,2
1710927,2014-08-03 13:00:00,1415,qual,AFCONQ,5884,4167,135.50241313807555,0,1
1710928,2014-08-03 17:00:00,1415,qual,AFCONQ,68374,5890,-230.99600319180604,-1,0
ng1048734,2014-08-26 13:40:00,1415,friendly,Friendlies,121274,5895,384.2469262368536,-1,0
ng1050572,2014-08-28 13:30:00,1415,friendly,Friendlies,121274,5895,366.22065957041445,3,2
ng1051660,2014-08-30 13:00:00,1415,friendly,Friendlies,10255,5884,543.3423480844763,1,2
ng1051889,2014-08-31 13:00:00,1415,friendly,Friendlies,6277,5805,302.84153704064965,2,2
ng1053616,2014-09-02 16:15:00,1415,friendly,Friendlies,121281,5890,-111.78673032773077,2,2
ng1053286,2014-09-03 19:00:00,1415,friendly,Friendlies,6262,5902,-79.62374980869936,0,1
1696571,2014-09-05 17:00:00,1415,qual,AFCONQ,5805,6316,-191.88715330440914,-3,0
1696601,2014-09-05 19:00:00,1415,qual,AFCONQ,6289,7740,229.55682457887588,1,2
1696613,2014-09-05 20:00:00,1415,qual,AFCONQ,6395,10255,-131.59870530883404,2,2
1696595,2014-09-06 12:00:00,1415,qual,AFCONQ,6321,6629,-146.64813772357957,-2,0
1696577,2014-09-06 13:00:00,1415,qual,AFCONQ,121282,6317,-133.88047110007892,-1,0
1797490,2014-09-06 13:00:00,1415,qual,AFCONQ,6277,5965,200.4025775103753,0,1
1696607,2014-09-06 15:30:00,1415,qual,AFCONQ,121281,5888,-116.06260188308102,-2,0
1696589,2014-09-06 16:00:00,1415,qual,AFCONQ,5889,6712,150.31988666252778,1,2
1797484,2014-09-06 16:00:00,1415,qual,AFCONQ,6714,5890,347.57092161088053,0,1
1797460,2014-09-06 16:00:00,1415,qual,AFCONQ,6346,5801,358.24531338099405,-1,0
1797472,2014-09-06 16:00:00,1415,qual,AFCONQ,6323,4167,374.84601764247464,2,2
1797478,2014-09-06 17:00:00,1415,qual,AFCONQ,6709,5803,491.56105663356607,1,2
1797496,2014-09-06 19:15:00,1415,qual,AFCONQ,6719,5887,257.55080082501195,1,2
1797466,2014-09-07 16:00:00,1415,qual,AFCONQ,5815,6020,262.7797407474509,2,2
ng1054590,2014-09-07 19:00:00,1415,friendly,Friendlies,6262,6328,153.95720359953202,3,2
1797479,2014-09-10 12:10:00,1415,qual,AFCONQ,5803,6321,9.101715381223812,-2,0
1797467,2014-09-10 12:30:00,1415,qual,AFCONQ,6020,121282,84.25893652615446,1,2
1696596,2014-09-10 14:00:00,1415,qual,AFCONQ,6629,6709,-2.3952906502763653,3,2
1797461,2014-09-10 14:30:00,1415,qual,AFCONQ,5801,5805,237.74667812391613,2,2
1696590,2014-09-10 16:00:00,1415,qual,AFCONQ,6712,6323,-39.76836964745348,-3,0
1696602,2014-09-10 16:00:00,1415,qual,AFCONQ,7740,6714,-226.8173537595435,-1,0
1797491,2014-09-10 16:10:00,1415,qual,AFCONQ,5965,121281,246.2678429940995,0,1
1797485,2014-09-10 16:35:00,1415,qual,AFCONQ,5890,6289,-16.68645206334736,2,2
1797497,2014-09-10 17:00:00,1415,qual,AFCONQ,5887,6395,-164.6107079402061,-2,0
1696608,2014-09-10 17:00:00,1415,qual,AFCONQ,5888,6277,50.87617491311653,1,2
1797473,2014-09-10 17:00:00,1415,qual,AFCONQ,4167,5889,-201.52870534289787,0,1
1696614,2014-09-10 18:00:00,1415,qual,AFCONQ,10255,6719,262.1571805131732,-1,0
1696572,2014-09-10 18:05:00,1415,qual,AFCONQ,6316,6346,21.712620895543296,0,1
1696578,2014-09-10 19:30:00,1415,qual,AFCONQ,6317,5815,110.48338843864326,1,2
ng1064758,2014-10-09 19:00:00,1415,friendly,Friendlies,6262,230693,378.2663549220006,4,2
1797498,2014-10-10 16:35:00,1415,qual,AFCONQ,5887,10255,-278.51626695043524,-2,0
1797474,2014-10-10 17:30:00,1415,qual,AFCONQ,4167,6712,-66.04514650050464,0,1
1696615,2014-10-10 20:00:00,1415,qual,AFCONQ,6395,6719,116.26214432704319,0,1
1797468,2014-10-11 12:30:00,1415,qual,AFCONQ,6020,6317,-153.53167280878483,-2,0
1696579,2014-10-11 13:00:00,1415,qual,AFCONQ,121282,5815,-130.10013993652706,-2,0
1797486,2014-10-11 13:00:00,1415,qual,AFCONQ,5890,7740,189.68497912158227,-1,0
1797492,2014-10-11 13:30:00,1415,qual,AFCONQ,5965,5888,-19.75593997266651,2,2
1797480,2014-10-11 14:05:00,1415,qual,AFCONQ,5803,6629,-319.6521979078077,0,1
1797462,2014-10-11 14:30:00,1415,qual,AFCONQ,5801,6316,-55.5645449190431,-2,0
1696597,2014-10-11 14:30:00,1415,qual,AFCONQ,6321,6709,-199.09516644144878,-1,0
1696609,2014-10-11 15:00:00,1415,qual,AFCONQ,121281,6277,-156.5660850095892,0,1
1696573,2014-10-11 17:00:00,1415,qual,AFCONQ,5805,6346,-298.4370367900692,1,2
1696591,2014-10-11 17:30:00,1415,qual,AFCONQ,5889,6323,12.78479804440758,2,2
1696603,2014-10-11 19:00:00,1415,qual,AFCONQ,6289,6714,-100.38240056551172,0,1
ng1065655,2014-10-12 14:15:00,1415,friendly,Friendlies,7941,5883,21.859259744193423,3,2
ng1065652,2014-10-12 18:00:00,1415,friendly,Friendlies,6262,68374,463.9729650257127,5,2
ng1065977,2014-10-13 19:00:00,1415,friendly,Friendlies,6262,5884,325.6756936907375,3,2
1797481,2014-10-15 14:00:00,1415,qual,AFCONQ,6629,5803,450.6156772073123,2,2
1797487,2014-10-15 15:00:00,1415,qual,AFCONQ,7740,5890,30.214386115727393,1,2
1797475,2014-10-15 16:00:00,1415,qual,AFCONQ,6712,4167,218.53170126308646,4,2
1696604,2014-10-15 16:00:00,1415,qual,AFCONQ,6714,6289,249.13664241489892,2,2
1696574,2014-10-15 16:00:00,1415,qual,AFCONQ,6346,5805,390.60795505025135,2,2
1696610,2014-10-15 16:00:00,1415,qual,AFCONQ,6277,121281,299.6693035922276,3,2
ng1066127,2014-10-15 17:00:00,1415,friendly,Friendlies,4433,6290,-100.01209345259258,-2,0
1696598,2014-10-15 17:00:00,1415,qual,AFCONQ,6709,6321,378.39157447297885,-1,0
1797499,2014-10-15 17:00:00,1415,qual,AFCONQ,10255,5887,458.6193018672657,2,2
1797493,2014-10-15 17:30:00,1415,qual,AFCONQ,5888,5965,116.3478823129085,1,2
1696580,2014-10-15 18:00:00,1415,qual,AFCONQ,5815,121282,328.62702944119906,-1,0
1696592,2014-10-15 18:00:00,1415,qual,AFCONQ,6323,5889,89.42206237340042,0,1
1797463,2014-10-15 18:05:00,1415,qual,AFCONQ,6316,5801,266.04986843615666,0,1
1696616,2014-10-15 19:15:00,1415,qual,AFCONQ,6719,6395,56.644827680299386,1,2
1797469,2014-10-15 19:30:00,1415,qual,AFCONQ,6317,6020,348.6186022638906,3,2
ng1067444,2014-10-25 13:00:00,1415,friendly,Friendlies,6277,6709,-97.20944818085536,0,1
ng1068897,2014-11-09 14:00:00,1415,friendly,Friendlies,5890,121282,147.97241816445398,3,2
ng1069743,2014-11-13 20:00:00,1415,friendly,Friendlies,6262,5883,208.11296036999715,5,2
1797482,2014-11-14 15:00:00,1415,qual,AFCONQ,5803,6709,-292.2084685286186,-4,0
1797500,2014-11-14 16:30:00,1415,qual,AFCONQ,5887,6719,-199.14252787025816,0,1
ng1069873,2014-11-14 19:00:00,1415,friendly,Friendlies,6262,5885,220.92745336825647,0,1
1797470,2014-11-15 12:30:00,1415,qual,AFCONQ,6020,5815,-105.69915291210759,2,2
1696575,2014-11-15 13:00:00,1415,qual,AFCONQ,6316,5805,381.8208383647584,1,2
1797488,2014-11-15 13:00:00,1415,qual,AFCONQ,5890,6714,-177.86156972801427,1,2
1696599,2014-11-15 14:00:00,1415,qual,AFCONQ,6629,6321,310.55314753629386,1,2
1797476,2014-11-15 14:00:00,1415,qual,AFCONQ,4167,6323,-226.7451067642114,-1,0
1797494,2014-11-15 14:00:00,1415,qual,AFCONQ,5965,6277,-1.3980451542458923,-1,0
1797464,2014-11-15 14:30:00,1415,qual,AFCONQ,5801,6346,-100.51612204945673,-2,0
1696593,2014-11-15 15:00:00,1415,qual,AFCONQ,6712,5889,-55.66643635783362,0,1
1696605,2014-11-15 15:40:00,1415,qual,AFCONQ,7740,6289,-9.352889018414999,-3,0
1696617,2014-11-15 17:00:00,1415,qual,AFCONQ,10255,6395,197.65007795404836,-1,0
1696611,2014-11-15 17:05:00,1415,qual,AFCONQ,5888,121281,305.6017684200169,2,2
1696581,2014-11-15 19:30:00,1415,qual,AFCONQ,6317,121282,369.0857964973941,2,2
ng1070638,2014-11-16 13:30:00,1415,friendly,Friendlies,4433,7941,-184.80865763352085,0,1
ng1069988,2014-11-16 20:00:00,1415,friendly,Friendlies,6262,6290,300.306693514023,1,2
1797483,2014-11-19 14:00:00,1415,qual,AFCONQ,6321,5803,234.43315639094476,2,2
1696600,2014-11-19 14:00:00,1415,qual,AFCONQ,6709,6629,79.2765414923665,0,1
1696606,2014-11-19 16:00:00,1415,qual,AFCONQ,6714,7740,366.21309047830755,2,2
1696612,2014-11-19 16:00:00,1415,qual,AFCONQ,6277,5888,109.0719547347826,1,2
1797471,2014-11-19 16:00:00,1415,qual,AFCONQ,121282,6020,30.862540788320302,0,1
1797495,2014-11-19 16:00:00,1415,qual,AFCONQ,121281,5965,-71.06372321946515,0,1
1797489,2014-11-19 16:00:00,1415,qual,AFCONQ,6289,5890,150.259636096456,2,2
1696582,2014-11-19 16:00:00,1415,qual,AFCONQ,5815,6317,-64.76684956354006,2,2
1696576,2014-11-19 17:00:00,1415,qual,AFCONQ,6346,6316,117.80199392482746,0,1
1797465,2014-11-19 17:00:00,1415,qual,AFCONQ,5805,5801,-43.9914816893704,-1,0
1797477,2014-11-19 18:00:00,1415,qual,AFCONQ,5889,4167,392.7507158966175,2,2
1696594,2014-11-19 18:00:00,1415,qual,AFCONQ,6323,6712,220.36889979181979,0,1
1797501,2014-11-19 19:00:00,1415,qual,AFCONQ,6395,5887,368.8989748927029,3,2
1696618,2014-11-19 19:00:00,1415,qual,AFCONQ,6719,10255,-7.532579730829184,1,2
ng1072618,2014-11-30 13:00:00,1415,friendly,Friendlies,6316,6709,2.772904377397481,2,2
ng1078635,2015-01-04 13:00:00,1415,friendly,Friendlies,6316,6277,162.84462588821907,1,2
ng1079211,2015-01-07 14:30:00,1415,friendly,Friendlies,6629,6321,314.15053390540197,0,1
ng1079343,2015-01-09 15:30:00,1415,friendly,Friendlies,6395,5889,144.11042176658816,1,2
ng1079539,2015-01-10 15:59:00,1415,friendly,Friendlies,5888,5801,130.00010407901345,1,2
ng1079544,2015-01-10 19:00:00,1415,friendly,Friendlies,6629,6316,139.23031140557373,0,1
ng1079756,2015-01-11 14:00:00,1415,friendly,Friendlies,5889,5815,61.94458258986765,-2,0
ng1079675,2015-01-11 16:35:00,1415,friendly,Friendlies,6709,6346,117.61038261351246,1,2
ng1079199,2015-01-11 17:00:00,1415,friendly,Friendlies,6719,6317,40.91145890164057,0,1
ng1080247,2015-01-13 15:45:00,1415,friendly,Friendlies,6395,6289,118.08244692374205,3,2
ng1080695,2015-01-14 14:00:00,1415,friendly,Friendlies,5815,6316,-3.0398527819825176,-3,0
ng1080636,2015-01-15 17:30:00,1415,friendly,Friendlies,8520,6709,238.51618359085523,2,2
ng1081687,2015-01-17 15:59:00,1415,friendly,Friendlies,6346,5892,520.3963625928648,2,2
1870849,2015-01-17 16:05:00,1415,tourn,AFCON,8323,5801,-162.61699002947785,0,1
1870850,2015-01-17 19:00:00,1415,tourn,AFCON,6323,5889,17.893352649454982,-2,0
1870855,2015-01-18 16:00:00,1415,tourn,AFCON,6277,6321,66.45192098110124,0,1
1870856,2015-01-18 19:00:00,1415,tourn,AFCON,6719,5888,75.5296182466052,0,1
1870861,2015-01-19 16:00:00,1415,tourn,AFCON,6714,6395,67.61105759975635,-1,0
1870862,2015-01-19 19:00:00,1415,tourn,AFCON,6317,6316,-43.15121591955244,2,2
1870867,2015-01-20 16:00:00,1415,tourn,AFCON,6709,6289,131.0421655846426,0,1
1870868,2015-01-20 19:00:00,1415,tourn,AFCON,5815,6629,-152.00546492798776,0,1
1870854,2015-01-21 16:00:00,1415,tourn,AFCON,8323,6323,-199.3913102039046,0,1
1870853,2015-01-21 19:00:00,1415,tourn,AFCON,5889,5801,119.57123961934167,-1,0
1870860,2015-01-22 16:00:00,1415,tourn,AFCON,6277,6719,-30.04365246618204,-1,0
1870859,2015-01-22 19:00:00,1415,tourn,AFCON,5888,6321,22.219219721599757,0,1
1870866,2015-01-23 16:00:00,1415,tourn,AFCON,6714,6317,-9.233355253376658,1,2
1870865,2015-01-23 19:00:00,1415,tourn,AFCON,6316,6395,-23.88073090521948,0,1
1870872,2015-01-24 16:00:00,1415,tourn,AFCON,6709,5815,119.79793544479821,0,1
1870871,2015-01-24 19:00:00,1415,tourn,AFCON,6629,6289,124.6585574363719,0,1
1870852,2015-01-25 18:00:00,1415,tourn,AFCON,5801,6323,-12.370559860544518,1,2
1870851,2015-01-25 18:00:00,1415,tourn,AFCON,5889,8323,214.12228368649016,-2,0
1870857,2015-01-26 18:00:00,1415,tourn,AFCON,5888,6277,-13.537500641109773,0,1
1870858,2015-01-26 18:00:00,1415,tourn,AFCON,6321,6719,-108.29423758387543,0,1
1870864,2015-01-27 18:00:00,1415,tourn,AFCON,6395,6317,6.713191258307916,-2,0
1870863,2015-01-27 18:00:00,1415,tourn,AFCON,6316,6714,-55.83134678084343,-1,0
1870870,2015-01-28 18:00:00,1415,tourn,AFCON,6289,5815,7.077914626825759,0,1
1870869,2015-01-28 18:00:00,1415,tourn,AFCON,6629,6709,11.318943910756161,-1,0
1883591,2015-01-31 16:00:00,1415,tourn,AFCON,5801,6321,-6.871346251314435,-2,0
1883592,2015-01-31 19:30:00,1415,tourn,AFCON,6719,8323,228.9961316942033,-1,0
1883593,2015-02-01 16:00:00,1415,tourn,AFCON,6714,6289,129.01168722694206,3,2
1883594,2015-02-01 19:30:00,1415,tourn,AFCON,6709,6317,18.33113480498878,2,2
1883595,2015-02-04 19:00:00,1415,tourn,AFCON,6321,6709,-196.4746333724404,-2,0
1883596,2015-02-05 19:00:00,1415,tourn,AFCON,6714,8323,328.83497113562726,3,2
1883597,2015-02-07 16:00:00,1415,tourn,AFCON,6321,8323,126.27159647055487,0,1
1883598,2015-02-08 19:00:00,1415,tourn,AFCON,6709,6714,7.598322855624474,0,1
ng1110155,2015-03-25 10:00:00,1415,friendly,Friendlies,6324,6629,-463.6243548763905,-1,0
ng1110344,2015-03-25 14:30:00,1415,friendly,Friendlies,5750,121284,-105.49343617581872,0,1
ng1110340,2015-03-25 15:59:00,1415,friendly,Friendlies,6714,5802,542.594869694673,1,2
ng1110156,2015-03-25 17:00:00,1415,friendly,Friendlies,4433,6316,-413.11281757289976,-2,0
ng1110345,2015-03-25 17:20:00,1415,friendly,Friendlies,6346,5890,261.4922569606872,-1,0
ng1110351,2015-03-25 17:30:00,1415,friendly,Friendlies,5887,4167,164.33623398288046,2,2
ng1110342,2015-03-25 18:00:00,1415,friendly,Friendlies,5815,5889,187.01419775865065,-1,0
ng1110370,2015-03-26 15:59:00,1415,friendly,Friendlies,5902,6317,98.92066003322384,1,2
ng1110991,2015-03-26 15:59:00,1415,friendly,Friendlies,10255,8323,310.1950006341549,2,2
ng1110182,2015-03-26 17:00:00,1415,friendly,Friendlies,6709,6712,416.91970898324007,2,2
ng1111029,2015-03-27 19:00:00,1415,friendly,Friendlies,6262,5801,156.97858107062734,2,2
ng1111058,2015-03-27 19:00:00,1415,friendly,Friendlies,5979,68374,298.34729737994576,1,2
ng1111354,2015-03-28 12:30:00,1415,friendly,Friendlies,121274,5884,-231.9085320301158,-2,0
ng1111308,2015-03-28 14:05:00,1415,friendly,Friendlies,5819,6321,188.02183166308714,1,2
ng1110162,2015-03-28 19:00:00,1415,friendly,Friendlies,6262,5796,-338.7781603821136,-1,0
ng1110673,2015-03-28 19:45:00,1415,friendly,Friendlies,6714,6395,215.67982642225343,-1,0
ng1111144,2015-03-29 13:00:00,1415,friendly,Friendlies,6277,5885,203.39235686612528,2,2
ng1110170,2015-03-29 13:30:00,1415,friendly,Friendlies,6316,6346,59.71301240405796,0,1
ng1111143,2015-03-29 13:30:00,1415,friendly,Friendlies,7941,6020,40.30233541062012,0,1
ng1111721,2015-03-29 14:00:00,1415,friendly,Friendlies,5887,5965,-32.550342580748065,-1,0
ng1111142,2015-03-29 17:00:00,1415,friendly,Friendlies,6709,8323,436.8936224960414,0,1
ng1111224,2015-03-30 12:00:00,1415,friendly,Friendlies,10057,5889,90.67847762290262,0,1
ng1111140,2015-03-30 12:00:00,1415,friendly,Friendlies,5788,6629,-223.92110469519707,-1,0
ng1111680,2015-03-30 14:00:00,1415,friendly,Friendlies,5824,6317,-57.85198704715435,-3,0
ng1111969,2015-03-30 18:30:00,1415,friendly,Friendlies,6262,6323,165.78746229467902,-1,0
ng1109752,2015-03-31 11:35:00,1415,friendly,Friendlies,5822,6719,-17.975082816849635,0,1
ng1111981,2015-03-31 14:00:00,1415,friendly,Friendlies,5819,6321,193.08309811924528,1,2
ng1111978,2015-03-31 17:15:00,1415,friendly,Friendlies,68374,121281,-66.19202647279985,2,2
ng1109369,2015-03-31 18:30:00,1415,friendly,Friendlies,6714,5815,255.52781017241978,0,1
ng1110171,2015-03-31 19:45:00,1415,friendly,Friendlies,8361,5888,548.3259311748218,-2,0
ng1126850,2015-05-10 13:00:00,1415,friendly,Friendlies,6277,6020,201.92913704156922,2,2
ng1127194,2015-05-12 12:00:00,1415,friendly,Friendlies,8265,6323,-33.383447977877495,0,1
ng1127372,2015-05-14 13:00:00,1415,friendly,Friendlies,4167,6316,-321.89432593760307,0,1
ng1127652,2015-05-16 13:45:00,1415,friendly,Friendlies,4167,6316,-307.3152958048797,0,1
ng1128131,2015-05-22 13:00:00,1415,friendly,Friendlies,6316,6020,270.80316948190375,1,2
ng1128846,2015-05-29 15:00:00,1415,friendly,Friendlies,6020,6277,-59.6992334888148,1,2
ng1128880,2015-05-30 13:00:00,1415,friendly,Friendlies,5809,5887,-11.023770546350761,1,2
ng1128881,2015-05-30 15:30:00,1415,friendly,Friendlies,5802,5965,-67.04274278943876,2,2
ng1129320,2015-06-06 13:30:00,1415,friendly,Friendlies,5885,408231,50.46109171790317,0,1
ng1129048,2015-06-06 14:00:00,1415,friendly,Friendlies,10045,8323,-223.313932332097,-1,0
ng1129268,2015-06-06 14:00:00,1415,friendly,Friendlies,5815,6328,219.3106181601729,0,1
ng1129318,2015-06-06 15:15:00,1415,friendly,Friendlies,6289,4432,380.0739531285717,-1,0
ng1129322,2015-06-06 15:59:00,1415,friendly,Friendlies,121281,5889,-141.4492190791575,1,2
ng1129269,2015-06-06 15:59:00,1415,friendly,Friendlies,6323,6629,-115.81602790236161,-1,0
ng1129493,2015-06-07 11:00:00,1415,friendly,Friendlies,5884,408231,-66.58182996808819,2,2
ng1129401,2015-06-07 13:00:00,1415,friendly,Friendlies,121282,6277,-91.2106693085168,-1,0
ng1129295,2015-06-08 15:30:00,1415,friendly,Friendlies,6714,7740,415.3630851720279,1,2
ng1129330,2015-06-08 15:59:00,1415,friendly,Friendlies,10255,6020,305.1069960153761,1,2
ng1129553,2015-06-09 13:00:00,1415,friendly,Friendlies,5890,5979,206.20837900587162,0,1
ng1129541,2015-06-09 17:30:00,1415,friendly,Friendlies,6629,6321,250.06134999860842,0,1
1951116,2015-06-12 18:00:00,1415,qual,AFCONQ,6289,4433,498.3166847727441,-1,0
1951042,2015-06-12 19:05:00,1415,qual,AFCONQ,6262,6328,178.24683898977628,1,2
1950981,2015-06-12 19:30:00,1415,qual,AFCONQ,6719,121285,857.0408249846959,7,2
1951117,2015-06-13 12:30:00,1415,qual,AFCONQ,6020,6290,180.3339243354976,-1,0
1951029,2015-06-13 13:00:00,1415,qual,AFCONQ,6277,230700,380.2684812870175,0,1
1951018,2015-06-13 13:05:00,1415,qual,AFCONQ,5890,5887,268.06654028118487,2,2
1950994,2015-06-13 14:30:00,1415,qual,AFCONQ,6712,230693,278.03259045023674,4,2
1951129,2015-06-13 17:00:00,1415,qual,AFCONQ,6316,5979,316.75301254769056,0,1
1951041,2015-06-13 17:00:00,1415,qual,AFCONQ,5888,287979,558.5353433328387,6,2
1951017,2015-06-13 18:00:00,1415,qual,AFCONQ,6323,230692,662.8155202592106,2,2
1951102,2015-06-13 19:00:00,1415,qual,AFCONQ,6395,121284,505.57439509076926,2,2
1951005,2015-06-13 19:00:00,1415,qual,AFCONQ,5815,408231,228.26512833488823,2,2
1951090,2015-06-13 19:30:00,1415,qual,AFCONQ,6317,121274,777.7033521760793,4,2
1951066,2015-06-14 13:00:00,1415,qual,AFCONQ,5965,5885,98.12088856942091,-1,0
1951091,2015-06-14 13:05:00,1415,qual,AFCONQ,121282,4167,208.21592626866118,1,2
1951128,2015-06-14 14:00:00,1415,qual,AFCONQ,6629,68374,595.9790447703117,1,2
1950993,2015-06-14 14:30:00,1415,qual,AFCONQ,6321,5809,369.21258458218585,1,2
1951030,2015-06-14 14:30:00,1415,qual,AFCONQ,5801,5884,231.9350714351608,0,1
1951006,2015-06-14 15:00:00,1415,qual,AFCONQ,8323,5883,100.1272130954685,0,1
1951103,2015-06-14 15:00:00,1415,qual,AFCONQ,121281,5802,53.16000759281724,1,2
1950982,2015-06-14 15:30:00,1415,qual,AFCONQ,7740,5804,231.24689169875478,1,2
1951065,2015-06-14 15:30:00,1415,qual,AFCONQ,6714,5750,785.2347906969112,6,2
1951054,2015-06-14 17:00:00,1415,qual,AFCONQ,10255,7941,351.1377228085837,3,2
1951079,2015-06-14 17:00:00,1415,qual,AFCONQ,5805,5803,72.54581281562128,1,2
ng1129894,2015-06-16 13:00:00,1415,friendly,Friendlies,6316,6712,237.7427066342491,1,2
ng1142913,2015-07-06 13:00:00,1516,friendly,Friendlies,6020,5890,-27.910131293942868,1,2
ng1168038,2015-08-05 14:00:00,1516,friendly,Friendlies,5809,5899,349.6535900491376,4,2
ng1181985,2015-08-28 08:20:00,1516,friendly,Friendlies,7941,6328,22.749617916235593,-1,0
ng1182252,2015-08-29 10:00:00,1516,friendly,Friendlies,6328,7941,158.55808698604437,1,2
ng1183076,2015-08-30 15:30:00,1516,friendly,Friendlies,121281,6323,-92.6855801337133,0,1
ng1183605,2015-09-01 14:30:00,1516,friendly,Friendlies,5801,6714,-210.08102127421716,-1,0
1950984,2015-09-04 13:00:00,1516,qual,AFCONQ,121285,7740,-539.3104908822027,-2,0
1951020,2015-09-05 12:00:00,1516,qual,AFCONQ,230692,5890,-518.6070681413964,-1,0
1951093,2015-09-05 13:00:00,1516,qual,AFCONQ,121274,121282,-324.51770520501896,0,1
1951008,2015-09-05 13:30:00,1516,qual,AFCONQ,408231,8323,70.16607515923579,1,2
1951067,2015-09-05 13:30:00,1516,qual,AFCONQ,5885,6714,-233.12373879255142,-1,0
1951055,2015-09-05 13:30:00,1516,qual,AFCONQ,7941,6346,-208.302224243276,0,1
1951105,2015-09-05 13:35:00,1516,qual,AFCONQ,121284,121281,-15.144138173789088,2,2
1951104,2015-09-05 13:35:00,1516,qual,AFCONQ,5802,6395,-266.3209730854587,-2,0
1951019,2015-09-05 14:05:00,1516,qual,AFCONQ,5887,6323,-102.58347868315695,1,2
1951044,2015-09-05 15:35:00,1516,qual,AFCONQ,287979,6262,-396.2125006111389,-3,0
1951032,2015-09-05 16:00:00,1516,qual,AFCONQ,230700,5801,-101.73499080865463,-2,0
1950983,2015-09-05 16:05:00,1516,qual,AFCONQ,5804,6719,-246.98150360728255,1,2
1951131,2015-09-05 17:00:00,1516,qual,AFCONQ,68374,6316,-359.56114514473416,2,2
1951068,2015-09-06 11:00:00,1516,qual,AFCONQ,5750,5965,-285.653697547559,1,2
1950996,2015-09-06 11:30:00,1516,qual,AFCONQ,5809,6712,-123.25653502926707,0,1
1951092,2015-09-06 13:00:00,1516,qual,AFCONQ,4167,6317,-361.62595836360197,-2,0
1951031,2015-09-06 13:00:00,1516,qual,AFCONQ,5884,6277,-130.59657272985328,-1,0
1951118,2015-09-06 13:05:00,1516,qual,AFCONQ,6290,6289,-74.6572108848975,0,1
1951119,2015-09-06 13:05:00,1516,qual,AFCONQ,4433,6020,-160.01501901122788,0,1
1950995,2015-09-06 14:00:00,1516,qual,AFCONQ,230693,6321,-229.2311017711154,2,2
1951007,2015-09-06 15:05:00,1516,qual,AFCONQ,5883,5815,-92.75791957289039,0,1
1951080,2015-09-06 15:10:00,1516,qual,AFCONQ,5803,6709,-381.06069569206966,0,1
1951130,2015-09-06 16:30:00,1516,qual,AFCONQ,5979,6629,-210.8582046254037,-1,0
1951043,2015-09-06 17:00:00,1516,qual,AFCONQ,6328,5888,-31.85641917741509,-1,0
ng1185355,2015-09-08 14:00:00,1516,friendly,Friendlies,6346,121281,439.87765480550183,2,2
ng1185179,2015-09-08 16:05:00,1516,friendly,Friendlies,6277,5889,145.07798106053292,0,1
ng1185180,2015-09-08 17:10:00,1516,friendly,Friendlies,6316,6395,-26.22394216606199,1,2
ng1185969,2015-09-12 13:30:00,1516,friendly,Friendlies,5885,5889,19.581548803531177,-1,0
ng1191818,2015-09-30 14:00:00,1516,friendly,Friendlies,5887,121282,39.697149320357084,-1,0
2058972,2015-10-07 12:05:00,1516,qual,WCQ_CAF,230692,4167,-249.42006201601282,0,1
2058978,2015-10-07 12:30:00,1516,qual,WCQ_CAF,121274,121284,-180.44960146261928,-1,0
2058986,2015-10-07 13:00:00,1516,qual,WCQ_CAF,7941,6020,53.37065869400453,2,2
2058984,2015-10-07 14:30:00,1516,qual,WCQ_CAF,5750,5884,-162.0420939889584,-3,0
2058964,2015-10-08 08:00:00,1516,qual,WCQ_CAF,408231,68374,290.31604289009624,0,1
2058968,2015-10-08 15:00:00,1516,qual,WCQ_CAF,287979,121282,-220.78230691604608,1,2
2058980,2015-10-08 16:05:00,1516,qual,WCQ_CAF,5804,230700,110.85662169183752,0,1
ng1192650,2015-10-08 17:00:00,1516,friendly,Friendlies,6346,6321,239.58224487383745,-2,0
ng1192317,2015-10-08 18:45:00,1516,friendly,Friendlies,6323,5815,-49.08167749761492,-3,0
ng1192294,2015-10-09 02:05:00,1516,friendly,Friendlies,6705,6316,188.3355920096726,-1,0
2058962,2015-10-09 12:30:00,1516,qual,WCQ_CAF,287978,121281,-268.50842721235483,-2,0
2058974,2015-10-09 13:00:00,1516,qual,WCQ_CAF,121285,4433,-304.2294034826185,-6,0
ng1192315,2015-10-09 17:00:00,1516,friendly,Friendlies,6317,6289,251.76148819778314,-1,0
ng1192325,2015-10-09 17:00:00,1516,friendly,Friendlies,6719,5889,121.35190711317614,0,1
2058966,2015-10-09 17:00:00,1516,qual,WCQ_CAF,5979,5802,173.58486704845473,0,1
ng1192323,2015-10-09 18:00:00,1516,friendly,Friendlies,6262,6709,-106.87729238611928,-1,0
2058982,2015-10-10 11:30:00,1516,qual,WCQ_CAF,230693,5809,104.62860867302561,-3,0
2058976,2015-10-10 13:05:00,1516,qual,WCQ_CAF,6011,5887,-46.00674384221816,-2,0
2058970,2015-10-10 14:30:00,1516,qual,WCQ_CAF,4432,5803,45.04912041844614,1,2
2058987,2015-10-11 12:00:00,1516,qual,WCQ_CAF,6020,7941,55.77430921740165,1,2
2058985,2015-10-11 13:00:00,1516,qual,WCQ_CAF,5884,5750,361.5723783269643,0,1
2058969,2015-10-11 13:00:00,1516,qual,WCQ_CAF,121282,287979,318.31022112650794,3,2
ng1192316,2015-10-11 17:00:00,1516,friendly,Friendlies,10255,6277,199.61300082097705,3,2
ng1192902,2015-10-11 18:00:00,1516,friendly,Friendlies,6346,6629,4.394777241139309,3,2
ng1192319,2015-10-12 18:00:00,1516,friendly,Friendlies,5889,6321,76.86486175160508,-1,0
ng1192322,2015-10-12 19:00:00,1516,friendly,Friendlies,6262,6289,111.92142271175385,0,1
2058983,2015-10-13 11:35:00,1516,qual,WCQ_CAF,5809,230693,145.83661991294366,0,1
2058979,2015-10-13 13:00:00,1516,qual,WCQ_CAF,121284,121274,361.3608800886569,2,2
2058967,2015-10-13 14:00:00,1516,qual,WCQ_CAF,5802,5979,4.8877816026533765,1,2
2058971,2015-10-13 14:30:00,1516,qual,WCQ_CAF,5803,4432,80.10848007866184,1,2
2058963,2015-10-13 15:10:00,1516,qual,WCQ_CAF,121281,287978,449.5941268380061,4,2
ng1193340,2015-10-13 15:15:00,1516,friendly,Friendlies,5801,5883,132.7948195216445,1,2
2058981,2015-10-13 16:00:00,1516,qual,WCQ_CAF,230700,5804,61.490045433910836,-2,0
2058973,2015-10-13 16:00:00,1516,qual,WCQ_CAF,4167,230692,384.7960708951473,0,1
2058965,2015-10-13 17:00:00,1516,qual,WCQ_CAF,68374,408231,-102.97725262095469,4,2
2058977,2015-10-13 18:05:00,1516,qual,WCQ_CAF,5887,6011,258.10777503541,2,2
ng1192314,2015-10-13 19:25:00,1516,friendly,Friendlies,6317,6395,94.38185983046014,1,2
ng1192296,2015-10-13 23:30:00,1516,friendly,Friendlies,5810,6714,-61.242503978412515,0,1
ng1192295,2015-10-14 00:10:00,1516,friendly,Friendlies,5808,6316,146.39003346091636,0,1
2058975,2015-10-17 14:05:00,1516,qual,WCQ_CAF,4433,121285,489.3698818948868,1,2
2059025,2015-11-11 17:05:00,1516,qual,WCQ_CAF,5965,5889,-40.28411766002364,1,2
2059019,2015-11-11 17:05:00,1516,qual,WCQ_CAF,5805,6277,-130.26711451024403,-1,0
2059009,2015-11-12 13:35:00,1516,qual,WCQ_CAF,121284,6321,-174.0594862556643,-1,0
2058997,2015-11-12 14:00:00,1516,qual,WCQ_CAF,5802,6289,-126.04818248576089,-1,0
2059027,2015-11-12 15:05:00,1516,qual,WCQ_CAF,5883,6323,55.446617483350565,1,2
2059029,2015-11-12 15:30:00,1516,qual,WCQ_CAF,7740,5890,0.5967814508942411,-1,0
2059023,2015-11-12 19:00:00,1516,qual,WCQ_CAF,6262,8323,224.1824663587381,2,2
2059013,2015-11-13 11:35:00,1516,qual,WCQ_CAF,5809,6395,-279.8495763727253,0,1
2059003,2015-11-13 12:00:00,1516,qual,WCQ_CAF,230692,6714,-754.5136698060546,0,1
2059015,2015-11-13 13:00:00,1516,qual,WCQ_CAF,5884,5888,-183.83899803627037,1,2
2059021,2015-11-13 13:30:00,1516,qual,WCQ_CAF,6328,5885,95.72116824913064,1,2
2059031,2015-11-13 14:35:00,1516,qual,WCQ_CAF,6712,6316,-69.07220049647117,-2,0
2058993,2015-11-13 15:05:00,1516,qual,WCQ_CAF,121281,6629,-302.8706421184784,-3,0
2059011,2015-11-13 16:00:00,1516,qual,WCQ_CAF,5804,6709,-367.8047417842788,-1,0
2058995,2015-11-13 17:00:00,1516,qual,WCQ_CAF,68374,6719,-176.64828294832637,-1,0
2059005,2015-11-13 17:00:00,1516,qual,WCQ_CAF,4433,6346,-363.69278139682206,0,1
2058999,2015-11-14 13:00:00,1516,qual,WCQ_CAF,121282,5801,-47.14789004257568,-1,0
2059017,2015-11-14 13:30:00,1516,qual,WCQ_CAF,7941,6317,-207.90895922440404,0,1
2059001,2015-11-14 14:30:00,1516,qual,WCQ_CAF,4432,10255,-308.05076850877595,1,2
2059007,2015-11-14 16:00:00,1516,qual,WCQ_CAF,5887,5815,-169.24438157493,1,2
2059026,2015-11-14 17:00:00,1516,qual,WCQ_CAF,5889,5965,155.66690950076008,1,2
2059030,2015-11-15 13:00:00,1516,qual,WCQ_CAF,5890,7740,199.471925485165,3,2
2059020,2015-11-15 13:00:00,1516,qual,WCQ_CAF,6277,5805,315.9349489395654,2,2
2059010,2015-11-15 14:35:00,1516,qual,WCQ_CAF,6321,121284,355.5438760271893,0,1
2059024,2015-11-15 15:00:00,1516,qual,WCQ_CAF,8323,6262,-90.07468982742421,1,2
2058998,2015-11-15 19:00:00,1516,qual,WCQ_CAF,6289,5802,312.141210538776,2,2
2059022,2015-11-17 13:30:00,1516,qual,WCQ_CAF,5885,6328,35.02852175308681,-2,0
2058994,2015-11-17 14:00:00,1516,qual,WCQ_CAF,6629,121281,483.71293655330146,0,1
2059004,2015-11-17 15:05:00,1516,qual,WCQ_CAF,6714,230692,875.5397924848486,2,2
2059006,2015-11-17 15:05:00,1516,qual,WCQ_CAF,6346,4433,492.4705409060423,2,2
2059000,2015-11-17 15:05:00,1516,qual,WCQ_CAF,5801,121282,241.7528648019345,1,2
2059002,2015-11-17 16:35:00,1516,qual,WCQ_CAF,10255,4432,399.6615332661481,4,2
2059012,2015-11-17 17:00:00,1516,qual,WCQ_CAF,6709,5804,536.3992275503535,3,2
2058996,2015-11-17 17:00:00,1516,qual,WCQ_CAF,6719,68374,357.8992973208758,1,2
2059032,2015-11-17 17:05:00,1516,qual,WCQ_CAF,6316,6712,277.2985596363926,1,2
2059028,2015-11-17 18:00:00,1516,qual,WCQ_CAF,6323,5883,70.88326397995706,2,2
2059018,2015-11-17 18:15:00,1516,qual,WCQ_CAF,6317,7941,346.47226902754073,7,2
2059014,2015-11-17 19:00:00,1516,qual,WCQ_CAF,6395,5809,413.1661876060973,3,2
2059008,2015-11-17 19:00:00,1516,qual,WCQ_CAF,5815,5887,271.1671337278842,2,2
2059016,2015-11-17 19:05:00,1516,qual,WCQ_CAF,5888,5884,284.45033112493456,2,2
ng1202980,2015-12-23 15:00:00,1516,friendly,Friendlies,6346,6629,33.92112092285106,-1,0
ng1204458,2016-01-06 14:00:00,1516,friendly,Friendlies,6346,6712,290.0261584641073,0,1
ng1204457,2016-01-06 14:10:00,1516,friendly,Friendlies,5885,6629,-229.37524044011116,0,1
ng1204933,2016-01-10 12:00:00,1516,friendly,Friendlies,5890,5889,132.96252646750258,0,1
ng1204940,2016-01-10 15:59:00,1516,friendly,Friendlies,5885,6321,-57.38627597562527,1,2
ng1204566,2016-01-11 14:00:00,1516,friendly,Friendlies,6346,6709,-77.72008691819838,1,2
ng1205257,2016-01-13 13:00:00,1516,friendly,Friendlies,5890,6629,-64.62824957463022,0,1
ng1209160,2016-01-27 15:59:00,1516,friendly,Friendlies,10255,5816,235.8144271589324,-1,0
ng1209638,2016-01-28 16:05:00,1516,friendly,Friendlies,10255,6328,229.5659514930469,2,2
ng1215271,2016-02-11 01:35:00,1516,friendly,Friendlies,6710,6395,362.36987327855854,2,2
1951009,2016-03-23 13:35:00,1516,qual,AFCONQ,408231,5883,41.38525908302472,-1,0
1951045,2016-03-23 15:30:00,1516,qual,AFCONQ,287979,6328,-301.3037495333963,1,2
1951033,2016-03-23 16:05:00,1516,qual,AFCONQ,230700,5884,-39.580904472563134,1,2
1951034,2016-03-23 16:10:00,1516,qual,AFCONQ,6277,5801,135.16766474167002,0,1
1950997,2016-03-24 11:30:00,1516,qual,AFCONQ,5809,230693,137.37090963072092,0,1
1951021,2016-03-24 12:00:00,1516,qual,AFCONQ,230692,5887,-345.0127466605162,1,2
1950985,2016-03-24 13:00:00,1516,qual,AFCONQ,121285,5804,-442.703720406109,-1,0
1951070,2016-03-24 15:30:00,1516,qual,AFCONQ,6714,5965,436.2608055167875,2,2
1951120,2016-03-25 13:35:00,1516,qual,AFCONQ,4433,6290,-76.47008111219475,0,1
1951058,2016-03-25 16:00:00,1516,qual,AFCONQ,6346,10255,59.836665962729285,0,1
1951132,2016-03-25 16:30:00,1516,qual,AFCONQ,68374,5979,-9.413298743967289,1,2
1951083,2016-03-25 16:30:00,1516,qual,AFCONQ,6709,5805,524.1376980536672,1,2
1950986,2016-03-25 17:00:00,1516,qual,AFCONQ,6719,7740,252.89753505431895,1,2
1951121,2016-03-25 17:05:00,1516,qual,AFCONQ,6289,6020,236.4819257114841,0,1
1951010,2016-03-25 19:00:00,1516,qual,AFCONQ,5815,8323,238.9382473852113,1,2
1951095,2016-03-25 19:30:00,1516,qual,AFCONQ,6317,121282,423.09737814176106,6,2
1951069,2016-03-26 11:00:00,1516,qual,AFCONQ,5750,5885,-240.14698107375443,1,2
1951094,2016-03-26 12:30:00,1516,qual,AFCONQ,121274,4167,-145.20314665200976,2,2
1951106,2016-03-26 13:05:00,1516,qual,AFCONQ,121284,5802,50.93471989632917,-2,0
1951133,2016-03-26 14:30:00,1516,qual,AFCONQ,6629,6316,139.6486217202737,0,1
1950998,2016-03-26 14:35:00,1516,qual,AFCONQ,6321,6712,173.38038017032954,1,2
1951046,2016-03-26 17:00:00,1516,qual,AFCONQ,5888,6262,102.89710161274456,-1,0
1951022,2016-03-26 18:05:00,1516,qual,AFCONQ,6323,5890,-6.4701293364614685,1,2
1951107,2016-03-26 19:00:00,1516,qual,AFCONQ,6395,121281,408.9392507325608,2,2
1951035,2016-03-27 13:00:00,1516,qual,AFCONQ,5884,230700,155.04359655438043,-1,0
1951071,2016-03-27 13:05:00,1516,qual,AFCONQ,5965,6714,-285.2690220346876,0,1
1951023,2016-03-27 14:00:00,1516,qual,AFCONQ,5887,230692,434.6667514802142,1,2
1951036,2016-03-27 14:30:00,1516,qual,AFCONQ,5801,6277,39.65375981841976,0,1
1951011,2016-03-27 15:05:00,1516,qual,AFCONQ,5883,408231,163.35698735711503,3,2
1951122,2016-03-28 13:05:00,1516,qual,AFCONQ,6290,4433,227.80560016007894,4,2
1950999,2016-03-28 14:05:00,1516,qual,AFCONQ,230693,5809,37.66883057799009,1,2
1951012,2016-03-28 16:00:00,1516,qual,AFCONQ,8323,5815,-95.07764711372442,0,1
1951047,2016-03-28 17:00:00,1516,qual,AFCONQ,6328,287979,393.3053535720944,0,1
1951123,2016-03-29 12:25:00,1516,qual,AFCONQ,6020,6289,-52.804261563816,-1,0
1951096,2016-03-29 13:00:00,1516,qual,AFCONQ,4167,121274,221.49212698785084,1,2
1951072,2016-03-29 13:30:00,1516,qual,AFCONQ,5885,5750,336.1969237441285,5,2
1951097,2016-03-29 14:00:00,1516,qual,AFCONQ,121282,6317,-276.78273765428776,0,1
1951109,2016-03-29 14:05:00,1516,qual,AFCONQ,121281,6395,-259.3486393594633,-1,0
1950988,2016-03-29 15:00:00,1516,qual,AFCONQ,7740,6719,-108.0264370966213,0,1
1951108,2016-03-29 15:00:00,1516,qual,AFCONQ,5802,121284,177.79891595951676,-2,0
1951000,2016-03-29 16:00:00,1516,qual,AFCONQ,6712,6321,-34.926257982961715,-2,0
1951024,2016-03-29 16:05:00,1516,qual,AFCONQ,5890,6323,125.72531426675005,0,1
1950987,2016-03-29 16:05:00,1516,qual,AFCONQ,5804,121285,608.5064040822799,5,2
1951134,2016-03-29 16:30:00,1516,qual,AFCONQ,5979,68374,128.3298177783056,0,1
1951059,2016-03-29 17:00:00,1516,qual,AFCONQ,10255,6346,106.98497218496209,1,2
1951135,2016-03-29 17:05:00,1516,qual,AFCONQ,6316,6629,35.615721005266096,0,1
1951085,2016-03-29 18:00:00,1516,qual,AFCONQ,5805,6709,-367.8701607672017,0,1
1951048,2016-03-29 19:00:00,1516,qual,AFCONQ,6262,5888,108.61474221948879,2,2
ng1242616,2016-05-20 15:59:00,1516,friendly,Friendlies,8565,6709,-24.54264773647219,0,1
ng1242857,2016-05-25 18:00:00,1516,friendly,Friendlies,6321,9730,-95.35708509835831,0,1
ng1243490,2016-05-27 15:59:00,1516,friendly,Friendlies,7740,6277,-95.5613780230808,1,2
ng1243497,2016-05-27 17:15:00,1516,friendly,Friendlies,6346,5815,98.80617283206789,1,2
ng1243496,2016-05-27 18:00:00,1516,friendly,Friendlies,6262,5801,156.85056986653058,2,2
ng1243466,2016-05-28 13:30:00,1516,friendly,Friendlies,5885,6395,-195.97887148056157,-2,0
ng1243492,2016-05-28 14:30:00,1516,friendly,Friendlies,5889,68374,270.306169957011,-2,0
ng1243464,2016-05-29 13:00:00,1516,friendly,Friendlies,5884,7941,-13.797928670615192,0,1
ng1244270,2016-05-30 19:00:00,1516,friendly,Friendlies,5979,6277,-133.58002126987117,0,1
ng1243459,2016-05-30 19:00:00,1516,friendly,Friendlies,6723,6629,474.49651938080115,1,2
ng1243901,2016-05-31 13:00:00,1516,friendly,Friendlies,5884,5805,47.65859913302006,0,1
ng1243500,2016-05-31 17:00:00,1516,friendly,Friendlies,5792,6346,-173.8518833737819,-2,0
1951098,2016-06-02 14:00:00,1516,qual,AFCONQ,121274,6317,-580.2048069181128,-2,0
1950989,2016-06-03 12:30:00,1516,qual,AFCONQ,121285,6719,-702.0730136869487,-3,0
1951136,2016-06-03 17:00:00,1516,qual,AFCONQ,68374,6629,-267.1716135456711,-1,0
1951050,2016-06-03 18:05:00,1516,qual,AFCONQ,6328,6262,-89.61255410675949,0,1
1951062,2016-06-04 13:00:00,1516,qual,AFCONQ,7941,10255,-193.9208785289302,-2,0
1951110,2016-06-04 13:20:00,1516,qual,AFCONQ,121284,6395,-290.6053421267784,-2,0
1951013,2016-06-04 13:30:00,1516,qual,AFCONQ,408231,5815,-168.3657614155784,-3,0
1951074,2016-06-04 13:30:00,1516,qual,AFCONQ,5885,5965,48.401144861300054,-1,0
1951026,2016-06-04 14:10:00,1516,qual,AFCONQ,5887,5890,-89.87952146291923,-1,0
1951111,2016-06-04 15:00:00,1516,qual,AFCONQ,5802,121281,80.27761171547559,1,2
1951049,2016-06-04 15:30:00,1516,qual,AFCONQ,287979,5888,-291.3501490985566,-1,0
1951037,2016-06-04 16:00:00,1516,qual,AFCONQ,230700,6277,-188.3907106114109,1,2
1951087,2016-06-04 16:35:00,1516,qual,AFCONQ,5803,5805,75.7296186360254,1,2
1951137,2016-06-04 17:05:00,1516,qual,AFCONQ,5979,6316,-206.8391947587188,-4,0
1951073,2016-06-05 11:10:00,1516,qual,AFCONQ,5750,6714,-558.8899429237731,-2,0
1951001,2016-06-05 11:35:00,1516,qual,AFCONQ,5809,6321,-200.09372970009395,-5,0
1951025,2016-06-05 12:00:00,1516,qual,AFCONQ,230692,6323,-418.751888684149,-1,0
1951038,2016-06-05 12:00:00,1516,qual,AFCONQ,5884,5801,-133.86945611477813,1,2
1951124,2016-06-05 13:00:00,1516,qual,AFCONQ,4433,6289,-280.2867443134039,1,2
1951125,2016-06-05 13:00:00,1516,qual,AFCONQ,6290,6020,66.12922458707658,3,2
1951099,2016-06-05 13:00:00,1516,qual,AFCONQ,4167,121282,-90.94416490732215,-1,0
1951002,2016-06-05 14:00:00,1516,qual,AFCONQ,230693,6712,-35.15213060504084,2,2
1950990,2016-06-05 16:00:00,1516,qual,AFCONQ,5804,7740,-5.597440232917506,0,1
ng1245795,2016-06-08 18:30:00,1516,friendly,Friendlies,5802,6020,26.52152416447575,0,1
ng1246755,2016-06-12 13:00:00,1516,friendly,Friendlies,6277,5802,284.74071393053896,0,1
1951014,2016-06-12 15:10:00,1516,qual,AFCONQ,5883,8323,111.47347257368324,1,2
ng1246753,2016-06-12 17:30:00,1516,friendly,Friendlies,6020,6712,100.10716757425757,3,2
ng1245975,2016-06-13 15:59:00,1516,friendly,Friendlies,4433,121274,304.7906515855392,4,2
ng1245974,2016-06-13 18:30:00,1516,friendly,Friendlies,5809,6290,-76.99814400200353,0,1
ng1247524,2016-06-14 15:59:00,1516,friendly,Friendlies,6712,4167,258.4582489532804,-2,0
ng1247526,2016-06-14 18:30:00,1516,friendly,Friendlies,5750,6020,-203.21633160542206,-1,0
ng1247580,2016-06-15 15:59:00,1516,friendly,Friendlies,6290,121274,482.84705229376516,5,2
ng1247579,2016-06-15 15:59:00,1516,friendly,Friendlies,4433,5809,65.64142841023249,1,2
ng1246975,2016-06-16 15:59:00,1516,friendly,Friendlies,6020,4167,284.01625644464843,-1,0
ng1246974,2016-06-16 15:59:00,1516,friendly,Friendlies,6712,5750,298.18899955337815,-2,0
ng1246129,2016-06-17 06:00:00,1516,friendly,Friendlies,230700,5823,159.94498778031402,2,2
ng1248309,2016-06-18 14:00:00,1516,friendly,Friendlies,6316,4167,527.6572912383631,0,1
ng1248732,2016-06-19 14:00:00,1516,friendly,Friendlies,6277,4433,341.8310288587761,0,1
ng1248730,2016-06-19 16:30:00,1516,friendly,Friendlies,6321,5965,228.61972777694564,1,2
ng1251719,2016-06-22 15:59:00,1516,friendly,Friendlies,6316,4433,459.9171371888733,4,2
ng1251720,2016-06-22 18:30:00,1516,friendly,Friendlies,5887,6321,-166.74780751486082,0,1
ng1254042,2016-06-24 15:59:00,1516,friendly,Friendlies,6277,5802,263.6968622328877,-1,0
ng1255346,2016-06-25 14:00:00,1516,friendly,Friendlies,4433,6321,-237.26421820492124,1,2
ng1255347,2016-06-25 16:30:00,1516,friendly,Friendlies,6316,5887,385.4375989621424,1,2
ng1302951,2016-08-24 15:00:00,1617,friendly,Friendlies,8700,6323,197.72332388920745,1,2
ng1306850,2016-08-30 13:10:00,1617,friendly,Friendlies,5890,5884,285.0488477401391,0,1
ng1306852,2016-08-30 18:30:00,1617,friendly,Friendlies,10255,6289,230.58480805813974,0,1
ng1306156,2016-08-31 18:40:00,1617,friendly,Friendlies,10024,6262,35.64351725837696,0,1
1951139,2016-09-02 17:05:00,1617,qual,AFCONQ,6316,68374,399.84013020230395,0,1
1951101,2016-09-03 13:05:00,1617,qual,AFCONQ,121282,121274,434.7112928954525,1,2
1951138,2016-09-03 14:30:00,1617,qual,AFCONQ,6629,5979,438.64549364236655,2,2
1951004,2016-09-03 15:05:00,1617,qual,AFCONQ,6712,5809,118.1451562195864,0,1
1951075,2016-09-03 15:30:00,1617,qual,AFCONQ,6714,5885,474.9214560484063,0,1
1951063,2016-09-03 16:05:00,1617,qual,AFCONQ,6346,7941,328.97392513157297,1,2
1951051,2016-09-03 17:00:00,1617,qual,AFCONQ,5888,6328,171.76508874278966,-1,0
1951076,2016-09-03 17:30:00,1617,qual,AFCONQ,5965,5750,380.80452156533056,1,2
1951112,2016-09-03 17:30:00,1617,qual,AFCONQ,6395,5802,412.7168143143567,2,2
1951088,2016-09-03 18:00:00,1617,qual,AFCONQ,6709,5803,482.9553298008327,0,1
1951127,2016-09-04 13:00:00,1617,qual,AFCONQ,6020,4433,178.43345437448056,1,2
1951028,2016-09-04 14:00:00,1617,qual,AFCONQ,5890,230692,622.0833041847567,1,2
1951027,2016-09-04 14:05:00,1617,qual,AFCONQ,6323,5887,228.9085086441728,1,2
1951039,2016-09-04 14:30:00,1617,qual,AFCONQ,6277,5884,236.37277502356665,0,1
1951040,2016-09-04 14:35:00,1617,qual,AFCONQ,5801,230700,245.41026655584324,1,2
1951016,2016-09-04 16:00:00,1617,qual,AFCONQ,8323,408231,176.6577911115926,4,2
1951126,2016-09-04 17:10:00,1617,qual,AFCONQ,6289,6290,204.5198349148418,1,2
1951003,2016-09-04 17:35:00,1617,qual,AFCONQ,6321,230693,336.76576000766545,3,2
1951015,2016-09-04 17:35:00,1617,qual,AFCONQ,5815,5883,211.15122406261594,3,2
1951113,2016-09-04 17:35:00,1617,qual,AFCONQ,121281,121284,83.26625216548814,2,2
1950992,2016-09-04 17:35:00,1617,qual,AFCONQ,7740,121285,699.6674714004303,5,2
1950991,2016-09-04 17:35:00,1617,qual,AFCONQ,6719,5804,329.7761867165059,3,2
1951052,2016-09-04 19:00:00,1617,qual,AFCONQ,6262,287979,532.7236582324099,2,2
1951100,2016-09-04 19:35:00,1617,qual,AFCONQ,6317,4167,547.8813577691294,6,2
ng1308506,2016-09-06 15:59:00,1617,friendly,Friendlies,8713,6714,174.86059418246896,1,2
ng1306169,2016-09-06 17:00:00,1617,friendly,Friendlies,6316,10255,30.85694781385405,1,2
ng1306165,2016-09-06 18:00:00,1617,friendly,Friendlies,6629,5889,297.9327389313564,1,2
ng1319873,2016-09-30 14:00:00,1617,friendly,Friendlies,5887,6712,124.41007689388834,1,2
ng1319010,2016-10-04 17:00:00,1617,friendly,Friendlies,7740,5890,-41.110768183736354,1,2
ng1319012,2016-10-04 17:30:00,1617,friendly,Friendlies,6321,5884,301.86256598482964,-1,0
ng1319014,2016-10-06 19:00:00,1617,friendly,Friendlies,5810,68374,369.60369117470714,4,2
2264003,2016-10-07 15:35:00,1617,qual,WCQ_CAF,6714,5890,285.8622135647538,0,1
2264039,2016-10-08 15:00:00,1617,qual,WCQ_CAF,5889,6262,-57.23102408455861,0,1
2263991,2016-10-08 17:30:00,1617,qual,WCQ_CAF,6321,6328,158.17323896816947,4,2
2264040,2016-10-08 18:00:00,1617,qual,WCQ_CAF,6709,5815,189.3246656294309,2,2
2264028,2016-10-08 18:05:00,1617,qual,WCQ_CAF,6323,6316,-64.75781203449151,0,1
2264027,2016-10-08 20:00:00,1617,qual,WCQ_CAF,6395,5888,251.33055948724427,2,2
2264015,2016-10-09 12:35:00,1617,qual,WCQ_CAF,6277,6346,-75.1348267388828,-1,0
2264004,2016-10-09 14:30:00,1617,qual,WCQ_CAF,5801,10255,-93.81213208138092,-1,0
ng1319009,2016-10-09 15:59:00,1617,friendly,Friendlies,7740,5965,70.4667361010404,2,2
2263992,2016-10-09 17:00:00,1617,qual,WCQ_CAF,6719,6289,110.42359871680856,2,2
2264016,2016-10-09 19:30:00,1617,qual,WCQ_CAF,6317,6629,68.45597035838432,0,1
ng1322243,2016-10-10 18:00:00,1617,friendly,Friendlies,6262,5816,178.7841581604639,1,2
ng1320295,2016-10-11 14:30:00,1617,friendly,Friendlies,5897,8323,76.45394626977304,0,1
ng1319202,2016-10-11 17:00:00,1617,friendly,Friendlies,6316,6714,5.689434096685318,0,1
ng1320297,2016-10-11 19:00:00,1617,friendly,Friendlies,6262,5810,58.049081073661,4,2
ng1326659,2016-10-29 14:00:00,1617,friendly,Friendlies,5884,6629,-254.42368528723023,-1,0
ng1327401,2016-11-08 13:00:00,1617,friendly,Friendlies,5890,6277,146.18329115335587,-1,0
ng1328448,2016-11-10 10:00:00,1617,friendly,Friendlies,6711,230700,533.3430326795267,7,2
2263994,2016-11-11 19:00:00,1617,qual,WCQ_CAF,6328,6719,-67.83369637679857,-1,0
ng1328729,2016-11-12 13:00:00,1617,friendly,Friendlies,5884,5965,24.85923375927314,1,2
2264005,2016-11-12 13:05:00,1617,qual,WCQ_CAF,5890,5801,115.47543530101689,1,2
2264017,2016-11-12 15:00:00,1617,qual,WCQ_CAF,6629,6277,304.2490202363126,0,1
2264018,2016-11-12 16:00:00,1617,qual,WCQ_CAF,6346,6317,51.47258622585082,2,2
2264029,2016-11-12 17:05:00,1617,qual,WCQ_CAF,5888,6323,78.46275712447436,-2,0
2264041,2016-11-12 18:30:00,1617,qual,WCQ_CAF,5815,5889,214.66704703059713,0,1
2264042,2016-11-12 20:00:00,1617,qual,WCQ_CAF,6262,6709,-42.577472838515405,0,1
ng1329715,2016-11-13 13:00:00,1617,friendly,Friendlies,6290,7941,110.03947610057844,3,2
2264006,2016-11-13 16:05:00,1617,qual,WCQ_CAF,10255,6714,54.85280272819773,2,2
2263993,2016-11-13 17:30:00,1617,qual,WCQ_CAF,6289,6321,34.65511106082295,-1,0
ng1330085,2016-11-15 13:10:00,1617,friendly,Friendlies,5884,5804,138.33141830513387,1,2
ng1329788,2016-11-15 14:00:00,1617,friendly,Friendlies,6719,68374,358.0477960096848,0,1
ng1330011,2016-11-15 14:00:00,1617,friendly,Friendlies,5889,230692,581.2246985136954,0,1
ng1330086,2016-11-15 17:00:00,1617,friendly,Friendlies,5965,6316,-148.36275126091004,0,1
ng1328254,2016-11-15 20:00:00,1617,friendly,Friendlies,6262,7740,277.9662299424799,1,2
ng1328251,2016-11-15 20:00:00,1617,friendly,Friendlies,6723,6709,410.1661031534536,0,1
ng1332423,2016-11-26 15:59:00,1617,friendly,Friendlies,7740,5815,-90.94907757874762,-1,0
ng1332416,2016-11-26 17:00:00,1617,friendly,Friendlies,6709,121281,523.7918982645749,0,1
ng1332516,2016-11-27 15:00:00,1617,friendly,Friendlies,6395,6323,235.99098011281308,1,2
ng1332634,2016-11-28 15:00:00,1617,friendly,Friendlies,5815,121281,365.8145495334509,0,1
ng1332643,2016-11-28 17:30:00,1617,friendly,Friendlies,7740,6709,-245.67714939872758,-1,0
ng1333071,2016-11-30 15:00:00,1617,friendly,Friendlies,6709,5815,231.58778363160536,-1,0
ng1333070,2016-11-30 15:00:00,1617,friendly,Friendlies,7740,121281,168.24386621118606,-1,0
ng1336235,2016-12-26 18:00:00,1617,friendly,Friendlies,6709,6290,395.24533340037306,0,1
ng1338292,2017-01-04 13:35:00,1617,friendly,Friendlies,6719,5890,158.64399079382815,2,2
ng1338291,2017-01-04 15:59:00,1617,friendly,Friendlies,6262,6323,181.36410071664955,1,2
ng1337886,2017-01-05 13:30:00,1617,friendly,Friendlies,6629,6321,172.74154673866678,2,2
ng1339024,2017-01-07 15:59:00,1617,friendly,Friendlies,6317,68374,387.68314397836093,2,2
ng1339031,2017-01-08 12:45:00,1617,friendly,Friendlies,8520,6709,243.00682117755127,-1,0
ng1339030,2017-01-08 14:00:00,1617,friendly,Friendlies,6328,6395,-177.96898181013353,-1,0
ng1339033,2017-01-08 15:35:00,1617,friendly,Friendlies,8497,5890,321.5229218177383,-2,0
ng1339025,2017-01-08 15:59:00,1617,friendly,Friendlies,10255,6719,172.27251441883232,1,2
ng1339138,2017-01-09 14:00:00,1617,friendly,Friendlies,6262,7871,40.70080898483161,-1,0
ng1339023,2017-01-10 15:59:00,1617,friendly,Friendlies,6317,68374,393.499613289654,6,2
ng1339028,2017-01-10 17:00:00,1617,friendly,Friendlies,6629,6290,350.49340037170373,0,1
ng1339029,2017-01-11 13:00:00,1617,friendly,Friendlies,6709,5890,273.62940587124876,3,2
ng1339026,2017-01-11 14:30:00,1617,friendly,Friendlies,5801,6395,-152.1652535153487,-2,0
2398936,2017-01-14 16:00:00,1617,tourn,AFCON,5889,230700,163.0955419166919,0,1
2398937,2017-01-14 19:00:00,1617,tourn,AFCON,6323,6629,-163.9390550159651,0,1
2398944,2017-01-15 16:00:00,1617,tourn,AFCON,6317,6290,227.0618288950318,0,1
2398945,2017-01-15 19:00:00,1617,tourn,AFCON,6719,6395,-96.51364698264979,-2,0
2398951,2017-01-16 16:00:00,1617,tourn,AFCON,6709,7740,346.07504227070535,0,1
2398952,2017-01-16 19:00:00,1617,tourn,AFCON,6321,6262,-37.96570353919833,1,2
2398958,2017-01-17 16:00:00,1617,tourn,AFCON,6714,5890,142.71413037626803,1,2
2398959,2017-01-17 19:00:00,1617,tourn,AFCON,5815,10255,-101.78981470357212,0,1
2398938,2017-01-18 16:00:00,1617,tourn,AFCON,5889,6323,-71.10093473576057,0,1
2398939,2017-01-18 19:00:00,1617,tourn,AFCON,6629,230700,354.2639062344788,1,2
2398946,2017-01-19 16:00:00,1617,tourn,AFCON,6317,6719,61.836334256403916,-1,0
2398947,2017-01-19 19:00:00,1617,tourn,AFCON,6395,6290,287.72256086172274,2,2
2398953,2017-01-20 16:00:00,1617,tourn,AFCON,6709,6321,112.74660197328376,0,1
2398954,2017-01-20 19:00:00,1617,tourn,AFCON,6262,7740,177.85485142296034,2,2
2398960,2017-01-21 16:00:00,1617,tourn,AFCON,6714,5815,79.07042581914311,1,2
2398961,2017-01-21 19:00:00,1617,tourn,AFCON,10255,5890,181.73392927994541,1,2
2398940,2017-01-22 19:00:00,1617,tourn,AFCON,6629,5889,213.76614992590862,0,1
2398941,2017-01-22 19:00:00,1617,tourn,AFCON,230700,6323,-213.02066362459118,-2,0
2398948,2017-01-23 19:00:00,1617,tourn,AFCON,6395,6317,130.78592355611613,0,1
2398949,2017-01-23 19:00:00,1617,tourn,AFCON,6290,6719,-177.9460975668128,-2,0
2398955,2017-01-24 19:00:00,1617,tourn,AFCON,6262,6709,-102.56208722125939,1,2
2398956,2017-01-24 19:00:00,1617,tourn,AFCON,7740,6321,-222.9920796304566,-2,0
2398962,2017-01-25 19:00:00,1617,tourn,AFCON,10255,6714,2.067516380944653,1,2
2398963,2017-01-25 19:00:00,1617,tourn,AFCON,5890,5815,-87.77927856682322,0,1
2399021,2017-01-28 16:00:00,1617,tourn,AFCON,6323,6719,-85.88264390703398,2,2
2399022,2017-01-28 19:00:00,1617,tourn,AFCON,6395,6629,68.84647920440375,0,1
2399023,2017-01-29 16:00:00,1617,tourn,AFCON,6321,6714,-54.544098810036076,-1,0
2399024,2017-01-29 19:00:00,1617,tourn,AFCON,10255,6262,95.90554550296474,1,2
2399025,2017-02-01 19:00:00,1617,tourn,AFCON,6323,10255,-169.51600846223073,0,1
2399026,2017-02-02 19:00:00,1617,tourn,AFCON,6629,6714,-40.230917076788955,2,2
2399027,2017-02-04 19:00:00,1617,tourn,AFCON,6323,6714,-67.44726204623294,1,2
2399028,2017-02-05 19:00:00,1617,tourn,AFCON,10255,6629,36.02607444190471,-1,0
ng1369462,2017-03-13 13:00:00,1617,friendly,Friendlies,121284,121285,556.6395265667866,1,2
2479091,2017-03-22 15:30:00,1617,qual,AFCONQ,287979,5809,-28.627907185268896,-1,0
2479093,2017-03-22 16:00:00,1617,qual,AFCONQ,121285,408231,-437.3013883565816,2,2
ng1371918,2017-03-23 12:00:00,1617,friendly,Friendlies,5884,5890,-63.251974169471396,0,1
ng1372098,2017-03-23 16:05:00,1617,friendly,Friendlies,6262,5979,387.2775636582878,1,2
ng1371893,2017-03-23 20:00:00,1617,friendly,Friendlies,6346,6395,22.59122477275173,0,1
2479095,2017-03-24 12:00:00,1617,qual,AFCONQ,230692,5750,-45.690112856610995,2,2
ng1372209,2017-03-24 14:00:00,1617,friendly,Friendlies,6328,7740,127.17993804592993,0,1
ng1370940,2017-03-24 15:59:00,1617,friendly,Friendlies,8713,6709,214.97568063232848,-2,0
ng1372538,2017-03-24 17:00:00,1617,friendly,Friendlies,68374,5883,-41.434702574716766,1,2
ng1371892,2017-03-24 18:00:00,1617,friendly,Friendlies,6719,6629,-77.04716014321525,-1,0
ng1372230,2017-03-24 19:00:00,1617,friendly,Friendlies,6289,5889,102.79422131950628,0,1
ng1371891,2017-03-24 20:00:00,1617,friendly,Friendlies,6262,6323,77.90811705103238,2,2
ng1372312,2017-03-25 13:00:00,1617,friendly,Friendlies,7941,5887,108.94139598090396,2,2
ng1372047,2017-03-25 13:00:00,1617,friendly,Friendlies,6316,230700,409.91762521196574,2,2
ng1372320,2017-03-25 18:00:00,1617,friendly,Friendlies,5965,6712,213.35384798132554,2,2
2479092,2017-03-26 11:30:00,1617,qual,AFCONQ,5809,287979,225.33943643667885,1,2
ng1372319,2017-03-26 11:55:00,1617,friendly,Friendlies,5884,6321,-160.42663586234175,1,2
ng1373832,2017-03-26 13:00:00,1617,friendly,Friendlies,6290,6277,3.857007474864986,0,1
ng1372168,2017-03-27 14:30:00,1617,friendly,Friendlies,230693,5979,52.476336403313326,-1,0
ng1372188,2017-03-27 17:00:00,1617,friendly,Friendlies,68374,5801,-28.169338777791154,1,2
ng1372187,2017-03-27 18:05:00,1617,friendly,Friendlies,6709,6395,56.74289282189943,0,1
2479096,2017-03-28 12:00:00,1617,qual,AFCONQ,5750,230692,137.84488302126988,0,1
ng1374028,2017-03-28 13:00:00,1617,friendly,Friendlies,7941,121284,192.0756213231757,1,2
2479094,2017-03-28 13:30:00,1617,qual,AFCONQ,408231,121285,486.25982252088613,6,2
ng1372752,2017-03-28 15:59:00,1617,friendly,Friendlies,10255,7740,417.7126320370985,3,2
ng1374025,2017-03-28 17:00:00,1617,friendly,Friendlies,5965,4167,288.77493401800643,1,2
ng1372758,2017-03-28 17:15:00,1617,friendly,Friendlies,6316,6712,443.0440867519492,0,1
ng1372756,2017-03-28 18:00:00,1617,friendly,Friendlies,6629,6289,328.570041607589,-1,0
ng1372757,2017-03-28 18:00:00,1617,friendly,Friendlies,5792,5888,-11.357430826721156,-2,0
ng1372189,2017-03-28 18:00:00,1617,friendly,Friendlies,6262,6719,145.81288070746928,1,2
ng1380370,2017-04-18 12:00:00,1617,friendly,Friendlies,5884,6020,88.23116045159827,0,1
ng1385557,2017-05-04 10:00:00,1617,friendly,Friendlies,6323,5883,254.39336151911175,0,1
ng1387866,2017-05-13 15:00:00,1617,friendly,Friendlies,10255,5892,569.9845577396723,1,2
ng1388420,2017-05-21 10:00:00,1617,friendly,Friendlies,5883,6323,-81.90513665112121,0,1
ng1390359,2017-05-25 15:00:00,1617,friendly,Friendlies,6714,5883,265.3871946550769,0,1
ng1389495,2017-05-31 17:30:00,1617,friendly,Friendlies,6262,6708,-313.79335055768456,-1,0
ng1391620,2017-05-31 18:30:00,1617,friendly,Friendlies,6709,5883,325.17876855889654,0,1
ng1391496,2017-06-01 17:00:00,1617,friendly,Friendlies,6346,7740,371.353816246183,3,2
ng1392072,2017-06-02 14:30:00,1617,friendly,Friendlies,5885,6262,-200.04741686109628,2,2
ng1389652,2017-06-03 00:30:00,1617,friendly,Friendlies,9762,6323,300.6770451365221,3,2
ng1389648,2017-06-03 13:20:00,1617,friendly,Friendlies,121282,5890,-72.1298669411774,0,1
ng1391056,2017-06-04 13:00:00,1617,friendly,Friendlies,4167,68374,-75.95942108258123,1,2
ng1392381,2017-06-04 13:45:00,1617,friendly,Friendlies,5885,6262,-154.4596121180616,3,2
ng1389649,2017-06-04 15:00:00,1617,friendly,Friendlies,5889,6277,73.98563627900853,0,1
ng1389654,2017-06-04 15:59:00,1617,friendly,Friendlies,7740,230692,426.1455637194648,2,2
ng1391050,2017-06-04 17:30:00,1617,friendly,Friendlies,6708,6709,422.6741628429909,5,2
ng1389655,2017-06-05 15:59:00,1617,friendly,Friendlies,6321,5887,359.7901414559542,2,2
ng1392831,2017-06-05 15:59:00,1617,friendly,Friendlies,5804,5803,19.754893981482155,1,2
ng1391092,2017-06-05 17:00:00,1617,friendly,Friendlies,10255,6328,381.1668296635353,1,2
ng1391049,2017-06-05 21:00:00,1617,friendly,Friendlies,6395,5890,300.6847795963513,0,1
ng1391065,2017-06-06 21:00:00,1617,friendly,Friendlies,6317,6289,185.1184216603499,1,2
2482809,2017-06-09 19:00:00,1617,qual,AFCONQ,5805,5809,115.18147073349724,-2,0
2482548,2017-06-09 20:00:00,1617,qual,AFCONQ,6328,121274,500.917040403403,4,2
2482820,2017-06-10 12:35:00,1617,qual,AFCONQ,6020,230692,434.1755956868192,1,2
2482785,2017-06-10 13:00:00,1617,qual,AFCONQ,6277,5965,154.11195626515996,-1,0
2482826,2017-06-10 13:00:00,1617,qual,AFCONQ,121284,408231,86.5690483138842,3,2
2482762,2017-06-10 13:30:00,1617,qual,AFCONQ,5887,68374,51.74430765832176,-1,0
2482522,2017-06-10 14:00:00,1617,qual,AFCONQ,6629,6262,213.87919528837938,1,2
2482774,2017-06-10 15:00:00,1617,qual,AFCONQ,121281,4433,157.2841650906896,0,1
2482786,2017-06-10 16:00:00,1617,qual,AFCONQ,230700,5802,42.386900010056706,1,2
2482547,2017-06-10 16:00:00,1617,qual,AFCONQ,6346,6316,134.7306932974102,-2,0
2482798,2017-06-10 17:00:00,1617,qual,AFCONQ,7941,4167,241.56241214993156,0,1
2482585,2017-06-10 17:30:00,1617,qual,AFCONQ,6321,5801,239.54716454986942,2,2
2482761,2017-06-10 18:00:00,1617,qual,AFCONQ,6323,6712,411.20703743796685,2,2
2482749,2017-06-10 18:05:00,1617,qual,AFCONQ,6709,6289,263.3713057275654,-1,0
2482528,2017-06-10 19:00:00,1617,qual,AFCONQ,5815,5889,190.39363654835233,1,2
2482516,2017-06-10 21:05:00,1617,qual,AFCONQ,6395,8323,369.4518725563305,3,2
2482586,2017-06-11 13:05:00,1617,qual,AFCONQ,6290,5804,181.34657412345086,3,2
2482750,2017-06-11 14:00:00,1617,qual,AFCONQ,230693,5885,-52.64094579130506,1,2
2482537,2017-06-11 15:00:00,1617,qual,AFCONQ,5883,5979,217.99689322403788,1,2
2482572,2017-06-11 15:35:00,1617,qual,AFCONQ,6714,121282,349.5680981148437,5,2
2482797,2017-06-11 17:35:00,1617,qual,AFCONQ,5888,5890,31.407439775368402,-1,0
2482536,2017-06-11 21:00:00,1617,qual,AFCONQ,6317,7740,327.9366913232004,1,2
2482773,2017-06-11 22:00:00,1617,qual,AFCONQ,6719,10255,-77.38752827421649,1,2
ng1394398,2017-06-13 17:05:00,1617,friendly,Friendlies,6316,6277,279.66261262406897,-1,0
ng1392398,2017-06-13 18:30:00,1617,friendly,Friendlies,6629,8258,-190.2956846062391,-4,0
ng1398026,2017-06-29 01:05:00,1617,friendly,Friendlies,6710,6714,363.56535188879275,1,2
ng1403544,2017-07-01 20:45:00,1718,friendly,Friendlies,6713,6714,184.76122527160442,1,2
ng1414971,2017-07-15 13:00:00,1718,friendly,Friendlies,121284,5805,82.28517551134883,3,2
ng1437881,2017-08-07 13:30:00,1718,friendly,Friendlies,5885,5805,205.22122605653544,1,2
ng1447989,2017-08-19 14:30:00,1718,friendly,Friendlies,6329,5750,224.60525657904145,1,2
ng1449598,2017-08-22 12:00:00,1718,friendly,Friendlies,5924,5750,233.9123963494219,0,1
2264008,2017-08-31 13:05:00,1718,qual,WCQ_CAF,5890,10255,-82.06914647044982,1,2
ng1453580,2017-08-31 15:59:00,1718,friendly,Friendlies,5884,68374,97.65290334895508,0,1
2263996,2017-08-31 17:00:00,1718,qual,WCQ_CAF,6289,6328,199.0158447722431,1,2
ng1453579,2017-08-31 19:00:00,1718,friendly,Friendlies,7740,121281,124.67163019799841,2,2
2264007,2017-09-01 15:35:00,1718,qual,WCQ_CAF,6714,5801,283.38897594394507,0,1
2264019,2017-09-01 16:00:00,1718,qual,WCQ_CAF,6346,6629,-15.870476077790045,4,2
2264032,2017-09-01 18:30:00,1718,qual,WCQ_CAF,5888,6316,-117.14068144441649,1,2
2263995,2017-09-01 20:05:00,1718,qual,WCQ_CAF,6719,6321,58.30374198418758,1,2
2264044,2017-09-01 20:05:00,1718,qual,WCQ_CAF,6262,5815,67.00190368971994,6,2
2264020,2017-09-02 13:00:00,1718,qual,WCQ_CAF,6277,6317,-73.47708933418562,2,2
ng1456519,2017-09-02 15:59:00,1718,friendly,Friendlies,5965,5884,141.8068370750218,0,1
2264043,2017-09-02 16:00:00,1718,qual,WCQ_CAF,5889,6709,-111.98768197730737,-3,0
2264031,2017-09-02 20:05:00,1718,qual,WCQ_CAF,6395,6323,201.42126231063776,0,1
ng1457288,2017-09-04 14:00:00,1718,friendly,Friendlies,7740,6020,78.26366862099758,-1,0
2264022,2017-09-04 17:00:00,1718,qual,WCQ_CAF,6629,6346,97.44693923403975,0,1
2263998,2017-09-04 19:00:00,1718,qual,WCQ_CAF,6328,6289,-58.31893931740956,1,2
2264010,2017-09-05 14:30:00,1718,qual,WCQ_CAF,5801,6714,-96.48096615501686,-4,0
ng1457451,2017-09-05 17:00:00,1718,friendly,Friendlies,6346,68374,388.3348325744603,2,2
2264034,2017-09-05 17:05:00,1718,qual,WCQ_CAF,6316,5888,224.1431693004913,-1,0
2263997,2017-09-05 17:30:00,1718,qual,WCQ_CAF,6321,6719,68.34641676266438,0,1
2264045,2017-09-05 17:30:00,1718,qual,WCQ_CAF,6709,5889,320.1750519310965,-1,0
2264009,2017-09-05 18:00:00,1718,qual,WCQ_CAF,10255,5890,192.79248517380552,1,2
2264033,2017-09-05 18:05:00,1718,qual,WCQ_CAF,6323,6395,-20.52229247464311,0,1
2264046,2017-09-05 19:00:00,1718,qual,WCQ_CAF,5815,6262,24.189861888389032,0,1
2264021,2017-09-05 19:30:00,1718,qual,WCQ_CAF,6317,6277,160.97389599262806,-1,0
ng1468712,2017-10-04 13:00:00,1718,friendly,Friendlies,5890,5809,313.8341493001137,-1,0
ng1466903,2017-10-05 14:45:00,1718,friendly,Friendlies,6711,7740,472.4797087018819,2,2
ng1466902,2017-10-05 15:59:00,1718,friendly,Friendlies,5819,5884,341.17565131739593,1,2
2264047,2017-10-06 19:00:00,1718,qual,WCQ_CAF,5815,6709,-6.910297780500059,0,1
2264035,2017-10-07 13:00:00,1718,qual,WCQ_CAF,6316,6323,44.50983383741391,2,2
2264012,2017-10-07 13:05:00,1718,qual,WCQ_CAF,5890,6714,-31.19239172788548,0,1
ng1469160,2017-10-07 14:00:00,1718,friendly,Friendlies,7941,6020,45.27741138035185,0,1
2264024,2017-10-07 16:00:00,1718,qual,WCQ_CAF,6629,6317,198.1804931007439,2,2
2264023,2017-10-07 16:00:00,1718,qual,WCQ_CAF,6346,6277,218.2281736779894,1,2
2264000,2017-10-07 17:00:00,1718,qual,WCQ_CAF,6328,6321,-75.66233607569393,-1,0
2263999,2017-10-07 17:05:00,1718,qual,WCQ_CAF,6289,6719,-3.4175596146908447,-3,0
2264036,2017-10-07 17:35:00,1718,qual,WCQ_CAF,5888,6395,-135.0602004660277,-2,0
2264048,2017-10-07 19:05:00,1718,qual,WCQ_CAF,6262,5889,222.79039646035926,3,2
ng1466907,2017-10-08 12:30:00,1718,friendly,Friendlies,5788,5884,80.63642316288633,1,2
2264011,2017-10-08 17:00:00,1718,qual,WCQ_CAF,10255,5801,349.7848709638763,1,2
ng1468704,2017-10-10 13:30:00,1718,friendly,Friendlies,7804,6262,237.25948768592798,-2,0
ng1469519,2017-10-10 14:00:00,1718,friendly,Friendlies,5889,5883,68.8639762721682,-1,0
ng1470366,2017-10-10 14:10:00,1718,friendly,Friendlies,5888,5965,126.14564091631792,-1,0
ng1470229,2017-10-10 17:15:00,1718,friendly,Friendlies,7795,6714,12.792426411859878,-3,0
ng1477518,2017-11-08 11:00:00,1718,friendly,Friendlies,4167,6290,-124.85043443823088,1,2
ng1477015,2017-11-08 14:30:00,1718,friendly,Friendlies,5801,5883,4.4687247808069515,0,1
2640779,2017-11-10 17:05:00,1718,qual,WCQ_CAF,6316,6395,-46.36682380489128,-2,0
2264026,2017-11-10 19:35:00,1718,qual,WCQ_CAF,6317,6346,-57.96093159192219,0,1
ng1476856,2017-11-11 12:30:00,1718,friendly,Friendlies,6020,4167,240.0801228451528,0,1
2264025,2017-11-11 13:00:00,1718,qual,WCQ_CAF,6277,6629,-85.23813663190072,0,1
ng1476842,2017-11-11 14:00:00,1718,friendly,Friendlies,5802,6290,-22.57386911269623,2,2
ng1476839,2017-11-11 14:00:00,1718,friendly,Friendlies,230692,5809,-233.1058974946161,0,1
2264050,2017-11-11 14:35:00,1718,qual,WCQ_CAF,5889,5815,-31.75296645512981,0,1
2264001,2017-11-11 17:30:00,1718,qual,WCQ_CAF,6321,6289,194.36308705196097,2,2
2264049,2017-11-11 17:30:00,1718,qual,WCQ_CAF,6709,6262,68.82212062827148,-2,0
2264002,2017-11-11 17:30:00,1718,qual,WCQ_CAF,6719,6328,305.45246916393785,0,1
2264013,2017-11-12 14:30:00,1718,qual,WCQ_CAF,5801,5890,-46.61182129029953,0,1
ng1476843,2017-11-12 15:00:00,1718,friendly,Friendlies,5883,7941,207.1046959224907,0,1
ng1477181,2017-11-12 15:30:00,1718,friendly,Friendlies,7740,5750,374.70709349154185,6,2
2264014,2017-11-12 15:30:00,1718,qual,WCQ_CAF,6714,10255,53.030014612351124,0,1
ng1477397,2017-11-14 14:30:00,1718,friendly,Friendlies,5889,5887,241.546494086552,0,1
ng1477395,2017-11-14 16:30:00,1718,friendly,Friendlies,6706,6346,386.4273910873708,-2,0
ng1477413,2017-11-14 19:30:00,1718,friendly,Friendlies,6317,230693,333.9206554115053,3,2
2264038,2017-11-14 19:35:00,1718,qual,WCQ_CAF,6323,5888,203.09142633975307,4,2
2264037,2017-11-14 19:40:00,1718,qual,WCQ_CAF,6395,6316,258.4067574900687,1,2
ng1483032,2017-12-03 15:00:00,1718,friendly,Friendlies,5883,5801,147.77864044891066,-2,0
ng1486266,2017-12-25 15:00:00,1718,friendly,Friendlies,5816,6328,144.40787697517544,0,1
ng1521026,2018-03-17 12:00:00,1718,friendly,Friendlies,6711,5803,491.886254674612,4,2
ng1521868,2018-03-21 13:00:00,1718,friendly,Friendlies,6316,6712,390.4180939969492,0,1
ng1522065,2018-03-21 15:59:00,1718,friendly,Friendlies,6277,6290,218.84359967334376,0,1
ng1520304,2018-03-21 18:00:00,1718,friendly,Friendlies,7740,5809,121.5984970164659,0,1
ng1518977,2018-03-22 17:00:00,1718,friendly,Friendlies,6317,7941,273.6786640871344,3,2
ng1519565,2018-03-23 12:20:00,1718,friendly,Friendlies,6715,5815,285.4740654040479,0,1
ng1520454,2018-03-23 16:30:00,1718,friendly,Friendlies,6395,8700,249.27464262816625,0,1
ng1522301,2018-03-23 17:00:00,1718,friendly,Friendlies,5979,230693,103.10678447288387,0,1
ng1520456,2018-03-23 18:15:00,1718,friendly,Friendlies,6719,6711,-49.19539571927476,1,2
ng1518988,2018-03-23 19:35:00,1718,friendly,Friendlies,8205,6262,200.49252990632795,-1,0
ng1518993,2018-03-23 19:45:00,1718,friendly,Friendlies,8568,6346,179.35466590707188,-1,0
ng1519563,2018-03-23 19:45:00,1718,friendly,Friendlies,8361,10255,395.649223426356,1,2
ng1524203,2018-03-24 12:10:00,1718,friendly,Friendlies,6712,6290,-48.67233333306581,0,1
ng1523622,2018-03-24 13:45:00,1718,friendly,Friendlies,5890,287979,497.8862427116726,2,2
ng1523623,2018-03-24 14:00:00,1718,friendly,Friendlies,5887,4167,134.99614435846956,1,2
ng1524213,2018-03-24 15:00:00,1718,friendly,Friendlies,6277,6316,42.11554799293913,-2,0
ng1524052,2018-03-24 15:59:00,1718,friendly,Friendlies,5884,230692,425.56395549969545,0,1
ng1524747,2018-03-24 17:00:00,1718,friendly,Friendlies,68374,6289,-33.540150705388214,2,2
ng1521862,2018-03-24 18:00:00,1718,friendly,Friendlies,430156,5809,333.16257931590144,1,2
ng1521476,2018-03-24 18:00:00,1718,friendly,Friendlies,7740,6709,-164.88887117945023,0,1
ng1524848,2018-03-25 14:15:00,1718,friendly,Friendlies,5801,230700,204.85576177062353,2,2
ng1521477,2018-03-25 15:30:00,1718,friendly,Friendlies,5821,6629,-170.3478977976754,-2,0
ng1525321,2018-03-27 10:00:00,1718,friendly,Friendlies,121274,4433,-192.26061011885236,0,1
ng1521485,2018-03-27 10:00:00,1718,friendly,Friendlies,95971,5750,-232.55236315768298,-2,0
ng1524873,2018-03-27 13:00:00,1718,friendly,Friendlies,5890,6020,225.5484820982208,0,1
ng1523160,2018-03-27 13:00:00,1718,friendly,Friendlies,7941,6321,-184.32142419933734,2,2
ng1524871,2018-03-27 15:00:00,1718,friendly,Friendlies,5884,230693,147.51310797232736,-1,0
ng1521490,2018-03-27 15:59:00,1718,friendly,Friendlies,6317,6711,-117.30940514459985,-1,0
ng1521978,2018-03-27 15:59:00,1718,friendly,Friendlies,6323,430156,105.4274677485439,-2,0
ng1523156,2018-03-27 18:00:00,1718,friendly,Friendlies,6395,10106,139.12124487171536,0,1
ng1524878,2018-03-27 18:00:00,1718,friendly,Friendlies,5802,4167,171.6696125592805,1,2
ng1521494,2018-03-27 18:00:00,1718,friendly,Friendlies,6719,6705,44.21117386263404,1,2
ng1521495,2018-03-27 18:00:00,1718,friendly,Friendlies,6383,10255,18.509228398299,1,2
ng1522284,2018-03-27 18:00:00,1718,friendly,Friendlies,6709,5794,427.1784887722413,1,2
ng1521507,2018-03-27 19:00:00,1718,friendly,Friendlies,6346,8205,-9.606859836199192,-2,0
ng1521503,2018-03-27 19:00:00,1718,friendly,Friendlies,6262,8700,189.7127513806738,2,2
ng1534315,2018-04-18 14:00:00,1718,friendly,Friendlies,6290,5887,178.89098750453786,-1,0
ng1540855,2018-05-09 18:30:00,1718,friendly,Friendlies,7795,6317,100.05568428178071,2,2
ng1545734,2018-05-25 12:00:00,1718,friendly,Friendlies,5884,4433,170.3482614311058,-1,0
ng1543729,2018-05-25 19:00:00,1718,friendly,Friendlies,5821,10255,-159.0230066019085,0,1
ng1546686,2018-05-27 14:00:00,1718,friendly,Friendlies,6629,6323,188.5205309876103,-1,0
ng1546688,2018-05-27 20:00:00,1718,friendly,Friendlies,121281,230693,84.66200282316595,0,1
ng1546687,2018-05-28 12:00:00,1718,friendly,Friendlies,5884,8323,-8.574480817617086,1,2
ng1545594,2018-05-28 16:10:00,1718,friendly,Friendlies,6346,6321,191.76226158918735,0,1
ng1543286,2018-05-28 18:45:00,1718,friendly,Friendlies,8361,6719,436.054501864405,0,1
ng1543287,2018-05-30 10:25:00,1718,friendly,Friendlies,6715,6714,186.67754133900212,-2,0
ng1546789,2018-05-30 20:00:00,1718,friendly,Friendlies,230693,5890,-135.71686393335153,1,2
ng1543768,2018-05-31 18:00:00,1718,friendly,Friendlies,6262,6718,-78.75041282504276,0,1
ng1543764,2018-05-31 18:00:00,1718,friendly,Friendlies,5792,6395,-319.3181353609525,0,1
ng1543782,2018-06-01 18:15:00,1718,friendly,Friendlies,6719,6595,-59.557521265006244,0,1
ng1547288,2018-06-01 19:20:00,1718,friendly,Friendlies,10255,8258,-250.25911222685977,0,1
ng1546809,2018-06-01 21:25:00,1718,friendly,Friendlies,6317,5888,173.36541429251884,-1,0
ng1546995,2018-06-02 14:30:00,1718,friendly,Friendlies,5884,5820,-80.07277427434519,1,2
ng1543788,2018-06-02 16:15:00,1718,friendly,Friendlies,8491,6346,350.21190316706793,1,2
ng1547455,2018-06-02 20:00:00,1718,friendly,Friendlies,121281,5890,-122.11518903506362,1,2
ng1547463,2018-06-03 15:00:00,1718,friendly,Friendlies,10045,5888,-258.3962582205397,0,1
ng1547567,2018-06-04 14:30:00,1718,friendly,Friendlies,6329,5884,-64.19194940285956,3,2
ng1543779,2018-06-04 18:00:00,1718,friendly,Friendlies,8497,6262,115.5218286272584,-1,0
ng1543757,2018-06-06 13:00:00,1718,friendly,Friendlies,8496,6346,132.56260565084563,1,2
ng1543745,2018-06-06 18:45:00,1718,friendly,Friendlies,8263,10255,502.08813881825677,3,2
ng1543774,2018-06-07 19:15:00,1718,friendly,Friendlies,8361,6317,556.4647104304538,3,2
ng1543747,2018-06-07 20:00:00,1718,friendly,Friendlies,8536,6714,92.31340647350908,0,1
ng1548655,2018-06-08 14:30:00,1718,friendly,Friendlies,5896,5884,-293.4949569498808,-4,0
ng1543758,2018-06-08 15:59:00,1718,friendly,Friendlies,10155,6395,268.9364432161408,1,2
ng1543740,2018-06-09 15:59:00,1718,friendly,Friendlies,8261,6262,-198.6858118319783,-2,0
ng1543781,2018-06-09 18:45:00,1718,friendly,Friendlies,6719,6720,-307.8599135505451,-1,0
ng1550218,2018-06-10 14:30:00,1718,friendly,Friendlies,6329,5884,-49.33905279579062,2,2
ng1543815,2018-06-11 13:30:00,1718,friendly,Friendlies,7804,6395,123.44359494863238,-2,0
ng1615108,2018-09-02 10:00:00,1819,friendly,Friendlies,121282,121284,141.14387402643752,0,1
ng1615692,2018-09-07 11:45:00,1819,friendly,Friendlies,5825,5750,189.21581548701306,0,1
2482821,2018-09-08 12:00:00,1819,qual,AFCONQ,230692,6629,-569.0909102152966,0,1
2482550,2018-09-08 12:30:00,1819,qual,AFCONQ,121274,6346,-619.4008751829758,-3,0
2482575,2018-09-08 13:00:00,1819,qual,AFCONQ,5884,6714,-277.0596596920134,1,2
2482799,2018-09-08 13:00:00,1819,qual,AFCONQ,5890,7941,202.44075711650225,0,1
2482549,2018-09-08 13:00:00,1819,qual,AFCONQ,6316,6328,227.32043678215746,0,1
2482787,2018-09-08 14:00:00,1819,qual,AFCONQ,5802,6277,-101.6565720384117,0,1
2482529,2018-09-08 15:00:00,1819,qual,AFCONQ,5889,121284,232.69696617366003,0,1
2482517,2018-09-08 15:00:00,1819,qual,AFCONQ,8323,5805,238.99645884720167,1,2
2482788,2018-09-08 15:00:00,1819,qual,AFCONQ,5965,230700,229.61031798878776,0,1
2482764,2018-09-08 17:00:00,1819,qual,AFCONQ,68374,6323,-145.6346819094324,2,2
2482775,2018-09-08 18:00:00,1819,qual,AFCONQ,10255,121281,433.6928467840098,6,2
2482535,2018-09-08 18:00:00,1819,qual,AFCONQ,5979,6317,-135.10926894690442,0,1
2482523,2018-09-08 20:00:00,1819,qual,AFCONQ,6262,6020,425.2269931643348,3,2
2482810,2018-09-09 11:35:00,1819,qual,AFCONQ,5809,6395,-359.3970429417145,0,1
2482800,2018-09-09 13:00:00,1819,qual,AFCONQ,4167,5888,-150.91740568072987,0,1
2482776,2018-09-09 13:00:00,1819,qual,AFCONQ,4433,6719,-303.8133297523375,-2,0
2482827,2018-09-09 13:15:00,1819,qual,AFCONQ,408231,5815,-270.34100836568723,-3,0
2482752,2018-09-09 13:30:00,1819,qual,AFCONQ,5885,6709,-139.12871159174847,-1,0
2482587,2018-09-09 14:30:00,1819,qual,AFCONQ,5801,6290,133.39131127445125,0,1
2482763,2018-09-09 15:05:00,1819,qual,AFCONQ,6712,5887,38.26481078398865,1,2
2482534,2018-09-09 16:00:00,1819,qual,AFCONQ,7740,5883,-7.2818421162673985,0,1
2482588,2018-09-09 16:05:00,1819,qual,AFCONQ,5804,6321,-235.560227081324,0,1
2482751,2018-09-09 16:30:00,1819,qual,AFCONQ,6289,230693,214.14230429745726,1,2
ng1618081,2018-09-11 09:30:00,1819,friendly,Friendlies,6324,5750,142.25114260150485,1,2
ng1618079,2018-09-11 12:00:00,1819,friendly,Friendlies,5884,6020,50.339237927407794,1,2
ng1618076,2018-09-11 15:59:00,1819,friendly,Friendlies,5889,6277,6.057431766905438,-1,0
ng1628823,2018-09-30 13:20:00,1819,friendly,Friendlies,5887,5802,41.73996205449862,1,2
2482577,2018-10-10 13:00:00,1819,qual,AFCONQ,121282,5884,58.11016827898925,0,1
2482790,2018-10-10 15:35:00,1819,qual,AFCONQ,6277,230700,285.4848648641762,1,2
2482590,2018-10-11 14:30:00,1819,qual,AFCONQ,5801,5804,212.09740978112654,2,2
2482524,2018-10-12 14:30:00,1819,qual,AFCONQ,6629,6020,365.4629235794937,1,2
2482828,2018-10-12 15:00:00,1819,qual,AFCONQ,5889,408231,299.78326424934266,3,2
2482766,2018-10-12 15:10:00,1819,qual,AFCONQ,6712,68374,-49.219717494790075,3,2
2482539,2018-10-12 16:00:00,1819,qual,AFCONQ,7740,5979,130.0793845636083,0,1
2482754,2018-10-12 16:30:00,1819,qual,AFCONQ,6289,5885,172.77484772353205,2,2
2482778,2018-10-12 17:00:00,1819,qual,AFCONQ,10255,4433,501.00805535590916,3,2
2482753,2018-10-12 17:00:00,1819,qual,AFCONQ,6709,230693,383.33970110759446,4,2
2482801,2018-10-12 17:05:00,1819,qual,AFCONQ,5888,7941,142.11338980199503,3,2
2482530,2018-10-12 19:00:00,1819,qual,AFCONQ,5815,121284,354.07441839981425,0,1
2482538,2018-10-12 19:55:00,1819,qual,AFCONQ,6317,5883,143.7706484000646,2,2
2482802,2018-10-13 13:00:00,1819,qual,AFCONQ,5890,4167,333.90175132473655,3,2
2482552,2018-10-13 13:00:00,1819,qual,AFCONQ,6316,121274,657.6023941889903,6,2
2482551,2018-10-13 15:00:00,1819,qual,AFCONQ,6346,6328,329.98760052417765,4,2
2482811,2018-10-13 15:00:00,1819,qual,AFCONQ,8323,5809,157.28683546042794,-1,0
2482789,2018-10-13 15:00:00,1819,qual,AFCONQ,5965,5802,190.2222833560345,-1,0
2482589,2018-10-13 17:35:00,1819,qual,AFCONQ,6321,6290,278.6008456452355,-1,0
2482822,2018-10-13 18:05:00,1819,qual,AFCONQ,6262,230692,771.4725013663906,1,2
2482765,2018-10-13 18:10:00,1819,qual,AFCONQ,6323,5887,336.15328924983123,3,2
2482777,2018-10-13 18:20:00,1819,qual,AFCONQ,6719,121281,427.2178157467017,1,2
2482518,2018-10-13 19:05:00,1819,qual,AFCONQ,6395,5805,586.2146245624535,3,2
2482579,2018-10-14 13:00:00,1819,qual,AFCONQ,5884,121282,108.51831845971878,3,2
2482791,2018-10-14 16:00:00,1819,qual,AFCONQ,230700,6277,-138.44528603879075,1,2
2482812,2018-10-16 11:40:00,1819,qual,AFCONQ,5809,8323,59.67805892260458,1,2
2482823,2018-10-16 12:00:00,1819,qual,AFCONQ,230692,6262,-612.4042968975355,0,1
2482525,2018-10-16 12:30:00,1819,qual,AFCONQ,6020,6629,-214.16136984081595,0,1
2482531,2018-10-16 13:00:00,1819,qual,AFCONQ,121284,5815,-163.294298024299,0,1
2482780,2018-10-16 13:00:00,1819,qual,AFCONQ,4433,10255,-348.42084206761683,-2,0
2482829,2018-10-16 13:20:00,1819,qual,AFCONQ,408231,5889,-160.94280182885268,-1,0
2482554,2018-10-16 13:30:00,1819,qual,AFCONQ,121274,6316,-501.3754687429596,0,1
2482756,2018-10-16 13:30:00,1819,qual,AFCONQ,5885,6289,-45.17604460228472,0,1
2482803,2018-10-16 14:00:00,1819,qual,AFCONQ,7941,5888,-24.97766678561038,2,2
2482755,2018-10-16 14:05:00,1819,qual,AFCONQ,230693,6709,-238.2125253904701,0,1
2482540,2018-10-16 15:05:00,1819,qual,AFCONQ,5883,6317,-20.26871797704598,1,2
2482779,2018-10-16 15:10:00,1819,qual,AFCONQ,121281,6719,-273.51891700855253,-1,0
2482804,2018-10-16 16:05:00,1819,qual,AFCONQ,4167,5890,-191.7697207067838,-2,0
2482541,2018-10-16 16:30:00,1819,qual,AFCONQ,5979,7740,44.23393889606018,-1,0
2482591,2018-10-16 17:00:00,1819,qual,AFCONQ,6290,6321,-51.99743782325186,0,1
2482792,2018-10-16 17:00:00,1819,qual,AFCONQ,5802,5965,29.723595874272178,1,2
2482767,2018-10-16 17:00:00,1819,qual,AFCONQ,5887,6323,-193.8202037257861,0,1
2482768,2018-10-16 17:00:00,1819,qual,AFCONQ,68374,6712,129.36892715851172,1,2
2482519,2018-10-16 17:30:00,1819,qual,AFCONQ,5805,6395,-430.8488000067018,-1,0
2482592,2018-10-16 18:00:00,1819,qual,AFCONQ,5804,5801,-79.43013166649439,1,2
2482553,2018-10-16 18:00:00,1819,qual,AFCONQ,6328,6346,-189.51132029646988,-1,0
2482830,2018-11-16 13:00:00,1819,qual,AFCONQ,408231,121284,-66.73291741802495,-3,0
2482781,2018-11-16 16:00:00,1819,qual,AFCONQ,10255,6719,100.2215979978057,1,2
2482526,2018-11-16 19:00:00,1819,qual,AFCONQ,6262,6629,147.7022941650987,2,2
2482824,2018-11-17 12:00:00,1819,qual,AFCONQ,230692,6020,-234.77357012567404,1,2
2482556,2018-11-17 12:30:00,1819,qual,AFCONQ,121274,6328,-337.44428291090026,-7,0
2482805,2018-11-17 13:00:00,1819,qual,AFCONQ,5890,5888,153.93849941808912,1,2
2482555,2018-11-17 13:00:00,1819,qual,AFCONQ,6316,6346,-81.46841644008532,0,1
2482794,2018-11-17 14:00:00,1819,qual,AFCONQ,5802,230700,123.4036810153807,0,1
2482532,2018-11-17 15:00:00,1819,qual,AFCONQ,5889,5815,-28.865024499928268,-1,0
2482520,2018-11-17 15:00:00,1819,qual,AFCONQ,8323,6395,-301.5710811786414,-1,0
2482543,2018-11-17 16:30:00,1819,qual,AFCONQ,5979,5883,-74.81538012305646,2,2
2482813,2018-11-18 11:35:00,1819,qual,AFCONQ,5809,5805,228.3327049207585,-2,0
2482580,2018-11-18 13:00:00,1819,qual,AFCONQ,121282,6714,-251.60861397551412,-2,0
2482758,2018-11-18 13:30:00,1819,qual,AFCONQ,5885,230693,121.34260552241176,0,1
2482793,2018-11-18 13:30:00,1819,qual,AFCONQ,5965,6277,-26.205647621714206,1,2
2482782,2018-11-18 13:40:00,1819,qual,AFCONQ,4433,121281,24.812675461566414,-1,0
2482806,2018-11-18 14:05:00,1819,qual,AFCONQ,4167,7941,-107.04047042156594,1,2
2482593,2018-11-18 14:35:00,1819,qual,AFCONQ,5801,6321,-54.40940174306343,0,1
2482769,2018-11-18 15:00:00,1819,qual,AFCONQ,6712,6323,-162.73986319247547,1,2
2482542,2018-11-18 16:00:00,1819,qual,AFCONQ,7740,6317,-51.92187642961585,-3,0
2482594,2018-11-18 16:05:00,1819,qual,AFCONQ,5804,6290,-38.795550226823934,1,2
2482770,2018-11-18 17:05:00,1819,qual,AFCONQ,68374,5887,165.95181899863132,1,2
2482757,2018-11-18 17:05:00,1819,qual,AFCONQ,6289,6709,-53.05913319477372,0,1
ng1640518,2018-11-20 15:45:00,1819,friendly,Friendlies,6346,5890,267.42042150250336,0,1
ng1640517,2018-11-20 17:00:00,1819,friendly,Friendlies,6316,6724,-117.03999582589154,0,1
ng1640519,2018-11-20 17:00:00,1819,friendly,Friendlies,6719,6262,-2.325902302731947,-1,0
ng1640531,2018-11-20 19:30:00,1819,friendly,Friendlies,8256,6629,540.5483932640695,1,2
ng1649489,2018-12-27 12:00:00,1819,friendly,Friendlies,5902,6317,220.3473467500521,-1,0
2482527,2019-03-22 13:00:00,1819,qual,AFCONQ,6020,6262,-319.5895716764967,0,1
2482521,2019-03-22 14:00:00,1819,qual,AFCONQ,5805,8323,-2.1707993562456522,-3,0
2482558,2019-03-22 15:00:00,1819,qual,AFCONQ,6346,121274,787.2819082251377,2,2
2482772,2019-03-22 17:00:00,1819,qual,AFCONQ,6323,68374,207.761880891077,1,2
2482771,2019-03-22 17:10:00,1819,qual,AFCONQ,5887,6712,29.324152554904686,-1,0
2482784,2019-03-22 18:20:00,1819,qual,AFCONQ,6719,4433,499.53949716549573,4,2
2482545,2019-03-22 19:45:00,1819,qual,AFCONQ,6317,5979,301.8087025518239,0,1
2482533,2019-03-23 13:00:00,1819,qual,AFCONQ,121284,5889,9.799787552686894,0,1
2482825,2019-03-23 15:05:00,1819,qual,AFCONQ,6629,230692,616.3998444573331,3,2
2482783,2019-03-23 15:30:00,1819,qual,AFCONQ,121281,10255,-300.4263025410726,0,1
2482796,2019-03-23 16:30:00,1819,qual,AFCONQ,230700,5965,8.2198245000709,0,1
2482795,2019-03-23 16:30:00,1819,qual,AFCONQ,6277,5802,185.20942356534647,3,2
2482760,2019-03-23 17:05:00,1819,qual,AFCONQ,6709,5885,336.74664615083907,3,2
2482583,2019-03-23 18:00:00,1819,qual,AFCONQ,6714,5884,345.68495625313017,1,2
2482814,2019-03-23 19:00:00,1819,qual,AFCONQ,6395,5809,501.9846839880481,2,2
2482831,2019-03-23 19:00:00,1819,qual,AFCONQ,5815,408231,499.20041080571445,3,2
ng1690074,2019-03-24 03:00:00,1819,friendly,Friendlies,5925,5750,256.37124223259434,1,2
2482596,2019-03-24 13:00:00,1819,qual,AFCONQ,6321,5804,299.5201429235715,1,2
2482595,2019-03-24 13:05:00,1819,qual,AFCONQ,6290,5801,63.02337443499846,2,2
2482759,2019-03-24 14:15:00,1819,qual,AFCONQ,230693,6289,-77.66324264552259,0,1
2482808,2019-03-24 15:00:00,1819,qual,AFCONQ,5888,4167,270.0618718295816,0,1
2482544,2019-03-24 15:00:00,1819,qual,AFCONQ,5883,7740,147.43007281251175,1,2
2482807,2019-03-24 15:05:00,1819,qual,AFCONQ,7941,5890,-78.7278201520121,3,2
2482557,2019-03-24 17:00:00,1819,qual,AFCONQ,6328,6316,-44.72721463297739,-1,0
ng1691027,2019-03-25 15:45:00,1819,friendly,Friendlies,7795,8323,250.21636838828636,1,2
ng1686734,2019-03-26 17:00:00,1819,friendly,Friendlies,6395,5815,271.30900970276684,1,2
ng1686731,2019-03-26 17:00:00,1819,friendly,Friendlies,6346,10255,90.61505916148667,1,2
ng1691558,2019-03-26 17:00:00,1819,friendly,Friendlies,6709,5804,375.1489345558989,1,2
ng1686728,2019-03-26 19:00:00,1819,friendly,Friendlies,6262,6706,-169.50376523155364,-1,0
ng1686720,2019-03-26 19:45:00,1819,friendly,Friendlies,6317,6719,-26.57573244281116,1,2
ng1716720,2019-06-02 17:00:00,1819,friendly,Friendlies,5792,5809,100.58541407672442,0,1
ng1718829,2019-06-07 15:59:00,1819,friendly,Friendlies,6709,230692,602.2844349536008,2,2
ng1719334,2019-06-07 18:00:00,1819,friendly,Friendlies,5884,5809,128.71883254604654,1,2
ng1719557,2019-06-07 18:00:00,1819,friendly,Friendlies,6289,5979,205.7871731382795,-1,0
ng1716878,2019-06-07 18:15:00,1819,friendly,Friendlies,6719,5819,82.06040160028374,2,2
ng1719779,2019-06-08 16:20:00,1819,friendly,Friendlies,6712,230700,110.68142689103001,2,2
ng1719198,2019-06-08 17:00:00,1819,friendly,Friendlies,6346,6290,363.51198743774535,0,1
ng1720256,2019-06-09 13:30:00,1819,friendly,Friendlies,6714,5802,394.1679464902286,-1,0
ng1719843,2019-06-09 15:00:00,1819,friendly,Friendlies,6321,6323,95.60639053022373,0,1
ng1719209,2019-06-09 18:00:00,1819,friendly,Friendlies,5890,5900,280.46646115599583,0,1
ng1716863,2019-06-11 18:00:00,1819,friendly,Friendlies,6317,121284,284.65789538852937,0,1
ng1716868,2019-06-11 18:00:00,1819,friendly,Friendlies,5883,68374,119.5419562476925,1,2
ng1716873,2019-06-11 18:45:00,1819,friendly,Friendlies,10155,6719,363.41798914391643,-1,0
ng1716886,2019-06-12 16:30:00,1819,friendly,Friendlies,6262,5979,443.23857841279664,-1,0
ng1716865,2019-06-13 19:00:00,1819,friendly,Friendlies,10255,7941,352.9894691722168,1,2
ng1720024,2019-06-14 15:59:00,1819,friendly,Friendlies,6629,5815,149.61435858338814,0,1
ng1720572,2019-06-14 16:30:00,1819,friendly,Friendlies,68374,5809,134.5266698763719,2,2
ng1716872,2019-06-15 12:30:00,1819,friendly,Friendlies,6709,5890,221.64794503545704,-1,0
ng1720821,2019-06-15 13:40:00,1819,friendly,Friendlies,6714,6316,145.4846249672148,0,1
ng1720041,2019-06-15 17:00:00,1819,friendly,Friendlies,5884,6321,-78.84435337263358,0,1
ng1716876,2019-06-16 15:59:00,1819,friendly,Friendlies,6395,6346,143.15284342836958,1,2
ng1720820,2019-06-16 16:30:00,1819,friendly,Friendlies,6262,6277,303.31114265804945,-1,0
ng1722832,2019-06-16 18:00:00,1819,friendly,Friendlies,7941,6290,54.88727656712831,0,1
ng1716862,2019-06-16 18:00:00,1819,friendly,Friendlies,6317,5815,57.26362739625347,1,2
ng1716864,2019-06-16 19:00:00,1819,friendly,Friendlies,10255,6289,305.7025304052288,2,2
ng1716877,2019-06-17 18:15:00,1819,friendly,Friendlies,6719,121284,392.2839109921392,1,2
ng1722491,2019-06-18 16:30:00,1819,friendly,Friendlies,5883,68374,123.4539889507962,2,2
ng1722139,2019-06-19 12:30:00,1819,friendly,Friendlies,6277,6709,-19.61284106298308,-3,0
3023239,2019-06-21 20:00:00,1819,tourn,AFCON,10255,6290,255.35004189917845,1,2
3023240,2019-06-22 14:30:00,1819,tourn,AFCON,6321,5890,54.59848041324153,-2,0
3023245,2019-06-22 17:00:00,1819,tourn,AFCON,6346,121284,340.7286279616483,1,2
3023246,2019-06-22 20:00:00,1819,tourn,AFCON,6289,5809,136.2248010942535,0,1
3023261,2019-06-23 14:30:00,1819,tourn,AFCON,6262,5802,329.22505726816325,1,2
3023255,2019-06-23 17:00:00,1819,tourn,AFCON,6395,7941,363.8353482933885,2,2
3023256,2019-06-23 20:00:00,1819,tourn,AFCON,6317,5884,162.9938958048092,2,2
3023262,2019-06-24 14:30:00,1819,tourn,AFCON,6709,6316,39.70695040815235,1,2
3023267,2019-06-24 17:00:00,1819,tourn,AFCON,6719,6712,296.4393541989882,0,1
3023268,2019-06-24 20:00:00,1819,tourn,AFCON,5815,68374,178.7498868099574,3,2
3023273,2019-06-25 17:00:00,1819,tourn,AFCON,6629,230700,309.09547701103406,2,2
3023274,2019-06-25 20:00:00,1819,tourn,AFCON,6714,5883,191.06650765145196,0,1
3023247,2019-06-26 14:30:00,1819,tourn,AFCON,6346,6289,254.89652798354837,1,2
3023242,2019-06-26 17:00:00,1819,tourn,AFCON,5890,6290,110.41743040408278,0,1
3023241,2019-06-26 20:00:00,1819,tourn,AFCON,10255,6321,195.71967372581094,2,2
3023248,2019-06-27 14:30:00,1819,tourn,AFCON,5809,121284,-19.40317016600011,1,2
3023257,2019-06-27 17:00:00,1819,tourn,AFCON,6395,6317,201.78346342229224,-1,0
3023258,2019-06-27 20:00:00,1819,tourn,AFCON,5884,7941,-26.683273988999645,1,2
3023269,2019-06-28 14:30:00,1819,tourn,AFCON,6719,5815,68.28697150076505,0,1
3023263,2019-06-28 17:00:00,1819,tourn,AFCON,6262,6709,57.5048000249767,1,2
3023264,2019-06-28 20:00:00,1819,tourn,AFCON,6316,5802,200.76843816208475,1,2
3023270,2019-06-29 14:30:00,1819,tourn,AFCON,68374,6712,-31.309699613947714,0,1
3023275,2019-06-29 17:00:00,1819,tourn,AFCON,6629,6714,17.667275688020027,0,1
3023276,2019-06-29 20:00:00,1819,tourn,AFCON,5883,230700,147.04371828048033,0,1
3023250,2019-06-30 16:00:00,1819,tourn,AFCON,121284,6289,-115.19082305325969,-2,0
3023249,2019-06-30 16:00:00,1819,tourn,AFCON,5809,6346,-355.43637868323344,2,2
3023244,2019-06-30 19:00:00,1819,tourn,AFCON,6290,6321,-52.27943969818125,-4,0
3023243,2019-06-30 19:00:00,1819,tourn,AFCON,5890,10255,-189.67470755228737,-2,0
3023265,2019-07-01 16:00:00,1920,tourn,AFCON,6316,6262,-150.44945297456775,-1,0
3023266,2019-07-01 16:00:00,1920,tourn,AFCON,5802,6709,-275.8586055723006,-3,0
3023259,2019-07-01 19:00:00,1920,tourn,AFCON,5884,6395,-341.9678566180278,-3,0
3023260,2019-07-01 19:00:00,1920,tourn,AFCON,7941,6317,-243.4952064023646,-3,0
3023278,2019-07-02 16:00:00,1920,tourn,AFCON,230700,6714,-304.3657575789141,-2,0
3023277,2019-07-02 16:00:00,1920,tourn,AFCON,5883,6629,-192.43120613151905,0,1
3023272,2019-07-02 19:00:00,1920,tourn,AFCON,6712,5815,-200.61312752825347,-1,0
3023271,2019-07-02 19:00:00,1920,tourn,AFCON,68374,6719,-286.01346139858015,0,1
3024571,2019-07-05 16:00:00,1920,tourn,AFCON,6262,5883,273.4636839992463,0,1
3024572,2019-07-05 19:00:00,1920,tourn,AFCON,5890,6395,-241.9179302770924,-1,0
3024573,2019-07-06 16:00:00,1920,tourn,AFCON,6346,6629,15.58129105118519,1,2
3024574,2019-07-06 19:00:00,1920,tourn,AFCON,10255,6316,181.97941287437834,-1,0
3024575,2019-07-07 16:00:00,1920,tourn,AFCON,5809,6321,-103.74075357819811,0,1
3024576,2019-07-07 19:00:00,1920,tourn,AFCON,6317,6289,169.75012540791545,3,2
3024577,2019-07-08 16:00:00,1920,tourn,AFCON,5815,6709,-33.910049307693725,-1,0
3024578,2019-07-08 19:00:00,1920,tourn,AFCON,6714,6719,5.827538126518448,0,1
3024645,2019-07-10 16:00:00,1920,tourn,AFCON,6395,5883,283.4697174974049,1,2
3024646,2019-07-10 19:00:00,1920,tourn,AFCON,6346,6316,76.2996825538612,1,2
3024647,2019-07-11 16:00:00,1920,tourn,AFCON,6709,6317,1.9624897897397204,0,1
3024648,2019-07-11 19:00:00,1920,tourn,AFCON,5809,6719,-202.90626686523296,-3,0
3024643,2019-07-14 16:00:00,1920,tourn,AFCON,6395,6719,116.91711790298291,1,2
3024644,2019-07-14 19:00:00,1920,tourn,AFCON,6317,6346,-31.369550102941957,1,2
3024658,2019-07-17 19:00:00,1920,tourn,AFCON,6719,6346,-24.806999891191253,-1,0
3024659,2019-07-19 19:00:00,1920,tourn,AFCON,6395,6317,102.75934664245688,-1,0
3135239,2019-09-04 13:05:00,1920,qual,WCQ_CAF,121284,7941,22.11887756104352,0,1
3135237,2019-09-04 13:05:00,1920,qual,WCQ_CAF,6011,5802,-102.64732694381905,-1,0
3135233,2019-09-04 13:05:00,1920,qual,WCQ_CAF,121282,4167,134.5399973617641,0,1
3135253,2019-09-04 14:00:00,1920,qual,WCQ_CAF,408231,8323,-172.230099110958,0,1
3135249,2019-09-04 14:30:00,1920,qual,WCQ_CAF,5750,5965,-264.59866085634985,-1,0
3135241,2019-09-04 15:00:00,1920,qual,WCQ_CAF,121285,4433,-322.8911440696504,1,2
3135251,2019-09-04 15:35:00,1920,qual,WCQ_CAF,287979,230700,-124.05328348915805,-1,0
3135247,2019-09-04 18:00:00,1920,qual,WCQ_CAF,5804,5803,59.21198384089439,2,2
3135259,2019-09-05 12:00:00,1920,qual,WCQ_CAF,121274,5885,-268.2669063810208,-3,0
3135257,2019-09-05 14:30:00,1920,qual,WCQ_CAF,4432,5805,146.44216667575643,-2,0
3135235,2019-09-05 15:00:00,1920,qual,WCQ_CAF,287978,6290,-400.1179667262703,1,2
ng1782440,2019-09-05 17:00:00,1920,friendly,Friendlies,7795,5815,70.06414878273358,0,1
3135255,2019-09-06 12:00:00,1920,qual,WCQ_CAF,230692,7740,-163.792806764666,0,1
3135245,2019-09-06 17:05:00,1920,qual,WCQ_CAF,5979,6712,86.40689824934589,-1,0
ng1790923,2019-09-06 18:15:00,1920,friendly,Friendlies,6719,68374,313.23914620184246,1,2
ng1790924,2019-09-06 19:00:00,1920,friendly,Friendlies,6262,6323,259.24347389052014,0,1
3135243,2019-09-07 14:05:00,1920,qual,WCQ_CAF,5887,6020,-13.5224683374895,0,1
3135234,2019-09-08 13:00:00,1920,qual,WCQ_CAF,4167,121282,40.219044079747164,0,1
3135240,2019-09-08 13:05:00,1920,qual,WCQ_CAF,7941,121284,140.42421752509927,0,1
3135254,2019-09-08 16:00:00,1920,qual,WCQ_CAF,8323,408231,313.88037951769525,1,2
3135248,2019-09-08 16:30:00,1920,qual,WCQ_CAF,5803,5804,50.915700156250296,1,2
ng1791381,2019-09-09 20:00:00,1920,friendly,Friendlies,6317,5883,326.14575434722474,1,2
3135244,2019-09-10 12:05:00,1920,qual,WCQ_CAF,6020,5887,171.96642227153006,1,2
3135242,2019-09-10 13:00:00,1920,qual,WCQ_CAF,4433,121285,413.6794148785773,0,1
3135236,2019-09-10 13:00:00,1920,qual,WCQ_CAF,6290,287978,487.3862055200383,2,2
3135250,2019-09-10 14:00:00,1920,qual,WCQ_CAF,5965,5750,438.9184841928104,2,2
3135246,2019-09-10 15:00:00,1920,qual,WCQ_CAF,6712,5979,123.34091599502472,1,2
3135260,2019-09-10 16:00:00,1920,qual,WCQ_CAF,5885,121274,452.89509379764627,7,2
3135256,2019-09-10 16:00:00,1920,qual,WCQ_CAF,7740,230692,306.2185306019171,2,2
3135252,2019-09-10 16:30:00,1920,qual,WCQ_CAF,230700,287979,310.34862235461037,1,2
ng1789387,2019-09-10 17:00:00,1920,friendly,Friendlies,6719,6709,37.242717826920625,-1,0
3135238,2019-09-10 17:00:00,1920,qual,WCQ_CAF,5802,6011,291.16186314424635,2,2
3135258,2019-09-10 17:00:00,1920,qual,WCQ_CAF,5805,4432,97.44915339892145,0,1
ng1788199,2019-09-10 18:30:00,1920,friendly,Friendlies,6718,6346,265.50352648673174,0,1
ng1792464,2019-09-10 19:00:00,1920,friendly,Friendlies,6262,121281,453.63390141392415,1,2
ng1802667,2019-09-30 14:15:00,1920,friendly,Friendlies,5887,5804,13.272829260542494,0,1
ng1804688,2019-10-08 17:00:00,1920,friendly,Friendlies,5979,5888,15.795905361651648,-1,0
ng1804689,2019-10-08 20:00:00,1920,friendly,Friendlies,6714,6709,47.687337769573105,2,2
3121658,2019-10-09 13:00:00,1920,qual,AFCONQ,408231,121274,251.92441243538656,1,2
3121659,2019-10-09 13:00:00,1920,qual,AFCONQ,5750,287979,41.76693206427353,-2,0
3121657,2019-10-09 16:00:00,1920,qual,AFCONQ,5804,4432,129.45350098034987,1,2
3121660,2019-10-09 16:00:00,1920,qual,AFCONQ,121285,5979,-384.2155989286024,0,1
ng1803694,2019-10-10 12:00:00,1920,friendly,Friendlies,8256,6395,421.01534638411385,0,1
ng1803695,2019-10-10 12:00:00,1920,friendly,Friendlies,5788,5801,60.93158255076287,0,1
ng1805346,2019-10-10 17:00:00,1920,friendly,Friendlies,6323,5889,204.65954438389144,-1,0
ng1803704,2019-10-10 19:45:00,1920,friendly,Friendlies,6317,6321,280.3108789239391,0,1
ng1803701,2019-10-11 18:00:00,1920,friendly,Friendlies,6262,6328,377.25582027544874,0,1
ng1804087,2019-10-12 17:00:00,1920,friendly,Friendlies,6719,6629,79.42224237916594,0,1
ng1804054,2019-10-13 12:00:00,1920,friendly,Friendlies,8256,6346,485.06819838343586,0,1
3121662,2019-10-13 12:00:00,1920,qual,AFCONQ,121274,408231,-107.12215557605009,-1,0
ng1804091,2019-10-13 13:00:00,1920,friendly,Friendlies,6316,5815,71.1115442965422,1,2
ng1806386,2019-10-13 13:00:00,1920,friendly,Friendlies,121282,5890,-124.35047066549237,-1,0
ng1806237,2019-10-13 13:00:00,1920,friendly,Friendlies,5884,5965,50.63000001748992,-1,0
ng1806236,2019-10-13 13:00:00,1920,friendly,Friendlies,8323,7740,133.2938703511636,0,1
3121661,2019-10-13 13:00:00,1920,qual,AFCONQ,4432,5804,4.796951078279562,1,2
ng1806387,2019-10-13 15:00:00,1920,friendly,Friendlies,5883,6277,60.124863749198084,0,1
ng1806388,2019-10-13 15:30:00,1920,friendly,Friendlies,121281,230693,90.53890658704745,-2,0
3121664,2019-10-13 16:00:00,1920,qual,AFCONQ,5979,121285,512.1118155813919,0,1
3121663,2019-10-13 16:00:00,1920,qual,AFCONQ,287979,5750,185.41141525738067,1,2
ng1804791,2019-10-13 17:00:00,1920,friendly,Friendlies,6709,6321,211.33601037612152,2,2
ng1806684,2019-10-14 15:59:00,1920,friendly,Friendlies,5885,7941,91.96563598883517,0,1
ng1806674,2019-10-14 17:05:00,1920,friendly,Friendlies,10255,5887,520.6059788087605,1,2
ng1804090,2019-10-15 15:59:00,1920,friendly,Friendlies,9762,6289,462.5860581415734,1,2
ng1806678,2019-10-15 17:00:00,1920,friendly,Friendlies,68374,6328,32.19126478787916,0,1
ng1804088,2019-10-15 19:00:00,1920,friendly,Friendlies,6317,8258,-207.42763200599893,3,2
ng1804096,2019-10-15 19:00:00,1920,friendly,Friendlies,6262,5889,349.3685130839058,-1,0
ng1813613,2019-11-07 15:59:00,1920,friendly,Friendlies,10255,5804,460.91561157852607,1,2
3208364,2019-11-13 13:00:00,1920,qual,AFCONQ,230693,121284,122.66697597454277,2,2
3208343,2019-11-13 13:00:00,1920,qual,AFCONQ,6020,408231,285.1204203829773,1,2
3208365,2019-11-13 16:00:00,1920,qual,AFCONQ,6629,5888,266.902659235104,0,1
3208267,2019-11-13 16:00:00,1920,qual,AFCONQ,5802,4432,149.71429537715312,1,2
3208384,2019-11-13 16:00:00,1920,qual,AFCONQ,230700,4433,238.31189659621168,3,2
3208390,2019-11-13 16:00:00,1920,qual,AFCONQ,5803,4167,160.63919318745934,0,1
3208389,2019-11-13 16:00:00,1920,qual,AFCONQ,6346,5883,313.69288253211903,1,2
3208374,2019-11-13 19:00:00,1920,qual,AFCONQ,6323,5890,104.20001927865769,0,1
3208371,2019-11-13 19:00:00,1920,qual,AFCONQ,6395,5801,447.552370596949,2,2
3208359,2019-11-13 19:00:00,1920,qual,AFCONQ,5805,287979,232.16325074686415,4,2
3208377,2019-11-13 19:00:00,1920,qual,AFCONQ,6712,5979,194.22157932677237,-2,0
3208367,2019-11-14 16:00:00,1920,qual,AFCONQ,10255,5884,405.55967877744206,0,1
3208366,2019-11-14 16:00:00,1920,qual,AFCONQ,5965,5885,151.54901717352163,2,2
3208368,2019-11-14 16:00:00,1920,qual,AFCONQ,7740,230692,327.45103394179296,-1,0
3208373,2019-11-14 19:00:00,1920,qual,AFCONQ,6714,6316,149.53080475675324,2,2
3208372,2019-11-14 19:00:00,1920,qual,AFCONQ,6321,5889,144.14841548746404,0,1
3208369,2019-11-14 19:00:00,1920,qual,AFCONQ,6317,6277,330.04750539605084,5,2
3208383,2019-11-14 19:00:00,1920,qual,AFCONQ,5815,6289,215.83428014320384,0,1
3208370,2019-11-15 16:00:00,1920,qual,AFCONQ,6290,5887,182.19246634699743,0,1
3208386,2019-11-15 16:00:00,1920,qual,AFCONQ,7941,8323,42.451838267890025,1,2
3208363,2019-11-15 19:00:00,1920,qual,AFCONQ,6262,68374,392.44222623828364,0,1
3208385,2019-11-15 19:00:00,1920,qual,AFCONQ,6719,6328,256.8504413417545,3,2
3208388,2019-11-16 13:00:00,1920,qual,AFCONQ,5809,121282,199.57784085943672,1,2
3208387,2019-11-16 19:00:00,1920,qual,AFCONQ,6709,121281,424.7074411501401,1,2
3208355,2019-11-17 13:00:00,1920,qual,AFCONQ,5883,5803,216.89728579268217,1,2
3208255,2019-11-17 13:00:00,1920,qual,AFCONQ,5890,6020,212.18327361871548,2,2
3208342,2019-11-17 13:00:00,1920,qual,AFCONQ,408231,6323,-282.83766104442793,-1,0
3208250,2019-11-17 13:00:00,1920,qual,AFCONQ,6316,5805,343.05166907510966,1,2
3208311,2019-11-17 13:00:00,1920,qual,AFCONQ,4433,6395,-529.7034686869058,-3,0
3208268,2019-11-17 13:00:00,1920,qual,AFCONQ,4432,5815,-209.9201689267004,-2,0
3208356,2019-11-17 16:00:00,1920,qual,AFCONQ,4167,6346,-365.24133236247394,-2,0
3208310,2019-11-17 16:00:00,1920,qual,AFCONQ,5801,230700,127.03249479572764,3,2
3208247,2019-11-17 16:00:00,1920,qual,AFCONQ,6289,5802,162.6940374286205,2,2
3208286,2019-11-17 16:00:00,1920,qual,AFCONQ,5885,6629,-174.60258117133617,-1,0
3208262,2019-11-17 19:00:00,1920,qual,AFCONQ,5889,6712,171.6956439501953,1,2
3208280,2019-11-18 13:00:00,1920,qual,AFCONQ,230692,10255,-476.32061645376075,0,1
3208360,2019-11-18 13:00:00,1920,qual,AFCONQ,287979,6714,-471.6216200923134,-1,0
3208281,2019-11-18 16:00:00,1920,qual,AFCONQ,5884,7740,165.7004029108591,0,1
3208285,2019-11-18 16:00:00,1920,qual,AFCONQ,5888,5965,66.61538320240743,0,1
3208378,2019-11-18 16:00:00,1920,qual,AFCONQ,5979,6321,-83.92612339747757,0,1
3208300,2019-11-18 19:00:00,1920,qual,AFCONQ,5887,6317,-401.19650661425885,-1,0
3208270,2019-11-19 13:00:00,1920,qual,AFCONQ,121284,6262,-308.77091890723705,-3,0
3208317,2019-11-19 13:00:00,1920,qual,AFCONQ,121282,6709,-307.26480038169075,1,2
3208299,2019-11-19 16:00:00,1920,qual,AFCONQ,6277,6290,207.38078789548922,-1,0
3208331,2019-11-19 16:00:00,1920,qual,AFCONQ,121281,5809,-22.66173414798186,-4,0
3208271,2019-11-19 16:00:00,1920,qual,AFCONQ,68374,230693,106.44158072803157,2,2
ng1817304,2019-11-19 18:00:00,1920,friendly,Friendlies,6262,6289,296.56405384912364,2,2
3208327,2019-11-19 19:00:00,1920,qual,AFCONQ,8323,6719,-164.57055761360493,-1,0
3208326,2019-11-19 19:00:00,1920,qual,AFCONQ,6328,7941,124.14103376026378,1,2
ng1828213,2020-01-08 00:30:00,1920,friendly,Friendlies,5886,5810,-419.0,-3,0
ng1827387,2020-01-09 17:00:00,1920,friendly,Friendlies,8520,5794,700.0,1,2
ng1828876,2020-01-11 00:30:00,1920,friendly,Friendlies,5886,5810,-424.75857668404205,-3,0
ng1828368,2020-01-12 14:45:00,1920,friendly,Friendlies,8520,430156,375.3494418298967,1,2
ng1829128,2020-01-15 11:00:00,1920,friendly,Friendlies,95797,6333,-468.0,-2,0
ng1829129,2020-01-16 00:00:00,1920,friendly,Friendlies,5810,8536,16.672187122866035,-1,0
ng1830300,2020-01-16 11:00:00,1920,friendly,Friendlies,5750,121284,-187.1105971396023,-3,0
ng1830363,2020-01-17 11:00:00,1920,friendly,Friendlies,6333,5895,791.8998062593284,2,2
ng1830468,2020-01-18 11:00:00,1920,friendly,Friendlies,121284,121274,408.77089274107766,2,2
ng1833034,2020-01-19 11:00:00,1920,friendly,Friendlies,95797,5895,240.4112544556657,3,2
ng1831273,2020-01-20 00:00:00,1920,friendly,Friendlies,8536,6327,273.4794961311318,1,2
ng1833358,2020-01-20 11:00:00,1920,friendly,Friendlies,121274,5750,33.5189814749034,0,1
ng1834758,2020-01-22 11:00:00,1920,friendly,Friendlies,6333,121274,532.0645836717383,1,2
ng1834969,2020-01-23 11:00:00,1920,friendly,Friendlies,95797,121284,-347.9747420968415,-3,0
ng1835868,2020-01-25 10:00:00,1920,friendly,Friendlies,6333,121284,193.85525868172158,2,2
ng1836219,2020-01-25 15:00:00,1920,friendly,Friendlies,6629,4432,426.45418680560056,2,2
ng1836871,2020-02-01 20:55:00,1920,friendly,Friendlies,6713,6705,143.0,1,2
ng1848279,2020-02-20 14:30:00,1920,friendly,Friendlies,5801,6629,-113.70405685817332,0,1
ng1848208,2020-02-23 13:00:00,1920,friendly,Friendlies,8700,10057,166.0,-1,0
ng1848209,2020-02-24 14:30:00,1920,friendly,Friendlies,6629,5885,355.24975173508346,0,1
ng1848211,2020-02-26 01:00:00,1920,friendly,Friendlies,5807,5922,-236.0,0,1
ng1851276,2020-02-26 15:00:00,1920,friendly,Friendlies,10150,10057,146.55530932701663,-1,0
ng1852996,2020-03-05 02:00:00,1920,friendly,Friendlies,5858,5922,82.91039800625481,-2,0
ng1857837,2020-03-12 00:00:00,1920,friendly,Friendlies,5806,5943,362.0,2,2
ng1860035,2020-03-12 13:00:00,1920,friendly,Friendlies,6277,6020,161.45059351194982,1,2
ng1860934,2020-03-15 15:59:00,1920,friendly,Friendlies,6323,7740,294.8548853539387,0,1
ng1908797,2020-09-03 14:00:00,2021,friendly,Friendlies,8700,5898,407.55530932701663,1,2
3287006,2020-09-03 16:00:00,2021,nl,NationsLeagueD,5795,10045,227.0,0,1
3287079,2020-09-03 18:45:00,2021,nl,NationsLeagueA,6718,6717,38.0,1,2
3287126,2020-09-03 18:45:00,2021,nl,NationsLeagueB,10150,5791,-88.98462649806402,0,1
3287127,2020-09-03 18:45:00,2021,nl,NationsLeagueB,7871,5790,-55.0,-1,0
3287114,2020-09-03 18:45:00,2021,nl,NationsLeagueB,8713,8205,80.0,2,2
3287115,2020-09-03 18:45:00,2021,nl,NationsLeagueB,6595,8565,240.0,-1,0
3287078,2020-09-03 18:45:00,2021,nl,NationsLeagueA,8570,6720,16.0,0,1
3287005,2020-09-03 18:45:00,2021,nl,NationsLeagueD,8269,8495,138.0,1,2
3287054,2020-09-03 18:45:00,2021,nl,NationsLeagueC,5787,6383,59.0,0,1
3287053,2020-09-03 18:45:00,2021,nl,NationsLeagueC,5794,430156,-323.2827027025637,0,1
3287030,2020-09-04 16:00:00,2021,nl,NationsLeagueC,8254,8265,41.0,-2,0
3287017,2020-09-04 18:45:00,2021,nl,NationsLeagueA,8204,10106,365.0,0,1
3287091,2020-09-04 18:45:00,2021,nl,NationsLeagueB,9730,10259,104.0,0,1
3287090,2020-09-04 18:45:00,2021,nl,NationsLeagueB,8492,8255,61.0,-1,0
3287102,2020-09-04 18:45:00,2021,nl,NationsLeagueB,8498,8567,181.0,0,1
3287018,2020-09-04 18:45:00,2021,nl,NationsLeagueA,6708,8568,307.0,1,2
3287029,2020-09-04 18:45:00,2021,nl,NationsLeagueC,10057,10024,70.42931717104739,-2,0
3287103,2020-09-04 18:45:00,2021,nl,NationsLeagueB,8497,8496,79.0,-2,0
3286999,2020-09-05 13:00:00,2021,nl,NationsLeagueD,507764,6035,345.0,1,2
3287205,2020-09-05 13:00:00,2021,nl,NationsLeagueC,8260,6583,176.0,1,2
3287218,2020-09-05 16:00:00,2021,nl,NationsLeagueC,5793,49437,-43.0,-2,0
3287206,2020-09-05 16:00:00,2021,nl,NationsLeagueC,8261,8268,-37.0,-1,0
3287042,2020-09-05 16:00:00,2021,nl,NationsLeagueA,8536,8491,-189.0883463176565,-1,0
3287217,2020-09-05 16:00:00,2021,nl,NationsLeagueC,8566,5792,116.0,-1,0
3287066,2020-09-05 18:45:00,2021,nl,NationsLeagueA,8520,6723,-105.5838190427703,-1,0
3287065,2020-09-05 18:45:00,2021,nl,NationsLeagueA,8361,10155,146.0,3,2
3287041,2020-09-05 18:45:00,2021,nl,NationsLeagueA,8238,8263,-112.0,-2,0
3287128,2020-09-06 13:00:00,2021,nl,NationsLeagueB,5790,10150,305.6940002115382,1,2
3287007,2020-09-06 13:00:00,2021,nl,NationsLeagueD,10045,8269,-42.835828880403824,-1,0
3287055,2020-09-06 16:00:00,2021,nl,NationsLeagueC,5787,5794,408.9486170414491,1,2
3287116,2020-09-06 16:00:00,2021,nl,NationsLeagueB,8565,8713,-77.58128379629852,-1,0
3287129,2020-09-06 16:00:00,2021,nl,NationsLeagueB,5791,7871,165.70937371347418,-1,0
3287008,2020-09-06 18:45:00,2021,nl,NationsLeagueD,8495,5795,-11.835828880403824,0,1
3287081,2020-09-06 18:45:00,2021,nl,NationsLeagueA,6717,8570,2.0979431005321203,0,1
3287080,2020-09-06 18:45:00,2021,nl,NationsLeagueA,6720,6718,242.0979431005319,4,2
3287056,2020-09-06 18:45:00,2021,nl,NationsLeagueC,430156,6383,16.5324360842194,-1,0
3287117,2020-09-06 18:45:00,2021,nl,NationsLeagueB,8205,6595,114.41871620370148,0,1
3287031,2020-09-07 14:00:00,2021,nl,NationsLeagueC,8265,10057,-54.44557113744531,-1,0
3287019,2020-09-07 18:45:00,2021,nl,NationsLeagueA,10106,8568,-9.741929726608987,-1,0
3287092,2020-09-07 18:45:00,2021,nl,NationsLeagueB,8255,9730,133.70820540389286,-1,0
3287032,2020-09-07 18:45:00,2021,nl,NationsLeagueC,10024,8254,316.9837460336021,-1,0
3287020,2020-09-07 18:45:00,2021,nl,NationsLeagueA,6708,8204,144.25807027339124,-1,0
3287093,2020-09-07 18:45:00,2021,nl,NationsLeagueB,10259,8492,48.70820540389286,-4,0
3287105,2020-09-07 18:45:00,2021,nl,NationsLeagueB,8567,8497,-78.21906634050333,0,1
3287104,2020-09-07 18:45:00,2021,nl,NationsLeagueB,8496,8498,213.78093365949667,-1,0
3287207,2020-09-08 16:00:00,2021,nl,NationsLeagueC,6583,8261,111.39568848600402,2,2
3287208,2020-09-08 16:00:00,2021,nl,NationsLeagueC,8268,8260,98.39568848600402,0,1
3287000,2020-09-08 18:45:00,2021,nl,NationsLeagueD,6035,5799,-239.28567697434335,-2,0
3287219,2020-09-08 18:45:00,2021,nl,NationsLeagueC,5793,8566,114.55832921968408,-1,0
3287220,2020-09-08 18:45:00,2021,nl,NationsLeagueC,5792,49437,-92.44167078031592,-1,0
3287068,2020-09-08 18:45:00,2021,nl,NationsLeagueA,8520,8361,-65.26990425522354,-2,0
3287067,2020-09-08 18:45:00,2021,nl,NationsLeagueA,6723,10155,227.68608521245324,2,2
3287044,2020-09-08 18:45:00,2021,nl,NationsLeagueA,8238,8491,-1.773540752776853,0,1
3287043,2020-09-08 18:45:00,2021,nl,NationsLeagueA,8263,8536,494.86188707043334,4,2
ng1931443,2020-09-25 13:00:00,2021,friendly,Friendlies,4432,5805,41.55196467040241,-2,0
ng1932915,2020-10-01 02:00:00,2021,friendly,Friendlies,6710,5858,498.5130949124275,3,2
ng1934141,2020-10-07 01:00:00,2021,friendly,Friendlies,5807,5858,-206.69794134205563,0,1
ng1938302,2020-10-07 13:00:00,2021,friendly,Friendlies,6277,6020,172.7725790468255,1,2
ng1934469,2020-10-07 15:59:00,2021,friendly,Friendlies,8238,8269,714.3015653377834,4,2
ng1934471,2020-10-07 15:59:00,2021,friendly,Friendlies,49437,5795,360.7329433397465,0,1
ng1936619,2020-10-07 15:59:00,2021,friendly,Friendlies,8495,507764,155.25859979487745,2,2
ng1934472,2020-10-07 15:59:00,2021,friendly,Friendlies,5793,8496,-299.3006085143261,-1,0
ng1934470,2020-10-07 15:59:00,2021,friendly,Friendlies,8261,8254,163.46826715162592,-2,0
ng1936621,2020-10-07 18:15:00,2021,friendly,Friendlies,5792,5799,291.38354130959374,-1,0
ng1934473,2020-10-07 18:30:00,2021,friendly,Friendlies,8255,6383,196.23569784997198,1,2
ng1934478,2020-10-07 18:45:00,2021,friendly,Friendlies,8361,6720,62.010799712820244,0,1
ng1936620,2020-10-07 18:45:00,2021,friendly,Friendlies,5787,6035,843.5815418521217,4,2
ng1936622,2020-10-07 18:45:00,2021,friendly,Friendlies,10045,5888,-234.76812961450946,-1,0
ng1934479,2020-10-07 18:45:00,2021,friendly,Friendlies,6717,10155,70.19033941867724,-1,0
ng1934475,2020-10-07 18:45:00,2021,friendly,Friendlies,8204,5794,804.7544597470014,6,2
ng1934474,2020-10-07 18:45:00,2021,friendly,Friendlies,8570,6595,277.3555377820983,0,1
ng1934477,2020-10-07 18:45:00,2021,friendly,Friendlies,8568,7871,218.79778254961275,4,2
ng1934476,2020-10-07 18:45:00,2021,friendly,Friendlies,6708,6710,173.97705854195624,-1,0
ng1934480,2020-10-07 19:10:00,2021,friendly,Friendlies,6723,6718,280.7152221211145,6,2
ng1936688,2020-10-08 13:00:00,2021,friendly,Friendlies,8700,6711,-92.69712861424864,-1,0
ng1938317,2020-10-08 15:59:00,2021,friendly,Friendlies,6316,5802,298.50337603693856,0,1
3224444,2020-10-08 16:00:00,2021,qual,EUROQ,8268,10057,125.5618002616784,1,2
ng1936782,2020-10-08 16:15:00,2021,friendly,Friendlies,8713,8520,43.91616016477769,-1,0
3224446,2020-10-08 18:45:00,2021,qual,EUROQ,8492,8205,31.14007224851025,-1,0
3224445,2020-10-08 18:45:00,2021,qual,EUROQ,8260,430156,88.9769155531792,1,2
3224493,2020-10-08 18:45:00,2021,qual,EUROQ,8498,8567,172.48580044994037,0,1
3224448,2020-10-08 18:45:00,2021,qual,EUROQ,8497,5791,72.99771899592997,0,1
3224447,2020-10-08 18:45:00,2021,qual,EUROQ,10106,10259,117.77084766746793,0,1
3224496,2020-10-08 18:45:00,2021,qual,EUROQ,8536,9730,44.13059462890715,1,2
ng1934482,2020-10-08 18:45:00,2021,friendly,Friendlies,8263,6709,559.6536331787042,0,1
3224495,2020-10-08 18:45:00,2021,qual,EUROQ,10150,8565,7.9375911475813155,-2,0
ng1934483,2020-10-08 19:00:00,2021,friendly,Friendlies,8491,5790,247.40720013739883,3,2
3238973,2020-10-08 22:30:00,2021,qual,WCQ_CONMEBOL,6724,5798,-7.0,0,1
3238970,2020-10-08 22:45:00,2021,qual,WCQ_CONMEBOL,5796,9762,279.0,1,2
3238974,2020-10-09 00:35:00,2021,qual,WCQ_CONMEBOL,6706,6707,364.0,1,2
ng1934484,2020-10-09 12:00:00,2021,friendly,Friendlies,6715,6629,241.85732799462176,0,1
ng1938688,2020-10-09 13:00:00,2021,friendly,Friendlies,5884,6277,5.54115872182706,1,2
ng1938690,2020-10-09 15:00:00,2021,friendly,Friendlies,6719,5805,394.8936477834475,3,2
ng1938689,2020-10-09 15:59:00,2021,friendly,Friendlies,5979,5801,14.253763647500591,1,2
ng1938687,2020-10-09 15:59:00,2021,friendly,Friendlies,6323,6321,98.71436285985578,3,2
ng1938429,2020-10-09 17:00:00,2021,friendly,Friendlies,5815,6714,-14.1603163262007,3,2
ng1934485,2020-10-09 18:00:00,2021,friendly,Friendlies,6262,6395,-3.549590141213457,2,2
ng1936701,2020-10-09 18:30:00,2021,friendly,Friendlies,6346,6317,38.49743287886031,-1,0
3238971,2020-10-09 23:30:00,2021,qual,WCQ_CONMEBOL,8258,5800,276.0,3,2
3238972,2020-10-10 00:35:00,2021,qual,WCQ_CONMEBOL,8256,5797,606.0,5,2
3287222,2020-10-10 13:00:00,2021,nl,NationsLeagueC,49437,8566,227.0674044165496,2,2
3287221,2020-10-10 13:00:00,2021,nl,NationsLeagueC,5792,5793,54.14807244441704,2,2
ng1939285,2020-10-10 14:10:00,2021,friendly,Friendlies,6629,408231,527.3382144859313,0,1
3287001,2020-10-10 16:00:00,2021,nl,NationsLeagueD,5799,507764,168.75646180028934,-1,0
3287010,2020-10-10 16:00:00,2021,nl,NationsLeagueD,8269,5795,65.16742734060495,0,1
ng1938801,2020-10-10 17:00:00,2021,friendly,Friendlies,121281,4432,120.82510048850077,2,2
3287082,2020-10-10 18:45:00,2021,nl,NationsLeagueA,6720,6717,241.2011419971932,1,2
3287083,2020-10-10 18:45:00,2021,nl,NationsLeagueA,6718,8570,-24.6058260988691,-1,0
3287009,2020-10-10 18:45:00,2021,nl,NationsLeagueD,10045,8495,8.93105832402398,0,1
ng1937018,2020-10-10 22:00:00,2021,friendly,Friendlies,5808,5807,510.75532086906037,0,1
ng1938802,2020-10-11 02:00:00,2021,friendly,Friendlies,6705,5922,214.29549734841726,-1,0
ng1939303,2020-10-11 12:30:00,2021,friendly,Friendlies,6020,6290,53.47563924254314,0,1
ng1938587,2020-10-11 13:00:00,2021,friendly,Friendlies,6316,6277,191.60394456498125,-1,0
ng1937054,2020-10-11 13:00:00,2021,friendly,Friendlies,7941,121284,153.79215612941653,-1,0
3287130,2020-10-11 13:00:00,2021,nl,NationsLeagueB,5791,5790,7.231871172246883,0,1
3287033,2020-10-11 13:00:00,2021,nl,NationsLeagueC,8265,10024,-81.29058524264906,0,1
3287069,2020-10-11 16:00:00,2021,nl,NationsLeagueA,10155,8520,143.80383714915183,1,2
3287095,2020-10-11 16:00:00,2021,nl,NationsLeagueB,8492,9730,93.41129225501777,4,2
3287131,2020-10-11 16:00:00,2021,nl,NationsLeagueB,7871,10150,197.6860580323564,2,2
3287045,2020-10-11 16:00:00,2021,nl,NationsLeagueA,8491,8263,-44.41693074011778,1,2
3287210,2020-10-11 16:00:00,2021,nl,NationsLeagueC,8261,8260,-87.78215678146194,0,1
3287034,2020-10-11 16:00:00,2021,nl,NationsLeagueC,8254,10057,-68.38241795263411,0,1
3287021,2020-10-11 16:00:00,2021,nl,NationsLeagueA,10106,6708,-224.14565256404012,0,1
3287209,2020-10-11 16:00:00,2021,nl,NationsLeagueC,6583,8268,-117.22590982874817,0,1
3287070,2020-10-11 18:45:00,2021,nl,NationsLeagueA,6723,8361,124.74346748336575,0,1
3287094,2020-10-11 18:45:00,2021,nl,NationsLeagueB,10259,8255,-11.741480412491455,-1,0
3287106,2020-10-11 18:45:00,2021,nl,NationsLeagueB,8567,8496,-110.34795027653195,-1,0
3287046,2020-10-11 18:45:00,2021,nl,NationsLeagueA,8536,8238,-99.05286331196658,-3,0
3287022,2020-10-11 18:45:00,2021,nl,NationsLeagueA,8568,8204,-91.3237113130881,0,1
3287107,2020-10-11 18:45:00,2021,nl,NationsLeagueB,8498,8497,21.19660948609794,1,2
3287058,2020-10-11 18:45:00,2021,nl,NationsLeagueC,430156,5787,22.569004311934123,-1,0
3287118,2020-10-11 18:45:00,2021,nl,NationsLeagueB,8713,6595,101.26406071206225,0,1
3287119,2020-10-11 18:45:00,2021,nl,NationsLeagueB,8205,8565,220.15081021383503,-1,0
3287057,2020-10-11 18:45:00,2021,nl,NationsLeagueC,6383,5794,447.40792414440375,2,2
ng1937059,2020-10-12 14:00:00,2021,friendly,Friendlies,7740,5805,95.05819692342311,0,1
ng1939869,2020-10-12 14:45:00,2021,friendly,Friendlies,5789,8700,-27.909353900972064,-1,0
ng1939718,2020-10-12 15:30:00,2021,friendly,Friendlies,6714,5902,49.651204597673996,4,2
ng1939716,2020-10-12 15:59:00,2021,friendly,Friendlies,5809,6323,-3.9123696571512028,-1,0
ng1939874,2020-10-13 14:00:00,2021,friendly,Friendlies,6629,408231,509.17193961898306,0,1
ng1934486,2020-10-13 14:45:00,2021,friendly,Friendlies,6715,6709,190.9173232308201,1,2
3287012,2020-10-13 16:00:00,2021,nl,NationsLeagueD,5795,8495,177.19768201944112,-1,0
3287223,2020-10-13 16:00:00,2021,nl,NationsLeagueC,8566,5793,8.137814158171068,0,1
ng1939896,2020-10-13 17:40:00,2021,friendly,Friendlies,121281,5803,56.21396399916739,1,2
ng1934487,2020-10-13 18:00:00,2021,friendly,Friendlies,6262,6321,288.8563260996216,0,1
ng1938195,2020-10-13 18:30:00,2021,friendly,Friendlies,6346,6719,150.6428156894185,0,1
3287085,2020-10-13 18:45:00,2021,nl,NationsLeagueA,6718,6720,-138.97065391983642,1,2
3287224,2020-10-13 18:45:00,2021,nl,NationsLeagueC,49437,5792,263.4515081924294,-1,0
3287084,2020-10-13 18:45:00,2021,nl,NationsLeagueA,8570,6717,181.61085312603836,0,1
3287002,2020-10-13 18:45:00,2021,nl,NationsLeagueD,5799,6035,409.63071133573,0,1
3287011,2020-10-13 18:45:00,2021,nl,NationsLeagueD,8269,10045,220.68769699635595,2,2
ng1938196,2020-10-13 19:00:00,2021,friendly,Friendlies,6710,6317,247.9452589394873,0,1
3238982,2020-10-13 20:00:00,2021,qual,WCQ_CONMEBOL,5797,6706,-150.75346420059964,-1,0
3238984,2020-10-13 21:00:00,2021,qual,WCQ_CONMEBOL,6707,5796,-22.06746684066775,2,2
3238981,2020-10-13 22:00:00,2021,qual,WCQ_CONMEBOL,5800,6724,198.728245917629,-1,0
3238980,2020-10-14 00:00:00,2021,qual,WCQ_CONMEBOL,5798,8256,-98.77438762661404,-2,0
3238983,2020-10-14 00:30:00,2021,qual,WCQ_CONMEBOL,9762,8258,-76.55434859485831,0,1
ng1939875,2020-10-14 02:00:00,2021,friendly,Friendlies,6705,5922,183.31768734212733,-1,0
3287036,2020-10-14 16:00:00,2021,nl,NationsLeagueC,8254,10024,-84.5838126253957,0,1
3287133,2020-10-14 16:00:00,2021,nl,NationsLeagueB,7871,5791,22.92602392180015,1,2
3287120,2020-10-14 18:45:00,2021,nl,NationsLeagueB,8713,8565,182.1033456894977,0,1
3287097,2020-10-14 18:45:00,2021,nl,NationsLeagueB,9730,8255,-2.154203760290102,-1,0
3287096,2020-10-14 18:45:00,2021,nl,NationsLeagueB,8492,10259,178.32824195290596,1,2
3287109,2020-10-14 18:45:00,2021,nl,NationsLeagueB,8497,8567,205.84405605430197,-1,0
3287024,2020-10-14 18:45:00,2021,nl,NationsLeagueA,8568,10106,201.48430564183172,3,2
3287211,2020-10-14 18:45:00,2021,nl,NationsLeagueC,8261,6583,23.39007738387022,0,1
3287108,2020-10-14 18:45:00,2021,nl,NationsLeagueB,8498,8496,-29.1629253506419,1,2
3287035,2020-10-14 18:45:00,2021,nl,NationsLeagueC,10057,8265,213.54110747365735,2,2
3287060,2020-10-14 18:45:00,2021,nl,NationsLeagueC,5794,5787,-260.8845412329331,-4,0
3287121,2020-10-14 18:45:00,2021,nl,NationsLeagueB,6595,8205,64.15143194049188,0,1
3287059,2020-10-14 18:45:00,2021,nl,NationsLeagueC,6383,430156,188.92071022825849,0,1
3287072,2020-10-14 18:45:00,2021,nl,NationsLeagueA,8361,8520,259.72795022756486,3,2
3287132,2020-10-14 18:45:00,2021,nl,NationsLeagueB,10150,5790,-172.3870346480603,-1,0
3287023,2020-10-14 18:45:00,2021,nl,NationsLeagueA,8204,6708,81.43371692259711,0,1
3287048,2020-10-14 18:45:00,2021,nl,NationsLeagueA,8536,8263,-306.91931805172,-1,0
3287047,2020-10-14 18:45:00,2021,nl,NationsLeagueA,8491,8238,166.70713809360677,-1,0
3287071,2020-10-14 18:45:00,2021,nl,NationsLeagueA,10155,6723,-60.58672525021211,-1,0
3287212,2020-10-14 18:45:00,2021,nl,NationsLeagueC,8260,8268,62.06535847792247,0,1
ng1943393,2020-10-22 13:00:00,2021,friendly,Friendlies,121282,6277,-70.60661388894391,-1,0
ng1944924,2020-10-25 13:00:00,2021,friendly,Friendlies,121282,6277,-86.59721416940624,-2,0
ng1948216,2020-11-11 14:45:00,2021,friendly,Friendlies,6383,5793,335.46874573445893,1,2
ng1948217,2020-11-11 15:00:00,2021,friendly,Friendlies,10024,430156,87.60419179232395,1,2
3208309,2020-11-11 16:00:00,2021,qual,AFCONQ,6395,230700,513.8249016493676,2,2
3208273,2020-11-11 16:00:00,2021,qual,AFCONQ,68374,121284,197.5602239824691,0,1
3208293,2020-11-11 16:00:00,2021,qual,AFCONQ,5884,230692,327.0838246455223,0,1
3208269,2020-11-11 16:00:00,2021,qual,AFCONQ,6289,4432,311.39615114383355,1,2
ng1948219,2020-11-11 17:00:00,2021,friendly,Friendlies,8254,8269,194.92380747827906,1,2
ng1948221,2020-11-11 17:00:00,2021,friendly,Friendlies,8495,5799,138.22497399339113,3,2
ng1948223,2020-11-11 17:00:00,2021,friendly,Friendlies,6035,5795,-335.1390437937632,-3,0
ng1948220,2020-11-11 17:00:00,2021,friendly,Friendlies,9730,10057,246.83170597165326,2,2
ng1948218,2020-11-11 17:00:00,2021,friendly,Friendlies,49437,8265,227.30189896722572,0,1
ng1948224,2020-11-11 17:30:00,2021,friendly,Friendlies,10150,507764,512.0691626734517,3,2
ng1948225,2020-11-11 17:45:00,2021,friendly,Friendlies,6595,10155,-59.96900480029012,0,1
ng1948226,2020-11-11 18:30:00,2021,friendly,Friendlies,8238,8520,145.26899673992716,2,2
3208324,2020-11-11 19:00:00,2021,qual,AFCONQ,6328,8323,146.04958182899918,-1,0
ng1948227,2020-11-11 19:30:00,2021,friendly,Friendlies,5792,8255,-325.7426450559228,-3,0
ng1948229,2020-11-11 19:45:00,2021,friendly,Friendlies,8568,6718,57.77304456001275,2,2
ng1948232,2020-11-11 19:45:00,2021,friendly,Friendlies,8361,10045,1030.3850007958713,7,2
ng1948228,2020-11-11 19:45:00,2021,friendly,Friendlies,8263,6717,268.41876988422223,1,2
ng1948230,2020-11-11 19:45:00,2021,friendly,Friendlies,8570,8496,289.71745333267995,1,2
ng1948231,2020-11-11 19:45:00,2021,friendly,Friendlies,6708,6720,28.367273387724254,0,1
ng1948233,2020-11-11 19:45:00,2021,friendly,Friendlies,5787,8566,302.5567993731365,0,1
ng1948234,2020-11-11 19:45:00,2021,friendly,Friendlies,8204,8261,649.557178168659,4,2
ng1948235,2020-11-11 20:10:00,2021,friendly,Friendlies,6723,7871,482.4199117256974,-2,0
3208341,2020-11-12 13:00:00,2021,qual,AFCONQ,5890,408231,432.4411289281459,1,2
ng1949845,2020-11-12 14:00:00,2021,friendly,Friendlies,5897,5901,-52.0,-2,0
ng1949713,2020-11-12 14:00:00,2021,friendly,Friendlies,5789,5898,286.54913443835517,1,2
ng1950038,2020-11-12 15:00:00,2021,friendly,Friendlies,5816,5819,-66.0,0,1
ng1949740,2020-11-12 15:59:00,2021,friendly,Friendlies,8700,6320,164.10778152135163,-1,0
3208284,2020-11-12 16:00:00,2021,qual,AFCONQ,6629,5965,214.06363257405883,3,2
3208308,2020-11-12 16:00:00,2021,qual,AFCONQ,5801,4433,333.1522711221571,2,2
3208283,2020-11-12 16:00:00,2021,qual,AFCONQ,5888,5885,176.8685587180596,0,1
3208332,2020-11-12 16:00:00,2021,qual,AFCONQ,6709,5809,273.3232621857385,1,2
3208297,2020-11-12 16:00:00,2021,qual,AFCONQ,6277,5887,298.81609850950645,1,2
3208249,2020-11-12 16:00:00,2021,qual,AFCONQ,6714,5805,437.2915648308008,2,2
ng1948238,2020-11-12 17:00:00,2021,friendly,Friendlies,5794,8713,-452.93108999225797,0,1
ng1948237,2020-11-12 17:00:00,2021,friendly,Friendlies,10106,6711,7.048261580486724,-2,0
3224492,2020-11-12 17:00:00,2021,qual,EUROQ,8268,8260,105.8185731228973,-1,0
3208379,2020-11-12 19:00:00,2021,qual,AFCONQ,5889,5979,192.00258861229963,1,2
3208298,2020-11-12 19:00:00,2021,qual,AFCONQ,6317,6290,466.8703384092812,2,2
3208254,2020-11-12 19:00:00,2021,qual,AFCONQ,6323,6020,273.1880767660098,2,2
3224497,2020-11-12 19:45:00,2021,qual,EUROQ,8205,8498,220.7101738223489,0,1
3224498,2020-11-12 19:45:00,2021,qual,EUROQ,10259,8497,55.84219120235775,-1,0
ng1948239,2020-11-12 19:45:00,2021,friendly,Friendlies,5790,6713,140.20617093686997,0,1
3224499,2020-11-12 19:45:00,2021,qual,EUROQ,8565,8536,77.3476733424061,1,2
3238987,2020-11-12 20:00:00,2021,qual,WCQ_CONMEBOL,5797,6707,-51.72085084786136,-1,0
ng1948240,2020-11-12 20:00:00,2021,friendly,Friendlies,8491,5791,331.58025854263656,3,2
3238988,2020-11-13 00:00:00,2021,qual,WCQ_CONMEBOL,6706,6724,336.4711877043176,0,1
ng1949844,2020-11-13 11:00:00,2021,friendly,Friendlies,95797,95799,-5.0472021250413945,2,2
ng1948729,2020-11-13 14:15:00,2021,friendly,Friendlies,6715,5922,276.0522327321837,1,2
3208354,2020-11-13 16:00:00,2021,qual,AFCONQ,6346,5803,470.54083333390486,0,1
3208333,2020-11-13 16:00:00,2021,qual,AFCONQ,121281,121282,84.65453425109763,1,2
3208272,2020-11-13 19:00:00,2021,qual,AFCONQ,6262,230693,430.6060253808946,3,2
3208259,2020-11-13 19:00:00,2021,qual,AFCONQ,5815,5802,318.3988477275325,1,2
3208361,2020-11-13 19:00:00,2021,qual,AFCONQ,6316,287979,511.81399509630774,2,2
3208325,2020-11-13 19:00:00,2021,qual,AFCONQ,6719,7941,372.8113525514202,1,2
3238985,2020-11-13 20:30:00,2021,qual,WCQ_CONMEBOL,8258,5796,171.74940041891568,-3,0
3238989,2020-11-13 23:00:00,2021,qual,WCQ_CONMEBOL,9762,5798,81.74798828275266,2,2
3238986,2020-11-14 00:30:00,2021,qual,WCQ_CONMEBOL,8256,5800,438.270389656245,1,2
3287003,2020-11-14 14:00:00,2021,nl,NationsLeagueD,6035,507764,-177.7936374612807,0,1
3287013,2020-11-14 14:00:00,2021,nl,NationsLeagueD,8495,10045,188.36616427611784,2,2
3208353,2020-11-14 16:00:00,2021,qual,AFCONQ,5883,4167,295.70558305835357,1,2
ng1949313,2020-11-14 16:30:00,2021,friendly,Friendlies,7795,5806,50.67967541132839,3,2
3287226,2020-11-14 17:00:00,2021,nl,NationsLeagueC,5793,5792,74.80537850246537,1,2
3287225,2020-11-14 17:00:00,2021,nl,NationsLeagueC,8566,49437,-41.1886000797565,0,1
3287014,2020-11-14 17:00:00,2021,nl,NationsLeagueD,5795,8269,96.98762117242472,0,1
3208292,2020-11-14 19:00:00,2021,qual,AFCONQ,10255,7740,427.6362257968224,1,2
3208263,2020-11-14 19:00:00,2021,qual,AFCONQ,6321,6712,220.40418359583896,0,1
3287073,2020-11-14 19:45:00,2021,nl,NationsLeagueA,8361,6723,80.13698406074036,-1,0
3287074,2020-11-14 19:45:00,2021,nl,NationsLeagueA,8520,10155,3.078632096120373,1,2
3287087,2020-11-14 19:45:00,2021,nl,NationsLeagueA,6717,6720,-70.16335106790461,0,1
3287086,2020-11-14 19:45:00,2021,nl,NationsLeagueA,8570,6718,222.4257127977603,2,2
ng1948730,2020-11-14 20:00:00,2021,friendly,Friendlies,7804,6710,-60.37603702692468,-1,0
3208291,2020-11-15 13:00:00,2021,qual,AFCONQ,121284,68374,-16.98630218012545,2,2
3287111,2020-11-15 14:00:00,2021,nl,NationsLeagueB,8497,8498,99.18115223581253,1,2
3287214,2020-11-15 14:00:00,2021,nl,NationsLeagueC,8260,8261,250.96513863472796,1,2
3208303,2020-11-15 16:00:00,2021,qual,AFCONQ,230692,5884,-137.64881148795757,1,2
3208346,2020-11-15 16:00:00,2021,qual,AFCONQ,4432,6289,-162.8170753679526,0,1
3208307,2020-11-15 16:00:00,2021,qual,AFCONQ,230700,6395,-359.74912184222126,-1,0
ng1949590,2020-11-15 17:00:00,2021,friendly,Friendlies,5858,5808,-65.73002993019304,1,2
3287134,2020-11-15 17:00:00,2021,nl,NationsLeagueB,10150,7871,-83.43138061776563,-1,0
3287026,2020-11-15 17:00:00,2021,nl,NationsLeagueA,6708,10106,404.07991459175514,2,2
3287213,2020-11-15 17:00:00,2021,nl,NationsLeagueC,8268,6583,171.99449502859193,-1,0
3287037,2020-11-15 17:00:00,2021,nl,NationsLeagueC,10057,8254,208.03027363073807,2,2
3287038,2020-11-15 17:00:00,2021,nl,NationsLeagueC,10024,8265,244.83905834983761,2,2
3287122,2020-11-15 17:00:00,2021,nl,NationsLeagueB,6595,8713,77.36014002538127,1,2
3287135,2020-11-15 17:05:00,2021,nl,NationsLeagueB,5790,5791,162.65152783370831,1,2
3208322,2020-11-15 19:00:00,2021,qual,AFCONQ,8323,6328,69.83991611699048,1,2
3287061,2020-11-15 19:45:00,2021,nl,NationsLeagueC,5794,6383,-281.9873147301232,-2,0
3287049,2020-11-15 19:45:00,2021,nl,NationsLeagueA,8263,8491,200.320896622198,2,2
3287025,2020-11-15 19:45:00,2021,nl,NationsLeagueA,8204,8568,229.98597179087778,2,2
3287050,2020-11-15 19:45:00,2021,nl,NationsLeagueA,8238,8536,311.95715950252657,1,2
3287098,2020-11-15 19:45:00,2021,nl,NationsLeagueB,9730,8492,11.129061679213237,3,2
3287123,2020-11-15 19:45:00,2021,nl,NationsLeagueB,8565,8205,6.061587087687258,0,1
3287110,2020-11-15 19:45:00,2021,nl,NationsLeagueB,8496,8567,248.01158003284172,1,2
3287099,2020-11-15 19:45:00,2021,nl,NationsLeagueB,8255,10259,244.64753229440362,1,2
3287062,2020-11-15 19:45:00,2021,nl,NationsLeagueC,5787,430156,160.97047468332494,1,2
3208253,2020-11-16 13:00:00,2021,qual,AFCONQ,6020,6323,-133.80965513207525,0,1
3208340,2020-11-16 13:00:00,2021,qual,AFCONQ,408231,5890,-278.5698883019011,1,2
3208315,2020-11-16 13:00:00,2021,qual,AFCONQ,4433,5801,-188.52540901385305,0,1
3208362,2020-11-16 13:00:00,2021,qual,AFCONQ,287979,6316,-357.8037479011077,-2,0
3208296,2020-11-16 13:00:00,2021,qual,AFCONQ,6290,6317,-314.51598235002507,0,1
ng1950683,2020-11-16 14:00:00,2021,friendly,Friendlies,5789,5901,-24.74651621518683,-2,0
ng1951000,2020-11-16 15:59:00,2021,friendly,Friendlies,5816,6320,60.47622586974194,1,2
3208295,2020-11-16 16:00:00,2021,qual,AFCONQ,5887,6277,-150.96451662968047,1,2
3208380,2020-11-16 16:00:00,2021,qual,AFCONQ,5979,5889,-51.90310235309357,1,2
3208282,2020-11-16 16:00:00,2021,qual,AFCONQ,5965,6629,-85.67395033901767,-2,0
ng1949847,2020-11-16 19:45:00,2021,friendly,Friendlies,6713,5922,266.3945676897631,4,2
ng1949800,2020-11-17 11:00:00,2021,friendly,Friendlies,95797,95799,25.38857768462026,0,1
3208334,2020-11-17 13:00:00,2021,qual,AFCONQ,5809,6709,-127.06212349506154,0,1
3208275,2020-11-17 13:00:00,2021,qual,AFCONQ,5885,5888,1.9002095096509493,0,1
3208335,2020-11-17 13:00:00,2021,qual,AFCONQ,121282,121281,44.9032810262438,3,2
ng1948731,2020-11-17 13:00:00,2021,friendly,Friendlies,7804,5902,190.80905296866467,1,2
3208248,2020-11-17 13:00:00,2021,qual,AFCONQ,5805,6714,-286.2504677760721,1,2
3208351,2020-11-17 13:00:00,2021,qual,AFCONQ,4167,5883,-148.0396455785949,0,1
ng1951207,2020-11-17 14:00:00,2021,friendly,Friendlies,8700,5819,12.584007391093564,-1,0
3208274,2020-11-17 16:00:00,2021,qual,AFCONQ,230693,6262,-281.43644274082226,-2,0
3208302,2020-11-17 16:00:00,2021,qual,AFCONQ,7740,10255,-273.92336000939736,-2,0
3208352,2020-11-17 16:00:00,2021,qual,AFCONQ,5803,6346,-275.53801890115096,0,1
3208264,2020-11-17 16:00:00,2021,qual,AFCONQ,6712,6321,-37.96190910293376,-1,0
ng1949801,2020-11-17 16:30:00,2021,friendly,Friendlies,7795,5806,80.61020550067087,-1,0
3208323,2020-11-17 19:00:00,2021,qual,AFCONQ,7941,6719,-221.18724068566303,0,1
3208258,2020-11-17 19:00:00,2021,qual,AFCONQ,5802,5815,-169.43076581610876,-1,0
3287075,2020-11-17 19:45:00,2021,nl,NationsLeagueA,10155,8361,-46.34799629633653,-1,0
3287015,2020-11-17 19:45:00,2021,nl,NationsLeagueD,10045,5795,-96.24917324182707,-5,0
3287076,2020-11-17 19:45:00,2021,nl,NationsLeagueA,6723,8520,291.93338791559313,2,2
3287089,2020-11-17 19:45:00,2021,nl,NationsLeagueA,6717,6718,153.20862904669116,3,2
3287227,2020-11-17 19:45:00,2021,nl,NationsLeagueC,5792,8566,50.583292522180045,0,1
3287004,2020-11-17 19:45:00,2021,nl,NationsLeagueD,507764,5799,51.87702905012861,0,1
3287228,2020-11-17 19:45:00,2021,nl,NationsLeagueC,49437,5793,214.565097865167,4,2
3287016,2020-11-17 19:45:00,2021,nl,NationsLeagueD,8495,8269,38.03083465417285,0,1
3287088,2020-11-17 19:45:00,2021,nl,NationsLeagueA,6720,8570,140.3407756577683,6,2
ng1948732,2020-11-17 20:00:00,2021,friendly,Friendlies,6715,6710,-93.2857897281026,-2,0
3238994,2020-11-17 21:00:00,2021,qual,WCQ_CONMEBOL,6707,8258,58.05118750186807,5,2
3238992,2020-11-17 21:00:00,2021,qual,WCQ_CONMEBOL,5800,9762,76.1039312580258,1,2
3238993,2020-11-17 23:00:00,2021,qual,WCQ_CONMEBOL,6724,5797,339.94403177429535,0,1
3238990,2020-11-17 23:00:00,2021,qual,WCQ_CONMEBOL,5796,8256,3.7643617342378093,-2,0
3238991,2020-11-18 00:30:00,2021,qual,WCQ_CONMEBOL,5798,6706,-30.415400211891892,-2,0
3287039,2020-11-18 15:00:00,2021,nl,NationsLeagueC,10024,10057,115.32439119812238,1,2
3287040,2020-11-18 15:00:00,2021,nl,NationsLeagueC,8265,8254,84.61011623497166,-1,0
3287215,2020-11-18 17:00:00,2021,nl,NationsLeagueC,6583,8260,-99.85781792140301,1,2
3287216,2020-11-18 17:00:00,2021,nl,NationsLeagueC,8268,8261,206.8264472983285,0,1
3287124,2020-11-18 19:45:00,2021,nl,NationsLeagueB,8565,6595,21.101910182419715,2,2
3287063,2020-11-18 19:45:00,2021,nl,NationsLeagueC,6383,5787,108.13754434978318,0,1
3287027,2020-11-18 19:45:00,2021,nl,NationsLeagueA,10106,8204,-245.95280151008092,-2,0
3287052,2020-11-18 19:45:00,2021,nl,NationsLeagueA,8491,8536,358.58063572287324,4,2
3287028,2020-11-18 19:45:00,2021,nl,NationsLeagueA,8568,6708,-85.84127675034279,-1,0
3287100,2020-11-18 19:45:00,2021,nl,NationsLeagueB,8255,8492,146.70187324375388,0,1
3287137,2020-11-18 19:45:00,2021,nl,NationsLeagueB,5790,7871,172.1178740760356,2,2
3287064,2020-11-18 19:45:00,2021,nl,NationsLeagueC,430156,5794,333.1163338261158,1,2
3287112,2020-11-18 19:45:00,2021,nl,NationsLeagueB,8496,8497,146.73325938561493,2,2
3287113,2020-11-18 19:45:00,2021,nl,NationsLeagueB,8567,8498,-3.8127280534872625,1,2
3287125,2020-11-18 19:45:00,2021,nl,NationsLeagueB,8205,8713,89.53244484664492,5,2
3287101,2020-11-18 19:45:00,2021,nl,NationsLeagueB,10259,9730,-8.415552146282835,0,1
3287051,2020-11-18 19:45:00,2021,nl,NationsLeagueA,8263,8238,251.8116293362409,2,2
3287136,2020-11-18 19:45:00,2021,nl,NationsLeagueB,5791,10150,254.46220752058662,0,1
ng1957302,2020-12-10 00:30:00,2021,friendly,Friendlies,6713,6327,331.01938516625523,6,2
ng1962080,2021-01-01 17:00:00,2021,friendly,Friendlies,6629,5890,207.54663180940793,0,1
ng1962091,2021-01-02 15:00:00,2021,friendly,Friendlies,6277,121281,257.78934538286853,0,1
ng1962741,2021-01-04 15:00:00,2021,friendly,Friendlies,6277,5890,33.98791667919454,-2,0
ng1962461,2021-01-04 17:00:00,2021,friendly,Friendlies,6629,121281,408.0378233816675,-1,0
ng1963270,2021-01-07 13:00:00,2021,friendly,Friendlies,5885,5801,20.919620228678923,0,1
ng1962728,2021-01-07 15:00:00,2021,friendly,Friendlies,121281,5890,-129.40051211300283,-3,0
ng1962729,2021-01-07 17:30:00,2021,friendly,Friendlies,6629,6277,241.0610958708246,-2,0
ng1963106,2021-01-08 16:30:00,2021,friendly,Friendlies,6262,6289,332.4751453551671,1,2
ng1964201,2021-01-10 13:00:00,2021,friendly,Friendlies,5885,5801,19.71684326138029,-1,0
ng1963071,2021-01-12 14:00:00,2021,friendly,Friendlies,7941,6321,-78.3831664612419,0,1
ng1964203,2021-01-12 15:30:00,2021,friendly,Friendlies,5789,5819,-120.39326323367254,0,1
ng1964204,2021-01-12 16:30:00,2021,friendly,Friendlies,6262,6289,337.61696510326374,1,2
ng1966332,2021-01-18 14:45:00,2021,friendly,Friendlies,5821,6333,104.49271740170616,-1,0
ng1965086,2021-01-19 21:00:00,2021,friendly,Friendlies,262134,5756,288.0,-1,0
ng1966160,2021-01-23 00:00:00,2021,friendly,Friendlies,5858,5756,576.3446543716782,1,2
ng1966631,2021-01-25 21:00:00,2021,friendly,Friendlies,262134,8205,-546.4929129817119,0,1
ng1968634,2021-01-27 15:00:00,2021,friendly,Friendlies,5819,5821,301.0721035627296,1,2
ng1968441,2021-01-29 00:00:00,2021,friendly,Friendlies,5922,8205,-165.63759659199786,0,1
ng1968153,2021-02-01 00:25:00,2021,friendly,Friendlies,6713,7724,477.0904320547313,7,2
ng1972882,2021-02-01 14:00:00,2021,friendly,Friendlies,5816,5898,335.12489852011527,2,2
ng1973602,2021-02-05 14:00:00,2021,friendly,Friendlies,5816,5898,342.7356864452461,-1,0
ng1977935,2021-02-15 14:00:00,2021,friendly,Friendlies,8700,5816,149.94417812474967,2,2
ng1980968,2021-02-24 21:00:00,2021,friendly,Friendlies,5858,5807,359.6024517167873,1,2
ng1990595,2021-03-15 12:00:00,2021,friendly,Friendlies,5884,7941,81.70950675425047,1,2
ng1991915,2021-03-17 13:10:00,2021,friendly,Friendlies,121282,6020,38.58527118175789,4,2
ng1992130,2021-03-20 13:45:00,2021,friendly,Friendlies,5824,5816,119.49977826913391,0,1
3208337,2021-03-24 13:00:00,2021,qual,AFCONQ,121282,5809,-37.342376460180276,4,2
3208252,2021-03-24 13:00:00,2021,qual,AFCONQ,5890,6323,58.78410456934557,0,1
3208357,2021-03-24 13:00:00,2021,qual,AFCONQ,408231,6020,-50.46706937399881,-1,0
3208375,2021-03-24 13:00:00,2021,qual,AFCONQ,287979,5805,-156.01766239058543,-2,0
3208277,2021-03-24 13:00:00,2021,qual,AFCONQ,5885,5965,2.943366809935469,1,2
3208345,2021-03-24 13:00:00,2021,qual,AFCONQ,4432,5802,-26.974327928975526,-3,0
ng1993966,2021-03-24 13:45:00,2021,friendly,Friendlies,5816,5897,155.5817900739753,1,2
3208257,2021-03-24 16:00:00,2021,qual,AFCONQ,6289,5815,-78.0534446421866,1,2
3495286,2021-03-24 17:00:00,2021,qual,WCQ_UEFA,6595,6708,-154.04503125141014,2,2
ng1992019,2021-03-24 17:00:00,2021,friendly,Friendlies,10057,5808,-30.604593015937326,0,1
ng1992020,2021-03-24 17:00:00,2021,friendly,Friendlies,5902,5792,374.36150243909105,1,2
3495285,2021-03-24 19:45:00,2021,qual,WCQ_UEFA,5795,49437,-157.88655554319575,-1,0
3495228,2021-03-24 19:45:00,2021,qual,WCQ_UEFA,8263,5790,370.0182796326319,2,2
ng1992025,2021-03-24 19:45:00,2021,friendly,Friendlies,430156,8254,205.6268860135615,4,2
3495148,2021-03-24 19:45:00,2021,qual,WCQ_UEFA,8361,8566,642.2304594768407,1,2
3495315,2021-03-24 19:45:00,2021,qual,WCQ_UEFA,8495,8713,-487.24548565600094,-2,0
3495149,2021-03-24 19:45:00,2021,qual,WCQ_UEFA,8205,5791,173.82972596188188,1,2
3495314,2021-03-24 19:45:00,2021,qual,WCQ_UEFA,5793,8497,-242.02321616111135,0,1
3495209,2021-03-24 19:45:00,2021,qual,WCQ_UEFA,6723,6718,340.0615567346006,0,1
3495208,2021-03-24 19:45:00,2021,qual,WCQ_UEFA,7871,10106,129.10085629404034,0,1
3495316,2021-03-24 19:45:00,2021,qual,WCQ_UEFA,5787,10155,-208.9250841928365,1,2
3495284,2021-03-24 19:45:00,2021,qual,WCQ_UEFA,507764,8492,-562.1198700852331,-3,0
3495229,2021-03-24 19:45:00,2021,qual,WCQ_UEFA,8261,8496,-265.9785582591321,-4,0
ng1992281,2021-03-25 10:20:00,2021,friendly,Friendlies,6715,7804,47.581840175406114,3,2
3208305,2021-03-25 13:00:00,2021,qual,AFCONQ,230692,7740,-37.85857769358631,0,1
ng1992286,2021-03-25 13:45:00,2021,friendly,Friendlies,6329,5824,-227.69002554725512,0,1
ng1994802,2021-03-25 15:00:00,2021,friendly,Friendlies,5901,6320,153.58084558365226,2,2
3208265,2021-03-25 16:00:00,2021,qual,AFCONQ,5889,6321,35.59114331641308,3,2
3208314,2021-03-25 16:00:00,2021,qual,AFCONQ,5887,6290,-27.233178544921657,-1,0
3208260,2021-03-25 16:00:00,2021,qual,AFCONQ,6316,6714,-3.8077066369660315,0,1
3208304,2021-03-25 16:00:00,2021,qual,AFCONQ,5884,10255,-242.05909271045562,0,1
3208381,2021-03-25 16:00:00,2021,qual,AFCONQ,5979,6712,101.0097032122751,1,2
ng1992293,2021-03-25 17:00:00,2021,friendly,Friendlies,6713,5806,243.16916084189575,3,2
3495251,2021-03-25 17:00:00,2021,qual,WCQ_UEFA,8567,8238,-237.76240696873674,-2,0
3495188,2021-03-25 17:00:00,2021,qual,WCQ_UEFA,10150,6717,-294.92382112029577,-2,0
ng1992294,2021-03-25 17:30:00,2021,friendly,Friendlies,7795,5821,233.6097014014979,1,2
3208320,2021-03-25 19:00:00,2021,qual,AFCONQ,8323,7941,140.92203876971507,1,2
3208294,2021-03-25 19:00:00,2021,qual,AFCONQ,6277,6317,-217.15377975711158,0,1
3208321,2021-03-25 19:00:00,2021,qual,AFCONQ,6328,6719,-165.13920241003825,-3,0
3495346,2021-03-25 19:45:00,2021,qual,WCQ_UEFA,8565,8568,-14.126651179929922,0,1
3495168,2021-03-25 19:45:00,2021,qual,WCQ_UEFA,6720,6383,516.3576138756202,0,1
3495253,2021-03-25 19:45:00,2021,qual,WCQ_UEFA,8498,8255,-30.878507815247303,0,1
3495169,2021-03-25 19:45:00,2021,qual,WCQ_UEFA,8520,8268,399.9238790701818,1,2
3495252,2021-03-25 19:45:00,2021,qual,WCQ_UEFA,5794,8269,89.10051656885071,0,1
3495374,2021-03-25 19:45:00,2021,qual,WCQ_UEFA,8570,8536,358.62585364842334,3,2
3495345,2021-03-25 19:45:00,2021,qual,WCQ_UEFA,8491,6035,1209.796355551261,5,2
3495344,2021-03-25 19:45:00,2021,qual,WCQ_UEFA,10045,10024,-400.2647522993875,-1,0
3495376,2021-03-25 19:45:00,2021,qual,WCQ_UEFA,9730,8260,215.34583565888033,1,2
3495189,2021-03-25 19:45:00,2021,qual,WCQ_UEFA,8204,10259,458.8170147665576,2,2
3495375,2021-03-25 19:45:00,2021,qual,WCQ_UEFA,5799,6583,-294.28777187924334,-1,0
ng1993591,2021-03-26 13:00:00,2021,friendly,Friendlies,8700,6714,7.7889585588486625,1,2
3208289,2021-03-26 13:00:00,2021,qual,AFCONQ,121284,230693,88.13320382441316,0,1
3208330,2021-03-26 13:00:00,2021,qual,AFCONQ,4433,230700,-77.40721585800657,-2,0
3208276,2021-03-26 16:00:00,2021,qual,AFCONQ,5888,6629,-71.12600112467271,2,2
3208316,2021-03-26 16:00:00,2021,qual,AFCONQ,5801,6395,-266.21813245189537,0,1
3208336,2021-03-26 16:00:00,2021,qual,AFCONQ,121281,6709,-259.68509005614055,-3,0
3208290,2021-03-26 19:00:00,2021,qual,AFCONQ,68374,6262,-264.1475510821065,0,1
ng1993312,2021-03-27 01:00:00,2021,friendly,Friendlies,9762,5797,313.2289262763261,1,2
ng1995757,2021-03-27 11:45:00,2021,friendly,Friendlies,95797,95799,23.9296894905483,0,1
3208349,2021-03-27 13:00:00,2021,qual,AFCONQ,4167,5803,-1.4065822804936943,0,1
3495317,2021-03-27 14:00:00,2021,qual,WCQ_UEFA,8713,5787,224.3394870962154,1,2
3495287,2021-03-27 14:00:00,2021,qual,WCQ_UEFA,49437,507764,520.2980894644163,3,2
3208350,2021-03-27 16:00:00,2021,qual,AFCONQ,5883,6346,-118.58136418360687,-1,0
3495289,2021-03-27 17:00:00,2021,qual,WCQ_UEFA,6708,5795,788.0070630302178,2,2
3495318,2021-03-27 17:00:00,2021,qual,WCQ_UEFA,10155,5793,575.4809774229827,1,2
3495230,2021-03-27 17:00:00,2021,qual,WCQ_UEFA,10057,8261,180.68544608870593,2,2
3495288,2021-03-27 17:00:00,2021,qual,WCQ_UEFA,8492,6595,-49.238735335103684,-3,0
ng1993873,2021-03-27 17:00:00,2021,friendly,Friendlies,5902,8566,342.2943862741415,1,2
ng1993872,2021-03-27 17:00:00,2021,friendly,Friendlies,10106,6705,114.37818007753503,0,1
3495231,2021-03-27 19:45:00,2021,qual,WCQ_UEFA,8496,8263,-234.89041749693502,0,1
3495151,2021-03-27 19:45:00,2021,qual,WCQ_UEFA,8205,8361,-164.3605807080412,0,1
3495319,2021-03-27 19:45:00,2021,qual,WCQ_UEFA,8497,8495,543.819298192137,0,1
3495150,2021-03-27 19:45:00,2021,qual,WCQ_UEFA,5791,5792,409.75987663087835,-1,0
ng1993874,2021-03-27 20:00:00,2021,friendly,Friendlies,5790,6710,-56.87173768939874,1,2
3208318,2021-03-28 13:00:00,2021,qual,AFCONQ,7941,6328,48.19179325462551,1,2
3495210,2021-03-28 13:00:00,2021,qual,WCQ_UEFA,8265,6723,-623.1899945340813,-2,0
3208319,2021-03-28 13:00:00,2021,qual,AFCONQ,6719,8323,310.4412824500789,1,2
3208256,2021-03-28 13:00:00,2021,qual,AFCONQ,5802,6289,-25.413921005671227,1,2
ng1993879,2021-03-28 14:00:00,2021,friendly,Friendlies,6383,5808,103.68191488831985,1,2
3495254,2021-03-28 16:00:00,2021,qual,WCQ_UEFA,8238,5794,740.093504830141,8,2
3208261,2021-03-28 16:00:00,2021,qual,AFCONQ,5805,6316,-118.20822424194444,2,2
3495347,2021-03-28 16:00:00,2021,qual,WCQ_UEFA,10024,8491,-347.65361895056367,-2,0
3208376,2021-03-28 16:00:00,2021,qual,AFCONQ,6714,287979,622.5520682976573,2,2
3495170,2021-03-28 16:00:00,2021,qual,WCQ_UEFA,8268,6720,-437.3618613990054,-1,0
3495377,2021-03-28 16:00:00,2021,qual,WCQ_UEFA,6583,8536,-99.19347772025867,2,2
ng1993888,2021-03-28 16:05:00,2021,friendly,Friendlies,10259,6713,-55.73056554364621,-1,0
3495349,2021-03-28 18:45:00,2021,qual,WCQ_UEFA,6035,8565,-805.4552156237357,-3,0
3495255,2021-03-28 18:45:00,2021,qual,WCQ_UEFA,8255,8269,590.803541670108,2,2
3495190,2021-03-28 18:45:00,2021,qual,WCQ_UEFA,10150,8204,-391.4303129837642,-2,0
3495256,2021-03-28 18:45:00,2021,qual,WCQ_UEFA,8567,8498,9.567993064481925,0,1
3495171,2021-03-28 18:45:00,2021,qual,WCQ_UEFA,430156,8520,-243.73558075866526,-3,0
3495348,2021-03-28 18:45:00,2021,qual,WCQ_UEFA,8568,10045,828.031433021542,3,2
3495379,2021-03-28 18:45:00,2021,qual,WCQ_UEFA,9730,8570,-175.54497919715413,-1,0
3495211,2021-03-28 18:45:00,2021,qual,WCQ_UEFA,6718,7871,195.1807668618087,0,1
3495378,2021-03-28 18:45:00,2021,qual,WCQ_UEFA,8260,5799,528.6431642016278,5,2
3208344,2021-03-28 19:00:00,2021,qual,AFCONQ,5815,4432,466.17985529787506,3,2
3495191,2021-03-28 19:05:00,2021,qual,WCQ_UEFA,6717,8254,625.6704915283083,1,2
ng1996612,2021-03-29 11:45:00,2021,friendly,Friendlies,95799,95797,137.445640095817,1,2
ng1994064,2021-03-29 13:00:00,2021,friendly,Friendlies,8700,5819,10.86529558862162,-1,0
3208251,2021-03-29 13:00:00,2021,qual,AFCONQ,6020,5890,-94.11650098285122,1,2
ng1994067,2021-03-29 13:45:00,2021,friendly,Friendlies,5821,5897,93.51232222689146,0,1
ng1996453,2021-03-29 15:00:00,2021,friendly,Friendlies,5789,6329,315.6719525665478,6,2
3208266,2021-03-29 16:00:00,2021,qual,AFCONQ,6712,5889,-72.75228590709548,2,2
3208358,2021-03-29 16:00:00,2021,qual,AFCONQ,6323,408231,446.7336731969342,1,2
3208382,2021-03-29 16:00:00,2021,qual,AFCONQ,6321,5979,164.60946610213614,1,2
3208306,2021-03-29 16:00:00,2021,qual,AFCONQ,10255,230692,558.115196397911,4,2
3208301,2021-03-29 16:00:00,2021,qual,AFCONQ,7740,5884,13.370202241725565,-1,0
3208313,2021-03-29 19:00:00,2021,qual,AFCONQ,6317,5887,560.338661834325,5,2
3208312,2021-03-29 19:00:00,2021,qual,AFCONQ,6290,6277,18.734856152553448,-2,0
ng1996450,2021-03-29 20:30:00,2021,friendly,Friendlies,6707,5797,306.9697148632222,1,2
3208287,2021-03-30 13:00:00,2021,qual,AFCONQ,230693,68374,29.954044475910223,-1,0
3208339,2021-03-30 13:00:00,2021,qual,AFCONQ,5809,121281,197.9408647970572,0,1
3208338,2021-03-30 13:00:00,2021,qual,AFCONQ,6709,121282,361.7034154490923,2,2
ng1996472,2021-03-30 13:00:00,2021,friendly,Friendlies,6711,6320,360.34359080554304,3,2
ng1997176,2021-03-30 15:59:00,2021,friendly,Friendlies,5901,5816,178.8656757431138,-1,0
3208329,2021-03-30 16:00:00,2021,qual,AFCONQ,6395,4433,696.6429177725729,0,1
3208348,2021-03-30 16:00:00,2021,qual,AFCONQ,6346,4167,503.88519036990374,3,2
3208328,2021-03-30 16:00:00,2021,qual,AFCONQ,230700,5801,-11.957893340232204,3,2
3495321,2021-03-30 16:00:00,2021,qual,WCQ_UEFA,5793,5787,-167.99894782740125,1,2
3495152,2021-03-30 16:00:00,2021,qual,WCQ_UEFA,8566,8205,-324.9196274231779,-1,0
3495291,2021-03-30 18:45:00,2021,qual,WCQ_UEFA,49437,8492,-109.92090138319554,-1,0
3495292,2021-03-30 18:45:00,2021,qual,WCQ_UEFA,6595,5795,596.3806797188552,0,1
3495233,2021-03-30 18:45:00,2021,qual,WCQ_UEFA,5790,8496,112.04094869808,1,2
3495320,2021-03-30 18:45:00,2021,qual,WCQ_UEFA,10155,8495,722.0855331664495,3,2
3495322,2021-03-30 18:45:00,2021,qual,WCQ_UEFA,8497,8713,-34.65312449897692,1,2
3495290,2021-03-30 18:45:00,2021,qual,WCQ_UEFA,507764,6708,-819.7225407599224,-7,0
3495232,2021-03-30 18:45:00,2021,qual,WCQ_UEFA,8263,10057,642.8942432952995,8,2
3495153,2021-03-30 18:45:00,2021,qual,WCQ_UEFA,5792,8361,-566.8660975180019,-2,0
ng1994400,2021-03-30 18:45:00,2021,friendly,Friendlies,5902,5791,73.26758684109063,0,1
3208288,2021-03-30 19:00:00,2021,qual,AFCONQ,6262,121284,450.34521283343815,1,2
3208278,2021-03-30 19:00:00,2021,qual,AFCONQ,6629,5885,264.7251335125434,0,1
3208279,2021-03-30 19:00:00,2021,qual,AFCONQ,5965,5888,11.682096704330434,-1,0
ng1994368,2021-03-30 20:00:00,2021,friendly,Friendlies,6705,6710,-215.34803276551975,-1,0
ng1994627,2021-03-31 15:45:00,2021,friendly,Friendlies,8520,8261,525.8892893700927,1,2
3495380,2021-03-31 16:00:00,2021,qual,WCQ_UEFA,6583,9730,-92.24374945522027,1,2
3495212,2021-03-31 18:45:00,2021,qual,WCQ_UEFA,10106,6723,-314.8658220856141,-1,0
3495351,2021-03-31 18:45:00,2021,qual,WCQ_UEFA,8491,8568,245.6020994946614,1,2
3495193,2021-03-31 18:45:00,2021,qual,WCQ_UEFA,10259,10150,170.02690725935986,0,1
3495350,2021-03-31 18:45:00,2021,qual,WCQ_UEFA,10045,8565,-586.8757701025374,-3,0
3495213,2021-03-31 18:45:00,2021,qual,WCQ_UEFA,6718,8265,532.2260409414394,0,1
3495259,2021-03-31 18:45:00,2021,qual,WCQ_UEFA,8498,8269,484.88156336783686,4,2
3495352,2021-03-31 18:45:00,2021,qual,WCQ_UEFA,6035,10024,-616.2591743828973,-2,0
3495258,2021-03-31 18:45:00,2021,qual,WCQ_UEFA,5794,8567,-257.8772304830036,-3,0
3495192,2021-03-31 18:45:00,2021,qual,WCQ_UEFA,8254,8204,-550.3038857067204,-2,0
3495382,2021-03-31 18:45:00,2021,qual,WCQ_UEFA,5799,8536,-471.05167736334624,-3,0
3495381,2021-03-31 18:45:00,2021,qual,WCQ_UEFA,8570,8260,475.4835510617215,-1,0
3495257,2021-03-31 18:45:00,2021,qual,WCQ_UEFA,8255,8238,-64.76083167252455,-4,0
3495172,2021-03-31 18:45:00,2021,qual,WCQ_UEFA,6383,8268,188.82980778355045,0,1
3495173,2021-03-31 18:45:00,2021,qual,WCQ_UEFA,6720,430156,621.3831989579953,2,2
ng1994629,2021-03-31 18:45:00,2021,friendly,Friendlies,6717,7871,298.74325299784437,1,2
ng2011017,2021-04-28 15:59:00,2021,friendly,Friendlies,5803,5804,97.5476837714109,-2,0
ng2019127,2021-05-23 18:00:00,2021,friendly,Friendlies,6718,5901,305.16892033636486,0,1
ng2019794,2021-05-24 16:35:00,2021,friendly,Friendlies,5816,5789,127.98121021067823,-4,0
ng2020288,2021-05-25 15:00:00,2021,friendly,Friendlies,5788,5824,-54.937456503357225,-1,0
ng2020284,2021-05-25 16:00:00,2021,friendly,Friendlies,6324,95796,59.0,-1,0
ng2018883,2021-05-27 17:00:00,2021,friendly,Friendlies,6595,8566,460.88680237276844,1,2
ng2020865,2021-05-28 16:30:00,2021,friendly,Friendlies,5901,5823,439.793983636391,2,2
ng2018964,2021-05-28 18:45:00,2021,friendly,Friendlies,8204,6035,1237.4261229538834,7,2
ng2021421,2021-05-29 15:00:00,2021,friendly,Friendlies,6324,5824,-316.051296460736,-2,0
ng2019385,2021-05-29 15:59:00,2021,friendly,Friendlies,8520,7871,235.03755223344092,2,2
ng2020873,2021-05-29 15:59:00,2021,friendly,Friendlies,5825,95796,89.31798082372643,0,1
ng2021381,2021-05-29 16:30:00,2021,friendly,Friendlies,5819,95799,806.031069329938,4,2
ng2020874,2021-05-29 16:45:00,2021,friendly,Friendlies,5788,5898,185.78609842257947,0,1
ng2019386,2021-05-30 01:00:00,2021,friendly,Friendlies,6710,8536,332.59515172475335,1,2
ng2022288,2021-05-30 15:00:00,2021,friendly,Friendlies,5788,8700,-125.03029515813432,-3,0
ng2020217,2021-05-30 15:59:00,2021,friendly,Friendlies,8495,10259,-304.0564399706054,-3,0
ng2020068,2021-05-30 18:15:00,2021,friendly,Friendlies,6717,6713,233.8740201268347,1,2
ng2020223,2021-05-31 16:45:00,2021,friendly,Friendlies,5816,5894,132.98577619057505,0,1
ng2021989,2021-05-31 17:00:00,2021,friendly,Friendlies,6595,6289,407.2165049803507,0,1
ng2020334,2021-06-01 15:59:00,2021,friendly,Friendlies,10155,6583,407.184499238135,0,1
ng2020335,2021-06-01 15:59:00,2021,friendly,Friendlies,8497,10150,218.73877211200897,0,1
ng2020333,2021-06-01 15:59:00,2021,friendly,Friendlies,430156,6035,739.0724653081352,3,2
ng2020332,2021-06-01 15:59:00,2021,friendly,Friendlies,8260,5787,81.16721923943828,0,1
ng2020331,2021-06-01 18:45:00,2021,friendly,Friendlies,8568,8713,133.0663299842024,0,1
ng2020737,2021-06-02 15:59:00,2021,friendly,Friendlies,10106,49437,219.58261501349784,0,1
ng2020736,2021-06-02 15:59:00,2021,friendly,Friendlies,10057,8566,194.4217029761437,-1,0
ng2020739,2021-06-02 17:00:00,2021,friendly,Friendlies,8492,5792,419.01400794230085,1,2
ng2020741,2021-06-02 18:45:00,2021,friendly,Friendlies,9730,8268,208.13791444704657,-1,0
ng2020740,2021-06-02 18:45:00,2021,friendly,Friendlies,6708,8498,399.57415031245887,0,1
ng2020743,2021-06-02 19:00:00,2021,friendly,Friendlies,8491,8255,307.52920559622726,1,2
ng2020742,2021-06-02 19:00:00,2021,friendly,Friendlies,8570,8238,79.68837090337661,0,1
ng2020744,2021-06-02 19:05:00,2021,friendly,Friendlies,6723,5790,318.8452390920568,3,2
ng2020899,2021-06-03 15:59:00,2021,friendly,Friendlies,10045,5791,-524.4869003027895,-3,0
ng2020810,2021-06-03 15:59:00,2021,friendly,Friendlies,6717,5799,886.650883928563,7,2
ng2020900,2021-06-03 17:00:00,2021,friendly,Friendlies,6595,5794,595.7086091774588,2,2
ng2020811,2021-06-03 18:00:00,2021,friendly,Friendlies,6718,10259,248.48794999607162,1,2
ng2020901,2021-06-03 18:45:00,2021,friendly,Friendlies,8263,6383,514.9810434535709,0,1
ng2020902,2021-06-03 19:45:00,2021,friendly,Friendlies,6317,68374,425.7439327223078,3,2
3239011,2021-06-03 20:00:00,2021,qual,WCQ_CONMEBOL,5797,5800,3.5437651890047164,2,2
3239008,2021-06-03 22:00:00,2021,qual,WCQ_CONMEBOL,5796,6724,312.82348699727095,0,1
3239012,2021-06-04 00:00:00,2021,qual,WCQ_CONMEBOL,6706,9762,302.76867258389575,0,1
3239009,2021-06-04 02:00:00,2021,qual,WCQ_CONMEBOL,5798,8258,4.318092992977199,-3,0
ng2022828,2021-06-04 13:00:00,2021,friendly,Friendlies,5885,230693,135.22134860932147,2,2
ng2021138,2021-06-04 15:59:00,2021,friendly,Friendlies,8260,8265,314.6935157963428,4,2
ng2021064,2021-06-04 15:59:00,2021,friendly,Friendlies,430156,8495,366.1532802808729,1,2
ng2021063,2021-06-04 15:59:00,2021,friendly,Friendlies,7871,8261,366.5386269279552,-1,0
ng2020812,2021-06-04 17:30:00,2021,friendly,Friendlies,6720,8361,100.13295955635112,0,1
ng2020813,2021-06-04 18:00:00,2021,friendly,Friendlies,8565,5793,417.05828734873126,1,2
ng2021142,2021-06-04 18:30:00,2021,friendly,Friendlies,6346,6629,236.01066163337896,-1,0
ng2021066,2021-06-04 18:45:00,2021,friendly,Friendlies,5787,507764,603.7666643513633,6,2
ng2020814,2021-06-04 18:45:00,2021,friendly,Friendlies,8204,8496,305.1522035447001,4,2
ng2021065,2021-06-04 18:45:00,2021,friendly,Friendlies,8269,8536,-326.97834242557906,-1,0
3239010,2021-06-05 00:30:00,2021,qual,WCQ_CONMEBOL,8256,6707,452.49928701235217,2,2
ng2022316,2021-06-05 14:00:00,2021,friendly,Friendlies,7740,6289,-99.7312198502093,2,2
ng2020815,2021-06-05 15:00:00,2021,friendly,Friendlies,8713,10150,307.58011419041054,1,2
ng2020816,2021-06-05 15:59:00,2021,friendly,Friendlies,5790,10024,344.68860876532585,0,1
ng2021473,2021-06-05 17:00:00,2021,friendly,Friendlies,6709,6323,179.81586988480376,1,2
ng2023435,2021-06-05 17:00:00,2021,friendly,Friendlies,121281,5979,-2.7724432339521172,-2,0
ng2021534,2021-06-05 18:45:00,2021,friendly,Friendlies,49437,8567,4.973260938239264,-2,0
ng2021474,2021-06-05 18:45:00,2021,friendly,Friendlies,8520,6583,392.9222952899611,2,2
ng2021997,2021-06-05 19:00:00,2021,friendly,Friendlies,6395,6277,305.17939521427843,2,2
ng2021996,2021-06-05 19:30:00,2021,friendly,Friendlies,6719,6321,248.02144623123831,1,2
ng2022333,2021-06-06 15:30:00,2021,friendly,Friendlies,8255,8497,161.59265558569905,0,1
ng2022334,2021-06-06 15:59:00,2021,friendly,Friendlies,8238,10106,370.4919768726086,2,2
ng2022335,2021-06-06 15:59:00,2021,friendly,Friendlies,5792,8498,-209.1587652321507,-1,0
ng2022336,2021-06-06 15:59:00,2021,friendly,Friendlies,5794,8566,-76.45776626234033,1,2
ng2022337,2021-06-06 15:59:00,2021,friendly,Friendlies,8491,9730,398.9809919799957,1,2
ng2021090,2021-06-06 15:59:00,2021,friendly,Friendlies,6708,8268,490.22376319223895,3,2
ng2022338,2021-06-06 17:00:00,2021,friendly,Friendlies,8492,6383,155.87723163513078,-1,0
ng2022339,2021-06-06 18:45:00,2021,friendly,Friendlies,8263,10155,287.74021448726717,1,2
ng2022340,2021-06-06 19:45:00,2021,friendly,Friendlies,6317,5815,243.436184344891,1,2
ng2022424,2021-06-07 07:00:00,2021,friendly,Friendlies,8205,5806,292.3987116004023,0,1
ng2024117,2021-06-07 13:00:00,2021,friendly,Friendlies,5885,230693,154.10128141051064,5,2
ng2022432,2021-06-07 15:59:00,2021,friendly,Friendlies,6718,5793,474.9181127350712,4,2
ng2022433,2021-06-07 18:45:00,2021,friendly,Friendlies,10045,507764,63.612059181394216,0,1
ng2022434,2021-06-07 18:45:00,2021,friendly,Friendlies,8269,5799,227.58522492853353,4,2
ng2021091,2021-06-07 18:45:00,2021,friendly,Friendlies,8570,5795,727.0558327710562,6,2
ng2024587,2021-06-08 13:00:00,2021,friendly,Friendlies,5965,4433,299.16869595169396,0,1
ng2024124,2021-06-08 14:00:00,2021,friendly,Friendlies,430156,6289,150.91747361184844,-1,0
ng2022567,2021-06-08 15:00:00,2021,friendly,Friendlies,6629,6346,-44.18946628929302,0,1
ng2022566,2021-06-08 15:59:00,2021,friendly,Friendlies,5883,6277,32.780309054544205,0,1
ng2021093,2021-06-08 15:59:00,2021,friendly,Friendlies,8568,8536,210.81684553383593,0,1
ng2024125,2021-06-08 17:00:00,2021,friendly,Friendlies,5979,7740,168.3771343143087,1,2
ng2022552,2021-06-08 18:00:00,2021,friendly,Friendlies,8565,5791,143.3013755431657,0,1
ng2022553,2021-06-08 18:15:00,2021,friendly,Friendlies,8496,10024,301.26269769237706,2,2
ng2022568,2021-06-08 19:00:00,2021,friendly,Friendlies,6395,5888,333.6523511678963,2,2
ng2022555,2021-06-08 19:00:00,2021,friendly,Friendlies,6262,6714,154.6180628844993,1,2
ng2021092,2021-06-08 19:10:00,2021,friendly,Friendlies,6723,10150,605.0477463507932,3,2
3239017,2021-06-08 21:00:00,2021,qual,WCQ_CONMEBOL,6707,5798,274.71264415193104,-1,0
3239014,2021-06-08 22:30:00,2021,qual,WCQ_CONMEBOL,5800,5796,-57.32778268355287,0,1
3239013,2021-06-08 23:00:00,2021,qual,WCQ_CONMEBOL,8258,6706,79.98274046170445,0,1
3239015,2021-06-09 00:30:00,2021,qual,WCQ_CONMEBOL,6724,8256,-239.5093674031948,-2,0
3239016,2021-06-09 01:30:00,2021,qual,WCQ_CONMEBOL,9762,5797,346.1541696199431,0,1
ng2024442,2021-06-09 17:00:00,2021,friendly,Friendlies,121281,5801,-33.68068668105843,-1,0
ng2022731,2021-06-09 18:45:00,2021,friendly,Friendlies,8361,8567,491.77344432223117,4,2
ng2022732,2021-06-09 23:00:00,2021,friendly,Friendlies,6713,6705,216.74659611101447,4,2
ng2022900,2021-06-10 15:59:00,2021,friendly,Friendlies,6316,5890,95.71673548955687,1,2
ng2023289,2021-06-11 10:25:00,2021,friendly,Friendlies,6715,8205,50.17944149057894,1,2
ng2023317,2021-06-11 12:00:00,2021,friendly,Friendlies,6321,5815,-26.903705051560564,0,1
ng2023318,2021-06-11 14:00:00,2021,friendly,Friendlies,6289,121281,268.6279648711011,1,2
ng2023322,2021-06-11 15:30:00,2021,friendly,Friendlies,68374,5804,145.17198216121483,1,2
ng2023319,2021-06-11 17:00:00,2021,friendly,Friendlies,430156,5979,184.29876322432915,1,2
ng2023067,2021-06-11 17:05:00,2021,friendly,Friendlies,5805,6277,-24.50594181197357,1,2
3230637,2021-06-11 19:00:00,2021,tourn,EURO,6595,8204,-321.3562809824318,-3,0
ng2023320,2021-06-11 19:30:00,2021,friendly,Friendlies,6719,6317,-22.484512029788903,-2,0
3230638,2021-06-12 13:00:00,2021,tourn,EURO,5790,6717,-123.78975928134128,0,1
3230643,2021-06-12 18:30:00,2021,tourn,EURO,8238,7871,275.42926366036727,-1,0
ng2023673,2021-06-12 19:00:00,2021,friendly,Friendlies,6262,6323,240.39563511600318,1,2
3230644,2021-06-12 19:00:00,2021,tourn,EURO,8263,8713,220.06681324574606,3,2
ng2023295,2021-06-13 00:00:00,2021,friendly,Friendlies,6710,5808,405.0045039712795,0,1
ng2024079,2021-06-13 13:00:00,2021,friendly,Friendlies,7941,6020,51.00848432955058,2,2
3230655,2021-06-13 13:00:00,2021,tourn,EURO,8491,10155,207.94744697073565,1,2
3230650,2021-06-13 16:00:00,2021,tourn,EURO,8255,8260,135.97424652327345,2,2
ng2024057,2021-06-13 17:00:00,2021,friendly,Friendlies,6705,5858,200.811582891002,2,2
ng2026716,2021-06-13 17:00:00,2021,friendly,Friendlies,5805,6277,-3.097601134361412,-1,0
3230649,2021-06-13 19:00:00,2021,tourn,EURO,6708,6718,184.8683211113473,1,2
3230656,2021-06-14 13:00:00,2021,tourn,EURO,8498,8496,-24.564788029663987,-2,0
3230662,2021-06-14 16:00:00,2021,tourn,EURO,8568,8497,135.9959293858317,-1,0
ng2026490,2021-06-14 19:00:00,2021,friendly,Friendlies,6328,5804,92.97344468812207,-1,0
3230661,2021-06-14 19:00:00,2021,tourn,EURO,6720,8520,261.8749800580699,0,1
ng2026747,2021-06-15 15:59:00,2021,friendly,Friendlies,121285,287978,38.67849722476558,1,2
3230667,2021-06-15 16:00:00,2021,tourn,EURO,8565,8361,-221.38996606902083,-3,0
3208347,2021-06-15 16:00:00,2021,qual,AFCONQ,5803,5883,-55.368333595483364,1,2
3230668,2021-06-15 19:00:00,2021,tourn,EURO,6723,8570,118.46472761727614,1,2
ng2024758,2021-06-15 19:30:00,2021,friendly,Friendlies,6719,5815,135.59805810170315,1,2
3230646,2021-06-16 13:00:00,2021,tourn,EURO,7871,8713,-139.93777337202118,-1,0
3230639,2021-06-16 16:00:00,2021,tourn,EURO,6595,5790,-39.79433568160039,-2,0
3230640,2021-06-16 19:00:00,2021,tourn,EURO,8204,6717,170.51357748009377,3,2
3230652,2021-06-17 13:00:00,2021,tourn,EURO,6718,8260,186.36085402341428,1,2
3230645,2021-06-17 16:00:00,2021,tourn,EURO,8238,8263,-152.3806448470873,-1,0
3230651,2021-06-17 19:00:00,2021,tourn,EURO,6708,8255,231.72436388648293,2,2
ng2027402,2021-06-17 19:45:00,2021,friendly,Friendlies,6317,5804,507.89037038314564,4,2
3230664,2021-06-18 13:00:00,2021,tourn,EURO,8520,8497,187.1548840515277,1,2
3230658,2021-06-18 16:00:00,2021,tourn,EURO,10155,8496,66.5595682104813,0,1
3230657,2021-06-18 19:00:00,2021,tourn,EURO,8491,8498,314.12559193502375,0,1
3230669,2021-06-19 13:00:00,2021,tourn,EURO,8565,6723,-263.2822944894258,0,1
3230670,2021-06-19 16:00:00,2021,tourn,EURO,8361,8570,102.22744062032143,-2,0
3230663,2021-06-19 19:00:00,2021,tourn,EURO,6720,8568,324.22644452008603,0,1
3230642,2021-06-20 16:00:00,2021,tourn,EURO,8204,5790,284.17831295011933,1,2
3230641,2021-06-20 16:00:00,2021,tourn,EURO,6717,6595,167.0742644323775,2,2
3230654,2021-06-21 16:00:00,2021,tourn,EURO,6718,8255,54.8329804770533,-1,0
3230653,2021-06-21 16:00:00,2021,tourn,EURO,8260,6708,-405.18371084028763,-3,0
3230647,2021-06-21 19:00:00,2021,tourn,EURO,8713,8238,-160.6994228918402,-3,0
3230648,2021-06-21 19:00:00,2021,tourn,EURO,7871,8263,-387.16652462290176,-2,0
3230659,2021-06-22 19:00:00,2021,tourn,EURO,8496,8491,-257.1949947949879,-1,0
3230660,2021-06-22 19:00:00,2021,tourn,EURO,10155,8498,81.25786874863479,2,2
3230665,2021-06-23 16:00:00,2021,tourn,EURO,8497,6720,-424.10626569911847,-5,0
3230666,2021-06-23 16:00:00,2021,tourn,EURO,8520,8568,71.02837100234774,1,2
3230671,2021-06-23 19:00:00,2021,tourn,EURO,8570,8565,237.51205192274801,0,1
3230672,2021-06-23 19:00:00,2021,tourn,EURO,8361,6723,-34.49437937535299,0,1
2767769,2021-06-26 16:00:00,2021,tourn,EURO,5790,8238,-122.0430525109607,-4,0
2767768,2021-06-26 19:00:00,2021,tourn,EURO,8204,8255,271.79955411767537,1,2
ng2029357,2021-06-27 03:00:00,2021,friendly,Friendlies,6327,5858,77.16277085355978,0,1
2767771,2021-06-27 16:00:00,2021,tourn,EURO,6708,8496,208.31702679873274,-2,0
2767770,2021-06-27 19:00:00,2021,tourn,EURO,8263,8361,58.47618616174964,1,2
2767772,2021-06-28 16:00:00,2021,tourn,EURO,10155,6720,-177.83431650064085,-2,0
2767773,2021-06-28 19:00:00,2021,tourn,EURO,6723,6717,129.23402131470766,0,1
2767775,2021-06-29 16:00:00,2021,tourn,EURO,8491,8570,95.49141602623308,2,2
2767774,2021-06-29 19:00:00,2021,tourn,EURO,8520,6718,110.73735608784705,-1,0
ng2032390,2021-07-01 01:35:00,2122,friendly,Friendlies,6710,5922,456.612461745078,3,2
2767865,2021-07-02 16:00:00,2122,tourn,EURO,6717,6720,-108.11669613757158,0,1
2767866,2021-07-02 19:00:00,2122,tourn,EURO,8263,8204,42.744290389805656,-1,0
2767867,2021-07-03 16:00:00,2122,tourn,EURO,8496,8238,-154.13506395218656,-1,0
2767868,2021-07-03 19:00:00,2122,tourn,EURO,6718,8491,-183.32511238768143,-4,0
ng2035512,2021-07-04 03:05:00,2122,friendly,Friendlies,6710,6346,349.3230931922319,4,2
ng2035595,2021-07-04 16:30:00,2122,friendly,Friendlies,6327,5902,-91.47716288187644,-1,0
2767870,2021-07-06 19:00:00,2122,tourn,EURO,8204,6720,20.210365100252375,0,1
2767871,2021-07-07 19:00:00,2122,tourn,EURO,8491,8238,91.56026978138789,1,2
2767869,2021-07-11 19:00:00,2122,tourn,EURO,8204,8491,-32.53166764646812,0,1
ng2083133,2021-08-22 03:20:00,2122,friendly,Friendlies,6327,6705,-67.62428198715907,0,1
ng2084544,2021-08-22 15:59:00,2122,friendly,Friendlies,5805,121281,211.20446532545407,-1,0
ng2087051,2021-08-26 12:00:00,2122,friendly,Friendlies,121282,5803,100.49280151237076,0,1
ng2084988,2021-08-26 15:59:00,2122,friendly,Friendlies,5805,121281,180.3515880891389,3,2
ng2088294,2021-08-29 12:00:00,2122,friendly,Friendlies,121282,5890,-54.642303749591974,1,2
3595037,2021-09-01 13:00:00,2122,qual,WCQ_CAF,230693,5888,-106.03744318531858,0,1
3495214,2021-09-01 14:00:00,2122,qual,WCQ_UEFA,8265,6718,-331.22181779813786,0,1
ng2087306,2021-09-01 14:10:00,2122,friendly,Friendlies,230692,121274,319.9063489847772,6,2
ng2087299,2021-09-01 15:59:00,2122,friendly,Friendlies,5901,5934,90.00403696942635,5,2
ng2086888,2021-09-01 15:59:00,2122,friendly,Friendlies,7871,5790,-32.20843314454032,0,1
3595007,2021-09-01 16:00:00,2122,qual,WCQ_CAF,230700,6289,-8.975564710061917,0,1
3594994,2021-09-01 16:00:00,2122,qual,WCQ_CAF,6395,7740,520.6200093844204,2,2
3495295,2021-09-01 18:45:00,2122,qual,WCQ_UEFA,6595,49437,295.1298777119687,0,1
3495293,2021-09-01 18:45:00,2122,qual,WCQ_UEFA,5795,507764,292.6037896405305,2,2
3495155,2021-09-01 18:45:00,2122,qual,WCQ_UEFA,8361,5791,422.54823260418334,1,2
3495215,2021-09-01 18:45:00,2122,qual,WCQ_UEFA,6723,10106,478.27215879913865,0,1
3495261,2021-09-01 18:45:00,2122,qual,WCQ_UEFA,8269,8567,-259.9396857556842,-4,0
3495260,2021-09-01 18:45:00,2122,qual,WCQ_UEFA,8238,8498,357.95116424812363,2,2
ng2086886,2021-09-01 18:45:00,2122,friendly,Friendlies,6717,6383,347.9822714203726,1,2
3495294,2021-09-01 18:45:00,2122,qual,WCQ_UEFA,8492,6708,-183.54697802983696,0,1
3495324,2021-09-01 18:45:00,2122,qual,WCQ_UEFA,8713,10155,-17.798891619330107,0,1
3495325,2021-09-01 18:45:00,2122,qual,WCQ_UEFA,5787,8497,10.94747661209567,0,1
ng2086887,2021-09-01 18:45:00,2122,friendly,Friendlies,5902,8205,-34.893307551312546,-4,0
3495323,2021-09-01 18:45:00,2122,qual,WCQ_UEFA,8495,5793,-91.72693694920645,3,2
3495154,2021-09-01 18:45:00,2122,qual,WCQ_UEFA,5792,8566,60.01066829888077,1,2
3594983,2021-09-01 19:00:00,2122,qual,WCQ_CAF,6328,5889,-42.817756347275235,1,2
3595048,2021-09-01 19:00:00,2122,qual,WCQ_CAF,5815,5885,271.233419632872,1,2
3594982,2021-09-01 19:00:00,2122,qual,WCQ_CAF,10255,6712,377.9116664728065,1,2
3495262,2021-09-01 19:15:00,2122,qual,WCQ_UEFA,5794,8255,-416.98721634726735,-2,0
ng2087307,2021-09-02 11:45:00,2122,friendly,Friendlies,95799,6329,-197.7334021030823,0,1
3595024,2021-09-02 13:00:00,2122,qual,WCQ_CAF,6321,7941,200.53662829644782,0,1
3595049,2021-09-02 13:00:00,2122,qual,WCQ_CAF,5884,5890,-8.690131000176052,0,1
ng2087303,2021-09-02 14:30:00,2122,friendly,Friendlies,5893,6333,-55.42730932178097,1,2
3595025,2021-09-02 16:00:00,2122,qual,WCQ_CAF,5809,5883,42.10550785640203,-1,0
3594995,2021-09-02 16:00:00,2122,qual,WCQ_CAF,5802,5801,71.2390164895819,0,1
3594935,2021-09-02 16:00:00,2122,qual,WCQ_CAF,121281,6323,-193.7662667858533,-2,0
3495174,2021-09-02 16:00:00,2122,qual,WCQ_UEFA,8268,430156,140.39443633783412,-1,0
3495353,2021-09-02 18:45:00,2122,qual,WCQ_UEFA,10045,6035,293.27122487536667,2,2
3495235,2021-09-02 18:45:00,2122,qual,WCQ_UEFA,8261,8263,-554.1150362411008,-3,0
3495354,2021-09-02 18:45:00,2122,qual,WCQ_UEFA,8565,8491,-171.61447246993794,-4,0
3495383,2021-09-02 18:45:00,2122,qual,WCQ_UEFA,8536,9730,106.2252676321284,-2,0
3495195,2021-09-02 18:45:00,2122,qual,WCQ_UEFA,8254,10259,-159.36160085268875,-3,0
3495384,2021-09-02 18:45:00,2122,qual,WCQ_UEFA,5799,8570,-753.4140463710528,-2,0
3495194,2021-09-02 18:45:00,2122,qual,WCQ_UEFA,8204,10150,606.7542098389572,0,1
3495385,2021-09-02 18:45:00,2122,qual,WCQ_UEFA,8260,6583,123.15372646191418,0,1
3495355,2021-09-02 18:45:00,2122,qual,WCQ_UEFA,8568,10024,329.69681980830205,3,2
3495175,2021-09-02 18:45:00,2122,qual,WCQ_UEFA,8520,6720,-104.65461458037885,1,2
3495234,2021-09-02 18:45:00,2122,qual,WCQ_UEFA,8496,10057,395.41169821156427,1,2
3595006,2021-09-02 19:00:00,2122,qual,WCQ_CAF,6262,5805,403.5211120033696,2,2
3594934,2021-09-02 19:00:00,2122,qual,WCQ_CAF,6317,121285,940.2156946292549,8,2
3239022,2021-09-02 20:00:00,2122,qual,WCQ_CONMEBOL,5797,8258,-91.09606953373805,0,1
3239024,2021-09-02 21:00:00,2122,qual,WCQ_CONMEBOL,6707,6724,227.64728574586866,2,2
3239021,2021-09-03 00:00:00,2122,qual,WCQ_CONMEBOL,5800,6706,-95.02457996395242,-2,0
3239020,2021-09-03 01:00:00,2122,qual,WCQ_CONMEBOL,5798,5796,-33.680039542229224,0,1
3239023,2021-09-03 01:00:00,2122,qual,WCQ_CONMEBOL,9762,8256,-220.860606845368,-1,0
3594965,2021-09-03 13:00:00,2122,qual,WCQ_CAF,5965,6709,-216.6430129798639,0,1
3595061,2021-09-03 13:00:00,2122,qual,WCQ_CAF,6290,6316,-62.37617143046441,0,1
3595036,2021-09-03 16:00:00,2122,qual,WCQ_CAF,6346,5804,398.47696122862726,2,2
3594953,2021-09-03 16:00:00,2122,qual,WCQ_CAF,68374,6277,-11.794505415993854,-1,0
3594952,2021-09-03 19:00:00,2122,qual,WCQ_CAF,6719,8323,318.03853490630013,3,2
3594964,2021-09-03 19:00:00,2122,qual,WCQ_CAF,6629,6020,260.1163367992351,2,2
3595060,2021-09-03 19:00:00,2122,qual,WCQ_CAF,6714,121282,335.33519585003955,1,2
3495216,2021-09-04 13:00:00,2122,qual,WCQ_UEFA,7871,8265,402.1555176845386,1,2
ng2094600,2021-09-04 14:00:00,2122,friendly,Friendlies,121284,121274,466.5684130827482,7,2
ng2094347,2021-09-04 15:59:00,2122,friendly,Friendlies,5934,5816,162.73345743406276,2,2
3495326,2021-09-04 16:00:00,2122,qual,WCQ_UEFA,5793,8713,-305.92944054535883,-2,0
3495296,2021-09-04 16:00:00,2122,qual,WCQ_UEFA,5795,8492,-335.1515172852903,-2,0
3495157,2021-09-04 16:00:00,2122,qual,WCQ_UEFA,8205,5792,492.36028536517983,3,2
3495156,2021-09-04 16:00:00,2122,qual,WCQ_UEFA,5791,8566,369.96042709365406,0,1
3495327,2021-09-04 16:00:00,2122,qual,WCQ_UEFA,5787,8495,429.46630214397874,1,2
ng2088613,2021-09-04 16:45:00,2122,friendly,Friendlies,5902,8361,-284.6193532993864,-2,0
3495263,2021-09-04 18:45:00,2122,qual,WCQ_UEFA,8269,8238,-618.5310688893585,-1,0
3495217,2021-09-04 18:45:00,2122,qual,WCQ_UEFA,6718,6723,-191.49135287629747,0,1
3495328,2021-09-04 18:45:00,2122,qual,WCQ_UEFA,8497,10155,-86.78881494498205,-1,0
3495297,2021-09-04 18:45:00,2122,qual,WCQ_UEFA,507764,6595,-562.9384621241572,-3,0
ng2088611,2021-09-04 18:45:00,2122,friendly,Friendlies,10106,5821,342.19187636814127,1,2
3495265,2021-09-04 18:45:00,2122,qual,WCQ_UEFA,8498,5794,499.4645454033232,1,2
3495298,2021-09-04 18:45:00,2122,qual,WCQ_UEFA,6708,49437,525.1998237235973,4,2
3495264,2021-09-04 18:45:00,2122,qual,WCQ_UEFA,8567,8255,-54.862628487153415,3,2
ng2091613,2021-09-05 11:45:00,2122,friendly,Friendlies,95799,6329,-187.4391114681805,-1,0
3595051,2021-09-05 13:00:00,2122,qual,WCQ_CAF,5885,5884,68.78530212393889,0,1
ng2091614,2021-09-05 13:00:00,2122,friendly,Friendlies,8520,8700,376.7928068194967,1,2
3495236,2021-09-05 13:00:00,2122,qual,WCQ_UEFA,10057,5790,-310.60980135400246,-1,0
ng2091612,2021-09-05 14:30:00,2122,friendly,Friendlies,95797,6333,-471.3300201468237,-2,0
ng2091615,2021-09-05 15:59:00,2122,friendly,Friendlies,8261,10259,-123.99642699111268,-1,0
3594997,2021-09-05 16:00:00,2122,qual,WCQ_CAF,7740,5802,-14.107530458517886,-1,0
3495196,2021-09-05 16:00:00,2122,qual,WCQ_UEFA,10150,8254,268.4861029422202,1,2
3495386,2021-09-05 16:00:00,2122,qual,WCQ_UEFA,8536,8260,164.0787756495199,0,1
3495356,2021-09-05 16:00:00,2122,qual,WCQ_UEFA,10024,8565,-93.41763055029446,1,2
3495357,2021-09-05 16:00:00,2122,qual,WCQ_UEFA,8491,10045,1032.8350654826108,4,2
3495237,2021-09-05 18:45:00,2122,qual,WCQ_UEFA,8263,8496,325.7309218363748,3,2
3495197,2021-09-05 18:45:00,2122,qual,WCQ_UEFA,6717,8204,-35.90738828775375,0,1
3495177,2021-09-05 18:45:00,2122,qual,WCQ_UEFA,6720,8268,571.6240017492887,4,2
3495387,2021-09-05 18:45:00,2122,qual,WCQ_UEFA,8570,6583,476.41648696138236,6,2
3495388,2021-09-05 18:45:00,2122,qual,WCQ_UEFA,9730,5799,646.9425930140214,2,2
3495358,2021-09-05 18:45:00,2122,qual,WCQ_UEFA,6035,8568,-869.6169904308849,-6,0
3495176,2021-09-05 18:45:00,2122,qual,WCQ_UEFA,430156,6383,-56.041486726916446,0,1
3594984,2021-09-05 19:00:00,2122,qual,WCQ_CAF,5889,10255,-164.07430465571179,0,1
3239004,2021-09-05 21:00:00,2122,qual,WCQ_CONMEBOL,6707,9762,206.35853212626785,0,1
3239003,2021-09-05 22:00:00,2122,qual,WCQ_CONMEBOL,6724,8258,-55.755725266476475,0,1
3239000,2021-09-05 22:00:00,2122,qual,WCQ_CONMEBOL,5796,5797,438.865051763878,2,2
3239001,2021-09-06 01:00:00,2122,qual,WCQ_CONMEBOL,5798,5800,161.03318629160594,1,2
3594937,2021-09-06 13:00:00,2122,qual,WCQ_CAF,121285,121281,-264.62366692005594,-2,0
3595050,2021-09-06 13:00:00,2122,qual,WCQ_CAF,5890,5815,-26.20516828885252,0,1
3595026,2021-09-06 13:00:00,2122,qual,WCQ_CAF,5883,6321,61.418046135312125,0,1
3595039,2021-09-06 16:00:00,2122,qual,WCQ_CAF,230693,5804,40.122687685205165,-1,0
3595062,2021-09-06 16:00:00,2122,qual,WCQ_CAF,6316,6714,-30.531728464806747,1,2
3594966,2021-09-06 19:00:00,2122,qual,WCQ_CAF,6709,6629,175.30059214434254,1,2
3594967,2021-09-07 13:00:00,2122,qual,WCQ_CAF,6020,5965,57.14379201873794,1,2
3595027,2021-09-07 13:00:00,2122,qual,WCQ_CAF,7941,5809,81.58862644311034,1,2
3594954,2021-09-07 13:00:00,2122,qual,WCQ_CAF,6277,6719,-57.52703605272859,-2,0
3595063,2021-09-07 13:00:00,2122,qual,WCQ_CAF,121282,6290,60.33056055563247,1,2
ng2095703,2021-09-07 14:00:00,2122,friendly,Friendlies,230692,121284,-57.89985182511032,1,2
ng2093481,2021-09-07 14:30:00,2122,friendly,Friendlies,5893,95797,520.9325469340914,3,2
ng2095707,2021-09-07 15:59:00,2122,friendly,Friendlies,5901,5816,211.04773597663234,-1,0
3594955,2021-09-07 16:00:00,2122,qual,WCQ_CAF,8323,68374,90.58523179363897,1,2
3594996,2021-09-07 16:00:00,2122,qual,WCQ_CAF,5801,6395,-255.37061226455216,-2,0
3595038,2021-09-07 16:00:00,2122,qual,WCQ_CAF,5888,6346,-115.15575640050861,-1,0
3495158,2021-09-07 16:00:00,2122,qual,WCQ_UEFA,8566,8361,-539.5711771778422,-3,0
3495300,2021-09-07 18:45:00,2122,qual,WCQ_UEFA,6708,6595,329.50557415927915,5,2
3495299,2021-09-07 18:45:00,2122,qual,WCQ_UEFA,49437,5795,309.16320657789925,0,1
3495301,2021-09-07 18:45:00,2122,qual,WCQ_UEFA,8492,507764,725.6506651143791,4,2
3495330,2021-09-07 18:45:00,2122,qual,WCQ_UEFA,8713,8495,569.6328994021414,2,2
3495159,2021-09-07 18:45:00,2122,qual,WCQ_UEFA,5791,8205,-51.87206136415875,0,1
3495219,2021-09-07 18:45:00,2122,qual,WCQ_UEFA,6723,7871,419.7463778445424,2,2
ng2093482,2021-09-07 18:45:00,2122,friendly,Friendlies,5792,5902,-181.52473993340368,0,1
3495268,2021-09-07 18:45:00,2122,qual,WCQ_UEFA,8269,5794,85.18429162384427,1,2
3495331,2021-09-07 18:45:00,2122,qual,WCQ_UEFA,8497,5793,401.74035700548575,2,2
3495267,2021-09-07 18:45:00,2122,qual,WCQ_UEFA,8238,8567,397.91298161781515,5,2
3495329,2021-09-07 18:45:00,2122,qual,WCQ_UEFA,10155,5787,323.7764292613999,3,2
3495218,2021-09-07 18:45:00,2122,qual,WCQ_UEFA,10106,8265,377.42344588777814,0,1
3495266,2021-09-07 18:45:00,2122,qual,WCQ_UEFA,8255,8498,146.7110730393183,-1,0
3594985,2021-09-07 19:00:00,2122,qual,WCQ_CAF,6712,6328,95.91736192504231,-1,0
3594936,2021-09-07 19:00:00,2122,qual,WCQ_CAF,6323,6317,-133.04596291612006,0,1
3595009,2021-09-07 19:00:00,2122,qual,WCQ_CAF,5805,230700,92.38211584970782,-2,0
3495389,2021-09-08 16:00:00,2122,qual,WCQ_UEFA,6583,5799,510.6039239041588,0,1
ng2093495,2021-09-08 16:30:00,2122,friendly,Friendlies,10150,8268,94.02469333642216,3,2
3495199,2021-09-08 18:45:00,2122,qual,WCQ_UEFA,10259,6717,-214.96545399959405,0,1
3495391,2021-09-08 18:45:00,2122,qual,WCQ_UEFA,8260,9730,-1.4313639393583344,0,1
ng2093493,2021-09-08 18:45:00,2122,friendly,Friendlies,8496,6718,117.75680269504187,0,1
3495179,2021-09-08 18:45:00,2122,qual,WCQ_UEFA,430156,6720,-419.69845930253564,-2,0
3495361,2021-09-08 18:45:00,2122,qual,WCQ_UEFA,8568,8491,-129.06354091750563,0,1
3495198,2021-09-08 18:45:00,2122,qual,WCQ_UEFA,8204,8254,783.1918353825461,5,2
3495360,2021-09-08 18:45:00,2122,qual,WCQ_UEFA,8565,10045,721.087040783405,1,2
3495238,2021-09-08 18:45:00,2122,qual,WCQ_UEFA,10057,8263,-561.5763411103103,-1,0
3495390,2021-09-08 18:45:00,2122,qual,WCQ_UEFA,8536,8570,-218.7206381745964,-4,0
3495239,2021-09-08 18:45:00,2122,qual,WCQ_UEFA,5790,8261,459.89804843190245,0,1
3495178,2021-09-08 18:45:00,2122,qual,WCQ_UEFA,6383,8520,-137.08355317761448,1,2
3495359,2021-09-08 18:45:00,2122,qual,WCQ_UEFA,10024,6035,798.62354584077,5,2
ng2093494,2021-09-08 19:00:00,2122,friendly,Friendlies,5858,5807,359.08725486815183,0,1
3239025,2021-09-09 22:30:00,2122,qual,WCQ_CONMEBOL,5796,6707,295.73844379535467,1,2
3239028,2021-09-09 22:30:00,2122,qual,WCQ_CONMEBOL,6724,5800,141.59292847673692,1,2
3239026,2021-09-09 23:00:00,2122,qual,WCQ_CONMEBOL,8258,9762,235.14058434080584,2,2
3239029,2021-09-09 23:30:00,2122,qual,WCQ_CONMEBOL,6706,5797,511.47104799265435,3,2
3239027,2021-09-10 00:30:00,2122,qual,WCQ_CONMEBOL,8256,5798,479.85508664060967,2,2
ng2102690,2021-09-25 00:15:00,2122,friendly,Friendlies,6327,5858,75.04166637365574,-2,0
ng2103518,2021-09-26 15:59:00,2122,friendly,Friendlies,95799,5824,-512.40279370874,-5,0
ng2105439,2021-09-30 19:00:00,2122,friendly,Friendlies,10255,5804,388.4962396950839,2,2
ng2105093,2021-10-06 15:00:00,2122,friendly,Friendlies,5816,5823,343.52142873017647,4,2
ng2105092,2021-10-06 15:59:00,2122,friendly,Friendlies,5901,287981,234.51260110312478,4,2
3595011,2021-10-06 16:00:00,2122,qual,WCQ_CAF,5805,6289,-33.35441770177317,0,1
3492720,2021-10-06 18:50:00,2122,nl,NationsLeagueA,8204,6720,101.98209392633635,-1,0
3595010,2021-10-06 19:00:00,2122,qual,WCQ_CAF,6262,230700,388.81887317468295,5,2
3595028,2021-10-07 13:00:00,2122,qual,WCQ_CAF,6321,5809,200.18741326291956,2,2
3595029,2021-10-07 13:00:00,2122,qual,WCQ_CAF,7941,5883,17.75713669852098,-1,0
3595041,2021-10-07 13:00:00,2122,qual,WCQ_CAF,5804,5888,-21.310457135207116,-1,0
3594957,2021-10-07 16:00:00,2122,qual,WCQ_CAF,8323,6277,0.12623987114602642,2,2
3595040,2021-10-07 16:00:00,2122,qual,WCQ_CAF,6346,230693,485.2536903075254,-1,0
3595053,2021-10-07 16:00:00,2122,qual,WCQ_CAF,5885,5890,-24.318850973559393,-1,0
3492721,2021-10-07 18:45:00,2122,nl,NationsLeagueA,8263,6723,26.166701215567173,-1,0
3594956,2021-10-07 19:00:00,2122,qual,WCQ_CAF,6719,68374,387.9423124884802,3,2
3595052,2021-10-07 19:00:00,2122,qual,WCQ_CAF,5815,5884,268.48071775494054,5,2
3239030,2021-10-07 23:00:00,2122,qual,WCQ_CONMEBOL,5796,8258,129.49612172645902,0,1
3239033,2021-10-07 23:00:00,2122,qual,WCQ_CONMEBOL,6724,6706,-119.98845760573681,0,1
3239032,2021-10-07 23:30:00,2122,qual,WCQ_CONMEBOL,5800,8256,-319.40753350737236,-2,0
3239034,2021-10-08 00:30:00,2122,qual,WCQ_CONMEBOL,6707,5797,269.34524777775437,3,2
3239031,2021-10-08 01:00:00,2122,qual,WCQ_CONMEBOL,5798,9762,116.62599903707019,2,2
3594969,2021-10-08 13:00:00,2122,qual,WCQ_CAF,6020,6709,-211.3017294586964,-3,0
3594968,2021-10-08 16:00:00,2122,qual,WCQ_CAF,6629,5965,265.25239104028856,2,2
3594987,2021-10-08 16:00:00,2122,qual,WCQ_CAF,6712,5889,-16.18115539426458,2,2
3495394,2021-10-08 18:45:00,2122,qual,WCQ_UEFA,5799,8260,-391.25276644368705,-4,0
3495304,2021-10-08 18:45:00,2122,qual,WCQ_UEFA,6595,8492,69.5460654826959,0,1
3495392,2021-10-08 18:45:00,2122,qual,WCQ_UEFA,8570,9730,370.3607438596682,1,2
3495302,2021-10-08 18:45:00,2122,qual,WCQ_UEFA,507764,49437,-352.2600110896494,-3,0
3495240,2021-10-08 18:45:00,2122,qual,WCQ_UEFA,8496,5790,97.66626569333471,0,1
3495241,2021-10-08 18:45:00,2122,qual,WCQ_UEFA,8261,10057,7.369875536025347,2,2
3495334,2021-10-08 18:45:00,2122,qual,WCQ_UEFA,8713,8497,145.53091611452874,1,2
3495332,2021-10-08 18:45:00,2122,qual,WCQ_UEFA,5793,10155,-420.0643416169901,-3,0
3495393,2021-10-08 18:45:00,2122,qual,WCQ_UEFA,8536,6583,182.9849787211681,0,1
3495303,2021-10-08 18:45:00,2122,qual,WCQ_UEFA,5795,6708,-587.56934388799,-1,0
3495333,2021-10-08 18:45:00,2122,qual,WCQ_UEFA,8495,5787,-253.25588462605288,-4,0
3594986,2021-10-08 19:00:00,2122,qual,WCQ_CAF,10255,6328,370.697724598454,1,2
3594939,2021-10-08 19:00:00,2122,qual,WCQ_CAF,121285,6323,-586.0573193173267,-4,0
3594938,2021-10-08 19:00:00,2122,qual,WCQ_CAF,6317,121281,578.3922019092552,5,2
3595019,2021-10-09 13:00:00,2122,qual,WCQ_CAF,6289,5805,189.52610224187515,0,1
3595065,2021-10-09 13:00:00,2122,qual,WCQ_CAF,121282,6316,-80.1319168549428,-2,0
3495200,2021-10-09 13:00:00,2122,qual,WCQ_UEFA,8254,10150,-138.10029710796493,2,2
3495220,2021-10-09 13:00:00,2122,qual,WCQ_UEFA,8265,10106,-197.19009363156647,-2,0
ng2106745,2021-10-09 15:00:00,2122,friendly,Friendlies,8700,5823,442.8876150803835,4,2
ng2106746,2021-10-09 15:59:00,2122,friendly,Friendlies,287981,5820,-0.7203654866277702,-1,0
3495160,2021-10-09 16:00:00,2122,qual,WCQ_UEFA,8566,5791,-186.09736294100685,-3,0
3594999,2021-10-09 16:00:00,2122,qual,WCQ_CAF,7740,5801,-38.92925077179211,0,1
3595064,2021-10-09 16:00:00,2122,qual,WCQ_CAF,6714,6290,320.6112985665111,2,2
3495221,2021-10-09 16:00:00,2122,qual,WCQ_UEFA,7871,6718,-5.349811833944159,-1,0
3495181,2021-10-09 16:00:00,2122,qual,WCQ_UEFA,8268,6383,-67.50506295108084,-2,0
3495269,2021-10-09 16:00:00,2122,qual,WCQ_UEFA,8498,8567,147.5222358977294,1,2
3495180,2021-10-09 16:00:00,2122,qual,WCQ_UEFA,8520,430156,397.2002134404747,3,2
3495271,2021-10-09 18:45:00,2122,qual,WCQ_UEFA,5794,8238,-629.4044905744831,-4,0
3495161,2021-10-09 18:45:00,2122,qual,WCQ_UEFA,5792,8205,-337.59684414851426,-1,0
3495364,2021-10-09 18:45:00,2122,qual,WCQ_UEFA,8568,6035,1039.147752467147,5,2
3495362,2021-10-09 18:45:00,2122,qual,WCQ_UEFA,10045,8491,-856.4913976918442,-5,0
3495201,2021-10-09 18:45:00,2122,qual,WCQ_UEFA,6717,10259,358.45305096700395,2,2
3495363,2021-10-09 18:45:00,2122,qual,WCQ_UEFA,8565,10024,206.60940100353696,-1,0
3495270,2021-10-09 18:45:00,2122,qual,WCQ_UEFA,8269,8255,-378.38471589282153,-2,0
3595018,2021-10-09 19:00:00,2122,qual,WCQ_CAF,230700,6262,-244.23812447133264,-3,0
3594998,2021-10-09 19:00:00,2122,qual,WCQ_CAF,6395,5802,424.24817074506404,3,2
ng2106748,2021-10-09 19:15:00,2122,friendly,Friendlies,8361,5902,460.4132100159086,3,2
3595031,2021-10-10 13:00:00,2122,qual,WCQ_CAF,5883,7941,184.28545101217856,-1,0
3595055,2021-10-10 13:00:00,2122,qual,WCQ_CAF,5890,5885,221.52360325226914,1,2
3595054,2021-10-10 13:00:00,2122,qual,WCQ_CAF,5884,5815,-136.59868059324117,-1,0
3595047,2021-10-10 13:00:00,2122,qual,WCQ_CAF,230693,6346,-249.8684801107231,-2,0
3492725,2021-10-10 13:00:00,2122,nl,NationsLeagueA,8204,8263,58.846926958518,1,2
3594959,2021-10-10 16:00:00,2122,qual,WCQ_CAF,6277,8323,99.89556098130288,0,1
3595030,2021-10-10 16:00:00,2122,qual,WCQ_CAF,5809,6321,-68.99415806461275,1,2
3595042,2021-10-10 16:00:00,2122,qual,WCQ_CAF,5888,5804,218.86007222959438,1,2
3492724,2021-10-10 18:45:00,2122,nl,NationsLeagueA,6720,6723,16.678169210952092,-1,0
3594958,2021-10-10 19:00:00,2122,qual,WCQ_CAF,68374,6719,-241.49580040698174,0,1
3238997,2021-10-10 20:00:00,2122,qual,WCQ_CONMEBOL,5797,5798,12.686387177242523,1,2
3238996,2021-10-10 20:30:00,2122,qual,WCQ_CONMEBOL,5800,6707,62.51692322207214,1,2
3238995,2021-10-10 21:00:00,2122,qual,WCQ_CONMEBOL,8258,8256,-104.93912222966355,0,1
3238998,2021-10-10 23:30:00,2122,qual,WCQ_CONMEBOL,6706,5796,181.53881279928055,3,2
3238999,2021-10-11 00:00:00,2122,qual,WCQ_CONMEBOL,9762,6724,122.72437780144014,2,2
3594976,2021-10-11 13:00:00,2122,qual,WCQ_CAF,5965,6629,-126.66584296783117,-1,0
3594989,2021-10-11 13:00:00,2122,qual,WCQ_CAF,5889,6712,113.38878749521268,2,2
3495336,2021-10-11 16:00:00,2122,qual,WCQ_UEFA,5793,8495,170.83563935308052,0,1
3594977,2021-10-11 16:00:00,2122,qual,WCQ_CAF,6709,6020,403.30283522886543,1,2
3594941,2021-10-11 16:00:00,2122,qual,WCQ_CAF,6323,121285,751.0268563915355,2,2
3495242,2021-10-11 18:45:00,2122,qual,WCQ_UEFA,10057,8496,-316.65264592884614,-2,0
3495335,2021-10-11 18:45:00,2122,qual,WCQ_UEFA,10155,8497,258.801925004625,0,1
3495243,2021-10-11 18:45:00,2122,qual,WCQ_UEFA,8261,5790,-268.73811103056323,-1,0
3495337,2021-10-11 18:45:00,2122,qual,WCQ_UEFA,5787,8713,-64.08408883312404,-1,0
3495395,2021-10-11 18:45:00,2122,qual,WCQ_UEFA,8536,5799,586.2683248457695,4,2
3495396,2021-10-11 18:45:00,2122,qual,WCQ_UEFA,8260,8570,-279.50696235362443,-4,0
3495307,2021-10-11 18:45:00,2122,qual,WCQ_UEFA,8492,49437,287.620396540249,2,2
3495397,2021-10-11 18:45:00,2122,qual,WCQ_UEFA,9730,6583,214.61865909282665,1,2
3495305,2021-10-11 18:45:00,2122,qual,WCQ_UEFA,5795,6595,-314.7345763889655,-1,0
3495306,2021-10-11 18:45:00,2122,qual,WCQ_UEFA,6708,507764,979.730596017607,6,2
3594988,2021-10-11 19:00:00,2122,qual,WCQ_CAF,6328,10255,-219.16529235777307,-3,0
3595066,2021-10-12 13:00:00,2122,qual,WCQ_CAF,6290,6714,-176.9783227027258,-1,0
3595000,2021-10-12 13:00:00,2122,qual,WCQ_CAF,5802,6395,-275.45000758242736,-2,0
ng2111039,2021-10-12 14:00:00,2122,friendly,Friendlies,5816,8700,-12.964351739846052,3,2
3495222,2021-10-12 14:00:00,2122,qual,WCQ_UEFA,8265,7871,-226.50824502219734,-2,0
ng2107928,2021-10-12 15:59:00,2122,friendly,Friendlies,5901,5820,159.25370034542948,-1,0
3594940,2021-10-12 16:00:00,2122,qual,WCQ_CAF,121281,6317,-423.9239048990794,-4,0
3595067,2021-10-12 16:00:00,2122,qual,WCQ_CAF,6316,121282,286.5338854543759,1,2
3595001,2021-10-12 16:00:00,2122,qual,WCQ_CAF,5801,7740,194.46601759412647,-1,0
3495365,2021-10-12 18:45:00,2122,qual,WCQ_UEFA,10024,8568,-138.06242200491374,-1,0
3495273,2021-10-12 18:45:00,2122,qual,WCQ_UEFA,8269,8498,-355.1528696198948,-1,0
3495202,2021-10-12 18:45:00,2122,qual,WCQ_UEFA,10150,10259,-23.45824020446662,1,2
3495366,2021-10-12 18:45:00,2122,qual,WCQ_UEFA,8491,8565,406.45915835312235,0,1
3495272,2021-10-12 18:45:00,2122,qual,WCQ_UEFA,8238,8255,307.60331947334475,1,2
3495274,2021-10-12 18:45:00,2122,qual,WCQ_UEFA,8567,5794,453.9646462949638,1,2
3495367,2021-10-12 18:45:00,2122,qual,WCQ_UEFA,6035,10045,-133.41613731454117,-3,0
3495162,2021-10-12 18:45:00,2122,qual,WCQ_UEFA,8361,5792,714.9976234556191,5,2
ng2107929,2021-10-12 18:45:00,2122,friendly,Friendlies,5791,5902,122.46340048206321,4,2
3495182,2021-10-12 18:45:00,2122,qual,WCQ_UEFA,8520,6383,243.00653847221633,2,2
3495183,2021-10-12 18:45:00,2122,qual,WCQ_UEFA,430156,8268,95.01307083044685,-1,0
3495223,2021-10-12 18:45:00,2122,qual,WCQ_UEFA,6718,10106,192.70823030068868,0,1
3495163,2021-10-12 18:45:00,2122,qual,WCQ_UEFA,8205,8566,503.3275907136788,2,2
3495203,2021-10-12 18:45:00,2122,qual,WCQ_UEFA,8254,6717,-464.3647584083576,-4,0
3595008,2021-10-12 19:00:00,2122,qual,WCQ_CAF,6289,6262,-212.01828027223632,-3,0
3239043,2021-10-14 20:00:00,2122,qual,WCQ_CONMEBOL,5797,6724,91.71298294481039,4,2
3239041,2021-10-14 21:00:00,2122,qual,WCQ_CONMEBOL,8258,6707,315.753681723972,0,1
3239044,2021-10-14 23:30:00,2122,qual,WCQ_CONMEBOL,6706,5798,344.24763735530314,1,2
3239045,2021-10-15 00:00:00,2122,qual,WCQ_CONMEBOL,9762,5800,187.1230520911131,3,2
3239042,2021-10-15 00:30:00,2122,qual,WCQ_CONMEBOL,8256,5796,362.04694485556047,3,2
ng2111550,2021-10-20 23:30:00,2122,friendly,Friendlies,5756,6222,-147.9003605368398,5,2
ng2114614,2021-10-28 01:00:00,2122,friendly,Friendlies,6710,6707,230.01120900551018,-1,0
ng2118767,2021-11-06 00:35:00,2122,friendly,Friendlies,6327,5797,-115.79334011190895,-1,0
ng2119571,2021-11-09 10:45:00,2122,friendly,Friendlies,5895,5899,-200.3243754317033,0,1
ng2119569,2021-11-10 10:30:00,2122,friendly,Friendlies,95797,121274,-3.5766809878643926,0,1
ng2119596,2021-11-10 17:00:00,2122,friendly,Friendlies,430156,5816,97.73440614651986,-2,0
ng2119749,2021-11-11 01:00:00,2122,friendly,Friendlies,5807,5857,25.75295316662323,-3,0
ng2119882,2021-11-11 13:00:00,2122,friendly,Friendlies,5893,5825,207.75944815944808,1,2
3595068,2021-11-11 13:00:00,2122,qual,WCQ_CAF,121282,6714,-195.60024158092665,0,1
3595032,2021-11-11 13:00:00,2122,qual,WCQ_CAF,7941,6321,10.386458968446505,-3,0
3595056,2021-11-11 13:00:00,2122,qual,WCQ_CAF,5890,5884,219.20129891103602,0,1
3595003,2021-11-11 16:00:00,2122,qual,WCQ_CAF,5801,5802,49.859034259530745,0,1
3595059,2021-11-11 16:00:00,2122,qual,WCQ_CAF,5885,5815,-181.42722186921037,-3,0
3595033,2021-11-11 16:00:00,2122,qual,WCQ_CAF,5883,5809,156.39764770370402,2,2
3495184,2021-11-11 17:00:00,2122,qual,WCQ_UEFA,8268,8520,-238.33468187686822,2,2
3495164,2021-11-11 17:00:00,2122,qual,WCQ_UEFA,8566,5792,76.48916687397195,-2,0
3495398,2021-11-11 17:00:00,2122,qual,WCQ_UEFA,6583,8260,21.9344557033221,-5,0
ng2119885,2021-11-11 17:00:00,2122,friendly,Friendlies,8205,5902,259.34471238013816,4,2
3495338,2021-11-11 17:00:00,2122,qual,WCQ_UEFA,8713,5793,487.74810327447153,6,2
ng2119887,2021-11-11 17:30:00,2122,friendly,Friendlies,8496,5821,476.5114508316278,7,2
ng2119886,2021-11-11 17:30:00,2122,friendly,Friendlies,6718,10150,321.7799917676941,0,1
3595002,2021-11-11 19:00:00,2122,qual,WCQ_CAF,7740,6395,-380.14642028909975,0,1
3595069,2021-11-11 19:00:00,2122,qual,WCQ_CAF,6316,6290,302.0283156456235,1,2
3495399,2021-11-11 19:45:00,2122,qual,WCQ_UEFA,8570,5799,936.2650159184745,9,2
3495165,2021-11-11 19:45:00,2122,qual,WCQ_UEFA,5791,8361,-250.32682283260283,0,1
3495400,2021-11-11 19:45:00,2122,qual,WCQ_UEFA,9730,8536,130.96898147217416,0,1
3495340,2021-11-11 19:45:00,2122,qual,WCQ_UEFA,8497,5787,177.5868829494184,0,1
3495185,2021-11-11 19:45:00,2122,qual,WCQ_UEFA,6383,6720,-278.5412964878619,-1,0
3495339,2021-11-11 19:45:00,2122,qual,WCQ_UEFA,8495,10155,-503.3140438760629,-6,0
3239051,2021-11-11 21:00:00,2122,qual,WCQ_CONMEBOL,6707,5800,302.5952245347198,1,2
3239050,2021-11-11 23:00:00,2122,qual,WCQ_CONMEBOL,6724,9762,32.02204784125797,-1,0
3239049,2021-11-12 00:30:00,2122,qual,WCQ_CONMEBOL,8256,8258,355.36881592900363,1,2
3239048,2021-11-12 02:00:00,2122,qual,WCQ_CONMEBOL,5798,5797,259.3176904632983,3,2
3594943,2021-11-12 13:00:00,2122,qual,WCQ_CAF,6323,121281,392.0033641677503,0,1
3594942,2021-11-12 13:00:00,2122,qual,WCQ_CAF,121285,6317,-796.5399738775787,-4,0
3594991,2021-11-12 16:00:00,2122,qual,WCQ_CAF,5889,6328,150.15680608517164,1,2
3595021,2021-11-12 16:00:00,2122,qual,WCQ_CAF,6289,230700,123.8325078160342,0,1
3495277,2021-11-12 17:00:00,2122,qual,WCQ_UEFA,5794,8498,-366.93593714822646,-2,0
3594990,2021-11-12 19:00:00,2122,qual,WCQ_CAF,6712,10255,-254.37993767726994,0,1
3595020,2021-11-12 19:00:00,2122,qual,WCQ_CAF,5805,6262,-317.60848170555255,-3,0
3495275,2021-11-12 19:45:00,2122,qual,WCQ_UEFA,8255,8567,192.74666155519844,2,2
3495368,2021-11-12 19:45:00,2122,qual,WCQ_UEFA,10045,8568,-654.1428016128916,-3,0
3495204,2021-11-12 19:45:00,2122,qual,WCQ_UEFA,8204,6717,171.70415605111634,0,1
3495369,2021-11-12 19:45:00,2122,qual,WCQ_UEFA,8491,10024,486.09109657178874,5,2
3495205,2021-11-12 19:45:00,2122,qual,WCQ_UEFA,10259,8254,327.53251914830116,1,2
3495370,2021-11-12 19:45:00,2122,qual,WCQ_UEFA,8565,6035,928.778732085298,4,2
3495276,2021-11-12 19:45:00,2122,qual,WCQ_UEFA,8238,8269,766.7082392196085,2,2
3239047,2021-11-12 23:00:00,2122,qual,WCQ_CONMEBOL,5796,6706,9.44437896116824,-1,0
ng2119877,2021-11-13 10:30:00,2122,friendly,Friendlies,95797,5899,-20.70784171682476,1,2
3594961,2021-11-13 13:00:00,2122,qual,WCQ_CAF,6277,68374,159.4259050052965,4,2
3594978,2021-11-13 13:00:00,2122,qual,WCQ_CAF,6020,6629,-137.9253866913209,-4,0
3495224,2021-11-13 14:00:00,2122,qual,WCQ_UEFA,10106,7871,72.93753367224485,-2,0
ng2119884,2021-11-13 15:30:00,2122,friendly,Friendlies,5895,121274,-172.58382789730342,-1,0
3595043,2021-11-13 16:00:00,2122,qual,WCQ_CAF,5804,6346,-245.10357647099113,-2,0
3594960,2021-11-13 16:00:00,2122,qual,WCQ_CAF,8323,6719,-146.72189484649653,1,2
3595044,2021-11-13 16:00:00,2122,qual,WCQ_CAF,5888,230693,264.32077642375884,1,2
3495309,2021-11-13 17:00:00,2122,qual,WCQ_UEFA,6595,507764,710.961314768211,6,2
3495308,2021-11-13 17:00:00,2122,qual,WCQ_UEFA,8492,5795,499.54413248113224,0,1
ng2123154,2021-11-13 18:00:00,2122,friendly,Friendlies,121284,8307,335.2248962927822,1,2
3594979,2021-11-13 19:00:00,2122,qual,WCQ_CAF,6709,5965,425.22184084482296,3,2
3495245,2021-11-13 19:45:00,2122,qual,WCQ_UEFA,5790,10057,410.3964179205386,4,2
3495310,2021-11-13 19:45:00,2122,qual,WCQ_UEFA,49437,6708,-374.8118127058533,0,1
3495225,2021-11-13 19:45:00,2122,qual,WCQ_UEFA,6723,8265,771.5618541504375,8,2
3495244,2021-11-13 19:45:00,2122,qual,WCQ_UEFA,8263,8261,666.6059992529649,2,2
ng2121155,2021-11-14 00:00:00,2122,friendly,Friendlies,5807,5857,-11.836609548543038,2,2
3595071,2021-11-14 13:00:00,2122,qual,WCQ_CAF,6290,121282,61.217238366379206,0,1
3595035,2021-11-14 13:00:00,2122,qual,WCQ_CAF,5809,7941,67.16647281676069,0,1
3595034,2021-11-14 13:00:00,2122,qual,WCQ_CAF,6321,5883,123.46269115722521,2,2
3495343,2021-11-14 14:00:00,2122,qual,WCQ_UEFA,5787,5793,341.82855512747915,1,2
3495342,2021-11-14 14:00:00,2122,qual,WCQ_UEFA,8495,8497,-335.3860034083216,-6,0
3495341,2021-11-14 14:00:00,2122,qual,WCQ_UEFA,10155,8713,182.86062769800787,1,2
3595057,2021-11-14 16:00:00,2122,qual,WCQ_CAF,5815,5890,211.82905664533632,1,2
ng2121156,2021-11-14 17:00:00,2122,friendly,Friendlies,8566,5902,-168.20417932208693,0,1
3495403,2021-11-14 17:00:00,2122,qual,WCQ_UEFA,8260,8536,66.29983128498498,2,2
3495401,2021-11-14 17:00:00,2122,qual,WCQ_UEFA,6583,8570,-379.2119271853412,-3,0
3495402,2021-11-14 17:00:00,2122,qual,WCQ_UEFA,5799,9730,-470.19527647708196,-2,0
3595070,2021-11-14 19:00:00,2122,qual,WCQ_CAF,6714,6316,119.98808343270139,1,2
3595004,2021-11-14 19:00:00,2122,qual,WCQ_CAF,6395,5801,472.87395863783036,2,2
3495167,2021-11-14 19:45:00,2122,qual,WCQ_UEFA,8361,8205,278.59226618131197,-1,0
3495186,2021-11-14 19:45:00,2122,qual,WCQ_UEFA,6383,430156,269.15322224749184,0,1
3495166,2021-11-14 19:45:00,2122,qual,WCQ_UEFA,5792,5791,-223.92102304217678,-3,0
3495187,2021-11-14 19:45:00,2122,qual,WCQ_UEFA,6720,8520,296.6141069433272,1,2
3595005,2021-11-15 13:00:00,2122,qual,WCQ_CAF,5802,7740,151.179074266204,-1,0
3595058,2021-11-15 13:00:00,2122,qual,WCQ_CAF,5884,5885,129.18689442806954,1,2
ng2121482,2021-11-15 14:00:00,2122,friendly,Friendlies,8268,8700,76.50749924802858,1,2
3595023,2021-11-15 16:00:00,2122,qual,WCQ_CAF,230700,5805,126.39026352976975,0,1
3594945,2021-11-15 16:00:00,2122,qual,WCQ_CAF,121281,121285,457.55940669449956,5,2
ng2121485,2021-11-15 17:00:00,2122,friendly,Friendlies,8254,5821,62.47654219822152,0,1
3495280,2021-11-15 19:45:00,2122,qual,WCQ_UEFA,8498,8238,-175.78469813251036,2,2
3495372,2021-11-15 19:45:00,2122,qual,WCQ_UEFA,8568,8565,210.43621108631623,-1,0
3495373,2021-11-15 19:45:00,2122,qual,WCQ_UEFA,6035,8491,-1075.6216691600703,-10,0
3495207,2021-11-15 19:45:00,2122,qual,WCQ_UEFA,6717,10150,475.41398234375265,4,2
3495206,2021-11-15 19:45:00,2122,qual,WCQ_UEFA,10259,8204,-299.99845807004226,0,1
3495279,2021-11-15 19:45:00,2122,qual,WCQ_UEFA,8567,8269,413.5767739257892,1,2
3495371,2021-11-15 19:45:00,2122,qual,WCQ_UEFA,10024,10045,583.7684499931565,1,2
3495278,2021-11-15 19:45:00,2122,qual,WCQ_UEFA,8255,5794,574.1934573138865,3,2
ng2123640,2021-11-16 10:30:00,2122,friendly,Friendlies,5899,121274,81.3371936384907,0,1
3594992,2021-11-16 13:00:00,2122,qual,WCQ_CAF,10255,5889,315.56106091824313,1,2
ng2121794,2021-11-16 13:00:00,2122,friendly,Friendlies,8265,5898,179.79669486409875,1,2
3594993,2021-11-16 13:00:00,2122,qual,WCQ_CAF,6328,6712,59.97242727430307,0,1
3594981,2021-11-16 13:00:00,2122,qual,WCQ_CAF,5965,6020,83.00577478608807,1,2
ng2121853,2021-11-16 14:00:00,2122,friendly,Friendlies,95796,6324,131.0650428042925,1,2
ng2123641,2021-11-16 15:30:00,2122,friendly,Friendlies,5895,95797,-105.2128800703465,1,2
ng2121796,2021-11-16 15:59:00,2122,friendly,Friendlies,5820,5979,211.53183346120818,2,2
ng2123885,2021-11-16 15:59:00,2122,friendly,Friendlies,5901,5893,349.0576861567265,2,2
3595045,2021-11-16 16:00:00,2122,qual,WCQ_CAF,6346,5888,253.15959157452448,0,1
3595046,2021-11-16 16:00:00,2122,qual,WCQ_CAF,5804,230693,103.18493377211576,2,2
3594944,2021-11-16 16:00:00,2122,qual,WCQ_CAF,6317,6323,300.909068091614,0,1
ng2121797,2021-11-16 17:00:00,2122,friendly,Friendlies,10057,5816,30.61159886847554,1,2
3594963,2021-11-16 19:00:00,2122,qual,WCQ_CAF,68374,8323,-40.108340607353284,0,1
3594980,2021-11-16 19:00:00,2122,qual,WCQ_CAF,6629,6709,-14.74866354953042,1,2
3595022,2021-11-16 19:00:00,2122,qual,WCQ_CAF,6262,6289,420.44963763358123,3,2
3594962,2021-11-16 19:00:00,2122,qual,WCQ_CAF,6719,6277,248.63657452410712,2,2
3495247,2021-11-16 19:45:00,2122,qual,WCQ_UEFA,5790,8263,-149.02069902231324,0,1
3495246,2021-11-16 19:45:00,2122,qual,WCQ_UEFA,8496,8261,430.72716529166473,2,2
3495227,2021-11-16 19:45:00,2122,qual,WCQ_UEFA,7871,6723,-267.4037543981849,-2,0
3495311,2021-11-16 19:45:00,2122,qual,WCQ_UEFA,507764,5795,-164.06740977818504,-2,0
3495312,2021-11-16 19:45:00,2122,qual,WCQ_UEFA,49437,6595,-92.83790472896294,-1,0
3495313,2021-11-16 19:45:00,2122,qual,WCQ_UEFA,6708,8492,321.63248530890473,2,2
3495226,2021-11-16 19:45:00,2122,qual,WCQ_UEFA,10106,6718,-26.010919453966835,-2,0
3239054,2021-11-16 20:00:00,2122,qual,WCQ_CONMEBOL,5797,5796,-25.00325949511148,3,2
3239053,2021-11-16 21:00:00,2122,qual,WCQ_CONMEBOL,5800,5798,23.014775807639126,-1,0
3239052,2021-11-16 23:00:00,2122,qual,WCQ_CONMEBOL,8258,6724,346.2767876135106,0,1
3239055,2021-11-16 23:30:00,2122,qual,WCQ_CONMEBOL,6706,8256,-11.01855634975982,0,1
3239056,2021-11-17 00:15:00,2122,qual,WCQ_CONMEBOL,9762,6707,165.96893625900566,-2,0
ng2124573,2021-11-19 14:00:00,2122,friendly,Friendlies,5895,121274,-172.7531441143111,0,1
ng2124372,2021-11-25 14:30:00,2122,friendly,Friendlies,6324,8307,128.27127641232664,3,2
ng2127975,2021-12-05 02:00:00,2122,friendly,Friendlies,6327,6707,-312.39523977808494,0,1
ng2128655,2021-12-09 03:00:00,2122,friendly,Friendlies,6710,9762,189.81701535743855,0,1
ng2130620,2021-12-09 16:30:00,2122,friendly,Friendlies,7941,5890,-46.62525201465064,-2,0
ng2129271,2021-12-12 03:30:00,2122,friendly,Friendlies,6327,9762,-269.51922064968835,-1,0
ng2132059,2021-12-19 01:15:00,2122,friendly,Friendlies,6713,10106,210.63005475494037,1,2
ng2136674,2021-12-30 13:00:00,2122,friendly,Friendlies,68374,6323,-128.95849305171646,0,1
ng2137589,2022-01-02 14:00:00,2122,friendly,Friendlies,6290,5805,61.7057333134876,0,1
ng2137590,2022-01-02 15:00:00,2122,friendly,Friendlies,6323,5889,209.66179728252064,3,2
ng2137664,2022-01-03 14:00:00,2122,friendly,Friendlies,5885,6289,-22.164656365589735,3,2
ng2137836,2022-01-04 13:00:00,2122,friendly,Friendlies,68374,5889,15.862325994984985,0,1
ng2137961,2022-01-05 15:59:00,2122,friendly,Friendlies,6317,6714,212.69713822430685,3,2
ng2138388,2022-01-06 14:00:00,2122,friendly,Friendlies,5885,6289,15.065144825222205,-2,0
3705348,2022-01-09 16:00:00,2122,tourn,AFCON,6629,6323,37.49410377037111,1,2
3705349,2022-01-09 19:00:00,2122,tourn,AFCON,121282,5888,-139.82273302269846,-1,0
3705355,2022-01-10 13:00:00,2122,tourn,AFCON,6395,6290,418.55903904563183,1,2
3705356,2022-01-10 16:00:00,2122,tourn,AFCON,6289,6020,107.38247001724835,1,2
3705361,2022-01-10 16:00:00,2122,tourn,AFCON,6262,6714,151.16062442520752,1,2
3705362,2022-01-10 19:00:00,2122,tourn,AFCON,230692,5889,-223.06216940714876,-1,0
3705412,2022-01-11 13:00:00,2122,tourn,AFCON,6317,5803,427.66805864181424,0,1
3705369,2022-01-11 16:00:00,2122,tourn,AFCON,6346,10255,-30.26770048319281,1,2
3705370,2022-01-11 19:00:00,2122,tourn,AFCON,5805,230700,-30.691087862074255,0,1
3705419,2022-01-12 13:00:00,2122,tourn,AFCON,6719,5815,21.90956429649941,-1,0
ng2140540,2022-01-12 14:00:00,2122,friendly,Friendlies,8536,5890,199.8235734563741,0,1
3705420,2022-01-12 16:00:00,2122,tourn,AFCON,68374,5979,-21.245064318765117,-1,0
3705413,2022-01-12 19:00:00,2122,tourn,AFCON,8323,6709,-188.50169498980472,-1,0
3705351,2022-01-13 16:00:00,2122,tourn,AFCON,6629,121282,284.5873464100059,3,2
3705350,2022-01-13 19:00:00,2122,tourn,AFCON,5888,6323,-31.747327421360524,-1,0
3705357,2022-01-14 13:00:00,2122,tourn,AFCON,6395,6289,324.229612383205,0,1
3705358,2022-01-14 16:00:00,2122,tourn,AFCON,6020,6290,-39.8277079611712,1,2
3705363,2022-01-14 16:00:00,2122,tourn,AFCON,6262,230692,592.9273641043662,2,2
3705364,2022-01-14 19:00:00,2122,tourn,AFCON,5889,6714,-167.49609445163264,0,1
ng2141736,2022-01-15 11:00:00,2122,friendly,Friendlies,8536,7804,-70.25726360600561,-4,0
3705371,2022-01-15 16:00:00,2122,tourn,AFCON,6346,5805,318.76925377802877,2,2
3705372,2022-01-15 19:00:00,2122,tourn,AFCON,230700,10255,-268.4063302101099,-1,0
3705422,2022-01-16 13:00:00,2122,tourn,AFCON,5979,5815,-257.0037357391893,0,1
3705414,2022-01-16 16:00:00,2122,tourn,AFCON,6709,5803,313.39355628176895,0,1
3705421,2022-01-16 16:00:00,2122,tourn,AFCON,6719,68374,293.95589192692455,4,2
3705415,2022-01-16 19:00:00,2122,tourn,AFCON,6317,8323,285.88794228218285,-1,0
ng2142441,2022-01-16 21:00:00,2122,friendly,Friendlies,5798,5922,371.2887588963408,0,1
ng2142442,2022-01-16 22:30:00,2122,friendly,Friendlies,8258,5808,392.46732038032155,1,2
3705352,2022-01-17 16:00:00,2122,tourn,AFCON,5888,6629,-150.8253193191092,0,1
3705353,2022-01-17 16:00:00,2122,tourn,AFCON,6323,121282,239.42710223936683,0,1
ng2144253,2022-01-18 14:00:00,2122,friendly,Friendlies,5794,5890,-159.6275315656594,-1,0
3705360,2022-01-18 16:00:00,2122,tourn,AFCON,6020,6395,-420.4769733227804,0,1
3705359,2022-01-18 16:00:00,2122,tourn,AFCON,6290,6289,-148.73064559539512,1,2
3705365,2022-01-18 19:00:00,2122,tourn,AFCON,5889,6262,-339.37256376207984,0,1
3705366,2022-01-18 19:00:00,2122,tourn,AFCON,6714,230692,403.43798720163727,-1,0
3705373,2022-01-19 19:00:00,2122,tourn,AFCON,230700,6346,-311.5969074434604,-2,0
3705374,2022-01-19 19:00:00,2122,tourn,AFCON,10255,5805,313.8054598994049,1,2
3705416,2022-01-20 16:00:00,2122,tourn,AFCON,5803,8323,-123.62119149310865,-1,0
3705417,2022-01-20 16:00:00,2122,tourn,AFCON,6709,6317,-48.14860910786706,2,2
3705423,2022-01-20 19:00:00,2122,tourn,AFCON,5979,6719,-224.61763607754938,1,2
3705424,2022-01-20 19:00:00,2122,tourn,AFCON,5815,68374,324.0483974123656,2,2
ng2145533,2022-01-21 01:00:00,2122,friendly,Friendlies,5798,5806,320.78418222675396,3,2
ng2144185,2022-01-21 11:00:00,2122,friendly,Friendlies,5794,7804,-440.0388783076555,-4,0
ng2145962,2022-01-21 15:00:00,2122,friendly,Friendlies,5819,5890,223.21883037623866,1,2
ng2145867,2022-01-21 21:00:00,2122,friendly,Friendlies,5797,7724,419.14575683073986,5,2
3705428,2022-01-23 16:00:00,2122,tourn,AFCON,6323,5889,89.96395424295861,0,1
3705429,2022-01-23 19:00:00,2122,tourn,AFCON,6346,6719,91.49905595121186,-1,0
3705431,2022-01-24 16:00:00,2122,tourn,AFCON,6289,5979,-44.488608776985075,-1,0
3705430,2022-01-24 19:00:00,2122,tourn,AFCON,6629,230692,399.9088077033002,1,2
3705432,2022-01-25 16:00:00,2122,tourn,AFCON,6395,5888,213.1761835447062,2,2
3705433,2022-01-25 19:00:00,2122,tourn,AFCON,6262,6020,429.3251830599247,1,2
3705434,2022-01-26 16:00:00,2122,tourn,AFCON,6709,10255,30.204779544424582,0,1
3705435,2022-01-26 19:00:00,2122,tourn,AFCON,5815,8323,137.88590175321747,0,1
ng2149141,2022-01-27 12:00:00,2122,friendly,Friendlies,6324,95801,547.0531016857692,3,2
ng2149142,2022-01-27 13:00:00,2122,friendly,Friendlies,8700,408231,448.6743278886174,3,2
ng2149091,2022-01-27 15:00:00,2122,friendly,Friendlies,5901,5890,149.21796504485042,2,2
3239060,2022-01-27 21:00:00,2122,qual,WCQ_CONMEBOL,6707,8256,-118.31241996871904,0,1
3239059,2022-01-27 23:00:00,2122,qual,WCQ_CONMEBOL,6724,5796,-15.425403227146717,-1,0
3239061,2022-01-28 00:15:00,2122,qual,WCQ_CONMEBOL,9762,6706,-13.622922294533282,-1,0
ng2149310,2022-01-28 14:55:00,2122,friendly,Friendlies,5816,5820,62.89692821275639,2,2
3239057,2022-01-28 21:00:00,2122,qual,WCQ_CONMEBOL,8258,5798,216.61182612321295,-1,0
3239058,2022-01-28 22:00:00,2122,qual,WCQ_CONMEBOL,5800,5797,125.89829051309448,3,2
ng2149368,2022-01-28 22:25:00,2122,friendly,Friendlies,127411,5886,294.67218712286603,1,2
ng2149980,2022-01-29 11:00:00,2122,friendly,Friendlies,95799,5750,9.610875098004044,1,2
3705437,2022-01-29 16:00:00,2122,tourn,AFCON,5979,6629,-157.2539701284809,-2,0
ng2149847,2022-01-29 16:30:00,2122,friendly,Friendlies,5821,6328,143.3256170661473,2,2
3705436,2022-01-29 19:00:00,2122,tourn,AFCON,6323,6719,-87.74880402204076,1,2
ng2150161,2022-01-30 01:00:00,2122,friendly,Friendlies,5807,127409,152.46900170367576,4,2
ng2150694,2022-01-30 12:00:00,2122,friendly,Friendlies,6324,95801,549.931999977832,3,2
3705438,2022-01-30 15:00:00,2122,tourn,AFCON,10255,6262,-101.32533161564425,1,2
3705439,2022-01-30 19:00:00,2122,tourn,AFCON,6395,8323,206.38818293772852,2,2
ng2150824,2022-01-31 14:00:00,2122,friendly,Friendlies,5816,408231,424.6114072092537,1,2
ng2151006,2022-02-01 11:00:00,2122,friendly,Friendlies,95799,5750,29.057769727018467,1,2
ng2151008,2022-02-01 14:55:00,2122,friendly,Friendlies,5821,6328,161.6071994697038,-2,0
ng2151009,2022-02-01 15:00:00,2122,friendly,Friendlies,5901,6321,146.67650647056234,1,2
3239065,2022-02-01 20:00:00,2122,qual,WCQ_CONMEBOL,5797,9762,103.51696955153261,-1,0
ng2151014,2022-02-01 22:00:00,2122,friendly,Friendlies,127411,6222,206.13334884437336,1,2
3239062,2022-02-01 23:00:00,2122,qual,WCQ_CONMEBOL,5796,5800,287.05595284067545,3,2
3239066,2022-02-01 23:30:00,2122,qual,WCQ_CONMEBOL,6706,8258,297.74309744955804,1,2
3239064,2022-02-02 00:30:00,2122,qual,WCQ_CONMEBOL,8256,6724,587.5206188570874,4,2
ng2151022,2022-02-02 01:00:00,2122,friendly,Friendlies,5807,127409,174.49337641371653,0,1
3239063,2022-02-02 02:00:00,2122,qual,WCQ_CONMEBOL,5798,6707,139.00552792704138,0,1
3705440,2022-02-02 19:00:00,2122,tourn,AFCON,6323,6395,-170.8102195549534,-2,0
3705441,2022-02-03 19:00:00,2122,tourn,AFCON,6629,10255,-41.988184813192674,0,1
3705508,2022-02-05 19:00:00,2122,tourn,AFCON,6323,6629,-103.0712645563151,0,1
3705509,2022-02-06 19:00:00,2122,tourn,AFCON,6395,10255,72.60084094939998,0,1
ng2177432,2022-03-18 17:00:00,2122,friendly,Friendlies,5819,6277,271.2494910316009,2,2
ng2178318,2022-03-19 12:00:00,2122,friendly,Friendlies,5750,121274,116.09615027133361,0,1
ng2177754,2022-03-23 11:00:00,2122,friendly,Friendlies,5891,95971,40.0,1,2
ng2177757,2022-03-23 12:00:00,2122,friendly,Friendlies,230139,5823,38.48697865418012,-2,0
3849856,2022-03-23 12:00:00,2122,qual,AFCONQ,121274,4167,-225.1685477422675,0,1
3849858,2022-03-23 13:00:00,2122,qual,AFCONQ,287978,4433,-141.6731034436017,-3,0
3849857,2022-03-23 13:00:00,2122,qual,AFCONQ,121285,408231,-206.1073962278615,-2,0
ng2179841,2022-03-23 15:59:00,2122,friendly,Friendlies,8323,230700,225.74226147950003,-3,0
ng2177760,2022-03-23 15:59:00,2122,friendly,Friendlies,5901,6329,465.69238640403705,1,2
3849859,2022-03-23 16:00:00,2122,qual,AFCONQ,4432,5979,-188.22281980438333,-1,0
ng2179798,2022-03-23 16:45:00,2122,friendly,Friendlies,7941,230693,157.0340483613238,2,2
ng2177764,2022-03-23 17:00:00,2122,friendly,Friendlies,507764,6548,-72.05113444251333,0,1
ng2179799,2022-03-23 19:00:00,2122,friendly,Friendlies,5757,5888,-187.44844097695682,-2,0
ng2177765,2022-03-23 19:00:00,2122,friendly,Friendlies,121281,5965,16.937693759932245,0,1
3849841,2022-03-24 12:00:00,2122,qual,AFCONQ,287979,5750,189.06776154970555,1,2
ng2177766,2022-03-24 12:00:00,2122,friendly,Friendlies,5788,95799,483.16667332385555,2,2
ng2180006,2022-03-24 13:00:00,2122,friendly,Friendlies,5804,5883,-18.81883790748134,-4,0
ng2177511,2022-03-24 15:59:00,2122,friendly,Friendlies,6583,49437,61.950088285909715,1,2
ng2179939,2022-03-24 15:59:00,2122,friendly,Friendlies,7740,5803,66.74199860434146,3,2
ng2178332,2022-03-24 15:59:00,2122,friendly,Friendlies,5899,95797,170.15696642482362,2,2
3485321,2022-03-24 17:00:00,2122,nl,NationsLeagueC,8261,5793,201.97121207207147,0,1
ng2177512,2022-03-24 17:00:00,2122,friendly,Friendlies,430156,6323,19.3456695619559,5,2
3485320,2022-03-24 17:00:00,2122,nl,NationsLeagueC,5794,8265,-30.896488486420367,-1,0
ng2177513,2022-03-24 18:30:00,2122,friendly,Friendlies,8565,8205,-47.302826142034974,-1,0
ng2177514,2022-03-24 19:45:00,2122,friendly,Friendlies,8498,8568,33.898183616169035,0,1
3774162,2022-03-24 19:45:00,2122,qual,WCQ_UEFA,8204,8260,439.88458808458427,-1,0
3774159,2022-03-24 19:45:00,2122,qual,WCQ_UEFA,5790,8255,147.2807872164526,1,2
3774161,2022-03-24 19:45:00,2122,qual,WCQ_UEFA,8520,8496,109.14400230015099,1,2
3774163,2022-03-24 19:45:00,2122,qual,WCQ_UEFA,8361,6595,353.21855796303566,2,2
3239069,2022-03-24 23:30:00,2122,qual,WCQ_CONMEBOL,8256,9762,482.70650901959584,4,2
3239068,2022-03-24 23:30:00,2122,qual,WCQ_CONMEBOL,8258,5797,370.47779510395117,3,2
3239070,2022-03-24 23:30:00,2122,qual,WCQ_CONMEBOL,6724,6707,-22.391368004683954,2,2
3239067,2022-03-24 23:30:00,2122,qual,WCQ_CONMEBOL,5796,5798,161.1740954861409,1,2
ng2178338,2022-03-25 00:00:00,2122,friendly,Friendlies,5858,5857,304.2401545850166,1,2
ng2178340,2022-03-25 10:30:00,2122,friendly,Friendlies,5890,5898,319.9179293987188,0,1
ng2178341,2022-03-25 12:00:00,2122,friendly,Friendlies,5795,5821,10.394173282392785,0,1
ng2180513,2022-03-25 13:00:00,2122,friendly,Friendlies,5801,6277,-28.260826215852376,-2,0
ng2180517,2022-03-25 14:00:00,2122,friendly,Friendlies,230692,121282,-36.54948164117627,1,2
ng2178343,2022-03-25 14:00:00,2122,friendly,Friendlies,8700,5893,332.96773024106665,2,2
3814126,2022-03-25 15:00:00,2122,qual,WCQ_CAF,6321,6262,-149.38487677556486,0,1
ng2178344,2022-03-25 15:59:00,2122,friendly,Friendlies,5799,5888,-293.2423344698059,-6,0
3814127,2022-03-25 17:00:00,2122,qual,WCQ_CAF,5815,6719,120.5417247426476,-1,0
3814124,2022-03-25 17:00:00,2122,qual,WCQ_CAF,6629,6317,75.04537039712545,-1,0
ng2178342,2022-03-25 17:00:00,2122,friendly,Friendlies,6316,6289,246.03256417889156,0,1
ng2177790,2022-03-25 17:00:00,2122,friendly,Friendlies,8492,8497,102.86270312712259,2,2
ng2178345,2022-03-25 18:00:00,2122,friendly,Friendlies,8495,8566,-40.720212719189476,1,2
ng2177791,2022-03-25 18:15:00,2122,friendly,Friendlies,9730,6383,81.21809925652155,-1,0
ng2178347,2022-03-25 19:15:00,2122,friendly,Friendlies,5792,10259,-176.99711554831038,-2,0
3814123,2022-03-25 19:30:00,2122,qual,WCQ_CAF,10255,6395,17.697797368236706,1,2
3814125,2022-03-25 19:30:00,2122,qual,WCQ_CAF,6714,6346,-39.235040189910706,0,1
ng2178334,2022-03-25 19:45:00,2122,friendly,Friendlies,10106,8268,159.1363001586567,-1,0
ng2178349,2022-03-25 19:45:00,2122,friendly,Friendlies,10045,5924,-46.036398945952214,1,2
ng2178348,2022-03-25 19:45:00,2122,friendly,Friendlies,6035,8254,-464.36521835091196,-1,0
ng2177792,2022-03-25 20:15:00,2122,friendly,Friendlies,6723,6709,434.207827641575,1,2
ng2180521,2022-03-25 23:00:00,2122,friendly,Friendlies,7724,5886,323.7699852869989,9,2
3239071,2022-03-25 23:30:00,2122,qual,WCQ_CONMEBOL,6706,5800,494.3115002149575,3,2
ng2178667,2022-03-26 12:00:00,2122,friendly,Friendlies,5825,5823,21.67262718622169,1,2
ng2181163,2022-03-26 12:10:00,2122,friendly,Friendlies,230693,5805,-0.390785876099244,0,1
ng2177793,2022-03-26 14:00:00,2122,friendly,Friendlies,10155,5787,338.77304293015413,0,1
ng2181293,2022-03-26 14:00:00,2122,friendly,Friendlies,5859,5757,324.6106321223083,1,2
ng2178669,2022-03-26 15:59:00,2122,friendly,Friendlies,5901,121284,350.95313654248025,1,2
ng2179205,2022-03-26 15:59:00,2122,friendly,Friendlies,10057,6329,356.41158398984294,3,2
ng2179206,2022-03-26 15:59:00,2122,friendly,Friendlies,6328,121281,156.1679926019351,1,2
ng2181291,2022-03-26 15:59:00,2122,friendly,Friendlies,6712,230700,55.98398431462647,1,2
ng2178668,2022-03-26 15:59:00,2122,friendly,Friendlies,7871,8536,190.15925935123028,0,1
ng2177794,2022-03-26 17:00:00,2122,friendly,Friendlies,5791,8263,-232.65331709325324,0,1
ng2179207,2022-03-26 17:00:00,2122,friendly,Friendlies,507764,8269,-129.28735575146038,0,1
ng2179208,2022-03-26 17:30:00,2122,friendly,Friendlies,5902,10150,151.0628888939657,1,2
ng2177795,2022-03-26 17:30:00,2122,friendly,Friendlies,8491,6717,130.98833658240278,1,2
ng2177796,2022-03-26 18:45:00,2122,friendly,Friendlies,6720,10024,544.2841755391512,1,2
ng2181164,2022-03-26 19:00:00,2122,friendly,Friendlies,68374,5965,50.694292374025736,1,2
ng2177797,2022-03-26 19:45:00,2122,friendly,Friendlies,6708,8238,122.06874149975533,2,2
ng2177798,2022-03-26 19:45:00,2122,friendly,Friendlies,8570,8567,439.7771410427049,2,2
ng2179245,2022-03-27 11:00:00,2122,friendly,Friendlies,5891,178671,157.85376732475413,1,2
3849848,2022-03-27 12:00:00,2122,qual,AFCONQ,5750,287979,-49.221916732892396,0,1
ng2179244,2022-03-27 12:00:00,2122,friendly,Friendlies,5788,127411,96.19125995601962,1,2
3849846,2022-03-27 13:00:00,2122,qual,AFCONQ,4433,287978,344.6127941775808,1,2
ng2181896,2022-03-27 13:00:00,2122,friendly,Friendlies,5803,5804,110.8905049282364,1,2
3849845,2022-03-27 13:00:00,2122,qual,AFCONQ,408231,121285,394.17474019400345,1,2
3849843,2022-03-27 14:00:00,2122,qual,AFCONQ,4167,121274,362.3533134236242,2,2
ng2181902,2022-03-27 20:30:00,2122,friendly,Friendlies,5858,5934,27.96686965059598,1,2
ng2181903,2022-03-27 21:00:00,2122,friendly,Friendlies,127409,5857,-56.69988205254731,-3,0
ng2150697,2022-03-27 22:00:00,2122,friendly,Friendlies,6222,5886,176.77282038628732,5,2
ng2182895,2022-03-28 15:00:00,2122,friendly,Friendlies,5888,6035,743.5064498659748,2,2
ng2179569,2022-03-28 18:00:00,2122,friendly,Friendlies,10045,6548,-45.674493255442485,1,2
ng2180142,2022-03-28 18:00:00,2122,friendly,Friendlies,49437,6383,-94.34587607562162,1,2
ng2182904,2022-03-29 10:00:00,2122,friendly,Friendlies,121284,5804,87.13879057996292,1,2
ng2183129,2022-03-29 10:30:00,2122,friendly,Friendlies,5898,5893,49.1982923152882,1,2
ng2180143,2022-03-29 11:00:00,2122,friendly,Friendlies,8566,5795,122.12205998909235,-1,0
ng2183142,2022-03-29 11:30:00,2122,friendly,Friendlies,95797,95971,187.41079589643755,0,1
ng2182898,2022-03-29 12:00:00,2122,friendly,Friendlies,5825,230139,105.87237416298149,2,2
ng2183147,2022-03-29 13:00:00,2122,friendly,Friendlies,5801,5803,63.67002071454499,-1,0
ng2179777,2022-03-29 14:00:00,2122,friendly,Friendlies,10155,10150,397.86491962459377,1,2
3485322,2022-03-29 14:00:00,2122,nl,NationsLeagueC,8265,5794,195.4168473264922,-1,0
ng2183135,2022-03-29 14:00:00,2122,friendly,Friendlies,8700,5890,146.0706921338019,2,2
ng2180144,2022-03-29 15:00:00,2122,friendly,Friendlies,8269,5799,242.53706098393423,1,2
ng2177800,2022-03-29 15:59:00,2122,friendly,Friendlies,7871,8497,104.68629613960684,-2,0
ng2180145,2022-03-29 15:59:00,2122,friendly,Friendlies,10024,8268,88.57449334201806,0,1
ng2182903,2022-03-29 15:59:00,2122,friendly,Friendlies,7740,5883,-8.29909381661696,0,1
ng2183149,2022-03-29 15:59:00,2122,friendly,Friendlies,6712,8323,-26.353537680135332,0,1
ng2177801,2022-03-29 15:59:00,2122,friendly,Friendlies,6717,430156,491.3787738410922,0,1
ng2182909,2022-03-29 15:59:00,2122,friendly,Friendlies,5901,10057,190.20151311878908,-1,0
ng2182908,2022-03-29 15:59:00,2122,friendly,Friendlies,7941,5805,93.94874602359664,0,1
ng2177799,2022-03-29 15:59:00,2122,friendly,Friendlies,8238,8205,147.91863315051614,3,2
3485323,2022-03-29 16:00:00,2122,nl,NationsLeagueC,5793,8261,-24.896791515267523,2,2
3814130,2022-03-29 17:00:00,2122,qual,WCQ_CAF,6346,6714,194.73704344341468,0,1
3849847,2022-03-29 17:00:00,2122,qual,AFCONQ,5979,4432,368.45039501721953,0,1
ng2180147,2022-03-29 17:00:00,2122,friendly,Friendlies,8495,5821,-46.4687680720906,2,2
ng2179778,2022-03-29 17:00:00,2122,friendly,Friendlies,8492,6583,287.7093470678053,9,2
3814128,2022-03-29 17:00:00,2122,qual,WCQ_CAF,6395,10255,104.33797640457647,1,2
ng2180146,2022-03-29 17:30:00,2122,friendly,Friendlies,5902,5787,88.76616280297071,0,1
ng2179779,2022-03-29 17:45:00,2122,friendly,Friendlies,8567,9730,27.036585170088756,0,1
ng2177803,2022-03-29 18:45:00,2122,friendly,Friendlies,8491,6709,386.29169556221814,3,2
ng2177802,2022-03-29 18:45:00,2122,friendly,Friendlies,8263,6323,556.0525498245702,3,2
3774167,2022-03-29 18:45:00,2122,qual,WCQ_UEFA,8568,8520,33.55140460072607,2,2
ng2182117,2022-03-29 18:45:00,2122,friendly,Friendlies,6595,8204,-191.47746102360588,-1,0
ng2177804,2022-03-29 18:45:00,2122,friendly,Friendlies,6708,8570,75.10847559610193,0,1
ng2179780,2022-03-29 18:45:00,2122,friendly,Friendlies,10106,5792,323.1058140348298,1,2
3774168,2022-03-29 18:45:00,2122,qual,WCQ_UEFA,8361,8260,414.0526391764199,2,2
ng2177808,2022-03-29 18:45:00,2122,friendly,Friendlies,6720,8536,526.5151638422856,5,2
ng2182910,2022-03-29 18:45:00,2122,friendly,Friendlies,8255,8498,73.70328522690306,0,1
ng2182118,2022-03-29 18:45:00,2122,friendly,Friendlies,5790,8496,97.77624271537366,0,1
ng2177805,2022-03-29 18:45:00,2122,friendly,Friendlies,5791,8254,419.1991278997732,1,2
ng2177806,2022-03-29 18:45:00,2122,friendly,Friendlies,10259,8565,35.897459598839305,-1,0
ng2182911,2022-03-29 19:00:00,2122,friendly,Friendlies,68374,6328,41.32879183637033,2,2
ng2177807,2022-03-29 19:15:00,2122,friendly,Friendlies,6723,6316,578.5274758308333,5,2
3814129,2022-03-29 19:30:00,2122,qual,WCQ_CAF,6317,6629,133.4626427874091,-1,0
3814131,2022-03-29 19:30:00,2122,qual,WCQ_CAF,6262,6321,293.1732199191333,3,2
3814132,2022-03-29 19:30:00,2122,qual,WCQ_CAF,6719,5815,92.80488277138465,0,1
ng2182912,2022-03-29 23:00:00,2122,friendly,Friendlies,7724,6222,229.80367564320795,0,1
3239072,2022-03-29 23:30:00,2122,qual,WCQ_CONMEBOL,5798,6724,222.9301911768896,2,2
3239074,2022-03-29 23:30:00,2122,qual,WCQ_CONMEBOL,5797,8256,-322.5708485564826,-4,0
3239075,2022-03-29 23:30:00,2122,qual,WCQ_CONMEBOL,9762,5796,26.651940094463725,-2,0
3239076,2022-03-29 23:30:00,2122,qual,WCQ_CONMEBOL,6707,6706,-145.4995724534117,0,1
3239073,2022-03-29 23:30:00,2122,qual,WCQ_CONMEBOL,5800,8258,-75.61777812219134,-1,0
ng2189455,2022-04-10 21:00:00,2122,friendly,Friendlies,6317,7740,375.2446657076232,0,1
ng2193324,2022-04-24 23:30:00,2122,friendly,Friendlies,6327,5858,23.38263790343626,-4,0
ng2193544,2022-04-28 00:30:00,2122,friendly,Friendlies,6710,5858,456.25094745259594,0,1
ng2196025,2022-05-01 20:30:00,2122,friendly,Friendlies,6327,5922,-35.79966861663638,1,2
ng2200205,2022-05-12 19:00:00,2122,friendly,Friendlies,287980,5923,-76.0,1,2
ng2201866,2022-05-15 19:00:00,2122,friendly,Friendlies,287980,5923,-51.69355743492724,2,2
ng2204860,2022-05-27 10:30:00,2122,friendly,Friendlies,5788,5900,155.26770663537127,1,2
ng2205426,2022-05-27 12:00:00,2122,friendly,Friendlies,8307,5901,-449.92266656878746,-2,0
ng2204861,2022-05-27 13:00:00,2122,friendly,Friendlies,5823,178671,664.5362582288349,4,2
ng2205427,2022-05-27 14:00:00,2122,friendly,Friendlies,5887,4433,159.5706234488298,1,2
ng2205989,2022-05-28 13:00:00,2122,friendly,Friendlies,121282,4167,172.70464546033213,0,1
ng2205437,2022-05-28 15:59:00,2122,friendly,Friendlies,5816,6329,405.45450452984164,2,2
ng2204437,2022-05-29 00:10:00,2122,friendly,Friendlies,6710,6346,332.17419729153175,1,2
ng2205991,2022-05-29 15:40:00,2122,friendly,Friendlies,5789,5979,101.79588223984342,0,1
ng2206619,2022-05-30 13:00:00,2122,friendly,Friendlies,121282,4167,163.50823084634726,0,1
ng2206513,2022-05-31 12:00:00,2122,friendly,Friendlies,5788,5901,-139.08888603978562,-1,0
ng2206823,2022-06-01 12:00:00,2122,friendly,Friendlies,5894,95796,333.05647350672643,2,2
ng2206786,2022-06-01 13:00:00,2122,friendly,Friendlies,5823,6322,112.59127949968911,2,2
ng2206846,2022-06-01 13:30:00,2122,friendly,Friendlies,6324,95797,364.27769533987396,0,1
ng2206847,2022-06-01 15:00:00,2122,friendly,Friendlies,5821,5825,271.0709728806039,2,2
ng2207155,2022-06-01 15:45:00,2122,friendly,Friendlies,6320,5898,296.1617449618582,1,2
3876849,2022-06-01 16:00:00,2122,qual,AFCONQ,6712,230693,197.2005011579338,1,2
3876866,2022-06-01 16:00:00,2122,qual,AFCONQ,6328,5887,159.17848770370074,1,2
3784577,2022-06-01 16:00:00,2122,nl,NationsLeagueA,8568,5790,69.51014299191456,1,2
ng2206849,2022-06-01 17:00:00,2122,friendly,Friendlies,8495,5800,-330.2763904516098,-1,0
ng2206850,2022-06-01 18:00:00,2122,friendly,Friendlies,6716,5816,277.4244834892788,1,2
3774158,2022-06-01 18:45:00,2122,qual,WCQ_UEFA,8498,6718,31.186351338732266,-2,0
3876836,2022-06-01 19:00:00,2122,qual,AFCONQ,6714,5809,301.0934034094771,3,2
ng2205910,2022-06-01 23:30:00,2122,friendly,Friendlies,6713,6262,117.02478738842228,3,2
ng2204676,2022-06-02 11:00:00,2122,friendly,Friendlies,7804,8256,-340.9994738836199,-4,0
3784588,2022-06-02 16:00:00,2122,nl,NationsLeagueC,5793,430156,-105.15387441265761,-2,0
3784649,2022-06-02 16:00:00,2122,nl,NationsLeagueC,8268,507764,582.2514207024378,4,2
3784650,2022-06-02 16:00:00,2122,nl,NationsLeagueC,10150,8260,-39.806444795272,0,1
3784661,2022-06-02 16:00:00,2122,nl,NationsLeagueD,8261,6035,680.7076025605758,2,2
3876893,2022-06-02 16:00:00,2122,qual,AFCONQ,5965,5885,94.41549572495092,0,1
3784527,2022-06-02 18:45:00,2122,nl,NationsLeagueA,6720,8361,136.2196871635481,0,1
3784589,2022-06-02 18:45:00,2122,nl,NationsLeagueC,10259,6383,46.03044745050852,-1,0
3784526,2022-06-02 18:45:00,2122,nl,NationsLeagueA,8496,6717,-48.61998973591972,1,2
3784565,2022-06-02 18:45:00,2122,nl,NationsLeagueB,8567,8536,92.67770963289217,0,1
3784626,2022-06-02 18:45:00,2122,nl,NationsLeagueB,5787,8520,-136.82866608526433,-2,0
3784625,2022-06-02 18:45:00,2122,nl,NationsLeagueB,8205,8492,182.84074838778906,-1,0
3876865,2022-06-02 19:00:00,2122,qual,AFCONQ,6719,8323,225.714043554387,4,2
ng2206787,2022-06-03 00:40:00,2122,friendly,Friendlies,6707,6346,262.2434330033768,1,2
ng2206788,2022-06-03 02:10:00,2122,friendly,Friendlies,6710,5796,42.457362789643184,-3,0
3876872,2022-06-03 13:00:00,2122,qual,AFCONQ,230692,4167,69.26622978596129,2,2
3784612,2022-06-03 14:00:00,2122,nl,NationsLeagueC,8265,8566,75.42041903874338,2,2
ng2206857,2022-06-03 15:59:00,2122,friendly,Friendlies,95799,5824,-499.24432270785474,-2,0
3876813,2022-06-03 16:00:00,2122,qual,AFCONQ,7740,4433,274.9817489927698,0,1
3784637,2022-06-03 16:00:00,2122,nl,NationsLeagueD,5795,10045,310.4333677487268,3,2
3784623,2022-06-03 18:45:00,2122,nl,NationsLeagueC,10057,8497,-200.3720389788714,-1,0
3784638,2022-06-03 18:45:00,2122,nl,NationsLeagueD,5799,5794,-84.49899181292562,-2,0
3784511,2022-06-03 18:45:00,2122,nl,NationsLeagueA,6723,8238,211.08943920484944,-1,0
3784510,2022-06-03 18:45:00,2122,nl,NationsLeagueA,10155,8255,200.71258393553126,-3,0
3784576,2022-06-03 18:45:00,2122,nl,NationsLeagueA,8263,6708,134.54846187266548,-3,0
3876860,2022-06-03 19:00:00,2122,qual,AFCONQ,6709,6277,297.32267162197695,2,2
3876812,2022-06-03 19:00:00,2122,qual,AFCONQ,6323,5888,125.76786511857904,2,2
3876821,2022-06-04 13:00:00,2122,qual,AFCONQ,5802,121284,118.8370863206369,0,1
3784506,2022-06-04 13:00:00,2122,nl,NationsLeagueB,6583,5791,-138.642270525497,1,2
3784552,2022-06-04 16:00:00,2122,nl,NationsLeagueA,8565,8491,-214.1281236824252,1,2
3784540,2022-06-04 16:00:00,2122,nl,NationsLeagueC,8254,5792,83.4143962675023,-2,0
3876857,2022-06-04 16:00:00,2122,qual,AFCONQ,121281,7941,-0.08041960808918702,0,1
3876841,2022-06-04 16:00:00,2122,qual,AFCONQ,5979,408231,343.87666037137024,1,2
3784600,2022-06-04 16:00:00,2122,nl,NationsLeagueB,7871,10106,135.55435661810134,0,1
3784553,2022-06-04 18:45:00,2122,nl,NationsLeagueA,8204,8570,85.8677352656996,0,1
3784541,2022-06-04 18:45:00,2122,nl,NationsLeagueC,6595,8269,503.9868438301087,4,2
3784601,2022-06-04 18:45:00,2122,nl,NationsLeagueB,49437,9730,-59.09797635717064,2,2
3876856,2022-06-04 19:00:00,2122,qual,AFCONQ,6317,5890,250.69005859715048,2,2
3876840,2022-06-04 19:00:00,2122,qual,AFCONQ,5815,5801,378.95385362271963,4,2
3876880,2022-06-04 19:00:00,2122,qual,AFCONQ,68374,5805,70.87956163717354,3,2
3876892,2022-06-04 19:00:00,2122,qual,AFCONQ,6395,5883,391.3592095776032,2,2
3876879,2022-06-04 20:00:00,2122,qual,AFCONQ,6321,5889,115.05459920046064,-1,0
3876830,2022-06-05 13:00:00,2122,qual,AFCONQ,6020,121282,88.1946679621949,1,2
3876855,2022-06-05 13:00:00,2122,qual,AFCONQ,230693,6714,-239.53139893147772,0,1
3784662,2022-06-05 13:00:00,2122,nl,NationsLeagueD,6035,8495,-359.51624089719485,-2,0
3876888,2022-06-05 13:00:00,2122,qual,AFCONQ,5887,6719,-308.3209611425584,0,1
3876852,2022-06-05 13:00:00,2122,qual,AFCONQ,5809,6712,20.756509453493663,0,1
ng2206789,2022-06-05 15:30:00,2122,friendly,Friendlies,5798,5820,428.4813266739732,1,2
3774166,2022-06-05 16:00:00,2122,qual,WCQ_UEFA,5790,6718,63.72709846463522,1,2
3784651,2022-06-05 16:00:00,2122,nl,NationsLeagueC,507764,8260,-504.71378214852916,-2,0
3784590,2022-06-05 16:00:00,2122,nl,NationsLeagueC,5793,10259,-216.25508711465523,0,1
ng2207138,2022-06-05 17:00:00,2122,friendly,Friendlies,7795,8258,-267.8767813863326,-1,0
ng2207899,2022-06-05 18:00:00,2122,friendly,Friendlies,6706,8261,728.4482436969297,5,2
3784627,2022-06-05 18:45:00,2122,nl,NationsLeagueB,8205,5787,282.81097441125894,3,2
3784652,2022-06-05 18:45:00,2122,nl,NationsLeagueC,10150,8268,34.413714607728934,-3,0
3784628,2022-06-05 18:45:00,2122,nl,NationsLeagueB,8520,8492,164.23505237448285,-1,0
3784528,2022-06-05 18:45:00,2122,nl,NationsLeagueA,8496,6720,-163.15451940330036,0,1
3784529,2022-06-05 18:45:00,2122,nl,NationsLeagueA,8361,6717,154.89736058583367,4,2
3784591,2022-06-05 18:45:00,2122,nl,NationsLeagueC,430156,6383,-61.68558424487469,-1,0
3876831,2022-06-05 19:00:00,2122,qual,AFCONQ,10255,6289,389.82300757842313,1,2
ng2207373,2022-06-05 21:00:00,2122,friendly,Friendlies,6713,5796,-94.25533179018726,0,1
ng2207374,2022-06-05 23:40:00,2122,friendly,Friendlies,6710,6707,131.8324188767624,0,1
ng2207375,2022-06-06 11:00:00,2122,friendly,Friendlies,7804,9762,68.28900416449937,2,2
3784640,2022-06-06 16:00:00,2122,nl,NationsLeagueD,5795,5799,321.1628219008478,1,2
3784614,2022-06-06 18:45:00,2122,nl,NationsLeagueC,10057,8566,148.4036803151073,0,1
3784639,2022-06-06 18:45:00,2122,nl,NationsLeagueD,10045,5794,-106.4858994310091,0,1
3784513,2022-06-06 18:45:00,2122,nl,NationsLeagueA,10155,6723,-132.71959871106765,0,1
3784615,2022-06-06 18:45:00,2122,nl,NationsLeagueC,8497,8265,429.4491911097134,-1,0
3784566,2022-06-06 18:45:00,2122,nl,NationsLeagueB,8536,10024,99.62044999698696,0,1
3876869,2022-06-06 19:00:00,2122,qual,AFCONQ,8323,6328,188.42945878197338,2,2
ng2208836,2022-06-06 19:45:00,2122,friendly,Friendlies,6317,121281,470.1767852414059,1,2
3784512,2022-06-06 20:15:00,2122,nl,NationsLeagueA,8255,8238,-88.85699600998737,-1,0
3876819,2022-06-07 13:00:00,2122,qual,AFCONQ,4433,6323,-297.9022385887165,-2,0
3784603,2022-06-07 16:00:00,2122,nl,NationsLeagueB,7871,49437,200.2019088517775,2,2
3876875,2022-06-07 16:00:00,2122,qual,AFCONQ,6277,230692,279.7871733913396,1,2
3876816,2022-06-07 17:30:00,2122,qual,AFCONQ,5888,7740,204.33995080430304,2,2
3784555,2022-06-07 18:45:00,2122,nl,NationsLeagueA,8204,8565,333.6980601721939,1,2
3784554,2022-06-07 18:45:00,2122,nl,NationsLeagueA,8570,8491,78.93692327068356,0,1
3784542,2022-06-07 18:45:00,2122,nl,NationsLeagueC,8269,5792,-36.660782939381534,-1,0
3784543,2022-06-07 18:45:00,2122,nl,NationsLeagueC,8254,6595,-260.46604530657464,-6,0
3876899,2022-06-07 19:00:00,2122,qual,AFCONQ,5885,6395,-364.1316091555443,-1,0
3784602,2022-06-07 19:05:00,2122,nl,NationsLeagueB,10106,9730,74.23981752614827,1,2
3876847,2022-06-08 13:00:00,2122,qual,AFCONQ,5890,121281,277.81036629658274,0,1
3876839,2022-06-08 16:00:00,2122,qual,AFCONQ,7941,6317,-231.35737745156803,-2,0
3876844,2022-06-08 16:00:00,2122,qual,AFCONQ,5801,5979,-63.38749615787083,1,2
3876861,2022-06-08 16:00:00,2122,qual,AFCONQ,5889,68374,216.98091133852608,0,1
3784578,2022-06-08 18:45:00,2122,nl,NationsLeagueA,8263,8568,259.9734935074357,5,2
3784505,2022-06-08 18:45:00,2122,nl,NationsLeagueB,5791,6718,-28.82069417022467,-1,0
3784504,2022-06-08 18:45:00,2122,nl,NationsLeagueB,8498,6583,280.88781298939944,2,2
3784579,2022-06-08 18:45:00,2122,nl,NationsLeagueA,5790,6708,-123.15152115945921,-1,0
3876896,2022-06-08 19:00:00,2122,qual,AFCONQ,5883,5965,197.55446471018354,-1,0
3876864,2022-06-08 19:00:00,2122,qual,AFCONQ,5805,6321,-86.0471151775514,1,2
3876832,2022-06-09 13:00:00,2122,qual,AFCONQ,121284,6629,-248.307615917799,-1,0
3876859,2022-06-09 13:00:00,2122,qual,AFCONQ,408231,5815,-364.3672041849836,-2,0
3876804,2022-06-09 16:00:00,2122,qual,AFCONQ,6346,5803,361.11195296893834,1,2
3876809,2022-06-09 16:00:00,2122,qual,AFCONQ,230700,287979,375.30528468777857,4,2
3876827,2022-06-09 16:00:00,2122,qual,AFCONQ,6289,6020,126.14921161446136,1,2
3876835,2022-06-09 16:00:00,2122,qual,AFCONQ,121282,10255,-321.8951663262776,2,2
ng2208996,2022-06-09 17:00:00,2122,friendly,Friendlies,7795,5800,-46.95414296372314,-1,0
ng2210332,2022-06-09 17:00:00,2122,friendly,Friendlies,6395,121281,568.6416103016909,2,2
3876878,2022-06-09 17:00:00,2122,qual,AFCONQ,4167,6709,-392.92611331372154,0,1
ng2208995,2022-06-09 18:00:00,2122,friendly,Friendlies,5824,5820,88.91001389045687,0,1
3784653,2022-06-09 18:45:00,2122,nl,NationsLeagueC,507764,10150,-357.12483186720215,0,1
3784629,2022-06-09 18:45:00,2122,nl,NationsLeagueB,8492,5787,245.70078999926068,0,1
3784630,2022-06-09 18:45:00,2122,nl,NationsLeagueB,8520,8205,67.84638323466424,-1,0
ng2208265,2022-06-09 18:45:00,2122,friendly,Friendlies,6035,8536,-674.6191071871762,-1,0
3784531,2022-06-09 18:45:00,2122,nl,NationsLeagueA,6717,6720,-57.351966364666396,-1,0
3784654,2022-06-09 18:45:00,2122,nl,NationsLeagueC,8260,8268,136.01822113592038,-3,0
3784593,2022-06-09 18:45:00,2122,nl,NationsLeagueC,430156,10259,-4.612200267012668,1,2
3784592,2022-06-09 18:45:00,2122,nl,NationsLeagueC,6383,5793,434.3626737358245,3,2
3784530,2022-06-09 18:45:00,2122,nl,NationsLeagueA,8361,8496,278.20932244087726,2,2
3784663,2022-06-09 18:45:00,2122,nl,NationsLeagueD,8495,8261,-72.86135178174527,-1,0
3876887,2022-06-09 19:00:00,2122,qual,AFCONQ,6262,6316,258.550492094854,1,2
ng2210333,2022-06-09 19:30:00,2122,friendly,Friendlies,6317,6321,299.3176135915978,3,2
ng2208271,2022-06-10 11:00:00,2122,friendly,Friendlies,7804,6724,134.52680563218587,0,1
3784616,2022-06-10 16:00:00,2122,nl,NationsLeagueC,8566,8497,-236.01121585550845,-1,0
3784641,2022-06-10 16:00:00,2122,nl,NationsLeagueD,5794,5795,29.82660089880801,-2,0
3784515,2022-06-10 18:45:00,2122,nl,NationsLeagueA,8238,10155,193.6681644417181,-1,0
3784642,2022-06-10 18:45:00,2122,nl,NationsLeagueD,10045,5799,95.91421660647757,1,2
3784514,2022-06-10 18:45:00,2122,nl,NationsLeagueA,8255,6723,-182.7148412151803,0,1
3784617,2022-06-10 18:45:00,2122,nl,NationsLeagueC,10057,8265,114.3778322437845,0,1
3784568,2022-06-10 18:50:00,2122,nl,NationsLeagueB,10024,8567,52.65400754841153,-1,0
3784509,2022-06-11 13:00:00,2122,nl,NationsLeagueB,6718,6583,315.22001509972733,3,2
3784508,2022-06-11 16:00:00,2122,nl,NationsLeagueB,5791,8498,54.90776278312546,3,2
3784544,2022-06-11 16:00:00,2122,nl,NationsLeagueC,8269,8254,-3.8510348562181207,1,2
3784581,2022-06-11 18:45:00,2122,nl,NationsLeagueA,5790,8263,-112.58561679063541,0,1
3784545,2022-06-11 18:45:00,2122,nl,NationsLeagueC,5792,6595,-234.2016044840832,-2,0
3784580,2022-06-11 18:45:00,2122,nl,NationsLeagueA,6708,8568,292.162961900696,0,1
3784604,2022-06-11 18:45:00,2122,nl,NationsLeagueB,49437,10106,-7.622084755239939,0,1
3784605,2022-06-11 18:45:00,2122,nl,NationsLeagueB,9730,7871,35.7676281210654,1,2
3784557,2022-06-11 18:45:00,2122,nl,NationsLeagueA,8565,8570,-168.5906248922895,0,1
3784556,2022-06-11 18:45:00,2122,nl,NationsLeagueA,8491,8204,87.06088201917532,0,1
ng2210324,2022-06-11 20:00:00,2122,friendly,Friendlies,5796,5922,496.5617102188369,5,2
ng2210329,2022-06-12 00:00:00,2122,friendly,Friendlies,6707,5888,424.3727799777132,1,2
3784594,2022-06-12 13:00:00,2122,nl,NationsLeagueC,10259,5793,350.937185413022,0,1
3784631,2022-06-12 16:00:00,2122,nl,NationsLeagueB,8492,8520,46.86363975350628,1,2
3784655,2022-06-12 16:00:00,2122,nl,NationsLeagueC,8268,10150,207.1031111998468,0,1
3784656,2022-06-12 16:00:00,2122,nl,NationsLeagueC,8260,507764,615.6683274501579,4,2
ng2211173,2022-06-12 18:20:00,2122,friendly,Friendlies,6711,6317,175.32077647945493,-1,0
3784664,2022-06-12 18:45:00,2122,nl,NationsLeagueD,8495,6035,514.761410538222,1,2
3784595,2022-06-12 18:45:00,2122,nl,NationsLeagueC,6383,430156,226.7845832652049,2,2
3784532,2022-06-12 18:45:00,2122,nl,NationsLeagueA,6720,8496,312.2198094154578,2,2
3784632,2022-06-12 18:45:00,2122,nl,NationsLeagueB,5787,8205,-140.63664417216614,0,1
3784533,2022-06-12 18:45:00,2122,nl,NationsLeagueA,6717,8361,-39.29906515293692,1,2
3876810,2022-06-13 13:00:00,2122,qual,AFCONQ,287979,6346,-491.34934190929425,-10,0
3784618,2022-06-13 14:00:00,2122,nl,NationsLeagueC,8265,8497,-217.2407202987472,1,2
ng2210866,2022-06-13 15:59:00,2122,friendly,Friendlies,10024,8261,211.85849857629364,0,1
3784619,2022-06-13 16:00:00,2122,nl,NationsLeagueC,8566,10057,-45.596570943184815,2,2
3876806,2022-06-13 16:00:00,2122,qual,AFCONQ,5803,230700,50.533495258787525,0,1
3784516,2022-06-13 18:45:00,2122,nl,NationsLeagueA,8238,8255,228.57892973890807,2,2
3784570,2022-06-13 18:45:00,2122,nl,NationsLeagueB,8536,8567,46.55439303259391,0,1
3784517,2022-06-13 18:45:00,2122,nl,NationsLeagueA,6723,10155,254.00432583746147,-1,0
3876891,2022-06-13 19:00:00,2122,qual,AFCONQ,5804,6262,-355.74640797679535,-2,0
ng2210870,2022-06-14 11:00:00,2122,friendly,Friendlies,7804,10255,203.25864185228943,3,2
3784643,2022-06-14 16:00:00,2122,nl,NationsLeagueD,5794,10045,235.11407371622204,1,2
3784522,2022-06-14 16:00:00,2122,nl,NationsLeagueB,6583,8498,-123.06749976087531,-3,0
3784606,2022-06-14 18:45:00,2122,nl,NationsLeagueB,10106,7871,42.699459674642185,1,2
3784607,2022-06-14 18:45:00,2122,nl,NationsLeagueB,9730,49437,178.01547322294005,-3,0
3784547,2022-06-14 18:45:00,2122,nl,NationsLeagueC,6595,8254,455.8821183544003,2,2
3784582,2022-06-14 18:45:00,2122,nl,NationsLeagueA,6708,5790,273.6308864152695,1,2
3784583,2022-06-14 18:45:00,2122,nl,NationsLeagueA,8568,8263,-101.01932680585878,-1,0
3784644,2022-06-14 18:45:00,2122,nl,NationsLeagueD,5799,5795,-205.31449393901335,-2,0
3784559,2022-06-14 18:45:00,2122,nl,NationsLeagueA,8570,8204,58.90482782263234,3,2
3784558,2022-06-14 18:45:00,2122,nl,NationsLeagueA,8491,8565,325.6394532277643,-4,0
3784523,2022-06-14 18:45:00,2122,nl,NationsLeagueB,6718,5791,112.66845498469297,0,1
3784546,2022-06-14 18:45:00,2122,nl,NationsLeagueC,5792,8269,201.53697023571567,0,1
ng2263166,2022-07-31 15:30:00,2223,friendly,Friendlies,7740,6709,-260.7393575804663,-1,0
ng2272521,2022-08-18 19:00:00,2223,friendly,Friendlies,68374,5815,-186.6240198367541,0,1
ng2275017,2022-08-23 15:00:00,2223,friendly,Friendlies,5806,6262,-77.53266242993459,-3,0
ng2275020,2022-08-23 16:30:00,2223,friendly,Friendlies,5902,6714,140.28134721452534,1,2
ng2276494,2022-08-26 15:00:00,2223,friendly,Friendlies,5902,5806,130.5725202198796,0,1
ng2279300,2022-09-01 01:00:00,2223,friendly,Friendlies,6710,6724,227.60809459212533,-1,0
ng2291154,2022-09-21 08:00:00,2223,friendly,Friendlies,178671,5899,-240.63925653070896,-3,0
ng2289357,2022-09-21 12:00:00,2223,friendly,Friendlies,5894,5825,328.9207618857006,4,2
ng2291139,2022-09-21 12:00:00,2223,friendly,Friendlies,6322,8307,205.64440093774283,2,2
ng2291170,2022-09-21 17:00:00,2223,friendly,Friendlies,6328,5890,-32.50132366769617,0,1
3784507,2022-09-21 18:45:00,2223,nl,NationsLeagueB,8498,6718,-19.91606963219033,3,2
ng2289313,2022-09-21 18:45:00,2223,friendly,Friendlies,6035,121274,-28.084033401354418,0,1
ng2288521,2022-09-22 10:05:00,2223,friendly,Friendlies,6716,5820,291.62484481205183,1,2
ng2291209,2022-09-22 12:00:00,2223,friendly,Friendlies,6332,95797,85.55626653822537,-1,0
3784620,2022-09-22 14:00:00,2223,nl,NationsLeagueC,8265,10057,9.33458095085075,1,2
ng2291628,2022-09-22 14:30:00,2223,friendly,Friendlies,6719,230692,451.17707667675745,1,2
ng2289118,2022-09-22 15:59:00,2223,friendly,Friendlies,8536,5800,-32.12407009370804,1,2
3784645,2022-09-22 16:00:00,2223,nl,NationsLeagueD,5795,5794,192.176612316194,-1,0
ng2289314,2022-09-22 18:00:00,2223,friendly,Friendlies,127411,5807,176.63390914604634,1,2
3784646,2022-09-22 18:45:00,2223,nl,NationsLeagueD,5799,10045,37.76691580371494,-2,0
3784549,2022-09-22 18:45:00,2223,nl,NationsLeagueC,6595,5792,410.02330378267084,0,1
3784548,2022-09-22 18:45:00,2223,nl,NationsLeagueC,8254,8269,135.2374386377296,0,1
3784585,2022-09-22 18:45:00,2223,nl,NationsLeagueA,8568,6708,-122.33170631731332,-2,0
3784519,2022-09-22 18:45:00,2223,nl,NationsLeagueA,6723,8255,319.10467328691607,2,2
3784518,2022-09-22 18:45:00,2223,nl,NationsLeagueA,10155,8238,19.11163541949486,1,2
3784584,2022-09-22 18:45:00,2223,nl,NationsLeagueA,8263,5790,270.05348747870244,1,2
3784621,2022-09-22 18:45:00,2223,nl,NationsLeagueC,8497,8566,371.166080776301,-1,0
ng2289350,2022-09-23 06:00:00,2223,friendly,Friendlies,6629,8700,183.3871482476511,-2,0
ng2292357,2022-09-23 08:00:00,2223,friendly,Friendlies,121282,5805,103.4104779104814,0,1
ng2289353,2022-09-23 11:00:00,2223,friendly,Friendlies,7804,6705,246.28723226314696,0,1
ng2289120,2022-09-23 12:25:00,2223,friendly,Friendlies,6715,6713,55.560228738889236,2,2
ng2292283,2022-09-23 15:00:00,2223,friendly,Friendlies,5819,5824,222.72059249406288,0,1
ng2291646,2022-09-23 15:30:00,2223,friendly,Friendlies,5901,5888,171.30760393180162,-1,0
ng2292362,2022-09-23 15:59:00,2223,friendly,Friendlies,8323,5885,241.74836387964592,0,1
ng2289124,2022-09-23 15:59:00,2223,friendly,Friendlies,6711,5796,-123.60849390289968,1,2
ng2289122,2022-09-23 15:59:00,2223,friendly,Friendlies,6724,5789,359.87948799387823,1,2
ng2291633,2022-09-23 15:59:00,2223,friendly,Friendlies,6321,6323,-45.24889925975708,-1,0
3784665,2022-09-23 16:00:00,2223,nl,NationsLeagueD,8261,8495,251.08243096920341,1,2
3784657,2022-09-23 16:00:00,2223,nl,NationsLeagueC,8268,8260,81.7622338119736,2,2
ng2289354,2022-09-23 17:00:00,2223,friendly,Friendlies,5902,5810,91.9374563562003,-2,0
ng2291635,2022-09-23 18:00:00,2223,friendly,Friendlies,5816,6320,111.68327050147263,2,2
ng2289121,2022-09-23 18:00:00,2223,friendly,Friendlies,7795,6707,-201.98555141772704,0,1
ng2289352,2022-09-23 18:00:00,2223,friendly,Friendlies,10255,121281,450.6535943420913,3,2
ng2291042,2022-09-23 18:30:00,2223,friendly,Friendlies,8256,6714,734.8861153089404,3,2
3784560,2022-09-23 18:45:00,2223,nl,NationsLeagueA,8570,8565,281.73705258597374,-1,0
3784608,2022-09-23 18:45:00,2223,nl,NationsLeagueB,10106,49437,147.53049091879188,1,2
3784609,2022-09-23 18:45:00,2223,nl,NationsLeagueB,7871,9730,134.51973181681615,0,1
3784658,2022-09-23 18:45:00,2223,nl,NationsLeagueC,10150,507764,496.02942608835883,4,2
3784561,2022-09-23 18:45:00,2223,nl,NationsLeagueA,8204,8491,104.61213889793703,1,2
ng2289356,2022-09-23 19:00:00,2223,friendly,Friendlies,6317,6289,366.6291881676689,1,2
ng2289125,2022-09-23 19:00:00,2223,friendly,Friendlies,6262,9762,62.622431082827006,2,2
ng2289351,2022-09-23 19:00:00,2223,friendly,Friendlies,5815,6277,243.0928244212048,1,2
ng2289126,2022-09-24 00:00:00,2223,friendly,Friendlies,6706,5808,545.5490303445724,3,2
ng2291706,2022-09-24 04:00:00,2223,friendly,Friendlies,6319,5925,10.0,0,1
ng2291707,2022-09-24 07:00:00,2223,friendly,Friendlies,5926,287876,101.0,-1,0
ng2291708,2022-09-24 08:00:00,2223,friendly,Friendlies,5891,5899,-157.50021534320933,-2,0
ng2292287,2022-09-24 11:00:00,2223,friendly,Friendlies,5809,5801,64.05749580461497,0,1
ng2292288,2022-09-24 11:00:00,2223,friendly,Friendlies,68374,5883,43.00876523070383,1,2
ng2291919,2022-09-24 12:00:00,2223,friendly,Friendlies,6322,8307,219.70674769584002,0,1
ng2291713,2022-09-24 12:00:00,2223,friendly,Friendlies,6329,5825,101.15181416888618,0,1
ng2292286,2022-09-24 13:00:00,2223,friendly,Friendlies,6324,287981,-211.20319852984517,1,2
ng2291053,2022-09-24 13:00:00,2223,friendly,Friendlies,6316,5803,265.7270804027503,4,2
3784524,2022-09-24 13:00:00,2223,nl,NationsLeagueB,6583,6718,-203.4104151250881,-5,0
ng2289128,2022-09-24 14:00:00,2223,friendly,Friendlies,5893,8713,-378.6347806121348,-1,0
ng2291720,2022-09-24 15:59:00,2223,friendly,Friendlies,6709,7740,428.03079379537985,1,2
3784596,2022-09-24 16:00:00,2223,nl,NationsLeagueC,10259,430156,141.01823684418946,1,2
3784633,2022-09-24 16:00:00,2223,nl,NationsLeagueB,5787,8492,-73.7440154591468,1,2
ng2291722,2022-09-24 17:00:00,2223,friendly,Friendlies,7941,5890,-34.810123819263254,1,2
ng2289127,2022-09-24 17:15:00,2223,friendly,Friendlies,5797,6395,-64.2428527922832,-2,0
3784573,2022-09-24 18:45:00,2223,nl,NationsLeagueB,8567,10024,144.17478691064343,1,2
3784535,2022-09-24 18:45:00,2223,nl,NationsLeagueA,6720,6717,223.51605700073264,-1,0
3784534,2022-09-24 18:45:00,2223,nl,NationsLeagueA,8496,8361,-111.29297913205596,-4,0
3784634,2022-09-24 18:45:00,2223,nl,NationsLeagueB,8205,8520,123.75312916111557,3,2
3784597,2022-09-24 18:45:00,2223,nl,NationsLeagueC,5793,6383,-265.46617482122133,1,2
3784525,2022-09-24 18:45:00,2223,nl,NationsLeagueB,8498,5791,116.00549124417853,1,2
ng2291725,2022-09-24 20:00:00,2223,friendly,Friendlies,6548,5923,130.01701893313725,-2,0
ng2291726,2022-09-24 23:30:00,2223,friendly,Friendlies,5859,230700,144.9585860838299,0,1
ng2289129,2022-09-25 00:00:00,2223,friendly,Friendlies,5858,8258,-296.8827908351575,-3,0
ng2289312,2022-09-25 01:00:00,2223,friendly,Friendlies,6710,5798,85.01269314160777,1,2
ng2288522,2022-09-25 03:00:00,2223,friendly,Friendlies,5820,6716,-137.91540623726632,-2,0
3784648,2022-09-25 13:00:00,2223,nl,NationsLeagueD,5794,5799,314.03820136817035,2,2
3784647,2022-09-25 13:00:00,2223,nl,NationsLeagueD,10045,5795,-158.76807791492888,0,1
ng2293315,2022-09-25 15:00:00,2223,friendly,Friendlies,121281,5804,64.63773208922294,0,1
3784613,2022-09-25 16:00:00,2223,nl,NationsLeagueC,8497,10057,176.40862013028527,0,1
3784622,2022-09-25 16:00:00,2223,nl,NationsLeagueC,8566,8265,60.8068539646049,3,2
3784587,2022-09-25 18:45:00,2223,nl,NationsLeagueA,5790,8568,84.96476889526139,-1,0
3784586,2022-09-25 18:45:00,2223,nl,NationsLeagueA,6708,8263,89.96169616018688,1,2
3784550,2022-09-25 18:45:00,2223,nl,NationsLeagueC,8269,6595,-333.1182278828551,1,2
3784551,2022-09-25 18:45:00,2223,nl,NationsLeagueC,5792,8254,149.54563437112597,1,2
3784520,2022-09-25 18:45:00,2223,nl,NationsLeagueA,8255,10155,-36.9715886419599,-2,0
3784521,2022-09-25 18:45:00,2223,nl,NationsLeagueA,8238,6723,-13.992078735837595,2,2
ng2292889,2022-09-26 13:00:00,2223,friendly,Friendlies,121282,5805,97.62746293778491,0,1
ng2294014,2022-09-26 15:00:00,2223,friendly,Friendlies,6320,5819,-95.52211134613549,-1,0
ng2294064,2022-09-26 18:00:00,2223,friendly,Friendlies,5816,5824,88.24505663212312,1,2
3784610,2022-09-26 18:45:00,2223,nl,NationsLeagueB,49437,7871,-4.840345344252,-2,0
3784659,2022-09-26 18:45:00,2223,nl,NationsLeagueC,507764,8268,-467.47347269650027,-1,0
3784660,2022-09-26 18:45:00,2223,nl,NationsLeagueC,8260,10150,190.2905004883296,-1,0
3784563,2022-09-26 18:45:00,2223,nl,NationsLeagueA,8565,8204,-92.40113647921703,-2,0
3784666,2022-09-26 18:45:00,2223,nl,NationsLeagueD,6035,8261,-525.057860836929,-4,0
3784611,2022-09-26 18:45:00,2223,nl,NationsLeagueB,9730,10106,48.67579371040688,3,2
3784562,2022-09-26 18:45:00,2223,nl,NationsLeagueA,8491,8570,67.62510001191686,0,1
ng2294276,2022-09-27 04:00:00,2223,friendly,Friendlies,287876,5925,15.540058555792257,1,2
ng2293320,2022-09-27 06:00:00,2223,friendly,Friendlies,8700,6705,33.196975260658746,-1,0
ng2293321,2022-09-27 08:00:00,2223,friendly,Friendlies,178671,5891,-8.520344275323055,1,2
ng2292398,2022-09-27 11:00:00,2223,friendly,Friendlies,7804,6629,222.01536549605134,1,2
ng2293325,2022-09-27 11:45:00,2223,friendly,Friendlies,95799,95797,161.83907937316587,2,2
ng2292399,2022-09-27 11:55:00,2223,friendly,Friendlies,6715,6707,25.220697572279732,0,1
ng2292416,2022-09-27 12:00:00,2223,friendly,Friendlies,5894,6329,320.41489480018186,3,2
ng2294087,2022-09-27 13:00:00,2223,friendly,Friendlies,6324,287981,-180.35037274328283,1,2
ng2294292,2022-09-27 14:00:00,2223,friendly,Friendlies,8323,7740,216.71780269412966,0,1
ng2293326,2022-09-27 14:35:00,2223,friendly,Friendlies,6395,6711,90.67819902100655,0,1
ng2293338,2022-09-27 15:00:00,2223,friendly,Friendlies,5789,5800,-142.3456174866808,-4,0
ng2292418,2022-09-27 15:35:00,2223,friendly,Friendlies,5901,5922,107.14027228970144,-2,0
ng2292400,2022-09-27 15:59:00,2223,friendly,Friendlies,5810,5796,-244.0688819597574,-2,0
ng2292417,2022-09-27 15:59:00,2223,friendly,Friendlies,6316,5887,361.7488962781472,1,2
ng2293330,2022-09-27 16:00:00,2223,friendly,Friendlies,6321,5803,169.86218848285398,3,2
ng2293332,2022-09-27 16:00:00,2223,friendly,Friendlies,5809,5883,-1.3927485402182356,2,2
ng2293343,2022-09-27 17:00:00,2223,friendly,Friendlies,5902,9762,-81.7989013955455,0,1
ng2293345,2022-09-27 17:00:00,2223,friendly,Friendlies,6328,7941,73.1757115510145,1,2
ng2293346,2022-09-27 18:00:00,2223,friendly,Friendlies,6709,6289,362.8291154592448,2,2
ng2293344,2022-09-27 18:00:00,2223,friendly,Friendlies,7795,6713,-135.9299144213942,0,1
ng2293329,2022-09-27 18:00:00,2223,friendly,Friendlies,10255,5804,438.31809136624656,3,2
ng2293327,2022-09-27 18:00:00,2223,friendly,Friendlies,5807,6714,-249.07150841046132,-1,0
ng2292401,2022-09-27 18:30:00,2223,friendly,Friendlies,8256,6719,656.0614074216267,4,2
3784536,2022-09-27 18:45:00,2223,nl,NationsLeagueA,8361,6720,81.96288845059689,-1,0
3784636,2022-09-27 18:45:00,2223,nl,NationsLeagueB,8520,5787,231.8149045385294,0,1
3784538,2022-09-27 18:45:00,2223,nl,NationsLeagueB,5791,6583,296.4196729521386,1,2
3784574,2022-09-27 18:45:00,2223,nl,NationsLeagueB,10024,8536,38.05788876472252,0,1
3784539,2022-09-27 18:45:00,2223,nl,NationsLeagueB,6718,8498,44.48979952851164,0,1
3784599,2022-09-27 18:45:00,2223,nl,NationsLeagueC,430156,5793,244.96167095025203,4,2
3784598,2022-09-27 18:45:00,2223,nl,NationsLeagueC,6383,10259,156.64022599492773,2,2
3784537,2022-09-27 18:45:00,2223,nl,NationsLeagueA,6717,8496,209.81972093771492,1,2
3784635,2022-09-27 18:45:00,2223,nl,NationsLeagueB,8492,8205,-4.418227456252453,-2,0
ng2293348,2022-09-27 19:00:00,2223,friendly,Friendlies,8495,8567,-280.80061672245597,1,2
ng2293350,2022-09-27 19:00:00,2223,friendly,Friendlies,6317,6346,119.87612472861497,1,2
ng2293333,2022-09-27 19:00:00,2223,friendly,Friendlies,68374,5801,122.34957143422844,2,2
ng2293349,2022-09-27 19:00:00,2223,friendly,Friendlies,6724,6262,64.67084089622153,0,1
ng2293328,2022-09-27 19:00:00,2223,friendly,Friendlies,6323,230692,407.8365836660387,1,2
ng2292402,2022-09-28 00:00:00,2223,friendly,Friendlies,6706,5806,587.7537331675005,3,2
ng2294092,2022-09-28 00:00:00,2223,friendly,Friendlies,5798,6327,484.1707750708092,3,2
ng2293324,2022-09-28 01:20:00,2223,friendly,Friendlies,5808,5858,155.06689287109748,1,2
ng2291674,2022-09-28 02:00:00,2223,friendly,Friendlies,6710,8258,27.875654447545685,-1,0
ng2295250,2022-09-29 19:00:00,2223,friendly,Friendlies,6317,5805,438.8274549350517,2,2
ng2294955,2022-09-30 03:00:00,2223,friendly,Friendlies,5925,6319,141.02246817191576,1,2
ng2304075,2022-10-22 14:30:00,2223,friendly,Friendlies,7795,8260,49.710005365509915,1,2
ng2304537,2022-10-23 16:30:00,2223,friendly,Friendlies,5902,5858,148.40018990626254,2,2
ng2303569,2022-10-26 14:30:00,2223,friendly,Friendlies,7795,10024,99.98167092915014,0,1
ng2305293,2022-10-27 16:30:00,2223,friendly,Friendlies,5902,5808,70.66685624191814,1,2
ng2307011,2022-10-29 18:30:00,2223,friendly,Friendlies,6317,5815,147.97971885740367,4,2
ng2307385,2022-10-30 14:30:00,2223,friendly,Friendlies,7795,5808,40.51926117569815,0,1
ng2308107,2022-11-02 14:15:00,2223,friendly,Friendlies,6317,121281,519.5399230386356,2,2
ng2309412,2022-11-05 17:30:00,2223,friendly,Friendlies,5902,5922,137.37416314429106,1,2
ng2309207,2022-11-06 12:00:00,2223,friendly,Friendlies,7795,8536,46.947112480496116,1,2
ng2310071,2022-11-09 17:00:00,2223,friendly,Friendlies,6629,5806,144.37943208121078,0,1
ng2310072,2022-11-09 17:30:00,2223,friendly,Friendlies,5902,10024,146.75489480300234,1,2
ng2310073,2022-11-09 20:00:00,2223,friendly,Friendlies,6710,5819,282.63592702762344,4,2
ng2310079,2022-11-10 02:00:00,2223,friendly,Friendlies,6705,6346,72.66145256646541,2,2
ng2311033,2022-11-10 12:00:00,2223,friendly,Friendlies,5922,7795,55.02478077779779,0,1
ng2310085,2022-11-10 15:59:00,2223,friendly,Friendlies,6711,5807,639.2350105232167,1,2
ng2310261,2022-11-11 11:00:00,2223,friendly,Friendlies,7804,8536,273.0878700135722,1,2
ng2310264,2022-11-11 15:30:00,2223,friendly,Friendlies,5901,5810,10.149045409455312,0,1
ng2311811,2022-11-12 17:30:00,2223,friendly,Friendlies,6707,5819,260.24522918847697,0,1
ng2312312,2022-11-13 15:30:00,2223,friendly,Friendlies,6320,6317,-165.7856833001331,-1,0
ng2312549,2022-11-15 17:00:00,2223,friendly,Friendlies,5800,5922,229.12746044519463,0,1
ng2312462,2022-11-15 23:00:00,2223,friendly,Friendlies,262134,5857,-28.619674788116527,-2,0
ng2312381,2022-11-16 11:15:00,2223,friendly,Friendlies,95799,5910,135.1746047272585,1,2
ng2312357,2022-11-16 12:00:00,2223,friendly,Friendlies,7795,10155,-221.78711415787325,-1,0
ng2312382,2022-11-16 13:00:00,2223,friendly,Friendlies,8700,8265,270.16431042258614,2,2
ng2312613,2022-11-16 13:00:00,2223,friendly,Friendlies,6711,6719,227.8165654217578,-2,0
ng2311521,2022-11-16 15:30:00,2223,friendly,Friendlies,5789,6706,-546.473420687099,-5,0
ng2312615,2022-11-16 15:59:00,2223,friendly,Friendlies,6709,121284,449.46557541891525,4,2
ng2312358,2022-11-16 17:00:00,2223,friendly,Friendlies,10045,8255,-543.6803996982562,-1,0
ng2310909,2022-11-16 17:00:00,2223,friendly,Friendlies,8568,9762,126.86692202908353,1,2
ng2312386,2022-11-16 17:00:00,2223,friendly,Friendlies,5794,8566,-43.25333050185645,-1,0
ng2310637,2022-11-16 17:00:00,2223,friendly,Friendlies,5824,8570,-363.50285890239775,-1,0
ng2310638,2022-11-16 17:00:00,2223,friendly,Friendlies,8496,8269,556.3808976617809,5,2
ng2310639,2022-11-16 17:00:00,2223,friendly,Friendlies,430156,6583,143.06882074302916,0,1
ng2310910,2022-11-16 17:00:00,2223,friendly,Friendlies,6595,8498,12.32989357497263,1,2
ng2312351,2022-11-16 18:00:00,2223,friendly,Friendlies,5793,10150,-76.27726339812398,-2,0
ng2312359,2022-11-16 18:00:00,2223,friendly,Friendlies,507764,5799,119.4002377811239,2,2
ng2312360,2022-11-16 19:30:00,2223,friendly,Friendlies,6317,5815,177.40392693819808,0,1
ng2310640,2022-11-16 19:30:00,2223,friendly,Friendlies,6710,8520,187.69686300930766,-1,0
ng2310641,2022-11-16 19:45:00,2223,friendly,Friendlies,10024,8204,-343.2325214596756,-2,0
ng2310911,2022-11-17 01:00:00,2223,friendly,Friendlies,5798,6724,185.12593332194524,1,2
ng2312361,2022-11-17 02:00:00,2223,friendly,Friendlies,5807,6327,-152.86000201732372,1,2
ng2310642,2022-11-17 10:05:00,2223,friendly,Friendlies,6714,6717,-293.8810238361234,2,2
ng2313003,2022-11-17 12:00:00,2223,friendly,Friendlies,6328,121281,154.41620888373518,1,2
ng2312927,2022-11-17 13:00:00,2223,friendly,Friendlies,6712,5887,200.6322399939047,1,2
ng2310650,2022-11-17 13:40:00,2223,friendly,Friendlies,6715,5810,239.43092875265006,-1,0
ng2312407,2022-11-17 15:00:00,2223,friendly,Friendlies,5898,8713,-397.3584182778295,0,1
ng2312912,2022-11-17 15:59:00,2223,friendly,Friendlies,5885,5805,62.080853061046355,0,1
ng2312408,2022-11-17 15:59:00,2223,friendly,Friendlies,6262,8268,220.9671300322657,3,2
ng2312409,2022-11-17 15:59:00,2223,friendly,Friendlies,6320,10057,81.4254940238427,-1,0
ng2310643,2022-11-17 15:59:00,2223,friendly,Friendlies,5816,6720,-416.7099723146616,-2,0
ng2310644,2022-11-17 16:30:00,2223,friendly,Friendlies,9730,5787,80.85909335002725,-1,0
ng2312363,2022-11-17 17:00:00,2223,friendly,Friendlies,8495,6383,-316.99013231251365,0,1
ng2312913,2022-11-17 17:00:00,2223,friendly,Friendlies,5889,230700,169.49951259409204,2,2
ng2310646,2022-11-17 17:00:00,2223,friendly,Friendlies,8260,7871,-2.406464042541984,0,1
ng2310645,2022-11-17 17:00:00,2223,friendly,Friendlies,49437,8497,16.413566041349895,0,1
ng2312365,2022-11-17 18:30:00,2223,friendly,Friendlies,6316,5965,275.82278406094224,1,2
ng2312364,2022-11-17 18:30:00,2223,friendly,Friendlies,8567,6277,232.74136090060642,2,2
ng2310647,2022-11-17 18:45:00,2223,friendly,Friendlies,8361,6346,451.9242674509662,4,2
ng2310648,2022-11-17 19:00:00,2223,friendly,Friendlies,5792,8565,-308.07813905430544,0,1
ng2310649,2022-11-17 19:45:00,2223,friendly,Friendlies,5791,8492,48.2886600393399,-1,0
ng2312366,2022-11-18 10:00:00,2223,friendly,Friendlies,6629,5922,154.92993304546394,0,1
ng2311520,2022-11-18 15:00:00,2223,friendly,Friendlies,8263,10255,419.08186303187153,-1,0
ng2312367,2022-11-18 15:30:00,2223,friendly,Friendlies,5901,8205,-223.41398182718717,-4,0
ng2312915,2022-11-18 23:00:00,2223,friendly,Friendlies,262134,5857,-56.154027765937144,0,1
ng2313432,2022-11-19 14:00:00,2223,friendly,Friendlies,5885,5805,58.54474521811312,1,2
ng2313579,2022-11-19 15:00:00,2223,friendly,Friendlies,5821,5897,61.00402958212908,2,2
ng2312969,2022-11-19 15:30:00,2223,friendly,Friendlies,5789,8265,158.4126554563327,1,2
ng2312968,2022-11-19 15:59:00,2223,friendly,Friendlies,6323,6709,-28.8480132350885,1,2
ng2312970,2022-11-19 16:30:00,2223,friendly,Friendlies,10024,6583,135.3185787461091,2,2
ng2312973,2022-11-19 17:00:00,2223,friendly,Friendlies,6595,8496,-20.892822629930606,1,2
ng2312972,2022-11-19 17:00:00,2223,friendly,Friendlies,430156,8269,311.6670501105459,0,1
ng2312971,2022-11-19 17:00:00,2223,friendly,Friendlies,507764,10045,46.269203673268294,1,2
ng2312974,2022-11-19 19:30:00,2223,friendly,Friendlies,8520,6317,139.54602943807936,2,2
ng2312977,2022-11-20 01:20:00,2223,friendly,Friendlies,8258,6724,271.3589206244935,2,2
ng2312976,2022-11-20 02:15:00,2223,friendly,Friendlies,5798,5797,327.1219477775187,1,2
ng2313727,2022-11-20 03:00:00,2223,friendly,Friendlies,5858,5807,374.88326975386326,2,2
ng2313029,2022-11-20 12:00:00,2223,friendly,Friendlies,8700,8713,-77.68140457753361,0,1
ng2314385,2022-11-20 12:10:00,2223,friendly,Friendlies,230700,5979,31.424791837626117,0,1
ng2312978,2022-11-20 12:30:00,2223,friendly,Friendlies,8497,9762,-45.749996621293576,0,1
ng2312979,2022-11-20 13:00:00,2223,friendly,Friendlies,6316,6712,244.15163781282286,0,1
ng2312980,2022-11-20 13:00:00,2223,friendly,Friendlies,8260,8566,249.59851330839115,-2,0
ng2312981,2022-11-20 13:00:00,2223,friendly,Friendlies,8492,7871,170.643739342074,0,1
ng2312982,2022-11-20 14:00:00,2223,friendly,Friendlies,10057,5824,43.594220092717705,-2,0
ng2312983,2022-11-20 14:00:00,2223,friendly,Friendlies,5792,10150,-38.32228758490328,0,1
ng2312984,2022-11-20 14:00:00,2223,friendly,Friendlies,5787,49437,165.24812382959112,1,2
ng2313956,2022-11-20 15:59:00,2223,friendly,Friendlies,5889,121281,304.95644902227104,2,2
3370549,2022-11-20 16:00:00,2223,tourn,WorldCup,5902,6707,-118.00355124234693,-2,0
ng2312989,2022-11-20 16:30:00,2223,friendly,Friendlies,8567,5793,349.15627295771424,-1,0
ng2312985,2022-11-20 17:00:00,2223,friendly,Friendlies,5800,6320,323.6684900076725,1,2
ng2312986,2022-11-20 18:30:00,2223,friendly,Friendlies,5794,9730,-265.48457300677296,-5,0
ng2312987,2022-11-20 19:00:00,2223,friendly,Friendlies,8495,5791,-329.2676920543811,-1,0
ng2312988,2022-11-20 19:15:00,2223,friendly,Friendlies,8565,6383,190.0865473746362,1,2
ng2311524,2022-11-20 19:45:00,2223,friendly,Friendlies,8255,8204,-144.85726661966783,2,2
3854559,2022-11-21 13:00:00,2223,tourn,WorldCup,8491,6711,189.57889602753085,4,2
3854554,2022-11-21 16:00:00,2223,tourn,WorldCup,6395,6708,-235.11786163651118,-2,0
3854560,2022-11-21 19:00:00,2223,tourn,WorldCup,6713,5790,-11.407020815066744,0,1
3854572,2022-11-22 10:00:00,2223,tourn,WorldCup,6706,7795,508.2096450473098,-1,0
3854580,2022-11-22 13:00:00,2223,tourn,WorldCup,8238,6719,274.57672494018175,0,1
3854573,2022-11-22 16:00:00,2223,tourn,WorldCup,6710,8568,42.782278145577266,0,1
3854579,2022-11-22 19:00:00,2223,tourn,WorldCup,6723,6716,260.61111729062213,3,2
3854592,2022-11-23 10:00:00,2223,tourn,WorldCup,6262,10155,-109.76852536838578,0,1
3854586,2022-11-23 13:00:00,2223,tourn,WorldCup,8570,6715,197.5765445356251,-1,0
3854585,2022-11-23 16:00:00,2223,tourn,WorldCup,6720,6705,384.15094246437866,7,2
3854591,2022-11-23 19:00:00,2223,tourn,WorldCup,8263,5810,340.9356811031305,1,2
3854598,2022-11-24 10:00:00,2223,tourn,WorldCup,6717,6629,271.1461250439979,1,2
3854604,2022-11-24 13:00:00,2223,tourn,WorldCup,5796,7804,162.91233813243934,0,1
3854603,2022-11-24 16:00:00,2223,tourn,WorldCup,8361,6714,433.36702125460147,1,2
3854597,2022-11-24 19:00:00,2223,tourn,WorldCup,8256,8205,344.7788792680467,2,2
ng2314752,2022-11-24 23:00:00,2223,friendly,Friendlies,127411,929188,440.7894652251882,3,2
ng2314754,2022-11-25 01:15:00,2223,friendly,Friendlies,287981,262131,553.1039809406586,0,1
3854562,2022-11-25 10:00:00,2223,tourn,WorldCup,5790,6711,46.966259256521425,-2,0
3854555,2022-11-25 13:00:00,2223,tourn,WorldCup,5902,6395,-79.21567342997264,-2,0
ng2315038,2022-11-25 15:00:00,2223,friendly,Friendlies,5821,6317,-237.77598629748832,1,2
3854556,2022-11-25 16:00:00,2223,tourn,WorldCup,6708,6707,177.34808073046906,0,1
3854561,2022-11-25 19:00:00,2223,tourn,WorldCup,8491,6713,178.52370714896892,0,1
3854582,2022-11-26 10:00:00,2223,tourn,WorldCup,6719,6716,-57.34368786657956,-1,0
3854575,2022-11-26 13:00:00,2223,tourn,WorldCup,8568,7795,204.67636712510625,2,2
3854581,2022-11-26 16:00:00,2223,tourn,WorldCup,6723,8238,99.9526659012572,1,2
3854574,2022-11-26 19:00:00,2223,tourn,WorldCup,6706,6710,200.0528265811747,2,2
ng2315539,2022-11-26 23:00:00,2223,friendly,Friendlies,929188,262131,135.23076299059335,-1,0
3854588,2022-11-27 10:00:00,2223,tourn,WorldCup,6715,6705,137.29317428510444,-1,0
3854593,2022-11-27 13:00:00,2223,tourn,WorldCup,8263,6262,179.7858782192675,-2,0
3854594,2022-11-27 16:00:00,2223,tourn,WorldCup,10155,5810,233.414454669027,3,2
3854587,2022-11-27 19:00:00,2223,tourn,WorldCup,6720,8570,104.27931653798646,0,1
3854600,2022-11-28 10:00:00,2223,tourn,WorldCup,6629,8205,-225.33650768406233,0,1
3854606,2022-11-28 13:00:00,2223,tourn,WorldCup,7804,6714,219.47016604024384,-1,0
3854599,2022-11-28 16:00:00,2223,tourn,WorldCup,8256,6717,309.6939447781822,1,2
3854605,2022-11-28 19:00:00,2223,tourn,WorldCup,8361,5796,61.2156917024829,2,2
3854557,2022-11-29 15:00:00,2223,tourn,WorldCup,6708,5902,294.65554714980635,2,2
3854558,2022-11-29 15:00:00,2223,tourn,WorldCup,6707,6395,64.67329754058096,-1,0
3854563,2022-11-29 19:00:00,2223,tourn,WorldCup,5790,8491,-177.7215122157918,-3,0
3854564,2022-11-29 19:00:00,2223,tourn,WorldCup,6711,6713,-29.90370875414851,-1,0
3854583,2022-11-30 15:00:00,2223,tourn,WorldCup,6719,6723,-367.77180593972,1,2
3854584,2022-11-30 15:00:00,2223,tourn,WorldCup,6716,8238,-168.63858972169328,1,2
3854576,2022-11-30 19:00:00,2223,tourn,WorldCup,8568,6706,-242.05677160606797,-2,0
3854577,2022-11-30 19:00:00,2223,tourn,WorldCup,7795,6710,-252.30762985555907,-1,0
3854595,2022-12-01 15:00:00,2223,tourn,WorldCup,10155,8263,-44.54934380674263,0,1
3854596,2022-12-01 15:00:00,2223,tourn,WorldCup,5810,6262,-174.29954054915515,-1,0
3854589,2022-12-01 19:00:00,2223,tourn,WorldCup,6715,6720,-268.88733059812034,1,2
3854590,2022-12-01 19:00:00,2223,tourn,WorldCup,6705,8570,-291.1241525741459,-2,0
3854608,2022-12-02 15:00:00,2223,tourn,WorldCup,6714,5796,-326.92887812106846,-2,0
3854607,2022-12-02 15:00:00,2223,tourn,WorldCup,7804,8361,-236.07878022989075,1,2
3854601,2022-12-02 19:00:00,2223,tourn,WorldCup,6629,8256,-568.4627189210664,1,2
3854602,2022-12-02 19:00:00,2223,tourn,WorldCup,8205,6717,-61.318389654576094,-1,0
3370550,2022-12-03 15:00:00,2223,tourn,WorldCup,6708,6713,197.3110253687355,2,2
3370551,2022-12-03 19:00:00,2223,tourn,WorldCup,6706,6716,315.12134356465185,1,2
3370552,2022-12-04 15:00:00,2223,tourn,WorldCup,6723,8568,192.61898558487746,2,2
3370553,2022-12-04 19:00:00,2223,tourn,WorldCup,8491,6395,153.9542555065632,3,2
3370555,2022-12-05 15:00:00,2223,tourn,WorldCup,6715,10155,-89.40895010459485,0,1
3370554,2022-12-05 19:00:00,2223,tourn,WorldCup,8256,7804,383.6124984733517,3,2
3370556,2022-12-06 15:00:00,2223,tourn,WorldCup,6262,6720,-194.25066466016483,0,1
3370557,2022-12-06 19:00:00,2223,tourn,WorldCup,8361,6717,65.73050651349445,5,2
ng2318435,2022-12-09 13:00:00,2223,friendly,Friendlies,5823,6332,466.30753891768927,4,2
3370565,2022-12-09 15:00:00,2223,tourn,WorldCup,10155,8256,-309.74490748854396,0,1
3370566,2022-12-09 19:00:00,2223,tourn,WorldCup,6708,6706,-72.51612084064504,0,1
3370567,2022-12-10 15:00:00,2223,tourn,WorldCup,6262,8361,-189.98365896957876,1,2
3370568,2022-12-10 19:00:00,2223,tourn,WorldCup,8491,6723,-24.760696949429075,-1,0
ng2317863,2022-12-11 13:30:00,2223,friendly,Friendlies,5788,8307,390.25769933243896,6,2
3370569,2022-12-13 19:00:00,2223,tourn,WorldCup,6706,10155,184.64894201254606,3,2
ng2319380,2022-12-14 11:00:00,2223,friendly,Friendlies,5894,230139,380.40201713364627,1,2
ng2319143,2022-12-14 13:00:00,2223,friendly,Friendlies,5823,5899,342.56015232185223,3,2
ng2318836,2022-12-14 13:30:00,2223,friendly,Friendlies,5788,5896,484.9417615119519,-1,0
ng2319144,2022-12-14 15:59:00,2223,friendly,Friendlies,6317,68374,378.33395553916057,0,1
3370570,2022-12-14 19:00:00,2223,tourn,WorldCup,6723,6262,157.76777943581305,2,2
ng2319781,2022-12-17 10:00:00,2223,friendly,Friendlies,5825,5899,297.0465287252639,2,2
3370571,2022-12-17 15:00:00,2223,tourn,WorldCup,10155,6262,42.03831428051922,1,2
ng2319923,2022-12-17 17:30:00,2223,friendly,Friendlies,6317,6395,-37.97289197596888,0,1
3370572,2022-12-18 15:00:00,2223,tourn,WorldCup,6706,6723,64.85075050052319,0,1
ng2321191,2022-12-21 17:00:00,2223,friendly,Friendlies,6262,6395,108.08426562169507,1,2
ng2323372,2022-12-30 12:00:00,2223,friendly,Friendlies,5819,5821,334.81488208634187,1,2
ng2323351,2022-12-30 14:00:00,2223,friendly,Friendlies,6320,5824,0.8575153725826112,-1,0
ng2323373,2022-12-30 15:30:00,2223,friendly,Friendlies,5789,5897,156.58522647031236,1,2
ng2327488,2023-01-07 13:30:00,2223,friendly,Friendlies,6709,6629,91.49057533852852,0,1
ng2327462,2023-01-07 15:59:00,2223,friendly,Friendlies,6317,6714,152.29726795385432,0,1
ng2320647,2023-01-08 17:00:00,2223,friendly,Friendlies,8536,8261,228.02838965641354,0,1
ng2329538,2023-01-09 15:59:00,2223,friendly,Friendlies,6709,68374,357.5885441832611,-3,0
ng2320648,2023-01-09 18:45:00,2223,friendly,Friendlies,8520,7871,191.13670839643487,2,2
ng2329604,2023-01-10 14:00:00,2223,friendly,Friendlies,5815,6321,260.2910452024123,1,2
ng2324625,2023-01-12 15:59:00,2223,friendly,Friendlies,7871,8261,297.80370244028086,-1,0
ng2324626,2023-01-12 18:00:00,2223,friendly,Friendlies,8520,8536,287.41152759562306,1,2
ng2331925,2023-01-14 15:00:00,2223,friendly,Friendlies,68374,121281,248.95999713938454,2,2
ng2324699,2023-01-26 03:05:00,2223,friendly,Friendlies,6713,8205,54.544099919690325,-1,0
ng2329341,2023-01-29 00:30:00,2223,friendly,Friendlies,6713,8258,-74.48188616028847,0,1
ng2351870,2023-02-22 23:00:00,2223,friendly,Friendlies,6548,5886,179.3875593306807,0,1
ng2354306,2023-02-24 23:00:00,2223,friendly,Friendlies,6548,5886,169.89048058304616,0,1
ng2353837,2023-02-25 13:00:00,2223,friendly,Friendlies,6020,4167,172.78730821541376,0,1
ng2361076,2023-03-11 23:00:00,2223,friendly,Friendlies,5806,7724,309.60336291440467,-1,0
ng2362849,2023-03-13 00:00:00,2223,friendly,Friendlies,5858,5922,44.02051717122595,0,1
ng2363875,2023-03-15 00:00:00,2223,friendly,Friendlies,5806,7724,275.36453084607706,0,1
ng2364186,2023-03-15 13:30:00,2223,friendly,Friendlies,95797,6020,-403.10000865206666,0,1
ng2366566,2023-03-19 12:20:00,2223,friendly,Friendlies,121282,5885,105.72891451893543,1,2
ng2366886,2023-03-20 05:00:00,2223,friendly,Friendlies,5925,5926,145.71270802243362,-1,0
ng2366953,2023-03-21 11:00:00,2223,friendly,Friendlies,5899,5910,149.15297029693545,1,2
ng2366983,2023-03-22 12:15:00,2223,friendly,Friendlies,95799,5891,334.74570308281864,2,2
ng2366987,2023-03-22 12:30:00,2223,friendly,Friendlies,6329,8307,227.65628689136406,1,2
3876895,2023-03-22 16:00:00,2223,qual,AFCONQ,5883,5885,146.09145303885657,0,1
3876808,2023-03-22 16:00:00,2223,qual,AFCONQ,5803,287979,348.07081864346424,0,1
ng2360009,2023-03-22 19:45:00,2223,friendly,Friendlies,5791,5795,434.64197733219135,1,2
ng2367313,2023-03-23 03:00:00,2223,friendly,Friendlies,5808,6327,259.1086747623774,1,2
ng2367641,2023-03-23 05:00:00,2223,friendly,Friendlies,6319,5926,58.42567191938406,2,2
ng2360010,2023-03-23 06:00:00,2223,friendly,Friendlies,5820,5822,111.25802176631055,0,1
ng2367310,2023-03-23 12:00:00,2223,friendly,Friendlies,6322,5825,71.03668781049714,0,1
3876851,2023-03-23 13:00:00,2223,qual,AFCONQ,5809,230693,157.50488700280857,-3,0
ng2367311,2023-03-23 14:00:00,2223,friendly,Friendlies,5823,5900,37.3730476369567,1,2
4044778,2023-03-23 15:00:00,2223,qual,EUROQ,8265,5787,-201.40304559843662,-1,0
3876843,2023-03-23 16:00:00,2223,qual,AFCONQ,5801,408231,232.26567812198823,-1,0
3876850,2023-03-23 16:00:00,2223,qual,AFCONQ,6714,6712,300.8410561172859,1,2
3876874,2023-03-23 16:00:00,2223,qual,AFCONQ,6277,4167,292.89618108841023,2,2
ng2367645,2023-03-23 17:00:00,2223,friendly,Friendlies,6711,8713,88.0147771324539,0,1
ng2360011,2023-03-23 18:30:00,2223,friendly,Friendlies,8565,8261,408.34574713001257,1,2
3876870,2023-03-23 19:00:00,2223,qual,AFCONQ,5889,5805,243.62241522405452,1,2
4044780,2023-03-23 19:45:00,2223,qual,EUROQ,6035,10259,-675.022885277401,-2,0
4044577,2023-03-23 19:45:00,2223,qual,EUROQ,8497,5792,290.3969466111919,0,1
4044678,2023-03-23 19:45:00,2223,qual,EUROQ,8204,8491,78.11130860233561,-1,0
4044779,2023-03-23 19:45:00,2223,qual,EUROQ,8238,7871,303.08980145500004,2,2
4044579,2023-03-23 19:45:00,2223,qual,EUROQ,10106,8536,126.81636825578721,3,2
4044578,2023-03-23 19:45:00,2223,qual,EUROQ,8361,5799,1024.5235144988126,4,2
4044679,2023-03-23 19:45:00,2223,qual,EUROQ,8260,8495,349.2030917617574,1,2
3876858,2023-03-23 21:00:00,2223,qual,AFCONQ,6317,121281,503.0704853983452,1,2
ng2366825,2023-03-23 23:30:00,2223,friendly,Friendlies,6706,5922,606.3404883675482,2,2
ng2360012,2023-03-24 09:10:00,2223,friendly,Friendlies,6716,6707,-7.612254571666199,2,2
ng2360013,2023-03-24 11:15:00,2223,friendly,Friendlies,7804,8258,-65.60604031984485,0,1
3876871,2023-03-24 13:00:00,2223,qual,AFCONQ,6321,68374,86.83601207870288,2,2
3876848,2023-03-24 14:00:00,2223,qual,AFCONQ,5890,7941,180.7374038662815,-1,0
3876815,2023-03-24 16:00:00,2223,qual,AFCONQ,5888,4433,409.2148901745122,0,1
3876805,2023-03-24 16:00:00,2223,qual,AFCONQ,6346,230700,327.5020976296896,-1,0
3876884,2023-03-24 16:00:00,2223,qual,AFCONQ,6316,5804,336.30406384968023,0,1
3876873,2023-03-24 16:00:00,2223,qual,AFCONQ,6709,230692,475.73412880562455,2,2
4044738,2023-03-24 17:00:00,2223,qual,EUROQ,10150,49437,57.14073213625852,-1,0
ng2367689,2023-03-24 18:00:00,2223,friendly,Friendlies,8700,5797,48.28754512142632,1,2
ng2368064,2023-03-24 19:00:00,2223,friendly,Friendlies,5821,230139,351.0911687036039,2,2
3876814,2023-03-24 19:00:00,2223,qual,AFCONQ,6323,7740,333.5404413360543,1,2
3876842,2023-03-24 19:00:00,2223,qual,AFCONQ,5815,5979,276.2418577759654,2,2
3876829,2023-03-24 19:00:00,2223,qual,AFCONQ,10255,6020,432.72324580440727,2,2
3876894,2023-03-24 19:00:00,2223,qual,AFCONQ,6395,5965,522.3455919806456,4,2
ng2367312,2023-03-24 19:00:00,2223,friendly,Friendlies,7795,5800,-20.56728615771749,-1,0
3876868,2023-03-24 19:00:00,2223,qual,AFCONQ,8323,5887,286.8734773252554,2,2
4044758,2023-03-24 19:45:00,2223,qual,EUROQ,8520,8263,-66.14672290572616,-3,0
4044759,2023-03-24 19:45:00,2223,qual,EUROQ,8255,8566,411.91031222329866,3,2
4044718,2023-03-24 19:45:00,2223,qual,EUROQ,8496,8568,66.96540413504704,2,2
4044666,2023-03-24 19:45:00,2223,qual,EUROQ,6723,6708,93.79966527321244,4,2
4044612,2023-03-24 19:45:00,2223,qual,EUROQ,507764,6383,-491.47465788739714,-3,0
4044719,2023-03-24 19:45:00,2223,qual,EUROQ,5794,8269,27.109051664297795,0,1
4044739,2023-03-24 19:45:00,2223,qual,EUROQ,8205,8254,590.7117181416893,2,2
3876822,2023-03-24 20:30:00,2223,qual,AFCONQ,6629,5802,398.95108730183097,0,1
3876828,2023-03-24 20:30:00,2223,qual,AFCONQ,6289,121282,118.68993872630836,2,2
3876867,2023-03-24 20:30:00,2223,qual,AFCONQ,6719,6328,414.8923963350153,3,2
ng2368792,2023-03-25 09:45:00,2223,friendly,Friendlies,95797,121274,-9.16965464671182,1,2
ng2368278,2023-03-25 12:15:00,2223,friendly,Friendlies,5891,95800,197.9107204537636,1,2
ng2368279,2023-03-25 12:30:00,2223,friendly,Friendlies,8307,5893,-167.5632043030571,0,1
ng2368301,2023-03-25 13:30:00,2223,friendly,Friendlies,6324,121284,-96.90304498875867,2,2
ng2367691,2023-03-25 14:00:00,2223,friendly,Friendlies,8268,95971,964.4621843846425,5,2
4044557,2023-03-25 14:00:00,2223,qual,EUROQ,8498,5793,451.14670561174194,3,2
4044636,2023-03-25 17:00:00,2223,qual,EUROQ,8567,430156,145.210306556977,0,1
4044634,2023-03-25 17:00:00,2223,qual,EUROQ,10057,6717,-428.52228685536375,-5,0
4044698,2023-03-25 17:00:00,2223,qual,EUROQ,6583,6595,-142.25194502977706,-1,0
ng2368072,2023-03-25 18:00:00,2223,friendly,Friendlies,5789,5898,272.65962514071293,0,1
ng2368289,2023-03-25 18:00:00,2223,friendly,Friendlies,5788,6320,-23.19791906294836,-2,0
ng2368899,2023-03-25 18:30:00,2223,friendly,Friendlies,5901,6333,214.18721493478256,-1,0
4044635,2023-03-25 19:45:00,2223,qual,EUROQ,10045,9730,-430.63682756883554,-2,0
4044565,2023-03-25 19:45:00,2223,qual,EUROQ,6720,8492,316.51634363990297,3,2
ng2360014,2023-03-25 19:45:00,2223,friendly,Friendlies,8570,5798,178.90951551295416,2,2
4044699,2023-03-25 19:50:00,2223,qual,EUROQ,10155,5790,220.60986905306527,0,1
ng2360015,2023-03-25 22:00:00,2223,friendly,Friendlies,6262,8256,-265.2536718912045,1,2
ng2366824,2023-03-26 03:00:00,2223,friendly,Friendlies,5820,5822,105.06379068863612,1,2
ng2369096,2023-03-26 05:00:00,2223,friendly,Friendlies,5925,6319,126.85755328657251,-2,0
3876877,2023-03-26 13:00:00,2223,qual,AFCONQ,4167,6277,-151.65176637829563,-2,0
4044781,2023-03-26 13:00:00,2223,qual,EUROQ,8265,8238,-428.68554029089387,1,2
ng2369113,2023-03-26 15:00:00,2223,friendly,Friendlies,8713,5819,151.9381119421048,2,2
4044782,2023-03-26 16:00:00,2223,qual,EUROQ,5787,6035,898.6359577989343,2,2
4044580,2023-03-26 16:00:00,2223,qual,EUROQ,5799,8536,-457.4277032341495,-7,0
4044680,2023-03-26 16:00:00,2223,qual,EUROQ,8491,6718,249.81862565537222,2,2
3876811,2023-03-26 16:00:00,2223,qual,AFCONQ,287979,5803,-157.576380780283,-2,0
4044783,2023-03-26 18:45:00,2223,qual,EUROQ,10259,7871,22.77060495278988,-1,0
4044581,2023-03-26 18:45:00,2223,qual,EUROQ,8497,10106,58.44985682670631,2,2
4044582,2023-03-26 18:45:00,2223,qual,EUROQ,5792,8361,-472.95467037489993,-6,0
4044681,2023-03-26 18:45:00,2223,qual,EUROQ,8495,8204,-569.2004758074063,-2,0
3876846,2023-03-27 13:00:00,2223,qual,AFCONQ,408231,5801,-8.905606850302547,-1,0
3876854,2023-03-27 13:00:00,2223,qual,AFCONQ,230693,5809,102.21969825671022,2,2
ng2368936,2023-03-27 15:59:00,2223,friendly,Friendlies,6383,8254,430.3068003532901,0,1
ng2369049,2023-03-27 15:59:00,2223,friendly,Friendlies,8260,8269,317.77474364008003,1,2
3876807,2023-03-27 16:00:00,2223,qual,AFCONQ,230700,6346,-98.04502535012443,-1,0
3876837,2023-03-27 16:00:00,2223,qual,AFCONQ,121281,6317,-347.25898865531735,-1,0
3876853,2023-03-27 16:00:00,2223,qual,AFCONQ,6712,6714,-152.869855950923,0,1
ng2369058,2023-03-27 18:00:00,2223,friendly,Friendlies,5824,5897,240.59787455610422,2,2
4044741,2023-03-27 18:45:00,2223,qual,EUROQ,49437,8205,-182.77347677929924,-2,0
4044760,2023-03-27 18:45:00,2223,qual,EUROQ,8520,8566,417.15368110400027,5,2
4044720,2023-03-27 18:45:00,2223,qual,EUROQ,8568,10024,310.8785577189931,1,2
4044667,2023-03-27 18:45:00,2223,qual,EUROQ,6708,507764,971.6716990139912,3,2
4044740,2023-03-27 18:45:00,2223,qual,EUROQ,8565,10150,358.7672608173675,3,2
4044761,2023-03-27 18:45:00,2223,qual,EUROQ,8255,8261,392.645694777842,1,2
4044721,2023-03-27 18:45:00,2223,qual,EUROQ,5794,8496,-447.06358457978877,0,1
4044668,2023-03-27 18:45:00,2223,qual,EUROQ,5791,6723,-240.79179107574305,-1,0
3876825,2023-03-27 19:00:00,2223,qual,AFCONQ,121282,6289,1.045280072245987,-1,0
3876863,2023-03-27 20:00:00,2223,qual,AFCONQ,5805,5889,-99.41721621694637,1,2
ng2360016,2023-03-28 00:40:00,2223,friendly,Friendlies,9762,6724,90.09780950374648,1,2
ng2368938,2023-03-28 08:30:00,2223,friendly,Friendlies,6716,6707,23.04493516871662,-1,0
ng2371181,2023-03-28 09:45:00,2223,friendly,Friendlies,95797,121274,11.358070580981689,-1,0
ng2360017,2023-03-28 11:00:00,2223,friendly,Friendlies,7804,5796,-63.13516264735722,-1,0
ng2371078,2023-03-28 12:15:00,2223,friendly,Friendlies,95799,95800,465.1308331388508,0,1
ng2371079,2023-03-28 12:30:00,2223,friendly,Friendlies,6329,5893,-6.93003338083372,2,2
3876889,2023-03-28 13:00:00,2223,qual,AFCONQ,5887,8323,-146.18423744364964,-1,0
3876826,2023-03-28 13:00:00,2223,qual,AFCONQ,6020,10255,-281.9026084761954,-4,0
3876834,2023-03-28 13:00:00,2223,qual,AFCONQ,5802,6629,-206.26383414410907,1,2
3876818,2023-03-28 13:00:00,2223,qual,AFCONQ,4433,5888,-216.14443323357318,-1,0
ng2368302,2023-03-28 13:30:00,2223,friendly,Friendlies,6324,121284,-58.74618328711222,0,1
ng2367876,2023-03-28 14:00:00,2223,friendly,Friendlies,5823,6322,149.37949109068995,2,2
ng2360018,2023-03-28 15:00:00,2223,friendly,Friendlies,6583,5793,187.49804071640392,0,1
4044571,2023-03-28 16:00:00,2223,qual,EUROQ,8268,8492,-52.56945897658579,0,1
3876845,2023-03-28 16:00:00,2223,qual,AFCONQ,5979,5815,-136.56495482965374,1,2
3876881,2023-03-28 16:00:00,2223,qual,AFCONQ,5804,6316,-146.39178967236035,-1,0
3876897,2023-03-28 16:00:00,2223,qual,AFCONQ,5965,6395,-369.41311047730096,-1,0
ng2371238,2023-03-28 17:00:00,2223,friendly,Friendlies,6711,5884,430.87565827599656,1,2
3876838,2023-03-28 17:00:00,2223,qual,AFCONQ,7941,5890,38.37689591872413,-1,0
ng2367875,2023-03-28 18:00:00,2223,friendly,Friendlies,5789,5788,217.3733699722577,2,2
ng2371087,2023-03-28 18:00:00,2223,friendly,Friendlies,8700,5800,-40.22256078302394,0,1
ng2371099,2023-03-28 18:30:00,2223,friendly,Friendlies,5816,230139,486.30472547702743,4,2
ng2371241,2023-03-28 18:30:00,2223,friendly,Friendlies,5901,6320,151.11656508987608,1,2
ng2360020,2023-03-28 18:45:00,2223,friendly,Friendlies,8570,8263,87.9737111013385,-1,0
4044638,2023-03-28 18:45:00,2223,qual,EUROQ,430156,10045,503.5510826492057,0,1
4044639,2023-03-28 18:45:00,2223,qual,EUROQ,6717,8567,365.33147388904376,3,2
4044637,2023-03-28 18:45:00,2223,qual,EUROQ,9730,10057,253.65412314486207,1,2
4044701,2023-03-28 18:45:00,2223,qual,EUROQ,5790,5795,478.86331677166936,1,2
4044700,2023-03-28 18:45:00,2223,qual,EUROQ,6595,10155,-91.59103143674702,-2,0
4044558,2023-03-28 18:45:00,2223,qual,EUROQ,8498,6720,-172.15949889686453,2,2
3876876,2023-03-28 19:00:00,2223,qual,AFCONQ,230692,6709,-323.0225460407355,-2,0
3876817,2023-03-28 19:00:00,2223,qual,AFCONQ,7740,6323,-183.7692495951992,0,1
ng2367877,2023-03-28 19:00:00,2223,friendly,Friendlies,7795,5797,66.36349256436642,-1,0
ng2371237,2023-03-28 19:00:00,2223,friendly,Friendlies,5821,5898,206.44764198747907,1,2
ng2360019,2023-03-28 19:30:00,2223,friendly,Friendlies,6262,5798,76.55595287552455,0,1
3876890,2023-03-28 20:00:00,2223,qual,AFCONQ,6328,6719,-266.661954210359,-1,0
3876862,2023-03-28 22:00:00,2223,qual,AFCONQ,68374,6321,27.85539268670982,-3,0
ng2371097,2023-03-28 23:30:00,2223,friendly,Friendlies,6706,287981,808.8823818284131,7,2
3876898,2023-03-29 13:00:00,2223,qual,AFCONQ,5885,5883,29.80210463469234,-3,0
ng2372679,2023-03-31 11:45:00,2223,friendly,Friendlies,95799,5891,328.8081775398348,1,2
ng2380219,2023-04-20 02:20:00,2223,friendly,Friendlies,6713,6710,10.25316154118309,0,1
ng2396627,2023-06-08 02:00:00,2223,friendly,Friendlies,6710,5858,414.2062028996156,2,2
ng2396642,2023-06-09 11:00:00,2223,friendly,Friendlies,5897,5926,285.24772279771946,2,2
ng2396641,2023-06-09 14:00:00,2223,friendly,Friendlies,6329,95971,547.8401571571532,2,2
ng2396644,2023-06-09 18:15:00,2223,friendly,Friendlies,5792,8495,209.44663811110308,-1,0
ng2397376,2023-06-11 00:00:00,2223,friendly,Friendlies,5922,5807,417.45056168534666,1,2
ng2397191,2023-06-11 02:00:00,2223,friendly,Friendlies,6710,6629,316.62127377556794,0,1
ng2397448,2023-06-11 11:30:00,2223,friendly,Friendlies,5750,5910,164.4240364965758,3,2
ng2397451,2023-06-11 22:00:00,2223,friendly,Friendlies,5858,7724,231.8857206072239,-1,0
ng2397432,2023-06-11 23:00:00,2223,friendly,Friendlies,9762,5857,535.2292693082309,3,2
ng2398232,2023-06-12 11:00:00,2223,friendly,Friendlies,95971,5897,-562.0601860102129,0,1
ng2398235,2023-06-12 14:00:00,2223,friendly,Friendlies,6329,5926,123.21606367312484,1,2
ng2398320,2023-06-12 15:59:00,2223,friendly,Friendlies,5821,6277,6.1938216946632565,3,2
ng2397051,2023-06-12 15:59:00,2223,friendly,Friendlies,8570,6718,243.90682498475257,0,1
ng2398073,2023-06-12 19:00:00,2223,friendly,Friendlies,6262,5888,431.50659016928853,0,1
ng2398372,2023-06-13 20:00:00,2223,friendly,Friendlies,287981,5756,416.3420151222746,0,1
ng2398599,2023-06-14 08:30:00,2223,friendly,Friendlies,5965,6020,119.76238885452608,0,1
ng2398267,2023-06-14 11:00:00,2223,friendly,Friendlies,5910,5884,-438.35810080729743,-1,0
ng2397799,2023-06-14 12:30:00,2223,friendly,Friendlies,6324,6333,-180.15117931177224,0,1
ng2398315,2023-06-14 13:00:00,2223,friendly,Friendlies,5823,6319,135.10680634882578,3,2
3876932,2023-06-14 13:00:00,2223,qual,AFCONQ,408231,5979,-182.5658953087186,-1,0
ng2398598,2023-06-14 14:00:00,2223,friendly,Friendlies,7740,4167,207.08912095465962,2,2
ng2397808,2023-06-14 14:30:00,2223,friendly,Friendlies,5750,121285,182.73301499704291,-2,0
ng2398597,2023-06-14 15:00:00,2223,friendly,Friendlies,6321,5890,153.00913248426014,1,2
3876937,2023-06-14 16:00:00,2223,qual,AFCONQ,287979,230700,-256.62516789717915,-1,0
3876913,2023-06-14 18:00:00,2223,qual,AFCONQ,6289,10255,-169.90688322176038,-1,0
4109689,2023-06-14 18:45:00,2223,nl,NationsLeagueA,6708,10155,182.23853935319403,-2,0
ng2398268,2023-06-14 23:30:00,2223,friendly,Friendlies,5796,5807,803.5180249885732,3,2
ng2398757,2023-06-15 11:00:00,2223,friendly,Friendlies,230139,95799,257.91835671077604,1,2
ng2397802,2023-06-15 11:00:00,2223,friendly,Friendlies,5926,95971,491.2429463123648,1,2
ng2392748,2023-06-15 12:00:00,2223,friendly,Friendlies,6706,6716,420.45074367289203,2,2
ng2397804,2023-06-15 12:00:00,2223,friendly,Friendlies,6332,95797,58.6616378230824,-1,0
ng2397604,2023-06-15 12:30:00,2223,friendly,Friendlies,5894,6322,358.00045930195165,1,2
ng2397807,2023-06-15 14:00:00,2223,friendly,Friendlies,6329,5897,-75.9250232848733,0,1
ng2398639,2023-06-15 15:59:00,2223,friendly,Friendlies,5806,5902,23.43851084151879,-1,0
ng2398764,2023-06-15 17:00:00,2223,friendly,Friendlies,5821,5805,157.3808284240049,1,2
4109688,2023-06-15 18:45:00,2223,nl,NationsLeagueA,6720,8204,108.27703209445463,1,2
ng2397813,2023-06-16 00:00:00,2223,friendly,Friendlies,5808,5800,-10.92466662082029,-1,0
ng2397591,2023-06-16 03:10:00,2223,friendly,Friendlies,6705,5858,222.47072782466716,-1,0
ng2395210,2023-06-16 10:30:00,2223,friendly,Friendlies,5822,8307,507.24584023366606,4,2
ng2397465,2023-06-16 11:00:00,2223,friendly,Friendlies,7804,5798,10.21441462822645,-1,0
ng2397579,2023-06-16 11:00:00,2223,friendly,Friendlies,5896,5788,-266.57886602842973,0,1
ng2397803,2023-06-16 11:30:00,2223,friendly,Friendlies,5825,287876,80.73109512884048,0,1
4044785,2023-06-16 16:00:00,2223,qual,EUROQ,7871,5787,87.41235913275182,2,2
ng2397592,2023-06-16 17:00:00,2223,friendly,Friendlies,8520,5820,356.25258643739835,3,2
ng2397593,2023-06-16 18:30:00,2223,friendly,Friendlies,8205,5816,379.2112464162162,1,2
4044703,2023-06-16 18:45:00,2223,qual,EUROQ,5795,6595,-264.46242258294524,-1,0
4044641,2023-06-16 18:45:00,2223,qual,EUROQ,10057,8567,-141.34584312647075,-1,0
ng2397594,2023-06-16 18:45:00,2223,friendly,Friendlies,8568,8570,-84.29224673165481,1,2
4044784,2023-06-16 18:45:00,2223,qual,EUROQ,8238,10259,362.1449675399706,1,2
4044786,2023-06-16 18:45:00,2223,qual,EUROQ,6035,8265,-551.6292834877236,-3,0
4044642,2023-06-16 18:45:00,2223,qual,EUROQ,10045,6717,-684.255093187295,-1,0
4044613,2023-06-16 18:45:00,2223,qual,EUROQ,6383,5791,39.92419815504718,1,2
4044640,2023-06-16 18:45:00,2223,qual,EUROQ,430156,9730,-21.513014102572924,0,1
4044682,2023-06-16 18:45:00,2223,qual,EUROQ,8495,8491,-592.2468707638902,-4,0
4044683,2023-06-16 18:45:00,2223,qual,EUROQ,8260,6718,-153.7025557919667,-1,0
4044669,2023-06-16 18:45:00,2223,qual,EUROQ,507764,6723,-850.7236335323348,-3,0
4044702,2023-06-16 18:45:00,2223,qual,EUROQ,5790,6583,352.4075177728844,-2,0
ng2398435,2023-06-16 19:00:00,2223,friendly,Friendlies,8258,5819,363.6855670527427,1,2
ng2398437,2023-06-17 00:30:00,2223,friendly,Friendlies,9762,262134,669.7150508627651,5,2
ng2398904,2023-06-17 12:00:00,2223,friendly,Friendlies,121285,5910,104.98110996131504,2,2
4044742,2023-06-17 13:00:00,2223,qual,EUROQ,8254,10150,-96.8220582591673,0,1
3876929,2023-06-17 13:00:00,2223,qual,AFCONQ,6277,6709,-111.54207661541886,3,2
4044583,2023-06-17 13:00:00,2223,qual,EUROQ,5792,5799,458.33019862848107,2,2
3876908,2023-06-17 13:00:00,2223,qual,AFCONQ,230693,6712,12.272748459313789,-1,0
3876928,2023-06-17 14:00:00,2223,qual,AFCONQ,4167,230692,50.845867027260965,-1,0
3876945,2023-06-17 15:00:00,2223,qual,AFCONQ,6316,6262,-216.57139806172518,1,2
3876921,2023-06-17 15:00:00,2223,qual,AFCONQ,8323,6719,-133.657952247102,1,2
4044762,2023-06-17 16:00:00,2223,qual,EUROQ,8566,8261,50.574071396668614,0,1
4044743,2023-06-17 16:00:00,2223,qual,EUROQ,49437,8565,-152.38515240785114,0,1
3876936,2023-06-17 16:00:00,2223,qual,AFCONQ,5887,6328,-23.096964129378193,1,2
4044559,2023-06-17 16:00:00,2223,qual,EUROQ,8492,8498,68.88104599024132,-1,0
4044608,2023-06-17 18:45:00,2223,qual,EUROQ,5793,8268,-162.63603600736064,-1,0
4044723,2023-06-17 18:45:00,2223,qual,EUROQ,8269,8496,-380.4015517294765,-3,0
4044584,2023-06-17 18:45:00,2223,qual,EUROQ,8536,8497,30.222591249617835,-1,0
4044585,2023-06-17 18:45:00,2223,qual,EUROQ,8361,10106,430.94856487919265,3,2
4044763,2023-06-17 18:45:00,2223,qual,EUROQ,8263,8255,278.96926374058285,0,1
4044722,2023-06-17 18:45:00,2223,qual,EUROQ,10024,5794,358.5106161347119,2,2
3876941,2023-06-17 19:00:00,2223,qual,AFCONQ,5883,6395,-303.5466403095552,0,1
ng2398415,2023-06-17 19:30:00,2223,friendly,Friendlies,8256,6289,814.9935093425634,3,2
ng2398436,2023-06-17 23:30:00,2223,friendly,Friendlies,6707,5797,295.1248710723146,1,2
ng2400766,2023-06-18 11:30:00,2223,friendly,Friendlies,5750,5884,-358.08168215869614,1,2
ng2400767,2023-06-18 11:30:00,2223,friendly,Friendlies,5825,6319,78.53853969344527,0,1
3876920,2023-06-18 13:00:00,2223,qual,AFCONQ,7941,121281,175.6410879752168,1,2
4109690,2023-06-18 13:00:00,2223,nl,NationsLeagueA,6708,8204,114.11672389552882,-1,0
3876940,2023-06-18 13:00:00,2223,qual,AFCONQ,5885,5965,31.51926629258105,-2,0
3876909,2023-06-18 14:00:00,2223,qual,AFCONQ,5809,6714,-269.11078842824963,0,1
ng2400774,2023-06-18 14:00:00,2223,friendly,Friendlies,6329,5897,-71.62269681197336,2,2
ng2398416,2023-06-18 14:30:00,2223,friendly,Friendlies,6724,5807,589.1480248230364,2,2
3876904,2023-06-18 15:00:00,2223,qual,AFCONQ,4433,7740,-87.92038691222888,-2,0
3876919,2023-06-18 15:00:00,2223,qual,AFCONQ,5890,6317,-180.99942702738872,-1,0
3876903,2023-06-18 16:00:00,2223,qual,AFCONQ,5888,6323,-2.8199155987308586,2,2
3876933,2023-06-18 16:00:00,2223,qual,AFCONQ,5801,5815,-216.2903151720991,-2,0
3876900,2023-06-18 16:00:00,2223,qual,AFCONQ,5803,6346,-191.5846855663567,-1,0
ng2400771,2023-06-18 17:00:00,2223,friendly,Friendlies,10255,408231,600.5574333173511,3,2
3876925,2023-06-18 18:00:00,2223,qual,AFCONQ,5889,6321,48.23465766136428,-2,0
4109691,2023-06-18 18:45:00,2223,nl,NationsLeagueA,10155,6720,7.827522918262957,0,1
ng2398695,2023-06-18 20:30:00,2223,friendly,Friendlies,5800,5858,273.9626982625507,1,2
ng2400782,2023-06-19 11:00:00,2223,friendly,Friendlies,230139,5896,234.50153855897076,-1,0
ng2400783,2023-06-19 12:00:00,2223,friendly,Friendlies,5806,5816,87.44506697934935,-1,0
ng2398417,2023-06-19 12:00:00,2223,friendly,Friendlies,6322,5788,-73.0344446667848,-1,0
ng2392749,2023-06-19 12:30:00,2223,friendly,Friendlies,6324,6706,-847.8420734054844,-2,0
4044788,2023-06-19 16:00:00,2223,qual,EUROQ,7871,6035,900.7223282982928,6,2
4044685,2023-06-19 16:00:00,2223,qual,EUROQ,6718,8495,487.4945462900155,1,2
4044704,2023-06-19 16:00:00,2223,qual,EUROQ,6583,5795,218.02320217146553,1,2
4044644,2023-06-19 18:45:00,2223,qual,EUROQ,10057,430156,-81.20150623321979,1,2
4044614,2023-06-19 18:45:00,2223,qual,EUROQ,6723,6383,432.764308603769,1,2
4044684,2023-06-19 18:45:00,2223,qual,EUROQ,8491,8260,493.6454416454749,7,2
4044670,2023-06-19 18:45:00,2223,qual,EUROQ,5791,507764,678.3142601186266,3,2
4044705,2023-06-19 18:45:00,2223,qual,EUROQ,6595,5790,55.829754457259924,2,2
4044643,2023-06-19 18:45:00,2223,qual,EUROQ,6717,9730,344.7990506166211,0,1
4044789,2023-06-19 18:45:00,2223,qual,EUROQ,5787,8238,-125.56532395164459,0,1
4044787,2023-06-19 18:45:00,2223,qual,EUROQ,10259,8265,271.137185541691,-1,0
4044645,2023-06-19 18:45:00,2223,qual,EUROQ,8567,10045,551.4234827660687,1,2
ng2399009,2023-06-20 11:00:00,2223,friendly,Friendlies,7804,6327,428.0035369371649,0,1
ng2395211,2023-06-20 11:35:00,2223,friendly,Friendlies,5822,6333,129.51874781036167,2,2
ng2399459,2023-06-20 12:30:00,2223,friendly,Friendlies,5894,6320,71.06459747607505,1,2
3876916,2023-06-20 13:00:00,2223,qual,AFCONQ,121284,5802,-23.76410087625777,1,2
ng2400323,2023-06-20 13:00:00,2223,friendly,Friendlies,5823,287876,154.7705204541669,10,2
ng2400324,2023-06-20 14:00:00,2223,friendly,Friendlies,5934,7724,241.84837601664663,0,1
3876912,2023-06-20 14:00:00,2223,qual,AFCONQ,121282,6020,94.32760938524075,0,1
ng2398539,2023-06-20 15:59:00,2223,friendly,Friendlies,49437,8496,-126.24691501702023,-3,0
3876924,2023-06-20 18:00:00,2223,qual,AFCONQ,5805,68374,47.80931225184099,-3,0
4044586,2023-06-20 18:45:00,2223,qual,EUROQ,10106,5792,301.25181712014296,-2,0
4044588,2023-06-20 18:45:00,2223,qual,EUROQ,8536,8361,-336.1963894986277,-1,0
ng2398540,2023-06-20 18:45:00,2223,friendly,Friendlies,8570,8258,79.12677339741163,-2,0
4044765,2023-06-20 18:45:00,2223,qual,EUROQ,8261,8263,-412.2775316124712,-3,0
4044745,2023-06-20 18:45:00,2223,qual,EUROQ,10150,8205,-247.14963882022175,0,1
4044725,2023-06-20 18:45:00,2223,qual,EUROQ,8269,10024,-152.82816668194528,-2,0
4044764,2023-06-20 18:45:00,2223,qual,EUROQ,8255,8520,84.37647247949644,2,2
4044587,2023-06-20 18:45:00,2223,qual,EUROQ,5799,8497,-530.0231758408013,-1,0
4044724,2023-06-20 18:45:00,2223,qual,EUROQ,5794,8568,-435.0302547153285,1,2
4044572,2023-06-20 18:45:00,2223,qual,EUROQ,8492,5793,451.98058476584197,2,2
4044560,2023-06-20 18:45:00,2223,qual,EUROQ,8498,8268,233.43805975587134,2,2
4044744,2023-06-20 18:45:00,2223,qual,EUROQ,8565,8254,531.7523415974149,2,2
ng2399010,2023-06-20 19:00:00,2223,friendly,Friendlies,8256,6395,457.46550499109844,-2,0
ng2400319,2023-06-20 19:00:00,2223,friendly,Friendlies,6317,6719,103.56756084722906,0,1
ng2399011,2023-06-20 23:30:00,2223,friendly,Friendlies,5796,5857,726.7903851253802,2,2
ng2398541,2023-06-21 00:00:00,2223,friendly,Friendlies,5797,9762,-68.93806517711619,0,1
ng2399012,2023-06-21 00:15:00,2223,friendly,Friendlies,6707,6705,278.6173390998895,2,2
4161224,2023-06-25 02:00:00,2223,tourn,GoldCup,6713,5806,319.2574947640778,0,1
4200495,2023-06-25 19:30:00,2223,tourn,GoldCup,7724,5924,198.80579483857196,3,2
4161227,2023-06-25 22:00:00,2223,tourn,GoldCup,5934,5902,-77.74009794026824,1,2
4161228,2023-06-26 00:00:00,2223,tourn,GoldCup,6710,5808,248.56589682686513,4,2
4200502,2023-06-26 22:30:00,2223,tourn,GoldCup,6327,5859,-14.05984399365434,-1,0
4161233,2023-06-27 00:30:00,2223,tourn,GoldCup,6705,5922,64.16097783824898,-1,0
4200499,2023-06-27 23:00:00,2223,tourn,GoldCup,5810,5757,491.4888935248366,0,1
4161234,2023-06-28 01:15:00,2223,tourn,GoldCup,5858,5857,218.74299186856342,1,2
4190935,2023-06-28 23:30:00,2223,tourn,GoldCup,5806,7724,134.17933136788452,3,2
4200504,2023-06-29 01:30:00,2223,tourn,GoldCup,5924,6713,-658.2381314038678,-6,0
4161229,2023-06-29 23:45:00,2223,tourn,GoldCup,5902,5808,1.619752434005477,0,1
4161230,2023-06-30 02:00:00,2223,tourn,GoldCup,5934,6710,-299.86246125224284,-2,0
4200501,2023-06-30 22:30:00,2223,tourn,GoldCup,5859,5922,-118.17292059166084,-1,0
4161235,2023-07-01 00:30:00,2324,tourn,GoldCup,6327,6705,-185.24151633749943,0,1
4200498,2023-07-01 23:30:00,2324,tourn,GoldCup,5857,5757,61.190882793971696,-3,0
4161236,2023-07-02 01:30:00,2324,tourn,GoldCup,5858,5810,-85.02006521684143,0,1
4200503,2023-07-02 23:00:00,2324,tourn,GoldCup,5806,5924,405.2456892602545,5,2
4190936,2023-07-02 23:00:00,2324,tourn,GoldCup,6713,7724,447.16436206796084,6,2
4161232,2023-07-03 01:00:00,2324,tourn,GoldCup,5808,5934,26.563318758150672,1,2
4161231,2023-07-03 01:00:00,2324,tourn,GoldCup,6710,5902,294.57465055599437,-1,0
4161238,2023-07-04 22:30:00,2324,tourn,GoldCup,5810,5857,371.2526582489231,2,2
4200497,2023-07-04 22:30:00,2324,tourn,GoldCup,5757,5858,-256.66708753140915,-1,0
4200500,2023-07-05 00:30:00,2324,tourn,GoldCup,6705,5859,127.81915480563543,2,2
4161237,2023-07-05 00:30:00,2324,tourn,GoldCup,5922,6327,184.82570621070067,0,1
4211898,2023-07-08 23:00:00,2324,tourn,GoldCup,5922,5902,-33.141080266116205,4,2
4211899,2023-07-09 01:30:00,2324,tourn,GoldCup,6710,6705,230.72590377158167,2,2
4211900,2023-07-09 21:00:00,2324,tourn,GoldCup,5858,5806,-39.02978323725824,-1,0
4211901,2023-07-09 23:30:00,2324,tourn,GoldCup,6713,5810,223.75386504117228,0,1
4211904,2023-07-12 23:30:00,2324,tourn,GoldCup,6713,5922,176.61212601459192,0,1
4211903,2023-07-13 02:00:00,2324,tourn,GoldCup,5806,6710,-250.96187307085825,-3,0
4211905,2023-07-16 23:30:00,2324,tourn,GoldCup,6710,5922,212.5765182705561,1,2
ng2444180,2023-08-02 23:20:00,2324,friendly,Friendlies,121282,6222,186.95973648596168,2,2
ng2465411,2023-08-27 20:00:00,2324,friendly,Friendlies,5797,5922,42.563364703876005,-1,0
ng2469296,2023-09-03 22:10:00,2324,friendly,Friendlies,5858,5808,-8.068293891251187,0,1
ng2470654,2023-09-06 09:00:00,2324,friendly,Friendlies,5823,6320,-87.69989783956566,0,1
ng2470739,2023-09-06 14:45:00,2324,friendly,Friendlies,5824,6333,217.7145080615826,1,2
ng2470378,2023-09-06 18:00:00,2324,friendly,Friendlies,8495,507764,292.03398112613695,1,2
3876947,2023-09-06 19:00:00,2324,qual,AFCONQ,6328,8323,-115.84795156340533,0,1
ng2470828,2023-09-07 11:00:00,2324,friendly,Friendlies,95797,95796,-218.5489622439145,0,1
ng2470432,2023-09-07 12:00:00,2324,friendly,Friendlies,6332,6322,-247.4900069230339,0,1
4044790,2023-09-07 14:00:00,2324,qual,EUROQ,8265,7871,-175.90758947137874,-1,0
ng2470379,2023-09-07 15:15:00,2324,friendly,Friendlies,5902,5884,291.26788602743545,-1,0
ng2470903,2023-09-07 15:59:00,2324,friendly,Friendlies,5901,5821,176.33421903526687,-2,0
ng2470380,2023-09-07 15:59:00,2324,friendly,Friendlies,10150,6711,-134.059233431062,-1,0
4044747,2023-09-07 16:00:00,2324,qual,EUROQ,8254,49437,-148.88869745599663,0,1
3876910,2023-09-07 16:00:00,2324,qual,AFCONQ,6714,230693,371.7661844100319,1,2
3876907,2023-09-07 16:00:00,2324,qual,AFCONQ,6712,5809,220.5012208999367,0,1
ng2470381,2023-09-07 17:00:00,2324,friendly,Friendlies,8492,5816,278.3035588491041,6,2
ng2470382,2023-09-07 18:30:00,2324,friendly,Friendlies,8255,5794,582.576202760461,0,1
4044671,2023-09-07 18:45:00,2324,qual,EUROQ,6723,5791,411.3838922245284,2,2
ng2470383,2023-09-07 18:45:00,2324,friendly,Friendlies,5790,7804,24.364584686926037,0,1
4044727,2023-09-07 18:45:00,2324,qual,EUROQ,8496,10024,313.6664892055444,0,1
4044791,2023-09-07 18:45:00,2324,qual,EUROQ,8238,6035,1091.89207024167,4,2
4044726,2023-09-07 18:45:00,2324,qual,EUROQ,8568,8269,553.1532787496915,2,2
4044615,2023-09-07 18:45:00,2324,qual,EUROQ,6708,6383,350.9643435638816,3,2
4044746,2023-09-07 18:45:00,2324,qual,EUROQ,8205,8565,117.1589826925931,-1,0
4044792,2023-09-07 18:45:00,2324,qual,EUROQ,5787,10259,180.62263268179277,2,2
3876922,2023-09-07 19:00:00,2324,qual,AFCONQ,6719,5887,498.1720567234536,3,2
3876935,2023-09-07 19:00:00,2324,qual,AFCONQ,121281,5890,-96.043931436805,-2,0
3876906,2023-09-07 19:00:00,2324,qual,AFCONQ,6317,7941,418.027432249703,0,1
4196502,2023-09-07 22:30:00,2324,qual,WCQ_CONMEBOL,6724,5798,-14.27190600258973,0,1
4196504,2023-09-07 23:00:00,2324,qual,WCQ_CONMEBOL,8258,5800,358.4357204095088,1,2
4196501,2023-09-08 00:00:00,2324,qual,WCQ_CONMEBOL,6706,6707,376.7306548430065,1,2
ng2471076,2023-09-08 10:30:00,2324,friendly,Friendlies,8307,95799,170.3750126411552,0,1
ng2470384,2023-09-08 11:00:00,2324,friendly,Friendlies,5896,230139,-42.737011538264596,0,1
ng2470433,2023-09-08 11:30:00,2324,friendly,Friendlies,5825,5898,-19.642701203874594,-2,0
ng2470978,2023-09-08 12:30:00,2324,friendly,Friendlies,6324,5900,-15.678609832258644,2,2
3876914,2023-09-08 16:00:00,2324,qual,AFCONQ,10255,121282,458.6562548043439,1,2
4044566,2023-09-08 16:00:00,2324,qual,EUROQ,8268,6720,-284.35070909000046,-6,0
4044707,2023-09-08 18:45:00,2324,qual,EUROQ,6595,6583,285.20584194254843,0,1
4044589,2023-09-08 18:45:00,2324,qual,EUROQ,8497,8361,-258.8851061672028,-1,0
4044561,2023-09-08 18:45:00,2324,qual,EUROQ,5793,8498,-333.3074561854328,-3,0
4044706,2023-09-08 18:45:00,2324,qual,EUROQ,10155,5795,631.3488684860217,5,2
4044590,2023-09-08 18:45:00,2324,qual,EUROQ,5792,8536,-34.6774986483872,2,2
4044591,2023-09-08 18:45:00,2324,qual,EUROQ,10106,5799,636.4015868783722,1,2
ng2470434,2023-09-08 19:00:00,2324,friendly,Friendlies,7795,6705,61.18785271666047,-2,0
3876902,2023-09-08 19:00:00,2324,qual,AFCONQ,6323,4433,477.6434716942829,0,1
3876934,2023-09-08 19:00:00,2324,qual,AFCONQ,5815,408231,529.0155343252904,4,2
4196492,2023-09-08 23:00:00,2324,qual,WCQ_CONMEBOL,5796,9762,310.06805724682226,2,2
4196503,2023-09-09 00:45:00,2324,qual,WCQ_CONMEBOL,8256,5797,654.8709224467996,4,2
ng2470385,2023-09-09 11:35:00,2324,friendly,Friendlies,5822,5823,281.42576614437394,0,1
3876939,2023-09-09 13:00:00,2324,qual,AFCONQ,5965,5883,20.942502437676467,1,2
ng2470463,2023-09-09 13:00:00,2324,friendly,Friendlies,6316,5802,276.735004460548,0,1
4044766,2023-09-09 13:00:00,2324,qual,EUROQ,8566,8263,-450.02510256548226,-1,0
3876911,2023-09-09 13:00:00,2324,qual,AFCONQ,6020,6289,-36.853137291324856,0,1
3876930,2023-09-09 16:00:00,2324,qual,AFCONQ,6709,4167,505.38893546625627,1,2
4044686,2023-09-09 16:00:00,2324,qual,EUROQ,6718,8491,-183.01054940549875,0,1
4044767,2023-09-09 16:00:00,2324,qual,EUROQ,8261,8520,-215.51984791752034,-5,0
3876923,2023-09-09 16:00:00,2324,qual,AFCONQ,68374,5889,52.08466455062512,1,2
3876926,2023-09-09 16:00:00,2324,qual,AFCONQ,6321,5805,319.72018612728994,2,2
4044646,2023-09-09 16:00:00,2324,qual,EUROQ,10045,10057,-255.8726165135438,0,1
4044687,2023-09-09 18:45:00,2324,qual,EUROQ,8260,8204,-311.4280929517179,0,1
4044647,2023-09-09 18:45:00,2324,qual,EUROQ,9730,8567,116.41250740871033,0,1
ng2470386,2023-09-09 18:45:00,2324,friendly,Friendlies,8570,6715,200.0766534220695,-3,0
4044648,2023-09-09 18:45:00,2324,qual,EUROQ,430156,6717,-297.95636098622185,0,1
3876942,2023-09-09 19:00:00,2324,qual,AFCONQ,6395,5885,636.3730449347313,0,1
3876927,2023-09-09 19:00:00,2324,qual,AFCONQ,230692,6277,-170.6118515202711,0,1
ng2470387,2023-09-09 21:30:00,2324,friendly,Friendlies,6713,8700,246.05629817084855,3,2
ng2470464,2023-09-10 02:00:00,2324,friendly,Friendlies,6710,6716,217.21220191986527,0,1
4044793,2023-09-10 13:00:00,2324,qual,EUROQ,8265,10259,-66.38768019309123,1,2
ng2470823,2023-09-10 15:59:00,2324,friendly,Friendlies,8565,8496,95.21505408891085,0,1
4044748,2023-09-10 16:00:00,2324,qual,EUROQ,49437,10150,122.11992633812338,1,2
4044794,2023-09-10 16:00:00,2324,qual,EUROQ,7871,8238,-108.9331945256024,-1,0
4044728,2023-09-10 16:00:00,2324,qual,EUROQ,8269,5794,77.67345634370531,-1,0
3876938,2023-09-10 16:00:00,2324,qual,AFCONQ,6346,287979,641.0746876595217,6,2
3876905,2023-09-10 16:00:00,2324,qual,AFCONQ,7740,5888,-82.25744789326677,1,2
4044729,2023-09-10 18:45:00,2324,qual,EUROQ,10024,8568,-124.65431404625929,2,2
4044616,2023-09-10 18:45:00,2324,qual,EUROQ,6383,507764,660.5345949563514,5,2
4044672,2023-09-10 18:45:00,2324,qual,EUROQ,5791,6708,-172.03079114327602,-1,0
4044749,2023-09-10 18:45:00,2324,qual,EUROQ,8254,8205,-377.1775764116328,-2,0
4044795,2023-09-10 18:45:00,2324,qual,EUROQ,6035,5787,-732.3652086220882,-4,0
3876931,2023-09-10 19:00:00,2324,qual,AFCONQ,5979,5801,238.46050561462334,0,1
ng2472411,2023-09-11 10:30:00,2324,friendly,Friendlies,8307,95799,161.28467354722534,1,2
ng2472410,2023-09-11 12:00:00,2324,friendly,Friendlies,6322,178671,594.1922392258999,10,2
ng2470979,2023-09-11 12:30:00,2324,friendly,Friendlies,5894,6333,124.10080293822762,2,2
ng2472913,2023-09-11 15:59:00,2324,friendly,Friendlies,5893,5821,-115.9144934997264,2,2
3876901,2023-09-11 16:00:00,2324,qual,AFCONQ,230700,5803,161.93907904080584,1,2
4044708,2023-09-11 16:00:00,2324,qual,EUROQ,6583,10155,-313.42498135348046,-1,0
4044594,2023-09-11 18:45:00,2324,qual,EUROQ,8361,5792,578.0330289546587,9,2
4044593,2023-09-11 18:45:00,2324,qual,EUROQ,8497,5799,688.8714439420366,3,2
4044592,2023-09-11 18:45:00,2324,qual,EUROQ,8536,10106,36.346326018983746,1,2
4044709,2023-09-11 18:45:00,2324,qual,EUROQ,5795,5790,-279.7956140494921,-2,0
ng2474789,2023-09-12 11:00:00,2324,friendly,Friendlies,230139,95796,34.51756905758225,1,2
ng2473364,2023-09-12 11:30:00,2324,friendly,Friendlies,5825,5896,249.04963671621317,2,2
ng2470819,2023-09-12 11:35:00,2324,friendly,Friendlies,5822,6320,111.97377313286847,-1,0
ng2470605,2023-09-12 12:20:00,2324,friendly,Friendlies,6715,6595,207.45155046838318,2,2
ng2474784,2023-09-12 13:00:00,2324,friendly,Friendlies,5884,408231,290.0768382173044,-1,0
ng2474838,2023-09-12 15:00:00,2324,friendly,Friendlies,5901,5900,342.7085210183377,0,1
ng2472415,2023-09-12 15:00:00,2324,friendly,Friendlies,6705,5789,226.78037239517062,-3,0
ng2473373,2023-09-12 15:00:00,2324,friendly,Friendlies,6316,6321,95.71254804529894,1,2
ng2470980,2023-09-12 15:15:00,2324,friendly,Friendlies,5902,8713,-100.03386642482974,0,1
ng2474840,2023-09-12 15:30:00,2324,friendly,Friendlies,6711,6712,418.47834202999456,4,2
ng2472416,2023-09-12 15:59:00,2324,friendly,Friendlies,8566,5816,-22.016058582605183,1,2
ng2473375,2023-09-12 15:59:00,2324,friendly,Friendlies,6714,5804,391.15855621656146,2,2
ng2470610,2023-09-12 16:30:00,2324,friendly,Friendlies,7804,7795,290.6255498966832,1,2
ng2474808,2023-09-12 17:00:00,2324,friendly,Friendlies,10255,6719,103.92960730472328,-2,0
ng2472414,2023-09-12 18:30:00,2324,friendly,Friendlies,6262,6323,348.5362636084351,1,2
4044649,2023-09-12 18:45:00,2324,qual,EUROQ,9730,430156,185.63764933218908,2,2
4044567,2023-09-12 18:45:00,2324,qual,EUROQ,6720,5793,709.9606063700915,6,2
4044573,2023-09-12 18:45:00,2324,qual,EUROQ,8492,8268,227.12203358877719,1,2
4044769,2023-09-12 18:45:00,2324,qual,EUROQ,8520,8255,62.56641628895909,-2,0
4044651,2023-09-12 18:45:00,2324,qual,EUROQ,6717,10045,811.7803293368208,3,2
ng2470608,2023-09-12 18:45:00,2324,friendly,Friendlies,8498,8491,-108.51543181237639,-2,0
4044650,2023-09-12 18:45:00,2324,qual,EUROQ,8567,10057,225.64300607883365,1,2
4044768,2023-09-12 18:45:00,2324,qual,EUROQ,8263,8261,580.7432593386161,5,2
4044688,2023-09-12 18:45:00,2324,qual,EUROQ,8204,6718,216.88857667469756,1,2
4044689,2023-09-12 18:45:00,2324,qual,EUROQ,8495,8260,-176.78292845707188,-2,0
ng2470609,2023-09-12 19:00:00,2324,friendly,Friendlies,8570,6723,-58.61544787722369,1,2
3876918,2023-09-12 19:00:00,2324,qual,AFCONQ,6629,121284,394.57835008709617,3,2
ng2472249,2023-09-12 19:00:00,2324,friendly,Friendlies,6395,6317,197.94346441288758,-1,0
4196498,2023-09-12 20:00:00,2324,qual,WCQ_CONMEBOL,5797,6706,-268.118238014476,-3,0
4196496,2023-09-12 21:00:00,2324,qual,WCQ_CONMEBOL,6707,5796,106.55903732925299,1,2
4196499,2023-09-12 22:00:00,2324,qual,WCQ_CONMEBOL,5800,6724,101.05617685108632,1,2
ng2472413,2023-09-13 00:00:00,2324,friendly,Friendlies,6710,8700,378.1028208597663,0,1
ng2470831,2023-09-13 00:30:00,2324,friendly,Friendlies,6713,5824,292.65351423821267,4,2
4196497,2023-09-13 00:30:00,2324,qual,WCQ_CONMEBOL,9762,8258,-93.49735289830278,0,1
4196500,2023-09-13 02:00:00,2324,qual,WCQ_CONMEBOL,5798,8256,-151.32524401845876,-1,0
ng2483501,2023-09-30 14:00:00,2324,friendly,Friendlies,5887,6290,1.6963881339668205,0,1
ng2486852,2023-10-08 05:00:00,2324,friendly,Friendlies,287876,6319,64.87685649698301,-2,0
ng2486063,2023-10-10 11:35:00,2324,friendly,Friendlies,5822,5894,79.49727580373656,2,2
ng2486752,2023-10-11 02:00:00,2324,friendly,Friendlies,6319,5926,122.99105215190775,1,2
ng2486064,2023-10-11 18:45:00,2324,friendly,Friendlies,5790,507764,698.1067373598346,4,2
4277947,2023-10-12 09:30:00,2324,qual,WCQ_AFC,8307,4175,394.9869108059977,4,2
4277944,2023-10-12 11:00:00,2324,qual,WCQ_AFC,5899,95797,152.0368098364421,0,1
4277949,2023-10-12 11:00:00,2324,qual,WCQ_AFC,5896,95801,406.4841966196493,4,2
4277945,2023-10-12 11:30:00,2324,qual,WCQ_AFC,5825,95798,490.2295193714449,1,2
4277952,2023-10-12 11:45:00,2324,qual,WCQ_AFC,95799,5891,314.23124715316544,0,1
4277948,2023-10-12 12:00:00,2324,qual,WCQ_AFC,6332,5910,36.75651869887156,0,1
4277951,2023-10-12 12:00:00,2324,qual,WCQ_AFC,6322,95800,630.6833023398615,4,2
4277950,2023-10-12 12:00:00,2324,qual,WCQ_AFC,6324,178671,620.2317127050359,6,2
4277943,2023-10-12 14:00:00,2324,qual,WCQ_AFC,95796,95971,406.3510549733753,1,2
ng2486765,2023-10-12 15:59:00,2324,friendly,Friendlies,8713,6629,181.7847131101446,1,2
ng2487399,2023-10-12 15:59:00,2324,friendly,Friendlies,10255,6277,260.8286883838184,1,2
ng2486766,2023-10-12 15:59:00,2324,friendly,Friendlies,5789,5821,137.50460658456336,1,2
ng2486767,2023-10-12 15:59:00,2324,friendly,Friendlies,49437,5897,294.44546893629126,1,2
ng2486068,2023-10-12 15:59:00,2324,friendly,Friendlies,8268,5788,367.3404029540286,8,2
ng2486772,2023-10-12 15:59:00,2324,friendly,Friendlies,5901,5893,300.8232722038447,2,2
4044711,2023-10-12 16:00:00,2324,qual,EUROQ,5795,6583,-72.012327337633,2,2
ng2486067,2023-10-12 17:00:00,2324,friendly,Friendlies,8520,5794,515.2556650137371,2,2
4277946,2023-10-12 17:00:00,2324,qual,WCQ_AFC,5892,5895,523.9888750489497,3,2
4044710,2023-10-12 18:45:00,2324,qual,EUROQ,10155,6595,302.65292755526684,-1,0
4044562,2023-10-12 18:45:00,2324,qual,EUROQ,6720,8498,298.1479377927915,2,2
4044652,2023-10-12 18:45:00,2324,qual,EUROQ,10057,9730,-180.1051492093843,0,1
4044653,2023-10-12 18:45:00,2324,qual,EUROQ,10045,430156,-291.4771886948017,-3,0
4044731,2023-10-12 18:45:00,2324,qual,EUROQ,8269,8568,-387.4170822729516,-2,0
4044574,2023-10-12 18:45:00,2324,qual,EUROQ,5793,8492,-308.86416217971214,-4,0
4044730,2023-10-12 18:45:00,2324,qual,EUROQ,10024,8496,-122.61634061196673,3,2
ng2486771,2023-10-12 19:00:00,2324,friendly,Friendlies,6317,5888,261.0618678539215,4,2
4196495,2023-10-12 20:30:00,2324,qual,WCQ_CONMEBOL,8258,5796,134.98078584453765,0,1
4196493,2023-10-12 23:00:00,2324,qual,WCQ_CONMEBOL,5797,6707,-139.55349078958739,-1,0
4196505,2023-10-12 23:00:00,2324,qual,WCQ_CONMEBOL,6706,6724,510.4857215928457,1,2
4196506,2023-10-13 00:00:00,2324,qual,WCQ_CONMEBOL,9762,5798,19.438792109584938,2,2
4196494,2023-10-13 00:30:00,2324,qual,WCQ_CONMEBOL,8256,5800,540.3583966235956,0,1
ng2486783,2023-10-13 08:30:00,2324,friendly,Friendlies,6333,5898,183.0752755998867,0,1
ng2486069,2023-10-13 10:35:00,2324,friendly,Friendlies,6715,5810,282.9659877146489,3,2
ng2486775,2023-10-13 11:00:00,2324,friendly,Friendlies,7804,6719,152.63405046739604,4,2
ng2487797,2023-10-13 11:35:00,2324,friendly,Friendlies,5894,8700,-65.16063243526355,-2,0
ng2486773,2023-10-13 13:00:00,2324,friendly,Friendlies,5823,6329,129.09400638389207,2,2
ng2487798,2023-10-13 14:00:00,2324,friendly,Friendlies,6712,5965,92.76846112420685,0,1
ng2487799,2023-10-13 14:00:00,2324,friendly,Friendlies,8323,6323,49.49671592962659,0,1
ng2486787,2023-10-13 15:00:00,2324,friendly,Friendlies,5819,5902,165.44147781032643,0,1
ng2486778,2023-10-13 15:59:00,2324,friendly,Friendlies,6316,4433,477.24741512338323,0,1
ng2486779,2023-10-13 15:59:00,2324,friendly,Friendlies,5820,6321,33.30632418143887,0,1
ng2486065,2023-10-13 15:59:00,2324,friendly,Friendlies,7795,6346,10.86290546319242,0,1
ng2487801,2023-10-13 15:59:00,2324,friendly,Friendlies,6289,230700,82.16660663003222,1,2
4044771,2023-10-13 16:00:00,2324,qual,EUROQ,8261,8566,87.41666439178948,-2,0
ng2486781,2023-10-13 18:10:00,2324,friendly,Friendlies,5816,6711,-139.3159961094732,-2,0
ng2486070,2023-10-13 18:45:00,2324,friendly,Friendlies,8491,6716,312.77532100098506,1,2
4044597,2023-10-13 18:45:00,2324,qual,EUROQ,8536,5792,150.44014309107047,0,1
4044617,2023-10-13 18:45:00,2324,qual,EUROQ,5791,6383,99.17818188322735,-2,0
4044595,2023-10-13 18:45:00,2324,qual,EUROQ,5799,10106,-465.75172127520295,-2,0
4044673,2023-10-13 18:45:00,2324,qual,EUROQ,6708,6723,11.482088720114689,-1,0
4044596,2023-10-13 18:45:00,2324,qual,EUROQ,8361,8497,418.9631444076256,1,2
4044770,2023-10-13 18:45:00,2324,qual,EUROQ,8255,8263,-66.87868076708901,-1,0
ng2486782,2023-10-13 19:00:00,2324,friendly,Friendlies,5815,5890,274.03378167012715,1,2
ng2488004,2023-10-14 03:00:00,2324,friendly,Friendlies,287876,5926,78.93105240333057,-1,0
4044796,2023-10-14 13:00:00,2324,qual,EUROQ,10259,6035,778.4184588821896,3,2
4044690,2023-10-14 13:00:00,2324,qual,EUROQ,6718,8260,226.73374490267702,2,2
ng2488021,2023-10-14 15:30:00,2324,friendly,Friendlies,5803,5883,-12.768793728051605,0,1
ng2488022,2023-10-14 15:30:00,2324,friendly,Friendlies,121281,287978,393.97750069493884,3,2
4044797,2023-10-14 16:00:00,2324,qual,EUROQ,5787,7871,75.77508370849546,3,2
4044750,2023-10-14 16:00:00,2324,qual,EUROQ,10150,8254,253.57416307928293,-2,0
ng2487796,2023-10-14 17:00:00,2324,friendly,Friendlies,6709,6262,-116.97977353236183,0,1
ng2488027,2023-10-14 18:30:00,2324,friendly,Friendlies,5809,68374,-65.00641623114939,-1,0
4044798,2023-10-14 18:45:00,2324,qual,EUROQ,8238,8265,528.1167402765095,2,2
4044691,2023-10-14 18:45:00,2324,qual,EUROQ,8204,8495,715.6977033453054,4,2
4044751,2023-10-14 18:45:00,2324,qual,EUROQ,8565,8205,75.19309789397107,1,2
ng2486071,2023-10-14 19:00:00,2324,friendly,Friendlies,6713,8570,-58.1933587824808,-2,0
ng2488028,2023-10-14 19:10:00,2324,friendly,Friendlies,5804,6328,45.566434862779715,-1,0
ng2486066,2023-10-15 01:00:00,2324,friendly,Friendlies,6710,6714,343.9549768571362,2,2
ng2489718,2023-10-15 07:00:00,2324,friendly,Friendlies,5893,230139,233.70150078020401,-1,0
4044607,2023-10-15 13:00:00,2324,qual,EUROQ,8268,5793,332.27128609600095,4,2
ng2489730,2023-10-15 15:59:00,2324,friendly,Friendlies,5805,7941,3.7280299843127978,0,1
4044732,2023-10-15 16:00:00,2324,qual,EUROQ,8496,8269,554.162226438797,1,2
4044655,2023-10-15 16:00:00,2324,qual,EUROQ,6717,10057,486.0957254252735,0,1
4044712,2023-10-15 18:45:00,2324,qual,EUROQ,6595,5795,453.37955737041784,4,2
4044568,2023-10-15 18:45:00,2324,qual,EUROQ,8492,6720,-155.33577285360752,-1,0
4044733,2023-10-15 18:45:00,2324,qual,EUROQ,8568,5794,508.98907541903645,0,1
4044713,2023-10-15 18:45:00,2324,qual,EUROQ,5790,10155,-72.45038529750468,1,2
4044656,2023-10-15 18:45:00,2324,qual,EUROQ,9730,10045,574.3139910820864,4,2
ng2487364,2023-10-16 11:35:00,2324,friendly,Friendlies,5822,8700,-54.62968197373743,-1,0
ng2489319,2023-10-16 14:00:00,2324,friendly,Friendlies,5887,4433,147.1127465027812,1,2
ng2488502,2023-10-16 15:00:00,2324,friendly,Friendlies,5965,6346,-151.29165799114958,-1,0
ng2488501,2023-10-16 15:59:00,2324,friendly,Friendlies,10255,6317,68.9193581958898,0,1
ng2488429,2023-10-16 15:59:00,2324,friendly,Friendlies,8713,5884,456.8302415173248,0,1
4044772,2023-10-16 16:00:00,2324,qual,EUROQ,8566,8255,-255.78988517414564,-1,0
ng2488430,2023-10-16 18:30:00,2324,friendly,Friendlies,6395,6629,227.05396720884573,1,2
4044674,2023-10-16 18:45:00,2324,qual,EUROQ,507764,5791,-505.48741483696585,-4,0
4044598,2023-10-16 18:45:00,2324,qual,EUROQ,8536,5799,594.107178142323,4,2
4044618,2023-10-16 18:45:00,2324,qual,EUROQ,6383,6708,-164.96550046790526,-1,0
4044599,2023-10-16 18:45:00,2324,qual,EUROQ,5792,8497,-76.03525296654766,-1,0
4044600,2023-10-16 18:45:00,2324,qual,EUROQ,10106,8361,-318.35933633363106,-5,0
4044773,2023-10-16 18:45:00,2324,qual,EUROQ,8263,8520,271.92958285533064,0,1
4277955,2023-10-17 04:45:00,2324,qual,WCQ_AFC,95798,5825,-364.7213184756846,-1,0
4277953,2023-10-17 07:00:00,2324,qual,WCQ_AFC,95971,95796,-348.38565382836657,-1,0
4277958,2023-10-17 09:00:00,2324,qual,WCQ_AFC,5910,6332,97.4595145607982,1,2
4277956,2023-10-17 09:30:00,2324,qual,WCQ_AFC,5895,5892,-465.52602155803345,0,1
ng2487366,2023-10-17 10:10:00,2324,friendly,Friendlies,6715,6719,230.77466286792333,2,2
4277959,2023-10-17 11:00:00,2324,qual,WCQ_AFC,95801,5896,-419.66485225052827,-3,0
ng2489327,2023-10-17 11:00:00,2324,friendly,Friendlies,7804,5894,431.22463294293334,6,2
4277957,2023-10-17 11:30:00,2324,qual,WCQ_AFC,4175,8307,-343.9852623368366,0,1
4277954,2023-10-17 11:45:00,2324,qual,WCQ_AFC,95797,5899,-5.570781153997018,1,2
4277962,2023-10-17 12:00:00,2324,qual,WCQ_AFC,5891,95799,-155.49331958657353,-1,0
4277961,2023-10-17 12:00:00,2324,qual,WCQ_AFC,95800,6322,-394.55608268251103,2,2
4277960,2023-10-17 12:15:00,2324,qual,WCQ_AFC,178671,6324,-494.8855879694746,-6,0
ng2490515,2023-10-17 13:00:00,2324,friendly,Friendlies,5888,230692,313.25049312650367,-1,0
ng2489350,2023-10-17 13:00:00,2324,friendly,Friendlies,8260,6583,161.5861188435299,2,2
ng2490527,2023-10-17 14:30:00,2324,friendly,Friendlies,5816,5819,-47.19638779843649,0,1
ng2490539,2023-10-17 14:30:00,2324,friendly,Friendlies,6712,6321,-65.4530917746738,0,1
ng2490514,2023-10-17 15:00:00,2324,friendly,Friendlies,6277,5890,146.5642200663408,3,2
ng2489333,2023-10-17 15:00:00,2324,friendly,Friendlies,7795,5815,0.3179226117599683,-2,0
ng2489334,2023-10-17 15:00:00,2324,friendly,Friendlies,5883,5809,211.43819053188327,-1,0
ng2489336,2023-10-17 15:00:00,2324,friendly,Friendlies,6328,121281,195.86806789978937,0,1
ng2489338,2023-10-17 15:59:00,2324,friendly,Friendlies,8261,5788,207.3682318482131,0,1
ng2489337,2023-10-17 15:59:00,2324,friendly,Friendlies,10024,10150,206.78226406124463,2,2
ng2489339,2023-10-17 15:59:00,2324,friendly,Friendlies,5789,5897,235.7150896868086,1,2
ng2490543,2023-10-17 15:59:00,2324,friendly,Friendlies,5805,4432,183.06289911322347,1,2
ng2490532,2023-10-17 15:59:00,2324,friendly,Friendlies,6320,5821,100.11091363299579,-1,0
ng2488431,2023-10-17 15:59:00,2324,friendly,Friendlies,5901,230139,447.67997385403805,1,2
4044800,2023-10-17 16:00:00,2324,qual,EUROQ,7871,8265,310.6127870941957,-1,0
ng2489342,2023-10-17 17:40:00,2324,friendly,Friendlies,287978,5803,-339.8299153353988,-2,0
ng2490516,2023-10-17 18:00:00,2324,friendly,Friendlies,5902,6711,-107.27381337191855,-4,0
ng2489340,2023-10-17 18:00:00,2324,friendly,Friendlies,6289,5889,86.39476428111766,0,1
ng2489341,2023-10-17 18:30:00,2324,friendly,Friendlies,68374,6323,-18.277432470410076,-1,0
4044752,2023-10-17 18:45:00,2324,qual,EUROQ,8205,49437,317.07765105479257,2,2
4044801,2023-10-17 18:45:00,2324,qual,EUROQ,6035,8238,-930.9812742229242,-1,0
4044799,2023-10-17 18:45:00,2324,qual,EUROQ,10259,5787,-41.91945587045802,-1,0
4044693,2023-10-17 18:45:00,2324,qual,EUROQ,8495,6718,-410.5357086647516,-2,0
4044753,2023-10-17 18:45:00,2324,qual,EUROQ,8254,8565,-359.1516274072551,0,1
4044692,2023-10-17 18:45:00,2324,qual,EUROQ,8491,8204,125.6138513037904,2,2
ng2487365,2023-10-17 18:45:00,2324,friendly,Friendlies,6716,5820,332.73601503909117,2,2
ng2489343,2023-10-17 19:00:00,2324,friendly,Friendlies,6709,6316,131.1727573938938,0,1
3876946,2023-10-17 19:00:00,2324,qual,AFCONQ,6262,5804,609.2572050715789,3,2
ng2487367,2023-10-17 19:10:00,2324,friendly,Friendlies,6723,8498,337.51601399877063,3,2
4196528,2023-10-17 21:00:00,2324,qual,WCQ_CONMEBOL,5800,9762,85.09989286355585,3,2
4196529,2023-10-17 22:30:00,2324,qual,WCQ_CONMEBOL,6724,5797,262.639447158042,1,2
4196530,2023-10-17 23:30:00,2324,qual,WCQ_CONMEBOL,6707,8258,139.45485231867497,0,1
4196526,2023-10-18 00:00:00,2324,qual,WCQ_CONMEBOL,5796,8256,-61.78923402497048,2,2
ng2487368,2023-10-18 00:10:00,2324,friendly,Friendlies,6710,8570,37.48583215550343,0,1
ng2489351,2023-10-18 00:30:00,2324,friendly,Friendlies,6713,6714,230.53349718164236,4,2
4196527,2023-10-18 02:00:00,2324,qual,WCQ_CONMEBOL,5798,6706,-165.6500271574164,-2,0
ng2491794,2023-10-20 15:59:00,2324,friendly,Friendlies,5805,4432,193.4027818926188,0,1
ng2498557,2023-11-12 00:10:00,2324,friendly,Friendlies,5858,5806,13.492993220966355,0,1
4044657,2023-11-12 19:45:00,2324,qual,EUROQ,430156,8567,-10.725655759647907,1,2
4341366,2023-11-15 13:00:00,2324,qual,WCQ_CAF,8323,5802,201.72216100193873,-3,0
4341121,2023-11-15 13:00:00,2324,qual,WCQ_CAF,5885,6290,134.2373861316862,0,1
4341165,2023-11-15 16:00:00,2324,qual,WCQ_CAF,6321,68374,192.25811213973907,2,2
4341100,2023-11-15 19:00:00,2324,qual,WCQ_CAF,121282,5803,-3.4294214924718744,0,1
ng2499487,2023-11-15 19:45:00,2324,friendly,Friendlies,8263,8205,219.94982420717156,1,2
4044654,2023-11-15 19:45:00,2324,qual,EUROQ,8567,6717,-264.6133615712183,0,1
4348771,2023-11-16 09:00:00,2324,qual,WCQ_AFC,6716,95797,920.540293788639,7,2
4348741,2023-11-16 10:00:00,2324,qual,WCQ_AFC,6715,8307,883.2500418687761,5,2
4278036,2023-11-16 11:00:00,2324,qual,WCQ_AFC,230139,5894,-228.01563628690428,-2,0
4348589,2023-11-16 11:00:00,2324,qual,WCQ_AFC,7804,5825,678.1105812286496,5,2
4278063,2023-11-16 12:30:00,2324,qual,WCQ_AFC,5788,5822,-76.84824495818498,-1,0
4341305,2023-11-16 13:00:00,2324,qual,WCQ_CAF,121284,5979,-140.43144996981255,1,2
4341315,2023-11-16 13:00:00,2324,qual,WCQ_CAF,5887,5965,-47.04908016536319,-1,0
4278057,2023-11-16 13:00:00,2324,qual,WCQ_AFC,5823,5893,96.00750783694889,1,2
4278039,2023-11-16 13:00:00,2324,qual,WCQ_AFC,5898,5816,-162.22030149467946,0,1
4278070,2023-11-16 14:00:00,2324,qual,WCQ_AFC,5897,6333,-47.538837174235596,0,1
4278031,2023-11-16 14:00:00,2324,qual,WCQ_AFC,5900,8700,-292.3431093829777,-2,0
4348734,2023-11-16 14:30:00,2324,qual,WCQ_AFC,6711,6322,745.0365135707937,4,2
4348757,2023-11-16 14:45:00,2324,qual,WCQ_AFC,5819,6324,522.7057679302841,4,2
4348744,2023-11-16 15:00:00,2324,qual,WCQ_AFC,5824,5896,609.1113957025129,3,2
4348591,2023-11-16 15:45:00,2324,qual,WCQ_AFC,5902,95796,465.15468126304336,7,2
4348762,2023-11-16 15:45:00,2324,qual,WCQ_AFC,5789,95799,628.4071304775626,4,2
4341151,2023-11-16 16:00:00,2324,qual,WCQ_CAF,5805,7740,-102.03626183044298,0,1
4341122,2023-11-16 16:00:00,2324,qual,WCQ_CAF,6346,4167,525.1981857984545,0,1
4341298,2023-11-16 16:00:00,2324,qual,WCQ_CAF,5889,5884,132.65224199015006,1,2
4341099,2023-11-16 16:00:00,2324,qual,WCQ_CAF,10255,121285,865.8717524262096,6,2
4341287,2023-11-16 16:00:00,2324,qual,WCQ_CAF,6317,287978,885.141903311967,2,2
4348730,2023-11-16 16:30:00,2324,qual,WCQ_AFC,7795,5910,733.8746989023915,4,2
4278026,2023-11-16 16:30:00,2324,qual,WCQ_AFC,5821,6329,285.63279345496085,-1,0
4044775,2023-11-16 17:00:00,2324,qual,EUROQ,8566,8520,-240.6550597160708,3,2
4044754,2023-11-16 17:00:00,2324,qual,EUROQ,10150,8565,-226.29788196879053,0,1
4278049,2023-11-16 17:00:00,2324,qual,WCQ_AFC,6320,6330,52.24667593215031,1,2
4044569,2023-11-16 17:00:00,2324,qual,EUROQ,5793,6720,-561.2459095715203,-2,0
4044774,2023-11-16 17:00:00,2324,qual,EUROQ,8261,8255,-287.5900905959795,-2,0
4044563,2023-11-16 17:00:00,2324,qual,EUROQ,8268,8498,-83.93412776798641,0,1
ng2499486,2023-11-16 17:00:00,2324,friendly,Friendlies,8492,8269,548.874214699669,2,2
4348767,2023-11-16 18:00:00,2324,qual,WCQ_AFC,5892,5901,-304.8270128566537,-2,0
4341202,2023-11-16 19:00:00,2324,qual,WCQ_CAF,5888,6712,164.7965238006741,0,1
4044755,2023-11-16 19:45:00,2324,qual,EUROQ,49437,8254,257.5630121775657,2,2
4044602,2023-11-16 19:45:00,2324,qual,EUROQ,5792,10106,-18.8235023929592,3,2
4044601,2023-11-16 19:45:00,2324,qual,EUROQ,5799,8361,-877.5707386027998,-2,0
4044603,2023-11-16 19:45:00,2324,qual,EUROQ,8497,8536,176.8153490609143,2,2
4196533,2023-11-16 20:00:00,2324,qual,WCQ_CONMEBOL,5797,5798,-12.033678664716263,2,2
4196532,2023-11-16 22:00:00,2324,qual,WCQ_CONMEBOL,5800,6707,42.60139598519345,0,1
ng2500812,2023-11-17 00:00:00,2324,friendly,Friendlies,287981,6327,-4.902085061267144,0,1
4196531,2023-11-17 00:00:00,2324,qual,WCQ_CONMEBOL,8258,8256,-18.708903488981377,1,2
4196534,2023-11-17 00:00:00,2324,qual,WCQ_CONMEBOL,6706,5796,263.8921409788061,-2,0
4196535,2023-11-17 00:30:00,2324,qual,WCQ_CONMEBOL,9762,6724,151.12223169647382,0,1
4341252,2023-11-17 13:00:00,2324,qual,WCQ_CAF,230692,230693,64.17288849481542,2,2
4341213,2023-11-17 13:00:00,2324,qual,WCQ_CAF,4433,6328,-149.99789830116833,-1,0
4341288,2023-11-17 13:00:00,2324,qual,WCQ_CAF,6289,5890,8.229048738291112,1,2
4044802,2023-11-17 15:00:00,2324,qual,EUROQ,8265,6035,665.7145240410086,2,2
4341364,2023-11-17 16:00:00,2324,qual,WCQ_CAF,5804,6020,43.79286084836008,-1,0
4341250,2023-11-17 16:00:00,2324,qual,WCQ_CAF,6714,5809,380.1873850829884,1,2
4341185,2023-11-17 16:00:00,2324,qual,WCQ_CAF,6277,5801,274.24493653914624,2,2
ng2500093,2023-11-17 17:00:00,2324,friendly,Friendlies,6383,5820,278.64550016784506,2,2
4044803,2023-11-17 17:00:00,2324,qual,EUROQ,7871,10259,176.39440507254153,4,2
4044735,2023-11-17 17:00:00,2324,qual,EUROQ,5794,10024,-204.694961217647,0,1
4341365,2023-11-17 19:00:00,2324,qual,WCQ_CAF,6719,287979,703.1034213029909,4,2
4341203,2023-11-17 19:00:00,2324,qual,WCQ_CAF,6629,5750,743.00605028954,3,2
4341251,2023-11-17 19:00:00,2324,qual,WCQ_CAF,5815,4432,536.3084438070041,2,2
4341087,2023-11-17 19:00:00,2324,qual,WCQ_CAF,6323,230700,133.16326736113206,0,1
4341297,2023-11-17 19:00:00,2324,qual,WCQ_CAF,6709,121274,752.2169282098062,9,2
4044734,2023-11-17 19:45:00,2324,qual,EUROQ,8568,8496,68.29924678504904,0,1
4044695,2023-11-17 19:45:00,2324,qual,EUROQ,8491,8495,746.2220244719606,2,2
4044804,2023-11-17 19:45:00,2324,qual,EUROQ,8238,5787,257.2236863672001,1,2
4044694,2023-11-17 19:45:00,2324,qual,EUROQ,8204,8260,445.06150487317177,3,2
4341123,2023-11-18 13:00:00,2324,qual,WCQ_CAF,6316,5883,254.13904507510142,1,2
4044714,2023-11-18 14:00:00,2324,qual,EUROQ,6583,5790,-168.63991990315048,0,1
4341183,2023-11-18 16:00:00,2324,qual,WCQ_CAF,121281,7941,-147.3032218008966,-1,0
4044715,2023-11-18 17:00:00,2324,qual,EUROQ,5795,10155,-405.7790133005424,-2,0
4044658,2023-11-18 17:00:00,2324,qual,EUROQ,10057,10045,335.2761610775981,1,2
4341152,2023-11-18 19:00:00,2324,qual,WCQ_CAF,6395,408231,672.3775766420654,4,2
4044660,2023-11-18 19:45:00,2324,qual,EUROQ,6717,430156,395.9694858271903,0,1
ng2500080,2023-11-18 19:45:00,2324,friendly,Friendlies,8570,6595,260.5794692305303,-1,0
4044659,2023-11-18 19:45:00,2324,qual,EUROQ,8567,9730,-28.950216394702693,-1,0
4044675,2023-11-18 19:45:00,2324,qual,EUROQ,6723,507764,1025.6889036371595,14,2
4044676,2023-11-18 19:45:00,2324,qual,EUROQ,6708,5791,338.04367005632025,1,2
4341313,2023-11-19 13:00:00,2324,qual,WCQ_CAF,121284,5889,-104.17518514887547,-1,0
4341317,2023-11-19 13:00:00,2324,qual,WCQ_CAF,5965,6317,-217.01006231076235,-2,0
4341119,2023-11-19 13:00:00,2324,qual,WCQ_CAF,6290,6346,-272.23493550387434,0,1
4044756,2023-11-19 14:00:00,2324,qual,EUROQ,8565,49437,302.4238738734068,2,2
4044757,2023-11-19 14:00:00,2324,qual,EUROQ,8205,10150,390.51806173768296,0,1
ng2500094,2023-11-19 15:59:00,2324,friendly,Friendlies,5793,8254,62.24765581192355,1,2
4341148,2023-11-19 16:00:00,2324,qual,WCQ_CAF,5805,6321,-257.13158478765786,1,2
4341102,2023-11-19 16:00:00,2324,qual,WCQ_CAF,5803,10255,-363.65785189088115,-2,0
4044776,2023-11-19 17:00:00,2324,qual,EUROQ,8263,8566,524.8200448375092,5,2
4044777,2023-11-19 17:00:00,2324,qual,EUROQ,8520,8261,396.99579693089686,2,2
4044564,2023-11-19 19:45:00,2324,qual,EUROQ,8498,8492,88.0588062856873,0,1
4044606,2023-11-19 19:45:00,2324,qual,EUROQ,8361,8536,529.9222099533811,2,2
4044604,2023-11-19 19:45:00,2324,qual,EUROQ,5799,5792,-372.4947465526559,-1,0
4044570,2023-11-19 19:45:00,2324,qual,EUROQ,6720,8268,468.4974970234814,2,2
4044605,2023-11-19 19:45:00,2324,qual,EUROQ,10106,8497,3.810290901743201,-1,0
4341101,2023-11-20 13:00:00,2324,qual,WCQ_CAF,121285,230700,-523.653455549816,-1,0
4341349,2023-11-20 16:00:00,2324,qual,WCQ_CAF,5804,8323,-118.54290977081223,3,2
4341314,2023-11-20 16:00:00,2324,qual,WCQ_CAF,5979,6709,-192.31648270270625,-2,0
ng2500957,2023-11-20 16:30:00,2324,friendly,Friendlies,8713,5857,587.4362073621755,8,2
4341306,2023-11-20 19:00:00,2324,qual,WCQ_CAF,121274,5884,-423.503140425987,-5,0
4341254,2023-11-20 19:00:00,2324,qual,WCQ_CAF,5815,230693,452.23616450055397,0,1
4341253,2023-11-20 19:00:00,2324,qual,WCQ_CAF,4432,5809,-101.15292368093878,-3,0
4044696,2023-11-20 19:45:00,2324,qual,EUROQ,6718,8204,-61.51238768112967,0,1
4044736,2023-11-20 19:45:00,2324,qual,EUROQ,8496,5794,487.4920459694706,3,2
4044697,2023-11-20 19:45:00,2324,qual,EUROQ,8260,8491,-329.4878180997687,0,1
4044805,2023-11-20 19:45:00,2324,qual,EUROQ,10259,8238,-255.8339442087297,2,2
4044807,2023-11-20 19:45:00,2324,qual,EUROQ,6035,7871,-701.3796526784326,-1,0
4044806,2023-11-20 19:45:00,2324,qual,EUROQ,5787,8265,318.33315115828964,1,2
4044737,2023-11-20 19:45:00,2324,qual,EUROQ,10024,8269,406.4909399329538,0,1
ng2501137,2023-11-21 00:00:00,2324,friendly,Friendlies,287981,6327,-4.619917085391762,0,1
4348742,2023-11-21 09:00:00,2324,qual,WCQ_AFC,5910,5898,-367.5055398885627,-5,0
4348740,2023-11-21 09:30:00,2324,qual,WCQ_AFC,8307,6330,-275.6392039963755,-5,0
4348758,2023-11-21 11:00:00,2324,qual,WCQ_AFC,230139,6324,3.7177879516666508,0,1
4348745,2023-11-21 11:00:00,2324,qual,WCQ_AFC,5896,5823,-243.237178802392,-1,0
4348772,2023-11-21 11:45:00,2324,qual,WCQ_AFC,95797,5897,-378.94711854151967,0,1
4348735,2023-11-21 12:00:00,2324,qual,WCQ_AFC,6322,5900,-88.66269364232221,0,1
4278062,2023-11-21 12:00:00,2324,qual,WCQ_AFC,5822,7804,-248.90727611778038,-3,0
4278044,2023-11-21 12:00:00,2324,qual,WCQ_AFC,5894,5819,-142.578929324103,-1,0
4348402,2023-11-21 12:00:00,2324,qual,WCQ_AFC,5825,5788,-64.22454655585057,-2,0
4341120,2023-11-21 13:00:00,2324,qual,WCQ_CAF,4167,5883,-185.39864275217064,0,1
4278030,2023-11-21 13:00:00,2324,qual,WCQ_AFC,8700,6711,-87.25508838233532,0,1
4341103,2023-11-21 13:00:00,2324,qual,WCQ_CAF,121282,6323,-221.85991186957176,-3,0
4341316,2023-11-21 13:00:00,2324,qual,WCQ_CAF,287978,5890,-507.73432197884586,-1,0
4341362,2023-11-21 13:00:00,2324,qual,WCQ_CAF,6020,6719,-267.48085948482026,-1,0
4341210,2023-11-21 13:00:00,2324,qual,WCQ_CAF,4433,5888,-309.3080245247063,-2,0
4341318,2023-11-21 13:00:00,2324,qual,WCQ_CAF,5887,6289,-127.81893591933908,1,2
4341118,2023-11-21 13:00:00,2324,qual,WCQ_CAF,5885,6316,-118.39660854580097,2,2
4348752,2023-11-21 13:15:00,2324,qual,WCQ_AFC,95799,5892,-189.3438362207404,-2,0
4278054,2023-11-21 13:30:00,2324,qual,WCQ_AFC,6329,5902,-242.73461433091416,-3,0
4278069,2023-11-21 14:00:00,2324,qual,WCQ_AFC,6333,6716,-370.38841180480017,-1,0
4278046,2023-11-21 14:00:00,2324,qual,WCQ_AFC,5893,5824,-235.18004024636457,1,2
4278048,2023-11-21 14:45:00,2324,qual,WCQ_AFC,6320,6715,-392.3190703720686,-5,0
4278072,2023-11-21 15:45:00,2324,qual,WCQ_AFC,5901,5789,74.53545841493906,-2,0
4278038,2023-11-21 16:00:00,2324,qual,WCQ_AFC,5816,7795,36.260054804735546,-2,0
4341363,2023-11-21 16:00:00,2324,qual,WCQ_CAF,287979,5802,-380.4133224166685,-2,0
4341150,2023-11-21 16:00:00,2324,qual,WCQ_CAF,408231,68374,-226.716944299038,0,1
4341149,2023-11-21 16:00:00,2324,qual,WCQ_CAF,7740,6395,-313.16420387778635,0,1
4341212,2023-11-21 16:00:00,2324,qual,WCQ_CAF,5750,6712,-366.61709474381223,0,1
4341211,2023-11-21 16:00:00,2324,qual,WCQ_CAF,6328,6629,-206.75757763274282,0,1
4341255,2023-11-21 16:00:00,2324,qual,WCQ_CAF,230692,6714,-206.87945961739683,1,2
4348592,2023-11-21 17:00:00,2324,qual,WCQ_AFC,95796,5821,-257.57900718887845,-4,0
4341180,2023-11-21 19:00:00,2324,qual,WCQ_CAF,121281,6277,-307.39774888679085,1,2
4341181,2023-11-21 19:00:00,2324,qual,WCQ_CAF,7941,6262,-345.71590634374206,-2,0
ng2500095,2023-11-21 19:45:00,2324,friendly,Friendlies,8568,5795,460.8802715665058,2,2
4044717,2023-11-21 19:45:00,2324,qual,EUROQ,5790,6595,36.39559268388507,0,1
4044663,2023-11-21 19:45:00,2324,qual,EUROQ,430156,10057,147.0686194873208,-1,0
4044662,2023-11-21 19:45:00,2324,qual,EUROQ,10045,8567,-361.83487317483264,-2,0
ng2501136,2023-11-21 19:45:00,2324,friendly,Friendlies,5791,5820,271.73487279347705,0,1
4044677,2023-11-21 19:45:00,2324,qual,EUROQ,507764,6708,-770.5638090231146,-6,0
4044661,2023-11-21 19:45:00,2324,qual,EUROQ,9730,6717,-119.29046490719429,1,2
4044716,2023-11-21 19:45:00,2324,qual,EUROQ,10155,6583,445.292441270655,1,2
4044619,2023-11-21 19:45:00,2324,qual,EUROQ,6383,6723,-255.79670516240344,0,1
ng2500096,2023-11-21 19:45:00,2324,friendly,Friendlies,8255,8570,-17.39365131135719,2,2
4196539,2023-11-21 23:00:00,2324,qual,WCQ_CONMEBOL,6724,8258,-125.48708844180351,-1,0
4196540,2023-11-21 23:30:00,2324,qual,WCQ_CONMEBOL,6707,9762,336.3170978926298,1,2
4196536,2023-11-21 23:30:00,2324,qual,WCQ_CONMEBOL,5796,5797,555.3575095058159,3,2
4196538,2023-11-22 00:30:00,2324,qual,WCQ_CONMEBOL,8256,6706,115.48585656396472,-1,0
4196537,2023-11-22 02:00:00,2324,qual,WCQ_CONMEBOL,5798,5800,126.93142821246079,0,1
ng2506600,2023-12-10 23:30:00,2324,friendly,Friendlies,8258,5800,292.7818592484957,1,2
ng2507594,2023-12-17 00:00:00,2324,friendly,Friendlies,6710,8258,-40.34304526886399,-1,0
ng2509399,2023-12-25 15:30:00,2324,friendly,Friendlies,5893,8700,-268.09529123224934,-3,0
ng2509528,2023-12-28 12:00:00,2324,friendly,Friendlies,5897,5816,-72.73400074512233,1,2
ng2509529,2023-12-29 15:15:00,2324,friendly,Friendlies,5822,5824,27.82280892522681,-2,0
ng2508783,2023-12-30 15:15:00,2324,friendly,Friendlies,5789,5893,351.7579569123477,1,2
ng2508785,2024-01-01 05:00:00,2324,friendly,Friendlies,6715,5788,608.1503215785756,5,2
ng2512377,2024-01-01 13:30:00,2324,friendly,Friendlies,5822,6322,429.86460430713873,-1,0
ng2512778,2024-01-02 13:00:00,2324,friendly,Friendlies,6328,6324,249.4177910470446,4,2
ng2512750,2024-01-04 12:00:00,2324,friendly,Friendlies,6322,5898,-118.03037232326915,-1,0
ng2508784,2024-01-04 13:30:00,2324,friendly,Friendlies,7795,5897,315.6498018907571,1,2
ng2514768,2024-01-05 13:00:00,2324,friendly,Friendlies,6324,6328,-103.83295159670593,-1,0
ng2514775,2024-01-05 14:30:00,2324,friendly,Friendlies,6711,6323,289.2840551054228,1,2
ng2512454,2024-01-05 14:30:00,2324,friendly,Friendlies,6320,5893,258.46815563196947,0,1
ng2512495,2024-01-05 15:59:00,2324,friendly,Friendlies,5902,5816,189.69204334027222,-1,0
ng2514777,2024-01-05 20:00:00,2324,friendly,Friendlies,7740,6317,-227.91230569832624,-3,0
ng2515980,2024-01-06 11:40:00,2324,friendly,Friendlies,6321,6712,210.89699665748458,0,1
ng2512891,2024-01-06 13:10:00,2324,friendly,Friendlies,5819,7804,-60.31995226260051,-1,0
ng2515981,2024-01-06 14:00:00,2324,friendly,Friendlies,5965,4167,258.13427521877,2,2
ng2512892,2024-01-06 14:00:00,2324,friendly,Friendlies,5901,6716,-200.38544296670398,-2,0
ng2512455,2024-01-06 15:15:00,2324,friendly,Friendlies,5789,5824,95.12959504135642,-1,0
ng2512893,2024-01-06 17:00:00,2324,friendly,Friendlies,6709,5803,393.9734670999876,4,2
ng2515059,2024-01-06 18:30:00,2324,friendly,Friendlies,6719,68374,364.70959687530603,0,1
ng2515060,2024-01-06 19:00:00,2324,friendly,Friendlies,5815,230700,289.47066637610465,4,2
ng2516042,2024-01-07 13:00:00,2324,friendly,Friendlies,6333,8700,-170.28794381202624,-1,0
ng2515637,2024-01-07 15:59:00,2324,friendly,Friendlies,10255,7941,395.85602203463054,2,2
ng2516575,2024-01-08 12:00:00,2324,friendly,Friendlies,6346,6289,255.43600483096043,-2,0
ng2516577,2024-01-08 14:45:00,2324,friendly,Friendlies,5887,5965,-46.78802971899768,0,1
ng2516005,2024-01-08 17:30:00,2324,friendly,Friendlies,6320,5823,207.30998340425936,0,1
ng2515667,2024-01-08 18:00:00,2324,friendly,Friendlies,6395,121281,603.9011329195698,1,2
ng2515666,2024-01-08 20:00:00,2324,friendly,Friendlies,6714,5802,205.0960197501363,0,1
ng2515665,2024-01-09 11:30:00,2324,friendly,Friendlies,6715,5816,452.791977942667,5,2
ng2516572,2024-01-09 13:00:00,2324,friendly,Friendlies,6277,6629,-52.37693389915853,0,1
ng2516300,2024-01-09 13:00:00,2324,friendly,Friendlies,5894,5893,235.13426444013726,-1,0
ng2515974,2024-01-09 14:00:00,2324,friendly,Friendlies,8323,121285,588.7614930925332,0,1
ng2516301,2024-01-09 15:00:00,2324,friendly,Friendlies,6324,6711,-519.7840455279816,-5,0
ng2516302,2024-01-09 15:00:00,2324,friendly,Friendlies,121284,6317,-318.33729480422176,-4,0
ng2515973,2024-01-09 15:30:00,2324,friendly,Friendlies,7795,6333,282.16408948850335,0,1
ng2517137,2024-01-10 13:00:00,2324,friendly,Friendlies,6316,4167,410.5071796353418,0,1
ng2517241,2024-01-10 14:00:00,2324,friendly,Friendlies,5901,6712,150.1030581297657,-3,0
ng2517136,2024-01-10 14:00:00,2324,friendly,Friendlies,6321,6323,47.16599069355243,-1,0
ng2515976,2024-01-10 15:30:00,2324,friendly,Friendlies,7795,6322,543.8905501693198,2,2
ng2515975,2024-01-10 17:30:00,2324,friendly,Friendlies,6719,5888,275.3701212213264,2,2
ng2515978,2024-01-11 15:00:00,2324,friendly,Friendlies,6262,5803,584.6344199634236,2,2
ng2517778,2024-01-12 15:59:00,2324,friendly,Friendlies,6328,5821,25.557109118785775,2,2
4169711,2024-01-12 16:00:00,2324,tourn,AsianCup,5902,5897,291.1200764024984,3,2
ng2507596,2024-01-12 18:00:00,2324,friendly,Friendlies,8520,8261,405.740360106244,1,2
4169717,2024-01-13 11:30:00,2324,tourn,AsianCup,6716,6329,524.9930858517839,2,2
4169712,2024-01-13 14:30:00,2324,tourn,AsianCup,5822,5898,108.2131066334614,0,1
4169718,2024-01-13 17:30:00,2324,tourn,AsianCup,8700,6320,201.4023966346433,0,1
4346221,2024-01-13 20:00:00,2324,tourn,AFCON,6709,230700,294.7112520104797,2,2
ng2517513,2024-01-14 00:00:00,2324,friendly,Friendlies,5858,8536,64.3880959796611,-1,0
4169730,2024-01-14 11:30:00,2324,tourn,AsianCup,6715,5894,444.29325161881115,2,2
4346222,2024-01-14 14:00:00,2324,tourn,AFCON,6346,8323,177.4117106747001,0,1
4169723,2024-01-14 14:30:00,2324,tourn,AsianCup,5789,6322,426.4336401707815,2,2
4346225,2024-01-14 17:00:00,2324,tourn,AFCON,10255,5965,300.77017488794604,0,1
4169724,2024-01-14 17:30:00,2324,tourn,AsianCup,6711,6333,390.38301562479387,3,2
4346226,2024-01-14 20:00:00,2324,tourn,AFCON,6714,5888,81.79569938903273,-1,0
4169736,2024-01-15 11:30:00,2324,tourn,AsianCup,7804,5901,362.94818747209,2,2
4346229,2024-01-15 14:00:00,2324,tourn,AFCON,6395,5979,363.7234727733278,3,2
4169731,2024-01-15 14:30:00,2324,tourn,AsianCup,6324,5819,-484.70468387298456,-2,0
4346230,2024-01-15 17:00:00,2324,tourn,AFCON,6629,6289,169.47492296179712,0,1
4169737,2024-01-15 17:30:00,2324,tourn,AsianCup,5823,5816,-161.3688178463542,-4,0
4346209,2024-01-15 20:00:00,2324,tourn,AFCON,6317,6712,301.7715079487732,0,1
4346210,2024-01-16 14:00:00,2324,tourn,AFCON,6323,68374,151.90570405965173,1,2
4169742,2024-01-16 14:30:00,2324,tourn,AsianCup,5788,5893,34.39680138439985,2,2
4346242,2024-01-16 17:00:00,2324,tourn,AFCON,6719,5802,238.27199121085346,-1,0
4169743,2024-01-16 17:30:00,2324,tourn,AsianCup,7795,5824,29.754333353265338,1,2
4346241,2024-01-16 20:00:00,2324,tourn,AFCON,5815,6316,110.96571018547593,2,2
4169713,2024-01-17 11:30:00,2324,tourn,AsianCup,5897,5822,-96.59235382135853,0,1
4169714,2024-01-17 14:30:00,2324,tourn,AsianCup,5898,5902,-315.2411506663773,-1,0
4346240,2024-01-17 17:00:00,2324,tourn,AFCON,6262,7941,443.934256400516,3,2
4346239,2024-01-17 20:00:00,2324,tourn,AFCON,6321,6277,21.696844472976636,0,1
ng2517979,2024-01-18 01:00:00,2324,friendly,Friendlies,5808,8536,140.54788004165903,-2,0
4169719,2024-01-18 11:30:00,2324,tourn,AsianCup,6320,6716,-322.14447827028016,-1,0
4346223,2024-01-18 14:00:00,2324,tourn,AFCON,8323,230700,-20.410604129257308,2,2
4169720,2024-01-18 14:30:00,2324,tourn,AsianCup,6329,8700,-385.09485439730224,-3,0
4346208,2024-01-18 17:00:00,2324,tourn,AFCON,6709,6346,140.93365522402428,-1,0
4169725,2024-01-18 17:30:00,2324,tourn,AsianCup,6333,5789,-164.3322752847953,0,1
4346224,2024-01-18 20:00:00,2324,tourn,AFCON,10255,6714,141.45139406328758,0,1
4169732,2024-01-19 11:30:00,2324,tourn,AsianCup,5819,6715,-205.70765885493688,1,2
4346227,2024-01-19 14:00:00,2324,tourn,AFCON,5888,5965,95.8666079925681,3,2
4169733,2024-01-19 14:30:00,2324,tourn,AsianCup,5894,6324,244.0095660663428,-1,0
ng2521411,2024-01-19 15:59:00,2324,friendly,Friendlies,5821,5890,82.9956794541124,-2,0
4346228,2024-01-19 17:00:00,2324,tourn,AFCON,6395,6629,162.60213159676914,2,2
4169726,2024-01-19 17:30:00,2324,tourn,AsianCup,6322,6711,-681.076258322764,-1,0
4346220,2024-01-19 20:00:00,2324,tourn,AFCON,6289,5979,47.70188326682592,1,2
4169738,2024-01-20 11:30:00,2324,tourn,AsianCup,5816,7804,-312.23475641644677,0,1
4346219,2024-01-20 14:00:00,2324,tourn,AFCON,6317,6323,145.9133693513636,0,1
4169739,2024-01-20 14:30:00,2324,tourn,AsianCup,5901,5823,147.22389934890816,1,2
4346211,2024-01-20 17:00:00,2324,tourn,AFCON,68374,6712,-28.529675793997967,-1,0
ng2512453,2024-01-20 20:00:00,2324,friendly,Friendlies,6713,5787,178.97598856676268,-1,0
4346232,2024-01-20 20:00:00,2324,tourn,AFCON,6719,5815,-5.239008468500515,0,1
4346235,2024-01-21 14:00:00,2324,tourn,AFCON,6262,6321,304.802773480998,0,1
4169744,2024-01-21 14:30:00,2324,tourn,AsianCup,5824,5788,160.69474932051185,0,1
4346243,2024-01-21 17:00:00,2324,tourn,AFCON,6277,7941,109.42026129623832,0,1
4169745,2024-01-21 17:30:00,2324,tourn,AsianCup,5893,7795,-338.1733466999626,-2,0
4346236,2024-01-21 20:00:00,2324,tourn,AFCON,6316,5802,28.181272521167102,4,2
4169715,2024-01-22 15:00:00,2324,tourn,AsianCup,5898,5897,-10.31279486700646,1,2
4169716,2024-01-22 15:00:00,2324,tourn,AsianCup,5902,5822,235.89677346037956,1,2
4346212,2024-01-22 17:00:00,2324,tourn,AFCON,8323,6709,-260.4968262159771,4,2
4346213,2024-01-22 17:00:00,2324,tourn,AFCON,230700,6346,-211.64390952307804,-1,0
4346214,2024-01-22 20:00:00,2324,tourn,AFCON,5888,10255,-158.03155896098383,0,1
4346215,2024-01-22 20:00:00,2324,tourn,AFCON,5965,6714,-150.17288655480593,0,1
4169722,2024-01-23 11:30:00,2324,tourn,AsianCup,6716,8700,145.03443274475376,0,1
4169721,2024-01-23 11:30:00,2324,tourn,AsianCup,6320,6329,211.64358342530068,1,2
4169728,2024-01-23 15:00:00,2324,tourn,AsianCup,6711,5789,254.76624597266073,1,2
4169727,2024-01-23 15:00:00,2324,tourn,AsianCup,6322,6333,-285.95257195841737,-3,0
4346217,2024-01-23 17:00:00,2324,tourn,AFCON,5979,6629,-201.80549001527515,-1,0
4346216,2024-01-23 17:00:00,2324,tourn,AFCON,6289,6395,-299.27287657511397,-2,0
4346218,2024-01-23 20:00:00,2324,tourn,AFCON,68374,6317,-306.41827767060204,1,2
4346231,2024-01-23 20:00:00,2324,tourn,AFCON,6712,6323,-116.61919351451911,2,2
4169734,2024-01-24 11:30:00,2324,tourn,AsianCup,6715,6324,620.6603390562891,2,2
4169735,2024-01-24 11:30:00,2324,tourn,AsianCup,5819,5894,327.804191549895,1,2
4346237,2024-01-24 17:00:00,2324,tourn,AFCON,5802,5815,-212.85101023658467,0,1
4346238,2024-01-24 17:00:00,2324,tourn,AFCON,6316,6719,-105.22202128694607,0,1
4346234,2024-01-24 20:00:00,2324,tourn,AFCON,6277,6262,-333.4571193733573,-1,0
4346233,2024-01-24 20:00:00,2324,tourn,AFCON,7941,6321,-158.27923983231562,0,1
4169740,2024-01-25 11:30:00,2324,tourn,AsianCup,7804,5823,523.7998786086957,0,1
4169741,2024-01-25 11:30:00,2324,tourn,AsianCup,5816,5901,70.12805526456532,-1,0
4169747,2024-01-25 15:00:00,2324,tourn,AsianCup,7795,5788,234.7428670596737,0,1
4169746,2024-01-25 15:00:00,2324,tourn,AsianCup,5893,5824,-261.25590790818865,0,1
4353228,2024-01-27 17:00:00,2324,tourn,AFCON,6712,5802,17.19662741142406,3,2
4353229,2024-01-27 20:00:00,2324,tourn,AFCON,6346,6629,3.453087243187383,2,2
4394636,2024-01-28 11:30:00,2324,tourn,AsianCup,6716,6324,564.6606353101524,4,2
4394633,2024-01-28 16:00:00,2324,tourn,AsianCup,5898,5789,-172.9532597742143,0,1
4353230,2024-01-28 17:00:00,2324,tourn,AFCON,8323,6289,3.1971073452423298,-1,0
4353231,2024-01-28 20:00:00,2324,tourn,AFCON,10255,6321,141.54113549668932,0,1
4394632,2024-01-29 11:30:00,2324,tourn,AsianCup,5819,5816,208.3826022947776,-1,0
4394634,2024-01-29 16:00:00,2324,tourn,AsianCup,5902,6333,259.567257026423,1,2
4353232,2024-01-29 17:00:00,2324,tourn,AFCON,5888,68374,89.02863572669685,1,2
4353233,2024-01-29 20:00:00,2324,tourn,AFCON,6395,6709,136.69939343622832,0,1
4394635,2024-01-30 11:30:00,2324,tourn,AsianCup,8700,5788,257.6882263922264,1,2
4394639,2024-01-30 16:00:00,2324,tourn,AsianCup,7795,7804,-188.54924283766104,0,1
4353234,2024-01-30 17:00:00,2324,tourn,AFCON,5815,6323,102.66522145068507,1,2
4353235,2024-01-30 20:00:00,2324,tourn,AFCON,6262,6316,263.509361552432,-2,0
4394638,2024-01-31 11:30:00,2324,tourn,AsianCup,5901,6715,-343.1605198968832,-2,0
4394637,2024-01-31 16:00:00,2324,tourn,AsianCup,6711,6320,338.29636780833334,0,1
4394640,2024-02-02 11:30:00,2324,tourn,AsianCup,5898,5816,-176.58789156211878,-1,0
4394641,2024-02-02 15:30:00,2324,tourn,AsianCup,6716,7804,4.99927277318011,-1,0
4353241,2024-02-02 17:00:00,2324,tourn,AFCON,6346,6712,122.79436480507184,1,2
4353242,2024-02-02 20:00:00,2324,tourn,AFCON,6321,6289,55.153163479735895,2,2
ng2530704,2024-02-03 02:00:00,2324,friendly,Friendlies,6705,6327,227.61662014659169,2,2
4394642,2024-02-03 11:30:00,2324,tourn,AsianCup,6711,6715,-64.09284250763858,1,2
4394643,2024-02-03 15:30:00,2324,tourn,AsianCup,5902,8700,16.38113691869148,0,1
4353243,2024-02-03 17:00:00,2324,tourn,AFCON,5815,6709,12.793035585975758,-1,0
4353244,2024-02-03 20:00:00,2324,tourn,AFCON,5888,6316,-44.105101052780356,0,1
4394644,2024-02-06 15:00:00,2324,tourn,AsianCup,5816,7804,-245.0444566476774,2,2
4394645,2024-02-07 15:00:00,2324,tourn,AsianCup,6711,5902,135.54596833059327,-1,0
4353245,2024-02-07 17:00:00,2324,tourn,AFCON,6346,6316,72.04675178144089,0,1
4353246,2024-02-07 20:00:00,2324,tourn,AFCON,6709,6321,104.93195111771047,1,2
4394647,2024-02-10 15:00:00,2324,tourn,AsianCup,5816,5902,-94.3370669291021,-2,0
4353247,2024-02-10 20:00:00,2324,tourn,AFCON,6316,6321,27.323355680886607,0,1
4353248,2024-02-11 20:00:00,2324,tourn,AFCON,6346,6709,-35.44150472952401,-1,0
ng2545964,2024-03-01 20:00:00,2324,friendly,Friendlies,7724,5806,-131.7362295518767,-1,0
ng2547768,2024-03-03 20:00:00,2324,friendly,Friendlies,7724,5806,-144.49654678748652,0,1
ng2553215,2024-03-14 14:00:00,2324,friendly,Friendlies,8265,5900,275.2000675652637,2,2
ng2553336,2024-03-14 17:00:00,2324,friendly,Friendlies,95797,5805,-340.56214674383716,-3,0
ng2553714,2024-03-15 14:00:00,2324,friendly,Friendlies,5823,95799,455.9859339203242,3,2
ng2554339,2024-03-18 04:00:00,2324,friendly,Friendlies,6319,5925,89.20828083349602,1,2
4428526,2024-03-20 19:00:00,2324,qual,AFCONQ,287978,4433,-186.91133308452947,-3,0
ng2555047,2024-03-20 19:45:00,2324,friendly,Friendlies,6035,5924,-223.84664605186947,-2,0
4428524,2024-03-20 22:00:00,2324,qual,AFCONQ,121285,5804,-313.86928798613076,-2,0
ng2554544,2024-03-20 23:00:00,2324,friendly,Friendlies,929188,6327,-402.67093471854935,0,1
ng2555771,2024-03-21 02:00:00,2324,friendly,Friendlies,6319,5925,104.1829907519325,-2,0
4348746,2024-03-21 08:00:00,2324,qual,WCQ_AFC,5896,5893,-209.1660543135156,-2,0
4348751,2024-03-21 09:00:00,2324,qual,WCQ_AFC,5910,5816,-651.8422887179679,-3,0
4278068,2024-03-21 09:10:00,2324,qual,WCQ_AFC,6716,5897,506.8780128463693,2,2
4278047,2024-03-21 10:23:00,2324,qual,WCQ_AFC,6715,6330,490.2318557653689,1,2
4278061,2024-03-21 11:00:00,2324,qual,WCQ_AFC,7804,5788,420.7987956671361,0,1
4348739,2024-03-21 11:30:00,2324,qual,WCQ_AFC,8307,6320,-392.73390642585514,0,1
4348736,2024-03-21 12:00:00,2324,qual,WCQ_AFC,6322,8700,-502.7682409872357,-2,0
ng2557017,2024-03-21 12:20:00,2324,friendly,Friendlies,121282,4167,169.03171065831248,-1,0
4348403,2024-03-21 12:30:00,2324,qual,WCQ_AFC,5825,5822,-189.20240129029457,0,1
4348759,2024-03-21 13:30:00,2324,qual,WCQ_AFC,6324,5894,-97.6845359875606,1,2
4278029,2024-03-21 16:00:00,2324,qual,WCQ_AFC,6711,5900,598.9037717337271,5,2
4366973,2024-03-21 17:00:00,2324,qual,EUROQ,8268,5792,204.868012726163,2,2
ng2551867,2024-03-21 17:00:00,2324,friendly,Friendlies,8713,8205,28.476344559790505,4,2
ng2554555,2024-03-21 17:00:00,2324,friendly,Friendlies,10057,49437,4.241456274829488,-2,0
ng2554563,2024-03-21 17:00:00,2324,friendly,Friendlies,5793,5795,84.7989953580443,0,1
ng2554556,2024-03-21 18:00:00,2324,friendly,Friendlies,8495,5787,-268.5428304152374,0,1
4278045,2024-03-21 18:00:00,2324,qual,WCQ_AFC,5824,5823,255.7148326411475,2,2
4348768,2024-03-21 18:00:00,2324,qual,WCQ_AFC,5789,5892,362.92149655634057,1,2
4348773,2024-03-21 18:30:00,2324,qual,WCQ_AFC,6333,95797,479.06410845629955,5,2
4278053,2024-03-21 18:30:00,2324,qual,WCQ_AFC,5902,5821,337.4535524643311,3,2
ng2554553,2024-03-21 19:00:00,2324,friendly,Friendlies,5888,6222,416.0163755990279,1,2
ng2554554,2024-03-21 19:00:00,2324,friendly,Friendlies,6289,5926,390.5948925192731,6,2
4278037,2024-03-21 19:00:00,2324,qual,WCQ_AFC,7795,5898,324.04496597767707,1,2
4348753,2024-03-21 19:00:00,2324,qual,WCQ_AFC,95799,5901,-618.7502300859625,-5,0
4348593,2024-03-21 19:00:00,2324,qual,WCQ_AFC,95796,6329,-80.50222413864412,0,1
4278043,2024-03-21 19:00:00,2324,qual,WCQ_AFC,5819,230139,605.9797350399779,1,2
ng2551868,2024-03-21 19:45:00,2324,friendly,Friendlies,8361,8520,314.09395643786615,3,2
4369679,2024-03-21 19:45:00,2324,qual,EUROQ,8568,8261,404.9833866656252,4,2
4151923,2024-03-21 19:45:00,2324,nl,NationsLeagueC,507764,8254,-194.2836470996058,-1,0
4369678,2024-03-21 19:45:00,2324,qual,EUROQ,5790,7871,154.39849621089957,3,2
4369677,2024-03-21 19:45:00,2324,qual,EUROQ,8567,8536,16.546797071950778,-3,0
4366974,2024-03-21 19:45:00,2324,qual,EUROQ,6383,8265,346.0668201705096,5,2
4369676,2024-03-21 19:45:00,2324,qual,EUROQ,10106,6718,-168.78159448116457,-1,0
ng2554552,2024-03-21 21:00:00,2324,friendly,Friendlies,6316,10045,503.3250957114101,0,1
ng2554551,2024-03-21 21:00:00,2324,friendly,Friendlies,5800,8204,-87.90017648801677,-1,0
ng2554526,2024-03-22 00:30:00,2324,friendly,Friendlies,6707,5858,428.261203866756,2,2
ng2554631,2024-03-22 01:30:00,2324,friendly,Friendlies,127409,5756,170.4919878947394,0,1
ng2554667,2024-03-22 09:30:00,2324,friendly,Friendlies,230693,95800,747.4152050261143,6,2
ng2554632,2024-03-22 10:00:00,2324,friendly,Friendlies,5809,121284,77.83759583254096,1,2
ng2554635,2024-03-22 13:00:00,2324,friendly,Friendlies,10150,7941,197.9632076636749,1,2
ng2554636,2024-03-22 13:00:00,2324,friendly,Friendlies,5887,5885,41.95614031654941,0,1
ng2554665,2024-03-22 14:30:00,2324,friendly,Friendlies,8260,5794,314.06845122195637,0,1
ng2555148,2024-03-22 15:15:00,2324,friendly,Friendlies,5895,287876,-350.21247699524395,0,1
ng2554640,2024-03-22 15:59:00,2324,friendly,Friendlies,8566,95971,848.2598155147882,1,2
ng2554659,2024-03-22 15:59:00,2324,friendly,Friendlies,6346,6714,159.25762316174132,1,2
ng2554639,2024-03-22 15:59:00,2324,friendly,Friendlies,6583,430156,43.98089671859293,-1,0
ng2554645,2024-03-22 17:00:00,2324,friendly,Friendlies,8269,5799,349.1198886833936,4,2
ng2554643,2024-03-22 17:00:00,2324,friendly,Friendlies,8492,8496,87.66228852025824,-1,0
4428522,2024-03-22 18:00:00,2324,qual,AFCONQ,4432,5750,264.90342630882174,1,2
4414878,2024-03-22 19:00:00,2324,qual,WCQ_CONCACAF,262132,262137,-193.0,0,1
ng2554651,2024-03-22 19:00:00,2324,friendly,Friendlies,8323,6332,734.0515441308042,2,2
4428528,2024-03-22 19:00:00,2324,qual,AFCONQ,287979,408231,-70.29020774487549,0,1
ng2554652,2024-03-22 19:00:00,2324,friendly,Friendlies,5943,178671,763.6287260879596,2,2
ng2554653,2024-03-22 19:30:00,2324,friendly,Friendlies,6395,5889,395.0233320431523,3,2
ng2554661,2024-03-22 19:45:00,2324,friendly,Friendlies,10024,9762,-63.667562236262484,-3,0
ng2554662,2024-03-22 19:45:00,2324,friendly,Friendlies,8565,6595,109.65004216020589,1,2
ng2554663,2024-03-22 19:45:00,2324,friendly,Friendlies,9730,10259,194.29479939578368,0,1
ng2551869,2024-03-22 19:45:00,2324,friendly,Friendlies,6708,8498,270.19349166471216,4,2
ng2554649,2024-03-22 20:00:00,2324,friendly,Friendlies,10255,5820,241.3997968556871,1,2
ng2554658,2024-03-22 20:30:00,2324,friendly,Friendlies,6720,8258,74.29345359309491,-1,0
ng2554657,2024-03-22 21:00:00,2324,friendly,Friendlies,6317,5797,155.99124460520875,1,2
4414877,2024-03-22 21:00:00,2324,qual,WCQ_CONCACAF,262136,262135,157.0,0,1
ng2554655,2024-03-22 21:10:00,2324,friendly,Friendlies,230692,5890,-0.3385442655062434,4,2
ng2554656,2024-03-22 22:00:00,2324,friendly,Friendlies,121281,7740,-72.58963455095795,-1,0
ng2554654,2024-03-22 22:00:00,2324,friendly,Friendlies,6262,6712,366.25363110775197,1,2
ng2554660,2024-03-22 22:00:00,2324,friendly,Friendlies,5815,68374,296.81466321996754,2,2
ng2555150,2024-03-22 22:00:00,2324,friendly,Friendlies,6323,6328,237.42482184578398,-1,0
ng2557904,2024-03-22 22:10:00,2324,friendly,Friendlies,5805,230700,32.33984325058509,1,2
ng2554673,2024-03-23 00:00:00,2324,friendly,Friendlies,6327,6706,-603.0057997308008,-3,0
ng2554672,2024-03-23 01:30:00,2324,friendly,Friendlies,5798,5807,629.7014469285477,2,2
ng2556864,2024-03-23 12:00:00,2324,friendly,Friendlies,6277,6290,194.3258979686052,0,1
ng2556865,2024-03-23 15:20:00,2324,friendly,Friendlies,6020,5884,38.03903726064391,-4,0
ng2556866,2024-03-23 15:59:00,2324,friendly,Friendlies,5883,6709,-148.57717483631654,0,1
ng2551870,2024-03-23 17:00:00,2324,friendly,Friendlies,5791,8263,-197.2684925820538,0,1
ng2555054,2024-03-23 17:00:00,2324,friendly,Friendlies,8497,8255,-84.51264308660507,-2,0
ng2551872,2024-03-23 19:00:00,2324,friendly,Friendlies,8491,8256,5.2568056748639265,-1,0
ng2551871,2024-03-23 19:00:00,2324,friendly,Friendlies,8238,6717,89.46106393272225,0,1
ng2551873,2024-03-23 20:00:00,2324,friendly,Friendlies,6723,8570,219.73662255767226,-2,0
ng2554648,2024-03-23 20:00:00,2324,friendly,Friendlies,6719,10155,-131.4953487340474,0,1
ng2555157,2024-03-23 22:00:00,2324,friendly,Friendlies,262134,262131,327.4703883049099,2,2
ng2557826,2024-03-24 12:00:00,2324,friendly,Friendlies,121282,4167,140.00283135736026,1,2
ng2557321,2024-03-24 18:00:00,2324,friendly,Friendlies,127411,5859,-26.25816101890382,0,1
ng2557325,2024-03-24 19:45:00,2324,friendly,Friendlies,6035,5924,-236.81239522417218,0,1
ng2555673,2024-03-24 20:00:00,2324,friendly,Friendlies,8204,6707,169.62107385852232,2,2
ng2557324,2024-03-24 22:00:00,2324,friendly,Friendlies,5800,5858,339.63652162711674,0,1
ng2557164,2024-03-25 00:00:00,2324,friendly,Friendlies,127409,5756,161.39630705440004,3,2
ng2557820,2024-03-25 09:30:00,2324,friendly,Friendlies,230693,287876,249.5604055163626,4,2
ng2557821,2024-03-25 10:00:00,2324,friendly,Friendlies,5887,121284,39.01523542246969,0,1
ng2557171,2024-03-25 13:00:00,2324,friendly,Friendlies,5809,5885,93.96778015599648,-2,0
ng2557170,2024-03-25 13:00:00,2324,friendly,Friendlies,7941,95971,723.9317203277792,3,2
ng2557175,2024-03-25 15:15:00,2324,friendly,Friendlies,5895,95800,164.07605213241607,2,2
ng2556734,2024-03-25 15:59:00,2324,friendly,Friendlies,8566,10150,76.96959875213065,0,1
ng2556735,2024-03-25 17:00:00,2324,friendly,Friendlies,5793,8205,-327.0015870443781,-1,0
ng2557176,2024-03-25 17:00:00,2324,friendly,Friendlies,49437,8260,83.62823594888096,1,2
ng2557179,2024-03-25 18:00:00,2324,friendly,Friendlies,8520,10024,242.9763394143497,1,2
ng2557181,2024-03-25 19:00:00,2324,friendly,Friendlies,6289,5943,253.53185774608687,4,2
ng2557180,2024-03-25 19:00:00,2324,friendly,Friendlies,5888,8323,154.28089841694418,1,2
ng2557182,2024-03-25 19:30:00,2324,friendly,Friendlies,5889,5801,227.21969328107662,0,1
ng2557184,2024-03-25 21:00:00,2324,friendly,Friendlies,5797,10045,518.5301234111807,1,2
ng2557185,2024-03-25 21:00:00,2324,friendly,Friendlies,230692,6712,-57.90092971967829,0,1
ng2557822,2024-03-25 22:30:00,2324,friendly,Friendlies,230700,5805,109.5164298428299,1,2
4278055,2024-03-26 08:00:00,2324,qual,WCQ_AFC,6330,6715,-364.7235978500785,-3,0
4278067,2024-03-26 08:45:00,2324,qual,WCQ_AFC,5897,6716,-513.0315457336071,-5,0
4348774,2024-03-26 09:30:00,2324,qual,WCQ_AFC,95797,6333,-423.60849716735925,-1,0
4278042,2024-03-26 11:00:00,2324,qual,WCQ_AFC,230139,5819,-478.35149324838744,-5,0
ng2559041,2024-03-26 12:00:00,2324,friendly,Friendlies,6020,6277,-74.34301883988724,-1,0
4348760,2024-03-26 12:00:00,2324,qual,WCQ_AFC,5894,6324,176.7254503801828,-3,0
4348404,2024-03-26 12:00:00,2324,qual,WCQ_AFC,5822,5825,299.34487348194784,3,2
4278060,2024-03-26 12:30:00,2324,qual,WCQ_AFC,5788,7804,-257.3177555151208,-3,0
4428527,2024-03-26 13:00:00,2324,qual,AFCONQ,4433,287978,382.50963180370593,0,1
4348594,2024-03-26 13:30:00,2324,qual,WCQ_AFC,6329,95796,136.3964362173051,-1,0
4278034,2024-03-26 14:00:00,2324,qual,WCQ_AFC,5823,5824,-148.11125526744854,-2,0
4348747,2024-03-26 14:00:00,2324,qual,WCQ_AFC,5893,5896,366.85657712283114,4,2
ng2557058,2024-03-26 14:00:00,2324,friendly,Friendlies,287982,5794,-362.96871699435155,-4,0
4348737,2024-03-26 14:30:00,2324,qual,WCQ_AFC,8700,6322,639.061362737704,3,2
4428523,2024-03-26 15:00:00,2324,qual,AFCONQ,5750,4432,-119.20263581011,-1,0
ng2559042,2024-03-26 15:00:00,2324,friendly,Friendlies,6290,5884,46.61617042173725,-2,0
4278065,2024-03-26 15:00:00,2324,qual,WCQ_AFC,5898,7795,-204.77139494305607,0,1
4278028,2024-03-26 15:00:00,2324,qual,WCQ_AFC,5900,6711,-473.8384104961799,-1,0
ng2557061,2024-03-26 15:59:00,2324,friendly,Friendlies,5890,6714,-45.606088037299514,0,1
4428525,2024-03-26 16:00:00,2324,qual,AFCONQ,5804,121285,490.7926627266845,0,1
4151924,2024-03-26 17:00:00,2324,nl,NationsLeagueC,8254,507764,364.6430272175912,1,2
4369684,2024-03-26 17:00:00,2324,qual,EUROQ,8268,6383,-9.979365949397788,0,1
ng2558194,2024-03-26 17:00:00,2324,friendly,Friendlies,7871,8261,286.31578611084865,1,2
ng2557810,2024-03-26 17:00:00,2324,friendly,Friendlies,5795,5799,416.26529299770334,0,1
ng2557062,2024-03-26 18:00:00,2324,friendly,Friendlies,8492,8497,193.67298217601183,0,1
ng2557064,2024-03-26 18:00:00,2324,friendly,Friendlies,8495,10057,-63.66078096350611,0,1
ng2557063,2024-03-26 18:00:00,2324,friendly,Friendlies,8565,430156,330.28705013341573,2,2
ng2557068,2024-03-26 19:00:00,2324,friendly,Friendlies,8496,6583,372.5297268004276,1,2
4348769,2024-03-26 19:00:00,2324,qual,WCQ_AFC,5892,5789,-306.7340122659207,-3,0
4428529,2024-03-26 19:00:00,2324,qual,AFCONQ,408231,287979,222.30637832363004,0,1
ng2557070,2024-03-26 19:00:00,2324,friendly,Friendlies,5926,178671,619.1803094265439,-1,0
ng2557069,2024-03-26 19:00:00,2324,friendly,Friendlies,6222,6332,469.8376213959044,3,2
4348731,2024-03-26 19:00:00,2324,qual,WCQ_AFC,6320,8307,425.2879484028939,7,2
4348754,2024-03-26 19:00:00,2324,qual,WCQ_AFC,5901,95799,623.1668262754253,3,2
4415348,2024-03-26 19:00:00,2324,qual,WCQ_CONCACAF,262135,262136,-20.06219805257956,0,1
4278052,2024-03-26 19:00:00,2324,qual,WCQ_AFC,5821,5902,-225.0052415658788,-1,0
4348743,2024-03-26 19:00:00,2324,qual,WCQ_AFC,5816,5910,785.0518813986338,7,2
ng2557072,2024-03-26 19:15:00,2324,friendly,Friendlies,8238,8269,603.2682923143198,2,2
ng2557074,2024-03-26 19:30:00,2324,friendly,Friendlies,5883,6395,-311.8841336023645,-1,0
ng2557073,2024-03-26 19:30:00,2324,friendly,Friendlies,5796,6709,512.8904920622506,-1,0
ng2557071,2024-03-26 19:30:00,2324,friendly,Friendlies,8258,9730,442.84829930612136,1,2
ng2558192,2024-03-26 19:45:00,2324,friendly,Friendlies,5792,8265,125.42049855631444,1,2
ng2557075,2024-03-26 19:45:00,2324,friendly,Friendlies,8498,10259,280.0050228174423,-1,0
4369680,2024-03-26 19:45:00,2324,qual,EUROQ,5790,8568,48.071824207742566,0,1
4369683,2024-03-26 19:45:00,2324,qual,EUROQ,6718,8536,199.0527955415114,1,2
ng2556736,2024-03-26 19:45:00,2324,friendly,Friendlies,8255,6595,163.64820115864813,5,2
ng2556737,2024-03-26 19:45:00,2324,friendly,Friendlies,8570,6708,38.387530466245835,1,2
ng2556872,2024-03-26 19:45:00,2324,friendly,Friendlies,5787,8361,-239.77603079160167,2,2
ng2556874,2024-03-26 19:45:00,2324,friendly,Friendlies,5791,6717,-66.94158082540662,-1,0
ng2556873,2024-03-26 19:45:00,2324,friendly,Friendlies,8491,8263,97.22864224394084,0,1
ng2556875,2024-03-26 20:00:00,2324,friendly,Friendlies,6723,9762,326.2202477888625,1,2
ng2558800,2024-03-26 20:00:00,2324,friendly,Friendlies,5820,6719,-77.74935490706275,0,1
ng2558783,2024-03-26 20:00:00,2324,friendly,Friendlies,10255,10155,-112.63846850896289,-2,0
ng2556876,2024-03-26 20:30:00,2324,friendly,Friendlies,6720,8256,6.9388297100463205,0,1
ng2557076,2024-03-26 21:00:00,2324,friendly,Friendlies,6346,5815,53.72333015234108,-2,0
ng2557077,2024-03-26 21:00:00,2324,friendly,Friendlies,6317,6316,200.68374166075114,0,1
ng2557811,2024-03-26 22:00:00,2324,friendly,Friendlies,6323,121281,364.23904634698465,0,1
ng2557079,2024-03-26 22:00:00,2324,friendly,Friendlies,6262,68374,449.13441697225767,0,1
ng2557078,2024-03-26 22:00:00,2324,friendly,Friendlies,7740,6328,89.78253809465923,0,1
4415349,2024-03-26 23:00:00,2324,qual,WCQ_CONCACAF,262137,262132,292.8148005115454,0,1
ng2557805,2024-03-27 01:00:00,2324,friendly,Friendlies,6327,5808,-87.99943721954105,0,1
ng2557804,2024-03-27 01:00:00,2324,friendly,Friendlies,5807,5857,73.19732258336717,-1,0
ng2557803,2024-03-27 01:30:00,2324,friendly,Friendlies,5798,262134,680.3843968666858,3,2
ng2557806,2024-03-27 03:00:00,2324,friendly,Friendlies,6706,6705,595.490593924475,2,2
ng2573922,2024-05-02 23:00:00,2324,friendly,Friendlies,5923,287980,197.62777336337444,-2,0
ng2575108,2024-05-05 20:00:00,2324,friendly,Friendlies,5923,287980,152.19304281713244,2,2
ng2577823,2024-05-13 23:00:00,2324,friendly,Friendlies,7724,6222,254.40546169495929,1,2
ng2578731,2024-05-15 23:00:00,2324,friendly,Friendlies,7724,6222,261.9168118684843,2,2
ng2579762,2024-05-19 14:00:00,2324,friendly,Friendlies,5805,7941,42.96102259426016,-1,0
ng2581446,2024-05-26 20:00:00,2324,friendly,Friendlies,6548,5923,93.90181230966732,-3,0
ng2581815,2024-05-27 00:00:00,2324,friendly,Friendlies,5858,5807,386.85449559240396,0,1
ng2582818,2024-06-01 01:00:00,2324,friendly,Friendlies,6710,5797,354.32248310233035,1,2
ng2582819,2024-06-01 02:00:00,2324,friendly,Friendlies,6705,5796,-347.2637077012341,0,1
ng2582404,2024-06-02 09:00:00,2324,friendly,Friendlies,6324,7941,-34.23251035801013,0,1
ng2583072,2024-06-03 15:59:00,2324,friendly,Friendlies,507764,8498,-565.9379549155108,-2,0
ng2582568,2024-06-03 17:00:00,2324,friendly,Friendlies,10155,8260,369.240064732267,3,2
ng2583455,2024-06-03 18:00:00,2324,friendly,Friendlies,10024,5799,622.7877622850165,3,2
ng2582446,2024-06-03 18:45:00,2324,friendly,Friendlies,8491,10106,497.41255533377057,3,2
ng2582445,2024-06-03 18:45:00,2324,friendly,Friendlies,8570,6718,194.1357376132837,0,1
ng2583728,2024-06-04 15:59:00,2324,friendly,Friendlies,5787,6583,294.4233809624318,1,2
ng2583983,2024-06-04 17:30:00,2324,friendly,Friendlies,929188,929190,266.9354074324858,-2,0
ng2583729,2024-06-04 18:15:00,2324,friendly,Friendlies,6717,8261,499.96000867718226,4,2
ng2582569,2024-06-04 18:30:00,2324,friendly,Friendlies,9730,10150,223.39583534871258,0,1
ng2582485,2024-06-04 18:45:00,2324,friendly,Friendlies,8361,7871,420.30233416056467,2,2
ng2582483,2024-06-04 18:45:00,2324,friendly,Friendlies,5791,8565,-44.810427059652056,1,2
ng2582484,2024-06-04 18:45:00,2324,friendly,Friendlies,8255,8205,148.11009056520834,1,2
ng2582486,2024-06-04 19:00:00,2324,friendly,Friendlies,8204,6595,301.7141522162433,0,1
ng2583869,2024-06-05 15:59:00,2324,friendly,Friendlies,8497,6035,873.4157999390831,4,2
4341147,2024-06-05 16:00:00,2324,qual,WCQ_CAF,7740,408231,298.42302449063436,0,1
4341104,2024-06-05 16:00:00,2324,qual,WCQ_CAF,5803,121285,395.4896766815981,1,2
4341335,2024-06-05 16:00:00,2324,qual,WCQ_CAF,5802,5804,139.75114176669013,0,1
4341256,2024-06-05 16:00:00,2324,qual,WCQ_CAF,230693,4432,118.86557036549539,1,2
ng2582570,2024-06-05 17:00:00,2324,friendly,Friendlies,8238,8520,160.13944592543908,1,2
ng2582571,2024-06-05 17:00:00,2324,friendly,Friendlies,8492,430156,295.55095348079476,3,2
ng2582487,2024-06-05 18:30:00,2324,friendly,Friendlies,8263,49437,435.52211524174413,2,2
4341334,2024-06-05 19:00:00,2324,qual,WCQ_CAF,6719,8323,268.8532764341205,1,2
ng2582572,2024-06-05 19:00:00,2324,friendly,Friendlies,6723,5792,601.3387166168804,3,2
4416442,2024-06-05 19:00:00,2324,qual,WCQ_CONCACAF,6101,5943,-72.97434233364629,0,1
ng2582573,2024-06-05 19:30:00,2324,friendly,Friendlies,6720,10045,914.7956444569204,5,2
4416478,2024-06-05 21:00:00,2324,qual,WCQ_CONCACAF,127411,5923,205.89195895212652,3,2
4416452,2024-06-05 23:30:00,2324,qual,WCQ_CONCACAF,287981,5886,319.24028730705027,3,2
4416432,2024-06-05 23:30:00,2324,qual,WCQ_CONCACAF,7724,6548,292.3147070397281,0,1
ng2583859,2024-06-06 01:00:00,2324,friendly,Friendlies,6710,5796,-62.438271110932874,-4,0
4416462,2024-06-06 02:00:00,2324,qual,WCQ_CONCACAF,5807,262133,409.43796333112914,3,2
4416472,2024-06-06 02:00:00,2324,qual,WCQ_CONCACAF,5858,287980,496.9204262687065,6,2
4348761,2024-06-06 09:00:00,2324,qual,WCQ_AFC,6324,5819,-328.3287260205286,-2,0
4348764,2024-06-06 10:45:00,2324,qual,WCQ_AFC,95797,6716,-784.7946130604038,-2,0
4348748,2024-06-06 11:00:00,2324,qual,WCQ_AFC,5896,5824,-489.6797152085078,-3,0
4278059,2024-06-06 12:00:00,2324,qual,WCQ_AFC,5822,5788,88.942058504545,0,1
4348738,2024-06-06 12:00:00,2324,qual,WCQ_AFC,6322,6711,-627.8454655706569,-2,0
4348590,2024-06-06 12:00:00,2324,qual,WCQ_AFC,5825,7804,-514.8591014530912,-7,0
4278041,2024-06-06 12:00:00,2324,qual,WCQ_AFC,5894,230139,232.52451983350124,1,2
4348732,2024-06-06 12:10:00,2324,qual,WCQ_AFC,8307,6715,-728.8712744354359,-5,0
4278056,2024-06-06 13:00:00,2324,qual,WCQ_AFC,6330,6320,-90.74364320560835,1,2
4341348,2024-06-06 13:00:00,2324,qual,WCQ_CAF,6020,287979,313.2000461601715,2,2
4278051,2024-06-06 13:30:00,2324,qual,WCQ_AFC,6329,5821,-122.06358646464491,0,1
4278027,2024-06-06 14:30:00,2324,qual,WCQ_AFC,8700,5900,493.41189467565437,2,2
4278033,2024-06-06 15:00:00,2324,qual,WCQ_AFC,5893,5823,77.34805764143562,0,1
4348765,2024-06-06 15:30:00,2324,qual,WCQ_AFC,5910,7795,-672.3496386871216,-3,0
ng2583860,2024-06-06 15:59:00,2324,friendly,Friendlies,507764,5790,-555.5875304374852,0,1
4348595,2024-06-06 16:00:00,2324,qual,WCQ_AFC,95796,5902,-510.719409082277,0,1
4348755,2024-06-06 16:00:00,2324,qual,WCQ_AFC,95799,5789,-603.5501124132347,-4,0
4278066,2024-06-06 16:00:00,2324,qual,WCQ_AFC,6333,5897,101.20152135091371,0,1
4341146,2024-06-06 16:00:00,2324,qual,WCQ_CAF,68374,5805,180.4995353841448,-2,0
4341166,2024-06-06 16:00:00,2324,qual,WCQ_CAF,5801,121281,64.93123982163729,-3,0
4341209,2024-06-06 16:00:00,2324,qual,WCQ_CAF,6328,5750,520.3736017436925,1,2
4341105,2024-06-06 16:00:00,2324,qual,WCQ_CAF,230700,121282,168.02221505988518,0,1
4278074,2024-06-06 17:30:00,2324,qual,WCQ_AFC,5816,5898,298.2362677708827,3,2
4348770,2024-06-06 17:30:00,2324,qual,WCQ_AFC,5901,5892,350.571701231366,0,1
ng2582678,2024-06-06 18:45:00,2324,friendly,Friendlies,6708,5810,397.88276523013315,4,2
4341106,2024-06-06 19:00:00,2324,qual,WCQ_CAF,10255,6323,214.8072486488718,1,2
4341145,2024-06-06 19:00:00,2324,qual,WCQ_CAF,6395,6321,301.27145439714695,0,1
4341258,2024-06-06 19:00:00,2324,qual,WCQ_CAF,5815,6714,215.56530255006942,-1,0
4341129,2024-06-06 19:00:00,2324,qual,WCQ_CAF,5883,5885,50.63079542669357,1,2
4341321,2024-06-06 19:00:00,2324,qual,WCQ_CAF,6317,6289,269.15734231588294,-1,0
4416473,2024-06-06 20:30:00,2324,qual,WCQ_CONCACAF,5806,262134,480.97778567190994,1,2
4416453,2024-06-06 21:00:00,2324,qual,WCQ_CONCACAF,5934,127408,500.378081329299,1,2
4416451,2024-06-07 00:30:00,2324,qual,WCQ_CONCACAF,5808,5857,407.3164390285149,2,2
4416463,2024-06-07 00:30:00,2324,qual,WCQ_CONCACAF,5922,6222,529.0275007949062,2,2
4416479,2024-06-07 02:30:00,2324,qual,WCQ_CONCACAF,6327,5756,456.51294646693486,0,1
4416441,2024-06-07 02:30:00,2324,qual,WCQ_CONCACAF,6705,5924,496.5196075602296,4,2
ng2583835,2024-06-07 11:00:00,2324,friendly,Friendlies,6332,95971,153.50326005964564,2,2
4341311,2024-06-07 13:00:00,2324,qual,WCQ_CAF,5884,121284,96.34309653596142,0,1
4341128,2024-06-07 13:00:00,2324,qual,WCQ_CAF,6290,4167,116.99750295469562,-2,0
4341319,2024-06-07 13:00:00,2324,qual,WCQ_CAF,5965,287978,596.4719659459289,1,2
ng2583841,2024-06-07 15:30:00,2324,friendly,Friendlies,8496,8495,520.0295425384245,6,2
ng2583832,2024-06-07 15:59:00,2324,friendly,Friendlies,6583,8265,132.2400154398233,1,2
4341208,2024-06-07 16:00:00,2324,qual,WCQ_CAF,6712,4433,416.31982732167717,1,2
4341257,2024-06-07 16:00:00,2324,qual,WCQ_CAF,5809,230692,-58.542169307785116,1,2
4341320,2024-06-07 16:00:00,2324,qual,WCQ_CAF,5890,5887,217.5706735914946,1,2
ng2583844,2024-06-07 17:00:00,2324,friendly,Friendlies,10024,8566,161.13183205153018,2,2
ng2583833,2024-06-07 17:00:00,2324,friendly,Friendlies,10057,8713,-197.67601947312096,-4,0
ng2583854,2024-06-07 18:00:00,2324,friendly,Friendlies,9730,5799,688.6615862800277,0,1
ng2583851,2024-06-07 18:45:00,2324,friendly,Friendlies,8491,8536,443.06990915076244,-1,0
ng2583850,2024-06-07 18:45:00,2324,friendly,Friendlies,8498,7871,188.1770556388351,0,1
ng2583853,2024-06-07 18:45:00,2324,friendly,Friendlies,8568,6718,25.114407527373032,2,2
ng2583852,2024-06-07 18:45:00,2324,friendly,Friendlies,8570,6383,289.3890123852186,1,2
4341215,2024-06-07 19:00:00,2324,qual,WCQ_CAF,6262,6277,392.10255667354886,1,2
4341139,2024-06-07 19:00:00,2324,qual,WCQ_CAF,6346,6316,122.39741268966827,0,1
4341310,2024-06-07 19:00:00,2324,qual,WCQ_CAF,6709,5889,254.93183496326128,1,2
ng2583795,2024-06-08 00:30:00,2324,friendly,Friendlies,5798,6724,133.25224775538527,0,1
ng2585200,2024-06-08 12:15:00,2324,friendly,Friendlies,178671,5895,-4.089725443313682,1,2
ng2584194,2024-06-08 13:00:00,2324,friendly,Friendlies,5787,10150,265.31755279822687,0,1
4341207,2024-06-08 13:00:00,2324,qual,WCQ_CAF,6629,5888,104.09211771862488,3,2
ng2584493,2024-06-08 15:59:00,2324,friendly,Friendlies,8565,8567,309.56606512123744,3,2
ng2584494,2024-06-08 15:59:00,2324,friendly,Friendlies,5794,5793,83.6119932869326,1,2
ng2583826,2024-06-08 15:59:00,2324,friendly,Friendlies,6717,8255,66.91454662032879,0,1
ng2583827,2024-06-08 15:59:00,2324,friendly,Friendlies,8520,8205,56.38052676690745,-3,0
4341312,2024-06-08 16:00:00,2324,qual,WCQ_CAF,5979,121274,462.95233964287536,4,2
ng2583828,2024-06-08 16:45:00,2324,friendly,Friendlies,8361,10155,182.3349227013316,-1,0
ng2583829,2024-06-08 17:30:00,2324,friendly,Friendlies,8238,8492,158.37837837079883,2,2
ng2583855,2024-06-08 18:00:00,2324,friendly,Friendlies,8263,5792,547.9980624585928,3,2
4454399,2024-06-08 19:00:00,2324,qual,WCQ_CONCACAF,262135,5858,-828.1663244162282,-3,0
ng2583830,2024-06-08 19:30:00,2324,friendly,Friendlies,6720,10259,500.4083325752424,4,2
4454406,2024-06-08 19:30:00,2324,qual,WCQ_CONCACAF,262132,127411,-707.6584535791259,-4,0
4416450,2024-06-08 20:30:00,2324,qual,WCQ_CONCACAF,287982,6101,-191.26990674877027,1,2
ng2583831,2024-06-08 21:30:00,2324,friendly,Friendlies,6713,8258,-189.24664600349865,-4,0
4416440,2024-06-08 21:30:00,2324,qual,WCQ_CONCACAF,73596,7724,-466.46694138657244,-6,0
4416454,2024-06-09 00:00:00,2324,qual,WCQ_CONCACAF,262131,287981,-386.07404531412124,-2,0
4416464,2024-06-09 00:00:00,2324,qual,WCQ_CONCACAF,127409,5807,-34.17573429992103,-4,0
ng2584186,2024-06-09 01:00:00,2324,friendly,Friendlies,6710,8256,-126.5932333446658,-1,0
4341331,2024-06-09 13:00:00,2324,qual,WCQ_CAF,287979,5804,-241.0541561014138,-1,0
4341144,2024-06-09 16:00:00,2324,qual,WCQ_CAF,6321,7740,259.32038804438207,1,2
4341332,2024-06-09 16:00:00,2324,qual,WCQ_CAF,5802,6719,-229.87545887134365,0,1
4341143,2024-06-09 16:00:00,2324,qual,WCQ_CAF,68374,6395,-297.6460939373842,-1,0
4341097,2024-06-09 16:00:00,2324,qual,WCQ_CAF,121285,121282,-392.6631859097239,0,1
ng2584638,2024-06-09 18:45:00,2324,friendly,Friendlies,49437,8268,43.93782595688799,-2,0
ng2584188,2024-06-09 18:45:00,2324,friendly,Friendlies,8204,10106,490.57162839394505,1,2
ng2584189,2024-06-09 18:45:00,2324,friendly,Friendlies,8497,5790,19.086604747490583,4,2
4416480,2024-06-09 19:00:00,2324,qual,WCQ_CONCACAF,5923,6327,-240.48336256720472,-2,0
4416474,2024-06-09 19:00:00,2324,qual,WCQ_CONCACAF,287980,5806,-468.3276798547972,-1,0
ng2584481,2024-06-09 19:15:00,2324,friendly,Friendlies,6723,5810,465.2789442068183,0,1
4416439,2024-06-09 21:00:00,2324,qual,WCQ_CONCACAF,6548,6705,-375.8895396573507,-3,0
4416455,2024-06-09 21:00:00,2324,qual,WCQ_CONCACAF,5886,5934,-395.93773589366606,-2,0
4416449,2024-06-09 23:00:00,2324,qual,WCQ_CONCACAF,5943,5808,-241.0715596568134,-5,0
ng2584196,2024-06-09 23:00:00,2324,friendly,Friendlies,6706,6707,334.72358891510385,1,2
4416465,2024-06-10 01:00:00,2324,qual,WCQ_CONCACAF,262133,5922,-742.2128473390763,-2,0
4341324,2024-06-10 13:00:00,2324,qual,WCQ_CAF,287978,5887,-369.44203490103723,-2,0
4341333,2024-06-10 13:00:00,2324,qual,WCQ_CAF,8323,6020,222.33940773646577,1,2
ng2584491,2024-06-10 15:59:00,2324,friendly,Friendlies,8496,8260,289.08322919825105,1,2
4341098,2024-06-10 16:00:00,2324,qual,WCQ_CAF,230700,10255,-203.77740940355693,0,1
4341137,2024-06-10 16:00:00,2324,qual,WCQ_CAF,5883,6346,-200.22163871562907,1,2
4341323,2024-06-10 16:00:00,2324,qual,WCQ_CAF,5890,6317,-143.66573021907243,-1,0
ng2584489,2024-06-10 18:45:00,2324,friendly,Friendlies,8568,6595,104.59616098183187,1,2
ng2584488,2024-06-10 18:45:00,2324,friendly,Friendlies,6708,8536,408.08378033556664,4,2
4341107,2024-06-10 19:00:00,2324,qual,WCQ_CAF,6323,5803,190.7513175859981,0,1
4341322,2024-06-10 19:00:00,2324,qual,WCQ_CAF,6289,5965,106.31649297345871,-1,0
4341241,2024-06-10 19:00:00,2324,qual,WCQ_CAF,6714,230693,322.3651337165029,1,2
ng2584680,2024-06-11 09:00:00,2324,friendly,Friendlies,95971,6332,-11.048755237519458,1,2
4278064,2024-06-11 10:14:00,2324,qual,WCQ_AFC,6715,6320,445.55498903045054,5,2
4278058,2024-06-11 11:00:00,2324,qual,WCQ_AFC,7804,5822,398.73833979696656,1,2
4278075,2024-06-11 12:10:00,2324,qual,WCQ_AFC,6716,6333,426.07743772025174,5,2
ng2585586,2024-06-11 12:15:00,2324,friendly,Friendlies,178671,5895,16.14568720482066,1,2
4348405,2024-06-11 12:30:00,2324,qual,WCQ_AFC,5788,5825,306.0367363352975,2,2
4348775,2024-06-11 12:30:00,2324,qual,WCQ_AFC,6324,230139,225.03960418063207,2,2
4341308,2024-06-11 13:00:00,2324,qual,WCQ_CAF,5884,6709,-226.85996401357238,0,1
4348733,2024-06-11 13:00:00,2324,qual,WCQ_AFC,6330,8307,375.16247568663425,3,2
4341204,2024-06-11 13:00:00,2324,qual,WCQ_CAF,5750,4433,-121.00227201214398,1,2
4341153,2024-06-11 13:00:00,2324,qual,WCQ_CAF,408231,5805,-173.68422991570174,-3,0
4341240,2024-06-11 13:00:00,2324,qual,WCQ_CAF,5809,5815,-305.19193411079846,0,1
4348749,2024-06-11 13:00:00,2324,qual,WCQ_AFC,5823,5896,379.0243190903775,2,2
ng2584684,2024-06-11 14:00:00,2324,friendly,Friendlies,8566,8265,152.3570507056006,1,2
4348766,2024-06-11 15:00:00,2324,qual,WCQ_AFC,5898,5910,544.5259718294373,3,2
4348750,2024-06-11 15:00:00,2324,qual,WCQ_AFC,5900,6322,212.36095314606564,0,1
4348596,2024-06-11 15:45:00,2324,qual,WCQ_AFC,5821,95796,243.77424275210728,1,2
4278050,2024-06-11 15:45:00,2324,qual,WCQ_AFC,5902,6329,534.5238106386944,1,2
ng2584685,2024-06-11 15:59:00,2324,friendly,Friendlies,10057,8567,-1.3002379770819061,-4,0
ng2584495,2024-06-11 15:59:00,2324,friendly,Friendlies,6035,5793,-419.13943959815424,-3,0
ng2585893,2024-06-11 15:59:00,2324,friendly,Friendlies,8495,6383,-285.49181874358896,-2,0
ng2584683,2024-06-11 15:59:00,2324,friendly,Friendlies,5794,6718,-341.7102821722806,-4,0
4341239,2024-06-11 16:00:00,2324,qual,WCQ_CAF,4432,230692,-168.23699061201933,-2,0
4278032,2024-06-11 16:00:00,2324,qual,WCQ_AFC,5824,5893,309.9522674807574,0,1
4341138,2024-06-11 16:00:00,2324,qual,WCQ_CAF,6316,6290,347.181219950701,2,2
4341216,2024-06-11 16:00:00,2324,qual,WCQ_CAF,6277,7941,158.0278478586606,-1,0
4348763,2024-06-11 16:00:00,2324,qual,WCQ_AFC,5897,95797,400.1438327636415,4,2
4341136,2024-06-11 16:00:00,2324,qual,WCQ_CAF,4167,5885,-48.50159546264376,-1,0
4341206,2024-06-11 16:00:00,2324,qual,WCQ_CAF,5888,6328,196.85390062154693,1,2
4278071,2024-06-11 17:00:00,2324,qual,WCQ_AFC,5789,5901,124.17424507130704,0,1
4278035,2024-06-11 17:00:00,2324,qual,WCQ_AFC,6711,8700,178.59838905679453,0,1
4278073,2024-06-11 18:00:00,2324,qual,WCQ_AFC,7795,5816,71.126922782865,-1,0
4278040,2024-06-11 18:00:00,2324,qual,WCQ_AFC,5819,5894,449.97268084656434,2,2
4348756,2024-06-11 18:00:00,2324,qual,WCQ_AFC,5892,95799,293.9263262531613,0,1
ng2584689,2024-06-11 18:45:00,2324,friendly,Friendlies,8361,5791,352.6019033115326,3,2
ng2584690,2024-06-11 18:45:00,2324,friendly,Friendlies,10259,10045,492.8062630143136,2,2
4341205,2024-06-11 19:00:00,2324,qual,WCQ_CAF,6712,6629,-10.76649635613353,0,1
4341217,2024-06-11 19:00:00,2324,qual,WCQ_CAF,5801,6262,-595.7478584421913,-6,0
4341307,2024-06-11 19:00:00,2324,qual,WCQ_CAF,121274,121284,-388.096498078948,-2,0
4416456,2024-06-11 19:00:00,2324,qual,WCQ_CONCACAF,127408,262131,124.78288676706666,0,1
4341309,2024-06-11 19:00:00,2324,qual,WCQ_CAF,5889,5979,117.85266508300765,1,2
4416448,2024-06-11 19:30:00,2324,qual,WCQ_CONCACAF,5857,287982,349.20257118040456,3,2
4416438,2024-06-11 20:00:00,2324,qual,WCQ_CONCACAF,5924,73596,318.2716668818714,1,2
4416466,2024-06-11 22:00:00,2324,qual,WCQ_CONCACAF,6222,127409,94.18341393846435,2,2
4454403,2024-06-12 00:00:00,2324,qual,WCQ_CONCACAF,5756,262132,528.8262496695659,8,2
4454400,2024-06-12 00:00:00,2324,qual,WCQ_CONCACAF,262134,262135,545.2590500138145,4,2
ng2584745,2024-06-12 00:00:00,2324,friendly,Friendlies,9762,6724,110.79332622694233,3,2
ng2584532,2024-06-12 23:00:00,2324,friendly,Friendlies,6713,8256,-247.0882030153075,0,1
ng2585587,2024-06-13 00:30:00,2324,friendly,Friendlies,6707,5797,341.8260355043726,2,2
4043837,2024-06-14 19:00:00,2324,tourn,EURO,8570,8498,269.1670722428905,4,2
ng2586405,2024-06-15 00:00:00,2324,friendly,Friendlies,6706,5858,677.3590713355991,3,2
ng2585515,2024-06-15 00:30:00,2324,friendly,Friendlies,6327,5798,-270.4153227953784,-1,0
4043838,2024-06-15 13:00:00,2324,tourn,EURO,8565,6717,-44.659821167731934,-2,0
4043843,2024-06-15 16:00:00,2324,tourn,EURO,6720,10155,105.12420806193336,3,2
4043844,2024-06-15 19:00:00,2324,tourn,EURO,8204,10024,363.2078596332142,1,2
ng2586407,2024-06-15 21:00:00,2324,friendly,Friendlies,8258,5797,521.3305598516511,3,2
4043855,2024-06-16 13:00:00,2324,tourn,EURO,8568,6708,-173.48377722655346,-1,0
4043850,2024-06-16 16:00:00,2324,tourn,EURO,5787,8238,-153.57064101824267,0,1
4043849,2024-06-16 19:00:00,2324,tourn,EURO,8205,8491,-154.4623759582928,-1,0
ng2586923,2024-06-16 19:30:00,2324,friendly,Friendlies,6707,5808,325.72183101771384,1,2
ng2586701,2024-06-16 22:30:00,2324,friendly,Friendlies,5922,6724,33.27403306458041,-1,0
4043862,2024-06-17 13:00:00,2324,tourn,EURO,9730,6718,-164.77746321351833,3,2
4043861,2024-06-17 16:00:00,2324,tourn,EURO,8263,8497,284.8210160229962,-1,0
4043856,2024-06-17 19:00:00,2324,tourn,EURO,8255,6723,-146.71488872159898,-1,0
4043868,2024-06-18 16:00:00,2324,tourn,EURO,6595,8268,93.09639899648641,2,2
4043867,2024-06-18 19:00:00,2324,tourn,EURO,8361,8496,176.0224667354962,1,2
4043845,2024-06-19 13:00:00,2324,tourn,EURO,10155,10024,278.3684191334171,0,1
4043840,2024-06-19 16:00:00,2324,tourn,EURO,8570,8565,241.25193860334275,2,2
4043839,2024-06-19 19:00:00,2324,tourn,EURO,8498,6717,-140.4260194646629,0,1
4043852,2024-06-20 13:00:00,2324,tourn,EURO,5787,8205,-85.85900004636642,0,1
4043851,2024-06-20 16:00:00,2324,tourn,EURO,8238,8491,-109.79856473153473,0,1
4043846,2024-06-20 19:00:00,2324,tourn,EURO,6720,8204,48.355334495612624,1,2
4407860,2024-06-21 00:00:00,2324,tourn,CopaAmerica,6706,5810,480.8043872593694,2,2
4043863,2024-06-21 13:00:00,2324,tourn,EURO,8497,6718,-63.037349932363895,-1,0
4043857,2024-06-21 16:00:00,2324,tourn,EURO,8568,8255,-67.75033983781782,-2,0
4043858,2024-06-21 19:00:00,2324,tourn,EURO,6708,6723,-56.058007943306166,0,1
4377170,2024-06-22 00:00:00,2324,tourn,CopaAmerica,5798,9762,6.524905780273912,0,1
4043869,2024-06-22 13:00:00,2324,tourn,EURO,8268,8496,-153.01477586272085,0,1
4043870,2024-06-22 16:00:00,2324,tourn,EURO,6595,8361,-207.79492848253904,-3,0
4043864,2024-06-22 19:00:00,2324,tourn,EURO,8263,9730,247.20411993607695,2,2
4377176,2024-06-22 22:00:00,2324,tourn,CopaAmerica,6707,5800,96.43264988121041,-1,0
4377175,2024-06-23 01:00:00,2324,tourn,CopaAmerica,6710,5806,248.58455955715112,1,2
4043841,2024-06-23 19:00:00,2324,tourn,EURO,6717,8570,-76.0436541694935,0,1
4043842,2024-06-23 19:00:00,2324,tourn,EURO,8498,8565,-38.87080781424061,-1,0
4377205,2024-06-23 22:00:00,2324,tourn,CopaAmerica,6713,5797,280.9763818890783,2,2
4377204,2024-06-24 01:00:00,2324,tourn,CopaAmerica,5796,5922,371.8583550168473,2,2
4043848,2024-06-24 19:00:00,2324,tourn,EURO,10024,6720,-412.55642896311497,-1,0
4043847,2024-06-24 19:00:00,2324,tourn,EURO,10155,8204,-83.06117890673795,0,1
4377210,2024-06-24 22:00:00,2324,tourn,CopaAmerica,8258,6724,305.7515234582361,1,2
4407876,2024-06-25 01:00:00,2324,tourn,CopaAmerica,8256,6705,449.88717261039415,0,1
4043860,2024-06-25 16:00:00,2324,tourn,EURO,6723,8568,239.73968938699727,0,1
4043859,2024-06-25 16:00:00,2324,tourn,EURO,6708,8255,98.10896831788136,-1,0
4043854,2024-06-25 19:00:00,2324,tourn,EURO,8238,8205,68.534551465184,0,1
4043853,2024-06-25 19:00:00,2324,tourn,EURO,8491,5787,240.43240933453512,0,1
4407861,2024-06-25 22:00:00,2324,tourn,CopaAmerica,5798,5810,140.56821845586273,-1,0
4377171,2024-06-26 01:00:00,2324,tourn,CopaAmerica,9762,6706,-342.6978005934118,-1,0
4043866,2024-06-26 16:00:00,2324,tourn,EURO,6718,8263,-162.4777504744361,0,1
4043865,2024-06-26 16:00:00,2324,tourn,EURO,8497,9730,11.34918204366636,0,1
4043871,2024-06-26 19:00:00,2324,tourn,EURO,8268,8361,-347.6813031843742,2,2
4043872,2024-06-26 19:00:00,2324,tourn,EURO,8496,6595,28.757162747973553,-1,0
4377177,2024-06-26 22:00:00,2324,tourn,CopaAmerica,6707,5806,241.25271243891848,2,2
4377178,2024-06-27 01:00:00,2324,tourn,CopaAmerica,5800,6710,-66.77390093282429,1,2
4377207,2024-06-27 22:00:00,2324,tourn,CopaAmerica,5922,6713,-222.332071997434,1,2
4377206,2024-06-28 01:00:00,2324,tourn,CopaAmerica,5796,5797,453.7342130151692,5,2
4407877,2024-06-28 22:00:00,2324,tourn,CopaAmerica,8258,6705,402.4270752626144,3,2
4377211,2024-06-29 01:00:00,2324,tourn,CopaAmerica,6724,8256,-320.6697267023317,-3,0
4043971,2024-06-29 16:00:00,2324,tourn,EURO,6717,8204,-78.37614125525943,2,2
4043970,2024-06-29 19:00:00,2324,tourn,EURO,8570,8238,162.09308231798536,2,2
4407862,2024-06-30 00:00:00,2324,tourn,CopaAmerica,5810,9762,-103.07437854343084,0,1
4377172,2024-06-30 00:00:00,2324,tourn,CopaAmerica,6706,5798,372.7297896973712,2,2
4043973,2024-06-30 16:00:00,2324,tourn,EURO,8491,8497,246.84223128173858,1,2
4043972,2024-06-30 19:00:00,2324,tourn,EURO,6720,8268,362.65805977306945,3,2
4377180,2024-07-01 00:00:00,2425,tourn,CopaAmerica,6710,6707,-6.303308727664216,0,1
4377179,2024-07-01 00:00:00,2425,tourn,CopaAmerica,5806,5800,-198.64053411979216,-3,0
4043975,2024-07-01 16:00:00,2425,tourn,EURO,6723,8263,77.76775354490451,1,2
4043974,2024-07-01 19:00:00,2425,tourn,EURO,8361,5787,228.7824794514081,0,1
4377209,2024-07-02 01:00:00,2425,tourn,CopaAmerica,6713,5796,-176.16029752600093,-1,0
4377208,2024-07-02 01:00:00,2425,tourn,CopaAmerica,5797,5922,-106.1979128608948,-2,0
4043976,2024-07-02 16:00:00,2425,tourn,EURO,9730,6708,-264.9529745528946,-3,0
4043977,2024-07-02 19:00:00,2425,tourn,EURO,8255,6595,104.9950054780511,-1,0
4407878,2024-07-03 01:00:00,2425,tourn,CopaAmerica,6705,6724,-106.27416014443793,1,2
4377212,2024-07-03 01:00:00,2425,tourn,CopaAmerica,8256,8258,23.7103468356313,0,1
4407868,2024-07-05 01:00:00,2425,tourn,CopaAmerica,6706,6707,281.58458445083943,0,1
4043979,2024-07-05 16:00:00,2425,tourn,EURO,6720,8570,93.79147699395276,1,2
4043980,2024-07-05 19:00:00,2425,tourn,EURO,8361,6723,-83.24082227531903,0,1
4407869,2024-07-06 01:00:00,2425,tourn,CopaAmerica,5800,5810,132.47733302870142,0,1
4043982,2024-07-06 16:00:00,2425,tourn,EURO,8491,6717,54.05603111780397,0,1
4043981,2024-07-06 19:00:00,2425,tourn,EURO,6708,6595,169.45194082459398,1,2
4407871,2024-07-06 22:00:00,2425,tourn,CopaAmerica,8258,5922,352.80704670102773,5,2
4407870,2024-07-07 01:00:00,2425,tourn,CopaAmerica,5796,8256,-3.665212949994384,0,1
4043983,2024-07-09 19:00:00,2425,tourn,EURO,6720,6723,27.758486339391084,1,2
4407872,2024-07-10 00:00:00,2425,tourn,CopaAmerica,6706,5810,419.2683278359277,2,2
4043984,2024-07-10 19:00:00,2425,tourn,EURO,6708,8491,27.51748860653447,-1,0
4407873,2024-07-11 00:00:00,2425,tourn,CopaAmerica,5796,8258,11.503732524492989,-1,0
4407874,2024-07-14 00:00:00,2425,tourn,CopaAmerica,5810,5796,-336.1581536672727,0,1
4043985,2024-07-14 19:00:00,2425,tourn,EURO,6720,8491,107.10512335888461,1,2
4407875,2024-07-15 01:20:00,2425,tourn,CopaAmerica,6706,8258,56.76638879123584,1,2
ng2628576,2024-07-28 02:30:00,2425,friendly,Friendlies,5858,6327,176.83605901021383,-1,0
ng2657340,2024-08-27 16:00:00,2425,friendly,Friendlies,5816,6330,291.9129894713028,0,1
ng2657342,2024-08-29 16:00:00,2425,friendly,Friendlies,5816,6330,278.1947626893907,1,2
ng2658974,2024-09-01 23:30:00,2425,friendly,Friendlies,5796,5858,582.7981425767464,0,1
ng2658977,2024-09-02 07:00:00,2425,friendly,Friendlies,5925,6319,94.55261944426297,1,2
ng2658979,2024-09-03 14:00:00,2425,friendly,Friendlies,6329,5750,285.7960803060337,0,1
4538780,2024-09-04 13:00:00,2425,qual,AFCONQ,5805,121281,184.66892014216683,1,2
4538719,2024-09-04 16:00:00,2425,qual,AFCONQ,230692,5979,48.50631217684327,0,1
ng2660407,2024-09-04 16:00:00,2425,friendly,Friendlies,507764,10045,25.283654979854873,1,2
4538736,2024-09-04 16:00:00,2425,qual,AFCONQ,6328,5885,142.84797962804214,0,1
4538794,2024-09-04 16:00:00,2425,qual,AFCONQ,7941,121282,207.6527894739329,0,1
ng2660249,2024-09-05 07:00:00,2425,friendly,Friendlies,6319,6322,177.7112222556127,-3,0
4523689,2024-09-05 10:10:00,2425,qual,WCQ_AFC,6716,5901,353.7242142144453,-1,0
4523698,2024-09-05 10:35:00,2425,qual,WCQ_AFC,6715,5822,494.64512932342836,7,2
4523678,2024-09-05 11:00:00,2425,qual,WCQ_AFC,7804,6333,414.4610472788818,0,1
ng2661501,2024-09-05 12:00:00,2425,friendly,Friendlies,95800,95797,-193.7101452703422,-1,0
ng2660243,2024-09-05 13:00:00,2425,friendly,Friendlies,5894,8713,-396.24950155447914,-3,0
4538856,2024-09-05 13:00:00,2425,qual,AFCONQ,6020,121284,56.47480217912812,-1,0
4523673,2024-09-05 14:00:00,2425,qual,WCQ_AFC,8700,6330,327.36577887217686,1,2
4538791,2024-09-05 16:00:00,2425,qual,AFCONQ,6714,6712,143.33324817553557,-1,0
4523662,2024-09-05 16:00:00,2425,qual,WCQ_AFC,6711,5893,644.5971689963174,1,2
4523679,2024-09-05 16:00:00,2425,qual,WCQ_AFC,5819,5824,235.79984949321852,1,2
4523674,2024-09-05 16:00:00,2425,qual,WCQ_AFC,5902,5789,213.24527633877256,-2,0
4422001,2024-09-05 16:00:00,2425,nl,NationsLeagueC,8566,8520,-147.7046200250718,-2,0
4538820,2024-09-05 16:00:00,2425,qual,AFCONQ,5801,408231,166.00369631781518,1,2
4538834,2024-09-05 16:00:00,2425,qual,AFCONQ,230700,4433,333.7635176796455,1,2
4538750,2024-09-05 16:00:00,2425,qual,AFCONQ,230693,4167,146.12889941861772,2,2
4523680,2024-09-05 18:00:00,2425,qual,WCQ_AFC,5816,5821,302.99818985006186,0,1
4523690,2024-09-05 18:00:00,2425,qual,WCQ_AFC,7795,6324,357.1301666196084,0,1
4421965,2024-09-05 18:45:00,2425,nl,NationsLeagueA,8498,8568,13.781841047600665,-1,0
4421964,2024-09-05 18:45:00,2425,nl,NationsLeagueA,8361,10155,161.70818394180014,1,2
4422026,2024-09-05 18:45:00,2425,nl,NationsLeagueA,8205,6720,-191.96688861342386,0,1
4422025,2024-09-05 18:45:00,2425,nl,NationsLeagueA,8238,6717,39.71845522516378,2,2
4422002,2024-09-05 18:45:00,2425,nl,NationsLeagueC,8261,8497,-200.56379076482358,-1,0
4422037,2024-09-05 18:45:00,2425,nl,NationsLeagueD,6035,5799,-113.03391970554878,1,2
4422087,2024-09-05 18:45:00,2425,nl,NationsLeagueC,10259,5792,162.92112998644598,2,2
4422086,2024-09-05 18:45:00,2425,nl,NationsLeagueC,10057,10150,-69.6911936473557,0,1
4538747,2024-09-05 19:00:00,2425,qual,AFCONQ,6317,8323,271.6456375076973,2,2
4538718,2024-09-05 19:00:00,2425,qual,AFCONQ,6719,5809,379.22519642641123,1,2
4196523,2024-09-05 20:00:00,2425,qual,WCQ_CONMEBOL,5797,5800,3.5389377609230905,4,2
4196507,2024-09-06 00:00:00,2425,qual,WCQ_CONMEBOL,6706,9762,482.1229468797369,3,2
4538808,2024-09-06 13:00:00,2425,qual,AFCONQ,5884,6290,200.34857133176888,0,1
ng2660216,2024-09-06 14:00:00,2425,friendly,Friendlies,6320,5750,519.4081330889937,2,2
4422043,2024-09-06 14:00:00,2425,nl,NationsLeagueB,8265,8492,-256.67336894780874,0,1
4422057,2024-09-06 16:00:00,2425,nl,NationsLeagueC,8254,5793,100.36652812992497,-1,0
4538795,2024-09-06 16:00:00,2425,qual,AFCONQ,6321,6289,167.7847898285413,1,2
4538748,2024-09-06 16:00:00,2425,qual,AFCONQ,7740,5804,156.3271865746308,0,1
4538819,2024-09-06 16:00:00,2425,qual,AFCONQ,6316,5890,252.49422690317851,0,1
4538769,2024-09-06 16:00:00,2425,qual,AFCONQ,5803,4432,249.75817685643324,0,1
4422069,2024-09-06 18:45:00,2425,nl,NationsLeagueB,5790,6595,-8.023676817502746,0,1
4422044,2024-09-06 18:45:00,2425,nl,NationsLeagueB,5787,8255,-44.32665523879632,0,1
4422068,2024-09-06 18:45:00,2425,nl,NationsLeagueB,8536,49437,120.54784479649652,2,2
4421977,2024-09-06 18:45:00,2425,nl,NationsLeagueA,8263,8567,339.7537707793301,2,2
4421978,2024-09-06 18:45:00,2425,nl,NationsLeagueA,6723,8204,166.9362463430566,-2,0
4422056,2024-09-06 18:45:00,2425,nl,NationsLeagueC,430156,9730,-42.394956817508955,-3,0
4538759,2024-09-06 19:00:00,2425,qual,AFCONQ,6262,5889,415.2455777651603,3,2
4538770,2024-09-06 19:00:00,2425,qual,AFCONQ,6709,6277,260.6012601740217,2,2
4538833,2024-09-06 19:00:00,2425,qual,AFCONQ,5815,5965,264.4147486852655,0,1
4538761,2024-09-06 19:00:00,2425,qual,AFCONQ,10255,5888,199.97006166064625,3,2
4538857,2024-09-06 19:00:00,2425,qual,AFCONQ,6395,6323,353.3029566334276,0,1
4196541,2024-09-06 23:30:00,2425,qual,WCQ_CONMEBOL,5796,6724,405.1625389587741,0,1
4196524,2024-09-07 01:00:00,2425,qual,WCQ_CONMEBOL,8256,6707,303.9903275376462,1,2
4196525,2024-09-07 01:30:00,2425,qual,WCQ_CONMEBOL,5798,8258,-175.84625093232648,0,1
4422106,2024-09-07 13:00:00,2425,nl,NationsLeagueC,8269,8260,-181.18517309633103,0,1
4421989,2024-09-07 16:00:00,2425,nl,NationsLeagueB,5791,8491,-160.9641729270138,-2,0
4421952,2024-09-07 16:00:00,2425,nl,NationsLeagueB,8268,8496,-35.413647226745525,3,2
4538807,2024-09-07 16:00:00,2425,qual,AFCONQ,6629,5802,236.6463637790564,1,2
4538762,2024-09-07 16:00:00,2425,qual,AFCONQ,68374,5887,193.48405830134197,1,2
4538735,2024-09-07 16:00:00,2425,qual,AFCONQ,6346,5883,219.42326005674522,3,2
4422107,2024-09-07 16:00:00,2425,nl,NationsLeagueC,6583,5795,207.11213202555177,3,2
4422080,2024-09-07 16:00:00,2425,nl,NationsLeagueD,5794,8495,118.69648424238426,2,2
4421953,2024-09-07 18:45:00,2425,nl,NationsLeagueB,6718,10024,172.53910117196278,-1,0
4422014,2024-09-07 18:45:00,2425,nl,NationsLeagueA,6708,10106,471.7596753694568,3,2
4422013,2024-09-07 18:45:00,2425,nl,NationsLeagueA,8570,8565,229.53776183705054,5,2
4421990,2024-09-07 18:45:00,2425,nl,NationsLeagueB,6383,7871,156.57179597918162,3,2
ng2661261,2024-09-07 20:00:00,2425,friendly,Friendlies,6713,5810,99.08102291181626,-1,0
ng2661262,2024-09-08 01:00:00,2425,friendly,Friendlies,6710,5820,428.58659704666275,3,2
ng2662505,2024-09-08 03:10:00,2425,friendly,Friendlies,5925,6322,181.2070640297643,0,1
ng2662517,2024-09-08 08:30:00,2425,friendly,Friendlies,5898,230139,324.23623314124507,0,1
ng2662518,2024-09-08 12:00:00,2425,friendly,Friendlies,95800,95797,-203.58710767430273,1,2
ng2662519,2024-09-08 13:00:00,2425,friendly,Friendlies,5823,5897,54.4008265325524,1,2
4422088,2024-09-08 13:00:00,2425,nl,NationsLeagueC,5792,10057,98.38120443802086,-1,0
4422038,2024-09-08 16:00:00,2425,nl,NationsLeagueD,507764,5799,151.78561307128848,0,1
4422089,2024-09-08 16:00:00,2425,nl,NationsLeagueC,10150,10259,21.732304822058495,1,2
4422027,2024-09-08 16:00:00,2425,nl,NationsLeagueA,8238,8205,141.99852331469697,2,2
4538720,2024-09-08 16:00:00,2425,qual,AFCONQ,5979,6719,-174.7445500093429,-1,0
4422003,2024-09-08 16:00:00,2425,nl,NationsLeagueC,8497,8566,285.92010291614815,2,2
4422004,2024-09-08 18:45:00,2425,nl,NationsLeagueC,8520,8261,403.72974770808014,3,2
4422028,2024-09-08 18:45:00,2425,nl,NationsLeagueA,6717,6720,-95.82613120443557,-3,0
4421966,2024-09-08 18:45:00,2425,nl,NationsLeagueA,10155,8568,151.4024609750934,1,2
4421967,2024-09-08 18:45:00,2425,nl,NationsLeagueA,8361,8498,319.9461515600408,1,2
4538855,2024-09-09 13:00:00,2425,qual,AFCONQ,121284,6395,-327.8209972201612,-1,0
ng2663619,2024-09-09 14:00:00,2425,friendly,Friendlies,6329,6320,-168.5780190437979,-3,0
4538768,2024-09-09 15:00:00,2425,qual,AFCONQ,8323,7740,153.8990716826686,0,1
4422058,2024-09-09 16:00:00,2425,nl,NationsLeagueC,5793,430156,-65.25836829957461,-4,0
4538721,2024-09-09 16:00:00,2425,qual,AFCONQ,5809,230692,64.45850151104264,0,1
4538781,2024-09-09 16:00:00,2425,qual,AFCONQ,121281,6714,-180.0664203044637,0,1
4538822,2024-09-09 16:00:00,2425,qual,AFCONQ,5890,5801,216.876666772436,2,2
4421979,2024-09-09 18:45:00,2425,nl,NationsLeagueA,6723,8263,133.36831725327488,2,2
4422071,2024-09-09 18:45:00,2425,nl,NationsLeagueB,6595,8536,234.04636975152994,2,2
4422070,2024-09-09 18:45:00,2425,nl,NationsLeagueB,49437,5790,-51.455916311511146,-1,0
4422059,2024-09-09 18:45:00,2425,nl,NationsLeagueC,9730,8254,385.2574752809833,2,2
4422045,2024-09-09 18:45:00,2425,nl,NationsLeagueB,8492,8255,-24.890680179099263,1,2
4422046,2024-09-09 18:45:00,2425,nl,NationsLeagueB,5787,8265,384.6386915437836,3,2
4421980,2024-09-09 18:45:00,2425,nl,NationsLeagueA,8567,8204,-371.89257729922315,-1,0
4538751,2024-09-09 19:00:00,2425,qual,AFCONQ,4167,6262,-486.06690828829255,-1,0
4538793,2024-09-09 19:00:00,2425,qual,AFCONQ,121282,6321,-208.82962170471183,-2,0
4538779,2024-09-09 19:00:00,2425,qual,AFCONQ,6712,5805,207.15123473485232,1,2
4523693,2024-09-10 12:00:00,2425,qual,WCQ_AFC,6324,6716,-361.5895232552391,0,1
4523692,2024-09-10 12:00:00,2425,qual,WCQ_AFC,5822,7795,-104.52381307001224,-1,0
4523670,2024-09-10 12:00:00,2425,qual,WCQ_AFC,6330,5902,-215.61286601665256,0,1
4538825,2024-09-10 13:00:00,2425,qual,AFCONQ,4433,5815,-399.9063241450199,-1,0
4538737,2024-09-10 13:00:00,2425,qual,AFCONQ,5885,6346,-165.08091600431862,0,1
4538836,2024-09-10 13:00:00,2425,qual,AFCONQ,5965,230700,137.17842562263968,1,2
4538821,2024-09-10 13:00:00,2425,qual,AFCONQ,408231,6316,-312.7528898218952,-1,0
ng2664223,2024-09-10 13:00:00,2425,friendly,Friendlies,5894,5788,-26.835214739863204,-1,0
4523681,2024-09-10 14:00:00,2425,qual,WCQ_AFC,5824,7804,-150.12667991480885,-2,0
4523682,2024-09-10 14:00:00,2425,qual,WCQ_AFC,6333,5816,-196.221074035916,-2,0
4523671,2024-09-10 14:00:00,2425,qual,WCQ_AFC,5893,8700,-316.15269664523976,-1,0
4523672,2024-09-10 16:00:00,2425,qual,WCQ_AFC,5789,6711,-138.09657566521992,-1,0
4538752,2024-09-10 16:00:00,2425,qual,AFCONQ,5889,230693,196.79055356419804,2,2
4538763,2024-09-10 16:00:00,2425,qual,AFCONQ,5887,10255,-329.0102926832626,-4,0
4523691,2024-09-10 16:00:00,2425,qual,WCQ_AFC,5901,6715,-257.5666676210826,-5,0
ng2664666,2024-09-10 16:00:00,2425,friendly,Friendlies,5794,6035,594.3750968049571,1,2
4538792,2024-09-10 16:00:00,2425,qual,AFCONQ,6289,7941,152.75097586669517,-1,0
4538810,2024-09-10 16:00:00,2425,qual,AFCONQ,5802,5884,103.17129814481518,-1,0
4422108,2024-09-10 16:00:00,2425,nl,NationsLeagueC,5795,8269,114.9822509233968,1,2
4538782,2024-09-10 16:00:00,2425,qual,AFCONQ,5804,6317,-265.7713717483498,-3,0
4538809,2024-09-10 16:00:00,2425,qual,AFCONQ,6290,6629,-215.66723509406143,0,1
4523683,2024-09-10 18:00:00,2425,qual,WCQ_AFC,5821,5819,-236.92795422562358,0,1
4422016,2024-09-10 18:45:00,2425,nl,NationsLeagueA,6708,8570,74.32967104196018,0,1
4421991,2024-09-10 18:45:00,2425,nl,NationsLeagueB,8491,7871,388.6368218160817,2,2
4421955,2024-09-10 18:45:00,2425,nl,NationsLeagueB,8496,6718,60.08222076100401,1,2
4421954,2024-09-10 18:45:00,2425,nl,NationsLeagueB,10024,8268,35.02612095243444,-1,0
4422015,2024-09-10 18:45:00,2425,nl,NationsLeagueA,8565,10106,314.87046069330677,0,1
4422081,2024-09-10 18:45:00,2425,nl,NationsLeagueD,10045,8495,-98.54928431849271,-1,0
4422109,2024-09-10 18:45:00,2425,nl,NationsLeagueC,8260,6583,147.34836002160182,2,2
4421992,2024-09-10 18:45:00,2425,nl,NationsLeagueB,5791,6383,33.32028428347303,-2,0
4538738,2024-09-10 19:00:00,2425,qual,AFCONQ,5883,6328,107.52595331446128,1,2
4538804,2024-09-10 19:00:00,2425,qual,AFCONQ,6277,5803,193.53554954427568,1,2
4538805,2024-09-10 19:00:00,2425,qual,AFCONQ,4432,6709,-381.13536638561413,-2,0
4538764,2024-09-10 19:00:00,2425,qual,AFCONQ,5888,68374,202.14304624568013,2,2
4538854,2024-09-10 19:00:00,2425,qual,AFCONQ,6323,6020,315.23230805268554,2,2
4196508,2024-09-10 20:30:00,2425,qual,WCQ_CONMEBOL,8258,6706,32.661216798132955,1,2
4196511,2024-09-10 21:00:00,2425,qual,WCQ_CONMEBOL,9762,5797,270.8157669138127,-1,0
4196512,2024-09-10 21:00:00,2425,qual,WCQ_CONMEBOL,6707,5798,328.0590725369884,1,2
4196509,2024-09-10 22:00:00,2425,qual,WCQ_CONMEBOL,5800,5796,-107.79549254615881,0,1
ng2664669,2024-09-10 23:00:00,2425,friendly,Friendlies,6713,5820,304.4117694781687,0,1
4196510,2024-09-11 00:30:00,2425,qual,WCQ_CONMEBOL,6724,8256,-202.75944789293044,1,2
ng2664212,2024-09-11 01:00:00,2425,friendly,Friendlies,6710,5810,203.17561128478724,0,1
4523694,2024-10-10 09:10:00,2425,qual,WCQ_AFC,6716,5822,398.50053146048276,2,2
ng2677410,2024-10-10 09:30:00,2425,friendly,Friendlies,8307,5895,391.82070394375,2,2
4538811,2024-10-10 13:00:00,2425,qual,AFCONQ,5802,6290,165.9075710148893,-1,0
4523685,2024-10-10 14:00:00,2425,qual,WCQ_AFC,5816,7804,-58.11375113120471,-2,0
4523668,2024-10-10 14:00:00,2425,qual,WCQ_AFC,8700,6711,-32.22132694048764,0,1
4538826,2024-10-10 16:00:00,2425,qual,AFCONQ,6321,7941,248.19126072418476,1,2
4538777,2024-10-10 16:00:00,2425,qual,AFCONQ,6714,5805,214.64464612983716,0,1
4538765,2024-10-10 16:00:00,2425,qual,AFCONQ,5888,5887,359.4906375161222,-1,0
4523696,2024-10-10 16:00:00,2425,qual,WCQ_AFC,5901,6324,243.26346069982264,0,1
4422111,2024-10-10 16:00:00,2425,nl,NationsLeagueC,5795,8260,-130.3264615254309,-3,0
4523669,2024-10-10 16:00:00,2425,qual,WCQ_AFC,5902,5893,383.396717909485,2,2
4523667,2024-10-10 16:00:00,2425,qual,WCQ_AFC,5789,6330,201.6991079327829,0,1
4422082,2024-10-10 16:00:00,2425,nl,NationsLeagueD,5794,10045,326.48652810612475,2,2
4523686,2024-10-10 16:00:00,2425,qual,WCQ_AFC,5824,5821,150.11142717411303,4,2
ng2675748,2024-10-10 17:30:00,2425,friendly,Friendlies,5799,6322,-6.647933887621093,1,2
4523684,2024-10-10 18:00:00,2425,qual,WCQ_AFC,5819,6333,356.0476662248341,1,2
4523695,2024-10-10 18:00:00,2425,qual,WCQ_AFC,7795,6715,-205.63172772648454,-2,0
4422110,2024-10-10 18:45:00,2425,nl,NationsLeagueC,8269,6583,-99.57763300769761,0,1
4421994,2024-10-10 18:45:00,2425,nl,NationsLeagueB,7871,5791,46.76368252918428,-1,0
4422039,2024-10-10 18:45:00,2425,nl,NationsLeagueD,507764,6035,314.45956675260584,1,2
4421993,2024-10-10 18:45:00,2425,nl,NationsLeagueB,8491,6383,286.5530569973778,-1,0
4422047,2024-10-10 18:45:00,2425,nl,NationsLeagueB,8255,8265,504.4842083414653,4,2
4421982,2024-10-10 18:45:00,2425,nl,NationsLeagueA,8204,8263,121.32702861521648,0,1
4422048,2024-10-10 18:45:00,2425,nl,NationsLeagueB,8492,5787,106.59915391665595,3,2
4421981,2024-10-10 18:45:00,2425,nl,NationsLeagueA,8567,6723,-409.8246637893553,-3,0
4538784,2024-10-10 19:00:00,2425,qual,AFCONQ,6317,7740,370.4570630617932,4,2
4538853,2024-10-10 19:00:00,2425,qual,AFCONQ,6323,121284,258.92976024595873,3,2
4196515,2024-10-10 20:00:00,2425,qual,WCQ_CONMEBOL,5797,8258,-188.89139418570335,1,2
4196514,2024-10-10 21:00:00,2425,qual,WCQ_CONMEBOL,5800,6706,-224.78899822547874,0,1
4196517,2024-10-10 21:00:00,2425,qual,WCQ_CONMEBOL,6707,6724,331.6758571989842,0,1
4196516,2024-10-11 00:00:00,2425,qual,WCQ_CONMEBOL,9762,8256,-182.26566926146802,-1,0
ng2677568,2024-10-11 12:00:00,2425,friendly,Friendlies,6332,5896,-71.21235187443585,1,2
4538837,2024-10-11 13:00:00,2425,qual,AFCONQ,5965,4433,417.2870937304001,0,1
4538803,2024-10-11 13:00:00,2425,qual,AFCONQ,6277,4432,354.5474957455597,0,1
4538783,2024-10-11 13:00:00,2425,qual,AFCONQ,8323,5804,217.49077922849187,1,2
4538722,2024-10-11 14:00:00,2425,qual,AFCONQ,5809,5979,34.459023071920456,0,1
4538766,2024-10-11 16:00:00,2425,qual,AFCONQ,10255,68374,379.84318337392847,2,2
4538812,2024-10-11 16:00:00,2425,qual,AFCONQ,6629,5884,239.3244440481701,3,2
4538739,2024-10-11 16:00:00,2425,qual,AFCONQ,5883,5885,159.94976184925827,3,2
4422005,2024-10-11 16:00:00,2425,nl,NationsLeagueC,8261,8566,-10.025705937954626,2,2
4538730,2024-10-11 16:00:00,2425,qual,AFCONQ,6346,6328,282.9646294502477,1,2
4538823,2024-10-11 16:00:00,2425,qual,AFCONQ,5890,408231,344.1517882669086,1,2
4538824,2024-10-11 17:00:00,2425,qual,AFCONQ,6316,5801,383.5788270311534,5,2
4422006,2024-10-11 18:45:00,2425,nl,NationsLeagueC,8497,8520,48.412060021021716,0,1
4422018,2024-10-11 18:45:00,2425,nl,NationsLeagueA,8565,6708,-83.98881491705424,0,1
4422017,2024-10-11 18:45:00,2425,nl,NationsLeagueA,10106,8570,-318.710878200126,-1,0
4421956,2024-10-11 18:45:00,2425,nl,NationsLeagueB,8496,10024,214.48476304104383,2,2
4422072,2024-10-11 18:45:00,2425,nl,NationsLeagueB,8536,5790,-5.221260424955517,0,1
4422073,2024-10-11 18:45:00,2425,nl,NationsLeagueB,6595,49437,296.98410202508717,1,2
4421957,2024-10-11 18:45:00,2425,nl,NationsLeagueB,6718,8268,73.86796624433418,1,2
4538852,2024-10-11 19:00:00,2425,qual,AFCONQ,6395,6020,571.4593188598567,4,2
4538802,2024-10-11 19:00:00,2425,qual,AFCONQ,6709,5803,411.92726224756666,3,2
4538838,2024-10-11 19:00:00,2425,qual,AFCONQ,5815,230700,312.05324076386387,1,2
4538778,2024-10-11 19:00:00,2425,qual,AFCONQ,6712,121281,332.1439379527649,2,2
4538723,2024-10-11 19:00:00,2425,qual,AFCONQ,6719,230692,378.8294324617559,-1,0
4538753,2024-10-11 19:00:00,2425,qual,AFCONQ,5889,4167,315.9893995325897,0,1
4196513,2024-10-12 01:30:00,2425,qual,WCQ_CONMEBOL,5798,5796,-102.61913257690458,1,2
ng2677222,2024-10-12 11:00:00,2425,friendly,Friendlies,5894,6329,181.56991066895216,0,1
4422060,2024-10-12 13:00:00,2425,nl,NationsLeagueC,8254,430156,-83.35406854910116,-1,0
4538835,2024-10-12 16:00:00,2425,qual,AFCONQ,6289,121282,244.58687431859607,3,2
4421968,2024-10-12 16:00:00,2425,nl,NationsLeagueA,10155,8498,236.77210256305693,1,2
4422090,2024-10-12 16:00:00,2425,nl,NationsLeagueC,10150,5792,152.09116224789477,0,1
4421969,2024-10-12 18:45:00,2425,nl,NationsLeagueA,8568,8361,-88.2100508377332,-2,0
4422029,2024-10-12 18:45:00,2425,nl,NationsLeagueA,8205,6717,13.579804156935097,2,2
4422030,2024-10-12 18:45:00,2425,nl,NationsLeagueA,6720,8238,290.27360199416876,1,2
4422091,2024-10-12 18:45:00,2425,nl,NationsLeagueC,10057,10259,-103.43118097916613,0,1
4422061,2024-10-12 18:45:00,2425,nl,NationsLeagueC,5793,9730,-234.2289507852097,-3,0
4538754,2024-10-12 19:00:00,2425,qual,AFCONQ,6262,230693,560.6995195734914,5,2
ng2677798,2024-10-13 01:00:00,2425,friendly,Friendlies,6713,5922,97.96194650907114,2,2
ng2677956,2024-10-13 09:30:00,2425,friendly,Friendlies,8307,5895,397.5132634026147,0,1
4422049,2024-10-13 13:00:00,2425,nl,NationsLeagueB,8265,5787,-217.74734186981277,-1,0
ng2677861,2024-10-13 16:00:00,2425,friendly,Friendlies,10045,6035,348.384718958216,2,2
4422083,2024-10-13 16:00:00,2425,nl,NationsLeagueD,8495,5794,18.87724992352355,1,2
4422040,2024-10-13 16:00:00,2425,nl,NationsLeagueD,5799,507764,23.03924025358674,0,1
4421995,2024-10-13 16:00:00,2425,nl,NationsLeagueB,7871,8491,-225.36424385467149,-2,0
4538851,2024-10-13 16:00:00,2425,qual,AFCONQ,121284,6323,-124.66788718326461,-2,0
4422112,2024-10-13 16:00:00,2425,nl,NationsLeagueC,6583,8260,-4.734195234940216,-2,0
4422113,2024-10-13 18:45:00,2425,nl,NationsLeagueC,8269,5795,46.52464963730699,0,1
4421996,2024-10-13 18:45:00,2425,nl,NationsLeagueB,6383,5791,160.52755186097875,2,2
4422050,2024-10-13 18:45:00,2425,nl,NationsLeagueB,8255,8492,149.54814392067146,4,2
ng2677872,2024-10-14 06:00:00,2425,friendly,Friendlies,5820,5823,286.78939662425773,4,2
4538814,2024-10-14 13:00:00,2425,qual,AFCONQ,5884,6629,-107.51830431465191,-1,0
4538724,2024-10-14 14:00:00,2425,qual,AFCONQ,5979,5809,129.4952611270328,1,2
4538813,2024-10-14 16:00:00,2425,qual,AFCONQ,6290,5802,51.86265160145672,2,2
4538786,2024-10-14 16:00:00,2425,qual,AFCONQ,7740,6317,-226.3534302265066,-1,0
4538785,2024-10-14 16:00:00,2425,qual,AFCONQ,5804,8323,-75.27941927170627,-1,0
4421958,2024-10-14 16:00:00,2425,nl,NationsLeagueB,8268,10024,156.25538783369984,-1,0
4422007,2024-10-14 16:00:00,2425,nl,NationsLeagueC,8566,8497,-133.2774952725249,-2,0
4422008,2024-10-14 18:45:00,2425,nl,NationsLeagueC,8261,8520,-246.91064063388603,-3,0
4421959,2024-10-14 18:45:00,2425,nl,NationsLeagueB,6718,8496,9.567283353745324,0,1
4422074,2024-10-14 18:45:00,2425,nl,NationsLeagueB,8536,6595,-95.32898785209841,-2,0
4421984,2024-10-14 18:45:00,2425,nl,NationsLeagueA,8204,8567,455.0338770885435,3,2
4422020,2024-10-14 18:45:00,2425,nl,NationsLeagueA,8570,6708,97.99828038236274,1,2
4422019,2024-10-14 18:45:00,2425,nl,NationsLeagueA,10106,8565,-141.65580713334703,-2,0
4421983,2024-10-14 18:45:00,2425,nl,NationsLeagueA,8263,6723,0.41916161042058775,-1,0
4422075,2024-10-14 18:45:00,2425,nl,NationsLeagueB,5790,49437,224.2161659796477,1,2
4538839,2024-10-14 19:00:00,2425,qual,AFCONQ,4433,5965,-223.9281244109543,-3,0
4523697,2024-10-15 10:35:00,2425,qual,WCQ_AFC,6715,6716,208.53726162633643,0,1
4523687,2024-10-15 11:00:00,2425,qual,WCQ_AFC,7804,5819,143.06121599628204,1,2
4523699,2024-10-15 12:00:00,2425,qual,WCQ_AFC,5822,6324,109.3748207710637,1,2
ng2678617,2024-10-15 12:00:00,2425,friendly,Friendlies,6322,6332,371.4423423969132,3,2
4538755,2024-10-15 13:00:00,2425,qual,AFCONQ,4167,5889,-127.15389277427539,-2,0
4538850,2024-10-15 13:00:00,2425,qual,AFCONQ,6020,6395,-416.8488554014318,-1,0
4538801,2024-10-15 13:00:00,2425,qual,AFCONQ,4432,6277,-163.74518424417715,-1,0
4538775,2024-10-15 13:00:00,2425,qual,AFCONQ,5805,6714,-32.66095502723442,2,2
4538845,2024-10-15 13:00:00,2425,qual,AFCONQ,408231,5890,-193.84794439882853,-1,0
4538828,2024-10-15 13:00:00,2425,qual,AFCONQ,7941,6321,-103.6553196408131,-2,0
4523665,2024-10-15 14:00:00,2425,qual,WCQ_AFC,8700,5789,208.07444781333925,1,2
4523664,2024-10-15 14:00:00,2425,qual,WCQ_AFC,5893,6330,-76.25370346166437,1,2
4538844,2024-10-15 16:00:00,2425,qual,AFCONQ,5801,6316,-239.4235114470987,0,1
4538740,2024-10-15 16:00:00,2425,qual,AFCONQ,68374,10255,-231.95892797953616,-1,0
4538800,2024-10-15 16:00:00,2425,qual,AFCONQ,5803,6709,-263.88213355462926,1,2
4523718,2024-10-15 16:00:00,2425,qual,WCQ_AFC,5816,5824,145.3240506666707,4,2
4538840,2024-10-15 16:00:00,2425,qual,AFCONQ,230700,5815,-163.4371824910445,0,1
4523709,2024-10-15 16:00:00,2425,qual,WCQ_AFC,6333,5821,4.841567848389332,0,1
4538776,2024-10-15 16:00:00,2425,qual,AFCONQ,121281,6712,-187.59504475992594,-1,0
4523666,2024-10-15 16:00:00,2425,qual,WCQ_AFC,6711,5902,163.3358915540614,3,2
4538741,2024-10-15 16:00:00,2425,qual,AFCONQ,5885,5883,-39.82262308503914,1,2
4538767,2024-10-15 16:00:00,2425,qual,AFCONQ,5887,5888,-128.4592214877175,1,2
4523688,2024-10-15 18:00:00,2425,qual,WCQ_AFC,7795,5901,144.56514707081396,0,1
4421970,2024-10-15 18:45:00,2425,nl,NationsLeagueA,8568,10155,-18.013511932927713,0,1
4422063,2024-10-15 18:45:00,2425,nl,NationsLeagueC,8254,9730,-230.49028209417088,-1,0
4422092,2024-10-15 18:45:00,2425,nl,NationsLeagueC,10057,5792,-0.926457616873904,0,1
4422062,2024-10-15 18:45:00,2425,nl,NationsLeagueC,430156,5793,260.62020729652545,3,2
4422093,2024-10-15 18:45:00,2425,nl,NationsLeagueC,10259,10150,128.5991191170765,5,2
4422031,2024-10-15 18:45:00,2425,nl,NationsLeagueA,6720,8205,361.1321192243199,3,2
4421971,2024-10-15 18:45:00,2425,nl,NationsLeagueA,8498,8361,-179.87971893707595,0,1
4422032,2024-10-15 18:45:00,2425,nl,NationsLeagueA,6717,8238,69.37797387518594,0,1
4538756,2024-10-15 19:00:00,2425,qual,AFCONQ,230693,6262,-406.80168139448097,-4,0
4538725,2024-10-15 19:00:00,2425,qual,AFCONQ,230692,6719,-146.94907058023864,0,1
4538827,2024-10-15 19:00:00,2425,qual,AFCONQ,121282,6289,-112.1048222729969,-3,0
4538742,2024-10-15 19:00:00,2425,qual,AFCONQ,6328,6346,-136.0833883357136,-3,0
4196519,2024-10-15 20:30:00,2425,qual,WCQ_CONMEBOL,8258,9762,434.6315735107653,4,2
4196521,2024-10-15 23:00:00,2425,qual,WCQ_CONMEBOL,6724,5800,123.4908925897521,1,2
4196518,2024-10-15 23:30:00,2425,qual,WCQ_CONMEBOL,5796,6707,223.1427312663559,0,1
ng2678622,2024-10-15 23:40:00,2425,friendly,Friendlies,5810,5922,127.62030315305014,1,2
4196522,2024-10-16 00:00:00,2425,qual,WCQ_CONMEBOL,6706,5797,548.6712666143053,6,2
4196520,2024-10-16 00:45:00,2425,qual,WCQ_CONMEBOL,8256,5798,373.27939017874223,4,2
ng2678575,2024-10-16 02:30:00,2425,friendly,Friendlies,6710,6713,200.55272100213233,2,2
ng2689789,2024-11-13 12:00:00,2425,friendly,Friendlies,95797,5899,35.47015927976838,-1,0
4538806,2024-11-13 13:00:00,2425,qual,AFCONQ,5802,6629,-190.231802593137,0,1
ng2688702,2024-11-13 13:00:00,2425,friendly,Friendlies,5898,95799,484.33783153496665,4,2
4538787,2024-11-13 16:00:00,2425,qual,AFCONQ,5804,7740,-8.368224809438289,1,2
4538799,2024-11-13 19:00:00,2425,qual,AFCONQ,4432,5803,-83.89535924771963,0,1
4523700,2024-11-14 09:10:00,2425,qual,WCQ_AFC,6716,7795,238.83749101411468,0,1
4523661,2024-11-14 12:00:00,2425,qual,WCQ_AFC,6330,6711,-396.3536889580223,-1,0
ng2688716,2024-11-14 12:00:00,2425,friendly,Friendlies,6322,230139,89.62196379643319,2,2
ng2688715,2024-11-14 12:00:00,2425,friendly,Friendlies,5825,8307,204.77602926629356,1,2
ng2688720,2024-11-14 12:30:00,2425,friendly,Friendlies,5823,5891,668.7318759347899,2,2
ng2688719,2024-11-14 12:30:00,2425,friendly,Friendlies,5788,5897,181.32944872664825,0,1
4538788,2024-11-14 13:00:00,2425,qual,AFCONQ,8323,6317,-145.06888250320458,0,1
4538757,2024-11-14 13:00:00,2425,qual,AFCONQ,4167,230693,-5.399609565538867,1,2
4538861,2024-11-14 13:00:00,2425,qual,AFCONQ,408231,5801,-39.26381522772226,1,2
4523701,2024-11-14 14:00:00,2425,qual,WCQ_AFC,5901,5822,168.67837052307027,-1,0
4523712,2024-11-14 14:00:00,2425,qual,WCQ_AFC,5821,7804,-330.00001395833124,-2,0
4422051,2024-11-14 15:00:00,2425,nl,NationsLeagueB,8265,8255,-361.04617876980797,-2,0
4538849,2024-11-14 15:00:00,2425,qual,AFCONQ,121284,6020,126.59140250026667,0,1
4538774,2024-11-14 16:00:00,2425,qual,AFCONQ,121281,5805,-88.03755343105195,4,2
4538743,2024-11-14 16:00:00,2425,qual,AFCONQ,5885,6328,86.43455223289243,-1,0
4523711,2024-11-14 16:00:00,2425,qual,WCQ_AFC,5824,6333,167.35112030976552,1,2
4538727,2024-11-14 16:00:00,2425,qual,AFCONQ,5809,6719,-212.62932604937714,-1,0
4523648,2024-11-14 16:15:00,2425,qual,WCQ_AFC,5789,5893,288.4353612496395,3,2
4523710,2024-11-14 16:15:00,2425,qual,WCQ_AFC,5819,5816,125.23897740699249,0,1
4523663,2024-11-14 16:15:00,2425,qual,WCQ_AFC,5902,8700,-33.748123023929566,1,2
4422114,2024-11-14 17:00:00,2425,nl,NationsLeagueC,6583,8269,254.59520446270403,-1,0
ng2688724,2024-11-14 18:00:00,2425,friendly,Friendlies,8495,5799,368.9025281245724,2,2
4538744,2024-11-14 19:00:00,2425,qual,AFCONQ,5883,6346,-98.29448649696428,0,1
4538848,2024-11-14 19:00:00,2425,qual,AFCONQ,6323,6395,-132.89658916984195,-1,0
4421985,2024-11-14 19:45:00,2425,nl,NationsLeagueA,8263,8204,32.574856541473764,-1,0
4421997,2024-11-14 19:45:00,2425,nl,NationsLeagueB,6383,8491,-75.93140087286247,-3,0
4422052,2024-11-14 19:45:00,2425,nl,NationsLeagueB,5787,8492,28.341560664587405,-3,0
4421986,2024-11-14 19:45:00,2425,nl,NationsLeagueA,6723,8567,498.05439842990245,0,1
4421998,2024-11-14 19:45:00,2425,nl,NationsLeagueB,5791,7871,130.3190860767761,1,2
4422115,2024-11-14 19:45:00,2425,nl,NationsLeagueC,8260,5795,310.8326563376743,1,2
4196544,2024-11-14 21:00:00,2425,qual,WCQ_CONMEBOL,5800,8256,-161.78690049353736,0,1
4196545,2024-11-14 23:30:00,2425,qual,WCQ_CONMEBOL,6724,6706,-188.80082619089217,1,2
4196546,2024-11-15 00:00:00,2425,qual,WCQ_CONMEBOL,6707,5797,316.95309010159804,4,2
4523702,2024-11-15 12:00:00,2425,qual,WCQ_AFC,6324,6715,-470.5674502867082,-4,0
4538860,2024-11-15 13:00:00,2425,qual,AFCONQ,5890,6316,-41.20069660612967,-2,0
4538731,2024-11-15 13:00:00,2425,qual,AFCONQ,5887,68374,28.193821446447373,0,1
4538841,2024-11-15 16:00:00,2425,qual,AFCONQ,4433,230700,-176.64967854519023,0,1
4538732,2024-11-15 16:00:00,2425,qual,AFCONQ,5888,10255,-146.1195054443874,0,1
4538798,2024-11-15 16:00:00,2425,qual,AFCONQ,6277,6709,-95.97053966224848,1,2
4538815,2024-11-15 16:00:00,2425,qual,AFCONQ,6290,5884,48.26080257861872,0,1
ng2688782,2024-11-15 16:00:00,2425,friendly,Friendlies,8713,178671,1190.5981960827617,11,2
4538842,2024-11-15 16:00:00,2425,qual,AFCONQ,5965,5815,-68.37522183620354,-1,0
4422064,2024-11-15 17:00:00,2425,nl,NationsLeagueC,5793,8254,66.69194590280335,1,2
4538773,2024-11-15 19:00:00,2425,qual,AFCONQ,6712,6714,152.8025664819961,0,1
4538726,2024-11-15 19:00:00,2425,qual,AFCONQ,5979,230692,73.58373168371918,-1,0
4538758,2024-11-15 19:00:00,2425,qual,AFCONQ,5889,6262,-259.23423799573584,-4,0
4422033,2024-11-15 19:45:00,2425,nl,NationsLeagueA,8238,6720,-138.30898004836308,-1,0
4422065,2024-11-15 19:45:00,2425,nl,NationsLeagueC,9730,430156,212.80846045291014,3,2
4421973,2024-11-15 19:45:00,2425,nl,NationsLeagueA,8498,10155,-73.84076453798298,1,2
4422041,2024-11-15 19:45:00,2425,nl,NationsLeagueD,6035,507764,-154.293004759645,0,1
4421972,2024-11-15 19:45:00,2425,nl,NationsLeagueA,8361,8568,277.31728627031225,4,2
4422034,2024-11-15 19:45:00,2425,nl,NationsLeagueA,6717,8205,136.13381163824033,0,1
4422094,2024-11-15 19:45:00,2425,nl,NationsLeagueC,5792,10150,39.31615866461789,-1,0
4422095,2024-11-15 19:45:00,2425,nl,NationsLeagueC,10259,10057,194.13873234683297,2,2
4196542,2024-11-16 00:00:00,2425,qual,WCQ_CONMEBOL,5796,8258,29.233719408482784,1,2
4196543,2024-11-16 01:30:00,2425,qual,WCQ_CONMEBOL,5798,9762,187.58218958581756,0,1
ng2690217,2024-11-16 12:00:00,2425,friendly,Friendlies,95797,5899,13.435397069646001,1,2
ng2689846,2024-11-16 13:00:00,2425,friendly,Friendlies,95799,95796,-173.4482019306206,2,2
4422009,2024-11-16 14:00:00,2425,nl,NationsLeagueC,8566,8261,161.4204802980969,0,1
4538829,2024-11-16 16:00:00,2425,qual,AFCONQ,121282,7941,-77.17402598094009,-2,0
ng2690215,2024-11-16 16:15:00,2425,friendly,Friendlies,5895,5892,-407.09934362794866,1,2
4422084,2024-11-16 17:00:00,2425,nl,NationsLeagueD,10045,5794,-149.62554853330857,-1,0
4422077,2024-11-16 17:00:00,2425,nl,NationsLeagueB,6595,5790,164.2721830788596,0,1
4422076,2024-11-16 17:00:00,2425,nl,NationsLeagueB,49437,8536,30.83998127585346,-2,0
4421960,2024-11-16 17:00:00,2425,nl,NationsLeagueB,8268,6718,-16.437271114179566,0,1
4538830,2024-11-16 19:00:00,2425,qual,AFCONQ,6289,6321,-63.17067596675656,1,2
4422021,2024-11-16 19:45:00,2425,nl,NationsLeagueA,8570,10106,493.4680147349461,7,2
4422022,2024-11-16 19:45:00,2425,nl,NationsLeagueA,6708,8565,232.84227970298548,4,2
4421961,2024-11-16 19:45:00,2425,nl,NationsLeagueB,10024,8496,-58.188842378662,0,1
4422010,2024-11-16 19:45:00,2425,nl,NationsLeagueC,8520,8497,137.01561264500583,1,2
ng2690471,2024-11-17 12:30:00,2425,friendly,Friendlies,5788,5891,780.6374462474691,0,1
4422116,2024-11-17 14:00:00,2425,nl,NationsLeagueC,5795,6583,-38.02492439631237,-1,0
4422117,2024-11-17 14:00:00,2425,nl,NationsLeagueC,8260,8269,335.00170896688974,1,2
4538790,2024-11-17 16:00:00,2425,qual,AFCONQ,7740,8323,-46.75622915598501,3,2
4538789,2024-11-17 16:00:00,2425,qual,AFCONQ,6317,5804,463.43579448602895,4,2
4422054,2024-11-17 17:00:00,2425,nl,NationsLeagueB,8492,8265,454.89053748160813,5,2
4422000,2024-11-17 17:00:00,2425,nl,NationsLeagueB,7871,6383,-60.0594978736176,-2,0
4421999,2024-11-17 17:00:00,2425,nl,NationsLeagueB,8491,5791,347.55097829395913,5,2
4422053,2024-11-17 17:00:00,2425,nl,NationsLeagueB,8255,5787,245.04183119894833,0,1
4421988,2024-11-17 19:45:00,2425,nl,NationsLeagueA,8204,6723,71.90822903753428,-2,0
4421987,2024-11-17 19:45:00,2425,nl,NationsLeagueA,8567,8263,-294.9870674329311,1,2
ng2690572,2024-11-18 12:00:00,2425,friendly,Friendlies,5825,5896,273.54471770306975,-1,0
4538846,2024-11-18 13:00:00,2425,qual,AFCONQ,6020,6323,-190.9253700049278,3,2
ng2691292,2024-11-18 14:00:00,2425,friendly,Friendlies,6329,5823,-26.619859298407846,0,1
4538771,2024-11-18 16:00:00,2425,qual,AFCONQ,5805,6712,-78.37407452376624,0,1
4538746,2024-11-18 16:00:00,2425,qual,AFCONQ,6328,5883,17.671002549837112,0,1
4538745,2024-11-18 16:00:00,2425,qual,AFCONQ,6346,5885,352.9157343376223,-1,0
4538772,2024-11-18 16:00:00,2425,qual,AFCONQ,6714,121281,256.5403736708697,-1,0
4538760,2024-11-18 19:00:00,2425,qual,AFCONQ,230693,5889,-87.26837571913848,-1,0
4538729,2024-11-18 19:00:00,2425,qual,AFCONQ,230692,5809,194.91986522980937,1,2
4538749,2024-11-18 19:00:00,2425,qual,AFCONQ,6262,4167,658.8177587579335,7,2
4538728,2024-11-18 19:00:00,2425,qual,AFCONQ,6719,5979,330.65169965972314,-1,0
4421974,2024-11-18 19:45:00,2425,nl,NationsLeagueA,10155,8361,-33.6754021245622,0,1
4421975,2024-11-18 19:45:00,2425,nl,NationsLeagueA,8568,8498,118.53720800955921,-1,0
4422066,2024-11-18 19:45:00,2425,nl,NationsLeagueC,430156,8254,272.6245829227403,1,2
4422036,2024-11-18 19:45:00,2425,nl,NationsLeagueA,6720,6717,321.3238368711791,1,2
4422042,2024-11-18 19:45:00,2425,nl,NationsLeagueD,5799,6035,242.34886858589903,-2,0
4422096,2024-11-18 19:45:00,2425,nl,NationsLeagueC,10150,10057,131.449863644267,0,1
4422035,2024-11-18 19:45:00,2425,nl,NationsLeagueA,8205,8238,17.33757261971914,0,1
4422097,2024-11-18 19:45:00,2425,nl,NationsLeagueC,5792,10259,-52.733081486580204,0,1
4422067,2024-11-18 19:45:00,2425,nl,NationsLeagueC,9730,5793,391.618018862526,3,2
ng2690955,2024-11-19 10:30:00,2425,friendly,Friendlies,8307,5897,-220.7990662035968,-1,0
4523704,2024-11-19 12:00:00,2425,qual,WCQ_AFC,5822,6715,-374.05626055548237,-2,0
4523705,2024-11-19 12:00:00,2425,qual,WCQ_AFC,6324,7795,-191.29165027139356,2,2
4523658,2024-11-19 12:00:00,2425,qual,WCQ_AFC,6330,8700,-274.216312329773,-1,0
ng2690950,2024-11-19 12:00:00,2425,friendly,Friendlies,6322,5750,213.43138989776753,1,2
4538818,2024-11-19 13:00:00,2425,qual,AFCONQ,5884,5802,127.4984545716527,0,1
4538817,2024-11-19 13:00:00,2425,qual,AFCONQ,6629,6290,320.04661121502136,1,2
ng2690964,2024-11-19 13:00:00,2425,friendly,Friendlies,5898,95796,257.1601390332712,2,2
4538832,2024-11-19 13:00:00,2425,qual,AFCONQ,7941,6289,-3.249973956183794,1,2
4523659,2024-11-19 14:00:00,2425,qual,WCQ_AFC,5893,6711,-438.85289498118163,-1,0
4523714,2024-11-19 14:00:00,2425,qual,WCQ_AFC,6333,7804,-409.57313356901795,0,1
4538733,2024-11-19 15:00:00,2425,qual,AFCONQ,10255,5887,454.09959346596315,0,1
4538734,2024-11-19 15:00:00,2425,qual,AFCONQ,68374,5888,-28.831359330963778,1,2
4538797,2024-11-19 16:00:00,2425,qual,AFCONQ,6709,4432,492.0200320519573,4,2
4538831,2024-11-19 16:00:00,2425,qual,AFCONQ,6321,121282,463.28844631817515,-1,0
4538816,2024-11-19 16:00:00,2425,qual,AFCONQ,230700,5965,9.218750385815838,-1,0
4523713,2024-11-19 16:00:00,2425,qual,WCQ_AFC,5824,5819,-102.94141634987022,-1,0
4523660,2024-11-19 16:00:00,2425,qual,WCQ_AFC,5789,5902,-8.632780899468344,5,2
4538843,2024-11-19 16:00:00,2425,qual,AFCONQ,5815,4433,569.28512824463,6,2
4538796,2024-11-19 16:00:00,2425,qual,AFCONQ,5803,6277,-52.40581383100084,-2,0
4538858,2024-11-19 16:00:00,2425,qual,AFCONQ,5801,5890,-90.11786128177187,-1,0
4538859,2024-11-19 16:00:00,2425,qual,AFCONQ,6316,408231,498.9991625782068,3,2
ng2690953,2024-11-19 16:10:00,2425,friendly,Friendlies,5895,5892,-370.60284905180777,-2,0
ng2690259,2024-11-19 16:30:00,2425,friendly,Friendlies,8713,6320,405.78231411812453,4,2
ng2690965,2024-11-19 17:00:00,2425,friendly,Friendlies,507764,5794,-204.68434995925872,0,1
4523715,2024-11-19 18:15:00,2425,qual,WCQ_AFC,5821,5816,-182.020078387706,0,1
4523703,2024-11-19 18:15:00,2425,qual,WCQ_AFC,5901,6716,-189.74343190300533,0,1
4538847,2024-11-19 19:00:00,2425,qual,AFCONQ,6395,121284,556.5971680313642,2,2
4421963,2024-11-19 19:45:00,2425,nl,NationsLeagueB,8496,8268,167.89409912984092,1,2
4422023,2024-11-19 19:45:00,2425,nl,NationsLeagueA,10106,6708,-304.71294760322985,0,1
4421962,2024-11-19 19:45:00,2425,nl,NationsLeagueB,10024,6718,-58.505888456157436,-1,0
4422012,2024-11-19 19:45:00,2425,nl,NationsLeagueC,8520,8566,356.9612997761692,6,2
4422085,2024-11-19 19:45:00,2425,nl,NationsLeagueD,8495,10045,276.0077057578578,0,1
4422079,2024-11-19 19:45:00,2425,nl,NationsLeagueB,5790,8536,169.9468389051674,3,2
4422011,2024-11-19 19:45:00,2425,nl,NationsLeagueC,8497,8261,358.87508865314885,1,2
4422078,2024-11-19 19:45:00,2425,nl,NationsLeagueB,49437,6595,-165.41798349200076,2,2
4422024,2024-11-19 19:45:00,2425,nl,NationsLeagueA,8565,8570,-113.4150244374539,0,1
4196567,2024-11-19 20:00:00,2425,qual,WCQ_CONMEBOL,5797,6724,62.87194465012021,0,1
4196547,2024-11-19 23:00:00,2425,qual,WCQ_CONMEBOL,8258,6707,262.51366979639783,-1,0
4196568,2024-11-20 00:00:00,2425,qual,WCQ_CONMEBOL,6706,5798,425.7506599877122,1,2
4196569,2024-11-20 00:00:00,2425,qual,WCQ_CONMEBOL,9762,5800,66.42297027996574,2,2
4196566,2024-11-20 00:45:00,2425,qual,WCQ_CONMEBOL,8256,5796,194.29004173690805,0,1
ng2697845,2024-12-09 15:15:00,2425,friendly,Friendlies,5821,5892,280.28785058173116,0,1
ng2698832,2024-12-11 16:00:00,2425,friendly,Friendlies,7740,6714,5.828594017149726,-2,0
ng2698791,2024-12-12 15:00:00,2425,friendly,Friendlies,5821,5897,143.96546462092851,-1,0
ng2700384,2024-12-15 15:00:00,2425,friendly,Friendlies,5821,5897,116.12199599749306,-2,0
ng2699629,2024-12-15 17:00:00,2425,friendly,Friendlies,6709,6289,175.47201263343413,3,2
ng2700584,2024-12-16 14:00:00,2425,friendly,Friendlies,6346,6323,153.64767269174672,-1,0
ng2699693,2024-12-16 15:00:00,2425,friendly,Friendlies,5824,5892,375.24687978028396,1,2
ng2699696,2024-12-17 13:15:00,2425,friendly,Friendlies,7795,7724,220.76387435416223,2,2
ng2709744,2025-01-04 17:15:00,2425,friendly,Friendlies,6323,5884,184.1821891500806,0,1
ng2712509,2025-01-07 17:15:00,2425,friendly,Friendlies,7941,5884,126.61513974439845,-2,0
ng2712524,2025-01-09 17:15:00,2425,friendly,Friendlies,7941,6323,11.90576988788871,-2,0
ng2718054,2025-01-18 20:00:00,2425,friendly,Friendlies,6713,5800,56.677459806890965,2,2
ng2721051,2025-01-23 00:00:00,2425,friendly,Friendlies,6713,6705,169.37738523731264,3,2
ng2723530,2025-01-27 17:00:00,2425,friendly,Friendlies,8700,5816,148.7947245863745,0,1
ng2728741,2025-02-07 00:30:00,2425,friendly,Friendlies,5806,7724,287.9764334618126,1,2
ng2730317,2025-02-08 23:30:00,2425,friendly,Friendlies,9762,5922,137.42624780848269,5,2
ng2728740,2025-02-10 01:00:00,2425,friendly,Friendlies,5806,7724,294.3791351996024,0,1
ng2734361,2025-02-17 14:00:00,2425,friendly,Friendlies,8265,6330,96.38190967333571,-2,0
ng2745554,2025-03-06 23:00:00,2425,friendly,Friendlies,5923,6548,75.4098575953667,0,1
ng2745851,2025-03-09 19:30:00,2425,friendly,Friendlies,5923,6548,71.13582314594123,0,1
ng2749990,2025-03-13 18:00:00,2425,friendly,Friendlies,5824,5805,167.76389467296895,0,1
ng2749917,2025-03-14 18:15:00,2425,friendly,Friendlies,5816,6330,284.0831705510434,0,1
ng2751470,2025-03-15 17:30:00,2425,friendly,Friendlies,5821,5822,13.73139857309343,-2,0
ng2750635,2025-03-16 19:00:00,2425,friendly,Friendlies,5808,5858,178.91048693053085,-1,0
ng2751990,2025-03-19 12:30:00,2425,friendly,Friendlies,5894,6332,537.4639837361404,1,2
ng2751991,2025-03-19 13:30:00,2425,friendly,Friendlies,6329,5899,329.7484963608882,3,2
4341220,2025-03-19 14:00:00,2425,qual,WCQ_CAF,7941,5801,261.0436609633439,3,2
4341189,2025-03-19 16:00:00,2425,qual,WCQ_CAF,4433,6629,-481.4614729253997,0,1
4341328,2025-03-19 16:00:00,2425,qual,WCQ_CAF,5804,6719,-212.92136848714972,-1,0
4341223,2025-03-19 16:00:00,2425,qual,WCQ_CAF,230693,5809,-30.279271328346113,-3,0
ng2753376,2025-03-19 16:30:00,2425,friendly,Friendlies,8265,287981,97.31656504693206,2,2
ng2751993,2025-03-19 17:00:00,2425,friendly,Friendlies,8713,6548,688.1956435123416,5,2
4523707,2025-03-20 09:10:00,2425,qual,WCQ_AFC,6716,6324,416.2951201459596,4,2
4523706,2025-03-20 10:35:00,2425,qual,WCQ_AFC,6715,5901,454.69275567971727,2,2
4523716,2025-03-20 11:00:00,2425,qual,WCQ_AFC,7804,5824,350.2428773254028,0,1
ng2753054,2025-03-20 11:00:00,2425,friendly,Friendlies,5898,10057,-45.3229789355139,-5,0
ng2752025,2025-03-20 12:45:00,2425,friendly,Friendlies,5891,5895,63.10698750270353,-1,0
4341359,2025-03-20 13:00:00,2425,qual,WCQ_CAF,5965,5890,31.48145176423168,2,2
4341089,2025-03-20 16:00:00,2425,qual,WCQ_CAF,5803,230700,-51.74565704895667,2,2
4523655,2025-03-20 16:00:00,2425,qual,WCQ_AFC,8700,5893,445.0658995467961,1,2
4523657,2025-03-20 16:00:00,2425,qual,WCQ_AFC,6711,5789,285.0256364209047,2,2
4341134,2025-03-20 16:00:00,2425,qual,WCQ_CAF,6290,5883,-68.48777680814396,0,1
4341329,2025-03-20 16:00:00,2425,qual,WCQ_CAF,6020,5802,37.55840221348558,-1,0
4341191,2025-03-20 16:00:00,2425,qual,WCQ_CAF,5888,5750,544.4460959064608,1,2
ng2753859,2025-03-20 18:00:00,2425,friendly,Friendlies,5897,95801,790.4968348906247,4,2
4523708,2025-03-20 18:15:00,2425,qual,WCQ_AFC,5816,6333,282.1202003934591,2,2
4523717,2025-03-20 18:15:00,2425,qual,WCQ_AFC,5819,5821,419.0885583033498,0,1
4523728,2025-03-20 18:15:00,2425,qual,WCQ_AFC,7795,5822,167.6061177513875,1,2
4523656,2025-03-20 18:15:00,2425,qual,WCQ_AFC,5902,6330,224.39244782235437,4,2
4341296,2025-03-20 19:00:00,2425,qual,WCQ_CAF,5889,121274,624.958209173186,3,2
4341295,2025-03-20 19:00:00,2425,qual,WCQ_CAF,5979,5884,-16.390708794514694,0,1
4341190,2025-03-20 19:00:00,2425,qual,WCQ_CAF,6328,6712,-98.90334691665203,0,1
4679443,2025-03-20 19:45:00,2425,nl,NationsLeagueA,10155,6723,-53.09469758544151,2,2
4679445,2025-03-20 19:45:00,2425,nl,NationsLeagueA,8238,8361,-35.316414111217,1,2
4679447,2025-03-20 19:45:00,2425,nl,NationsLeagueA,8204,8570,82.31342106927536,-1,0
4679441,2025-03-20 19:45:00,2425,nl,NationsLeagueA,6708,6720,-87.07671363479153,0,1
4341224,2025-03-20 21:00:00,2425,qual,WCQ_CAF,230692,5815,-190.81195187652952,-3,0
4196573,2025-03-20 23:00:00,2425,qual,WCQ_CONMEBOL,6724,9762,191.40741286565344,1,2
4196572,2025-03-21 00:45:00,2425,qual,WCQ_CONMEBOL,8256,8258,162.78744285362086,1,2
4196571,2025-03-21 01:30:00,2425,qual,WCQ_CONMEBOL,5798,5797,230.76060735059082,2,2
ng2752043,2025-03-21 12:30:00,2425,friendly,Friendlies,5825,95799,253.62938809561035,-1,0
ng2753388,2025-03-21 13:00:00,2425,friendly,Friendlies,5788,95796,314.73595550532536,2,2
4341330,2025-03-21 13:00:00,2425,qual,WCQ_CAF,8323,287979,463.34721945495016,2,2
4341358,2025-03-21 13:00:00,2425,qual,WCQ_CAF,5887,6317,-282.5651692397946,-2,0
4341154,2025-03-21 16:00:00,2425,qual,WCQ_CAF,6321,408231,482.0162180907523,1,2
4341133,2025-03-21 16:00:00,2425,qual,WCQ_CAF,5885,6346,1.9647788541415139,-2,0
4341135,2025-03-21 16:00:00,2425,qual,WCQ_CAF,6316,4167,435.6389360147889,-3,0
4341088,2025-03-21 16:00:00,2425,qual,WCQ_CAF,6323,121285,583.3961980728435,3,2
4689297,2025-03-21 17:00:00,2425,qual,WCQ_UEFA,5793,6035,521.9538523049956,2,2
4341222,2025-03-21 19:00:00,2425,qual,WCQ_CAF,6714,4432,388.729604451863,5,2
4341284,2025-03-21 19:00:00,2425,qual,WCQ_CAF,121284,6709,-297.2650074294745,-1,0
ng2753371,2025-03-21 19:45:00,2425,friendly,Friendlies,10259,6717,-166.09002750034028,0,1
4689298,2025-03-21 19:45:00,2425,qual,WCQ_UEFA,9730,10106,204.49869707787525,-1,0
4689383,2025-03-21 19:45:00,2425,qual,WCQ_UEFA,10045,5795,-110.83068410433293,-1,0
4689261,2025-03-21 19:45:00,2425,qual,WCQ_UEFA,8495,7871,-189.83571229720815,-1,0
4689262,2025-03-21 19:45:00,2425,qual,WCQ_UEFA,8568,8254,464.9540350753264,1,2
4689384,2025-03-21 19:45:00,2425,qual,WCQ_UEFA,8491,10024,401.42610931267245,2,2
4196574,2025-03-21 21:00:00,2425,qual,WCQ_CONMEBOL,6707,5800,401.39698891604644,1,2
4341372,2025-03-21 21:00:00,2425,qual,WCQ_CAF,6289,287978,598.358032575106,0,1
4341090,2025-03-21 21:00:00,2425,qual,WCQ_CAF,121282,10255,-402.35104932770923,-2,0
4341221,2025-03-21 21:30:00,2425,qual,WCQ_CAF,121281,6262,-553.2104833798032,-1,0
4196570,2025-03-21 23:30:00,2425,qual,WCQ_CONMEBOL,5796,6706,17.04292982631341,-1,0
ng2753426,2025-03-22 00:00:00,2425,friendly,Friendlies,5756,262134,-42.677238895902974,0,1
4689419,2025-03-22 14:00:00,2425,qual,WCQ_UEFA,5799,8260,-495.994154704342,-3,0
4341242,2025-03-22 14:00:00,2425,qual,WCQ_CAF,5801,6277,-184.0280966780074,-3,0
4341164,2025-03-22 16:00:00,2425,qual,WCQ_CAF,7740,68374,66.66632747994322,0,1
4689454,2025-03-22 17:00:00,2425,qual,WCQ_UEFA,5794,8492,-331.31178478464176,-5,0
ng2753456,2025-03-22 17:00:00,2425,friendly,Friendlies,5792,8520,-230.89764943306636,1,2
4689363,2025-03-22 17:00:00,2425,qual,WCQ_UEFA,49437,507764,544.24190606458,2,2
ng2753457,2025-03-22 17:45:00,2425,friendly,Friendlies,8566,5934,7.858597770133201,-3,0
4341163,2025-03-22 19:00:00,2425,qual,WCQ_CAF,5805,6395,-380.8655494810994,0,1
4689420,2025-03-22 19:45:00,2425,qual,WCQ_UEFA,5790,8265,395.50884187415204,2,2
4689455,2025-03-22 19:45:00,2425,qual,WCQ_UEFA,8567,8261,191.96916002644775,1,2
4689364,2025-03-22 19:45:00,2425,qual,WCQ_UEFA,8496,8269,512.8567955171636,1,2
4341174,2025-03-23 13:00:00,2425,qual,WCQ_CAF,4433,5750,165.2172940776327,0,1
4341283,2025-03-23 13:00:00,2425,qual,WCQ_CAF,5884,5889,141.22620100569452,-1,0
4679444,2025-03-23 19:45:00,2425,nl,NationsLeagueA,6723,10155,194.21877274875646,2,2
4679448,2025-03-23 19:45:00,2425,nl,NationsLeagueA,8570,8204,103.24099562177503,0,1
4679446,2025-03-23 19:45:00,2425,nl,NationsLeagueA,8361,8238,162.962758150667,3,2
4679442,2025-03-23 19:45:00,2425,nl,NationsLeagueA,6720,6708,244.06645574486106,0,1
4341327,2025-03-24 12:00:00,2425,qual,WCQ_CAF,5802,8323,-51.34341184169125,0,1
4341226,2025-03-24 16:00:00,2425,qual,WCQ_CAF,230693,5815,-405.12178693928377,0,1
4341336,2025-03-24 16:00:00,2425,qual,WCQ_CAF,5804,287979,318.8186380809366,1,2
4341091,2025-03-24 16:00:00,2425,qual,WCQ_CAF,230700,6323,-117.34622019120297,-1,0
4689263,2025-03-24 17:00:00,2425,qual,WCQ_UEFA,8254,7871,-163.04369053516302,0,1
4341225,2025-03-24 19:00:00,2425,qual,WCQ_CAF,5809,6714,-150.0344602896564,-3,0
4341282,2025-03-24 19:00:00,2425,qual,WCQ_CAF,6709,5979,275.63820676117416,1,2
4689300,2025-03-24 19:45:00,2425,qual,WCQ_UEFA,6035,9730,-659.1878811764394,-4,0
4689264,2025-03-24 19:45:00,2425,qual,WCQ_UEFA,8568,8495,489.31858870675,2,2
4689299,2025-03-24 19:45:00,2425,qual,WCQ_UEFA,10106,5793,292.3713665222567,1,2
4689400,2025-03-24 19:45:00,2425,qual,WCQ_UEFA,10024,10045,548.7236995460962,3,2
4689401,2025-03-24 19:45:00,2425,qual,WCQ_UEFA,8491,5795,674.3355768091208,3,2
4341326,2025-03-24 21:00:00,2425,qual,WCQ_CAF,6719,6020,376.8481466792082,2,2
4341093,2025-03-24 21:00:00,2425,qual,WCQ_CAF,121282,121285,330.14391886927217,5,2
4523729,2025-03-25 10:35:00,2425,qual,WCQ_AFC,6715,7795,391.38602314515583,0,1
4523730,2025-03-25 11:00:00,2425,qual,WCQ_AFC,5822,6716,-233.3886604919776,-2,0
4523719,2025-03-25 11:00:00,2425,qual,WCQ_AFC,7804,5816,199.19098164435786,0,1
ng2753507,2025-03-25 12:00:00,2425,friendly,Friendlies,6332,262131,-24.691421797706425,-1,0
4523731,2025-03-25 13:45:00,2425,qual,WCQ_AFC,6324,5901,-53.63322827915135,1,2
4523653,2025-03-25 13:45:00,2425,qual,WCQ_AFC,5893,5902,-235.42806441832818,2,2
4341176,2025-03-25 16:00:00,2425,qual,WCQ_CAF,6712,5888,167.74657649623964,-1,0
4341132,2025-03-25 16:00:00,2425,qual,WCQ_CAF,5883,6316,-103.96609746387048,-2,0
4341357,2025-03-25 16:00:00,2425,qual,WCQ_CAF,5890,6289,21.116439313904266,1,2
4341130,2025-03-25 16:00:00,2425,qual,WCQ_CAF,5885,4167,214.6409973265579,0,1
4523654,2025-03-25 16:00:00,2425,qual,WCQ_AFC,6711,8700,201.58701896752973,0,1
4341131,2025-03-25 16:00:00,2425,qual,WCQ_CAF,6346,6290,291.50164268267895,0,1
ng2754371,2025-03-25 17:00:00,2425,friendly,Friendlies,8713,6277,350.2010198919543,5,2
4689457,2025-03-25 17:00:00,2425,qual,WCQ_UEFA,5794,8261,48.579900114989414,-1,0
ng2753517,2025-03-25 17:45:00,2425,friendly,Friendlies,8566,10057,52.62128274191241,-2,0
ng2753518,2025-03-25 18:00:00,2425,friendly,Friendlies,8520,10259,234.2231057645604,4,2
4523721,2025-03-25 18:15:00,2425,qual,WCQ_AFC,5821,5824,-88.83457122554228,-1,0
4523652,2025-03-25 18:15:00,2425,qual,WCQ_AFC,6330,5789,-174.172465773898,-1,0
4523720,2025-03-25 18:15:00,2425,qual,WCQ_AFC,6333,5819,-283.25735057307793,1,2
4341355,2025-03-25 19:00:00,2425,qual,WCQ_CAF,5887,287978,492.15056424920135,2,2
4341175,2025-03-25 19:00:00,2425,qual,WCQ_CAF,6629,6328,303.67349112501665,2,2
4341160,2025-03-25 19:00:00,2425,qual,WCQ_CAF,5805,408231,249.54891942138306,0,1
4341092,2025-03-25 19:00:00,2425,qual,WCQ_CAF,10255,5803,415.3881692144805,1,2
4341281,2025-03-25 19:00:00,2425,qual,WCQ_CAF,121284,121274,371.54432329194174,5,2
4689421,2025-03-25 19:45:00,2425,qual,WCQ_UEFA,5799,8265,-316.205355129154,-2,0
4689365,2025-03-25 19:45:00,2425,qual,WCQ_UEFA,507764,8496,-578.7886352935463,-4,0
4689456,2025-03-25 19:45:00,2425,qual,WCQ_UEFA,8567,8492,-191.54681534418137,-2,0
ng2756181,2025-03-25 19:45:00,2425,friendly,Friendlies,6717,5792,442.24300711160527,2,2
4689366,2025-03-25 19:45:00,2425,qual,WCQ_UEFA,49437,8269,315.13967754309874,1,2
4689422,2025-03-25 19:45:00,2425,qual,WCQ_UEFA,8260,5790,-54.98099908644667,0,1
4196577,2025-03-25 20:00:00,2425,qual,WCQ_CONMEBOL,5797,5796,-81.49001275267005,0,1
4341356,2025-03-25 21:00:00,2425,qual,WCQ_CAF,6317,5965,286.42278797767517,4,2
4341227,2025-03-25 21:00:00,2425,qual,WCQ_CAF,230692,4432,259.2317514445633,1,2
4341162,2025-03-25 21:00:00,2425,qual,WCQ_CAF,68374,6321,-104.81924190538575,-2,0
4341161,2025-03-25 21:00:00,2425,qual,WCQ_CAF,6395,7740,477.47160406022044,2,2
4341243,2025-03-25 21:30:00,2425,qual,WCQ_CAF,6262,7941,477.86076993239453,2,2
ng2753524,2025-03-25 21:30:00,2425,friendly,Friendlies,121281,929188,496.000330663534,6,2
4196576,2025-03-26 00:00:00,2425,qual,WCQ_CONMEBOL,5800,5798,75.80300180680501,1,2
4196575,2025-03-26 00:00:00,2425,qual,WCQ_CONMEBOL,8258,6724,255.58742656232585,0,1
ng2754268,2025-03-26 00:00:00,2425,friendly,Friendlies,262134,5756,200.23282133522207,2,2
4196579,2025-03-26 00:00:00,2425,qual,WCQ_CONMEBOL,9762,6707,-44.84096584890631,0,1
4196578,2025-03-26 00:00:00,2425,qual,WCQ_CONMEBOL,6706,8256,178.6833813943647,3,2
ng2766586,2025-04-17 23:00:00,2425,friendly,Friendlies,262132,262135,31.34672861693207,0,1
ng2766961,2025-04-20 20:00:00,2425,friendly,Friendlies,262132,262135,29.547146214006943,1,2
ng2773897,2025-05-08 23:00:00,2425,friendly,Friendlies,287980,5886,65.14188076043729,0,1
ng2774924,2025-05-11 20:00:00,2425,friendly,Friendlies,287980,5886,61.4353441422918,0,1
ng2778480,2025-05-20 15:50:00,2425,friendly,Friendlies,5824,121281,239.15321101073482,3,2
ng2776984,2025-05-20 23:00:00,2425,friendly,Friendlies,5924,5923,92.71041938892131,-2,0
ng2779714,2025-05-24 23:00:00,2425,friendly,Friendlies,262132,5924,-483.9377919618312,-2,0
ng2778818,2025-05-25 19:00:00,2425,friendly,Friendlies,5923,5924,103.367157582348,3,2
ng2779348,2025-05-27 18:45:00,2425,friendly,Friendlies,5806,7724,280.5861009680689,1,2
ng2780723,2025-05-28 16:00:00,2425,friendly,Friendlies,5824,5897,253.0625202699173,1,2
ng2779397,2025-05-28 18:45:00,2425,friendly,Friendlies,6714,6346,20.676105310869616,-1,0
ng2779567,2025-05-29 13:00:00,2425,friendly,Friendlies,5823,5888,-115.81909613359335,-3,0
ng2779682,2025-05-30 00:00:00,2425,friendly,Friendlies,5923,262135,649.3401156855502,0,1
ng2779661,2025-05-30 15:40:00,2425,friendly,Friendlies,7795,5816,5.938148890405273,2,2
ng2781122,2025-05-31 11:30:00,2425,friendly,Friendlies,6714,7724,203.6823233509158,4,2
ng2781123,2025-05-31 16:00:00,2425,friendly,Friendlies,5806,6346,83.02588190204938,0,1
ng2780583,2025-05-31 23:00:00,2425,friendly,Friendlies,6548,262132,664.0362718689246,2,2
ng2780589,2025-06-01 00:00:00,2425,friendly,Friendlies,6327,5858,-11.516301009950666,0,1
ng2780593,2025-06-01 20:30:00,2425,friendly,Friendlies,5756,5807,-133.5660716987586,0,1
ng2781597,2025-06-02 17:30:00,2425,friendly,Friendlies,6719,6323,154.27474643229175,2,2
ng2781714,2025-06-03 12:00:00,2425,friendly,Friendlies,5823,5888,-139.5654968886331,-3,0
ng2781952,2025-06-04 12:30:00,2425,friendly,Friendlies,5788,6329,286.38285213925656,2,2
ng2782537,2025-06-04 13:00:00,2425,friendly,Friendlies,95797,95800,331.64338582155085,2,2
4454401,2025-06-04 19:00:00,2425,qual,WCQ_CONCACAF,287980,262135,498.3322863058112,3,2
4679451,2025-06-04 19:10:00,2425,nl,NationsLeagueA,8570,8361,100.02754619673965,-1,0
4416467,2025-06-04 21:00:00,2425,qual,WCQ_CONCACAF,262133,127409,-152.31579128239855,1,2
4416457,2025-06-04 21:00:00,2425,qual,WCQ_CONCACAF,5886,262131,215.32549358943618,0,1
4416447,2025-06-04 23:00:00,2425,qual,WCQ_CONCACAF,5943,287982,398.2339588028325,5,2
4416437,2025-06-04 23:00:00,2425,qual,WCQ_CONCACAF,6548,73596,329.3979765338454,6,2
4454404,2025-06-04 23:00:00,2425,qual,WCQ_CONCACAF,5923,262132,654.3398479313142,6,2
ng2782554,2025-06-05 09:00:00,2425,friendly,Friendlies,5895,178671,157.0208094785737,1,2
4523732,2025-06-05 11:10:00,2425,qual,WCQ_AFC,6716,6715,-59.06411290400456,1,2
ng2781983,2025-06-05 11:30:00,2425,friendly,Friendlies,5825,5899,259.6616542005104,2,2
ng2781985,2025-06-05 12:00:00,2425,friendly,Friendlies,6332,5898,-439.28277495948066,-1,0
ng2781984,2025-06-05 12:00:00,2425,friendly,Friendlies,6322,95799,244.12893605391253,0,1
4523734,2025-06-05 13:45:00,2425,qual,WCQ_AFC,6324,5822,35.0555078009686,1,2
4523723,2025-06-05 16:00:00,2425,qual,WCQ_AFC,5824,5816,-25.237206700903243,-3,0
ng2781988,2025-06-05 16:00:00,2425,friendly,Friendlies,8268,8269,418.43263812351825,1,2
4523733,2025-06-05 16:00:00,2425,qual,WCQ_AFC,5901,7795,-60.472895048573264,-2,0
4523650,2025-06-05 16:00:00,2425,qual,WCQ_AFC,5789,8700,-37.64168853412821,0,1
ng2781992,2025-06-05 16:00:00,2425,friendly,Friendlies,6317,5885,471.610444161802,2,2
ng2781989,2025-06-05 17:30:00,2425,friendly,Friendlies,10057,8265,180.45344362499463,3,2
ng2781990,2025-06-05 18:00:00,2425,friendly,Friendlies,6321,5815,46.33713618410502,1,2
4523651,2025-06-05 18:15:00,2425,qual,WCQ_AFC,5902,6711,-194.19739042909396,1,2
4523649,2025-06-05 18:15:00,2425,qual,WCQ_AFC,6330,5893,50.26489212990805,0,1
4523724,2025-06-05 18:15:00,2425,qual,WCQ_AFC,5821,6333,-20.854085177532625,-2,0
4523722,2025-06-05 18:15:00,2425,qual,WCQ_AFC,5819,7804,-45.90609092871546,-2,0
4679452,2025-06-05 19:00:00,2425,nl,NationsLeagueA,6720,6723,165.61293094656935,1,2
4196553,2025-06-05 23:00:00,2425,qual,WCQ_CONMEBOL,6707,8256,8.455749779354619,0,1
4196564,2025-06-05 23:00:00,2425,qual,WCQ_CONMEBOL,6724,5796,22.476986081265522,2,2
4196563,2025-06-06 01:00:00,2425,qual,WCQ_CONMEBOL,9762,6706,-246.80477933724637,-1,0
ng2782648,2025-06-06 15:00:00,2425,friendly,Friendlies,8323,5979,114.26840225467572,-1,0
ng2782651,2025-06-06 16:00:00,2425,friendly,Friendlies,230693,68374,-31.291540925613162,1,2
ng2782470,2025-06-06 16:00:00,2425,friendly,Friendlies,10150,5793,226.1496646881676,0,1
ng2784030,2025-06-06 16:00:00,2425,friendly,Friendlies,6323,6290,220.04678610263045,2,2
ng2784029,2025-06-06 16:00:00,2425,friendly,Friendlies,230700,121284,82.15141600325524,-1,0
ng2782480,2025-06-06 17:00:00,2425,friendly,Friendlies,5792,5787,-148.1178461717593,-1,0
ng2782638,2025-06-06 17:00:00,2425,friendly,Friendlies,430156,6583,150.3288493964278,3,2
ng2782637,2025-06-06 17:00:00,2425,friendly,Friendlies,8713,6346,279.9615858902398,0,1
ng2782393,2025-06-06 17:30:00,2425,friendly,Friendlies,8565,8520,93.39991234739705,-2,0
ng2782652,2025-06-06 17:30:00,2425,friendly,Friendlies,6316,7941,209.28037383550281,0,1
ng2782481,2025-06-06 18:45:00,2425,friendly,Friendlies,8498,8536,197.0284522117413,-2,0
4689438,2025-06-06 18:45:00,2425,qual,WCQ_UEFA,8260,8263,-183.60396019686914,0,1
ng2782394,2025-06-06 18:45:00,2425,friendly,Friendlies,8568,5794,464.2957992526551,2,2
4689439,2025-06-06 18:45:00,2425,qual,WCQ_UEFA,5790,5799,797.6542211869488,3,2
ng2782395,2025-06-06 18:45:00,2425,friendly,Friendlies,5791,6395,-37.55437201341988,0,1
4689367,2025-06-06 18:45:00,2425,qual,WCQ_UEFA,8496,49437,278.26496071844645,2,2
4689480,2025-06-06 18:45:00,2425,qual,WCQ_UEFA,8492,8204,-53.417386551925574,3,2
4689368,2025-06-06 18:45:00,2425,qual,WCQ_UEFA,507764,10155,-669.9203600000105,-7,0
4689479,2025-06-06 18:45:00,2425,qual,WCQ_UEFA,8261,8567,-93.71924800682905,-2,0
ng2782650,2025-06-06 19:00:00,2425,friendly,Friendlies,5889,121281,235.4421002104225,-1,0
4416446,2025-06-06 19:00:00,2425,qual,WCQ_CONCACAF,6101,5857,-46.238766402515466,-1,0
ng2782649,2025-06-06 20:00:00,2425,friendly,Friendlies,6262,6719,296.2188634945953,2,2
ng2782647,2025-06-06 20:10:00,2425,friendly,Friendlies,6629,5890,260.3952287074269,3,2
4196580,2025-06-06 20:30:00,2425,qual,WCQ_CONMEBOL,8258,5798,319.699678116162,0,1
4196565,2025-06-06 22:00:00,2425,qual,WCQ_CONMEBOL,5800,5797,222.79280462544716,2,2
4416481,2025-06-06 22:00:00,2425,qual,WCQ_CONCACAF,127411,5756,359.33476497566653,1,2
4416458,2025-06-06 23:30:00,2425,qual,WCQ_CONCACAF,287981,127408,389.0060998941925,4,2
4416436,2025-06-06 23:30:00,2425,qual,WCQ_CONCACAF,7724,5924,288.07896783110255,4,2
4416475,2025-06-07 02:00:00,2425,qual,WCQ_CONCACAF,5858,262134,403.3398182924698,2,2
4416468,2025-06-07 02:00:00,2425,qual,WCQ_CONCACAF,5807,6222,101.91200859960895,1,2
4689301,2025-06-07 13:00:00,2425,qual,WCQ_UEFA,10106,6035,730.113154328922,1,2
ng2782674,2025-06-07 13:00:00,2425,friendly,Friendlies,5795,8566,-17.868069243940226,0,1
ng2782694,2025-06-07 15:00:00,2425,friendly,Friendlies,5884,4432,322.0383256673301,0,1
4689265,2025-06-07 16:00:00,2425,qual,WCQ_UEFA,8495,8254,47.51715723497591,0,1
4689402,2025-06-07 16:00:00,2425,qual,WCQ_UEFA,10045,8491,-794.7302324865993,-1,0
ng2782482,2025-06-07 17:00:00,2425,friendly,Friendlies,8238,10259,346.423451428587,1,2
4689302,2025-06-07 18:45:00,2425,qual,WCQ_UEFA,8255,9730,285.3793107592478,1,2
4689266,2025-06-07 18:45:00,2425,qual,WCQ_UEFA,7871,6708,-251.2210486015797,-2,0
4689403,2025-06-07 18:45:00,2425,qual,WCQ_UEFA,10024,8205,-102.93727065761573,0,1
ng2782396,2025-06-07 18:45:00,2425,friendly,Friendlies,6383,8497,146.98307622598782,3,2
4454402,2025-06-07 19:00:00,2425,qual,WCQ_CONCACAF,262135,5806,-897.1349488728195,-1,0
4416445,2025-06-07 19:00:00,2425,qual,WCQ_CONCACAF,287982,5808,-601.2121040784797,-1,0
4454405,2025-06-07 19:00:00,2425,qual,WCQ_CONCACAF,262132,6327,-794.6617850123416,-3,0
ng2782692,2025-06-07 19:30:00,2425,friendly,Friendlies,5810,6718,44.35775260776518,2,2
ng2782693,2025-06-07 19:40:00,2425,friendly,Friendlies,6713,6595,40.15756916773762,-1,0
ng2782397,2025-06-07 20:00:00,2425,friendly,Friendlies,6710,6717,92.29150838851956,-2,0
4416459,2025-06-07 21:00:00,2425,qual,WCQ_CONCACAF,262131,5934,-565.6797338339686,-5,0
4416435,2025-06-07 23:00:00,2425,qual,WCQ_CONCACAF,73596,6705,-743.1314045159323,-8,0
ng2782398,2025-06-07 23:10:00,2425,friendly,Friendlies,5820,6709,-25.887714568116962,1,2
4416469,2025-06-08 01:00:00,2425,qual,WCQ_CONCACAF,127409,5922,-555.7979623060558,-2,0
4679453,2025-06-08 13:00:00,2425,nl,NationsLeagueA,8570,6723,30.81360440589083,-2,0
ng2782955,2025-06-08 15:00:00,2425,friendly,Friendlies,6321,5809,370.239186808471,2,2
ng2782826,2025-06-08 16:00:00,2425,friendly,Friendlies,8268,5888,239.5309536740367,0,1
4679454,2025-06-08 19:00:00,2425,nl,NationsLeagueA,8361,6720,-21.673527262774314,0,1
4689440,2025-06-09 14:00:00,2425,qual,WCQ_UEFA,8265,8260,-117.06189517290863,-1,0
ng2782862,2025-06-09 15:00:00,2425,friendly,Friendlies,5890,5979,83.72674716105644,0,1
ng2782863,2025-06-09 16:00:00,2425,friendly,Friendlies,5799,8498,-636.3540166723344,-4,0
ng2785116,2025-06-09 17:00:00,2425,friendly,Friendlies,430156,230692,212.32702431426833,2,2
ng2782864,2025-06-09 18:00:00,2425,friendly,Friendlies,49437,6583,174.1185164220692,0,1
4689441,2025-06-09 18:45:00,2425,qual,WCQ_UEFA,8263,5790,210.522723137389,1,2
4689370,2025-06-09 18:45:00,2425,qual,WCQ_UEFA,10155,8496,167.10636205808828,4,2
4689481,2025-06-09 18:45:00,2425,qual,WCQ_UEFA,8261,8492,-350.01732511413206,-1,0
4689482,2025-06-09 18:45:00,2425,qual,WCQ_UEFA,8204,5794,642.4801701276326,2,2
4689369,2025-06-09 18:45:00,2425,qual,WCQ_UEFA,8269,507764,305.49999260205163,1,2
ng2785115,2025-06-09 19:00:00,2425,friendly,Friendlies,5889,230700,270.69529465492406,2,2
ng2785117,2025-06-09 19:00:00,2425,friendly,Friendlies,6317,5885,475.336756587433,2,2
ng2782865,2025-06-09 20:00:00,2425,friendly,Friendlies,6262,5883,506.92834710589636,1,2
ng2782866,2025-06-09 20:00:00,2425,friendly,Friendlies,8323,6629,-108.98474645401552,0,1
4523735,2025-06-10 10:35:00,2425,qual,WCQ_AFC,6715,6324,500.8731225439021,6,2
4523737,2025-06-10 11:00:00,2425,qual,WCQ_AFC,5822,5901,29.279019584128264,1,2
4523725,2025-06-10 11:00:00,2425,qual,WCQ_AFC,7804,5821,532.3783446552618,4,2
4523677,2025-06-10 13:45:00,2425,qual,WCQ_AFC,5893,5789,-180.1964604006737,0,1
4523676,2025-06-10 13:45:00,2425,qual,WCQ_AFC,8700,5902,176.2209352608968,3,2
ng2784867,2025-06-10 16:00:00,2425,friendly,Friendlies,121284,68374,38.00351390646665,0,1
ng2786113,2025-06-10 16:00:00,2425,friendly,Friendlies,121281,6290,65.79083931482637,0,1
ng2783625,2025-06-10 16:00:00,2425,friendly,Friendlies,8566,8565,-233.8871597848099,-1,0
ng2783626,2025-06-10 16:00:00,2425,friendly,Friendlies,5787,10106,219.48803307118965,1,2
4523675,2025-06-10 16:00:00,2425,qual,WCQ_AFC,6711,6330,451.6920786847197,3,2
ng2784865,2025-06-10 16:50:00,2425,friendly,Friendlies,5884,4432,307.45541210025226,1,2
ng2783631,2025-06-10 17:00:00,2425,friendly,Friendlies,8520,6317,142.69417607528817,1,2
ng2783630,2025-06-10 17:00:00,2425,friendly,Friendlies,10057,8713,-180.70818522520267,-3,0
ng2783632,2025-06-10 17:00:00,2425,friendly,Friendlies,8238,8254,576.2623709485053,5,2
ng2786114,2025-06-10 17:30:00,2425,friendly,Friendlies,6316,5965,147.4317452984285,2,2
4523736,2025-06-10 18:15:00,2425,qual,WCQ_AFC,7795,6716,-88.72271768743872,-1,0
4523727,2025-06-10 18:15:00,2425,qual,WCQ_AFC,6333,5824,-48.13996739610366,0,1
4523726,2025-06-10 18:15:00,2425,qual,WCQ_AFC,5816,5819,106.20429172925515,-1,0
4689405,2025-06-10 18:45:00,2425,qual,WCQ_UEFA,8205,10045,724.619323983309,3,2
4689304,2025-06-10 18:45:00,2425,qual,WCQ_UEFA,6035,8255,-858.0293413795698,-4,0
4689303,2025-06-10 18:45:00,2425,qual,WCQ_UEFA,9730,5793,362.2316598567879,2,2
4689268,2025-06-10 18:45:00,2425,qual,WCQ_UEFA,6708,8495,693.313482132959,8,2
ng2783637,2025-06-10 18:45:00,2425,friendly,Friendlies,8497,8567,169.57789133406231,-1,0
4689404,2025-06-10 18:45:00,2425,qual,WCQ_UEFA,5795,10024,-190.1405547697641,0,1
ng2783636,2025-06-10 18:45:00,2425,friendly,Friendlies,5792,5791,-110.10488563477725,0,1
ng2783635,2025-06-10 18:45:00,2425,friendly,Friendlies,10259,8536,26.909145409832945,1,2
ng2783634,2025-06-10 18:45:00,2425,friendly,Friendlies,8491,6395,248.2013697534012,-2,0
ng2783633,2025-06-10 18:45:00,2425,friendly,Friendlies,6383,10150,345.43221439416493,4,2
4689267,2025-06-10 18:45:00,2425,qual,WCQ_UEFA,7871,8568,-76.33179575078043,1,2
4416434,2025-06-10 19:00:00,2425,qual,WCQ_CONCACAF,5924,6548,7.2081322319872925,-1,0
4416444,2025-06-10 20:00:00,2425,qual,WCQ_CONCACAF,5857,5943,37.52175155839609,-1,0
4196549,2025-06-10 20:00:00,2425,qual,WCQ_CONMEBOL,5797,9762,121.32321565618031,2,2
ng2783638,2025-06-10 21:00:00,2425,friendly,Friendlies,5820,6718,-161.35070717849976,-1,0
4416461,2025-06-10 22:00:00,2425,qual,WCQ_CONCACAF,5934,287981,261.72649596107976,-4,0
4416460,2025-06-10 22:00:00,2425,qual,WCQ_CONCACAF,127408,5886,10.186561864440364,1,2
4416476,2025-06-10 23:00:00,2425,qual,WCQ_CONCACAF,262134,287980,108.7312946165257,5,2
4416477,2025-06-10 23:00:00,2425,qual,WCQ_CONCACAF,5806,5858,108.71734115968115,3,2
4196552,2025-06-10 23:00:00,2425,qual,WCQ_CONMEBOL,5796,5800,278.3942624707288,2,2
4196548,2025-06-11 00:00:00,2425,qual,WCQ_CONMEBOL,6706,8258,297.25673575323344,0,1
4416470,2025-06-11 00:00:00,2425,qual,WCQ_CONCACAF,6222,262133,368.07886520027716,3,2
4416471,2025-06-11 00:00:00,2425,qual,WCQ_CONCACAF,5922,5807,455.3891536404469,3,2
ng2783689,2025-06-11 00:00:00,2425,friendly,Friendlies,6713,6717,-50.52529586725109,-4,0
ng2783691,2025-06-11 00:40:00,2425,friendly,Friendlies,5810,6709,227.49872975276298,0,1
4196550,2025-06-11 00:45:00,2425,qual,WCQ_CONMEBOL,8256,6724,262.3537088854771,1,2
4416483,2025-06-11 01:00:00,2425,qual,WCQ_CONCACAF,6327,127411,140.34586501734907,0,1
ng2783690,2025-06-11 01:00:00,2425,friendly,Friendlies,6710,6595,122.88616429411854,1,2
4416433,2025-06-11 01:00:00,2425,qual,WCQ_CONCACAF,6705,7724,313.5557106923925,1,2
4416482,2025-06-11 01:00:00,2425,qual,WCQ_CONCACAF,5756,5923,-71.46293606516838,1,2
4196551,2025-06-11 01:30:00,2425,qual,WCQ_CONMEBOL,5798,6707,-12.550872001452035,0,1
4416443,2025-06-11 02:00:00,2425,qual,WCQ_CONCACAF,5808,6101,532.9403616594734,2,2
4772410,2025-06-15 02:15:00,2425,tourn,GoldCup,6710,262134,634.2205507819733,1,2
4772437,2025-06-15 22:00:00,2425,tourn,GoldCup,6713,7724,399.26173876507255,5,2
4772438,2025-06-16 00:15:00,2425,tourn,GoldCup,5934,7795,-70.49114675859687,-1,0
4772411,2025-06-16 03:00:00,2425,tourn,GoldCup,6705,127411,274.1322885249192,1,2
4772431,2025-06-16 23:00:00,2425,tourn,GoldCup,5922,5757,398.0677363670068,3,2
4772432,2025-06-17 02:00:00,2425,tourn,GoldCup,5806,5858,97.50136046208422,-1,0
4772422,2025-06-18 00:15:00,2425,tourn,GoldCup,287981,6327,2.685356770359249,0,1
4772423,2025-06-18 02:30:00,2425,tourn,GoldCup,5810,5808,206.02152017191656,6,2
4772412,2025-06-18 23:00:00,2425,tourn,GoldCup,6705,262134,419.5814636497637,1,2
4772413,2025-06-19 02:00:00,2425,tourn,GoldCup,127411,6710,-463.6575459325313,-2,0
4772439,2025-06-19 22:45:00,2425,tourn,GoldCup,7724,5934,-137.355589043269,0,1
4772440,2025-06-20 01:15:00,2425,tourn,GoldCup,7795,6713,-191.39801162136496,-1,0
4772433,2025-06-20 23:45:00,2425,tourn,GoldCup,5806,5757,313.4167328282774,1,2
4772434,2025-06-21 02:00:00,2425,tourn,GoldCup,5858,5922,-148.62516495292857,-1,0
4772424,2025-06-21 23:00:00,2425,tourn,GoldCup,287981,5810,-330.42123761824996,0,1
4772425,2025-06-22 02:00:00,2425,tourn,GoldCup,5808,6327,155.8282467313693,2,2
4772441,2025-06-22 23:00:00,2425,tourn,GoldCup,7795,7724,213.94310837796843,0,1
4772442,2025-06-22 23:00:00,2425,tourn,GoldCup,6713,5934,285.4231025993831,1,2
4772414,2025-06-23 02:00:00,2425,tourn,GoldCup,262134,127411,-149.40077740342736,0,1
4772415,2025-06-23 02:00:00,2425,tourn,GoldCup,6710,6705,214.0980284407524,0,1
4772436,2025-06-24 23:00:00,2425,tourn,GoldCup,5922,5806,117.49218093455329,3,2
4772435,2025-06-24 23:00:00,2425,tourn,GoldCup,5757,5858,-227.77655540213118,-1,0
4772427,2025-06-25 02:00:00,2425,tourn,GoldCup,5808,287981,131.47137584938696,1,2
4772426,2025-06-25 02:00:00,2425,tourn,GoldCup,5810,6327,333.3777667040697,2,2
4772522,2025-06-28 23:15:00,2425,tourn,GoldCup,5922,5808,102.98616137740396,0,1
4772521,2025-06-29 02:15:00,2425,tourn,GoldCup,6710,7795,251.0796353235271,2,2
4772526,2025-06-29 20:00:00,2425,tourn,GoldCup,5810,5858,233.03372469929627,0,1
4772520,2025-06-29 23:00:00,2425,tourn,GoldCup,6713,6705,165.14021659958098,0,1
4772523,2025-07-02 23:00:00,2526,tourn,GoldCup,6713,5858,251.52826323379463,1,2
4772524,2025-07-03 02:00:00,2526,tourn,GoldCup,6710,5808,234.04897347951737,1,2
ng2810634,2025-07-04 18:50:00,2526,friendly,Friendlies,6395,6289,426.47357608948164,0,1
4772525,2025-07-06 23:00:00,2526,tourn,GoldCup,6713,6710,-56.72611172904158,-1,0
ng2815208,2025-07-07 17:00:00,2526,friendly,Friendlies,6395,6289,409.63658361456396,1,2
ng2833433,2025-07-22 12:00:00,2526,friendly,Friendlies,7941,5890,92.85864723294048,1,2
ng2828022,2025-07-24 10:00:00,2526,friendly,Friendlies,6395,5890,457.239111450609,-1,0
ng2833938,2025-07-24 15:00:00,2526,friendly,Friendlies,230693,121281,-10.189003176968527,0,1
ng2833089,2025-07-25 17:00:00,2526,friendly,Friendlies,6262,6323,387.0283285190012,-2,0
ng2833946,2025-07-27 12:00:00,2526,friendly,Friendlies,7941,6395,-250.9441369384822,1,2
ng2833960,2025-07-27 15:00:00,2526,friendly,Friendlies,6289,230693,264.8208335525753,0,1
ng2836986,2025-07-29 17:00:00,2526,friendly,Friendlies,6317,68374,429.8996852708344,0,1
ng2855610,2025-08-24 15:30:00,2526,friendly,Friendlies,5902,5897,294.13609879725254,-1,0
4341279,2025-09-03 13:00:00,2526,qual,WCQ_CAF,121274,5889,-574.1480574136239,-4,0
ng2861747,2025-09-03 15:15:00,2526,friendly,Friendlies,5902,5901,219.5813268085892,0,1
4341229,2025-09-04 13:00:00,2526,qual,WCQ_CAF,4432,6714,-266.1500340047867,0,1
ng2861793,2025-09-04 13:00:00,2526,friendly,Friendlies,5823,5825,231.54332075907996,-3,0
4689442,2025-09-04 14:00:00,2526,qual,WCQ_UEFA,8265,5790,-238.24604499891075,-1,0
ng2861796,2025-09-04 15:00:00,2526,friendly,Friendlies,7795,8260,49.99802199279043,1,2
4341228,2025-09-04 16:00:00,2526,qual,WCQ_CAF,5809,230693,36.175994516482206,2,2
4689269,2025-09-04 16:00:00,2526,qual,WCQ_UEFA,8254,8495,121.08440593714113,0,1
ng2861375,2025-09-04 16:00:00,2526,friendly,Friendlies,8492,7871,321.11597861078553,1,2
ng2861801,2025-09-04 16:00:00,2526,friendly,Friendlies,507764,10024,-429.30675975667236,-1,0
4341094,2025-09-04 16:00:00,2526,qual,WCQ_CAF,230700,5803,35.19992486305546,0,1
4341172,2025-09-04 16:00:00,2526,qual,WCQ_CAF,5750,5888,-436.575383836577,-2,0
4341173,2025-09-04 16:00:00,2526,qual,WCQ_CAF,6712,6328,227.74205184107018,-1,0
4341347,2025-09-04 16:00:00,2526,qual,WCQ_CAF,287979,8323,-383.5721799374569,-1,0
4689339,2025-09-04 16:00:00,2526,qual,WCQ_UEFA,8268,6595,-41.45419820791744,-1,0
ng2861798,2025-09-04 16:30:00,2526,friendly,Friendlies,5789,6320,216.6971142864154,2,2
ng2861803,2025-09-04 17:00:00,2526,friendly,Friendlies,8713,5816,242.3514749892454,0,1
4689340,2025-09-04 18:45:00,2526,qual,WCQ_UEFA,10150,6720,-505.47516706168767,-3,0
4689249,2025-09-04 18:45:00,2526,qual,WCQ_UEFA,5792,10259,-49.23854384601486,-2,0
4689270,2025-09-04 18:45:00,2526,qual,WCQ_UEFA,6708,8568,289.9377043186312,0,1
4689250,2025-09-04 18:45:00,2526,qual,WCQ_UEFA,8497,8570,-183.49712243532872,2,2
4689443,2025-09-04 18:45:00,2526,qual,WCQ_UEFA,5799,8263,-772.1818711260519,-6,0
4341171,2025-09-04 19:00:00,2526,qual,WCQ_CAF,6629,4433,547.275141491983,3,2
4341352,2025-09-04 19:00:00,2526,qual,WCQ_CAF,6317,5887,460.17575152469544,2,2
4341346,2025-09-04 19:00:00,2526,qual,WCQ_CAF,6719,5804,395.8559475007353,3,2
4341230,2025-09-04 19:00:00,2526,qual,WCQ_CAF,5815,230692,200.16626537516026,3,2
4822523,2025-09-04 21:30:00,2526,qual,WCQ_CONCACAF,127411,5922,-274.60988404666705,0,1
4196557,2025-09-04 23:30:00,2526,qual,WCQ_CONMEBOL,6724,6707,83.64983325040134,0,1
4196555,2025-09-04 23:30:00,2526,qual,WCQ_CONMEBOL,8258,5797,427.73797400145145,3,2
4196558,2025-09-04 23:30:00,2526,qual,WCQ_CONMEBOL,6706,5800,478.3755930479324,3,2
4196554,2025-09-04 23:30:00,2526,qual,WCQ_CONMEBOL,5796,5798,273.4491943882838,3,2
4196556,2025-09-05 00:30:00,2526,qual,WCQ_CONMEBOL,8256,9762,426.6860882742824,3,2
4822522,2025-09-05 02:00:00,2526,qual,WCQ_CONCACAF,5858,6327,176.08390256248867,-1,0
ng2861863,2025-09-05 09:45:00,2526,friendly,Friendlies,6716,5820,330.1788337678645,1,2
4341353,2025-09-05 12:00:00,2526,qual,WCQ_CAF,287978,6289,-545.6469456216398,-3,0
4341158,2025-09-05 13:00:00,2526,qual,WCQ_CAF,408231,6321,-427.4672582326425,-3,0
4341337,2025-09-05 13:00:00,2526,qual,WCQ_CAF,5802,6020,95.83555711339113,-1,0
4341280,2025-09-05 13:00:00,2526,qual,WCQ_CAF,5884,5979,163.66962606903076,-2,0
ng2866201,2025-09-05 13:30:00,2526,friendly,Friendlies,6324,5896,500.1275162876117,6,2
4341214,2025-09-05 16:00:00,2526,qual,WCQ_CAF,4167,6316,-320.0772192315542,-3,0
4341117,2025-09-05 16:00:00,2526,qual,WCQ_CAF,5883,6290,29.414306816751605,1,2
4341245,2025-09-05 16:00:00,2526,qual,WCQ_CAF,5801,7941,-169.90456958978552,0,1
4341095,2025-09-05 16:00:00,2526,qual,WCQ_CAF,121285,6323,-636.930161089024,-6,0
4341354,2025-09-05 16:00:00,2526,qual,WCQ_CAF,5890,5965,36.32725529685786,4,2
ng2861825,2025-09-05 18:00:00,2526,friendly,Friendlies,9730,5810,-0.5167658861912514,-3,0
4689372,2025-09-05 18:45:00,2526,qual,WCQ_UEFA,49437,8496,-117.66278008079917,-2,0
4689281,2025-09-05 18:45:00,2526,qual,WCQ_UEFA,5787,8520,4.274141936092292,0,1
4689328,2025-09-05 18:45:00,2526,qual,WCQ_UEFA,6718,6723,-236.6862806216884,-2,0
4689282,2025-09-05 18:45:00,2526,qual,WCQ_UEFA,6717,430156,384.2669501881619,4,2
4689484,2025-09-05 18:45:00,2526,qual,WCQ_UEFA,8204,8261,590.9311640464316,5,2
4689293,2025-09-05 18:45:00,2526,qual,WCQ_UEFA,6383,10057,349.7219614334681,4,2
4689371,2025-09-05 18:45:00,2526,qual,WCQ_UEFA,8269,10155,-452.10182092444234,-1,0
4689294,2025-09-05 18:45:00,2526,qual,WCQ_UEFA,8238,8498,226.95494061508566,0,1
4689483,2025-09-05 18:45:00,2526,qual,WCQ_UEFA,5794,8567,-169.32733373262658,-4,0
4689327,2025-09-05 18:45:00,2526,qual,WCQ_UEFA,8536,8566,275.3377659657392,5,2
4341157,2025-09-05 19:00:00,2526,qual,WCQ_CAF,6395,5805,426.42026811650453,2,2
4341159,2025-09-05 19:00:00,2526,qual,WCQ_CAF,68374,7740,81.95032996970053,2,2
4341278,2025-09-05 19:00:00,2526,qual,WCQ_CAF,6709,121284,371.64214512165904,1,2
4341096,2025-09-05 19:00:00,2526,qual,WCQ_CAF,10255,121282,486.076110564303,2,2
4341247,2025-09-05 19:00:00,2526,qual,WCQ_CAF,6262,121281,529.5563549531812,5,2
4822534,2025-09-05 22:00:00,2526,qual,WCQ_CONCACAF,5943,5806,-203.80911286443097,-4,0
4822535,2025-09-06 00:00:00,2526,qual,WCQ_CONCACAF,7724,287981,-8.794625745826352,0,1
4822548,2025-09-06 00:00:00,2526,qual,WCQ_CONCACAF,5934,5808,-42.75626052314715,0,1
4822547,2025-09-06 02:00:00,2526,qual,WCQ_CONCACAF,5807,6705,-307.14037735829606,0,1
ng2866196,2025-09-06 11:30:00,2526,friendly,Friendlies,5895,5899,-100.08798608846655,-3,0
ng2866195,2025-09-06 11:45:00,2526,friendly,Friendlies,95799,95797,163.45830029625688,0,1
4689406,2025-09-06 13:00:00,2526,qual,WCQ_UEFA,5795,8205,-354.1743872972868,-1,0
4689351,2025-09-06 16:00:00,2526,qual,WCQ_UEFA,6583,8361,-422.24585834931236,-5,0
4689407,2025-09-06 16:00:00,2526,qual,WCQ_UEFA,8491,10045,848.2513063600413,2,2
4341201,2025-09-06 16:00:00,2526,qual,WCQ_CAF,6346,5885,348.9619683943374,1,2
4689305,2025-09-06 18:45:00,2526,qual,WCQ_UEFA,8255,5793,564.9426422592621,1,2
4689352,2025-09-06 18:45:00,2526,qual,WCQ_UEFA,5791,8565,-26.71261493568727,0,1
4689306,2025-09-06 18:45:00,2526,qual,WCQ_UEFA,6035,10106,-562.4641051529003,-6,0
ng2862866,2025-09-06 21:00:00,2526,friendly,Friendlies,6713,7804,19.83288726526621,-2,0
ng2864921,2025-09-07 02:00:00,2526,friendly,Friendlies,6710,6715,100.80354542769805,0,1
4689341,2025-09-07 13:00:00,2526,qual,WCQ_UEFA,8268,10150,238.29480708787855,3,2
4341233,2025-09-07 16:00:00,2526,qual,WCQ_CAF,230693,230692,-155.8283606159373,-2,0
4689271,2025-09-07 16:00:00,2526,qual,WCQ_UEFA,8254,6708,-495.8406813004883,-1,0
4689444,2025-09-07 16:00:00,2526,qual,WCQ_UEFA,8260,5799,667.9602833063004,5,2
4689445,2025-09-07 18:45:00,2526,qual,WCQ_UEFA,8263,8265,537.1923168170156,6,2
4689252,2025-09-07 18:45:00,2526,qual,WCQ_UEFA,8570,10259,381.7124019089006,2,2
4689251,2025-09-07 18:45:00,2526,qual,WCQ_UEFA,5792,8497,-148.0606430600742,-1,0
4689272,2025-09-07 18:45:00,2526,qual,WCQ_UEFA,8568,7871,215.23714092691057,2,2
4689342,2025-09-07 18:45:00,2526,qual,WCQ_UEFA,6595,6720,-219.04858270594787,-6,0
ng2868111,2025-09-08 13:00:00,2526,friendly,Friendlies,5823,6333,-127.59146771356609,-3,0
4341345,2025-09-08 13:00:00,2526,qual,WCQ_CAF,8323,6719,-104.65304801945422,-1,0
4341360,2025-09-08 13:00:00,2526,qual,WCQ_CAF,5965,5887,201.80754169613624,2,2
4341248,2025-09-08 13:00:00,2526,qual,WCQ_CAF,6277,6262,-232.82388474369623,-2,0
ng2868112,2025-09-08 13:30:00,2526,friendly,Friendlies,6324,5897,107.15707811110701,0,1
4341232,2025-09-08 16:00:00,2526,qual,WCQ_CAF,5809,4432,167.13675536062146,2,2
ng2869425,2025-09-08 16:00:00,2526,friendly,Friendlies,5821,6320,-58.31795176198102,0,1
4341350,2025-09-08 16:00:00,2526,qual,WCQ_CAF,5890,287978,643.0778921802463,2,2
4341343,2025-09-08 16:00:00,2526,qual,WCQ_CAF,6020,5804,114.45543287112469,0,1
4341351,2025-09-08 16:00:00,2526,qual,WCQ_CAF,6289,6317,-254.40885923561405,0,1
4341109,2025-09-08 16:00:00,2526,qual,WCQ_CAF,230700,121285,450.2325163139749,2,2
ng2868115,2025-09-08 16:30:00,2526,friendly,Friendlies,5789,5901,259.56550041881883,1,2
ng2867355,2025-09-08 17:15:00,2526,friendly,Friendlies,8496,7795,282.3712243604416,0,1
4689284,2025-09-08 18:45:00,2526,qual,WCQ_UEFA,6717,5787,245.76473306368234,3,2
4689296,2025-09-08 18:45:00,2526,qual,WCQ_UEFA,6383,8238,8.497810598193155,-3,0
4689485,2025-09-08 18:45:00,2526,qual,WCQ_UEFA,8567,8204,-293.6985795214198,-1,0
4689283,2025-09-08 18:45:00,2526,qual,WCQ_UEFA,430156,8520,-139.68049798414586,2,2
4689295,2025-09-08 18:45:00,2526,qual,WCQ_UEFA,10057,8498,-226.91771152318802,-2,0
4689373,2025-09-08 18:45:00,2526,qual,WCQ_UEFA,507764,8269,-152.10908721090755,-1,0
4689374,2025-09-08 18:45:00,2526,qual,WCQ_UEFA,10155,49437,395.98332596224054,4,2
4341231,2025-09-08 19:00:00,2526,qual,WCQ_CAF,6714,5815,-66.42609163464817,1,2
4341168,2025-09-08 19:00:00,2526,qual,WCQ_CAF,6328,4433,336.83699267921793,2,2
4822525,2025-09-09 00:30:00,2526,qual,WCQ_CONCACAF,6327,127411,124.8390988718786,-1,0
4822524,2025-09-09 01:30:00,2526,qual,WCQ_CONCACAF,5922,5858,227.18848806047686,0,1
ng2865941,2025-09-09 07:10:00,2526,friendly,Friendlies,5820,6716,-175.38017577675146,-2,0
ng2869426,2025-09-09 11:30:00,2526,friendly,Friendlies,5825,8307,218.9613147251365,0,1
ng2868074,2025-09-09 12:15:00,2526,friendly,Friendlies,5895,5899,-125.27526867848792,0,1
4341344,2025-09-09 13:00:00,2526,qual,WCQ_CAF,5802,287979,326.8149897748742,3,2
4341285,2025-09-09 13:00:00,2526,qual,WCQ_CAF,5884,121274,625.740472322218,5,2
4341276,2025-09-09 13:00:00,2526,qual,WCQ_CAF,7941,121281,169.44712918696882,-1,0
4341110,2025-09-09 13:00:00,2526,qual,WCQ_CAF,5803,121282,69.44508934649002,2,2
4341198,2025-09-09 13:00:00,2526,qual,WCQ_CAF,6290,5885,46.95653789199059,-1,0
ng2867627,2025-09-09 16:00:00,2526,friendly,Friendlies,8261,10045,330.8369913084541,0,1
4341156,2025-09-09 16:00:00,2526,qual,WCQ_CAF,6321,6395,-63.108404550048135,-1,0
4341170,2025-09-09 16:00:00,2526,qual,WCQ_CAF,5888,6629,-16.589473754665732,1,2
4341142,2025-09-09 16:00:00,2526,qual,WCQ_CAF,7740,5805,21.828589231294245,1,2
4341108,2025-09-09 16:00:00,2526,qual,WCQ_CAF,6323,10255,-41.42556528396722,0,1
4341200,2025-09-09 16:00:00,2526,qual,WCQ_CAF,6316,6346,56.988300181385284,0,1
4689353,2025-09-09 16:00:00,2526,qual,WCQ_UEFA,6583,5791,-102.26191976561654,1,2
4689329,2025-09-09 16:00:00,2526,qual,WCQ_UEFA,8566,6718,-252.211538998901,0,1
ng2868087,2025-09-09 17:00:00,2526,friendly,Friendlies,5816,262134,469.36100078427626,3,2
4689354,2025-09-09 18:45:00,2526,qual,WCQ_UEFA,8565,8361,-143.70340255141855,-1,0
ng2867356,2025-09-09 18:45:00,2526,friendly,Friendlies,5790,5810,44.69465482074611,-1,0
4689330,2025-09-09 18:45:00,2526,qual,WCQ_UEFA,6723,8536,445.3789535937551,1,2
4689486,2025-09-09 18:45:00,2526,qual,WCQ_UEFA,8492,5794,584.1133041533512,10,2
4689307,2025-09-09 18:45:00,2526,qual,WCQ_UEFA,10106,8255,-204.63229993525397,-1,0
4689409,2025-09-09 18:45:00,2526,qual,WCQ_UEFA,8205,8491,-44.40262604191821,-5,0
4689308,2025-09-09 18:45:00,2526,qual,WCQ_UEFA,5793,9730,-173.60073303872923,0,1
4689408,2025-09-09 18:45:00,2526,qual,WCQ_UEFA,10024,5795,334.0788719559564,1,2
4341277,2025-09-09 19:00:00,2526,qual,WCQ_CAF,5889,6709,-38.690211412660574,0,1
4341169,2025-09-09 19:00:00,2526,qual,WCQ_CAF,6712,5750,570.69687326727,2,2
ng2868089,2025-09-09 19:00:00,2526,friendly,Friendlies,8495,6035,492.9361960882809,2,2
4341286,2025-09-09 19:00:00,2526,qual,WCQ_CAF,5979,121284,150.3357705027811,2,2
4341155,2025-09-09 19:00:00,2526,qual,WCQ_CAF,68374,408231,295.55938372147534,0,1
4341199,2025-09-09 20:45:00,2526,qual,WCQ_CAF,5883,4167,116.80235476338726,4,2
4196581,2025-09-09 23:00:00,2526,qual,WCQ_CONMEBOL,6707,6706,-81.1174276947047,1,2
4196559,2025-09-09 23:30:00,2526,qual,WCQ_CONMEBOL,5798,6724,17.783474730021908,-1,0
4196562,2025-09-09 23:30:00,2526,qual,WCQ_CONMEBOL,9762,5796,-103.15110991889856,0,1
4196561,2025-09-09 23:30:00,2526,qual,WCQ_CONMEBOL,5797,8256,-149.2429731502873,1,2
4196560,2025-09-09 23:30:00,2526,qual,WCQ_CONMEBOL,5800,8258,-88.6945422340209,-3,0
ng2867629,2025-09-09 23:30:00,2526,friendly,Friendlies,6713,6715,-57.030135702817915,2,2
4822537,2025-09-10 00:00:00,2526,qual,WCQ_CONCACAF,287981,5943,206.85347968306382,1,2
4822536,2025-09-10 00:00:00,2526,qual,WCQ_CONCACAF,5806,7724,261.2104313165596,2,2
ng2867628,2025-09-10 01:30:00,2526,friendly,Friendlies,6710,7804,140.31071863416446,0,1
4822549,2025-09-10 02:00:00,2526,qual,WCQ_CONCACAF,6705,5934,189.55115870030795,0,1
4822550,2025-09-10 02:00:00,2526,qual,WCQ_CONCACAF,5808,5807,369.628986910652,2,2
ng2885314,2025-10-05 23:00:00,2526,friendly,Friendlies,5923,5857,-8.227768720035101,7,2
4341178,2025-10-08 13:00:00,2526,qual,WCQ_CAF,4433,6712,-271.27525029577214,0,1
4341113,2025-10-08 13:00:00,2526,qual,WCQ_CAF,121282,230700,-48.868799020319784,1,2
4341177,2025-10-08 13:00:00,2526,qual,WCQ_CAF,6328,5888,-53.008126711457635,0,1
4341167,2025-10-08 13:00:00,2526,qual,WCQ_CAF,5750,6629,-523.3687109820962,-2,0
4877424,2025-10-08 15:00:00,2526,qual,WCQ_AFC,5824,5902,-111.24345991724113,0,1
4341234,2025-10-08 16:00:00,2526,qual,WCQ_CAF,4432,5815,-379.60066296804484,-2,0
4341111,2025-10-08 16:00:00,2526,qual,WCQ_CAF,121285,10255,-764.4005913529336,-3,0
4341112,2025-10-08 16:00:00,2526,qual,WCQ_CAF,5803,6323,-200.38800712183524,-1,0
4341236,2025-10-08 16:00:00,2526,qual,WCQ_CAF,230692,5809,66.66977576394197,-1,0
4341235,2025-10-08 16:00:00,2526,qual,WCQ_CAF,230693,6714,-284.337180601186,-5,0
4877427,2025-10-08 17:15:00,2526,qual,WCQ_AFC,6324,7795,-259.3402484391536,-1,0
4341302,2025-10-08 19:00:00,2526,qual,WCQ_CAF,121281,5801,171.36767020702155,2,2
4341303,2025-10-08 19:00:00,2526,qual,WCQ_CAF,7941,6277,8.868912105728668,-1,0
ng2885435,2025-10-08 22:00:00,2526,friendly,Friendlies,6548,262135,656.7500829742431,3,2
ng2887035,2025-10-09 00:00:00,2526,friendly,Friendlies,5923,5857,37.83769610324657,1,2
4341292,2025-10-09 13:00:00,2526,qual,WCQ_CAF,121284,5884,22.442620858649434,-1,0
ng2886098,2025-10-09 13:00:00,2526,friendly,Friendlies,8700,5821,486.5328566684857,2,2
4341370,2025-10-09 16:00:00,2526,qual,WCQ_CAF,5887,5890,-81.06792324160415,-1,0
4341340,2025-10-09 16:00:00,2526,qual,WCQ_CAF,5804,5802,-2.4257137758240788,2,2
4689273,2025-10-09 16:00:00,2526,qual,WCQ_UEFA,7871,8254,312.4160891692097,1,2
4341371,2025-10-09 16:00:00,2526,qual,WCQ_CAF,5965,6289,69.92722314307889,-1,0
4341361,2025-10-09 16:00:00,2526,qual,WCQ_CAF,287978,6317,-874.8146928442251,-3,0
4341341,2025-10-09 16:00:00,2526,qual,WCQ_CAF,6020,8323,-21.9621062423048,3,2
ng2886099,2025-10-09 18:00:00,2526,friendly,Friendlies,9730,5794,357.94078500198816,1,2
4689309,2025-10-09 18:45:00,2526,qual,WCQ_UEFA,8255,6035,1009.1965537450035,10,2
ng2886100,2025-10-09 18:45:00,2526,friendly,Friendlies,8491,5790,323.15127752177546,3,2
4689310,2025-10-09 18:45:00,2526,qual,WCQ_UEFA,5793,10106,-97.20649930978198,0,1
4689376,2025-10-09 18:45:00,2526,qual,WCQ_UEFA,8269,49437,-124.92155284157934,4,2
4689375,2025-10-09 18:45:00,2526,qual,WCQ_UEFA,8496,10155,-19.35411416606553,0,1
4689274,2025-10-09 18:45:00,2526,qual,WCQ_UEFA,8495,6708,-512.7978748491905,-4,0
4689318,2025-10-09 18:45:00,2526,qual,WCQ_UEFA,8498,6383,63.27930761372568,2,2
ng2886101,2025-10-09 18:45:00,2526,friendly,Friendlies,8568,5820,323.1598478194512,1,2
4689317,2025-10-09 18:45:00,2526,qual,WCQ_UEFA,10057,8238,-398.86491237154587,-6,0
ng2886097,2025-10-09 19:00:00,2526,friendly,Friendlies,6262,5901,503.35331418331,1,2
ng2886327,2025-10-09 19:30:00,2526,friendly,Friendlies,6317,6333,317.2638758410228,3,2
4822552,2025-10-10 00:00:00,2526,qual,WCQ_CONCACAF,5807,5934,-158.2423458436508,-3,0
4822551,2025-10-10 02:00:00,2526,qual,WCQ_CONCACAF,5808,6705,34.65902259470795,0,1
ng2860065,2025-10-10 11:00:00,2526,friendly,Friendlies,7804,8256,-128.44212350992052,-5,0
ng2886310,2025-10-10 12:45:00,2526,friendly,Friendlies,5796,262134,762.2997904112137,1,2
4341141,2025-10-10 13:00:00,2526,qual,WCQ_CAF,408231,6395,-584.1660554682758,-5,0
4341127,2025-10-10 13:00:00,2526,qual,WCQ_CAF,5805,68374,5.2001373381335725,0,1
4341293,2025-10-10 13:00:00,2526,qual,WCQ_CAF,5979,5889,-15.487970336852868,-1,0
4341140,2025-10-10 13:00:00,2526,qual,WCQ_CAF,7740,6321,-155.82326201154865,-1,0
4341294,2025-10-10 13:00:00,2526,qual,WCQ_CAF,121274,6709,-698.0534479715363,-7,0
4689446,2025-10-10 14:00:00,2526,qual,WCQ_UEFA,8265,5799,470.63369646099227,4,2
4341195,2025-10-10 16:00:00,2526,qual,WCQ_CAF,5885,5883,74.34672799987129,-1,0
4341197,2025-10-10 16:00:00,2526,qual,WCQ_CAF,4167,6346,-310.83344305582,-1,0
4341196,2025-10-10 16:00:00,2526,qual,WCQ_CAF,6290,6316,-307.891702024486,0,1
ng2886250,2025-10-10 16:00:00,2526,friendly,Friendlies,5797,5816,118.50866522577303,1,2
4341342,2025-10-10 16:00:00,2526,qual,WCQ_CAF,287979,6719,-679.5561358319635,-6,0
ng2886312,2025-10-10 17:00:00,2526,friendly,Friendlies,8713,6711,77.20084388309056,1,2
4689447,2025-10-10 18:45:00,2526,qual,WCQ_UEFA,8263,8260,346.70067198580546,0,1
4689286,2025-10-10 18:45:00,2526,qual,WCQ_UEFA,8520,6717,-45.95299558685974,-2,0
4689254,2025-10-10 18:45:00,2526,qual,WCQ_UEFA,8570,5792,534.5124943436308,4,2
4689253,2025-10-10 18:45:00,2526,qual,WCQ_UEFA,10259,8497,-2.026030518515199,2,2
4689285,2025-10-10 18:45:00,2526,qual,WCQ_UEFA,430156,5787,-19.82328808764896,0,1
4689331,2025-10-10 18:45:00,2526,qual,WCQ_UEFA,8536,6718,-28.012510162150647,-2,0
4689332,2025-10-10 18:45:00,2526,qual,WCQ_UEFA,6723,8566,651.012248701137,3,2
4822527,2025-10-10 21:00:00,2526,qual,WCQ_CONCACAF,127411,5858,-73.42884648425229,0,1
4822539,2025-10-10 22:00:00,2526,qual,WCQ_CONCACAF,5943,7724,-31.740770435141712,-3,0
4822538,2025-10-10 23:00:00,2526,qual,WCQ_CONCACAF,287981,5806,-71.12006140782364,2,2
ng2886317,2025-10-10 23:00:00,2526,friendly,Friendlies,9762,5798,51.034407698139375,1,2
ng2886318,2025-10-10 23:40:00,2526,friendly,Friendlies,5810,6716,65.20101572836074,-1,0
ng2885472,2025-10-11 00:10:00,2526,friendly,Friendlies,6706,5800,438.94448432535614,1,2
ng2885471,2025-10-11 00:30:00,2526,friendly,Friendlies,6713,6707,-121.67408996310473,0,1
4822526,2025-10-11 01:00:00,2526,qual,WCQ_CONCACAF,6327,5922,-198.91459060387228,-1,0
4689410,2025-10-11 13:00:00,2526,qual,WCQ_UEFA,5795,10045,280.9480667043931,0,1
4689487,2025-10-11 16:00:00,2526,qual,WCQ_UEFA,8492,8567,300.92622059071755,5,2
4689355,2025-10-11 16:00:00,2526,qual,WCQ_UEFA,8565,6583,345.1116238724462,2,2
4877425,2025-10-11 17:15:00,2526,qual,WCQ_AFC,5789,5824,94.88870335621641,1,2
4689356,2025-10-11 18:45:00,2526,qual,WCQ_UEFA,8361,5791,440.5695851962705,1,2
4689488,2025-10-11 18:45:00,2526,qual,WCQ_UEFA,8261,8204,-441.7278505346974,-2,0
4689343,2025-10-11 18:45:00,2526,qual,WCQ_UEFA,10150,6595,-209.15513600330792,-5,0
4689344,2025-10-11 18:45:00,2526,qual,WCQ_UEFA,6720,8268,516.909935361027,2,2
4689411,2025-10-11 18:50:00,2526,qual,WCQ_UEFA,8205,10024,233.14088950092264,-1,0
4877428,2025-10-11 19:30:00,2526,qual,WCQ_AFC,5819,6324,254.325894894439,1,2
ng2887092,2025-10-11 23:30:00,2526,friendly,Friendlies,6548,5857,69.12766739471454,2,2
ng2887079,2025-10-12 01:10:00,2526,friendly,Friendlies,6710,8258,-38.51779236374091,-4,0
4689311,2025-10-12 13:00:00,2526,qual,WCQ_UEFA,6035,5793,-392.5632343907812,-4,0
4341301,2025-10-12 13:00:00,2526,qual,WCQ_CAF,6277,121281,186.69625029676808,-1,0
4689319,2025-10-12 16:00:00,2526,qual,WCQ_UEFA,8498,10057,336.89990754467067,1,2
4689276,2025-10-12 16:00:00,2526,qual,WCQ_UEFA,6708,7871,418.9449496065333,4,2
4689377,2025-10-12 16:00:00,2526,qual,WCQ_UEFA,8269,8496,-313.1608240013786,1,2
4341238,2025-10-12 16:00:00,2526,qual,WCQ_CAF,4432,230693,10.573716666402333,-1,0
ng2887734,2025-10-12 17:00:00,2526,friendly,Friendlies,8495,10106,-146.20811494085456,-3,0
4689378,2025-10-12 18:45:00,2526,qual,WCQ_UEFA,10155,507764,857.6898792655666,3,2
4689275,2025-10-12 18:45:00,2526,qual,WCQ_UEFA,8254,8568,-310.33900885029993,-2,0
4689320,2025-10-12 18:45:00,2526,qual,WCQ_UEFA,8238,6383,230.78177158491326,2,2
4689312,2025-10-12 18:45:00,2526,qual,WCQ_UEFA,9730,8255,-137.61342346196238,1,2
4341237,2025-10-12 19:00:00,2526,qual,WCQ_CAF,6714,230692,210.57296396632637,1,2
4341116,2025-10-12 19:00:00,2526,qual,WCQ_CAF,10255,230700,489.45099180462717,1,2
4341115,2025-10-12 19:00:00,2526,qual,WCQ_CAF,121285,5803,-438.58880208585106,-1,0
4341114,2025-10-12 19:00:00,2526,qual,WCQ_CAF,6323,121282,384.7966690155954,2,2
4341259,2025-10-12 19:00:00,2526,qual,WCQ_CAF,5815,5809,321.5634323415836,3,2
ng2887751,2025-10-13 12:45:00,2526,friendly,Friendlies,5796,8700,290.07035643949257,1,2
4341339,2025-10-13 13:00:00,2526,qual,WCQ_CAF,8323,5804,136.2782984227058,0,1
4341338,2025-10-13 13:00:00,2526,qual,WCQ_CAF,287979,6020,-323.5144162023672,1,2
4341325,2025-10-13 13:00:00,2526,qual,WCQ_CAF,6719,5802,366.1039874863254,3,2
4341125,2025-10-13 13:00:00,2526,qual,WCQ_CAF,408231,7740,-163.5128373838122,0,1
4341186,2025-10-13 16:00:00,2526,qual,WCQ_CAF,6629,6712,204.2163437369311,0,1
4341188,2025-10-13 16:00:00,2526,qual,WCQ_CAF,5888,4433,468.8450205700699,3,2
4341193,2025-10-13 16:00:00,2526,qual,WCQ_CAF,4167,6290,-73.34364334395445,1,2
4341187,2025-10-13 16:00:00,2526,qual,WCQ_CAF,5750,6328,-341.51871362555585,0,1
ng2887752,2025-10-13 16:00:00,2526,friendly,Friendlies,49437,5799,581.6219868848502,1,2
ng2888233,2025-10-13 17:00:00,2526,friendly,Friendlies,6317,6333,326.97130274380083,-1,0
4689288,2025-10-13 18:45:00,2526,qual,WCQ_UEFA,8520,430156,222.6148847430493,-1,0
4689334,2025-10-13 18:45:00,2526,qual,WCQ_UEFA,6718,8566,326.5839671069639,1,2
4689287,2025-10-13 18:45:00,2526,qual,WCQ_UEFA,5787,6717,-104.21599828093008,0,1
4689449,2025-10-13 18:45:00,2526,qual,WCQ_UEFA,5790,8263,-68.44149487025402,-2,0
4689256,2025-10-13 18:45:00,2526,qual,WCQ_UEFA,8497,5792,302.07987434228585,2,2
4689448,2025-10-13 18:45:00,2526,qual,WCQ_UEFA,8260,8265,279.901773919619,0,1
4689333,2025-10-13 18:45:00,2526,qual,WCQ_UEFA,8536,6723,-291.9185564942345,0,1
4689255,2025-10-13 18:45:00,2526,qual,WCQ_UEFA,10259,8570,-218.65634798757605,-1,0
4822554,2025-10-14 00:00:00,2526,qual,WCQ_CONCACAF,5808,5934,140.30627375944778,3,2
4822553,2025-10-14 02:00:00,2526,qual,WCQ_CONCACAF,6705,5807,403.58707864370285,3,2
ng2860067,2025-10-14 11:00:00,2526,friendly,Friendlies,7804,6724,-9.960472831727884,2,2
4341290,2025-10-14 13:00:00,2526,qual,WCQ_CAF,121274,5979,-550.792183108392,-7,0
ng2889427,2025-10-14 15:00:00,2526,friendly,Friendlies,6711,7941,455.11732189919667,2,2
4341192,2025-10-14 16:00:00,2526,qual,WCQ_CAF,6346,5883,204.8468249790908,4,2
4341194,2025-10-14 16:00:00,2526,qual,WCQ_CAF,6316,5885,319.5003664661897,3,2
4341369,2025-10-14 16:00:00,2526,qual,WCQ_CAF,6289,5887,199.87148250233304,0,1
4341367,2025-10-14 16:00:00,2526,qual,WCQ_CAF,6317,5890,281.37910933653075,1,2
4689489,2025-10-14 16:00:00,2526,qual,WCQ_UEFA,8261,5794,132.63350784584918,0,1
ng2887803,2025-10-14 16:00:00,2526,friendly,Friendlies,8492,5820,428.75000406240747,0,1
4341368,2025-10-14 16:00:00,2526,qual,WCQ_CAF,287978,5965,-531.7908603739801,-1,0
ng2887802,2025-10-14 17:00:00,2526,friendly,Friendlies,10024,5816,80.78069911794137,2,2
4877426,2025-10-14 17:00:00,2526,qual,WCQ_AFC,5902,5789,-10.701833047265382,1,2
ng2887804,2025-10-14 17:00:00,2526,friendly,Friendlies,8713,5797,190.68484487209344,3,2
4689346,2025-10-14 18:45:00,2526,qual,WCQ_UEFA,6720,10150,709.7261661197322,4,2
4689490,2025-10-14 18:45:00,2526,qual,WCQ_UEFA,8204,8567,379.01582904114457,3,2
4689357,2025-10-14 18:45:00,2526,qual,WCQ_UEFA,5791,6583,219.90079604451807,1,2
4877429,2025-10-14 18:45:00,2526,qual,WCQ_AFC,7795,5819,12.179366867684394,0,1
4689413,2025-10-14 18:45:00,2526,qual,WCQ_UEFA,5795,8491,-524.6516192529868,-5,0
4689345,2025-10-14 18:45:00,2526,qual,WCQ_UEFA,6595,8268,201.51205559726077,3,2
4689358,2025-10-14 18:45:00,2526,qual,WCQ_UEFA,8361,8565,315.78094192034064,0,1
4689412,2025-10-14 18:45:00,2526,qual,WCQ_UEFA,10045,8205,-482.96822909007346,-2,0
4341299,2025-10-14 19:00:00,2526,qual,WCQ_CAF,6262,5801,708.9124710822596,1,2
4341126,2025-10-14 19:00:00,2526,qual,WCQ_CAF,6321,5805,307.0281363683316,1,2
4341291,2025-10-14 19:00:00,2526,qual,WCQ_CAF,5889,121284,321.76830646084204,2,2
4341124,2025-10-14 19:00:00,2526,qual,WCQ_CAF,6395,68374,478.6429663400784,4,2
4341289,2025-10-14 19:00:00,2526,qual,WCQ_CAF,6709,5884,318.36573445711065,3,2
4822541,2025-10-14 23:00:00,2526,qual,WCQ_CONCACAF,287981,7724,116.11245600964139,0,1
4822540,2025-10-15 00:00:00,2526,qual,WCQ_CONCACAF,5806,5943,374.9911744310309,4,2
ng2888684,2025-10-15 00:10:00,2526,friendly,Friendlies,5756,6706,-937.3293974228488,-6,0
ng2887718,2025-10-15 00:30:00,2526,friendly,Friendlies,5810,8258,-152.2193664182223,0,1
ng2887830,2025-10-15 01:00:00,2526,friendly,Friendlies,6713,6716,10.962742497955787,1,2
4822528,2025-10-15 01:00:00,2526,qual,WCQ_CONCACAF,5922,127411,338.34069847998035,0,1
4822529,2025-10-15 02:00:00,2526,qual,WCQ_CONCACAF,6327,5858,-42.10046890995682,-1,0
ng2887831,2025-10-15 02:30:00,2526,friendly,Friendlies,6710,6707,-4.072480636039472,0,1
ng2897686,2025-11-09 22:00:00,2526,friendly,Friendlies,929190,262132,299.19456402758203,-1,0
ng2897714,2025-11-12 16:45:00,2526,friendly,Friendlies,6719,68374,345.89962200473906,0,1
ng2897712,2025-11-12 17:10:00,2526,friendly,Friendlies,8713,5798,134.19273100198484,0,1
ng2899356,2025-11-13 12:00:00,2526,friendly,Friendlies,6329,95800,632.3238376060679,5,2
ng2898640,2025-11-13 12:00:00,2526,friendly,Friendlies,6322,6332,400.14049164650044,0,1
ng2897943,2025-11-13 12:30:00,2526,friendly,Friendlies,5788,5825,342.8204645143885,1,2
ng2898641,2025-11-13 14:00:00,2526,friendly,Friendlies,95797,95799,5.313292495932274,0,1
5013626,2025-11-13 16:00:00,2526,qual,WCQ_CAF,6346,5889,94.87766853561902,3,2
5013623,2025-11-13 16:00:00,2526,qual,WCQ_AFC,5789,5819,9.280257190806424,0,1
ng2899113,2025-11-13 16:00:00,2526,friendly,Friendlies,6711,5888,313.82999880635225,0,1
ng2897940,2025-11-13 16:30:00,2526,friendly,Friendlies,6317,6290,440.896824918789,2,2
4689359,2025-11-13 17:00:00,2526,qual,WCQ_UEFA,6583,8565,-209.4767023999459,-1,0
4689491,2025-11-13 17:00:00,2526,qual,WCQ_UEFA,8492,8261,531.4099115766317,3,2
4689335,2025-11-13 17:00:00,2526,qual,WCQ_UEFA,8566,8536,-133.5767834580024,-2,0
ng2897937,2025-11-13 17:00:00,2526,friendly,Friendlies,8260,5795,312.49176985709414,0,1
ng2897939,2025-11-13 17:00:00,2526,friendly,Friendlies,8254,8567,-183.38642489131075,0,1
ng2897936,2025-11-13 17:00:00,2526,friendly,Friendlies,8496,6035,910.0463836310262,1,2
5013627,2025-11-13 19:00:00,2526,qual,WCQ_CAF,6629,6321,-30.992372202601473,-1,0
4689336,2025-11-13 19:45:00,2526,qual,WCQ_UEFA,6723,6718,310.65982927014306,4,2
4689360,2025-11-13 19:45:00,2526,qual,WCQ_UEFA,5791,8361,-264.2720066034269,2,2
4689415,2025-11-13 19:45:00,2526,qual,WCQ_UEFA,10045,10024,-378.55007483534723,-1,0
4689416,2025-11-13 19:45:00,2526,qual,WCQ_UEFA,8491,8205,294.847111699519,2,2
4689492,2025-11-13 19:45:00,2526,qual,WCQ_UEFA,5794,8204,-482.51481538124017,-2,0
4822531,2025-11-13 22:00:00,2526,qual,WCQ_CONCACAF,127411,6327,60.196446983418355,4,2
4822542,2025-11-14 00:00:00,2526,qual,WCQ_CONCACAF,7724,5806,-105.2246258084815,0,1
4822543,2025-11-14 00:00:00,2526,qual,WCQ_CONCACAF,5943,287981,-139.10493765694105,-7,0
ng2897973,2025-11-14 00:45:00,2526,friendly,Friendlies,5810,6707,-80.17639243706003,0,1
4822555,2025-11-14 02:00:00,2526,qual,WCQ_CONCACAF,5934,6705,-70.42359536156414,1,2
4822556,2025-11-14 02:00:00,2526,qual,WCQ_CONCACAF,5807,5808,-271.93533288709614,2,2
4822530,2025-11-14 02:00:00,2526,qual,WCQ_CONCACAF,5858,5922,35.75041226348276,-1,0
ng2894260,2025-11-14 11:00:00,2526,friendly,Friendlies,7804,5797,208.58996659127524,2,2
ng2899271,2025-11-14 15:00:00,2526,friendly,Friendlies,5824,5805,182.18770037188665,2,2
ng2899141,2025-11-14 15:00:00,2526,friendly,Friendlies,5884,8323,70.53057975899651,-1,0
ng2897976,2025-11-14 15:00:00,2526,friendly,Friendlies,5890,4432,424.0889625750615,1,2
ng2899142,2025-11-14 16:00:00,2526,friendly,Friendlies,8700,10255,102.87990231628464,2,2
ng2899085,2025-11-14 16:10:00,2526,friendly,Friendlies,6712,6706,-525.2200877898699,-2,0
ng2898993,2025-11-14 16:30:00,2526,friendly,Friendlies,7795,6709,43.3277818785275,1,2
ng2897975,2025-11-14 16:45:00,2526,friendly,Friendlies,6719,5816,102.46360338716613,1,2
4689277,2025-11-14 17:00:00,2526,qual,WCQ_UEFA,7871,8495,341.46666650101633,-1,0
ng2899307,2025-11-14 19:00:00,2526,friendly,Friendlies,6323,121281,225.1411694882097,1,2
ng2899086,2025-11-14 19:00:00,2526,friendly,Friendlies,6262,5965,475.4083670928819,1,2
4689258,2025-11-14 19:45:00,2526,qual,WCQ_UEFA,8497,10259,141.96009764097766,1,2
4689278,2025-11-14 19:45:00,2526,qual,WCQ_UEFA,8568,6708,-92.55943987166597,0,1
4689379,2025-11-14 19:45:00,2526,qual,WCQ_UEFA,507764,49437,-328.9275521731147,-1,0
4689257,2025-11-14 19:45:00,2526,qual,WCQ_UEFA,5792,8570,-380.1943706934833,-2,0
4689380,2025-11-14 19:45:00,2526,qual,WCQ_UEFA,10155,8269,550.4011113714569,2,2
ng2899087,2025-11-15 02:30:00,2526,friendly,Friendlies,5800,6716,29.865036312804023,1,2
ng2899291,2025-11-15 13:00:00,2526,friendly,Friendlies,6316,6277,161.95130046307168,2,2
4689450,2025-11-15 14:00:00,2526,qual,WCQ_UEFA,8265,8263,-380.29589958706447,0,1
ng2899280,2025-11-15 14:00:00,2526,friendly,Friendlies,6328,68374,91.36537577132503,1,2
ng2899276,2025-11-15 14:30:00,2526,friendly,Friendlies,4167,6020,63.76443086577774,0,1
ng2899278,2025-11-15 15:00:00,2526,friendly,Friendlies,8713,9762,142.39402910720833,-2,0
ng2899290,2025-11-15 15:30:00,2526,friendly,Friendlies,6289,5804,225.92880646440744,2,2
ng2898997,2025-11-15 16:00:00,2526,friendly,Friendlies,8256,6395,310.43826327513375,2,2
ng2899144,2025-11-15 16:00:00,2526,friendly,Friendlies,5821,7941,-17.183601896254686,1,2
4689451,2025-11-15 17:00:00,2526,qual,WCQ_UEFA,5799,5790,-604.9265030052707,-1,0
4689348,2025-11-15 17:00:00,2526,qual,WCQ_UEFA,6595,10150,394.6778248309788,2,2
4689347,2025-11-15 17:00:00,2526,qual,WCQ_UEFA,8268,6720,-368.0640080929602,-4,0
4689313,2025-11-15 17:00:00,2526,qual,WCQ_UEFA,5793,8255,-346.9646270057981,-2,0
4689321,2025-11-15 19:45:00,2526,qual,WCQ_UEFA,6383,8498,89.44463638094089,1,2
4689314,2025-11-15 19:45:00,2526,qual,WCQ_UEFA,10106,9730,6.647002558465147,2,2
4689322,2025-11-15 19:45:00,2526,qual,WCQ_UEFA,8238,10057,487.60003092719353,0,1
4689289,2025-11-15 19:45:00,2526,qual,WCQ_UEFA,5787,430156,164.94497237086262,-2,0
4689290,2025-11-15 19:45:00,2526,qual,WCQ_UEFA,6717,8520,244.89942860838528,3,2
ng2899163,2025-11-15 22:00:00,2526,friendly,Friendlies,6713,6724,-46.8245587760814,1,2
ng2899424,2025-11-16 00:30:00,2526,friendly,Friendlies,8258,5820,547.1046067560383,1,2
ng2899162,2025-11-16 01:00:00,2526,friendly,Friendlies,6710,5796,-13.315752730817167,0,1
4689362,2025-11-16 14:00:00,2526,qual,WCQ_UEFA,8361,6583,554.6185904350382,8,2
4689361,2025-11-16 14:00:00,2526,qual,WCQ_UEFA,8565,5791,193.46960559613171,-1,0
4689337,2025-11-16 17:00:00,2526,qual,WCQ_UEFA,8566,6723,-506.892532278815,-2,0
4689338,2025-11-16 17:00:00,2526,qual,WCQ_UEFA,6718,8536,93.03961954246552,2,2
4689417,2025-11-16 17:00:00,2526,qual,WCQ_UEFA,10024,8491,-233.27559733674047,-2,0
4689418,2025-11-16 17:00:00,2526,qual,WCQ_UEFA,8205,5795,454.8530841527381,1,2
5013628,2025-11-16 19:00:00,2526,qual,WCQ_CAF,6346,6321,9.349028397452003,0,1
4689493,2025-11-16 19:45:00,2526,qual,WCQ_UEFA,8567,5794,185.25486383711655,3,2
4689494,2025-11-16 19:45:00,2526,qual,WCQ_UEFA,8204,8492,154.99506694368688,-3,0
ng2900048,2025-11-17 14:00:00,2526,friendly,Friendlies,8323,5809,94.43129035739616,-2,0
ng2899452,2025-11-17 15:00:00,2526,friendly,Friendlies,4432,5965,-222.8272825087438,0,1
ng2900046,2025-11-17 15:30:00,2526,friendly,Friendlies,5901,287978,584.6691718942342,-1,0
ng2900962,2025-11-17 16:00:00,2526,friendly,Friendlies,10255,5888,203.51523609578135,0,1
ng2900047,2025-11-17 16:00:00,2526,friendly,Friendlies,230692,5802,131.379645440456,4,2
ng2899998,2025-11-17 16:30:00,2526,friendly,Friendlies,5902,6290,303.6752293808397,-1,0
ng2899453,2025-11-17 17:00:00,2526,friendly,Friendlies,7871,10045,473.7977281323301,4,2
4689279,2025-11-17 19:45:00,2526,qual,WCQ_UEFA,8495,8568,-338.3106294164679,-1,0
4689260,2025-11-17 19:45:00,2526,qual,WCQ_UEFA,8570,8497,313.38479933418284,6,2
4689382,2025-11-17 19:45:00,2526,qual,WCQ_UEFA,49437,10155,-283.3346635734497,-1,0
4689280,2025-11-17 19:45:00,2526,qual,WCQ_UEFA,6708,8254,636.9929525362552,4,2
4689259,2025-11-17 19:45:00,2526,qual,WCQ_UEFA,10259,5792,227.95389108265135,1,2
4689381,2025-11-17 19:45:00,2526,qual,WCQ_UEFA,8496,507764,742.6690914068383,6,2
ng2894261,2025-11-18 11:00:00,2526,friendly,Friendlies,7804,6714,341.20474458599824,1,2
ng2900884,2025-11-18 14:40:00,2526,friendly,Friendlies,4167,6020,60.13451915705127,-1,0
ng2899759,2025-11-18 15:00:00,2526,friendly,Friendlies,6395,5884,505.76496679469096,8,2
ng2899997,2025-11-18 15:00:00,2526,friendly,Friendlies,5824,6709,-45.238569263539375,-2,0
ng2900000,2025-11-18 15:30:00,2526,friendly,Friendlies,6289,121281,136.94962928528503,0,1
ng2899996,2025-11-18 16:00:00,2526,friendly,Friendlies,6712,6277,90.53075089721142,1,2
ng2900888,2025-11-18 16:00:00,2526,friendly,Friendlies,8700,6711,28.29039794272103,0,1
5013624,2025-11-18 16:00:00,2526,qual,WCQ_AFC,5819,5789,121.78791788016315,1,2
ng2899995,2025-11-18 16:00:00,2526,friendly,Friendlies,6323,5883,203.0856589514217,3,2
ng2899760,2025-11-18 16:00:00,2526,friendly,Friendlies,5821,5979,-77.38509176163757,0,1
ng2899761,2025-11-18 16:30:00,2526,friendly,Friendlies,7795,6317,-16.888816901868722,-2,0
ng2899994,2025-11-18 17:00:00,2526,friendly,Friendlies,8269,8265,64.9242672006369,1,2
ng2899762,2025-11-18 17:00:00,2526,friendly,Friendlies,5793,8261,81.41716173259874,-2,0
ng2899991,2025-11-18 17:00:00,2526,friendly,Friendlies,9762,5798,85.26154623700108,1,2
ng2899763,2025-11-18 18:00:00,2526,friendly,Friendlies,5816,5815,51.55064700458797,0,1
ng2899764,2025-11-18 19:00:00,2526,friendly,Friendlies,6262,5890,433.3772177314829,4,2
ng2899765,2025-11-18 19:30:00,2526,friendly,Friendlies,8256,6719,456.9168485963794,0,1
4689453,2025-11-18 19:45:00,2526,qual,WCQ_UEFA,5790,8260,186.64947279227954,6,2
4689324,2025-11-18 19:45:00,2526,qual,WCQ_UEFA,8498,8238,-71.52968549851494,2,2
4689349,2025-11-18 19:45:00,2526,qual,WCQ_UEFA,10150,8268,-95.43949976344175,1,2
4689316,2025-11-18 19:45:00,2526,qual,WCQ_UEFA,9730,6035,796.9618806384025,6,2
4689291,2025-11-18 19:45:00,2526,qual,WCQ_UEFA,430156,6717,-142.58378420387612,0,1
4689315,2025-11-18 19:45:00,2526,qual,WCQ_UEFA,8255,10106,324.4951574301333,0,1
4689323,2025-11-18 19:45:00,2526,qual,WCQ_UEFA,10057,6383,-255.16677853936858,0,1
4689452,2025-11-18 19:45:00,2526,qual,WCQ_UEFA,8263,5799,934.4060326157859,7,2
4689292,2025-11-18 19:45:00,2526,qual,WCQ_UEFA,8520,5787,128.50219748955374,0,1
4689350,2025-11-18 19:45:00,2526,qual,WCQ_UEFA,6720,6595,396.57437839796853,0,1
ng2899753,2025-11-19 00:00:00,2526,friendly,Friendlies,6713,5796,-102.89614396356569,4,2
4822558,2025-11-19 01:00:00,2526,qual,WCQ_CONCACAF,5934,5807,269.8534618829933,2,2
4822533,2025-11-19 01:00:00,2526,qual,WCQ_CONCACAF,5858,127411,258.43027182162473,2,2
4822557,2025-11-19 01:00:00,2526,qual,WCQ_CONCACAF,6705,5808,93.59070690761337,0,1
4822545,2025-11-19 01:00:00,2526,qual,WCQ_CONCACAF,7724,5943,255.44745889919955,0,1
4822532,2025-11-19 01:00:00,2526,qual,WCQ_CONCACAF,5922,6327,337.51417388378763,3,2
4822544,2025-11-19 01:00:00,2526,qual,WCQ_CONCACAF,5806,287981,155.20990457114794,0,1
ng2899993,2025-11-19 01:30:00,2526,friendly,Friendlies,6707,5820,481.85812891281216,2,2
ng2899755,2025-11-19 01:30:00,2526,friendly,Friendlies,6710,6724,66.20121019152793,-1,0
ng2899754,2025-11-19 01:30:00,2526,friendly,Friendlies,8258,6716,289.23909440585,3,2
ng2901095,2025-11-19 01:30:00,2526,friendly,Friendlies,5800,5810,61.44337559225528,-2,0
ng2909019,2025-12-16 14:00:00,2526,friendly,Friendlies,6316,6714,112.3875866132912,1,2
ng2909017,2025-12-16 15:00:00,2526,friendly,Friendlies,6321,6277,252.20933675867718,2,2
ng2908256,2025-12-16 18:00:00,2526,friendly,Friendlies,10255,6346,101.86028011433768,1,2
ng2909041,2025-12-17 16:15:00,2526,friendly,Friendlies,6712,5965,143.05236195272005,3,2
ng2910588,2025-12-18 15:00:00,2526,friendly,Friendlies,6719,5887,429.59667759035847,1,2
4721983,2025-12-21 19:00:00,2526,tourn,AFCON,6262,230692,509.2560038324109,2,2
ng2910619,2025-12-21 20:30:00,2526,friendly,Friendlies,5798,5797,157.0318311480994,2,2
4721984,2025-12-22 14:00:00,2526,tourn,AFCON,5815,6277,175.8213213894935,0,1
4721990,2025-12-22 17:00:00,2526,tourn,AFCON,6316,6712,77.11432413726857,1,2
4721989,2025-12-22 20:00:00,2526,tourn,AFCON,10255,6290,330.05007605796686,1,2
4722002,2025-12-23 12:30:00,2526,tourn,AFCON,6321,5883,190.9758344008535,1,2
4722001,2025-12-23 15:00:00,2526,tourn,AFCON,6395,5887,482.8195076304719,3,2
4721995,2025-12-23 17:30:00,2526,tourn,AFCON,6346,7941,252.26974177937382,1,2
4721996,2025-12-23 20:00:00,2526,tourn,AFCON,6719,5890,177.5028292275067,2,2
4722008,2025-12-24 12:30:00,2526,tourn,AFCON,6323,8323,223.0619898955681,1,2
4722007,2025-12-24 15:00:00,2526,tourn,AFCON,6317,5805,335.00083051508386,3,2
4722013,2025-12-24 17:30:00,2526,tourn,AFCON,6709,5965,211.31530946255066,1,2
4722014,2025-12-24 20:00:00,2526,tourn,AFCON,6629,5889,69.44077894769384,1,2
4721992,2025-12-26 12:30:00,2526,tourn,AFCON,6712,6290,156.38410021819186,0,1
4721991,2025-12-26 15:00:00,2526,tourn,AFCON,10255,6316,95.98341926543094,1,2
4721986,2025-12-26 17:30:00,2526,tourn,AFCON,6277,230692,58.269999020321166,0,1
4721985,2025-12-26 20:00:00,2526,tourn,AFCON,6262,5815,282.05730997629826,0,1
4722004,2025-12-27 12:30:00,2526,tourn,AFCON,5883,5887,149.88758474509268,1,2
4722003,2025-12-27 15:00:00,2526,tourn,AFCON,6395,6321,136.76396997816641,0,1
4721998,2025-12-27 17:30:00,2526,tourn,AFCON,5890,7941,79.75633549836925,0,1
4721997,2025-12-27 20:00:00,2526,tourn,AFCON,6346,6719,-22.643198317106,1,2
4722016,2025-12-28 12:30:00,2526,tourn,AFCON,5889,5965,79.13828746825584,-1,0
4722010,2025-12-28 15:00:00,2526,tourn,AFCON,8323,5805,-1.0757802775829077,-1,0
4722009,2025-12-28 17:30:00,2526,tourn,AFCON,6317,6323,117.72046913825989,1,2
4722015,2025-12-28 20:00:00,2526,tourn,AFCON,6709,6629,54.83098956307231,0,1
4721993,2025-12-29 16:00:00,2526,tourn,AFCON,6712,10255,-193.68730646359927,0,1
4721994,2025-12-29 16:00:00,2526,tourn,AFCON,6290,6316,-227.4512106359307,-1,0
4721988,2025-12-29 19:00:00,2526,tourn,AFCON,230692,5815,-222.4418111250311,0,1
4721987,2025-12-29 19:00:00,2526,tourn,AFCON,6277,6262,-441.719487339911,-3,0
4722000,2025-12-30 16:00:00,2526,tourn,AFCON,7941,6719,-238.91080789947728,0,1
4721999,2025-12-30 16:00:00,2526,tourn,AFCON,5890,6346,-220.55622890580412,-2,0
4722005,2025-12-30 19:00:00,2526,tourn,AFCON,5883,6395,-326.2318030566396,-3,0
4722006,2025-12-30 19:00:00,2526,tourn,AFCON,5887,6321,-369.93576810363356,-3,0
4722012,2025-12-31 16:00:00,2526,tourn,AFCON,5805,6323,-218.35652051989018,-2,0
4722011,2025-12-31 16:00:00,2526,tourn,AFCON,8323,6317,-367.0654868911838,-2,0
4722018,2025-12-31 19:00:00,2526,tourn,AFCON,5965,6629,-154.72159862563876,-1,0
4722017,2025-12-31 19:00:00,2526,tourn,AFCON,5889,6709,-161.626621316208,-1,0
5073456,2026-01-03 16:00:00,2526,tourn,AFCON,6395,5805,413.75897755720575,2,2
5073457,2026-01-03 19:00:00,2526,tourn,AFCON,5815,6719,14.351917911960527,0,1
5073458,2026-01-04 16:00:00,2526,tourn,AFCON,6262,7941,502.5657508117881,1,2
5073459,2026-01-04 19:00:00,2526,tourn,AFCON,6316,6629,-11.705823988600741,-1,0
5073460,2026-01-05 16:00:00,2526,tourn,AFCON,10255,5883,215.82169085740088,2,2
5073461,2026-01-05 19:00:00,2526,tourn,AFCON,6346,5965,269.10344755700385,4,2
5073462,2026-01-06 16:00:00,2526,tourn,AFCON,6317,6321,60.84140587248589,1,2
5073463,2026-01-06 19:00:00,2526,tourn,AFCON,6709,6323,44.5159080740159,3,2
5073471,2026-01-09 16:00:00,2526,tourn,AFCON,5815,6395,-152.41563567455978,-1,0
5073472,2026-01-09 19:00:00,2526,tourn,AFCON,6629,6262,-301.50790252063257,-2,0
5073473,2026-01-10 16:00:00,2526,tourn,AFCON,6317,6346,36.04932411377604,-2,0
5073474,2026-01-10 19:00:00,2526,tourn,AFCON,10255,6709,-1.6133916563951516,1,2
5073475,2026-01-14 17:00:00,2526,tourn,AFCON,6395,10255,110.23124725508592,1,2
5073476,2026-01-14 20:00:00,2526,tourn,AFCON,6346,6262,-157.33671875600635,0,1
5073477,2026-01-17 16:00:00,2526,tourn,AFCON,10255,6346,-75.99309270627555,0,1
5120889,2026-01-18 03:00:00,2526,friendly,Friendlies,5810,5858,245.7337019811455,1,2
5073478,2026-01-18 19:00:00,2526,tourn,AFCON,6395,6262,-100.04866477858786,-3,0
5142515,2026-01-18 21:00:00,2526,friendly,Friendlies,6548,5806,-273.3042521684429,-1,0
5120890,2026-01-18 21:00:00,2526,friendly,Friendlies,5797,5922,172.71732879759656,0,1
5102655,2026-01-23 01:00:00,2526,friendly,Friendlies,6710,5922,224.3758523739582,1,2
5102656,2026-01-25 19:30:00,2526,friendly,Friendlies,6710,5797,255.16711827915674,1,2
5154229,2026-01-26 12:30:00,2526,friendly,Friendlies,8700,5822,312.456278497144,0,1
ng2945534,2026-02-21 23:00:00,2526,friendly,Friendlies,5859,5806,-50.678181350390105,-2,0
5159787,2026-02-26 02:00:00,2526,friendly,Friendlies,6710,8536,361.062892637432,4,2
5246472,2026-03-15 20:00:00,2526,friendly,Friendlies,5797,7724,304.699228239926,3,2
5267182,2026-03-25 12:00:00,2526,friendly,Friendlies,8265,5802,155.39106349090594,2,2
5272290,2026-03-25 14:00:00,2526,friendly,Friendlies,5893,8323,1.04301076438378,-1,0
5224974,2026-03-25 16:00:00,2526,qual,AFCONQ,6011,4433,57.34178326137635,2,2
5210338,2026-03-25 20:00:00,2526,friendly,Friendlies,262136,287879,-804.6224920621585,3,2
5272311,2026-03-25 21:00:00,2526,friendly,Friendlies,6321,5943,486.97576212679564,2,2
5210339,2026-03-26 00:00:00,2526,friendly,Friendlies,5756,95798,411.4054031889407,4,2
5210342,2026-03-26 11:30:00,2526,friendly,Friendlies,262131,4175,221.17423708973263,3,2
5272727,2026-03-26 12:00:00,2526,friendly,Friendlies,5894,95797,461.0590905287868,3,2
5224973,2026-03-26 13:00:00,2526,qual,AFCONQ,121285,408231,-206.90506252650096,-4,0
5224976,2026-03-26 14:00:00,2526,qual,AFCONQ,121274,4167,-301.84401629034187,0,1
5210343,2026-03-26 14:30:00,2526,friendly,Friendlies,7941,5799,412.89422626877786,-1,0
5124808,2026-03-26 15:00:00,2526,friendly,Friendlies,5794,8254,52.88800864199902,-2,0
5067289,2026-03-26 17:00:00,2526,qual,WCQ_UEFA,6595,9730,249.97170257387324,1,2
5159758,2026-03-26 17:00:00,2526,friendly,Friendlies,5793,10057,-52.14737006668952,-1,0
5099917,2026-03-26 17:00:00,2526,friendly,Friendlies,8268,8567,92.37577371256157,0,1
5067294,2026-03-26 19:45:00,2526,qual,WCQ_UEFA,8496,5791,150.33507709300693,0,1
5067290,2026-03-26 19:45:00,2526,qual,WCQ_UEFA,8238,8260,388.7431588482857,4,2
5067287,2026-03-26 19:45:00,2526,qual,WCQ_UEFA,8204,10259,358.35574517903206,2,2
5067292,2026-03-26 19:45:00,2526,qual,WCQ_UEFA,8568,10024,204.24305964907057,1,2
5067293,2026-03-26 19:45:00,2526,qual,WCQ_UEFA,8497,430156,83.6594640151095,-1,0
5067288,2026-03-26 19:45:00,2526,qual,WCQ_UEFA,6718,8520,55.43913174222871,-2,0
5067291,2026-03-26 19:45:00,2526,qual,WCQ_UEFA,5790,10106,175.6241977200316,0,1
5089476,2026-03-26 20:00:00,2526,friendly,Friendlies,8256,6723,2.8738523960821567,-1,0
5276126,2026-03-26 20:00:00,2526,friendly,Friendlies,929189,5886,-112.16432002853958,2,2
5276127,2026-03-26 21:00:00,2526,friendly,Friendlies,5859,5857,306.46990640965214,0,1
5276128,2026-03-26 21:30:00,2526,friendly,Friendlies,73596,262132,289.1940041598773,-2,0
5147840,2026-03-26 23:30:00,2526,friendly,Friendlies,8258,10155,117.75671108646588,-1,0
5276129,2026-03-27 00:00:00,2526,friendly,Friendlies,287982,262135,391.62900913790895,0,1
5276130,2026-03-27 00:00:00,2526,friendly,Friendlies,262134,6327,-141.5535269020088,0,1
5276131,2026-03-27 00:30:00,2526,friendly,Friendlies,929188,5923,-172.3493837172582,2,2
5187284,2026-03-27 03:00:00,2526,friendly,Friendlies,9762,5888,203.27529520073927,2,2
5187278,2026-03-27 06:00:00,2526,friendly,Friendlies,5822,287981,-74.91729151420736,2,2
5187285,2026-03-27 06:15:00,2526,friendly,Friendlies,5820,7871,14.631743822037606,-2,0
5187272,2026-03-27 08:30:00,2526,friendly,Friendlies,6319,10150,-321.5036017227121,-8,0
5187279,2026-03-27 09:10:00,2526,friendly,Friendlies,6716,6629,247.636374416006,1,2
5187288,2026-03-27 10:00:00,2526,friendly,Friendlies,5800,7724,305.7079347452841,3,2
5277213,2026-03-27 12:30:00,2526,friendly,Friendlies,6711,6346,29.54270793346086,-1,0
5187273,2026-03-27 13:00:00,2526,friendly,Friendlies,6324,5924,344.7902558669555,4,2
5224978,2026-03-27 13:00:00,2526,qual,AFCONQ,287978,5750,-5.900635202503281,0,1
5224977,2026-03-27 13:00:00,2526,qual,AFCONQ,4432,121284,-51.55742364762932,-4,0
5187289,2026-03-27 14:00:00,2526,friendly,Friendlies,8700,5889,316.6861142187354,2,2
5210337,2026-03-27 15:00:00,2526,friendly,Friendlies,8566,127408,452.82060621006985,5,2
5277215,2026-03-27 15:00:00,2526,friendly,Friendlies,7740,6289,-57.92709624631084,0,1
5277214,2026-03-27 15:00:00,2526,friendly,Friendlies,5804,5883,-40.662628697742775,-1,0
5224975,2026-03-27 16:00:00,2526,qual,AFCONQ,287979,121282,-115.85638848793815,-3,0
5210340,2026-03-27 16:00:00,2526,friendly,Friendlies,5884,8261,-59.22724384749654,0,1
5277128,2026-03-27 16:30:00,2526,friendly,Friendlies,8713,5807,560.3305192173889,2,2
5267352,2026-03-27 17:00:00,2526,friendly,Friendlies,6316,5922,-22.144334549283258,0,1
5166907,2026-03-27 17:00:00,2526,friendly,Friendlies,49437,10045,413.22651965050363,2,2
5154117,2026-03-27 17:00:00,2526,friendly,Friendlies,8255,6714,361.5226170501551,4,2
5277217,2026-03-27 17:30:00,2526,friendly,Friendlies,5816,6705,0.3043147510613835,0,1
5267632,2026-03-27 17:30:00,2526,friendly,Friendlies,7795,10255,-14.982668691070558,-4,0
5213030,2026-03-27 19:00:00,2526,friendly,Friendlies,6383,6724,-36.16465952385852,-1,0
5276132,2026-03-27 19:00:00,2526,friendly,Friendlies,6222,287980,248.53504729821998,2,2
5278189,2026-03-27 19:00:00,2526,friendly,Friendlies,6328,121281,49.57262298788942,0,1
5210341,2026-03-27 19:00:00,2526,friendly,Friendlies,5885,6548,284.7271159773859,4,2
5250866,2026-03-27 19:30:00,2526,friendly,Friendlies,6317,5858,174.69053888251847,7,2
5110541,2026-03-27 19:45:00,2526,friendly,Friendlies,6708,8492,125.76291993106156,1,2
5098972,2026-03-27 19:45:00,2526,friendly,Friendlies,6717,8570,32.42231438162571,-1,0
5124809,2026-03-27 19:45:00,2526,friendly,Friendlies,8491,5796,139.20054332067957,0,1
5249576,2026-03-27 20:00:00,2526,friendly,Friendlies,6720,8205,454.6774102463787,3,2
5217275,2026-03-27 20:15:00,2526,friendly,Friendlies,6262,6707,-97.22309061005535,0,1
5276133,2026-03-27 22:00:00,2526,friendly,Friendlies,127409,929190,345.116074799377,-1,0
5264689,2026-03-27 23:15:00,2526,friendly,Friendlies,6706,68374,794.3150907306983,1,2
5267183,2026-03-28 12:00:00,2526,friendly,Friendlies,5802,230692,-100.67342488100758,0,1
5276833,2026-03-28 13:00:00,2526,friendly,Friendlies,6277,6020,123.68483112341755,0,1
5272291,2026-03-28 14:00:00,2526,friendly,Friendlies,5893,5809,-47.08952210203847,-3,0
5267317,2026-03-28 14:00:00,2526,friendly,Friendlies,7804,6709,146.86883010514748,-4,0
5267218,2026-03-28 14:00:00,2526,friendly,Friendlies,6035,8269,-407.0664682341078,-1,0
5266832,2026-03-28 16:00:00,2526,friendly,Friendlies,6395,5798,48.65159833676876,2,2
5276834,2026-03-28 16:00:00,2526,friendly,Friendlies,5887,6290,2.178865027318807,-3,0
5159760,2026-03-28 17:00:00,2526,friendly,Friendlies,5810,8536,206.14390933761706,0,1
5147837,2026-03-28 17:00:00,2526,friendly,Friendlies,8498,6715,8.472626939688553,-1,0
5159759,2026-03-28 17:00:00,2526,friendly,Friendlies,8565,5787,151.09428550991333,1,2
5276835,2026-03-28 18:00:00,2526,friendly,Friendlies,6323,230700,367.62928117373554,5,2
5124810,2026-03-28 19:30:00,2526,friendly,Friendlies,6713,8263,-8.852453770539341,-3,0
5276694,2026-03-28 20:00:00,2526,friendly,Friendlies,287879,95798,820.1602282766908,-6,0
5276695,2026-03-29 00:00:00,2526,friendly,Friendlies,262136,5756,-252.96472656455285,-2,0
5154124,2026-03-29 00:00:00,2526,friendly,Friendlies,5934,6719,-102.75288586020292,-1,0
5083233,2026-03-29 01:00:00,2526,friendly,Friendlies,6710,8361,62.52512802402316,0,1
5277240,2026-03-29 13:00:00,2526,friendly,Friendlies,4175,7941,-681.469444871104,-6,0
5224982,2026-03-29 13:00:00,2526,qual,AFCONQ,408231,121285,401.86597579376803,-1,0
5099918,2026-03-29 13:00:00,2526,friendly,Friendlies,8254,8268,-177.54183107572294,-2,0
5159761,2026-03-29 14:00:00,2526,friendly,Friendlies,6583,10057,43.42006778102541,-1,0
5224981,2026-03-29 15:00:00,2526,qual,AFCONQ,4167,121274,433.8139290972648,1,2
5277241,2026-03-29 16:00:00,2526,friendly,Friendlies,262131,5799,-68.69273181688459,3,2
5089478,2026-03-29 19:00:00,2526,friendly,Friendlies,8258,6723,-47.37609216364217,-2,0
5276134,2026-03-29 19:00:00,2526,friendly,Friendlies,5859,6327,124.72886454569266,-1,0
5276135,2026-03-29 20:00:00,2526,friendly,Friendlies,5886,5923,-47.91462393064967,-1,0
5276136,2026-03-29 21:30:00,2526,friendly,Friendlies,262135,262132,87.8428309099886,4,2
5276137,2026-03-29 22:00:00,2526,friendly,Friendlies,262134,5857,113.76386730931358,0,1
5276138,2026-03-30 00:00:00,2526,friendly,Friendlies,287982,73596,144.52901953049786,1,2
5276139,2026-03-30 00:30:00,2526,friendly,Friendlies,929188,929189,152.13794195541948,-3,0
5187286,2026-03-30 03:00:00,2526,friendly,Friendlies,5888,7871,-40.957326334585105,0,1
5187287,2026-03-30 06:15:00,2526,friendly,Friendlies,5820,9762,-193.15859352400798,3,2
5279321,2026-03-30 09:50:00,2526,friendly,Friendlies,5924,6319,-57.654511230106436,2,2
5187290,2026-03-30 10:00:00,2526,friendly,Friendlies,5889,7724,59.859780842771215,0,1
5279322,2026-03-30 13:00:00,2526,friendly,Friendlies,6324,10150,-38.20688709797446,-1,0
5279687,2026-03-30 14:00:00,2526,friendly,Friendlies,6548,5884,-149.9316160839537,-3,0
5187291,2026-03-30 14:00:00,2526,friendly,Friendlies,8700,5800,68.90536682007178,0,1
5278490,2026-03-30 15:00:00,2526,friendly,Friendlies,8566,5803,145.33888781658834,0,1
5159766,2026-03-30 16:00:00,2526,friendly,Friendlies,5793,5794,127.98386922606846,1,2
5279688,2026-03-30 17:30:00,2526,friendly,Friendlies,5885,8261,91.13987773374697,2,2
5100790,2026-03-30 18:45:00,2526,friendly,Friendlies,8570,6714,490.7792309782035,1,2
5276140,2026-03-30 20:30:00,2526,friendly,Friendlies,6222,127409,265.494120523555,2,2
5276141,2026-03-30 23:30:00,2526,friendly,Friendlies,287980,929190,315.3200866671027,0,1
5187280,2026-03-31 06:00:00,2526,friendly,Friendlies,6629,5822,162.4747590146269,2,2
5284838,2026-03-31 09:00:00,2526,friendly,Friendlies,8323,5809,36.78494450059952,0,1
5187281,2026-03-31 09:10:00,2526,friendly,Friendlies,6716,287981,379.3162645358477,4,2
5187282,2026-03-31 12:00:00,2526,friendly,Friendlies,8265,230692,74.94767872510283,1,2
5285781,2026-03-31 13:00:00,2526,friendly,Friendlies,6020,5887,156.14364791588036,-1,0
5286256,2026-03-31 13:00:00,2526,friendly,Friendlies,6705,6711,-75.09324822429721,-5,0
5224980,2026-03-31 13:00:00,2526,qual,AFCONQ,121282,287979,323.34245347510114,1,2
5224983,2026-03-31 13:00:00,2526,qual,AFCONQ,121284,4432,275.50883998089216,4,2
5224979,2026-03-31 14:00:00,2526,qual,AFCONQ,4433,6011,52.47184823743737,-1,0
5278190,2026-03-31 15:00:00,2526,friendly,Friendlies,5804,6328,-82.56339909768258,0,1
5285788,2026-03-31 15:00:00,2526,friendly,Friendlies,121281,7740,168.24171902208127,-1,0
5224984,2026-03-31 15:00:00,2526,qual,AFCONQ,5750,287978,165.22136477702554,0,1
5285782,2026-03-31 16:00:00,2526,friendly,Friendlies,6277,6290,159.9542485407885,-1,0
5159765,2026-03-31 16:00:00,2526,friendly,Friendlies,8205,7795,240.4069260537749,1,2
5213032,2026-03-31 16:00:00,2526,friendly,Friendlies,6035,10045,-174.69170271745395,0,1
5124811,2026-03-31 16:00:00,2526,friendly,Friendlies,8492,6717,74.39702567746849,0,1
5166908,2026-03-31 16:00:00,2526,friendly,Friendlies,49437,5787,-90.81526826977529,-1,0
5159767,2026-03-31 17:00:00,2526,friendly,Friendlies,8565,6383,113.47242674331483,0,1
5277129,2026-03-31 17:00:00,2526,friendly,Friendlies,8713,5815,233.32468006326553,0,1
5159768,2026-03-31 17:30:00,2526,friendly,Friendlies,5934,8536,-151.96392115205094,0,1
5284835,2026-03-31 17:30:00,2526,friendly,Friendlies,5816,6346,-66.96027148040639,0,1
5267353,2026-03-31 17:30:00,2526,friendly,Friendlies,6316,5922,-20.871327514329778,-1,0
5266833,2026-03-31 18:00:00,2526,friendly,Friendlies,5798,5808,150.36347883338772,0,1
5217276,2026-03-31 18:00:00,2526,friendly,Friendlies,6262,6724,-46.18979796410349,1,2
5277216,2026-03-31 18:00:00,2526,friendly,Friendlies,5883,6289,56.125947624714854,1,2
5156668,2026-03-31 18:30:00,2526,friendly,Friendlies,6709,8498,-130.83697567599324,1,2
5271629,2026-03-31 18:30:00,2526,friendly,Friendlies,6317,5796,-191.93758646435413,0,1
5067299,2026-03-31 18:45:00,2526,qual,WCQ_UEFA,10106,8204,-198.7630519982538,0,1
5279525,2026-03-31 18:45:00,2526,friendly,Friendlies,5790,10259,82.49828442197872,0,1
5279747,2026-03-31 18:45:00,2526,friendly,Friendlies,6718,10024,114.18217563214489,1,2
5279749,2026-03-31 18:45:00,2526,friendly,Friendlies,8497,9730,107.17595654458205,2,2
5124812,2026-03-31 18:45:00,2526,friendly,Friendlies,8491,6715,206.1419427492949,-1,0
5110542,2026-03-31 18:45:00,2526,friendly,Friendlies,6708,6707,92.61763936168632,0,1
5067300,2026-03-31 18:45:00,2526,qual,WCQ_UEFA,8520,8568,52.08944161475665,1,2
5067301,2026-03-31 18:45:00,2526,qual,WCQ_UEFA,430156,6595,-42.753515812281876,-1,0
5067302,2026-03-31 18:45:00,2526,qual,WCQ_UEFA,8496,8238,-51.32806201287235,0,1
5279748,2026-03-31 18:45:00,2526,friendly,Friendlies,5791,8260,210.62026940163423,0,1
5154118,2026-03-31 18:45:00,2526,friendly,Friendlies,8255,7804,118.91949299919611,1,2
5285789,2026-03-31 19:00:00,2526,friendly,Friendlies,230700,6323,-216.23151814426615,0,1
5285787,2026-03-31 19:00:00,2526,friendly,Friendlies,6395,5979,422.3399650220108,2,2
5137675,2026-03-31 19:00:00,2526,friendly,Friendlies,6720,10255,488.9799815357062,0,1
5083234,2026-03-31 23:00:00,2526,friendly,Friendlies,6713,8361,-132.85150818891248,-2,0
5266496,2026-03-31 23:30:00,2526,friendly,Friendlies,6706,6277,730.8796883703658,5,2
5110104,2026-04-01 00:00:00,2526,friendly,Friendlies,8256,10155,121.31077207362341,2,2
5154125,2026-04-01 00:58:00,2526,friendly,Friendlies,5810,6719,230.45752640636692,0,1
5124813,2026-04-01 01:00:00,2526,friendly,Friendlies,6710,8263,-41.14510842354525,0,1
5449531,2026-05-16 16:00:00,2526,friendly,Friendlies,5791,6548,486.9934664149623,5,2
5217284,2026-05-23 02:00:00,2526,friendly,Friendlies,6710,6714,492.5806695759511,2,2
5604659,2026-05-26 13:00:00,2526,friendly,Friendlies,6262,121284,597.2760861533518,5,2
5628896,2026-05-26 18:30:00,2526,friendly,Friendlies,6346,6290,359.8183288446578,2,2
5293168,2026-05-27 18:30:00,2526,friendly,Friendlies,5806,6329,396.20863088326337,2,2
5451193,2026-05-28 18:00:00,2526,friendly,Friendlies,10255,8713,17.256779659688846,1,2
5213041,2026-05-28 18:45:00,2526,friendly,Friendlies,5791,5902,228.1976315921836,1,2
5628832,2026-05-29 15:30:00,2526,friendly,Friendlies,6711,5979,311.63854395226645,2,2
5628897,2026-05-29 16:00:00,2526,friendly,Friendlies,6316,5807,458.86024663604644,0,1
5628898,2026-05-29 16:00:00,2526,friendly,Friendlies,5819,10045,488.0729638139071,1,2
5648176,2026-05-29 18:30:00,2526,friendly,Friendlies,10106,8260,131.25704896103957,0,1
5147838,2026-05-30 12:00:00,2526,friendly,Friendlies,8498,287981,338.01028587408996,3,2
5702911,2026-05-30 13:30:00,2526,friendly,Friendlies,6329,6290,-202.14613641537653,-1,0
5702912,2026-05-30 18:30:00,2526,friendly,Friendlies,5806,6346,-166.90727612993214,-3,0
5628899,2026-05-31 00:00:00,2526,friendly,Friendlies,6707,7795,352.88863131042604,1,2
5628900,2026-05-31 01:00:00,2526,friendly,Friendlies,7804,7724,362.2744823097162,5,2
5217285,2026-05-31 02:00:00,2526,friendly,Friendlies,6710,6716,60.45924591562698,1,2
5418293,2026-05-31 10:25:00,2526,friendly,Friendlies,6715,8536,270.83376738740503,1,2
5629004,2026-05-31 11:30:00,2526,friendly,Friendlies,5825,95971,475.5189479101001,4,2
5418294,2026-05-31 13:00:00,2526,friendly,Friendlies,6717,5816,345.74953731014466,3,2
5629006,2026-05-31 14:00:00,2526,friendly,Friendlies,8496,430156,150.72586186054536,1,2
5667645,2026-05-31 15:00:00,2526,friendly,Friendlies,5888,8205,-179.57838752506086,3,2
5648177,2026-05-31 15:30:00,2526,friendly,Friendlies,8568,6718,70.13998967084126,-2,0
5084826,2026-05-31 18:45:00,2526,friendly,Friendlies,8570,7871,432.7848773201399,4,2
5098971,2026-05-31 19:30:00,2526,friendly,Friendlies,6713,6395,7.04090828786957,1,2
5629007,2026-05-31 21:30:00,2526,friendly,Friendlies,8256,5922,412.2382626444164,4,2
5477263,2026-06-01 16:00:00,2526,friendly,Friendlies,8497,8495,402.57270023961246,1,2
5343851,2026-06-01 16:00:00,2526,friendly,Friendlies,10150,49437,80.34867234733724,-1,0
5729574,2026-06-01 16:00:00,2526,friendly,Friendlies,5899,95796,-138.45178787501436,-1,0
5269692,2026-06-01 17:00:00,2526,friendly,Friendlies,8492,8520,208.79486255426355,2,2
5483930,2026-06-01 17:30:00,2526,friendly,Friendlies,6595,8260,333.25066621597557,4,2
5154119,2026-06-01 18:45:00,2526,friendly,Friendlies,8255,6719,277.7203500159269,1,2
5629008,2026-06-01 23:00:00,2526,friendly,Friendlies,8258,6705,449.3692406247435,2,2
5142040,2026-06-02 01:00:00,2526,friendly,Friendlies,5810,8700,134.50302313114275,2,2
5147839,2026-06-02 16:00:00,2526,friendly,Friendlies,10155,8263,80.66224496986047,-2,0
5288934,2026-06-02 17:00:00,2526,friendly,Friendlies,8268,9730,103.31931114578674,0,1
5604660,2026-06-02 17:00:00,2526,friendly,Friendlies,6262,5809,502.40606370031037,4,2
5226683,2026-06-02 18:45:00,2526,friendly,Friendlies,5790,6714,239.56136274378446,0,1
5629010,2026-06-03 00:36:00,2526,friendly,Friendlies,5934,5820,-9.860573957128054,4,2
5729569,2026-06-03 11:30:00,2526,friendly,Friendlies,230139,95798,397.84168289096715,4,2
5648186,2026-06-03 17:00:00,2526,friendly,Friendlies,507764,262135,520.8043678332109,4,2
5477264,2026-06-03 18:00:00,2526,friendly,Friendlies,10024,8567,75.91707542802283,-1,0
5425678,2026-06-03 18:00:00,2526,friendly,Friendlies,6321,8238,-218.20224505475312,0,1
5477265,2026-06-03 18:45:00,2526,friendly,Friendlies,5792,8204,-336.33079893608783,-1,0
5212021,2026-06-03 18:45:00,2526,friendly,Friendlies,6708,6317,284.94151174375634,-1,0
5293169,2026-06-03 18:45:00,2526,friendly,Friendlies,8568,6346,44.92689697010928,0,1
5729607,2026-06-04 00:45:00,2526,friendly,Friendlies,5922,262134,517.3227577998803,2,2
5628901,2026-06-04 01:00:00,2526,friendly,Friendlies,7804,6327,388.8120640196689,1,2
5729576,2026-06-04 11:00:00,2526,friendly,Friendlies,5899,5910,148.6182571432745,-3,0
5729608,2026-06-04 12:00:00,2526,friendly,Friendlies,6332,95800,263.9204723363746,4,2
5729609,2026-06-04 13:00:00,2526,friendly,Friendlies,5884,4167,163.58727157699968,0,1
5451162,2026-06-04 16:00:00,2526,friendly,Friendlies,10259,6289,134.14973056629333,1,2
5418295,2026-06-04 16:00:00,2526,friendly,Friendlies,5787,5793,394.91547401363346,0,1
5739432,2026-06-04 16:30:00,2526,friendly,Friendlies,6711,5815,154.08214366572088,2,2
5648187,2026-06-04 17:00:00,2526,friendly,Friendlies,10045,5799,250.0187154685167,2,2
5418296,2026-06-04 17:00:00,2526,friendly,Friendlies,8520,6383,72.46975215239468,0,1
5451161,2026-06-04 19:00:00,2526,friendly,Friendlies,6720,5819,518.3675569049012,0,1
5246832,2026-06-04 19:10:00,2526,friendly,Friendlies,6723,6709,412.32246134508523,-1,0
5406267,2026-06-05 00:00:00,2526,friendly,Friendlies,8496,5858,239.9124740905727,2,2
5217286,2026-06-05 02:00:00,2526,friendly,Friendlies,6710,8205,327.1368416126704,4,2
5629005,2026-06-05 11:30:00,2526,friendly,Friendlies,5825,5822,-202.17956929484785,-1,0
5737466,2026-06-05 12:00:00,2526,friendly,Friendlies,6322,95971,461.3465056089178,2,2
5737468,2026-06-05 12:30:00,2526,friendly,Friendlies,5788,5821,171.66123761908716,0,1
5737469,2026-06-05 13:00:00,2526,friendly,Friendlies,6324,5824,-29.823493737839044,3,2
5737470,2026-06-05 15:00:00,2526,friendly,Friendlies,5898,6329,231.1464453359074,2,2
5418298,2026-06-05 16:00:00,2526,friendly,Friendlies,8268,5901,338.85222290627667,2,2
5648188,2026-06-05 16:00:00,2526,friendly,Friendlies,10057,6320,171.15148745974193,3,2
5477266,2026-06-05 16:30:00,2526,friendly,Friendlies,8497,49437,237.86105973140388,0,1
5296858,2026-06-05 17:00:00,2526,friendly,Friendlies,5794,10150,-98.22109190878928,0,1
5477267,2026-06-05 17:00:00,2526,friendly,Friendlies,6035,95797,107.37628418938743,-1,0
5451191,2026-06-05 17:00:00,2526,friendly,Friendlies,8713,6323,280.8363709060277,3,2
5418299,2026-06-05 17:45:00,2526,friendly,Friendlies,8565,7871,256.3466183046039,1,2
5744890,2026-06-05 18:00:00,2526,friendly,Friendlies,5883,121281,125.40212124873437,0,1
5477268,2026-06-05 18:00:00,2526,friendly,Friendlies,8566,8495,71.39538440980891,-2,0
5737464,2026-06-05 18:00:00,2526,friendly,Friendlies,230693,7740,-38.53576597388701,0,1
5737472,2026-06-05 19:00:00,2526,friendly,Friendlies,6712,68374,123.25883120475578,0,1
5729928,2026-06-05 22:45:00,2526,friendly,Friendlies,6724,5807,634.9912842045994,4,2
5737559,2026-06-05 23:00:00,2526,friendly,Friendlies,5756,7795,-476.5065886082007,-3,0
5418305,2026-06-05 23:45:00,2526,friendly,Friendlies,5810,5791,168.58663875618595,0,1
5729844,2026-06-06 00:00:00,2526,friendly,Friendlies,5934,5798,-201.50323521660107,-1,0
5737560,2026-06-06 04:00:00,2526,friendly,Friendlies,5926,5925,7.306487820282882,1,2
5729570,2026-06-06 11:30:00,2526,friendly,Friendlies,8307,95798,314.7207719916389,5,2
5154126,2026-06-06 13:00:00,2526,friendly,Friendlies,8263,6719,343.2049178124755,5,2
5418301,2026-06-06 13:00:00,2526,friendly,Friendlies,8254,5795,92.61391059676248,0,1
5280710,2026-06-06 14:00:00,2526,friendly,Friendlies,6583,8265,127.0511434161183,0,1
5729572,2026-06-06 14:30:00,2526,friendly,Friendlies,5893,6333,-61.79921239130317,0,1
5737562,2026-06-06 15:00:00,2526,friendly,Friendlies,121282,6020,47.98091154993767,1,2
5418302,2026-06-06 15:00:00,2526,friendly,Friendlies,8261,8269,70.46161801247854,1,2
5737566,2026-06-06 16:00:00,2526,friendly,Friendlies,5803,5804,119.20461371877468,1,2
5648189,2026-06-06 17:00:00,2526,friendly,Friendlies,507764,287982,235.2017503274708,3,2
5748881,2026-06-06 17:00:00,2526,friendly,Friendlies,262135,929188,-209.25276557964094,2,2
5418304,2026-06-06 17:45:00,2526,friendly,Friendlies,8361,9762,310.36844736820353,1,2
5338000,2026-06-06 17:45:00,2526,friendly,Friendlies,9730,5790,26.803969058384155,1,2
5477269,2026-06-06 18:00:00,2526,friendly,Friendlies,10024,5792,233.66071179371488,-1,0
5084645,2026-06-06 18:30:00,2526,friendly,Friendlies,6713,8570,-116.0309500024739,-1,0
5418306,2026-06-06 19:00:00,2526,friendly,Friendlies,6717,6716,113.26998451961799,0,1
5737313,2026-06-06 19:00:00,2526,friendly,Friendlies,5922,10106,68.28116304924242,0,1
5213042,2026-06-06 20:00:00,2526,friendly,Friendlies,8491,5820,439.4858852859363,1,2
5737568,2026-06-06 20:00:00,2526,friendly,Friendlies,5888,5943,331.30336331316107,3,2
5406266,2026-06-06 20:00:00,2526,friendly,Friendlies,5902,6327,143.9810369519671,0,1
5418303,2026-06-06 20:00:00,2526,friendly,Friendlies,5797,8498,-77.7367928125534,-4,0
5745231,2026-06-06 21:00:00,2526,friendly,Friendlies,5806,6316,106.04451144752147,-1,0
5667813,2026-06-06 22:00:00,2526,friendly,Friendlies,8256,10255,300.44284757903483,1,2
5483931,2026-06-06 22:00:00,2526,friendly,Friendlies,6595,5800,175.71890813214281,1,2
5656195,2026-06-07 00:00:00,2526,friendly,Friendlies,6706,5808,505.139873046239,2,2
5737596,2026-06-07 00:00:00,2526,friendly,Friendlies,287981,262131,570.3287278971751,4,2
5729579,2026-06-07 11:00:00,2526,friendly,Friendlies,95796,5910,274.936513408271,-2,0
5648190,2026-06-07 13:00:00,2526,friendly,Friendlies,5799,5793,-311.3398743910932,-2,0
5737597,2026-06-07 13:00:00,2526,friendly,Friendlies,5824,5965,52.55859547405112,3,2
5729610,2026-06-07 13:00:00,2526,friendly,Friendlies,5884,4167,74.80968363474312,4,2
5662444,2026-06-07 18:00:00,2526,friendly,Friendlies,430156,10045,576.8712375267396,3,2
5159769,2026-06-07 18:45:00,2526,friendly,Friendlies,10155,5787,250.33729276983604,1,2
5333656,2026-06-07 19:00:00,2526,friendly,Friendlies,6262,8492,-35.84965450818913,0,1
5477270,2026-06-07 19:00:00,2526,friendly,Friendlies,6383,8204,-66.91059990909935,-1,0
5349852,2026-06-07 20:15:00,2526,friendly,Friendlies,6707,5858,409.6965081076751,3,2
5629009,2026-06-07 23:00:00,2526,friendly,Friendlies,8258,5816,357.7430514712273,2,2
5751716,2026-06-08 11:30:00,2526,friendly,Friendlies,5895,95800,191.32891106107922,3,2
5648191,2026-06-08 18:45:00,2526,friendly,Friendlies,6708,8700,201.5009062671122,1,2
5737473,2026-06-08 19:00:00,2526,friendly,Friendlies,68374,121281,-43.831163186280946,1,2
5344896,2026-06-08 19:10:00,2526,friendly,Friendlies,6723,10259,478.88821097654,2,2
5293453,2026-06-09 02:00:00,2526,friendly,Friendlies,5798,6720,-351.9158246974632,-2,0
5737561,2026-06-09 04:30:00,2526,friendly,Friendlies,5926,5925,26.885954563764926,0,1
ng2992888,2026-06-09 09:30:00,2526,friendly,Friendlies,8323,230692,32.52161822795733,-1,0
5729571,2026-06-09 11:30:00,2526,friendly,Friendlies,230139,8307,164.39907912874287,4,2
5737634,2026-06-09 11:35:00,2526,friendly,Friendlies,5822,5788,106.09246292921284,0,1
5737467,2026-06-09 12:00:00,2526,friendly,Friendlies,6332,6322,-219.00933683274275,2,2
5747553,2026-06-09 13:00:00,2526,friendly,Friendlies,6324,5965,75.60479092518244,1,2
5729573,2026-06-09 14:30:00,2526,friendly,Friendlies,5893,6333,-58.27881253005626,0,1
5737471,2026-06-09 15:00:00,2526,friendly,Friendlies,5898,6329,243.69019337242185,0,1
5754083,2026-06-09 15:00:00,2526,friendly,Friendlies,5795,8269,43.016186113345384,-1,0
5280711,2026-06-09 15:00:00,2526,friendly,Friendlies,6583,5794,229.54676733332167,0,1
5737563,2026-06-09 15:00:00,2526,friendly,Friendlies,121282,6020,65.23633399326468,0,1
5754084,2026-06-09 16:00:00,2526,friendly,Friendlies,8261,8254,116.03863323635551,1,2
5737637,2026-06-09 16:00:00,2526,friendly,Friendlies,6321,9762,-76.61919297552572,-1,0
5662445,2026-06-09 16:30:00,2526,friendly,Friendlies,10057,6323,66.81369316245514,0,1
5737465,2026-06-09 17:00:00,2526,friendly,Friendlies,230693,6712,-172.75634598815077,-3,0
5418308,2026-06-09 17:00:00,2526,friendly,Friendlies,8565,8265,419.6236202940081,2,2
5451192,2026-06-09 17:00:00,2526,friendly,Friendlies,8713,7724,436.9171846845777,3,2
5754959,2026-06-09 18:00:00,2526,friendly,Friendlies,7740,5883,-22.295443151075006,4,2
5477271,2026-06-09 18:00:00,2526,friendly,Friendlies,8566,6035,491.2438771440537,1,2
5737567,2026-06-09 18:30:00,2526,friendly,Friendlies,5804,5803,27.40020142371509,2,2
5737639,2026-06-09 23:00:00,2526,friendly,Friendlies,7795,6395,-160.6422907976546,0,1
5737640,2026-06-10 01:00:00,2526,friendly,Friendlies,5819,5800,24.465831273551657,-2,0
5418307,2026-06-10 01:00:00,2526,friendly,Friendlies,6706,8536,445.0088208505201,3,2
5765484,2026-06-10 16:00:00,2526,friendly,Friendlies,5910,95796,-145.16164365575344,2,2
5293170,2026-06-10 19:45:00,2526,friendly,Friendlies,8361,6346,288.5346032643006,1,2
5213043,2026-06-10 21:00:00,2526,friendly,Friendlies,8491,6705,354.006644957989,3,2
5736393,2026-06-11 00:00:00,2526,friendly,Friendlies,5797,6317,-97.98571010497403,-4,0
4667751,2026-06-11 19:00:00,2526,tourn,WorldCup,6710,6316,471.8178979852439,2,2
4667752,2026-06-12 02:00:00,2526,tourn,WorldCup,7804,8496,21.434173811081337,1,2
4667757,2026-06-12 19:00:00,2526,tourn,WorldCup,5810,10106,240.8073535318099,0,1
4667771,2026-06-13 01:00:00,2526,tourn,WorldCup,6713,6724,-34.03263179480791,3,2
4667758,2026-06-13 19:00:00,2526,tourn,WorldCup,5902,6717,-346.54866569184287,0,1
4667764,2026-06-13 22:00:00,2526,tourn,WorldCup,8256,6262,182.62183536593352,0,1
4667765,2026-06-14 01:00:00,2526,tourn,WorldCup,5934,8498,-218.12361028933287,-1,0
4667772,2026-06-14 04:00:00,2526,tourn,WorldCup,6716,6595,-61.69702374871213,2,2
4667777,2026-06-14 17:00:00,2526,tourn,WorldCup,8570,287981,488.80985643319605,6,2
4667783,2026-06-14 20:00:00,2526,tourn,WorldCup,6708,6715,61.80262087094343,0,1
4667778,2026-06-14 23:00:00,2526,tourn,WorldCup,6709,6707,-201.4718501707241,1,2
4667784,2026-06-15 02:00:00,2526,tourn,WorldCup,8520,6719,105.24977955369218,4,2
4667798,2026-06-15 16:00:00,2526,tourn,WorldCup,6720,5888,510.25665683614034,0,1
4667790,2026-06-15 19:00:00,2526,tourn,WorldCup,8263,10255,181.64742631917557,0,1
4667799,2026-06-15 22:00:00,2526,tourn,WorldCup,7795,5796,-333.1285958877861,0,1
4667791,2026-06-16 01:00:00,2526,tourn,WorldCup,6711,5820,290.1404268914614,0,1
4667804,2026-06-16 19:00:00,2526,tourn,WorldCup,6723,6395,218.16184325415657,2,2
4667805,2026-06-16 22:00:00,2526,tourn,WorldCup,5819,8492,-218.2750914824071,-3,0
4667812,2026-06-17 01:00:00,2526,tourn,WorldCup,6706,6317,350.5431062809612,3,2
4667813,2026-06-17 04:00:00,2526,tourn,WorldCup,8255,5816,229.81301631658835,2,2
4667819,2026-06-17 17:00:00,2526,tourn,WorldCup,8361,6321,323.7496338845108,0,1
4667825,2026-06-17 20:00:00,2526,tourn,WorldCup,8491,10155,89.39085360617219,2,2
4667826,2026-06-17 23:00:00,2526,tourn,WorldCup,6714,5922,-143.03609243730307,1,2
4667820,2026-06-18 02:00:00,2526,tourn,WorldCup,8700,8258,-265.6975111108045,-2,0
4667753,2026-06-18 16:00:00,2526,tourn,WorldCup,8496,6316,175.79572561707892,0,1
4667759,2026-06-18 19:00:00,2526,tourn,WorldCup,6717,10106,238.64132996792796,3,2
4667760,2026-06-18 22:00:00,2526,tourn,WorldCup,5810,5902,300.6402654853755,6,2
4667754,2026-06-19 01:00:00,2526,tourn,WorldCup,6710,7804,236.98126909163557,1,2
4667774,2026-06-19 19:00:00,2526,tourn,WorldCup,6713,6716,71.58632701097508,2,2
4667766,2026-06-19 22:00:00,2526,tourn,WorldCup,8498,6262,-107.41037098661673,-1,0
4667767,2026-06-20 00:30:00,2526,tourn,WorldCup,8256,5934,479.287147188395,3,2
4667773,2026-06-20 03:00:00,2526,tourn,WorldCup,6595,6724,-9.587753043113707,-1,0
4667786,2026-06-20 17:00:00,2526,tourn,WorldCup,6708,8520,157.78230713107382,4,2
4667780,2026-06-20 20:00:00,2526,tourn,WorldCup,8570,6709,207.95270463909446,1,2
4667779,2026-06-21 00:00:00,2526,tourn,WorldCup,6707,287981,431.9816060249823,0,1
4667785,2026-06-21 04:00:00,2526,tourn,WorldCup,6719,6715,-253.93664097283408,-4,0
4667801,2026-06-21 16:00:00,2526,tourn,WorldCup,6720,7795,497.9522163646825,4,2
4667793,2026-06-21 19:00:00,2526,tourn,WorldCup,8263,6711,106.49425833668943,0,1
4667800,2026-06-21 22:00:00,2526,tourn,WorldCup,5796,5888,290.68654932114373,0,1
4667792,2026-06-22 01:00:00,2526,tourn,WorldCup,5820,10255,-210.3291182893879,-2,0
4667815,2026-06-22 17:00:00,2526,tourn,WorldCup,6706,8255,267.0139034308147,2,2
4667807,2026-06-22 21:00:00,2526,tourn,WorldCup,6723,5819,384.6781840585445,3,2
4667806,2026-06-23 00:00:00,2526,tourn,WorldCup,8492,6395,91.75026027372178,1,2
4667814,2026-06-23 03:00:00,2526,tourn,WorldCup,5816,6317,-148.24811738076664,-1,0
4667822,2026-06-23 17:00:00,2526,tourn,WorldCup,8361,8700,260.52049702766385,5,2
4667828,2026-06-23 20:00:00,2526,tourn,WorldCup,8491,6714,412.40757640634956,0,1
4667827,2026-06-23 23:00:00,2526,tourn,WorldCup,5922,10155,-180.19376290241598,-1,0
4667821,2026-06-24 02:00:00,2526,tourn,WorldCup,8258,6321,294.01213267434855,1,2
4667762,2026-06-24 19:00:00,2526,tourn,WorldCup,10106,5902,96.2075022611582,2,2
4667761,2026-06-24 19:00:00,2526,tourn,WorldCup,6717,5810,21.474118450185188,1,2
4667769,2026-06-24 22:00:00,2526,tourn,WorldCup,6262,5934,334.0281413436694,2,2
4667768,2026-06-24 22:00:00,2526,tourn,WorldCup,8498,8256,-273.18989956169,-3,0
4667756,2026-06-25 01:00:00,2526,tourn,WorldCup,6316,7804,-230.50316003971284,1,2
4667755,2026-06-25 01:00:00,2526,tourn,WorldCup,8496,6710,-187.93923310920582,-3,0
4667782,2026-06-25 20:00:00,2526,tourn,WorldCup,287981,6709,-279.2550471134027,-2,0
4667781,2026-06-25 20:00:00,2526,tourn,WorldCup,6707,8570,-73.99389020868239,1,2
4667788,2026-06-25 23:00:00,2526,tourn,WorldCup,6715,8520,129.1483802082662,0,1
4667787,2026-06-25 23:00:00,2526,tourn,WorldCup,6719,6708,-338.89802270156565,-2,0
4667776,2026-06-26 02:00:00,2526,tourn,WorldCup,6724,6716,59.01569510768604,0,1
4667775,2026-06-26 02:00:00,2526,tourn,WorldCup,6595,6713,-61.026287634340406,1,2
4667809,2026-06-26 19:00:00,2526,tourn,WorldCup,6395,5819,143.5593236569921,5,2
4667808,2026-06-26 19:00:00,2526,tourn,WorldCup,8492,6723,-140.4185400339411,-3,0
4667803,2026-06-27 00:00:00,2526,tourn,WorldCup,5888,7795,28.439567621421247,0,1
4667802,2026-06-27 00:00:00,2526,tourn,WorldCup,5796,6720,-209.91919547896646,-1,0
4667795,2026-06-27 03:00:00,2526,tourn,WorldCup,10255,6711,-41.98395786503556,0,1
4667794,2026-06-27 03:00:00,2526,tourn,WorldCup,5820,8263,-358.879423851178,-4,0
4667830,2026-06-27 21:00:00,2526,tourn,WorldCup,10155,6714,270.6645478938458,1,2
4667829,2026-06-27 21:00:00,2526,tourn,WorldCup,5922,8491,-311.7191632815866,-2,0
4667824,2026-06-27 23:30:00,2526,tourn,WorldCup,6321,8700,-9.506736246822811,2,2
4667823,2026-06-27 23:30:00,2526,tourn,WorldCup,8258,8361,-5.808224985143397,0,1
4667816,2026-06-28 02:00:00,2526,tourn,WorldCup,5816,6706,-515.562638563073,-2,0
4667817,2026-06-28 02:00:00,2526,tourn,WorldCup,6317,8255,-70.28858550753785,0,1
4653705,2026-06-28 19:00:00,2526,tourn,WorldCup,6316,5810,-161.5439338986373,-1,0
4653711,2026-06-29 17:00:00,2526,tourn,WorldCup,8256,6715,158.12938964167324,1,2
4653703,2026-06-29 20:30:00,2526,tourn,WorldCup,8570,6724,110.15107449767811,0,1
4653706,2026-06-30 01:00:00,2526,tourn,WorldCup,6708,6262,60.03991618089799,0,1
4653712,2026-06-30 17:00:00,2526,tourn,WorldCup,6709,8492,-123.64484352271734,-1,0
4653704,2026-06-30 21:00:00,2526,tourn,WorldCup,6723,8520,302.1983475592788,3,2
4653713,2026-07-01 02:00:00,2627,tourn,WorldCup,6710,6707,31.21287671151481,2,2
4653714,2026-07-01 16:00:00,2627,tourn,WorldCup,8491,6321,254.75170823500594,1,2
4653710,2026-07-01 20:00:00,2627,tourn,WorldCup,8263,6395,81.28457069364936,1,2
4653709,2026-07-02 00:00:00,2627,tourn,WorldCup,6713,10106,225.04784826052287,2,2
4653708,2026-07-02 19:00:00,2627,tourn,WorldCup,6720,8255,267.8710192387757,3,2
4653707,2026-07-02 23:00:00,2627,tourn,WorldCup,8361,10155,131.6926145284665,1,2
4653717,2026-07-03 03:00:00,2627,tourn,WorldCup,6717,6317,119.41392777106512,2,2
4653716,2026-07-03 18:00:00,2627,tourn,WorldCup,6716,10255,49.395950678887175,0,1
4653715,2026-07-03 22:00:00,2627,tourn,WorldCup,6706,5888,490.840994744045,1,2
4653718,2026-07-04 01:30:00,2627,tourn,WorldCup,8258,6714,397.58880489962417,1,2
4653843,2026-07-04 17:00:00,2627,tourn,WorldCup,5810,6262,-102.38653258250883,-3,0
4653842,2026-07-04 21:00:00,2627,tourn,WorldCup,6724,6723,-229.87539748732297,-1,0
4653846,2026-07-05 20:00:00,2627,tourn,WorldCup,8256,8492,142.53621246017155,-1,0
4653847,2026-07-06 01:00:00,2627,tourn,WorldCup,6710,8491,97.27974559309041,-1,0
4653844,2026-07-06 19:00:00,2627,tourn,WorldCup,8361,6720,-127.35309857540597,-1,0
4653845,2026-07-07 00:00:00,2627,tourn,WorldCup,6713,8263,-24.143145313763853,-3,0
4653848,2026-07-07 16:00:00,2627,tourn,WorldCup,6706,10255,364.258957868024,1,2
4653849,2026-07-07 20:00:00,2627,tourn,WorldCup,6717,8258,-75.96687057152485,0,1
4653851,2026-07-09 20:00:00,2627,tourn,WorldCup,6723,6262,171.09328903370056,2,2
4653853,2026-07-10 19:00:00,2627,tourn,WorldCup,6720,8263,197.92707076441206,1,2
4653852,2026-07-11 21:00:00,2627,tourn,WorldCup,8492,8491,-72.98720959348725,-1,0
4653854,2026-07-12 01:00:00,2627,tourn,WorldCup,6706,6717,195.4150929808768,2,2
4653855,2026-07-14 19:00:00,2627,tourn,WorldCup,6723,6720,-40.98115264436683,-2,0
4653856,2026-07-15 19:00:00,2627,tourn,WorldCup,8491,6706,-118.91166357966495,-1,0
5924775,2026-07-18 12:00:00,2627,friendly,Friendlies,5894,8307,354.0821504288772,4,2
4653857,2026-07-18 21:00:00,2627,tourn,WorldCup,6723,8491,79.90159720880797,-2,0
4653858,2026-07-19 19:00:00,2627,tourn,WorldCup,6720,6706,14.321529689871113,1,2
6280187,2026-09-18 02:00:00,2627,friendly,Friendlies,287876,5926,54.101772374064694,1,2
6280188,2026-09-18 07:00:00,2627,friendly,Friendlies,5925,6319,145.09467861164944,0,1
ng3092615,2026-09-18 16:30:00,2627,friendly,Friendlies,5821,5892,207.02557206977804,-1,0
6280189,2026-09-21 04:00:00,2627,friendly,Friendlies,101595,6319,213.05275883249715,-2,0
6280190,2026-09-21 07:00:00,2627,friendly,Friendlies,5925,5926,139.16473258134147,-1,0
6297064,2026-09-21 15:00:00,2627,friendly,Friendlies,287980,262132,499.84751374925224,1,2
6140728,2026-09-23 16:00:00,2627,friendly,Friendlies,8566,5898,150.8906307715008,1,2
6278448,2026-09-23 16:00:00,2627,friendly,Friendlies,507764,287979,137.0730763087497,0,1
6280191,2026-09-24 04:00:00,2627,friendly,Friendlies,6319,5926,91.36007293652551,0,1
6280192,2026-09-24 07:00:00,2627,friendly,Friendlies,287876,101595,-40.81306687866231,-1,0
6280193,2026-09-24 09:30:00,2627,friendly,Friendlies,6333,5820,41.21843980788094,0,1
6280194,2026-09-24 10:05:00,2627,friendly,Friendlies,6715,5796,62.42727776826746,2,2
6280195,2026-09-24 11:00:00,2627,friendly,Friendlies,7804,6707,-33.13574305614975,3,2
6280196,2026-09-24 11:35:00,2627,friendly,Friendlies,5822,5899,598.222353897316,3,2
6040333,2026-09-24 13:00:00,2627,qual,AFCONQ,5802,5801,203.8359752492097,1,2
6280204,2026-09-24 14:00:00,2627,friendly,Friendlies,8700,6711,-38.99234605400011,2,2
6040259,2026-09-24 16:00:00,2627,qual,AFCONQ,6321,8323,429.76491752517677,2,2
5181874,2026-09-24 16:00:00,2627,nl,NationsLeagueD,10045,8495,-114.13338768668132,-1,0
6040344,2026-09-24 16:00:00,2627,qual,AFCONQ,6328,5887,203.31085329714097,0,1
6040274,2026-09-24 16:00:00,2627,qual,AFCONQ,68374,230693,237.0154454798394,2,2
5181826,2026-09-24 18:45:00,2627,nl,NationsLeagueA,8205,6383,49.92515852836277,-1,0
5181880,2026-09-24 18:45:00,2627,nl,NationsLeagueD,5799,8254,-297.3542343170486,-2,0
5181813,2026-09-24 18:45:00,2627,nl,NationsLeagueB,430156,5791,58.71409203582584,1,2
5181812,2026-09-24 18:45:00,2627,nl,NationsLeagueB,8255,8567,240.0812274322168,2,2
5181862,2026-09-24 18:45:00,2627,nl,NationsLeagueA,8361,5790,371.7749467316246,1,2
5181861,2026-09-24 18:45:00,2627,nl,NationsLeagueA,8492,8238,108.74982405587707,1,2
5181825,2026-09-24 18:45:00,2627,nl,NationsLeagueA,6708,8570,62.46814896312662,0,1
6040345,2026-09-24 19:00:00,2627,qual,AFCONQ,6719,5890,211.94733363447176,0,1
6040260,2026-09-24 19:00:00,2627,qual,AFCONQ,5803,6290,42.9624950773989,-1,0
6040236,2026-09-24 19:00:00,2627,qual,AFCONQ,6709,6714,256.57186731748334,2,2
6040332,2026-09-24 19:00:00,2627,qual,AFCONQ,6629,230692,258.51241290035887,2,2
5924776,2026-09-25 10:00:00,2627,friendly,Friendlies,6716,8256,-153.19081685856418,0,1
6040405,2026-09-25 13:00:00,2627,qual,AFCONQ,5965,6395,-344.8225074808968,0,1
6040397,2026-09-25 13:00:00,2627,qual,AFCONQ,5805,121282,154.8827517308414,1,2
6040385,2026-09-25 13:00:00,2627,qual,AFCONQ,7941,230700,203.31520868950565,-2,0
6280205,2026-09-25 14:00:00,2627,friendly,Friendlies,6329,5922,-382.6469160235649,0,1
6040200,2026-09-25 15:00:00,2627,qual,AFCONQ,121281,4167,222.75289916389283,1,2
5181800,2026-09-25 16:00:00,2627,nl,NationsLeagueB,8268,10259,115.41097102358935,-1,0
5181921,2026-09-25 16:00:00,2627,nl,NationsLeagueC,6583,5795,187.57501149423433,2,2
6040357,2026-09-25 16:00:00,2627,qual,AFCONQ,7740,121284,148.93466514951638,1,2
6040384,2026-09-25 16:00:00,2627,qual,AFCONQ,6346,5809,433.6232043138882,1,2
6040213,2026-09-25 16:00:00,2627,qual,AFCONQ,6020,408231,216.81498454631264,1,2
6040235,2026-09-25 16:00:00,2627,qual,AFCONQ,5979,287978,610.9467501953839,1,2
6040373,2026-09-25 16:00:00,2627,qual,AFCONQ,5885,5804,73.05841973675956,2,2
5181789,2026-09-25 18:45:00,2627,nl,NationsLeagueA,6595,6723,-137.73583415494795,-1,0
5181788,2026-09-25 18:45:00,2627,nl,NationsLeagueA,8204,8263,70.4332954461197,-2,0
5181922,2026-09-25 18:45:00,2627,nl,NationsLeagueC,49437,5793,215.01256412159182,1,2
5181801,2026-09-25 18:45:00,2627,nl,NationsLeagueB,8565,6718,74.11647262232009,-1,0
5181837,2026-09-25 18:45:00,2627,nl,NationsLeagueB,8568,10106,192.7023775396185,0,1
5181838,2026-09-25 18:45:00,2627,nl,NationsLeagueB,8520,9730,174.1152030424107,1,2
6040199,2026-09-25 19:00:00,2627,qual,AFCONQ,6262,5889,478.4712695503406,2,2
6040372,2026-09-25 19:00:00,2627,qual,AFCONQ,5815,5888,87.08474191058508,2,2
6040212,2026-09-25 19:00:00,2627,qual,AFCONQ,10255,6712,313.55286130338027,0,1
6040273,2026-09-25 19:00:00,2627,qual,AFCONQ,6323,5883,189.60415940639155,0,1
6040356,2026-09-25 19:00:00,2627,qual,AFCONQ,6317,6277,382.1649103550028,2,2
6040247,2026-09-26 13:00:00,2627,qual,AFCONQ,5884,6011,284.37362159765803,0,1
6040248,2026-09-26 13:00:00,2627,qual,AFCONQ,6316,6289,203.67120997802158,1,2
5181776,2026-09-26 13:00:00,2627,nl,NationsLeagueB,5787,8498,37.95539136015577,0,1
5181949,2026-09-26 16:00:00,2627,nl,NationsLeagueC,10150,5792,91.0153010816764,-1,0
5181933,2026-09-26 16:00:00,2627,nl,NationsLeagueC,8269,8265,68.59101707582818,0,1
5181950,2026-09-26 16:00:00,2627,nl,NationsLeagueC,8536,8261,313.0543082154895,0,1
5181894,2026-09-26 16:00:00,2627,nl,NationsLeagueC,6035,7871,-592.9748512388926,-7,0
5181849,2026-09-26 18:45:00,2627,nl,NationsLeagueA,8496,10155,-29.34739230132959,-1,0
5181850,2026-09-26 18:45:00,2627,nl,NationsLeagueA,8491,6720,-73.19483326477166,-1,0
5181777,2026-09-26 18:45:00,2627,nl,NationsLeagueB,8260,6717,-245.2886191506068,-3,0
5181934,2026-09-26 18:45:00,2627,nl,NationsLeagueC,8497,5794,425.7905849537956,2,2
5181895,2026-09-26 18:45:00,2627,nl,NationsLeagueC,10024,10057,143.89499092025176,2,2
5991873,2026-09-26 20:30:00,2627,friendly,Friendlies,6713,5798,101.00528476716886,3,2
6006643,2026-09-26 23:00:00,2627,friendly,Friendlies,5810,9762,98.14175829125998,1,2
6210558,2026-09-27 01:00:00,2627,friendly,Friendlies,6710,8258,-51.023015652340064,0,1
6280206,2026-09-27 04:00:00,2627,friendly,Friendlies,287880,5927,-427.0,-2,0
6280207,2026-09-27 04:00:00,2627,friendly,Friendlies,5926,101595,-24.281342646571602,3,2
6280208,2026-09-27 07:00:00,2627,friendly,Friendlies,5925,287876,143.17887717863232,2,2
6280212,2026-09-27 11:35:00,2627,friendly,Friendlies,5822,5820,-4.815827133832499,-3,0
6280209,2026-09-27 12:00:00,2627,friendly,Friendlies,121274,5895,254.98367010759011,-3,0
5181881,2026-09-27 13:00:00,2627,nl,NationsLeagueD,8254,8566,40.89766053823928,0,1
5181827,2026-09-27 16:00:00,2627,nl,NationsLeagueA,8205,6708,-150.16245831112155,-1,0
5181863,2026-09-27 16:00:00,2627,nl,NationsLeagueA,8238,5790,269.60465105376215,2,2
5181875,2026-09-27 16:00:00,2627,nl,NationsLeagueD,507764,10045,8.471144432717665,0,1
5181814,2026-09-27 16:00:00,2627,nl,NationsLeagueB,8255,430156,201.72724764503437,2,2
6140729,2026-09-27 16:30:00,2627,friendly,Friendlies,8495,5799,471.4364346904604,2,2
6280210,2026-09-27 17:00:00,2627,friendly,Friendlies,5816,6320,245.49716624905568,0,1
5181815,2026-09-27 18:45:00,2627,nl,NationsLeagueB,8567,5791,43.65814099539875,-3,0
5181828,2026-09-27 18:45:00,2627,nl,NationsLeagueA,8570,6383,267.89274060615617,-1,0
5181864,2026-09-27 18:45:00,2627,nl,NationsLeagueA,8492,8361,20.341060347011762,-1,0
6280211,2026-09-27 20:30:00,2627,friendly,Friendlies,5797,6724,-117.19023910601277,-2,0
6315013,2026-09-28 10:25:00,2627,friendly,Friendlies,6715,5800,201.66735407561941,1,2
6210557,2026-09-28 11:00:00,2627,friendly,Friendlies,7804,5796,19.75196367081253,-3,0
6309723,2026-09-28 12:00:00,2627,friendly,Friendlies,5898,6333,-62.87744324401683,-2,0
6299699,2026-09-28 14:00:00,2627,friendly,Friendlies,5893,5899,510.28779171853444,5,2
6040262,2026-09-28 16:00:00,2627,qual,AFCONQ,6290,6321,-213.60776934583805,-1,0
5181924,2026-09-28 16:00:00,2627,nl,NationsLeagueC,5795,5793,39.045312665844904,0,1
6040276,2026-09-28 16:00:00,2627,qual,AFCONQ,230693,6323,-239.99131365809194,-1,0
6040261,2026-09-28 16:00:00,2627,qual,AFCONQ,8323,5803,96.47676914630028,1,2
5181802,2026-09-28 16:00:00,2627,nl,NationsLeagueB,8268,6718,-72.87582415341967,0,1
5181923,2026-09-28 16:00:00,2627,nl,NationsLeagueC,6583,49437,24.69329647137465,-1,0
5181791,2026-09-28 18:45:00,2627,nl,NationsLeagueA,6595,8204,33.84836869611013,-3,0
5181839,2026-09-28 18:45:00,2627,nl,NationsLeagueB,9730,10106,92.65790419599807,-2,0
5181803,2026-09-28 18:45:00,2627,nl,NationsLeagueB,10259,8565,-48.20413690981877,0,1
5181840,2026-09-28 18:45:00,2627,nl,NationsLeagueB,8520,8568,92.75843532398312,2,2
5181790,2026-09-28 18:45:00,2627,nl,NationsLeagueA,8263,6723,-39.42085542679092,-1,0
6040346,2026-09-28 19:00:00,2627,qual,AFCONQ,6719,5887,361.2569378635246,0,1
5924777,2026-09-29 10:00:00,2627,friendly,Friendlies,6716,8256,-144.90270505061017,-2,0
6040334,2026-09-29 12:00:00,2627,qual,AFCONQ,230692,5802,157.59066683167748,1,2
6040215,2026-09-29 13:00:00,2627,qual,AFCONQ,408231,10255,-473.9317883987785,-5,0
6040399,2026-09-29 13:00:00,2627,qual,AFCONQ,5965,5805,92.73228366652802,3,2
6040202,2026-09-29 13:00:00,2627,qual,AFCONQ,4167,6262,-527.3752596466684,-2,0
6040398,2026-09-29 13:00:00,2627,qual,AFCONQ,121282,6395,-425.36361118453783,-1,0
6040358,2026-09-29 13:00:00,2627,qual,AFCONQ,121284,6317,-368.8840295110042,0,1
6040387,2026-09-29 14:00:00,2627,qual,AFCONQ,5809,7941,135.16789872442155,0,1
6040386,2026-09-29 16:00:00,2627,qual,AFCONQ,230700,6346,-366.6111072957592,3,2
6040359,2026-09-29 16:00:00,2627,qual,AFCONQ,6277,7740,121.98182799874326,2,2
5181896,2026-09-29 16:00:00,2627,nl,NationsLeagueC,7871,10057,132.3996941957373,0,1
6040374,2026-09-29 16:00:00,2627,qual,AFCONQ,5888,5885,320.790687378626,-1,0
6040347,2026-09-29 16:00:00,2627,qual,AFCONQ,5890,6328,148.82145854924806,1,2
5181935,2026-09-29 16:00:00,2627,nl,NationsLeagueC,5794,8269,-8.742696183119051,0,1
6040237,2026-09-29 16:00:00,2627,qual,AFCONQ,6714,5979,177.22911285595842,-2,0
6144112,2026-09-29 16:05:00,2627,friendly,Friendlies,8713,6711,93.89622907919511,2,2
5181951,2026-09-29 18:45:00,2627,nl,NationsLeagueC,10150,8261,132.74530775887138,0,1
5181851,2026-09-29 18:45:00,2627,nl,NationsLeagueA,8496,8491,-196.3547286291746,-2,0
5181897,2026-09-29 18:45:00,2627,nl,NationsLeagueC,6035,10024,-618.0639044373604,-3,0
5181952,2026-09-29 18:45:00,2627,nl,NationsLeagueC,5792,8536,-66.66577781680417,-3,0
5181778,2026-09-29 18:45:00,2627,nl,NationsLeagueB,8498,6717,-88.47326394215565,-3,0
5181852,2026-09-29 18:45:00,2627,nl,NationsLeagueA,6720,10155,400.52273201037883,3,2
5181779,2026-09-29 18:45:00,2627,nl,NationsLeagueB,5787,8260,199.78627078353634,2,2
5181936,2026-09-29 18:45:00,2627,nl,NationsLeagueC,8497,8265,323.43875086368234,1,2
6040275,2026-09-29 19:00:00,2627,qual,AFCONQ,5883,68374,128.84036489207483,1,2
6040335,2026-09-29 19:00:00,2627,qual,AFCONQ,5801,6629,-340.94324648523343,0,1
6040238,2026-09-29 19:00:00,2627,qual,AFCONQ,287978,6709,-749.3612533207147,-2,0
6040375,2026-09-29 19:00:00,2627,qual,AFCONQ,5804,5815,-253.76805850843448,-1,0
6040201,2026-09-29 19:00:00,2627,qual,AFCONQ,5889,121281,121.59665110717128,2,2
5991874,2026-09-30 00:00:00,2627,friendly,Friendlies,6713,9762,107.56231734524135,2,2
6280444,2026-09-30 01:00:00,2627,friendly,Friendlies,6710,5798,205.4646669015135,0,1
6280445,2026-09-30 04:00:00,2627,friendly,Friendlies,287876,6319,30.44183914062637,0,1
6280446,2026-09-30 07:00:00,2627,friendly,Friendlies,5925,101595,32.571653696915746,1,2
6280448,2026-09-30 13:00:00,2627,friendly,Friendlies,121274,5895,198.09303389226238,-2,0
6315019,2026-09-30 14:00:00,2627,friendly,Friendlies,5887,5965,-41.50403004995928,-2,0
6040249,2026-09-30 16:00:00,2627,qual,AFCONQ,6011,6316,-336.3655216458378,-5,0
6140730,2026-09-30 16:00:00,2627,friendly,Friendlies,8254,10045,277.9879414580298,3,2
6266052,2026-10-01 00:00:00,2627,friendly,Friendlies,6706,5797,562.9714450108418,4,2
6280449,2026-10-01 02:00:00,2627,friendly,Friendlies,287880,5927,-431.73128758660516,1,2
6315046,2026-10-01 06:10:00,2627,friendly,Friendlies,5922,5820,187.68479790530296,0,1
6315047,2026-10-01 10:10:00,2627,friendly,Friendlies,6715,6707,77.30449428195425,0,1
6280450,2026-10-01 14:00:00,2627,friendly,Friendlies,5899,5897,-383.937492203705,-6,0
6280451,2026-10-01 14:00:00,2627,friendly,Friendlies,8700,6320,312.7981119314229,3,2
5181882,2026-10-01 16:00:00,2627,nl,NationsLeagueD,8566,5799,511.8663265377098,0,1
6040250,2026-10-01 16:00:00,2627,qual,AFCONQ,6289,5884,176.37729995897394,1,2
5181830,2026-10-01 18:45:00,2627,nl,NationsLeagueA,6383,6708,-77.73724665153736,0,1
5181816,2026-10-01 18:45:00,2627,nl,NationsLeagueB,8567,430156,7.093789713642991,0,1
5181817,2026-10-01 18:45:00,2627,nl,NationsLeagueB,5791,8255,-41.81644619102167,0,1
5181865,2026-10-01 18:45:00,2627,nl,NationsLeagueA,8238,8361,-25.937715685871808,-2,0
5181866,2026-10-01 18:45:00,2627,nl,NationsLeagueA,5790,8492,-145.72046134110656,1,2
5181829,2026-10-01 18:45:00,2627,nl,NationsLeagueA,8570,8205,312.67674552121457,2,2
5181876,2026-10-01 18:45:00,2627,nl,NationsLeagueD,8495,507764,366.9283005195291,0,1
6280452,2026-10-02 11:00:00,2627,friendly,Friendlies,7804,5800,120.6014669761787,0,1
6280453,2026-10-02 11:35:00,2627,friendly,Friendlies,5822,6333,6.755324724682623,-5,0
6299692,2026-10-02 13:00:00,2627,friendly,Friendlies,6321,5890,326.12589977043945,-2,0
5181937,2026-10-02 14:00:00,2627,nl,NationsLeagueC,8265,5794,170.75631273283466,-1,0
6365754,2026-10-02 15:00:00,2627,friendly,Friendlies,5750,5895,278.5512176792181,3,2
5181925,2026-10-02 16:00:00,2627,nl,NationsLeagueC,5793,6583,12.864807467213495,2,2
5181926,2026-10-02 16:00:00,2627,nl,NationsLeagueC,5795,49437,-116.20937418979179,-1,0
5181804,2026-10-02 18:45:00,2627,nl,NationsLeagueB,8565,8268,193.9402346649381,1,2
5181793,2026-10-02 18:45:00,2627,nl,NationsLeagueA,6723,8204,248.39824083608687,0,1
5181792,2026-10-02 18:45:00,2627,nl,NationsLeagueA,8263,6595,192.97833231469713,3,2
5181842,2026-10-02 18:45:00,2627,nl,NationsLeagueB,8568,9730,188.1869162375624,6,2
5181841,2026-10-02 18:45:00,2627,nl,NationsLeagueB,10106,8520,-11.198793707975256,0,1
5181938,2026-10-02 18:45:00,2627,nl,NationsLeagueC,8269,8497,-179.12843916219254,0,1
5181805,2026-10-02 18:45:00,2627,nl,NationsLeagueB,6718,10259,228.61718156134657,-3,0
6299693,2026-10-03 00:00:00,2627,friendly,Friendlies,8258,6724,223.7187367278775,-1,0
6367253,2026-10-03 04:00:00,2627,friendly,Friendlies,5925,5926,108.47616397962565,1,2
5181898,2026-10-03 13:00:00,2627,nl,NationsLeagueC,7871,10024,54.209136278631604,1,2
5985687,2026-10-03 14:00:00,2627,friendly,Friendlies,6329,8256,-738.8154668349434,-4,0
6210360,2026-10-03 15:40:00,2627,friendly,Friendlies,8713,5802,534.8243710772581,6,2
5181853,2026-10-03 16:00:00,2627,nl,NationsLeagueA,10155,8491,-69.62831750971282,-7,0
5181899,2026-10-03 16:00:00,2627,nl,NationsLeagueC,10057,6035,707.387100730098,4,2
5181954,2026-10-03 16:00:00,2627,nl,NationsLeagueC,8536,10150,268.4596578403514,3,2
5181953,2026-10-03 16:00:00,2627,nl,NationsLeagueC,8261,5792,36.48539987411095,1,2
6006644,2026-10-03 18:00:00,2627,friendly,Friendlies,5810,5798,125.8742129529112,2,2
5181781,2026-10-03 18:45:00,2627,nl,NationsLeagueB,6717,5787,313.43083652180803,1,2
5181854,2026-10-03 18:45:00,2627,nl,NationsLeagueA,6720,8496,536.8999834705146,2,2
5181780,2026-10-03 18:45:00,2627,nl,NationsLeagueB,8260,8498,-90.14042558105439,-2,0
6299697,2026-10-03 19:00:00,2627,friendly,Friendlies,6629,6709,-80.56829402999278,1,2
6162939,2026-10-04 00:00:00,2627,friendly,Friendlies,6706,6323,624.4510742630348,7,2
5991875,2026-10-04 02:00:00,2627,friendly,Friendlies,6713,6710,16.4507067064676,3,2
5181883,2026-10-04 13:00:00,2627,nl,NationsLeagueD,8566,8254,113.12886705128358,1,2
6299698,2026-10-04 13:00:00,2627,friendly,Friendlies,6395,230692,453.4119210188205,1,2
6367352,2026-10-04 14:00:00,2627,friendly,Friendlies,5893,5897,46.176009417074056,2,2
5181877,2026-10-04 16:00:00,2627,nl,NationsLeagueD,8495,10045,286.8802619966814,1,2
5181818,2026-10-04 16:00:00,2627,nl,NationsLeagueB,430156,8255,-56.665269855596534,0,1
6299700,2026-10-04 18:00:00,2627,friendly,Friendlies,10255,6316,200.26476053385545,-1,0
6367353,2026-10-04 18:00:00,2627,friendly,Friendlies,6262,5815,305.2468305394457,0,1
5181819,2026-10-04 18:45:00,2627,nl,NationsLeagueB,5791,8567,166.8612678721954,0,1
5181867,2026-10-04 18:45:00,2627,nl,NationsLeagueA,8361,8492,187.48937262377444,1,2
5181831,2026-10-04 18:45:00,2627,nl,NationsLeagueA,6383,8570,-75.58065937962579,0,1
5181832,2026-10-04 18:45:00,2627,nl,NationsLeagueA,6708,8205,324.47906052034955,1,2
5181868,2026-10-04 18:45:00,2627,nl,NationsLeagueA,5790,8238,-76.97295625986703,-1,0
6369013,2026-10-05 06:30:00,2627,friendly,Friendlies,6707,5922,319.9671853808254,0,1
6369014,2026-10-05 10:30:00,2627,friendly,Friendlies,6715,5820,410.7156910221031,1,2
6299702,2026-10-05 13:00:00,2627,friendly,Friendlies,5890,6321,-114.08764018618285,0,1
6299703,2026-10-05 15:00:00,2627,friendly,Friendlies,5895,5750,-130.27602408866574,1,2
6380406,2026-10-05 16:00:00,2627,friendly,Friendlies,5885,5884,109.82860929054323,0,1
5181927,2026-10-05 16:00:00,2627,nl,NationsLeagueC,5793,5795,146.76565675011352,1,2
