mid,diff_lam0,diff_lam0.1,diff_lam0.2,diff_lam0.3,diff_lam0.5,diff_lam0.7
ng1828213,-419.0,-419.0,-419.0,-419.0,-419.0,-419.0
ng1827387,700.0,700.0,700.0,700.0,700.0,700.0
ng1828876,-424.75857668404205,-424.75857668404205,-424.75857668404205,-424.75857668404205,-424.75857668404205,-424.75857668404205
ng1828368,375.3494418298967,375.3494418298967,375.3494418298967,375.3494418298967,375.3494418298967,375.3494418298967
ng1829128,-468.0,-468.0,-468.0,-468.0,-468.0,-468.0
ng1829129,16.672187122866035,16.672187122866035,16.672187122866035,16.672187122866035,16.672187122866035,16.672187122866035
ng1830300,-56.0,-56.0,-56.0,-56.0,-56.0,-56.0
ng1830363,791.8998062593284,791.8998062593284,791.8998062593284,791.8998062593284,791.8998062593284,791.8998062593284
ng1830468,344.70350838747413,344.70350838747413,344.70350838747413,344.70350838747413,344.70350838747413,344.70350838747413
ng1833034,240.4112544556657,240.4112544556657,240.4112544556657,240.4112544556657,240.4112544556657,240.4112544556657
ng1831273,273.4794961311318,273.4794961311318,273.4794961311318,273.4794961311318,273.4794961311318,273.4794961311318
ng1833358,-22.922414037302588,-22.922414037302588,-22.922414037302588,-22.922414037302588,-22.922414037302588,-22.922414037302588
ng1834758,557.1779848999869,557.1779848999869,557.1779848999869,557.1779848999869,557.1779848999869,557.1779848999869
ng1834969,-259.21592235487014,-259.21592235487014,-259.21592235487014,-259.21592235487014,-259.21592235487014,-259.21592235487014
ng1835868,280.2333338738995,280.2333338738995,280.2333338738995,280.2333338738995,280.2333338738995,280.2333338738995
ng1836219,447.0,447.0,447.0,447.0,447.0,447.0
ng1836871,143.0,143.0,143.0,143.0,143.0,143.0
ng1848279,-110.12661882476209,-110.12661882476209,-110.12661882476209,-110.12661882476209,-110.12661882476209,-110.12661882476209
ng1848208,166.0,166.0,166.0,166.0,166.0,166.0
ng1848209,401.05897368136584,401.05897368136584,401.05897368136584,401.05897368136584,401.05897368136584,401.05897368136584
ng1848211,-236.0,-236.0,-236.0,-236.0,-236.0,-236.0
ng1851276,146.55530932701663,146.55530932701663,146.55530932701663,146.55530932701663,146.55530932701663,146.55530932701663
ng1852996,82.91039800625481,82.91039800625481,82.91039800625481,82.91039800625481,82.91039800625481,82.91039800625481
ng1857837,362.0,362.0,362.0,362.0,362.0,362.0
ng1860035,169.0,169.0,169.0,169.0,169.0,169.0
ng1860934,294.0,294.0,294.0,294.0,294.0,294.0
ng1908797,407.55530932701663,407.55530932701663,407.55530932701663,407.55530932701663,407.55530932701663,407.55530932701663
3287006,227.0,227.0,227.0,227.0,227.0,227.0
3287053,-243.2827027025637,-243.2827027025637,-243.2827027025637,-243.2827027025637,-243.2827027025637,-243.2827027025637
3287054,59.0,59.0,59.0,59.0,59.0,59.0
3287115,240.0,240.0,240.0,240.0,240.0,240.0
3287127,-55.0,-55.0,-55.0,-55.0,-55.0,-55.0
3287114,80.0,80.0,80.0,80.0,80.0,80.0
3287005,138.0,138.0,138.0,138.0,138.0,138.0
3287126,-88.98462649806402,-88.98462649806402,-88.98462649806402,-88.98462649806402,-88.98462649806402,-88.98462649806402
3287079,38.0,38.0,38.0,38.0,38.0,38.0
3287078,16.0,16.0,16.0,16.0,16.0,16.0
3287030,41.0,41.0,41.0,41.0,41.0,41.0
3287017,365.0,365.0,365.0,365.0,365.0,365.0
3287018,307.0,307.0,307.0,307.0,307.0,307.0
3287029,70.42931717104739,70.42931717104739,70.42931717104739,70.42931717104739,70.42931717104739,70.42931717104739
3287102,181.0,181.0,181.0,181.0,181.0,181.0
3287103,79.0,79.0,79.0,79.0,79.0,79.0
3287090,61.0,61.0,61.0,61.0,61.0,61.0
3287091,104.0,104.0,104.0,104.0,104.0,104.0
3286999,345.0,345.0,345.0,345.0,345.0,345.0
3287205,176.0,176.0,176.0,176.0,176.0,176.0
3287217,116.0,116.0,116.0,116.0,116.0,116.0
3287042,-189.0883463176565,-189.0883463176565,-189.0883463176565,-189.0883463176565,-189.0883463176565,-189.0883463176565
3287218,-43.0,-43.0,-43.0,-43.0,-43.0,-43.0
3287206,-37.0,-37.0,-37.0,-37.0,-37.0,-37.0
3287041,-112.0,-112.0,-112.0,-112.0,-112.0,-112.0
3287065,146.0,146.0,146.0,146.0,146.0,146.0
3287066,-105.5838190427703,-105.5838190427703,-105.5838190427703,-105.5838190427703,-105.5838190427703,-105.5838190427703
3287128,305.69148213645485,313.77918223749293,321.8668823385308,329.9545824395691,346.12998264164503,362.3053828437212
3287007,-43.399766604045226,-43.66507535274786,-43.9303841014505,-44.19569285015314,-44.72631034755818,-45.25692784496346
3287055,411.1621706020303,408.6311235966609,406.10007659129155,403.5690295859224,398.50693557518343,393.4448415644449
3287129,165.7068556383906,173.7945557394287,181.88225584046654,189.96995594150485,206.14535614358078,222.32075634565695
3287116,-78.41557411489953,-77.59439085003578,-76.77320758517203,-75.95202432030851,-74.30965779058079,-72.66729126085352
3287080,242.10306888365812,238.06367745153307,234.0242860194087,229.9848945872841,221.9061117230342,213.82732885878477
3287117,113.58442588510047,114.40560914996422,115.22679241482797,116.04797567969149,117.69034220941921,119.33270873914648
3287056,18.745989644800602,16.21494263943123,13.683895634061855,11.152848628692709,6.090754617953735,1.0286606072152154
3287081,2.103068883658125,-1.9363225484667055,-5.975713980591308,-10.015105412716139,-18.093888276965572,-26.172671141215233
3287008,-12.399766604045226,-12.665075352747863,-12.9303841014505,-13.195692850153137,-13.726310347558183,-14.256927844963457
3287031,-47.70626319139433,-34.29164746889819,-20.877031746402054,-7.4624160239059165,19.366815421086358,46.19604686607863
3287020,144.99924882428945,143.29052737097277,141.58180591765654,139.87308446433985,136.4556415577074,133.03819865107494
3287092,133.38279545643468,135.47822518405223,137.57365491167002,139.66908463928735,143.8599440945227,148.05080354975757
3287104,213.77335617345716,226.77335617345716,239.77335617345716,252.77335617345716,278.77335617345716,304.77335617345716
3287019,-9.000751175710775,-10.709472629027232,-12.418194082343462,-14.126915535659919,-17.544358442292605,-20.96180134892529
3287093,48.38279545643468,50.478225184052235,52.57365491167002,54.66908463928735,58.85994409452269,63.050803549757575
3287105,-78.22664382654284,-65.22664382654284,-52.22664382654284,-39.22664382654284,-13.22664382654284,12.77335617345716
3287032,323.72305397965306,337.1376697021492,350.55228542464533,363.96690114714147,390.79613259213374,417.625364037126
3287207,111.38741796518912,112.08751089977795,112.78760383436725,113.48769676895608,114.88788263813422,116.28806850731212
3287208,98.38741796518912,99.08751089977795,99.78760383436725,100.48769676895608,101.88788263813422,103.28806850731212
3287043,494.8490745354975,501.218268629425,507.58746272335225,513.9566568172793,526.695045005134,539.4334331929888
3287219,113.91002202215213,109.81964954039245,105.72927705863276,101.63890457687285,93.45815961335347,85.2774146498341
3287220,-93.08997797784787,-97.18035045960755,-101.27072294136724,-105.36109542312715,-113.54184038664653,-121.7225853501659
3287000,-239.28229658997293,-233.06608358291453,-226.84987057585613,-220.63365756879773,-208.20123155468082,-195.76880554056402
3287044,-1.760728217841006,-8.129922311768496,-14.499116405695531,-20.86831049962302,-33.60669868747755,-46.34508687533207
3287067,226.57050660583877,226.4630017900579,226.35549697427723,226.2479921584959,226.03298252693435,225.8179728953728
3287068,-64.15432564860907,-64.04682083282819,-63.939316017047304,-63.83181120126642,-63.61680156970465,-63.401791938143106
ng1931443,21.87338117523791,21.87338117523791,21.87338117523791,21.87338117523791,21.87338117523791,21.87338117523791
ng1932915,498.5130949124275,498.5130949124275,498.5130949124275,498.5130949124275,498.5130949124275,498.5130949124275
ng1934141,-206.69794134205563,-206.69794134205563,-206.69794134205563,-206.69794134205563,-206.69794134205563,-206.69794134205563
ng1938302,179.97257414912838,179.97257414912838,179.97257414912838,179.97257414912838,179.97257414912838,179.97257414912838
ng1936619,153.17387820104386,153.02692735248638,152.9065066361445,152.81261603651888,152.70442512543104,152.70235449529196
ng1934470,165.01189474617263,168.6809739140524,171.09570918379018,172.25548246962398,170.80755810434766,164.3319085623691
ng1934469,712.2227734668688,700.5287395494008,689.4978784339232,679.129975466197,660.382192483127,644.2837097220852
ng1934472,-306.5198064724532,-300.3699195401075,-292.52816419833994,-282.9945529738875,-252.95842461648795,-222.14220697200403
ng1934471,364.4542807485932,364.0602725518693,363.2849814227445,362.1284478145253,358.6718087846423,353.6906540017792
ng1936621,293.8462227073726,298.7324339704935,303.3994486782085,307.8472250936172,316.08493751027277,323.4454070936108
ng1934473,196.14109461442695,184.96726475583887,173.83749059262095,162.75176252860138,140.71240569316092,118.84911507682591
ng1934476,169.15088092939845,164.41132710868237,159.84299566262848,155.44588417249747,147.1653111239459,139.56958756947438
ng1934474,277.39428918684916,291.5980152518887,305.31576608274963,318.5475969357592,343.5537192243089,366.6168213050803
ng1934475,812.4906593144171,809.7169242260443,807.0255584908255,804.4165690298128,799.4457468935218,794.8045142835606
ng1936620,842.6208052712706,816.48688933907,791.2335747547073,766.8608672885916,720.7572615895747,678.1759737782135
ng1934477,218.091641055732,229.23767920977843,239.41099349477213,248.61170258351876,264.09568111800377,275.6901771868497
ng1934478,61.34683988097959,63.47164227448502,65.20018845634831,66.53247551577624,68.00826868282388,67.89903135151053
ng1934479,68.46122910970189,59.132020733650734,50.217477231331486,41.71754363484001,25.961286786328174,11.86281326537005
ng1936622,-220.1157792294007,-224.64312255691925,-229.14393752123692,-233.61822413696973,-242.4872123810876,-251.25008740597013
ng1934480,279.72592952022205,280.7731276903269,282.238085533136,284.12080595807515,289.1395381333657,295.82931462934994
ng1936688,-92.69712861424864,-92.69712861424864,-92.69712861424864,-92.69712861424864,-92.69712861424864,-92.69712861424864
ng1938317,291.0,291.0,291.0,291.0,291.0,291.0
3224444,130.42652308200536,132.2298634954443,132.61669098356447,131.80040524339347,125.5093104900975,113.58402116933598
ng1936782,44.78071048453194,52.92436799948655,61.16093609031054,69.49041437866504,86.42810002620718,103.73742188198685
ng1934482,562.4623242705443,558.3909671475108,553.6862470530882,548.3480629619157,535.7709084271687,520.6587346674278
3224496,43.84298581756775,41.30645437848375,39.19415047156235,37.506178956832855,35.4036423333896,34.999642173990196
3224448,73.00437864431478,54.83150634490494,38.76928373898545,24.815966090436632,3.228797517016801,-9.944787060872613
3224493,172.49228365392696,173.2621165894293,176.62187106643387,182.569951679734,202.22482038462636,232.2145211378056
3224446,26.755599938058594,37.1081228014782,47.75199255820462,58.68719882400637,81.43157973673374,105.34118406523294
3224447,112.87937046125467,115.66389799630247,118.82855605439681,122.37333039476039,130.60317136934623,140.3533086816533
3224495,7.907564105659503,10.240738646620002,13.45824376298583,17.560198928487807,28.417965072657125,42.81509354517448
3224445,85.52639327815746,95.50013359802529,105.2906556548578,114.6865345561946,133.35160656296216,151.2840178605361
ng1934483,247.41136527966046,264.5557821730222,281.8657259945044,299.34153123444617,334.79208458426683,370.9101824992215
3238973,-47.0,-47.0,-47.0,-47.0,-47.0,-47.0
3238970,239.0,239.0,239.0,239.0,239.0,239.0
3238974,324.0,324.0,324.0,324.0,324.0,324.0
ng1934484,255.1328953426596,255.1328953426596,255.1328953426596,255.1328953426596,255.1328953426596,255.1328953426596
ng1938688,13.275283192205507,13.275283192205507,13.275283192205507,13.275283192205507,13.275283192205507,13.275283192205507
ng1938690,416.0568959043885,416.0568959043885,416.0568959043885,416.0568959043885,416.0568959043885,416.0568959043885
ng1938687,98.1092094353994,98.1092094353994,98.1092094353994,98.1092094353994,98.1092094353994,98.1092094353994
ng1938689,18.93235485660375,18.93235485660375,18.93235485660375,18.93235485660375,18.93235485660375,18.93235485660375
ng1938429,-17.0,-17.0,-17.0,-17.0,-17.0,-17.0
ng1934485,-24.0,-24.0,-24.0,-24.0,-24.0,-24.0
ng1936701,47.0,47.0,47.0,47.0,47.0,47.0
3238971,236.0,236.0,236.0,236.0,236.0,236.0
3238972,566.0,566.0,566.0,566.0,566.0,566.0
3287222,225.61676152071732,230.18908444940394,234.7686130877728,239.3553850296978,254.44382523204354,263.5727861052892
3287221,62.77803293105353,66.61277869248738,70.47710556957804,74.37325871245594,76.48306735437586,84.65862728199818
ng1939285,600.1241863402329,600.1241863402329,600.1241863402329,600.1241863402329,600.1241863402329,600.1241863402329
3287001,167.95185209404667,169.52715645738976,171.72391435956638,174.54231887584956,182.04475052799967,192.0356365251821
3287010,68.78466995081271,70.7971317852946,72.81369709877367,74.83472163345596,78.89176181637049,82.97180605235758
ng1938801,140.06972292037358,140.06972292037358,140.06972292037358,140.06972292037358,140.06972292037358,140.06972292037358
3287083,-24.270235705663936,-40.068921824280324,-55.875938951704256,-71.69010737512258,-103.33586807221832,-134.99961223192076
3287009,12.248402151030405,14.167685501879077,16.086099547255117,18.003667572276527,21.836361316523607,25.665962455712133
3287082,240.76025436873965,245.54719898477333,250.33542767382505,255.12564019012643,264.7143236133277,274.3169379665335
ng1937018,510.75532086906037,510.75532086906037,510.75532086906037,510.75532086906037,510.75532086906037,510.75532086906037
ng1938802,214.29549734841726,214.29549734841726,214.29549734841726,214.29549734841726,214.29549734841726,214.29549734841726
ng1939303,3.2752831922055066,3.2752831922055066,3.2752831922055066,3.2752831922055066,3.2752831922055066,3.2752831922055066
ng1937054,195.22922448503164,195.22922448503164,195.22922448503164,195.22922448503164,195.22922448503164,195.22922448503164
3287033,-82.4175803132473,-75.5688335786715,-68.74232371811127,-61.935471500233234,-48.37014970272821,-34.85157551435145
ng1938587,171.04820221564478,171.04820221564478,171.04820221564478,171.04820221564478,171.04820221564478,171.04820221564478
3287130,7.241460703894063,9.529035432521823,11.947853188486988,14.506417065743335,20.061475637620333,26.210876852560432
3287210,-87.86262230837224,-98.7810991448523,-109.67340567331053,-120.33999282820423,-141.99935368504384,-163.55637509523604
3287209,-37.133848463821096,-37.95998757818438,-38.85707386097533,-40.02569853287878,-42.175138831762524,-44.619002810379016
3287131,197.64974447948816,191.47014689035927,185.31787410994752,179.19607503269708,167.05410203015526,155.05860143545488
3287095,88.19377755803612,96.1917321957369,104.1532424754962,112.07963761492852,127.83328785289768,143.46668354656117
3287045,-44.385810401251774,-27.4963683803835,-10.585804596982598,6.346183616712551,40.274209155648805,74.2846384610009
3287034,-67.78791931163164,-70.68511994327287,-73.5776132283745,-76.47287885018045,-82.20531610245189,-87.86401473495084
3287021,-219.20925483580936,-219.98539927153956,-220.77800106726818,-221.58654164781296,-223.24911799953566,-224.96794589790375
3287069,145.53255568508803,153.34719053198546,161.17018441803748,169.0024202746581,184.6977659068225,200.43881075885793
3287107,21.19160783261418,52.63411713441087,84.03572661547241,115.40940616454418,178.1243629227315,240.89108620020465
3287058,24.51974207731837,38.42580325289282,52.30813804839522,66.15536731780912,93.79859857877454,121.34389036146058
3287057,449.66407025679905,460.10940798699494,470.5483692965897,480.98121899922467,501.8298246961715,522.658058127374
3287118,102.0663969751754,111.45989309135962,120.87167109922893,130.3005542632443,149.2053351442487,168.16653383506355
3287119,219.0738519663978,213.09337784514446,207.04955447626844,200.9411168849947,188.52539472254057,175.83748111383056
3287022,-97.55374873447272,-88.71861390760637,-79.83445746557277,-70.90484069545528,-52.921815596626175,-34.79118228116363
3287046,-99.02973422530886,-97.76785651923228,-96.53332545890794,-95.32563045145548,-92.98850714643982,-90.75172399775852
3287070,125.18010602973231,116.60814310327964,108.01112013152692,99.38933292498086,82.07292203479756,64.66233625992732
3287094,-7.148726290092554,-17.949590048569917,-28.738511961910262,-39.51559896571598,-61.03479875734706,-82.50851580321614
3287106,-110.23424368639871,-86.90386064555082,-63.512302608619166,-40.06357635559311,6.871616859848928,54.004929948383506
ng1937059,119.87206038997351,119.87206038997351,119.87206038997351,119.87206038997351,119.87206038997351,119.87206038997351
ng1939869,-27.909353900972064,-27.909353900972064,-27.909353900972064,-27.909353900972064,-27.909353900972064,-27.909353900972064
ng1939718,24.64440886077682,24.64440886077682,24.64440886077682,24.64440886077682,24.64440886077682,24.64440886077682
ng1939716,-24.79483135529108,-24.79483135529108,-24.79483135529108,-24.79483135529108,-24.79483135529108,-24.79483135529108
ng1939874,581.3494741616337,581.3494741616337,581.3494741616337,581.3494741616337,581.3494741616337,581.3494741616337
ng1934486,193.4982783131079,193.5154985461627,193.53586699476205,193.55960137233774,193.6182384219278,193.69401181674834
3287223,100.26791702138621,110.57661100342261,120.15983145632526,129.01634537258178,136.35691251180015,150.23955820393962
3287012,177.67666011899723,180.97796802365815,184.23273685224376,187.4417333630497,193.72575044738778,199.83735302234481
ng1939896,11.260345788815357,11.260345788815357,11.260345788815357,11.260345788815357,11.260345788815357,11.260345788815357
ng1934487,265.72014026169654,265.72014026169654,265.72014026169654,265.72014026169654,265.72014026169654,265.72014026169654
ng1938195,155.73104919215666,155.73104919215666,155.73104919215666,155.73104919215666,155.73104919215666,155.73104919215666
3287011,221.4558447108118,239.79532318655765,258.0734880547511,276.28981780028244,312.53457301388266,348.5239961074467
3287084,180.7545634777009,207.51346843820443,231.447339013617,252.55827713203303,286.4144485855911,308.903211451046
3287002,407.86037284283725,389.9691095948658,373.088565403536,357.12637237962645,327.5876143896212,300.61400457331945
3287085,-137.42695276675067,-158.68387381476373,-178.684054168702,-197.43067897132755,-231.27100439941228,-260.0357950087125
3287224,262.5852710984384,259.41311888067116,255.35694623019776,250.42082974406208,234.4325973926443,217.4106807970113
ng1938196,244.05115903720252,243.9419126105729,243.83536172840286,243.731659402456,243.53337466261337,243.34813084527195
3238982,-302.327204571498,-302.327204571498,-302.327204571498,-302.327204571498,-302.327204571498,-302.327204571498
3238984,-174.43182693559925,-174.43182693559925,-174.43182693559925,-174.43182693559925,-174.43182693559925,-174.43182693559925
3238981,153.99723924817386,153.99723924817386,153.99723924817386,153.99723924817386,153.99723924817386,153.99723924817386
3238980,-141.65194164341779,-141.65194164341779,-141.65194164341779,-141.65194164341779,-141.65194164341779,-141.65194164341779
3238983,-120.38101721190901,-120.38101721190901,-120.38101721190901,-120.38101721190901,-120.38101721190901,-120.38101721190901
ng1939875,183.31768734212733,183.31768734212733,183.31768734212733,183.31768734212733,183.31768734212733,183.31768734212733
3287036,-90.92567006129934,-100.04149300212089,-106.94852403905429,-111.64090822121989,-114.3840691057137,-108.2726093014303
3287133,23.826581424588994,21.570544470764844,21.633864626083778,24.028346440839414,35.87194638916594,57.237120562021346
3287108,-29.05125613035898,-3.2030066145948695,19.32621699872061,38.92274872931512,68.85355637242424,87.01267675939835
3287120,182.83584399293682,184.800522699549,186.52818815462933,188.0271330266753,190.3749892168753,191.92242882550886
3287047,167.27679182867996,188.6863746918575,207.0295623360828,222.31203675766324,243.71628353570577,252.9393970440169
3287060,-263.88271706489854,-242.77434598011382,-222.52591321357636,-203.13027378430615,-166.88725498108852,-135.52464396383675
3287059,187.99196965660485,200.01354061853704,211.88722914338064,223.6170103391803,246.58038972385225,270.3960437582739
3287121,65.16208152113973,63.39802048679303,62.090390601998934,61.23431111440232,60.85555520771959,62.216402221962426
3287109,205.86288363413428,173.302456131903,148.87627024898097,132.19078799909016,122.41104346893712,143.8178292833802
3287097,-6.310063526610975,-17.72358402207601,-26.93545696370984,-33.76580470816748,-40.59502856040763,-38.361956235566595
3287071,-58.37898234474983,-50.39215967920063,-44.04717296536887,-39.34834252931137,-34.90749720019994,-37.10793655556017
3287132,-173.3027320482954,-162.85726716635622,-151.72363419278577,-139.91772913649675,-114.35440454770583,-86.29545693982686
3287035,207.67822170997692,195.65427137585516,186.6482383086177,180.66321535949942,177.69397636705048,186.72537600324267
3287072,258.698567149381,261.89483246665145,263.4791892000969,263.44721200903473,258.5163454536346,247.06640631988148
3287024,200.58502819016348,213.85644409771066,225.87576660488526,236.6305605147902,254.30211062426724,266.7918248350875
3287023,91.69660284970519,98.0622466789132,105.06578198347142,112.71586537158578,129.98634861291248,149.92825278448845
3287048,-306.26432902783245,-302.73805533143286,-299.7925302968333,-297.42314923438107,-294.394617290435,-293.6168572376789
3287212,54.43877887379631,62.69107903469967,68.63779821145772,74.78498766812368,85.17029800179694,92.19267410467478
3287211,26.3178736674804,27.60104854542101,31.460557133124894,34.988631047923036,45.56461109564202,60.57408071271038
3287096,173.2285642858078,194.30204887803825,213.99640371362602,232.1339128702275,264.0612253285087,290.256248572505
ng1943393,-86.6671534952477,-86.6671534952477,-86.6671534952477,-86.6671534952477,-86.6671534952477,-86.6671534952477
ng1944924,-101.77915716389566,-101.77915716389566,-101.77915716389566,-101.77915716389566,-101.77915716389566,-101.77915716389566
ng1948216,339.5837480410553,345.2968694262893,346.8629054329838,344.40902990960353,326.37142203033113,295.7972534674093
ng1948217,89.14296350714267,96.12817490496263,101.86947465038293,106.71661254418973,115.07086371559149,124.93032727066793
3208309,535.9654816581951,535.9654816581951,535.9654816581951,535.9654816581951,535.9654816581951,535.9654816581951
3208273,262.1352563751848,262.1352563751848,262.1352563751848,262.1352563751848,262.1352563751848,262.1352563751848
3208293,276.6180924728478,276.6180924728478,276.6180924728478,276.6180924728478,276.6180924728478,276.6180924728478
3208269,326.33006870918894,326.33006870918894,326.33006870918894,326.33006870918894,326.33006870918894,326.33006870918894
ng1948223,-327.5447201224465,-315.4473660817474,-305.52745575302936,-297.6535897550036,-287.6118213447703,-284.64490436389383
ng1948218,226.74519507112132,209.69976680558443,195.03566702365492,182.41538908019015,161.28006300430252,145.34265372512436
ng1948219,190.65709718522135,178.53853643726438,170.56938648911955,166.4149002497918,168.18689861566486,181.1279506722874
ng1948221,142.52850234795505,153.6748736396405,163.28622234035493,171.5873406009755,185.06423087841108,195.52808114873733
ng1948220,249.30122193374473,250.95715777181977,252.5828592727446,254.4516386220978,259.14876906220024,265.822977178015
ng1948224,511.3019773089768,525.6896301079598,538.785706873917,550.4004994712775,568.4487385751636,578.40107382151
ng1948225,-61.51296266692452,-68.38624668943135,-72.81949483794256,-75.12466507734871,-74.59514665414054,-69.28088468584792
ng1948226,144.7423302442969,144.13663295595825,145.1248492995694,147.5014016218404,155.60229407835027,166.80874767280693
3208324,246.0,246.0,246.0,246.0,246.0,246.0
ng1948227,-327.4627229589571,-332.98995590045865,-336.83825509750363,-339.5143132617152,-342.43852910831697,-347.4319660126175
ng1948229,57.20043273430383,86.09646278967193,109.7887272810458,128.6354684634323,153.30672399048603,162.88386677449807
ng1948230,284.37774047686,311.1453780478878,330.3054007623175,342.9443753982498,352.1615897307138,345.53381772390185
ng1948231,23.540873507400875,10.253496810786828,-0.4685278841584477,-8.242948421436722,-15.967035664582909,-13.859019127967258
ng1948232,1028.2450250274007,1039.4047436161654,1048.044636110435,1054.4103982662018,1061.3132730680747,1062.1247675577185
ng1948233,301.78250263602285,290.27385812216903,283.33150584093596,280.7032113122566,289.19001192710516,310.10172679622383
ng1948234,656.177208129998,671.6954517253318,685.3640030388556,699.2839666038801,724.9913880019121,748.3922754593791
ng1948228,265.8926665258898,266.7195632295486,265.8478457403528,263.58634681175477,256.11589293014526,246.8916358463207
ng1948235,481.06790560994204,482.1472292883095,483.39630628257305,484.9218772757183,489.2453245723243,496.03108718079716
3208341,523.2928322811231,523.2928322811231,523.2928322811231,523.2928322811231,523.2928322811231,523.2928322811231
ng1949713,286.54913443835517,286.54913443835517,286.54913443835517,286.54913443835517,286.54913443835517,286.54913443835517
ng1949845,-52.0,-52.0,-52.0,-52.0,-52.0,-52.0
ng1950038,-66.0,-66.0,-66.0,-66.0,-66.0,-66.0
ng1949740,164.10778152135163,164.10778152135163,164.10778152135163,164.10778152135163,164.10778152135163,164.10778152135163
3208283,222.20325293533938,222.11453413399158,222.0276303975504,221.94251925872936,221.77758138788522,221.61952773795906
3208308,343.6120234102318,343.6120234102318,343.6120234102318,343.6120234102318,343.6120234102318,343.6120234102318
3208249,426.7284116709184,426.7284116709184,426.7284116709184,426.7284116709184,426.7284116709184,426.7284116709184
3208332,280.5891780993584,280.57232674534976,280.5523945906598,280.5291685728405,280.4717873026125,280.39763636394105
3208297,247.95052264265382,247.95052264265382,247.95052264265382,247.95052264265382,247.95052264265382,247.95052264265382
3208284,297.41701862135596,297.41701862135596,297.41701862135596,297.41701862135596,297.41701862135596,297.41701862135596
ng1948238,-455.6542582524669,-458.2049706535886,-461.01222793080797,-463.97287321599447,-469.93330960535627,-474.6112292802202
ng1948237,4.651951516227882,2.373074683276627,1.4273177197032965,1.6351347887198244,4.7788495667568895,10.311657372464651
3224492,115.13149877949445,110.67688567568075,109.48724118952987,109.36205461099303,113.55994162951652,122.59147931945586
3208379,196.54437826683557,196.54437826683557,196.54437826683557,196.54437826683557,196.54437826683557,196.54437826683557
3208254,289.9013720668188,289.9013720668188,289.9013720668188,289.9013720668188,289.9013720668188,289.9013720668188
3208298,430.30942482468845,430.3074344675231,430.3054924899277,430.3036017369052,430.2999846071825,430.29660311377506
3224498,62.11859071470735,70.47754936465185,75.14375513413074,77.23657847126651,77.41330940073385,78.98455046418462
ng1948239,140.16076636694288,134.66172962505152,129.73474520592163,125.5028903459181,119.60442504109915,117.89394972101718
3224497,219.75211420267055,210.50894006666908,205.71839918641626,204.90097884484885,213.975899042621,234.60878226303112
3224499,76.76823578283279,81.43347094267574,85.43854239126449,88.64873689642468,92.15814373771991,90.93546510728879
ng1948240,331.5108908870602,348.4137692521251,362.15836787771354,372.850075159128,385.50608875578246,387.2539915317898
3238987,-97.48114206256514,-97.48114206256514,-97.48114206256514,-97.48114206256514,-97.48114206256514,-97.48114206256514
3238988,291.3195528513138,291.3195528513138,291.3195528513138,291.3195528513138,291.3195528513138,291.3195528513138
ng1949844,-7.31237694596075,-7.31237694596075,-7.31237694596075,-7.31237694596075,-7.31237694596075,-7.31237694596075
ng1948729,275.75865560912166,275.7582867300755,275.7578504361661,275.7573420764097,275.75608629704766,275.75446384089855
3208354,452.1270080443296,452.1270080443296,452.1270080443296,452.1270080443296,452.1270080443296,452.1270080443296
3208333,89.21972956195441,89.21972956195441,89.21972956195441,89.21972956195441,89.21972956195441,89.21972956195441
3208259,305.51041768981463,305.51041768981463,305.51041768981463,305.51041768981463,305.51041768981463,305.51041768981463
3208272,402.5955390400079,402.5955390400079,402.5955390400079,402.5955390400079,402.5955390400079,402.5955390400079
3208361,500.5942973902904,500.5942973902904,500.5942973902904,500.5942973902904,500.5942973902904,500.5942973902904
3208325,423.22277172537565,423.22277172537565,423.22277172537565,423.22277172537565,423.22277172537565,423.22277172537565
3238985,142.4930721964913,142.4930721964913,142.4930721964913,142.4930721964913,142.4930721964913,142.4930721964913
3238989,41.69110373035801,41.69110373035801,41.69110373035801,41.69110373035801,41.69110373035801,41.69110373035801
3238986,396.00719783005593,396.00719783005593,396.00719783005593,396.00719783005593,396.00719783005593,396.00719783005593
3287003,-171.64471055802983,-155.27053114839532,-141.4098233208416,-130.01494273313995,-114.52984526288208,-108.82195899889211
3287013,185.17177144891662,196.9066662500752,207.65631550036824,217.4082086698504,233.87747866877498,246.24811431989178
3208353,243.0,243.0,243.0,243.0,243.0,243.0
ng1949313,50.67967541132839,50.67967541132839,50.67967541132839,50.67967541132839,50.67967541132839,50.67967541132839
3287014,93.99956770104745,88.16161865435129,84.04236405570919,81.6402039192892,82.0031640210866,89.31139296047013
3287226,69.56880550461392,58.354475973631224,49.22453669557535,42.20129972720133,35.34703115162938,35.648214388312226
3287225,-42.53570189202537,-35.68486719990483,-29.184407388386035,-23.056458597567143,-13.095952607283152,-3.189549929376426
3208292,345.42872169909015,345.42872169909015,345.42872169909015,345.42872169909015,345.42872169909015,345.42872169909015
3208263,235.7533573819053,235.7533573819053,235.7533573819053,235.7533573819053,235.7533573819053,235.7533573819053
3287073,79.66619081168119,83.23441429793183,84.46868923075203,83.85222855176039,79.01529323374939,72.65281547680343
3287074,1.579148748592388,3.8073964634891126,8.198497075365822,14.266020717706624,29.46852800401257,45.46061242360179
3287086,214.90074216901075,267.9479145686348,314.1694421542984,354.080113349979,417.23392169056206,461.50395781190605
3287087,-68.32123653533654,-86.0203727182593,-98.78811369084315,-107.20953228535541,-113.2263523168449,-108.74597117208282
ng1948730,-60.33662055052082,-60.229364481056564,-60.1247555764819,-60.02294400355754,-59.82827639343759,-59.646414069503635
3208291,-76.62255375584937,-76.62255375584937,-76.62255375584937,-76.62255375584937,-76.62255375584937,-76.62255375584937
3287214,250.80740565779183,268.9904996740893,282.39347020339824,296.05764993932917,318.27314394376344,335.300609743648
3287111,93.72709488657983,56.53021592652681,29.42278324340714,10.57163232884318,-8.145804452360153,-12.372761757083481
3208303,-90.14246731237745,-90.14246731237745,-90.14246731237745,-90.14246731237745,-90.14246731237745,-90.14246731237745
3208346,-176.93490636115916,-176.93490636115916,-176.93490636115916,-176.93490636115916,-176.93490636115916,-176.93490636115916
3208307,-381.2117801788431,-381.2117801788431,-381.2117801788431,-381.2117801788431,-381.2117801788431,-381.2117801788431
3287213,182.8378426996435,186.05955995728277,188.96167548174003,192.10513905017933,196.54226432298447,196.78877026108307
3287122,76.68185155956735,57.30600869658019,39.9864532979916,24.63576387266062,-0.4986245579207207,-18.75454956203339
ng1949590,-65.73002993019304,-65.73002993019304,-65.73002993019304,-65.73002993019304,-65.73002993019304,-65.73002993019304
3287037,207.98970492810054,202.91839703492155,197.5427022717015,191.73877345342066,178.29896860151462,161.61969570407268
3287038,246.33437751968768,242.211013328719,239.67310291567196,238.56721570413129,240.11293882209588,245.73779077082236
3287134,-85.14582645975293,-71.17306765300077,-59.477782377613494,-49.80747478426292,-35.49188210840157,-26.047753284975215
3287026,402.44397761013056,401.33437412192234,399.45645589555215,397.53439511381293,393.9635288992997,392.61683064607746
3287135,162.5642548765927,158.54275483431047,155.99335664236241,154.68394567693804,154.8658828642947,157.2370603815807
3208322,-21.622024520059313,-21.622024520059313,-21.622024520059313,-21.622024520059313,-21.622024520059313,-21.622024520059313
3287099,248.30231734648623,283.93749473003186,314.5602693603387,340.82549491945656,382.6262709530695,414.04218901888316
3287123,7.040567837758545,2.1696527886933836,-3.375551869208266,-9.719913115262898,-25.297099543551212,-45.58540715303252
3287098,15.381496502618575,-6.145136273932167,-23.572202074941515,-37.14014341025472,-55.4544794326946,-65.72314648085194
3287062,158.29688256537952,148.34962122624302,142.0456401901779,139.2541676236135,143.6352420001558,162.3871013282942
3287061,-284.8616858331475,-278.8227533227771,-271.64751544567366,-263.22063431378024,-242.20204512015812,-213.68916272315005
3287110,241.96627905575633,221.731938457674,210.81557442859412,207.08602501228074,214.49035611153909,231.0110054574791
3287049,200.3661196950486,177.8780284016284,160.66166860676708,148.19670648438046,135.4222936579879,135.31809846745773
3287025,233.54779216057295,238.04161099620137,244.6554123520009,252.6754059738521,272.6888672795992,296.29877631334625
3287050,310.8544449116498,320.66832314044336,332.6881194780158,346.39176000737393,376.7623504783103,407.59590581278326
3208315,-198.19601806360834,-198.19601806360834,-198.19601806360834,-198.19601806360834,-198.19601806360834,-198.19601806360834
3208340,-367.042638878821,-367.042638878821,-367.042638878821,-367.042638878821,-367.042638878821,-367.042638878821
3208362,-346.9624619601648,-346.9624619601648,-346.9624619601648,-346.9624619601648,-346.9624619601648,-346.9624619601648
3208253,-148.9313771476252,-148.9313771476252,-148.9313771476252,-148.9313771476252,-148.9313771476252,-148.9313771476252
3208296,-279.6072739953347,-279.6053819138649,-279.60353582409675,-279.601738430488,-279.5982999056009,-279.5950853847387
ng1950683,-24.74651621518683,-24.74651621518683,-24.74651621518683,-24.74651621518683,-24.74651621518683,-24.74651621518683
ng1951000,60.47622586974194,60.47622586974194,60.47622586974194,60.47622586974194,60.47622586974194,60.47622586974194
3208295,-103.4318765448495,-103.4318765448495,-103.4318765448495,-103.4318765448495,-103.4318765448495,-103.4318765448495
3208380,-56.05659880427788,-56.05659880427788,-56.05659880427788,-56.05659880427788,-56.05659880427788,-56.05659880427788
3208282,-158.82237771394148,-158.82237771394148,-158.82237771394148,-158.82237771394148,-158.82237771394148,-158.82237771394148
ng1949847,266.39821332847714,266.26233332610514,266.13923212875966,266.0324997978403,265.8822385066344,265.83836466046296
ng1949800,23.318931221800312,23.318931221800312,23.318931221800312,23.318931221800312,23.318931221800312,23.318931221800312
ng1948731,192.14162268018913,192.13862670543767,192.135704367867,192.13285988654366,192.12742033620316,192.122337661664
3208275,-39.61946528682324,-39.537705689014274,-39.45762072551247,-39.37918957197394,-39.22720217876213,-39.08156498171843
3208334,-133.85859845327468,-133.84282082024424,-133.82415877635776,-133.80241288275533,-133.74868891508868,-133.67926532063962
3208351,-98.84026847084533,-98.84026847084533,-98.84026847084533,-98.84026847084533,-98.84026847084533,-98.84026847084533
3208248,-276.2046229445473,-276.2046229445473,-276.2046229445473,-276.2046229445473,-276.2046229445473,-276.2046229445473
3208335,40.83208545883008,40.83208545883008,40.83208545883008,40.83208545883008,40.83208545883008,40.83208545883008
ng1951207,12.584007391093564,12.584007391093564,12.584007391093564,12.584007391093564,12.584007391093564,12.584007391093564
3208274,-255.15099266349648,-255.15099266349648,-255.15099266349648,-255.15099266349648,-255.15099266349648,-255.15099266349648
3208352,-257.6444416091422,-257.6444416091422,-257.6444416091422,-257.6444416091422,-257.6444416091422,-257.6444416091422
3208264,-52.13024944743188,-52.13024944743188,-52.13024944743188,-52.13024944743188,-52.13024944743188,-52.13024944743188
3208302,-195.0624176671122,-195.0624176671122,-195.0624176671122,-195.0624176671122,-195.0624176671122,-195.0624176671122
ng1949801,80.61020550067087,80.61020550067087,80.61020550067087,80.61020550067087,80.61020550067087,80.61020550067087
3208258,-157.26708395331002,-157.26708395331002,-157.26708395331002,-157.26708395331002,-157.26708395331002,-157.26708395331002
3208323,-269.6586677638436,-269.6586677638436,-269.6586677638436,-269.6586677638436,-269.6586677638436,-269.6586677638436
3287227,50.28950768054369,72.85695240218979,95.60185408428765,118.551282694061,167.6364954582075,214.16687503255525
3287016,33.13623928405832,25.7581577919525,20.22612172989193,16.40101366850081,13.352218628214587,15.61682422557692
3287015,-92.73117875331559,-101.89111536985388,-108.57948256671307,-112.69539431086059,-112.81886079688229,-101.48882277630082
3287088,145.15418601520628,128.0314892250965,115.82229892839496,105.88672669764719,102.95820521258202,113.39516817188701
3287075,-39.73998147809584,-43.61733149561064,-47.31174847746229,-50.8436619418153,-57.51942706403679,-63.86829636645939
3287089,154.69106678340927,172.79206699828887,188.24773331268716,203.2983479597849,220.28520397018156,225.98784945574016
3287228,216.47960737389462,223.98962684652065,229.2241813622113,232.68166399658935,233.90648342517306,237.5069017644978
3287076,295.6874075762023,289.2047083624975,283.7742150426802,279.3767216010058,273.6063026370016,271.75560501073414
3287004,59.10646504674128,63.62918371253022,67.681451355322,71.19698344553308,76.29803068670958,78.10582300627857
ng1948732,-93.53629044797208,-93.43239324694537,-93.33113589461936,-93.2326689142003,-93.0446762576139,-92.86949273838877
3238992,30.631854417144723,30.631854417144723,30.631854417144723,30.631854417144723,30.631854417144723,30.631854417144723
3238994,-85.9693487132729,-85.9693487132729,-85.9693487132729,-85.9693487132729,-85.9693487132729,-85.9693487132729
3238993,291.18068471929973,291.18068471929973,291.18068471929973,291.18068471929973,291.18068471929973,291.18068471929973
3238990,-47.32432783941067,-47.32432783941067,-47.32432783941067,-47.32432783941067,-47.32432783941067,-47.32432783941067
3238991,-69.1458272357147,-69.1458272357147,-69.1458272357147,-69.1458272357147,-69.1458272357147,-69.1458272357147
3287039,122.21331941749622,135.73018301381308,145.92139760498708,153.27156141517503,161.45293318066228,164.19984571139548
3287040,87.4673781261356,102.62060628860081,113.30985145531008,120.60941952241546,129.28528236477337,137.09275006268922
3287216,215.66981208224934,219.09976068296464,219.26794580426008,218.95215593532748,214.18725968972012,206.88978963720342
3287215,-23.01771681993887,-19.470935174629858,-11.26938678852025,-0.6571089290459895,29.4083722860546,69.69319485886331
3287101,-7.823092146428962,-23.49644300663158,-34.76837398637417,-42.351149281016205,-47.93190858648268,-42.54130324804237
3287063,109.06393999563193,127.93031221313413,141.03927537035975,149.2784494377463,154.68338199057212,150.73740904120473
3287137,171.31332961301837,164.87647871198124,156.87409275631876,147.89548514458352,129.3310289705571,113.73062500601918
3287064,336.1628999509103,328.4744216012334,322.32338922254576,318.28451286830546,318.842164614548,334.3161914246616
3287051,252.15726881081696,242.65042195959086,234.9053211319981,228.77924415968323,220.907766754558,218.23925756230437
3287112,152.24237390783492,176.2486195111369,195.88068026007636,211.9361171192379,236.73975442233723,257.8146142185881
3287125,93.55746181126665,91.63648539774385,92.05075554985092,94.42983762924928,103.58347869466229,116.09229444947914
3287136,255.29337020185358,248.2186887292644,242.13080791935022,237.36034781590683,233.0929696915457,238.0981744149401
3287113,1.8671312498108819,18.532344412102475,34.52833219038371,50.635366037689664,85.83719300027019,128.51633798911598
3287027,-252.03931229842397,-249.78931443547185,-245.97606212476603,-240.01209325257219,-221.8383553922804,-194.46509609183863
3287052,358.1896656980905,382.4367945529009,399.86107166378883,411.2946396039388,419.4625465932679,413.4112526373988
3287028,-78.87942480227525,-66.91038989008393,-56.78420733134544,-48.72124092419426,-37.060015057383225,-29.52599744754707
3287124,15.533213022329619,7.947404957441449,-2.150600013266285,-14.318219966961806,-43.064400079559846,-74.60740590682872
3287100,154.21728312695518,158.39539364700204,159.72226397565942,159.10666736645612,154.3413781205968,147.9486591789355
ng1957302,331.0181550567272,330.8865520773893,330.76732588009554,330.66395261221896,330.5184138172581,330.4758989850732
ng1962080,181.09849034126205,181.09849034126205,181.09849034126205,181.09849034126205,181.09849034126205,181.09849034126205
ng1962091,271.9020900159783,271.9020900159783,271.9020900159783,271.9020900159783,271.9020900159783,271.9020900159783
ng1962741,33.38951457797157,33.38951457797157,33.38951457797157,33.38951457797157,33.38951457797157,33.38951457797157
ng1962461,396.95398720905496,396.95398720905496,396.95398720905496,396.95398720905496,396.95398720905496,396.95398720905496
ng1963270,-22.835560444873636,-22.8436859565129,-22.85164633359227,-22.859443565696665,-22.87455688839441,-22.889043087564232
ng1962728,-143.71317057110105,-143.71317057110105,-143.71317057110105,-143.71317057110105,-143.71317057110105,-143.71317057110105
ng1962729,216.42028678649717,216.42028678649717,216.42028678649717,216.42028678649717,216.42028678649717,216.42028678649717
ng1963106,340.1860134000983,340.1860134000983,340.1860134000983,340.1860134000983,340.1860134000983,340.1860134000983
ng1964201,-21.522929523365974,-21.53058930846987,-21.538093425348507,-21.54544374946704,-21.5596908371665,-21.57334675019206
ng1963071,-128.26546747976272,-128.26546747976272,-128.26546747976272,-128.26546747976272,-128.26546747976272,-128.26546747976272
ng1964203,-120.39326323367254,-120.39326323367254,-120.39326323367254,-120.39326323367254,-120.39326323367254,-120.39326323367254
ng1964204,345.13219740944373,345.13219740944373,345.13219740944373,345.13219740944373,345.13219740944373,345.13219740944373
ng1966332,107.02680920988428,107.02680920988428,107.02680920988428,107.02680920988428,107.02680920988428,107.02680920988428
ng1965086,288.0,288.0,288.0,288.0,288.0,288.0
ng1966160,576.3446543716782,576.3446543716782,576.3446543716782,576.3446543716782,576.3446543716782,576.3446543716782
ng1966631,-544.0960919173788,-545.8730619464793,-547.1138784167633,-547.5118363862455,-545.6362937765525,-537.204148087581
ng1968634,301.1386786008718,301.1386786008718,301.1386786008718,301.1386786008718,301.1386786008718,301.1386786008718
ng1968441,-163.2564051490533,-165.0295077427761,-166.26856312909786,-166.66809232749392,-164.8058499118988,-156.4145571731649
ng1968153,477.08923586798414,476.9612631377056,476.8453275372633,476.7448086858042,476.6032907445913,476.56195095609155
ng1972882,335.12489852011527,335.12489852011527,335.12489852011527,335.12489852011527,335.12489852011527,335.12489852011527
ng1973602,342.7356864452461,342.7356864452461,342.7356864452461,342.7356864452461,342.7356864452461,342.7356864452461
ng1977935,149.94417812474967,149.94417812474967,149.94417812474967,149.94417812474967,149.94417812474967,149.94417812474967
ng1980968,359.6024517167873,359.6024517167873,359.6024517167873,359.6024517167873,359.6024517167873,359.6024517167873
ng1990595,131.07412464404706,131.07412464404706,131.07412464404706,131.07412464404706,131.07412464404706,131.07412464404706
ng1991915,27.898012760562096,27.898012760562096,27.898012760562096,27.898012760562096,27.898012760562096,27.898012760562096
ng1992130,119.49977826913391,119.49977826913391,119.49977826913391,119.49977826913391,119.49977826913391,119.49977826913391
3208357,-125.98418703781567,-125.98418703781567,-125.98418703781567,-125.98418703781567,-125.98418703781567,-125.98418703781567
3208337,-43.52765989678278,-43.526337305822835,-43.524772841662525,-43.522949742388846,-43.518445197679284,-43.512623212362996
3208277,37.90008559521493,37.89241256899004,37.88489548024131,37.877532450252374,37.863260735261065,37.84958121735667
3208375,-153.17799744524177,-153.17799744524177,-153.17799744524177,-153.17799744524177,-153.17799744524177,-153.17799744524177
3208252,51.54704277263704,51.54704277263704,51.54704277263704,51.54704277263704,51.54704277263704,51.54704277263704
3208345,-41.693480308128755,-41.693480308128755,-41.693480308128755,-41.693480308128755,-41.693480308128755,-41.693480308128755
ng1993966,155.5817900739753,155.5817900739753,155.5817900739753,155.5817900739753,155.5817900739753,155.5817900739753
3208257,-68.72248729027933,-68.72248729027933,-68.72248729027933,-68.72248729027933,-68.72248729027933,-68.72248729027933
ng1992020,373.3635860822433,354.87033996518335,339.8952158867587,328.2665897578763,314.0756978374877,311.8213078660606
ng1992019,-33.977868621086145,-46.43315234785541,-55.71016157070608,-62.58415519159803,-71.6571244441111,-77.4067133609351
3495286,-147.81993670696738,-142.97878144067158,-138.26550077088632,-134.5327576855093,-130.88121207789504,-133.59973347049709
3495228,364.1926601385974,357.71960866367726,353.21464567088265,349.55850064353626,341.40893179834075,328.5581374219182
3495314,-235.98818799111086,-206.75144031087325,-184.87466748855172,-168.06184065413186,-142.5213885819328,-122.60506987229951
3495229,-269.39806506551145,-269.8194180518267,-269.5869652738472,-269.87884269609526,-268.26724275527,-262.43185770482137
3495208,125.81468916669883,132.5615094129405,140.13940010275678,148.29974562448228,166.01956761432643,186.5003801012965
3495209,342.42606500886654,360.18276394352256,373.3973146007236,382.1519493839328,388.18839101572075,380.63626369232725
3495284,-557.6008298196373,-566.1081209972235,-571.4787045980147,-573.6940175977259,-569.7175109021659,-556.5618383468739
3495285,-159.36992621241097,-148.6176327938863,-138.12983466945025,-127.92798854228204,-108.164521380304,-89.0010333847863
3495315,-486.8891513399178,-505.5246218388995,-521.6362301355778,-535.9483738547592,-560.6068900449568,-584.4475757936082
3495148,717.3752025482702,733.5892025581759,747.7316201769722,760.1198681996595,781.0930507506689,794.8683452209468
ng1992025,207.60605944342933,203.05877325034862,196.10498858480673,187.9039598531217,170.30270435330453,151.98184520087534
3495149,171.48227728757251,178.33206501537575,185.18638332472005,191.4280872350048,201.24447890324836,204.59933492603022
3495316,-210.6774665037974,-214.99619106771843,-213.81151195317693,-208.9117168396649,-193.64159602134782,-177.530779809249
ng1992281,47.33290816302792,47.33130090465579,47.329660742665965,47.327985074747176,47.324512360396966,47.32084289264253
3208305,10.28778331972353,10.28778331972353,10.28778331972353,10.28778331972353,10.28778331972353,10.28778331972353
ng1992286,-227.69002554725512,-227.69002554725512,-227.69002554725512,-227.69002554725512,-227.69002554725512,-227.69002554725512
ng1994802,153.58084558365226,153.58084558365226,153.58084558365226,153.58084558365226,153.58084558365226,153.58084558365226
3208381,100.10858269837036,100.10858269837036,100.10858269837036,100.10858269837036,100.10858269837036,100.10858269837036
3208304,-167.84423928258275,-167.84423928258275,-167.84423928258275,-167.84423928258275,-167.84423928258275,-167.84423928258275
3208265,27.126404037634757,27.126404037634757,27.126404037634757,27.126404037634757,27.126404037634757,27.126404037634757
3208314,-21.735825677537832,-21.735716034520692,-21.735609055741634,-21.73550489798913,-21.7353056354184,-21.735119351076946
3208260,-1.632601712021824,-1.632601712021824,-1.632601712021824,-1.632601712021824,-1.632601712021824,-1.632601712021824
3495251,-232.21522827054673,-220.53387723383457,-217.61555871943165,-220.565902541387,-236.20268251953166,-256.7600834373343
3495188,-297.9530423439214,-277.0395053030204,-263.08630778185716,-256.8626222200123,-251.3723910115532,-253.17695810249893
ng1992293,243.16798221122326,243.04188831256874,242.92765587168287,242.82861450813175,242.68917795908828,242.64844646187885
ng1992294,233.6752982971134,233.6752982971134,233.6752982971134,233.6752982971134,233.6752982971134,233.6752982971134
3208321,-125.76908675259506,-125.76908675259506,-125.76908675259506,-125.76908675259506,-125.76908675259506,-125.76908675259506
3208294,-222.4934406960133,-222.49155998186507,-222.48972498304875,-222.48793838777874,-222.4845205206268,-222.4813253115608
3208320,141.59825872736997,141.59825872736997,141.59825872736997,141.59825872736997,141.59825872736997,141.59825872736997
3495252,86.99573832001784,91.81607010314929,96.7217410424621,101.47032005750884,110.13875614311291,118.21810051389343
3495374,354.802547102139,392.5911212798924,418.82378051972273,435.2398237487839,449.5053617002766,449.45498393139815
3495189,461.70191094985853,485.0350369859641,501.6644433725314,512.6012176174186,522.8784391450915,525.1697967212192
3495346,-13.936111635086718,-31.747301803498658,-46.15928818046814,-57.446282801507095,-71.56873141569531,-75.63948980296027
3495376,211.68434197610577,197.66558257366887,186.89884383484355,177.3206030234128,161.36558999426006,146.39839563584042
3495345,1205.1117429191763,1210.608648271226,1212.8371643438438,1213.2461358792843,1213.2671004224908,1217.5973047380598
3495344,-401.0068922950568,-403.7699377685169,-401.4376761033684,-395.20686061949414,-375.00070616391645,-350.6264052378265
3495375,-292.5410118715042,-295.56983646830827,-295.9776062314586,-293.72993623975754,-280.9699072078886,-256.9124626273517
3495168,515.8783901542804,521.6107216825592,527.9216859536982,532.2442701951695,541.53316619417,543.7562662042105
3495169,394.2844871342618,398.69445232900785,402.90360997841367,406.25931943555406,409.5034084009433,406.68717689470805
3495253,-34.1965776951281,-43.09185681603708,-51.67030482027644,-59.336836570008245,-70.02678312968851,-71.68879143892377
3208289,-1.362466796808576,-1.362466796808576,-1.362466796808576,-1.362466796808576,-1.362466796808576,-1.362466796808576
ng1993591,30.7589702153698,30.7589702153698,30.7589702153698,30.7589702153698,30.7589702153698,30.7589702153698
3208330,-81.34492907346566,-81.34492907346566,-81.34492907346566,-81.34492907346566,-81.34492907346566,-81.34492907346566
3208316,-284.28353312989066,-284.283985615305,-284.28442890363567,-284.2848631057511,-284.28570471345756,-284.286511394723
3208336,-268.5388995533874,-268.52337079033873,-268.5050030998091,-268.48360018126345,-268.430723455745,-268.36239450238986
3208276,-65.21865236170288,-65.29924565141141,-65.37818901077321,-65.45550291748987,-65.60532746563626,-65.7488949163926
3208290,-280.25346291897154,-280.25346291897154,-280.25346291897154,-280.25346291897154,-280.25346291897154,-280.25346291897154
ng1993312,308.5427259591502,308.5427259591502,308.5427259591502,308.5427259591502,308.5427259591502,308.5427259591502
ng1995757,21.97859764550003,21.97859764550003,21.97859764550003,21.97859764550003,21.97859764550003,21.97859764550003
3208349,23.453880297995283,23.453880297995283,23.453880297995283,23.453880297995283,23.453880297995283,23.453880297995283
3495287,520.1155305183379,530.7172031223936,540.524516508618,550.4702776380557,573.3913698870515,604.3781181063921
3495317,220.70763671216423,247.49103567794623,265.45596338537325,277.2870946691796,289.2885842211856,294.1260373167636
3208350,-121.22885909085903,-121.22885909085903,-121.22885909085903,-121.22885909085903,-121.22885909085903,-121.22885909085903
3495230,179.03782015049956,189.2176490546467,199.43697192558875,211.19397518506798,237.03655980286248,266.8587393057501
3495318,576.9155519670619,564.7816081761662,551.7637522451132,538.7288540470238,515.01890395018,498.93751212653115
3495289,781.697445233523,774.0236847117485,769.9822301101508,769.2586635530356,775.0341192430294,786.4499291877751
ng1993872,112.59276184548776,116.84208772243687,122.48817014432825,129.08558542891046,143.49910687411625,157.4244705646538
ng1993873,340.3073221804086,343.7136522460296,344.88130557334193,343.8729652444829,335.91653339177174,318.36350791149925
3495288,21.190105232716405,34.20616452767172,43.69784497627279,50.349681826325195,58.225361315306145,62.40260492483458
3495231,-233.05162959505333,-199.20282637476384,-166.8484878665995,-136.19526543066468,-79.18805081812889,-27.53929126593198
3495150,409.9916490455289,390.00560608387696,373.66539048710183,360.99394838230273,345.7606488014453,341.8170777677808
3495151,-160.96011207619404,-166.42619207349776,-170.43305545938847,-173.92916435364145,-181.13990994996425,-193.09141489071772
3495319,539.9278831907311,516.7302379712471,504.08014391974734,498.685403740272,501.0042370222841,510.29199913001344
ng1993874,-50.37656069434388,-58.56202237549178,-65.506521354092,-71.0510330003683,-78.49943983705953,-83.66254272034303
3208256,-24.666830044183826,-24.666830044183826,-24.666830044183826,-24.666830044183826,-24.666830044183826,-24.666830044183826
3208319,355.48896798534315,355.48896798534315,355.48896798534315,355.48896798534315,355.48896798534315,355.48896798534315
3208318,-30.150188852777774,-30.150188852777774,-30.150188852777774,-30.150188852777774,-30.150188852777774,-30.150188852777774
3495210,-622.8687100547018,-598.1845595713039,-578.1904002516205,-561.6179604005049,-535.4659793310341,-516.2055320622844
ng1993879,103.92305561687203,118.10480695802221,130.1507423324922,140.64834866469937,160.4681485130577,179.48975541315212
3495347,-344.36404255516527,-350.6387867986266,-351.3477603361989,-347.6703140519119,-330.74011536462694,-305.4359945838223
3208261,-110.64839528443281,-110.64839528443281,-110.64839528443281,-110.64839528443281,-110.64839528443281,-110.64839528443281
3208376,611.2915424398109,611.2915424398109,611.2915424398109,611.2915424398109,611.2915424398109,611.2915424398109
3495377,-105.7733373893343,-84.70835399266025,-68.86112656246723,-56.35401673111551,-36.59732233693353,-18.441720483461495
3495254,740.9709725937682,735.0710571495845,732.5742072131277,731.4801094800621,731.821954464278,729.2509205598074
3495170,-431.0468086118765,-428.1855042929287,-422.13543724512306,-411.346914808817,-385.16476783937105,-351.5370322979031
ng1993888,-55.492978754524074,-67.77287321614449,-71.89270561144531,-70.06099680590091,-55.08889371938517,-32.397842147061965
3495348,827.167745431356,834.5446337922326,835.8022045565438,833.2851742364708,824.129561113906,818.5787564493869
3495255,592.6525501346464,609.0330084533698,621.9202970101658,632.7120033579781,648.525333506773,661.9587336352365
3495256,13.763514096044446,17.982056637102687,17.69914162636678,14.510831651717353,2.6548641249487446,-14.149956238096138
3495379,-173.0822456503563,-221.44586580819714,-257.51727412601076,-283.60521815259426,-317.88454849529967,-337.66116329772103
3495171,-243.246238676335,-250.40814633846253,-256.8073323454007,-262.12634739471787,-269.51353207840157,-275.2817866631167
3495378,538.5236504458451,553.5516169878322,562.5123695957741,568.6127401400622,576.490199529718,587.1670018680002
3495349,-805.554501043934,-751.9516510708037,-704.2512306521763,-662.1287583073221,-592.1793198857242,-535.5727915617076
3495211,202.8725356611394,182.69392470548405,169.49199092217373,162.73098732397239,164.88588175648215,183.42334580651368
3495190,-395.6501377189138,-386.59175442291485,-379.777734078134,-373.95241130300474,-366.55289180632144,-362.63521529879836
3208344,468.91227207204406,468.91227207204406,468.91227207204406,468.91227207204406,468.91227207204406,468.91227207204406
3495191,629.2008753415168,623.0070199498284,619.7935183512475,620.414857721719,621.2977225037203,623.4589257401553
ng1996612,139.28490717096338,139.28490717096338,139.28490717096338,139.28490717096338,139.28490717096338,139.28490717096338
ng1994064,10.2074118490832,10.2074118490832,10.2074118490832,10.2074118490832,10.2074118490832,10.2074118490832
3208251,-105.56262367835348,-105.56262367835348,-105.56262367835348,-105.56262367835348,-105.56262367835348,-105.56262367835348
ng1994067,93.44796367575373,93.44796367575373,93.44796367575373,93.44796367575373,93.44796367575373,93.44796367575373
ng1996453,315.6719525665478,315.6719525665478,315.6719525665478,315.6719525665478,315.6719525665478,315.6719525665478
3208358,531.9906823096205,531.9906823096205,531.9906823096205,531.9906823096205,531.9906823096205,531.9906823096205
3208301,14.941962597366683,14.941962597366683,14.941962597366683,14.941962597366683,14.941962597366683,14.941962597366683
3208266,-76.43136834756638,-76.43136834756638,-76.43136834756638,-76.43136834756638,-76.43136834756638,-76.43136834756638
3208382,175.86734703163802,175.86734703163802,175.86734703163802,175.86734703163802,175.86734703163802,175.86734703163802
3208306,445.8498317537467,445.8498317537467,445.8498317537467,445.8498317537467,445.8498317537467,445.8498317537467
3208312,57.00121294049609,57.00118326710981,57.00115431459176,57.0011261253876,57.001072196612995,57.001021779757366
3208313,522.1223473360394,522.120546591522,522.1187896189667,522.1170789922451,522.1138064588893,522.1107471173091
ng1996450,325.44393401910565,325.44393401910565,325.44393401910565,325.44393401910565,325.44393401910565,325.44393401910565
ng1996472,360.2401635196195,360.14178690581525,360.1009565420029,360.1099285515627,360.2456411397616,360.4843939934217
3208287,64.32871036035044,64.32871036035044,64.32871036035044,64.32871036035044,64.32871036035044,64.32871036035044
3208338,372.8195740056756,372.80509200733513,372.7879625248436,372.7680025306845,372.7186910878754,372.65497032260373
3208339,199.49606436384897,199.49578853759726,199.49546228147506,199.49508210658792,199.4941428445877,199.4929290473549
ng1997176,178.8656757431138,178.8656757431138,178.8656757431138,178.8656757431138,178.8656757431138,178.8656757431138
3208329,720.1963974803107,720.1963832695376,720.1963693476325,720.1963557111123,720.196329279707,720.1963039452774
3208328,-15.328825453771515,-15.328387179130232,-15.327957812704653,-15.327537247109376,-15.326722070808273,-15.325940723972508
3208348,463.6267190217568,463.6267190217568,463.6267190217568,463.6267190217568,463.6267190217568,463.6267190217568
3495321,-167.662854114649,-169.26842457817838,-177.54140371269,-189.81144240672165,-219.57649954804378,-252.65553038805842
3495152,-321.8671601231754,-325.5593291445796,-326.1967889446987,-323.6351415391448,-310.1836178150536,-284.93125691693785
3495322,-36.53560581610054,-95.25635945817794,-135.21432826402702,-162.77295873754974,-195.9487938587563,-215.44909276940803
3495232,644.7868729649256,636.6553610055355,633.7624998384563,635.7216031162754,653.8448045957512,688.3356322735776
3495233,117.57386503480825,91.34570680255592,67.12212169384861,46.129368754429606,15.611434373117163,-3.280207921588726
3495291,-101.27026979221523,-124.69152446241333,-145.08777758642327,-162.8536693276851,-193.61146571366885,-222.89491547291846
3495153,-561.7026442392269,-536.4580547454898,-513.3061633695977,-492.30351722249634,-455.7627048079423,-425.4755030206295
3495290,-812.0135860630069,-832.823520442492,-853.5400285482885,-874.3156731414422,-914.2998411567673,-949.0601012898956
3495320,725.2344825279342,718.5839283875716,712.7867793601133,708.0707493647951,702.0869189063903,698.2630433590748
3495292,607.9616993888678,603.2808745817231,602.2265531592618,603.1660469264107,607.179469195614,611.0964621693906
ng1994400,72.0934388058422,82.46093327051585,91.08343761370406,98.32043369184453,110.54204881163037,124.38844449825365
3208279,-55.09597118208649,-55.02253350429896,-54.95059877089648,-54.880148352053084,-54.74362303407929,-54.61279773920728
3208278,295.6283090014135,295.6288264157172,295.6293348785068,295.6298344206225,295.6308069054412,295.6317442674613
3208288,510.4211846766141,510.4211846766141,510.4211846766141,510.4211846766141,510.4211846766141,510.4211846766141
ng1994368,-215.52847880500894,-215.08862189130878,-214.6527165368177,-214.2371156864633,-213.49369746396246,-212.84906691900778
ng1994627,528.5134357119678,549.5168797102383,565.305909020622,577.823353901809,593.5840275395703,600.8126256803944
3495380,-93.56841258355075,-86.48594209405019,-82.1042970624585,-81.89870334797615,-90.9563492450543,-111.18960724949693
3495213,532.8586535176391,493.5345736316897,468.78965183985974,454.5000456419334,443.84879246173205,441.7411661018357
3495352,-614.8680354060762,-578.2364488207478,-548.1385270363087,-523.9329285407252,-489.7271550295425,-467.86651855862897
3495382,-471.4879347552619,-471.420663457149,-471.6555438208709,-473.93831890039746,-483.03751729472356,-497.1712249432096
3495212,-318.0166021415421,-307.4739351743003,-298.3021062754285,-290.4154451363361,-278.8648410406431,-274.2071939646728
3495257,-61.92005552164028,-35.55356710435581,-16.648923026765488,-2.1704274243493273,22.288878773339547,47.58051213846397
3495192,-553.9140696410132,-550.0031572678959,-543.0927217830886,-533.8367651513554,-513.2316734961223,-493.3539828077628
3495258,-262.60143963395103,-266.8582849336567,-266.52665727671933,-264.1481063903984,-262.0615582575165,-267.554356397696
3495173,620.120929553357,612.5102662769968,602.0574239584419,588.1894310845839,560.1482244572544,533.2099596592993
3495351,244.71852600875582,238.02698523874346,227.73634115286313,215.05236629118667,186.59942079419898,159.50841583048168
3495381,468.18648008491914,498.82210892008857,520.409798562207,533.8217030279156,548.0904256853385,555.9160967348489
ng1994629,305.624927616524,300.1572566659845,300.77278614285524,306.670751186143,320.4294547341317,335.1993117388763
3495259,484.01580891317394,497.25443543529786,507.4643382706131,516.2466442044283,530.0595579431154,540.7841241233837
3495172,183.09102338006164,190.770138861516,196.67519462262499,201.901548374075,214.58401682061458,233.64106486510468
3495193,171.36242910105852,150.56596949420964,142.10534973305494,142.0553504770196,158.39987325380662,184.401908703657
3495350,-589.8682307980744,-572.5953923723796,-559.6861102276243,-552.0337517096232,-553.3342799058491,-575.4704035811694
ng2011017,106.51507418021765,106.51507418021765,106.51507418021765,106.51507418021765,106.51507418021765,106.51507418021765
ng2019127,308.64553787663976,274.5823618956215,251.50612980549886,235.49115580737725,212.9307473753131,191.8990821781431
ng2019794,127.98121021067823,127.98121021067823,127.98121021067823,127.98121021067823,127.98121021067823,127.98121021067823
ng2020288,-54.937456503357225,-54.937456503357225,-54.937456503357225,-54.937456503357225,-54.937456503357225,-54.937456503357225
ng2020284,59.0,59.0,59.0,59.0,59.0,59.0
ng2018883,470.95179238030505,461.045209008395,450.7710789319319,439.58685476941014,414.6550094846732,387.449286536581
ng2020865,439.8438766470342,439.3239373963456,438.9312306106051,438.6389425837406,438.19948206925915,437.76072667508856
ng2018964,1235.59582542554,1210.161846341189,1195.7473615837412,1191.0020314465642,1204.9041929724913,1241.2900919281637
ng2021421,-316.051296460736,-316.051296460736,-316.051296460736,-316.051296460736,-316.051296460736,-316.051296460736
ng2020873,89.31798082372643,89.31798082372643,89.31798082372643,89.31798082372643,89.31798082372643,89.31798082372643
ng2019385,239.65700851525526,236.15601846718528,231.84555001723447,226.58821011478926,213.63320455388862,198.06374272492394
ng2021381,806.2694833593365,806.2694833593365,806.2694833593365,806.2694833593365,806.2694833593365,806.2694833593365
ng2020874,185.78609842257947,185.78609842257947,185.78609842257947,185.78609842257947,185.78609842257947,185.78609842257947
ng2019386,338.91167169240566,352.96542933391197,363.6730695484871,370.71267976686045,379.6386735972894,387.06731247954303
ng2022288,-124.39035128291152,-124.39035128291152,-124.39035128291152,-124.39035128291152,-124.39035128291152,-124.39035128291152
ng2020217,-306.20710928408675,-291.44951232613334,-285.0479664888344,-282.89430251950057,-280.77414590974377,-273.0313211335488
ng2020068,236.49386667176896,231.14338251825643,231.13943629306482,235.88932254551514,246.51149566763524,257.80864359114184
ng2020223,132.98577619057505,132.98577619057505,132.98577619057505,132.98577619057505,132.98577619057505,132.98577619057505
ng2021989,435.574384464609,422.7351510955946,411.7006686437471,401.3830751233984,380.89634574274896,360.2860292136804
ng2020334,406.3401426632786,400.88804515259017,396.16626894295905,394.6527591064407,399.55442434255156,409.2994056628504
ng2020332,84.69909459352812,88.22998274848169,84.14643838319807,77.21251828996628,62.01242263806125,51.89655149307259
ng2020333,735.5148736872069,711.8740176756279,699.10587246791,694.6514079285939,703.019103569615,723.5750470303684
ng2020335,213.88793863294723,162.30232691237802,133.79407725907458,114.8087103996827,92.95304284324789,74.89146078613794
ng2020331,138.20693303958592,122.40883585760002,112.5756880300778,102.48271601173883,86.04375118831194,73.13805259282913
ng2020737,217.78024785592856,223.83729248262898,228.64604325654045,232.1048277011539,235.34025745477652,234.5795776063601
ng2020736,190.9234095508823,193.64068651576895,196.04671920850546,198.3641397907154,205.04985075904415,215.7774889313739
ng2020739,411.78823141262296,404.09649604884476,398.83733919951896,395.91647659653336,396.31366415993966,403.87381329544746
ng2020741,202.5940852923518,181.50774704576293,164.55472386965334,150.6746433592407,128.33039831023075,109.00569197544837
ng2020740,392.021272572415,377.587199399228,368.55009320136674,362.9624967985867,354.8718203592257,344.8708824443902
ng2020742,75.74978918676311,122.13217255375912,151.19873722210832,169.6555423244115,192.9132596295069,209.0895212175244
ng2020743,303.8931129845355,289.4137079180032,277.30468583707466,268.68843210807495,264.85753458695694,280.8712288733061
ng2020744,310.872059361403,322.527809936405,334.0377519626022,345.3037884456737,368.08449559485234,393.36623268161634
ng2020899,-522.4714174441058,-500.46333945699007,-478.42422515234284,-456.9977675656405,-414.7216084448951,-366.1853358149267
ng2020810,895.5401594436148,903.0757992157162,912.9528985365544,925.2505939866965,946.7534453792148,965.3486956131044
ng2020900,609.4645928851344,582.9596314014741,561.8951097974978,544.3297945520103,516.6045426391643,492.41550497327785
ng2020811,251.80521383785526,231.77701947015566,214.59217581797247,199.5033680543495,172.54616398848657,146.4163823544152
ng2020901,513.6045682332156,476.30277460083016,449.03514178393607,429.03193776767876,402.5237345583016,385.1569061996454
ng2020902,455.4407165129369,455.438946756758,455.4372200195694,455.43553883092795,455.4323226151571,455.429315923187
3239011,-141.21570073298494,-141.21570073298494,-141.21570073298494,-141.21570073298494,-141.21570073298494,-141.21570073298494
3239008,263.79710548179173,263.79710548179173,263.79710548179173,263.79710548179173,263.79710548179173,263.79710548179173
3239012,254.07280234845393,254.07280234845393,254.07280234845393,254.07280234845393,254.07280234845393,254.07280234845393
3239009,-20.965540701207374,-20.965540701207374,-20.965540701207374,-20.965540701207374,-20.965540701207374,-20.965540701207374
ng2022828,75.93244388069661,75.92522287700945,75.9181486733994,75.91121949882472,75.89778885539067,75.88491567300957
ng2021064,369.1125309772208,370.43370056979893,371.33625530640757,370.49438796196205,361.93440322495076,342.6498991128585
ng2021063,364.646041901814,388.85369759750915,408.6955293514309,426.21941603348046,454.4349843205682,476.700668842597
ng2021138,316.74925412298353,301.1863673841833,291.54250292028405,286.03798208454486,280.1794756117972,277.50661068554405
ng2020812,105.31153345407324,99.3730018815952,93.09784037434702,85.92815499695303,76.68207818617043,73.62476734302595
ng2020813,422.23045883167515,389.60200264898094,364.88511316314384,345.820021025163,317.59936914814534,294.97626081035264
ng2021142,272.7839252122151,272.790659883927,272.79725616927476,272.803715810315,272.81623238803786,272.8282245173955
ng2021065,-319.86730738947335,-291.96088130583007,-267.4066839264485,-247.0395981132549,-210.61888160349736,-173.607352844856
ng2021066,602.3889035160928,624.5947461189373,647.0317922674371,667.3804005879521,696.9154038796994,708.5001820778712
ng2020814,310.195280062974,283.1069278314012,259.20935373454836,239.44878289054532,213.9925923069493,204.91058272819555
3239010,381.57669646779937,381.57669646779937,381.57669646779937,381.57669646779937,381.57669646779937,381.57669646779937
ng2022316,-75.25258079745845,-75.14631463432261,-75.04956924353542,-74.95438163930953,-74.75113511302447,-74.52639947050056
ng2020815,304.62162902060413,309.7883127960338,308.84981854839975,306.53911186203345,292.57650570575265,266.383657730863
ng2020816,350.70746910698654,337.6102081290426,326.9106534618886,318.4490731294536,306.5659883455842,298.1127890064415
ng2021473,168.92405571105542,168.90990203840806,168.89316093392267,168.87365353574955,168.8254604294989,168.76318519517372
ng2023435,-10.507407105878428,-10.508324946071298,-10.509410651399094,-10.510675860578885,-10.513802037130745,-10.517842684746256
ng2021474,391.72997618283375,398.88740155139817,403.7896845087025,408.119955411348,413.3566641228133,411.68734846082
ng2021534,-1.859377121845455,-29.377804824761824,-47.577052701238244,-60.31087271233059,-77.37300597977878,-89.23725527935107
ng2021997,306.33323639574996,306.33329841234513,306.3333588655862,306.3334176430815,306.3335297466019,306.33363392585716
ng2021996,247.9517091148241,247.9517091148241,247.9517091148241,247.9517091148241,247.9517091148241,247.9517091148241
ng2022333,171.06656580548247,229.89115278534268,262.62445467512885,281.7835562598384,292.355170952904,282.86239864283925
ng2022335,-210.20734107981002,-195.20461239592214,-182.68514876426798,-173.01558113407418,-162.50644231801857,-163.41849348112328
ng2022337,398.93199260948563,415.79615330698766,422.489031700999,423.81588765446895,422.6167152426169,428.3148228406262
ng2022336,-80.38675343748127,-63.742767228320645,-52.88329778692787,-46.40085223770552,-43.33322523832385,-46.03397786897722
ng2021090,477.92537190670896,466.56944894225376,455.23052521058844,444.0454025396041,419.53013850274624,390.9286205827941
ng2022334,371.6245056097041,373.8819591742424,376.85221280871383,379.22038871925565,380.8514972545638,380.3293992007077
ng2022338,147.9698486706145,156.05272365682913,161.59173034017635,164.96479910156677,166.03700526524403,164.08143249742852
ng2022339,285.9609920674293,275.87930305679697,271.4426748891283,269.7415805438725,268.1403149033183,260.8263867344149
ng2022340,275.3023704223947,275.3006231878137,275.29891842496204,275.2972586311914,275.2940833456041,275.2911149179695
ng2022424,290.0933058970436,290.47728104698854,290.0086388087773,288.9588753222604,287.37303527140693,290.4900150535191
ng2024117,99.47834307893527,99.47171673100297,99.46522509919373,99.45886655799768,99.44654197271643,99.43472895697619
ng2022432,478.68095997924434,442.9705590664453,417.3677428150261,397.45259128904786,362.7407268076006,325.3250477801703
ng2022434,234.79495439633592,261.334123941243,284.7208707405141,305.1989288416537,342.48740698456345,377.92870493211194
ng2021091,723.6202355664459,762.4592238078194,788.2084771149644,804.4546090693516,821.3179838264,827.7653086161997
ng2022433,64.75834456600933,98.75446380433618,129.8145026281968,157.5775757843238,204.52027332969112,244.56032847516883
ng2024587,237.1510965029654,237.1465370730234,237.14207062469586,237.137696021922,237.12921762445285,237.12109210743506
ng2024124,168.44867804898945,170.3339233105894,171.87583410960428,172.53566985926045,171.10451439665803,165.10558600172385
ng2022567,-79.67103854460879,-79.67755219157993,-79.6839319993262,-79.6901796523955,-79.70228548455543,-79.71388409691508
ng2022566,39.071824702204594,39.07189954125192,39.07197256282984,39.07204366044266,39.07217968316286,39.07230685949844
ng2021093,217.61750648946077,231.0340520883815,236.45441556656192,235.0589543079816,221.18263371990452,201.85056721693377
ng2024125,158.21904026072912,158.2233801603236,158.22732094103753,158.23119023190247,158.23943523163598,158.24852920051808
ng2022552,148.09829847396486,128.31620961185013,115.36359851814609,107.87218154511447,104.57803023221686,112.422801430032
ng2022553,295.9460983907859,325.91733371240366,351.1743282559214,371.9285646372234,401.7426501280072,421.1349158918399
ng2022555,165.54731165084536,165.54731165084536,165.54731165084536,165.54731165084536,165.54731165084536,165.54731165084536
ng2022568,359.8775572230468,359.9472928847447,360.01560116927544,360.08249978284084,360.21214157711006,360.3363701347291
ng2021092,607.7414429742514,592.6721680353985,585.5710543762984,582.9968225367661,584.7551604579062,587.7765558901697
3239017,143.9467780554021,143.9467780554021,143.9467780554021,143.9467780554021,143.9467780554021,143.9467780554021
3239014,-100.67971847015838,-100.67971847015838,-100.67971847015838,-100.67971847015838,-100.67971847015838,-100.67971847015838
3239013,28.973070339287915,28.973070339287915,28.973070339287915,28.973070339287915,28.973070339287915,28.973070339287915
3239015,-276.1897979194637,-276.1897979194637,-276.1897979194637,-276.1897979194637,-276.1897979194637,-276.1897979194637
3239016,287.9103254725144,287.9103254725144,287.9103254725144,287.9103254725144,287.9103254725144,287.9103254725144
ng2024442,-32.67832588977603,-32.67880993033009,-32.679462607900405,-32.68029496259442,-32.68255307813911,-32.68571664827664
ng2022731,479.8380912013886,458.5571851467339,443.8195041128638,432.5332219958161,414.897739568675,399.38228469732803
ng2022732,216.84397904096136,216.1773871322298,215.81691676827086,215.7026678790512,215.83826763135175,216.32036674654046
ng2022900,74.57958941817924,74.57958941817924,74.57958941817924,74.57958941817924,74.57958941817924,74.57958941817924
ng2023289,52.18321617590959,51.804704295094325,52.265393201563484,53.2977974422879,54.85495031424125,51.77888040677885
ng2023317,5.092046173373092,5.092074572936326,5.092102282345422,5.09212926099417,5.092180873250527,5.092229123724792
ng2023318,263.79912588983575,263.74126631827926,263.6846730098307,263.609592031537,263.38509376274055,263.0355991337826
ng2023322,99.91751464197932,99.91749212038144,99.91747014604448,99.91744875117365,99.91740782099009,99.91736955665465
ng2023319,188.8462630194158,190.5866007457564,192.00074918817495,192.55447102322523,190.9613363911194,184.8851324101886
ng2023067,-42.49853498222956,-42.49846227020953,-42.49839132400393,-42.49832224708143,-42.49819009031103,-42.49806652849861
3230637,-233.6945399686765,-246.99294807258502,-258.3222745073922,-269.3467276203387,-294.18125126833957,-324.1455776361372
ng2023320,-21.322832808852127,-21.321113973834372,-21.31943692039181,-21.317804105269943,-21.314680431938996,-21.31176025477862
3230638,-117.32522791581141,-128.0744501586364,-140.57797333933968,-154.81180311803337,-178.49017593182134,-199.59817690696514
3230643,278.8356986827339,284.7950970681991,292.23161699967636,299.5260299673398,311.5511368375112,321.42297339484344
ng2023673,222.45073595259623,222.45106040094583,222.45144417707047,222.45189138926276,222.45299632590877,222.45442433213066
3230644,303.16674414433646,262.2813439660556,239.08262851088966,224.11319628507567,213.68171204346845,213.72249384660836
ng2023295,405.14463276143533,404.6370060040424,404.18651298591453,403.8000508137459,403.10954595086037,402.4589413763549
3230655,127.32569325222471,148.6389242305354,162.28623720089286,170.68122068015577,179.4965161106329,187.0302365636785
ng2024079,26.844435673774115,26.844435673774115,26.844435673774115,26.844435673774115,26.844435673774115,26.844435673774115
3230650,136.79404387788486,150.8026442745661,159.79185714018809,163.87749921573254,162.37976573984133,151.670219992518
ng2024057,200.77256845207035,200.84867440413996,200.97105994827643,201.12543736256657,201.47256146981954,201.81172976204948
ng2026716,-20.06425141493355,-20.064182826546585,-20.064115903831407,-20.064050744389533,-20.063926082474836,-20.06380952808263
3230649,174.89649230026612,204.57958754183073,223.9094577005926,236.27418972050623,248.71256760509618,253.4512982920919
3230656,-101.92123148919222,-116.2582940999157,-132.3656458494122,-148.53694327974085,-177.07046794309667,-200.0833522394728
3230662,142.2245656641578,180.23253355905422,196.4056802803932,202.26313899667844,193.54791930497163,172.77432169850886
3230661,181.04799800941396,181.54912245862715,182.13177223595017,182.75810337583653,192.07827363193041,210.60050151065934
ng2026490,107.72170543043217,107.72170602786741,107.7217066107853,107.7217071783316,107.72170826409547,107.72170927914158
ng2026747,60.0,60.0,60.0,60.0,60.0,60.0
3208347,-34.91238005065543,-34.91237792362813,-34.912375848255806,-34.91237382756549,-34.912369961615696,-34.91236634709253
3230667,-291.6796354888627,-323.06323823072285,-345.3158252509968,-360.6270163642839,-378.0805581722648,-386.9550763080872
3230668,124.15356798190487,69.77560373164033,34.014536106893274,11.497832843974265,-10.984166777384416,-18.425579761346853
ng2024758,166.55726585919,166.55721951223495,166.55717429202105,166.55713026478224,166.55704603838717,166.5569672994634
3230646,-65.38494034103974,-81.34172880099163,-87.32265190626367,-90.29193584999825,-87.14185722554225,-76.23711076524091
3230639,-42.60491106868358,-38.67764633027946,-38.19614627485839,-41.75630537645702,-57.66702616830571,-80.75281601655252
3230640,94.61524188434896,100.9975590085287,103.20818341490917,102.61559885588986,105.51717125488813,115.95398299827025
3230652,188.4869226672704,149.21919710261363,123.96245417824616,107.16308516857089,87.1669938611999,74.3952683367861
3230645,-146.33104929429328,-114.34484829784469,-88.57741541564451,-68.70523625150986,-42.32018942400646,-22.495116794522346
3230651,220.16612783732762,202.31850558745896,191.54897680650902,185.75188162193444,181.2952299247038,178.29698538372395
ng2027402,491.78002777393954,491.7783834500028,491.77677909646854,491.775217063579,491.77222880103295,491.76943521327735
3230664,188.82833123678893,208.92353820429798,210.41097572417357,204.1074164132658,181.0838767616956,159.44396878928524
3230658,69.15665648991558,31.03545498938047,0.6285884179701497,-21.834677367693075,-44.686606443542814,-43.99866396655693
3230657,313.8946191366697,303.23354913453227,289.2367138652817,274.32524316879426,247.69785603871696,228.82002290850437
3230669,-335.81236647205606,-360.30135444710527,-377.332089218349,-388.9133381709057,-402.8351399612827,-412.2174901332239
3230670,96.88028994419301,51.2747172609254,17.295456256102852,-8.255636032030452,-45.17284781890771,-73.41994674731404
3230663,247.55351446726308,259.2309426087793,274.6438144482054,291.4890859216207,329.11847903220064,365.0031928248095
3230642,215.42837175773434,232.61086973171132,244.97863143882182,254.5074298071072,270.1784846363046,285.8575012386418
3230641,151.43301317515102,155.01838105299976,160.8275036960174,167.80803604907578,177.5782202823773,182.4448944180383
3230654,54.8540759364646,9.175091992154876,-14.234929263756385,-24.087930529263303,-24.7756630551346,-15.8477344478747
3230653,-401.1390184337365,-393.46508056129323,-389.09375192539346,-385.80693313512575,-380.0343017294326,-376.50879030855094
3230647,-153.47398265171682,-148.56658201352593,-148.64396502107547,-150.53125061117225,-155.5952204313503,-160.06953152418328
3230648,-389.13197710016766,-369.0965025612552,-360.04663393559554,-354.97446184106775,-355.1250354118522,-359.64131585181735
3230659,-188.24404315411948,-185.71956043920954,-185.6083799163623,-190.56936891192368,-217.7382650558609,-261.70250351417735
3230660,152.2274420001072,123.47898608753826,104.8607617409341,93.96959462808877,86.718886587013,87.9678610632609
3230666,70.14872788312664,62.521090817115464,57.83433857383602,54.31609954320106,47.479882224669154,38.23878247574771
3230665,-355.77427120525977,-390.9922123764245,-406.71993040974917,-414.2114189711024,-420.6005020144248,-423.93318676217405
3230671,226.97076618180404,291.8293254285145,332.27749575329995,355.8473705629922,374.80146060399215,376.09866226743384
3230672,-46.710346068636,-38.399370450291826,-34.33223791986006,-33.28942597004743,-36.74350594835232,-44.160527839678934
2767769,-120.11414655734075,-143.43127825355896,-156.69491472550635,-164.85759860961684,-168.0988188596034,-161.10792970690636
2767768,287.53894759782224,271.7114780754257,264.23622427259875,261.8834448026246,263.302193250129,265.7310217536194
ng2029357,77.16396383279107,77.15794038385366,77.1508024420259,77.14309699140267,77.12817659832331,77.11636281180381
2767771,212.5966535393693,198.10606954067202,190.46776246163267,188.19312479110317,192.2937785485119,198.46547252027426
2767770,65.07217152323983,41.07306153533432,31.743371103307027,28.36163693005892,30.854859702701788,34.636265791933965
2767772,-195.38234384827297,-210.84669093757316,-219.94534403414445,-223.5872921434891,-219.61591597887195,-206.1076491904671
2767773,131.25445974044715,137.6551309697079,141.88715503122876,145.23962899994217,155.17925248139045,165.13253465720345
2767775,22.38216273987996,-23.41638349786126,-58.67253811395926,-85.9248284946525,-125.09532738279677,-151.88065405459156
2767774,102.54245577382198,109.7722290996619,102.61268103108341,88.66928820656881,60.45677250250537,43.28281665109307
ng2032390,456.7212495440883,456.1969419673817,455.77052723570796,455.4501349758634,455.03766036909815,454.86772955541005
2767865,-119.04730692418138,-131.8473275306451,-138.83223561318255,-141.3975915974072,-144.5485816470832,-143.55431136157654
2767866,16.265550392835166,-0.9110865164993811,-6.254720097477957,-7.563960105884462,-1.529657243726433,9.972943832581223
2767867,-152.04015286300933,-145.4655924079227,-142.0570744132733,-143.6226754324175,-152.8392392679018,-165.37244908642765
2767868,-194.6334325099508,-242.5645008500776,-275.0540145279938,-302.6768272684594,-363.8927214550645,-435.6864441202106
ng2035512,337.7062997832936,337.2257763008604,336.82981000616496,336.51960923817137,336.06512189762634,335.70000424605314
ng2035595,-90.24001942160044,-90.12478724812354,-90.06128190589584,-90.03162045946215,-90.00473323129904,-89.91244357159712
2767870,31.37623425287552,27.113526737564143,25.138299045032454,25.620066078142372,28.377353801196477,31.287361595659604
2767871,25.954346104507295,37.57457394784592,49.050295819859684,59.8989110769885,87.11459487450293,112.34509336333781
2767869,47.84851717543984,35.292837634319085,28.141503306938375,24.06909718815359,22.24998036173338,34.86221789117553
ng2083133,-67.61984059453675,-67.7001213624585,-67.82346475171721,-67.97643320542011,-68.31699384075728,-68.64886052134989
ng2084544,209.51095889372687,209.51280123653487,209.51477820358264,209.51723603808523,209.52396940558674,209.53368216466447
ng2087051,56.72942494970857,56.72881567561262,56.7280949443782,56.72725502783578,56.72517962666984,56.72249703584657
ng2084988,178.7270436056549,178.72881072813516,178.73070697881099,178.73306446459037,178.73952292538343,178.74883914669977
ng2088294,-68.16332686900341,-68.16391918733098,-68.16461983587487,-68.16543632601679,-68.16745377714824,-68.17006138483748
3595037,-83.34006626429618,-83.27216072599253,-83.2056448441042,-83.14050139628716,-83.01426022698342,-82.8932894756208
3495214,-338.82927026371635,-296.0338828624124,-276.0052643014121,-267.675278089426,-270.381828346714,-291.0473184335085
ng2087306,392.1169659805788,392.1169659805788,392.1169659805788,392.1169659805788,392.1169659805788,392.1169659805788
ng2087299,90.05334206926204,89.53953655878422,89.1514729311225,88.86264657364745,88.4284000890948,87.99486157406795
ng2086888,-41.213755556163505,-29.36876061480848,-24.26129383899388,-23.485746909589352,-24.78111999180146,-23.43902019088455
3594994,519.2671063438936,519.2701716388704,519.2728796294473,519.2755504034849,519.2814853290422,519.2883839315009
3595007,-7.894531690250915,-7.836833674427226,-7.780223925695964,-7.7052731159071755,-7.481743677751638,-7.134495004044766
3495215,477.3096182502295,474.48453421985187,472.02938540170226,470.1067575106483,466.85753370779094,463.33209468649125
3495155,410.0958607738828,415.25194936902176,415.3262954810323,412.80503585479255,407.19718425569863,406.051614318925
3495260,341.8003200476826,327.17682644560523,313.4249639147315,301.567043602259,282.8482481626504,268.43244396810996
3495295,303.17715772867246,294.8889514168982,287.97284023247016,282.16699518511405,272.21267869484177,264.8215143889097
ng2086887,-33.88346344034471,-34.36245640681295,-33.97520567512288,-32.99897071698274,-31.50671920063769,-34.578499520422156
3495261,-265.80347242958715,-276.51812510538775,-279.9136689103443,-280.0207817558637,-274.7409960860773,-266.0483625874276
3495325,18.059839142119472,43.44147400249676,57.957705546774605,69.46935853644732,86.68001071549224,99.92084363634149
3495154,59.1277937496161,87.35819211111198,106.23971368792672,117.37756905715196,122.53157456856434,110.33616538884894
3495294,-176.21892153213207,-155.71924090813218,-140.04287388974785,-127.25671984418886,-104.60300296823766,-83.59027100038702
3495324,-5.068756685953758,14.079650927930743,19.831009150769887,20.811956020512753,9.593719383537518,-6.863705665620046
3495293,291.0690617116304,322.60499925665545,347.5776654304966,367.7679206963252,397.9715586461924,418.5810817606855
3495323,-93.27746707223605,-94.84671453614669,-97.14010650528803,-99.90768232979121,-105.66500777444662,-109.62613859552266
ng2086886,343.4321820221119,325.27906321758564,313.5866811897963,305.6960412774804,294.70613454511385,291.8625836296801
3595048,294.5748231028306,294.5813663201134,294.5877766243225,294.5940556686187,294.6062268508024,294.617894058465
3594983,-7.3588660870909735,-7.358866102734055,-7.358866117996968,-7.358866132857429,-7.358866161286642,-7.358866187864123
3594982,321.02695883700176,321.02695883700176,321.02695883700176,321.02695883700176,321.02695883700176,321.02695883700176
3495262,-425.4785499110178,-429.8104218800554,-427.86648821602626,-423.9700947936569,-417.82069513155784,-412.6210786839008
ng2087307,-197.99122497831638,-197.99122497831638,-197.99122497831638,-197.99122497831638,-197.99122497831638,-197.99122497831638
3595024,238.6652038814243,238.66520306419488,238.6652022668252,238.66520149048415,238.66520000528294,238.66519861682104
3595049,-2.8601391605698154,-2.8601227520014163,-2.860103342453158,-2.860080723849933,-2.8600248360294245,-2.859952599764256
ng2087303,-52.95979255174507,-52.95979255174507,-52.95979255174507,-52.95979255174507,-52.95979255174507,-52.95979255174507
3495174,145.28802248016814,151.65781998693637,158.7100916726131,166.3560862405393,183.3163395233455,202.55289247272663
3594935,-211.31310432590885,-211.31452593371478,-211.31601610823668,-211.31789701190723,-211.32316455778505,-211.33092178707102
3595025,20.916288561208603,20.91512012116368,20.913737582893646,20.912126109659766,20.908143389350016,20.902994537965697
3594995,66.36951228746261,66.36992030625993,66.37032512355927,66.37072715090972,66.3715247895982,66.3723178318046
3495354,-183.22772551645585,-236.1098299146397,-269.7217365136273,-291.5621756055464,-315.4518783896101,-318.21228153087213
3495235,-551.3112065543853,-550.7343502987762,-557.1722681148831,-565.2779517179451,-580.1666942446261,-588.3624019515341
3495355,323.8703277362515,321.0110829177463,313.5549524810069,304.3013589904185,288.4889739503376,279.8984562951623
3495353,290.544462354276,276.2029040197508,274.83826841386895,283.46706423404146,322.5306872185714,383.0807258042704
3495383,100.15424351798151,98.43283664048954,95.61070570647121,93.61656667066336,90.34993328158407,87.63149212329017
3495234,397.7230294754295,406.58603718197855,405.798360285379,398.5503338337278,371.5006236801926,335.99974754822824
3495195,-160.18510219200743,-150.44559243076765,-147.39770221446815,-148.58412731834756,-158.38949728060516,-171.7769426311877
3495385,120.40518975058558,134.6251727153458,144.22284828815395,152.68638151433834,164.60032342324394,164.93464668825504
3495194,619.1897944987008,615.5633198133544,615.645432505923,617.1451804057947,620.2367658020387,617.4605990740354
3495384,-753.0177987761549,-808.8239747082746,-843.423877392213,-864.6616018359832,-885.2826869218443,-898.1957677144226
3495175,-115.53842574908481,-139.86953891895018,-159.89408621545908,-175.1329702552148,-195.8566293018432,-207.01928567570667
3595006,405.30350758585905,405.30361193127123,405.3037228107248,405.30386018524314,405.3042357173142,405.3047769353891
3594934,940.8415553601071,940.8399291167927,940.8383424045212,940.836797547681,940.833842144328,940.8310792755576
3239022,-210.74305785506226,-210.74305785506226,-210.74305785506226,-210.74305785506226,-210.74305785506226,-210.74305785506226
3239024,104.92713980000804,104.92713980000804,104.92713980000804,104.92713980000804,104.92713980000804,104.92713980000804
3239021,-134.96616849844872,-134.96616849844872,-134.96616849844872,-134.96616849844872,-134.96616849844872,-134.96616849844872
3239020,-66.03121794907588,-66.03121794907588,-66.03121794907588,-66.03121794907588,-66.03121794907588,-66.03121794907588
3239023,-252.6356353477904,-252.6356353477904,-252.6356353477904,-252.6356353477904,-252.6356353477904,-252.6356353477904
3595061,-7.03226184703999,-7.032362708676601,-7.032461119440541,-7.032556935102548,-7.032740238511451,-7.032911603086177
3594965,-292.1426479769807,-292.1332931782333,-292.1213190260444,-292.1065518818152,-292.0677840331766,-292.0149108206242
3594953,-36.76340972638468,-36.76336296790714,-36.763317344646794,-36.76327292298811,-36.76318793418409,-36.763108468913515
3595036,388.7567188718565,388.7450761558066,388.7354225594613,388.7277969458985,388.716484037451,388.7073020098335
3595060,326.42401143082566,326.4245873405848,326.42526857958046,326.42606245111915,326.4280240144301,326.43055938585417
3594964,248.85926335706017,248.85281715206042,248.8465034018784,248.8403204393244,248.82833995910278,248.8168614511219
3594952,359.9748236532939,359.9747507929203,359.97467970359617,359.9746104894648,359.9744780785568,359.97435429360394
3495216,393.848533069503,378.94948456711177,372.8386427809171,371.53639330863984,374.86967582799525,378.0730959051616
ng2094600,419.96949431529583,419.96949431529583,419.96949431529583,419.96949431529583,419.96949431529583,419.96949431529583
ng2094347,162.73611330807762,162.7084272379716,162.68750298870714,162.67192195345024,162.64848387817983,162.62506944808138
3495326,-315.5826134683939,-320.82055990690674,-317.46737483542915,-311.46001502430295,-292.9672262371473,-268.9902230596806
3495327,427.33130630308233,430.1690974526134,436.7192992265707,443.24719540378373,448.4746137396712,439.5507526880915
3495157,490.5601621915514,463.60628794233367,444.2732333914362,431.278794346038,418.6473201603069,419.72303568649727
3495296,-328.2099230958729,-333.1222957034063,-335.86188777475536,-336.0459484614546,-328.20450005193084,-307.9596846633417
3495156,369.32213057339004,362.24963339671535,353.9353700336794,344.6068598091995,327.01262841937705,312.832332234138
ng2088613,-273.6475724780114,-269.7410460317267,-262.7106178159902,-255.0069036263692,-242.42540360530415,-232.52810569697772
3495217,-179.01055524012577,-197.82622459389722,-201.8450083342991,-200.12038354632705,-188.81704832100422,-172.38017618418166
3495298,510.2007684915552,501.27352296217714,492.98054140882573,483.79973497585934,460.73507223784577,432.9716788110277
3495328,-89.16719581763755,-110.30889811624934,-119.78551944873811,-125.71255278356534,-133.09478943703994,-136.2562451653389
3495265,511.3501586087468,517.9727324244188,522.9844345315071,527.8615663235746,536.5574150284597,544.6352686977909
3495263,-610.6220598277785,-597.1692146602177,-581.8330051941132,-567.8514069931525,-541.0544173789776,-518.0530014806591
ng2088611,341.8421531921615,346.1196973132894,350.6660378380295,355.3045403883882,364.1821733851957,372.19908232472517
3495264,-54.150064142025485,-47.76844506777206,-39.03128754395971,-29.51166192149026,-8.609999499377636,15.212948603920267
3495297,-570.4631905088743,-578.2390468221113,-582.7206345901459,-584.7242722949384,-582.1015907483909,-573.2626760225448
ng2091613,-187.6860290013169,-187.6860290013169,-187.6860290013169,-187.6860290013169,-187.6860290013169,-187.6860290013169
3495236,-234.165886110972,-220.2738704275714,-210.63882463833124,-205.0330614623997,-199.42493289365189,-196.66280003752036
3595051,16.98416042014196,16.977786852165536,16.971543052393145,16.96542747077251,16.95357451014479,16.94221464049656
ng2091614,374.5489564084028,355.89195384144864,340.7276987248415,329.6743925044743,318.9377344137897,319.22221766045004
ng2091612,-470.93868828124926,-470.93868828124926,-470.93868828124926,-470.93868828124926,-470.93868828124926,-470.93868828124926
ng2091615,-125.12093930403216,-138.56456389028767,-155.14929941165838,-172.99281290912245,-203.71794423303731,-225.34148046625342
3495357,1052.4452694229733,1060.7988219411764,1060.8809696343237,1058.3918246876526,1054.4889598978546,1051.9989887908869
3495196,269.8404864786828,283.4717858098418,291.29191042587036,296.45446581310057,305.54691577892913,317.4614133183172
3495386,154.59153214465323,137.07923135090277,125.60755601068058,120.14790682223224,120.03068715300242,126.94176965536849
3594997,8.434122788767354,8.429916459927199,8.426086800120629,8.422318461033456,8.414270582519293,8.405369204439921
3495356,-102.86891557769991,-61.15470764053407,-34.79751579615959,-18.41862467654255,-1.1762104724271012,11.73028236297182
3495387,468.4902509716446,521.5781186606887,551.2604707017922,568.2871679789032,582.368604203084,588.9832814582862
3495237,321.0940430468622,293.46650418887157,283.5552586973099,280.19625919214445,278.56886969956236,269.1934504038056
3495388,657.7802884985035,660.6503583768026,662.825361595844,663.8793375327393,664.6859962796684,660.9211153993033
3495358,-861.7509771478652,-819.6903698822018,-785.952633487255,-759.7071675300648,-724.2643259063568,-697.5684271406576
3495177,573.3641708408684,565.1849363622171,553.0858299421848,539.3287978921871,513.8901430787575,495.554937424439
3495197,-48.3958299424512,-60.72122732528328,-68.56626197091805,-74.17905785258108,-83.32981971367553,-90.58745048946002
3495176,-55.46119444804208,-63.72251713806827,-69.1227685319302,-72.68825563823543,-76.50740508433887,-74.92135022519642
3594984,-103.45389804291767,-103.45389804381784,-103.45389804469596,-103.45389804555111,-103.45389804718684,-103.45389804871616
3239004,89.82414339547677,89.82414339547677,89.82414339547677,89.82414339547677,89.82414339547677,89.82414339547677
3239003,-84.27705002014841,-84.27705002014841,-84.27705002014841,-84.27705002014841,-84.27705002014841,-84.27705002014841
3239000,364.94412661380034,364.94412661380034,364.94412661380034,364.94412661380034,364.94412661380034,364.94412661380034
3239001,126.02611930778289,126.02611930778289,126.02611930778289,126.02611930778289,126.02611930778289,126.02611930778289
3595026,67.28604002208363,67.28597178552104,67.28589129858483,67.28579771200157,67.28556706105178,67.28526966824484
3594937,-249.51252906298146,-249.5108798579372,-249.50910800082363,-249.5069069152555,-249.50088398931598,-249.4922057853429
3595050,-1.4302447596728598,-1.430034216436752,-1.4298312116111447,-1.429635932093106,-1.4292694591629242,-1.428937001422355
3595062,-25.551289642209213,-25.551280203603255,-25.551267836327497,-25.551252338816084,-25.551210971258797,-25.55115373087574
3595039,19.8724491545579,19.868476991751777,19.864532957449683,19.860614771742576,19.85291590722659,19.84548633794725
3594966,189.90690182227513,189.89945733575155,189.88943918717132,189.87667950117475,189.84210893601767,189.793734243284
3594967,122.80181636600378,122.80622932432857,122.81063793009912,122.81504850928081,122.82390595447282,122.83287399741243
3595063,14.750167540438042,14.749701930921447,14.749131469965505,14.748448911600235,14.746712019255483,14.744405252789193
3595027,59.37798039366817,59.379083791548965,59.380388959718175,59.38190988110114,59.385667756539306,59.39052464373776
3594954,-59.69712359013988,-59.697119666770504,-59.697115840230026,-59.69711211653748,-59.69710500035194,-59.69709836065067
ng2095703,56.516465159708105,56.516465159708105,56.516465159708105,56.516465159708105,56.516465159708105,56.516465159708105
ng2093481,522.8740372183457,522.8740372183457,522.8740372183457,522.8740372183457,522.8740372183457,522.8740372183457
ng2095707,211.09429242589158,210.60914016213474,210.2427317896702,209.97003082877177,209.56004132575595,209.15073536912973
3594996,-272.2715357597283,-272.2706608411297,-272.26981370277826,-272.26898936247085,-272.26739845999737,-272.2658832875918
3495158,-527.184615949692,-520.5807783079956,-508.7671169038881,-495.2376502711261,-472.9673354737704,-459.73219023336037
3595038,-146.5273748584441,-146.580925299789,-146.6350778867493,-146.68988679756558,-146.79946102948725,-146.90606938555356
3594955,76.61266894288678,76.61269061268536,76.61271175600018,76.6127323418691,76.61277172479004,76.6128085433877
3495331,397.0066828649758,365.4353436043266,350.96120518553266,342.3793689847125,332.9815552869327,324.47991960017634
3495267,381.3440379852841,357.8116190258834,342.1219212798371,332.76983225428626,324.7971657533956,328.57023714553316
3495300,307.46974473388786,313.946794042389,319.60017170499805,323.2980946838245,324.69519837925395,320.4617541239129
3495219,424.45426995565845,421.34449506135365,419.7117123942685,419.6708151380044,422.76289010184337,428.51657360309196
3495268,89.2025728268959,85.65162544220584,83.96187170610256,82.9676963341883,82.99598820698793,81.5973793384685
3495330,574.0201718800884,580.6375781211241,578.7194314711969,574.1200237164885,559.8949277841687,548.4487590627425
3495299,311.0413348526856,298.4568313787893,289.6388891211184,283.2992747983094,274.30671126755874,268.7532678977334
3495218,376.9214825946044,365.38403960106143,363.8883027050881,366.81781510965243,375.09640524190377,379.154376585346
3495266,138.83836378568367,148.11164996002003,154.9598063753033,162.5984718389625,186.67780265468855,221.0277345485174
ng2093482,-180.4944080398982,-147.50433458035172,-124.63705345184485,-109.45476969169454,-92.29576402605949,-82.1378681750889
3495329,319.70200781358017,316.22401790610206,313.911618376515,313.1224334523231,315.6552642934764,317.6677695225708
3495301,717.8846864133582,774.463030457654,817.5319338158221,850.3848122126807,895.0879223655459,922.4262831422216
3495159,-50.04449081987491,-62.97725356653041,-74.28935221743973,-83.83654045490948,-99.43548873625286,-114.89242815861394
3594936,-133.4286477470996,-133.4274300902723,-133.42631421004126,-133.42532607245994,-133.42378186743485,-133.42289808286432
3594985,58.04988919326979,58.0498892080127,58.049889222397496,58.049889236402805,58.04988926319629,58.04988928824446
3595009,94.48384140504345,94.48709733608507,94.49028226758583,94.49449461369136,94.50705109179398,94.52655591903249
3495389,517.7994955368661,523.4701759295365,526.717715570225,527.1992522973019,524.3705188960823,520.0429546124019
ng2093495,88.4676251249607,90.66931166624522,89.73129916289713,89.73894034098339,96.18362937690245,111.9921348459884
3495238,-482.7892485719274,-462.059906408306,-451.022976593287,-442.3653258713082,-428.43918753698995,-419.21580184573054
3495239,464.9991594135772,481.26997294377975,499.3967696845841,519.0917135255179,554.9752146967414,584.9238958701469
3495359,796.902023068737,774.7124687857636,765.1180941329228,764.2716182757823,776.2756165541394,791.415423349193
3495361,-152.4864949935943,-171.25218650273132,-182.28117705831846,-187.85568614176236,-184.21367682395362,-159.60867823225271
ng2093493,109.15049036978553,128.71126656641673,124.91029948467258,111.69916789479225,77.4858505186462,44.91356574996553
3495178,-134.07945603634153,-103.69909726787819,-79.61094096677243,-61.614650209509136,-40.10201633774432,-33.57979567105281
3495179,-425.92639991060514,-428.20046236250437,-426.666061063323,-423.7700443535173,-419.75533543869597,-420.5658094604785
3495390,-222.51186588089968,-292.4714194125479,-335.89284636630873,-362.4941031083365,-393.85210073859616,-420.5777080319249
3495199,-212.4589229620051,-217.06300163476772,-218.2875839982678,-217.46621546147844,-214.83838139502927,-218.18935414555972
3495391,-7.600824842372276,1.5433385030914906,0.18874849099370294,-6.051237402600918,-26.276694094540062,-50.80932313465428
3495198,787.7353277096829,795.5248841623848,800.0748576621138,802.3225604543127,802.5002729972018,798.6424955047023
3495360,731.6708397535895,674.1339652131608,632.6531175823332,602.750881168548,565.1273624410464,544.5332894838673
ng2093494,359.0860606633355,359.0882887719174,359.0919404778449,359.0965803165634,359.1070709032367,359.11738583686747
3239025,204.40769633001764,204.40769633001764,204.40769633001764,204.40769633001764,204.40769633001764,204.40769633001764
3239028,102.20511584091719,102.20511584091719,102.20511584091719,102.20511584091719,102.20511584091719,102.20511584091719
3239026,176.9459119753128,176.9459119753128,176.9459119753128,176.9459119753128,176.9459119753128,176.9459119753128
3239029,439.70396492789996,439.70396492789996,439.70396492789996,439.70396492789996,439.70396492789996,439.70396492789996
3239027,430.62259924264276,430.62259924264276,430.62259924264276,430.62259924264276,430.62259924264276,430.62259924264276
ng2102690,75.0093776132885,75.00283227402588,74.9978357210764,74.99404589357982,74.98877415254992,74.98443067837547
ng2103518,-512.6497834817865,-512.6497834817865,-512.6497834817865,-512.6497834817865,-512.6497834817865,-512.6497834817865
ng2105439,313.0452500076192,313.0458474551833,313.0463829893465,313.04685553594936,313.0476726637319,313.0484079562045
ng2105093,343.52187941210263,343.51718313156516,343.5136365364083,343.51099711618144,343.507029162816,343.5030681552289
ng2105092,234.55830451277393,234.08204791653543,233.72236728544112,233.45467869151958,233.05223335926507,232.6504690327654
3595011,-30.465004895555694,-30.410951605890205,-30.357926704107513,-30.287726387342218,-30.07837075709108,-29.7531434936202
3492720,102.36338536714311,108.90534075641176,116.64874782225775,124.42157966690047,136.40058425225857,146.9122089993
3595010,392.43437648647796,392.4374696222353,392.44050362860685,392.44450760833706,392.4564109119897,392.4748613814145
3595028,214.6432533941454,214.64429055417372,214.6455175414967,214.64694751120714,214.65048109790837,214.65504863423507
3595029,-21.67049256617156,-21.670489054332847,-21.670485271884218,-21.67048119955075,-21.6704720874352,-21.670461474714102
3595041,15.129170195161578,15.190854212467684,15.251242398923068,15.31034965940762,15.424827561045731,15.534495493698387
3594957,-35.378514839903346,-35.37845259477899,-35.37839186135034,-35.378332728212854,-35.37821959607936,-35.3781138222389
3595053,-66.6059403531292,-66.61192126484389,-66.61777763839677,-66.6235107615014,-66.63461248460885,-66.64523692333455
3595040,493.6272516471497,493.6174605870947,493.60948363258444,493.60335682906475,493.59467805876716,493.5878929513076
3492721,105.68560279062876,100.5967828157302,105.42287353432584,111.9286637609705,125.96267240359703,139.99156959617335
3594956,412.7991236537159,412.7990774356015,412.79903234104995,412.7989884361002,412.7989044434328,412.798825922642
3595052,242.90186580436125,242.9020188782065,242.90216894941432,242.90231609897887,242.90260195570272,242.90287708824212
3239033,-154.48520589818463,-154.48520589818463,-154.48520589818463,-154.48520589818463,-154.48520589818463,-154.48520589818463
3239030,100.67682681736937,100.67682681736937,100.67682681736937,100.67682681736937,100.67682681736937,100.67682681736937
3239032,-361.6658121866867,-361.6658121866867,-361.6658121866867,-361.6658121866867,-361.6658121866867,-361.6658121866867
3239034,249.35204384429767,249.35204384429767,249.35204384429767,249.35204384429767,249.35204384429767,249.35204384429767
3239031,83.37896991081902,83.37896991081902,83.37896991081902,83.37896991081902,83.37896991081902,83.37896991081902
3594969,-218.7197592819332,-218.70710836271473,-218.69211322076603,-218.67461209156568,-218.63129650340397,-218.57522840448883
3594987,-17.558056789043803,-17.55805678901652,-17.558056788989916,-17.558056788963995,-17.558056788914655,-17.558056788868498
3594968,317.95592229774206,317.9540347445086,317.95214987149666,317.9502649158908,317.9464815542635,317.9426533245701
3495241,14.232924951865698,1.2081850849933744,-4.98340067109234,-5.545072446175027,9.17852626492322,38.74243782347867
3495332,-417.7736833103236,-399.3037782897825,-386.6266227022895,-376.1418209554952,-356.98402764855086,-336.1774157455445
3495304,82.9562617593092,54.352258072782206,39.821990757183585,35.79803090810856,48.1820215227458,78.08204250313975
3495333,-251.57142589058162,-258.5765470809447,-267.96321925601205,-276.72296640312265,-290.34593472300253,-300.2171555369357
3495394,-396.00361249896946,-430.4176183728082,-453.6546229205021,-472.07091763736344,-504.9873442315311,-538.8609510253543
3495240,97.09238522300188,119.63002279042439,130.27203284732832,135.22545162874826,143.92317673041634,160.27281545638652
3495393,172.56372098781821,149.03921890837796,126.53282687070396,107.27800898701412,71.68828006439276,36.3403436505248
3495302,-351.65133184938804,-388.8709692775308,-415.51051727437357,-434.2822871428607,-454.4195544076724,-457.7662214515401
3495392,358.95434709849997,420.6041383207871,451.61214029123994,467.1920635937995,479.1872244071171,485.1249474536269
3495303,-576.4293182878807,-561.8056025414846,-553.5028220986271,-549.0446303382821,-548.8286158848709,-562.7236135382777
3495334,158.64823086479578,200.6153490423594,217.46254432422302,227.66435773950525,243.5125357590955,265.0785091328173
3594986,285.1176079669267,285.11759543960716,285.1175842116188,285.1175743054805,285.1175571782503,285.11754176724344
3594939,-587.1050069594787,-587.1046339253469,-587.1042101037353,-587.1037295711907,-587.1025785255483,-587.1011339431573
3594938,593.3186459830936,593.3186490661278,593.318802493342,593.3193974248857,593.3222332797113,593.3277407427679
3595019,186.96655319882325,186.91867550451116,186.87170886764602,186.80952940987595,186.62409574153776,186.33603541127536
3595065,-73.789368414607,-73.78989598359976,-73.79052004265895,-73.7912472822195,-73.79304421092547,-73.79536679445346
3495200,-135.1065293181473,-142.53446053454036,-142.78981982627897,-139.69228648587318,-130.01620638929717,-118.3454102467781
3495220,-196.6986763319253,-181.56706614061068,-176.3414593808468,-174.31487059299775,-169.6149703432468,-160.52609472274457
ng2106745,442.2515839134653,442.0494009667991,441.87150301555243,441.7341195732472,441.59606087019233,441.60525172427265
ng2106746,-0.7187526267159683,-0.7355718352873737,-0.7482920805414324,-0.7577690280550087,-0.7720328705750035,-0.7862918875350715
3495180,394.1357850180584,372.8079931299594,358.81214520914773,348.05201394174696,338.97511146259444,339.5594409041671
3495269,146.11689722015512,141.90446891448983,141.74803813506628,143.3239973064933,147.2574245328576,154.53100664050248
3495181,-62.66824604723229,-72.14688403801915,-76.16625901178509,-81.76316014586314,-95.76125875562093,-115.87664117858117
3495221,-21.292318364137373,-8.180190249446468,-10.38214068521961,-18.164457448944404,-38.03310698515702,-55.48879840637687
3595064,269.45726033659525,269.4573674470478,269.45747565256215,269.4575850518447,269.4578080648628,269.45803829457896
3594999,-22.875323200854154,-22.878881664497612,-22.882089345158647,-22.88524283735387,-22.892040165066646,-22.899649710194808
3495160,-184.39320747393776,-164.19213973901924,-146.77366447677423,-132.5963800628972,-114.91170252461552,-109.1849726370499
3495271,-626.0005659992285,-609.3261134048421,-597.112920140074,-589.9923733099654,-586.0835258584623,-590.071397019673
3495364,1032.475431382173,996.0580618773635,976.3350944061302,968.2151464219158,970.2155526242747,976.433834072978
3495270,-378.22797593790733,-386.1736695567331,-386.63808752970954,-385.24576192172503,-381.2803635051175,-376.0508534549085
3495363,215.02599949403975,159.9348653141576,127.1401822578689,108.28280251783463,92.9633568484096,90.31555175729886
3495161,-337.37008514302534,-303.6382860869235,-279.9386938732082,-263.3513481852881,-241.87007439861372,-225.63297229137243
3495201,356.14181230106715,354.4887346120249,349.483608583397,342.9641818052055,330.00510082866936,319.4129736899281
3495362,-874.7576306275146,-844.8182441998958,-810.0203917808769,-775.7616194743318,-715.2819601089604,-667.2726535140339
3595018,-247.56606702750742,-247.56891621799332,-247.57171094585215,-247.57539915479538,-247.5863637483967,-247.603359292812
3594998,443.3219958262482,443.3210433383972,443.3200984367861,443.3191741612982,443.3174156526761,443.3157823284073
ng2106748,450.15037640368087,449.76117994906144,447.89398427237256,447.0621717116587,451.2380120728574,459.2745786971468
3492725,78.58242244779285,104.74192582292926,118.00670647496077,127.28416572478,141.6023068107927,154.6661859047233
3595054,-114.59675814394382,-114.59688882182218,-114.59701693638544,-114.59714255677659,-114.59738659037748,-114.59762146886737
3595031,219.17881523924007,219.1788121301479,219.17880878148003,219.17880517617164,219.17879710905686,219.1787877134293
3595055,259.03022823575134,259.03554527076017,259.04075159544414,259.04584835432,259.05571782155516,259.0651629954257
3595047,-258.0368451088166,-258.02728888847787,-258.0195032708573,-258.0135234314291,-258.00505284733276,-257.99843050736695
3594959,129.28989124981445,129.2898396433502,129.28978929020923,129.28974026384526,129.28964646775557,129.28955877231283
3595030,-81.66788460900239,-81.6687967583282,-81.66987585526431,-81.67113346957967,-81.67424115358858,-81.67825817247922
3595042,186.61153979356345,186.5569439073172,186.5034948410364,186.45117940888167,186.3498555110259,186.2527885353636
3492724,98.46792149777116,100.01204370353616,97.16961310941156,91.91980109411247,79.74322038185664,65.77589392448681
3594958,-264.6992329471641,-264.6991896259908,-264.699147357956,-264.6991062049599,-264.69902747693754,-264.69895387781776
3238997,-122.92557068963697,-122.92557068963697,-122.92557068963697,-122.92557068963697,-122.92557068963697,-122.92557068963697
3238996,-24.69141615496892,-24.69141615496892,-24.69141615496892,-24.69141615496892,-24.69141615496892,-24.69141615496892
3238995,-155.5151579628441,-155.5151579628441,-155.5151579628441,-155.5151579628441,-155.5151579628441,-155.5151579628441
3238998,134.69932619884662,134.69932619884662,134.69932619884662,134.69932619884662,134.69932619884662,134.69932619884662
3238999,76.33014894275652,76.33014894275652,76.33014894275652,76.33014894275652,76.33014894275652,76.33014894275652
3594976,-174.5402066633576,-174.53847440554318,-174.5367446086575,-174.53501473719098,-174.53154265414582,-174.52802939957746
3594989,114.52846645591353,114.5284664558908,114.52846645586874,114.52846645584737,114.52846645580667,114.52846645576824
3594977,409.6789537928464,409.6680589252055,409.65514532458997,409.6400737305105,409.60277186946587,409.5544892362527
3495336,167.6429814905655,167.91537439799436,164.13750587879667,157.2385698131252,135.74228002604218,105.25705030158383
3594941,752.0456472837849,752.0452845095367,752.0448723446864,752.0444050287086,752.0432856415642,752.0418807914185
3495305,-321.76168963032205,-306.2547626087912,-300.3803466784698,-300.1323747665451,-306.9298245902023,-314.8819872437516
3495337,-70.72134906994916,-77.573088863581,-74.5960890166034,-71.20655289318825,-68.40819872238353,-71.73234938162909
3495395,583.1635225267028,584.5254446201156,584.2991377199355,585.0312430457591,589.5532988130311,593.7117613174619
3495243,-275.9812526102212,-278.10298462548917,-276.94852785897024,-273.7499778017627,-260.0466432018941,-244.52207992933768
3495397,218.02063589751697,212.9294601767283,213.32562904414726,216.17244126038509,225.48244842158033,233.46380279427808
3495242,-235.65223160543883,-244.20908295119557,-247.41821077510758,-247.57304067903124,-243.14688112402268,-231.2810907827677
3495396,-273.9954280362142,-327.8180657710259,-359.501449846103,-379.2381964969593,-403.5296950629927,-421.1215791619238
3495307,281.65536340704057,289.7133977359247,287.9999653687162,280.4464173578215,258.5746816812466,237.83799773471037
3495306,965.4969159191503,1023.6436949086514,1070.810673844837,1109.6246251858197,1171.4262913311786,1223.3549397004826
3495335,260.43317656685986,268.31079940828363,263.56514908965187,254.85361400045917,231.7066972340706,202.13938691546923
3594988,-138.1010063010781,-138.10099455808086,-138.10098403306552,-138.1009747471403,-138.100958692228,-138.1009442460886
3595000,-293.44322330487216,-293.44232229950444,-293.4414284705747,-293.4405541531396,-293.4388906943682,-293.43734565429804
3595066,-130.448196317069,-130.44829274895415,-130.44839016673177,-130.44848865926747,-130.44868943863798,-130.44889671524538
3495222,-220.47253710087966,-191.68455661346684,-173.2977291810205,-159.981984877488,-140.63303267606943,-127.23232514651522
ng2111039,-12.33713316856938,-12.142374036057163,-11.970452021156916,-11.83759021990818,-11.705331639170709,-11.718166644914618
ng2107928,159.2977444735261,158.83879117947504,158.49219691005396,158.23425803084046,157.8464870855055,157.45939218140052
3595067,281.2345979115721,281.23503836172176,281.2355593683528,281.23616651712973,281.2376667152121,281.2396057665792
3595001,180.24550325475298,180.24865380624829,180.2514937860235,180.25428578946685,180.2603039324763,180.26704118995895
3594940,-438.4093842528496,-438.40938724841135,-438.40953632255105,-438.4101143745861,-438.4128697707538,-438.4182209799999
3495272,300.8378328627027,271.5824872022308,253.267487022551,241.2636697971634,226.0550362165543,216.92672288923814
3495365,-132.79021000316402,-105.83925228389603,-85.61187872033179,-69.81043518724164,-46.06507875166767,-26.439652380211328
3495366,414.50250094764783,460.89707106816445,479.14440385025114,484.44700156103477,483.5705581016407,485.0631095112569
3495223,199.06613561454014,190.2015991564772,195.27622749475472,205.42345842253258,229.0064449950055,248.92875944285402
3495182,237.20826863581192,198.9294475183965,177.0055544630934,160.56910541860543,146.39677950223768,147.010111454028
3495163,502.49479160336546,506.1393917158016,512.6965938247772,521.41536227196,544.9990339328328,575.2131328886021
3495202,-16.30416817616174,-1.912642731879032,1.1404031330091584,0.0644837279864987,-2.3149405177991866,0.5699487078729817
3495274,465.88992683471474,475.3947647081636,480.27093265532926,483.9156861824508,491.67516784034115,501.80294684744285
3495183,93.64310893384572,93.21186518392983,93.91400510293124,95.31750480905703,102.75482407126196,114.70451380300347
3495203,-464.20914277990255,-447.3116144921994,-433.34166786382684,-421.5937793332216,-402.8790665619274,-388.1839439164212
3495162,703.8814282383646,675.6079275588925,657.7778138310866,649.4300903503404,652.7668029463716,668.8726561245073
3495367,-129.68706167319374,-127.42303232910388,-135.96830143063198,-146.8448507009707,-158.88575675493973,-150.12070601980122
ng2107929,122.72802387061256,100.95008006360126,84.72468432778692,72.53195111268133,54.89211637533663,40.0478287343376
3495273,-362.1631445193068,-359.3614308249264,-352.62838332748515,-344.8776255426103,-329.1601591434801,-318.57285211142676
3595008,-216.1285478666648,-216.17748161455575,-216.22549137423925,-216.28904356419457,-216.47854011415143,-216.77287039777912
3239043,-27.03716117892577,-27.03716117892577,-27.03716117892577,-27.03716117892577,-27.03716117892577,-27.03716117892577
3239041,224.58086541324155,224.58086541324155,224.58086541324155,224.58086541324155,224.58086541324155,224.58086541324155
3239044,301.0724070429344,301.0724070429344,301.0724070429344,301.0724070429344,301.0724070429344,301.0724070429344
3239045,144.19247409553918,144.19247409553918,144.19247409553918,144.19247409553918,144.19247409553918,144.19247409553918
3239042,319.78864951387277,319.78864951387277,319.78864951387277,319.78864951387277,319.78864951387277,319.78864951387277
ng2111550,-147.9003605368398,-147.9003605368398,-147.9003605368398,-147.9003605368398,-147.9003605368398,-147.9003605368398
ng2114614,198.28856046313967,197.81912200753868,197.43226301542973,197.12915278544756,196.68494113220981,196.32801096142316
ng2118767,-153.56102405420984,-153.5650970513518,-153.56627785091132,-153.56532487880713,-153.56000914610718,-153.55397704249344
ng2119571,-200.3243754317033,-200.3243754317033,-200.3243754317033,-200.3243754317033,-200.3243754317033,-200.3243754317033
ng2119569,18.448193586258867,18.448193586258867,18.448193586258867,18.448193586258867,18.448193586258867,18.448193586258867
ng2119596,98.06331190268088,102.61994149223074,106.40687243575326,108.90702859363137,110.42098089200749,111.79909433443163
ng2119749,25.752939456474905,25.752965036365822,25.753006959373806,25.75306022554605,25.75318065527722,25.753299063050235
ng2119882,207.67252527334972,207.67252527334972,207.67252527334972,207.67252527334972,207.67252527334972,207.67252527334972
3595068,-190.06133925145923,-190.06179073050794,-190.06232547555624,-190.0629492593032,-190.06449233143394,-190.0664889712034
3595032,-18.512927665618463,-18.512872930961976,-18.512808304293458,-18.512733100048308,-18.5125475861048,-18.512308186652945
3595056,214.67868547288526,214.6784913241056,214.67829859529752,214.67810708123056,214.67772672463116,214.6773479623821
3595033,170.7554188522456,170.75628345351151,170.75730647747196,170.7584989027814,170.76144595196524,170.76525588778554
3595003,53.901945478778316,53.9015041974551,53.90107885225734,53.900657380952,53.8997986875072,53.89890962262734
3595059,-200.91392537496495,-200.91918645613305,-200.92434076281506,-200.92938962726134,-200.9391765732678,-200.94855875165194
ng2119885,260.2274558081251,266.89686371950916,275.12253412526934,283.03967615228044,295.10812770753023,300.83552316132636
3495184,-234.53827925172595,-214.17767988616788,-206.02279089113858,-204.34910473340165,-212.99308086294673,-227.17471671645444
3495338,495.3129224324248,494.288088128917,488.05018020033344,481.6829044836511,469.25915017911325,455.8670505316195
3495164,77.18077282273725,49.909570818753764,36.53038753725423,31.642458334646562,32.36222288779254,38.140260259572415
3495398,24.036902395836705,2.3802081555897985,-12.983520639837707,-26.534970514966517,-53.60867358606902,-80.483620628155
ng2119887,477.43107901947315,479.931719360231,476.68347765173075,470.7110679561438,457.5857217962073,446.3548567929404
ng2119886,322.0704056969912,305.2682506851827,305.0422561552268,308.06909717129884,311.1649082623535,308.15678918214894
3595069,260.4994698510038,260.4995175871172,260.4995583808475,260.49959177013625,260.49963418779294,260.49963984545934
3595002,-379.4220196825529,-379.4245121346546,-379.4267122337269,-379.42888249069483,-379.43371171292824,-379.439334117169
3495339,-498.04438349425254,-475.30622717902725,-458.0029779785066,-443.7423576126039,-423.36326128299106,-416.615791117513
3495165,-240.16427431717943,-267.7747699502438,-290.3547247471515,-310.3771868705387,-346.9836325841097,-379.4342647600238
3495185,-273.6956088552106,-256.5229677205698,-248.0061009761332,-241.51818098859985,-238.225925295274,-243.51944409820317
3495340,172.0434477991862,138.1504713638417,120.49452280849232,109.04136740368108,93.61934590538635,80.13832536866767
3495400,143.67828183197093,161.65400475278102,179.27247740855796,192.43226996371118,205.4099146690994,205.2574994688821
3495399,935.1579487704505,1037.0525927709832,1100.2732978399006,1143.028967880852,1198.310711877002,1231.2327477912336
3239051,189.6517240275657,189.64180155693498,189.6336141752779,189.62719267734383,189.61777149845125,189.61019249966103
3239050,-25.023388322159462,-25.023388322159462,-25.023388322159462,-25.023388322159462,-25.023388322159462,-25.023388322159462
3239049,319.6892213232197,319.6892213232197,319.6892213232197,319.6892213232197,319.6892213232197,319.6892213232197
3239048,177.068565089402,177.06866210121711,177.06869022566343,177.06866752764904,177.06854091588252,177.0683972394229
3594943,405.9005952630289,405.90170122131667,405.902860344499,405.904328000297,405.90845294929136,405.91454533289425
3594942,-797.2474882519173,-797.2460255544969,-797.2445981519429,-797.2432110832223,-797.2405686059031,-797.2381175846826
3595021,122.91809446423622,122.87507516949768,122.83286708971104,122.77698415129817,122.61032147485002,122.35141101683803
3594991,126.19433671259026,126.19433813194246,126.19433940511794,126.1943405295699,126.19434247597815,126.19434422818085
3495277,-377.2467935789084,-382.6150387911464,-387.39019035824913,-392.578180771641,-403.9854741328429,-415.7035290660551
3595020,-319.09234659715025,-319.0941589763313,-319.0959445996366,-319.09830253901396,-319.1053167094922,-319.11620690891664
3594990,-210.89758396676802,-210.89757283264362,-210.8975628523092,-210.8975540457741,-210.89753881741535,-210.89752511417078
3495368,-649.934753066563,-600.2899249943475,-563.8372543239557,-539.6631763082939,-517.3684118263816,-512.9415279023563
3495276,759.8103219991287,728.9255030601225,704.181799952335,686.017805285506,662.3238190505626,647.9337963741668
3495370,936.8571304590763,844.8898282155882,793.6536306996239,763.4100357316809,727.9011008779078,704.3703878242819
3495275,184.27874844305688,185.66001910393652,186.43408067811856,187.6144087978298,189.98554283923295,189.33798474515402
3495205,328.8480396053003,318.1262836348337,313.24576579341306,310.92070350190374,308.8977969108423,309.1587092515513
3495204,186.78794970001263,212.37110717515293,228.01252201849502,237.27460923672948,244.58301053471973,243.003293319651
3495369,501.97354309587035,504.82159419825325,507.1041847320555,512.9979717444251,537.4721508428479,575.2057804267126
3239047,-34.43741916103659,-34.43741916103659,-34.43741916103659,-34.43741916103659,-34.43741916103659,-34.43741916103659
ng2119877,-23.33447439429301,-23.33447439429301,-23.33447439429301,-23.33447439429301,-23.33447439429301,-23.33447439429301
3594978,-126.6799750375958,-126.6753560138377,-126.6709428088518,-126.66674099702732,-126.65899999015232,-126.65220417735395
3594961,176.25630852841937,176.25627640344442,176.25624505840915,176.25621453891563,176.2561561480884,176.25610155204913
3495224,79.65848282859292,92.55919151430112,104.50904754906446,114.93240327119338,131.75648389641856,145.7399305145998
ng2119884,-149.19917015509816,-149.19917015509816,-149.19917015509816,-149.19917015509816,-149.19917015509816,-149.19917015509816
3595043,-239.7985686256195,-239.79179295624226,-239.78661952843527,-239.78308153333842,-239.77912208703083,-239.77671614579253
3595044,247.37184166140332,247.32023080361364,247.2696515108671,247.22009001548486,247.12399652052022,247.03189261174953
3594960,-177.81183013321038,-177.81177545033916,-177.81172209672286,-177.81167015053916,-177.81157077456078,-177.81147787294708
3495308,494.7961789766266,500.58233299156586,501.4234320614896,499.67255159021784,495.4655908909033,496.2453666532292
3495309,715.2686794208346,752.4218804734317,776.0089757990041,788.732164693881,789.1924941150248,766.2421150791006
ng2123154,269.49408670015873,269.49408670015873,269.49408670015873,269.49408670015873,269.49408670015873,269.49408670015873
3594979,485.8927705145734,485.8853149966085,485.87571058383446,485.8638152120932,485.8324524105592,485.78952585651155
3495244,664.1437191246741,663.4478751878382,667.8554732168739,671.2977723115782,676.3949221883795,685.7280438478806
3495225,778.257938698737,757.1233700727748,747.3534441246945,744.9215900300317,749.0071559459193,759.567649351213
3495310,-362.4514161125069,-348.36900685808337,-334.0741798136735,-319.4947558498859,-290.032212483841,-258.0513910375096
3495245,419.45861002658285,414.0355582200791,412.6258168013853,414.3330302688221,420.8545254824937,429.38401795416735
ng2121155,-11.836621885117438,-11.836598867989778,-11.836561145107453,-11.836513215494051,-11.836404851212365,-11.836298306314802
3595035,82.87634317677521,82.87554038473263,82.87459078544452,82.8734842047038,82.87075005833913,82.86721626852295
3595034,118.47789119066078,118.47790399092878,118.47791895583646,118.47793623569237,118.47797848095934,118.47803253049051
3595071,96.69782625961216,96.69817308376446,96.6985984454459,96.69910777175869,96.70040489188727,96.70212884552143
3495343,343.168352702334,343.2552005930354,345.9913241045979,348.35643154321383,348.3518361715164,347.75864727952717
3495342,-328.97500023821317,-297.9384410397247,-285.8437983419408,-280.09928535628546,-279.25262638654567,-283.13072201295154
3495341,173.12143576340895,165.97569960124838,173.28470641878653,185.46861377436244,216.8018568810794,251.80058470107224
3595057,194.926936443145,194.92685405104817,194.92677583570594,194.92670195801406,194.92656798803114,194.926453987664
3495403,69.60448946390602,116.63697589038475,149.34713710442406,172.37727704217582,201.2037935847875,217.98066161936163
3495401,-365.4699521871926,-426.26677295297895,-448.0173494260446,-450.19271284133674,-427.21126658309004,-384.41984466925715
ng2121156,-176.0216077387388,-182.58493983852532,-188.7536523630406,-195.89039657833905,-213.41471793821665,-231.8438726845809
3495402,-476.74111094097725,-482.8889737451336,-479.272399850822,-467.80738859903227,-427.30373632712303,-371.10762209417385
3595070,118.33274277389296,118.33276390024866,118.33278901451513,118.33281839305437,118.33289130130925,118.33298592642177
3595004,485.37266752133064,485.3722126983696,485.37175548201367,485.3713129731327,485.3705100235152,485.3698267876273
3495166,-213.28791404228332,-170.35435205203203,-148.72509173507729,-140.89410735939146,-146.30641309568568,-161.48732889775442
3495186,271.7561153296854,286.3548714823412,292.36061371230517,296.3142277307759,302.3598998944133,306.7644511828182
3495187,301.8921010986069,324.9902074573372,337.75476782649025,345.79086286613847,356.7020085391971,369.11791406687144
3495167,268.18409261484044,270.51448295012096,269.35194364516315,267.83426514314374,266.15755268446264,263.36562219634357
3595005,134.39856906131172,134.40180362750948,134.4047463345487,134.40764230428158,134.41383439977517,134.42069370779495
3595058,166.79590246800967,166.800652692295,166.8053063350451,166.80986456019696,166.81869960759423,166.82716786716992
ng2121482,83.28169104437006,83.60120854752631,82.01913549578103,79.32511265646303,76.03309602335548,74.90518388437226
3594945,444.93466064870483,444.93322188804154,444.93168184201306,444.92978413761716,444.9246374234451,444.91727592678376
3595023,125.13968506440096,125.14015396859577,125.14062095218742,125.14124187946504,125.1430971673185,125.14598142453269
ng2121485,59.364538066515934,60.914970598839545,62.98159389667467,65.04074495519194,67.22283205450367,66.89169714629793
3495207,466.1587417857513,447.07848695406756,438.9820966623365,435.8030139099294,435.0885831183068,436.94880467967505
3495280,-162.7327403592983,-143.64271503055238,-136.01701346809386,-136.28886302334968,-148.93465779182702,-167.09939832518467
3495373,-1091.1048851300784,-1056.185603159933,-1036.0548524332178,-1025.6500951674993,-1018.776994199892,-1018.0722550778386
3495372,198.57022486494475,239.9886123678309,259.7260856048649,270.09391284071467,279.73372823529166,282.4436387091307
3495206,-312.9103134462514,-330.50028834254067,-336.4987235824933,-337.45878262951464,-335.2767571800525,-332.87948806077384
3495279,421.0053154626853,424.6886840879106,423.5941771034968,422.6060058028045,424.8207881039891,432.5321833761536
3495371,585.7463204147448,570.6913001796963,562.5984083775238,562.490917829851,581.2539817664328,615.1417609251596
3495278,577.3344594238195,603.6228887002962,623.33326938103,640.9349747716765,672.0049303016538,696.0116866546298
ng2123640,104.09953552740501,104.09953552740501,104.09953552740501,104.09953552740501,104.09953552740501,104.09953552740501
3594981,31.077174189653306,31.074405880955737,31.071774725468003,31.069284966295754,31.064751091369317,31.06085759538314
3594993,85.36279859610227,85.36279770117312,85.36279689812068,85.36279618854974,85.36279495965687,85.36279385314538
ng2121794,177.52328535772494,196.43953348512946,203.66779802823407,206.77807042601808,210.7786448243171,217.18350709358037
3594992,271.5813959492741,271.58138533961096,271.5813758294373,271.5813674378196,271.5813529270449,271.5813398695566
ng2121853,131.0650428042925,131.0650428042925,131.0650428042925,131.0650428042925,131.0650428042925,131.0650428042925
ng2123641,-103.2085632461692,-103.2085632461692,-103.2085632461692,-103.2085632461692,-103.2085632461692,-103.2085632461692
ng2123885,349.18588064055734,348.7372295771718,348.3984229374198,348.1462838997802,347.7672388670344,347.38886274399033
ng2121796,215.398243957075,215.34942483902,215.31055690506923,215.2924533969492,215.31753589768846,215.44065122510438
3595046,116.09695313961606,116.09664918244857,116.09638152367984,116.09615079575133,116.09576366569308,116.0954225789078
3595045,277.1142279643159,277.1557934415123,277.1978618329738,277.24047608648175,277.3257367860963,277.4087204609459
3594944,300.86960773865326,300.8685313528174,300.86754004652335,300.86664927232573,300.86520394933814,300.86426859708376
ng2121797,25.00477818672448,15.172739885753344,4.988749418822181,-5.003645454460184,-22.724798877532066,-36.89401628247447
3595022,423.8632572010649,423.9030654992248,423.9421225651249,423.9938248023368,424.14799569490447,424.387481475854
3594962,253.37341264894258,253.37340412354,253.37339580632852,253.3733877097609,253.373372225421,253.37335775825863
3594963,-30.582951058688195,-30.58296561105908,-30.582979809830704,-30.5829936341936,-30.58302008140913,-30.58304480614879
3594980,-29.53329548468855,-29.52714076533971,-29.51890133810798,-29.508441082995432,-29.480187934184414,-29.440750745710602
3495247,-140.20400985146443,-153.27207469558152,-173.77736457018182,-194.51581052691313,-236.24177194246454,-276.6183986859155
3495311,-164.27913244152205,-221.5992908495939,-252.83787907933538,-267.42441332983526,-270.086231633265,-260.9659087130128
3495227,-279.85120042286553,-293.06991709518843,-299.94914158389406,-311.20949684670336,-328.6245598215812,-338.5559901759689
3495246,435.2895697716299,460.37826279120463,472.83672073770344,478.41705152356326,482.74938384102825,488.02553386976433
3495313,317.2737288889957,314.85220730640094,322.35282549710723,334.01338770522466,359.07022780746115,380.41789578847124
3495226,-29.46434365773075,-14.74391574883839,-17.28474305961845,-18.104733209386723,-16.999709076218096,-8.01411074527573
3495312,-99.29010379301303,-99.57076188319479,-105.62802457041266,-116.62100644773886,-151.55366188333437,-203.39782329374088
3239054,-136.25627870882317,-136.2563681036131,-136.25639401982767,-136.25637310398088,-136.25625643332341,-136.25612403783634
3239053,-26.994844347324488,-26.99526659823846,-26.995619098451698,-26.99589909009819,-26.99631721022388,-26.996656864491797
3239052,307.70720465641693,307.70720465641693,307.70720465641693,307.70720465641693,307.70720465641693,307.70720465641693
3239055,-51.98096002252123,-51.98096002252123,-51.98096002252123,-51.98096002252123,-51.98096002252123,-51.98096002252123
3239056,85.56018269588662,85.5696752985782,85.57750797179028,85.58365126024546,85.59266426012141,85.59991488561627
ng2124573,-151.12576845097612,-151.12576845097612,-151.12576845097612,-151.12576845097612,-151.12576845097612,-151.12576845097612
ng2124372,129.23349939280615,129.23349939280615,129.23349939280615,129.23349939280615,129.23349939280615,129.23349939280615
ng2127975,-340.88790001739403,-340.88315528680437,-340.8771121913842,-340.8705381567481,-340.85706890036295,-340.8445194034098
ng2128655,189.6009080577653,189.14216395957033,188.76412925179693,188.46794004765775,188.0338824377368,187.68512082143616
ng2130620,-63.42220597585856,-63.42177833734286,-63.42137945428544,-63.42101045114191,-63.42036770826667,-63.41986397110168
ng2129271,-269.40135047289573,-269.3946687480209,-269.3870546958219,-269.3792718926338,-269.3640776492739,-269.3501625316949
ng2132059,207.05063663387,212.67167728887512,221.5072089658463,226.19348516112677,235.5998359989294,246.0244102300112
ng2136674,-152.49021297054105,-152.48973040900523,-152.48919233069023,-152.48857217811747,-152.4870443057673,-152.48506156308554
ng2137589,97.00265913067187,97.00796743958767,97.01317273702898,97.02008969927806,97.04079776080789,97.07306293887541
ng2137590,215.33490467551496,215.33440587139899,215.33385351743482,215.3332217298164,215.33167969090414,215.32969692146503
ng2137664,-43.48370355138309,-43.44614484051817,-43.4092865808866,-43.35885014220594,-43.20357249812105,-42.95698159446738
ng2137836,-1.0427328225707697,-1.042754614425121,-1.0427752123136997,-1.0427943029535527,-1.0428273464849553,-1.0428525141219325
ng2137961,233.9507588523063,233.94928053449394,233.94783399158587,233.94640770491606,233.94360955168645,233.940875539133
ng2138388,-4.125967529993204,-4.09213380934716,-4.058931168127856,-4.013497193841886,-3.873621667025418,-3.6514938158520636
3705348,10.155720821672276,10.150022317453022,10.14425049365741,10.13841338817042,10.126499820773688,10.114163491062754
3705349,-136.21287721577778,-136.16017707371248,-136.1087665050129,-136.0586403485613,-135.96206118959094,-135.8701198051508
3705355,399.5019802877441,399.5010561436609,399.50017236132726,399.49936602130515,399.49800823600617,399.49705195436445
3705356,108.24674445629307,108.20986371974686,108.1738854075461,108.12580645968296,107.9809470872392,107.754169986551
3705361,154.95981158262202,154.95490166865306,154.9500906542346,154.94370018788732,154.92457980335712,154.89481869707902
3705362,-179.07465228435308,-179.0746337375299,-179.07461339026872,-179.07459034437397,-179.0745347225161,-179.07446392463362
3705412,403.65459807810726,403.65314024736335,403.6517097322999,403.6502951557495,403.6475064912454,403.64476115172897
3705369,21.650537635731553,21.63629135003748,21.6237262456018,21.61287190973553,21.594588067892573,21.5783860665847
3705370,-28.60313921997249,-28.60341911126011,-28.603700023154943,-28.604073655330694,-28.605188971429243,-28.60692097283072
3705419,43.19287631210432,43.1934267395859,43.19396642966376,43.194495607891895,43.1955233572437,43.196511894997684
ng2140540,201.2915748552523,171.52898344980645,153.04133531196453,142.38698549467927,133.2622977991448,130.64038281030344
3705420,-35.25866688936071,-35.29478700876962,-35.32400617783469,-35.33526097107824,-35.30147246024376,-35.17261325197728
3705413,-205.44677986284205,-205.43516370212706,-205.42157580318258,-205.40587864876466,-205.36748064631684,-205.31832726967582
3705351,273.0239080853398,273.02184018230196,273.01965128067854,273.01732958328853,273.01224637670816,273.0064855084793
3705350,-46.772821723908464,-46.821804457998724,-46.86959844013654,-46.91618956562024,-47.005917044553144,-47.09126351069199
3705357,343.7949248098355,343.8304644361008,343.8653594048767,343.91176291573265,344.05072154968366,344.26721134825925
3705363,540.7871373595067,540.7824255805406,540.7778014520875,540.7716854451864,540.7534693634736,540.7252114502439
3705358,-78.33231565450501,-78.33667873290233,-78.34114339885787,-78.34652558103971,-78.3608716838221,-78.38117676712159
3705364,-151.3911715773204,-151.39080341496674,-151.39043733521453,-151.3899737433253,-151.38865786958445,-151.38669110531896
ng2141736,-75.1421555168181,-104.25171089128457,-122.30594173871054,-132.70066165006438,-141.59557710889885,-144.14776208000012
3705371,336.64717873410746,336.6392185794093,336.6327278780425,336.62949445170875,336.63290261387965,336.6494947380402
3705372,-243.6122860339117,-243.61629001168671,-243.62032238313122,-243.62606703533902,-243.64418203808737,-243.67316905733333
3705422,-242.11852265386688,-242.08443882983966,-242.05677663995243,-242.04581212216522,-242.07621019010344,-242.1949595800677
3705421,309.32915506654854,309.3265189077556,309.32437725434806,309.3235186564782,309.32582297458134,309.3349164909157
3705414,274.749362152646,274.7383822959007,274.72553548107226,274.71069181547364,274.67437432730753,274.62787553334374
3705415,316.7282146814598,316.72738935501275,316.72668913897246,316.7261098042052,316.7253404802982,316.72515092145477
ng2142441,368.7376988186054,368.7074483592635,368.6880836926621,368.68630223317155,368.7393454780979,368.9393732969454
ng2142442,379.5919901995783,379.5812532280129,379.54081682637343,379.4761227926233,379.2588231229413,378.98823679380234
3705352,-142.17038268466672,-142.2111732087817,-142.25080501521848,-142.28927271530688,-142.36282440945206,-142.43199169572176
3705353,251.0322466013372,251.0317447352129,251.03127745726897,251.03082792204668,251.02996997989203,251.0291549210781
ng2144253,-155.65636072996267,-149.48150867073537,-145.3623889026369,-142.1025927616629,-134.23036855682403,-119.38642109174702
3705359,-114.29350137121583,-114.2584713215856,-114.22411135872062,-114.17873240415838,-114.04372541936277,-113.83435075830084
3705360,-437.47710948859685,-437.4792028394106,-437.48144922299434,-437.484271071512,-437.49207945059584,-437.5034480370423
3705365,-328.36063656852593,-328.3560462215787,-328.35154345961814,-328.345583311195,-328.32781601240845,-328.30023612259515
3705366,349.69836561118495,349.6980859252528,349.6978050572209,349.6974563738729,349.6964904493386,349.69507590870035
3705374,287.4215208698972,287.42596027315267,287.43035785397774,287.43631435190787,287.45439719839146,287.48275857233216
3705373,-331.4642313485883,-331.45622685243484,-331.4496198440597,-331.44595781345697,-331.4474220347945,-331.4604196567236
3705417,-61.247523308872815,-61.25669482960234,-61.267678988283706,-61.280589676955515,-61.31279623535829,-61.35479045154739
3705416,-72.42116568439042,-72.42102002364709,-72.42085565030357,-72.42067110378252,-72.42023483420849,-72.41969504901203
3705423,-227.58878023004854,-227.55690711605803,-227.53111919687262,-227.5211688527677,-227.55090163645446,-227.66444993879463
3705424,320.7819166037566,320.7805463022719,320.7793524983904,320.77859969739916,320.7784745170293,320.7806700411704
ng2145533,318.2377873441094,318.236231099967,318.24726631899625,318.26659494433966,318.2949911457936,318.24602312279353
ng2144185,-442.2002571462913,-435.35084999100377,-430.88229127670957,-427.46514526215697,-419.5955482174138,-405.0711179416303
ng2145962,229.43820859023685,229.94185416913774,230.27382345630554,230.45216511260355,230.48422320103055,230.1757512991162
ng2145867,460.77590066800553,460.7776978557961,460.77937734619763,460.7808739364484,460.78306188337024,460.7837910908215
3705428,91.1663969743172,91.16225661248927,91.15814064911797,91.15408392970721,91.14615145772427,91.13844681570231
3705429,97.52887019393097,97.51479378943782,97.50246505579798,97.49227367048206,97.47682765644026,97.46660699506742
3705431,-53.65394229172989,-53.71770720001223,-53.775033654613026,-53.82762324085206,-53.927134589072466,-54.01672577089789
3705430,342.165253532291,342.1572300269024,342.1491651737408,342.14107245695004,342.12474910401033,342.1081164791244
3705432,227.05693551448826,227.09854985495053,227.13923855092162,227.17861907568226,227.25324208011557,227.32211322597982
3705433,433.12040141351486,433.12023711225856,433.12025187760696,433.11974439268306,433.1165416561564,433.10961895362357
3705434,58.90257221400179,58.89433420452042,58.88437057737565,58.872704900019016,58.843965193698295,58.80721075253609
3705435,140.9144428275083,140.91613394472438,140.91762928728008,140.91845111286716,140.91800166300663,140.9139556696921
ng2149141,547.0107261508124,547.0107261508124,547.0107261508124,547.0107261508124,547.0107261508124,547.0107261508124
ng2149142,524.7591550338295,524.5721575880211,524.3577330002033,524.1520100196394,523.9271466722575,523.8992703075862
ng2149091,155.37816485132726,155.43160509443578,155.42453868928192,155.35189223609768,155.01115066603506,154.33704749199114
3239060,-229.09410086968956,-229.10276257014766,-229.1098831742661,-229.11544516212712,-229.12355774976345,-229.13006270408005
3239059,-53.64329068837151,-53.64328293741505,-53.64328069035537,-53.64328250385938,-53.64329261976445,-53.64330409909053
3239061,-155.9692418671841,-155.97984754379377,-155.98856288997672,-155.99536783580334,-156.005287955604,-156.01323945940635
ng2149310,62.83505057121829,62.723493630808434,62.570784611610634,62.3744819912431,61.91916390629012,61.5729883148133
3239057,166.2996311961699,166.29940543818998,166.2999025099291,166.30103751073898,166.30459098517758,166.30846064961383
3239058,38.050991253588336,38.050692641413434,38.05040555600931,38.050145458904126,38.049685633738136,38.04926610530674
ng2149368,294.67218712286603,294.67218712286603,294.67218712286603,294.67218712286603,294.67218712286603,294.67218712286603
ng2149980,-18.720269291248087,-18.720269291248087,-18.720269291248087,-18.720269291248087,-18.720269291248087,-18.720269291248087
3705437,-144.62737628249465,-144.59357819208662,-144.56511169281225,-144.55141459042216,-144.57087727206272,-144.66937317647353
ng2149847,123.1972499633473,123.3294657052495,123.39444211477621,123.41728493822961,123.37385199450728,123.26605018567852
3705436,-85.26773515204718,-85.27245816492405,-85.27694986345841,-85.28073888513586,-85.28604967707201,-85.28739333723752
ng2150161,152.46898921230945,152.46901251824193,152.46905071444826,152.4690992454532,152.46920896942333,152.4693168511801
ng2150694,549.8902978952095,549.8902978952095,549.8902978952095,549.8902978952095,549.8902978952095,549.8902978952095
3705438,-125.16333024324467,-125.16081660687564,-125.15838124712195,-125.15467239798886,-125.14228364172459,-125.12173069571168
3705439,228.3784069761257,228.3736212026945,228.36906179340372,228.36439870685535,228.3544231464232,228.34320759846423
ng2150824,500.09917147801843,499.98414535196457,499.8323865952061,499.64033227761706,499.1957709791893,498.85108802725745
ng2151006,2.356314392877266,2.356314392877266,2.356314392877266,2.356314392877266,2.356314392877266,2.356314392877266
ng2151008,142.98404827999389,143.10617206212441,143.16618981464535,143.18728954445282,143.14717095537344,143.0475966901563
ng2151009,146.35064824647907,145.90828913136988,145.57597918495367,145.33113365888403,144.97145342860586,144.62444564663747
3239065,-22.648185258215108,-22.63821869442404,-22.629992134672875,-22.623537444905878,-22.614057321531618,-22.606413546092426
ng2151014,206.13334884437336,206.13334884437336,206.13334884437336,206.13334884437336,206.13334884437336,206.13334884437336
3239062,225.19952673926377,225.19989540771553,225.20019924957205,225.20043725999426,225.2007852913182,225.201063304502
3239066,254.2858120208998,254.28518696904825,254.28437403277485,254.28342703028488,254.28084542394572,254.27781038971807
3239064,546.5802161276849,546.5798845112265,546.5796116715148,546.5793983570852,546.5790868086756,546.5788368150816
ng2151022,174.49336504097369,174.4933862598191,174.49342103548815,174.4934652204572,174.49356511845667,174.4936633392183
3239063,60.29516921364757,60.30382653712695,60.31062316997031,60.31556644914076,60.32225442672848,60.32765606324119
3705440,-169.3815893740325,-169.38035012779778,-169.3792046114802,-169.37786708904537,-169.3743273605312,-169.3693209787632
3705441,-25.895917517158068,-25.89858124224861,-25.90177587036169,-25.9061583785151,-25.918457834711035,-25.936633971476795
3705508,-84.50862937997636,-84.50787311745285,-84.50661370909847,-84.50410193137736,-84.49509319354797,-84.47936448937207
3705509,103.77847394072523,103.77592125066872,103.7734944185006,103.77114304329962,103.76668066103161,103.7626877920386
ng2177432,275.2099725625051,275.20039394434116,275.19410699335367,275.19075632028853,275.19024674038883,275.1962307153426
ng2178318,164.32414769569925,164.32414769569925,164.32414769569925,164.32414769569925,164.32414769569925,164.32414769569925
ng2177754,40.0,40.0,40.0,40.0,40.0,40.0
ng2177757,38.495622848563926,38.50480895365649,38.51212676741784,38.51765322619394,38.52497389214818,38.53014790672796
3849856,-297.48528575418595,-297.48528575418595,-297.48528575418595,-297.48528575418595,-297.48528575418595,-297.48528575418595
3849858,-137.5187193404222,-137.5186342356319,-137.51855086511796,-137.51846920775392,-137.5183109445129,-137.51815926405834
3849857,-127.38585445217348,-127.38366535976536,-127.38102577318705,-127.37826179558738,-127.3741779241144,-127.37265160600623
ng2177760,465.5311093678781,465.09935903968426,464.7749774776862,464.53592078888755,464.1845961252652,463.84553189431995
ng2179841,220.14849403891117,220.15286051170028,220.15697299437534,220.1623010472415,220.1780881532393,220.20270349159387
3849859,-209.95662411931335,-209.97947210136408,-209.9974358961233,-210.00192187228845,-209.9680632662987,-209.8618881588568
ng2179798,132.59769925639716,132.6041804004485,132.61040221480494,132.61636243997896,132.6276268959789,132.63820138910933
ng2177764,-71.85593751204328,-112.60963048799363,-131.60748390823596,-137.37813129045207,-130.28972937425397,-115.5404919096652
ng2179799,-175.96526112878269,-175.92435331935258,-175.8843547973654,-175.84522632790095,-175.7693861398584,-175.6964755661154
ng2177765,72.79696882159078,72.80016393997334,72.80329692923942,72.8061124297783,72.81054982825594,72.81306494468618
3849841,152.58971361869783,152.58971361869783,152.58971361869783,152.58971361869783,152.58971361869783,152.58971361869783
ng2177766,481.801132697404,481.801132697404,481.801132697404,481.801132697404,481.801132697404,481.801132697404
ng2180006,-9.605152002236764,-9.611896050887253,-9.618346973231837,-9.624501795307879,-9.636081844179671,-9.6469167616076
ng2177511,66.2800349442673,53.7438256196167,46.246641281676375,41.71564948563196,30.948829856169596,10.905063163510249
ng2179939,46.209261620677125,46.206340248909555,46.20379931224352,46.201393836143325,46.196463912086074,46.19129626663653
ng2178332,171.9697594721997,171.9697594721997,171.9697594721997,171.9697594721997,171.9697594721997,171.9697594721997
3485320,-31.09813208691571,-44.3265812958482,-47.88290472570338,-48.059274726986814,-44.651735474281395,-36.7696598480602
ng2177512,20.95747934069209,33.918675917243036,46.46323495318461,58.00374334287267,78.40669733028858,99.27103879211086
3485321,199.9666816920751,173.5264497908031,157.0217865396694,145.35854862683095,129.4233550939639,118.64897488903694
ng2177513,-35.00772915385073,-96.76762993792113,-128.17951349799682,-144.06413214291933,-153.98530333397116,-149.3469359650178
ng2177514,40.18277021334802,73.09665093097306,92.99864829248986,105.65320849423074,122.44412059877277,140.64934513965204
3774163,337.06569722095423,341.81876838502694,344.6251089267953,346.18873222852926,352.2778099828636,360.8128264653435
3774162,458.50359790644006,451.8997120326526,448.2992765121967,446.62279320069024,448.61017371515914,456.96463878338295
3774161,101.65110745008292,78.3544892074126,73.42486331386453,76.1175028303046,91.47059564004076,108.8937209617452
3774159,147.56960626668638,86.88532211263646,44.43098393481523,12.478878002605825,-31.94870398826197,-60.05012269933445
3239069,426.425180731198,426.43438643027184,426.4419491560259,426.44785226547606,426.45645351376356,426.4633452250671
3239070,-107.13333119575213,-107.12549128400292,-107.11902811960658,-107.11395903540279,-107.10653579266409,-107.10058556274043
3239067,105.08752815824687,105.08765175467738,105.08805968129286,105.08872686665791,105.09020000906139,105.09134767395949
3239068,278.67388360041537,278.6746925079385,278.67561171004127,278.67660113745865,278.67913585724114,278.6820570194873
ng2178338,304.2376443263079,304.23957476761075,304.24297485325815,304.2474004635826,304.257542597976,304.26754954588705
ng2178340,314.0700079110986,313.1650541293145,312.68730073933284,312.4454410837093,312.320013333562,312.4696426215671
ng2178341,11.71992068793088,24.485641563975605,29.973349850765317,32.48193572668674,36.491065291023915,44.61203002352954
ng2180513,-34.35696609358729,-34.35743264141047,-34.3579434585115,-34.358518277763096,-34.359859650725184,-34.36143255289244
ng2180517,9.677423944321163,9.680956773199114,9.684495539868067,9.688018131766285,9.695025787127406,9.702019400737072
ng2178343,331.80939938033157,331.6321536175428,331.4257600207882,331.22643446279176,331.01044431078753,330.9896743895688
3814126,-136.49369697421093,-136.50021366067176,-136.504165232368,-136.50469417963632,-136.49734661458228,-136.48085810164594
ng2178344,-285.04738943297866,-313.5099551910296,-327.72040433787083,-335.2832391523018,-343.84404682149466,-353.4391734582023
ng2177790,100.28191189485165,141.59963786278627,154.47509908982238,157.73776700625604,157.95944868475158,167.4867133214782
ng2178342,244.7235388777624,244.752348106628,244.78098424154473,244.82036351539932,244.94132009928762,245.1332201823991
3814127,103.5662718778974,103.56687467858228,103.56738932909002,103.56782464495905,103.56855656446146,103.5692461527417
3814124,55.77030580007886,55.76813469670765,55.76568144248131,55.762189261753065,55.751859922073436,55.73572765171616
ng2178345,-31.56415697098396,-23.998445871335207,-17.3749993657882,-9.897766376602249,7.217207596244407,21.220213196664872
ng2177791,81.46940823150248,59.99602707840222,53.802513551486754,53.35554759758293,64.02519117086604,89.06510772622687
ng2178347,-166.3776214651832,-135.33349089388867,-126.60758099731356,-127.6318344469828,-134.70771471358057,-136.23212441006262
3814123,-9.272420294715175,-9.270204046089702,-9.268097068766792,-9.266055604470239,-9.262181366872255,-9.25871476413181
3814125,-55.53236517281539,-55.52118901315998,-55.51132031607426,-55.50269298192575,-55.48776157604789,-55.47384263070421
ng2178348,-457.7204479794706,-410.1891262081597,-385.443665526116,-371.1954599534671,-352.49460067037353,-339.6630641096008
ng2178334,156.69903968716835,150.53690870388618,143.37685999521068,141.58341789833753,136.16537645703397,127.81178413879388
ng2178349,-44.27823698362431,-5.241173701783737,21.50655322927105,38.53765259410511,58.005873076874195,74.67133994893629
ng2177792,447.8339633829746,449.6468107741232,452.5403483416285,456.8231694155802,467.1104387560895,479.4499780022936
ng2180521,324.4244970844459,324.4226437041866,324.4209643289846,324.41950803509485,324.4174576273315,324.4168596625691
3239071,443.91212976651013,443.912000363272,443.9119014830346,443.91183260541175,443.91176834646285,443.9117467107262
ng2178667,21.6791183679768,21.68791270740894,21.694918435353657,21.70020920592856,21.70721766697602,21.712171025903217
ng2181163,14.043140530340679,14.042254328473291,14.041438180939622,14.042306223964943,14.050590787766396,14.069659899303815
ng2177793,338.51545135522906,329.145708155756,326.67487477339705,329.1066252675723,343.36523162667163,358.87620495610304
ng2181293,324.9921613159313,324.99354203775806,324.9948922161361,324.9962131657637,324.9987738728032,325.00123615484017
ng2181291,67.98276721612956,67.98785752768413,67.99279432758499,67.9990566289257,68.01705309060776,68.04441019565434
ng2179206,184.59730071967147,184.60840431779252,184.6147710150351,184.61846724267025,184.6208134074093,184.62076687367426
ng2179205,350.959662838796,341.5733057324144,331.817207141125,322.19953767005063,305.0334776277989,291.31676718661083
ng2178669,415.55072768007153,415.1219658308505,414.79983382711407,414.56243731958034,414.2135561203072,413.8768541660206
ng2178668,187.85868898830222,208.36938677288822,226.6973272455234,237.74589933746665,259.10426809960063,285.12327088146117
ng2179207,-130.7678901321358,-192.06484363643426,-227.16587149744646,-244.69056197665054,-252.2503363206772,-247.1910564445177
ng2177794,-228.83247775802852,-240.41106272814568,-252.9017352090575,-261.53852133609917,-268.79038035922076,-265.36572098686315
ng2179208,142.91915721446435,147.1611147490305,155.43848080696262,163.95331590012097,179.24529423793342,192.76627314855773
ng2177795,152.64093977304015,149.5788699398472,134.8778637779701,115.89787199868715,73.21794543992496,24.062127973988026
ng2177796,538.4463834547093,534.1873796122338,533.2739087731006,534.3053743860862,543.6387817507671,557.7206978066022
ng2181164,97.39000029091608,97.39689552841355,97.40338548832915,97.40876437175507,97.41608469665721,97.41762026272772
ng2177798,422.5781849315608,473.94159852959024,497.74892181612427,508.7401847384954,518.6962847323748,530.1155033416173
ng2177797,114.2785162644675,134.6539810185377,146.7990731504908,152.5441780451772,155.13891575707567,153.81197896587605
ng2179245,157.85376732475413,157.85376732475413,157.85376732475413,157.85376732475413,157.85376732475413,157.85376732475413
ng2179244,96.1758477756498,96.1758477756498,96.1758477756498,96.1758477756498,96.1758477756498,96.1758477756498
3849848,-16.070851001180245,-16.070851001180245,-16.070851001180245,-16.070851001180245,-16.070851001180245,-16.070851001180245
3849845,326.3225848731262,326.3207272345952,326.3184873138649,326.31614183872784,326.31267632324034,326.3113811126228
3849846,341.17360797958656,341.17353759264313,341.1734686400563,341.1734011043533,341.1732702108475,341.1731447617226
ng2181896,119.36378001361277,119.36963048028929,119.37516483693639,119.38036380127232,119.38985946882713,119.39832127623276
3849843,429.7128482540744,429.7128482540744,429.7128482540744,429.7128482540744,429.7128482540744,429.7128482540744
ng2181902,27.961831493157888,27.99045509605594,28.01400282566715,28.033405642318712,28.066030522850042,28.0984991369819
ng2181903,-56.69984523247081,-56.69987398942658,-56.69992454658018,-56.69999031341081,-56.70014097821422,-56.70028961661296
ng2150697,176.75095332739693,176.75101516320842,176.75107119396694,176.75111978215045,176.75118819301565,176.75120814393267
ng2182895,729.1539316234612,679.4766050240992,652.5046075210478,636.1930276187118,615.3859317958854,602.8153819080369
ng2180142,-97.46284493663666,-108.91899998096528,-112.54044115398096,-115.95763332603383,-120.96677964387482,-122.91912597436772
ng2179569,-43.97147382286607,-4.958088144259591,21.504955186056122,38.19308999020495,56.935279684749275,72.76273977367168
ng2182904,9.73398715528947,9.736547730855364,9.739799436536941,9.743551467837506,9.751580204725997,9.759154770422583
ng2183129,49.172249671343934,49.58397978779499,49.7392869179439,49.80866350908559,49.89981796646725,50.03811242970028
ng2180143,110.58759230446321,91.59008711260844,80.07347529026151,70.5557963365336,49.52225512038035,23.613509409462495
ng2183142,184.97423966179815,184.97423966179815,184.97423966179815,184.97423966179815,184.97423966179815,184.97423966179815
ng2182898,105.87077235751667,105.87091198510211,105.87102321379211,105.87110721374074,105.87121848404877,105.87129712577803
ng2183147,32.49314595851183,32.49321254421898,32.493371285171406,32.493612223110176,32.49433389418368,32.495422319798536
ng2179777,389.465627895805,390.5878531641206,402.3635317076453,417.87931129754384,451.0936216955761,480.6089029587524
ng2183135,150.67013791301747,150.9677273010825,151.07841973542304,151.05254462401626,150.87571305540064,150.5720272010708
3485322,195.60778163727377,191.2650573549779,177.50380062670342,160.9998980924331,126.37822443618597,92.22316816771036
ng2180144,247.34527605016933,295.15765857223846,324.8685217333757,343.83028019505423,366.57287492646515,385.3980816729427
ng2182903,-10.123432973034369,-10.126231424548223,-10.12874169324391,-10.131201135873198,-10.136478571242833,-10.142339290736572
ng2182908,85.3127612471028,85.31789623502164,85.32285936382277,85.32921629593147,85.34768361709416,85.37598731957542
ng2182909,194.71586153944395,203.48065368121433,212.7034754282679,221.86532897131792,238.26860107649645,251.29709571614944
ng2183149,-9.478499469453254,-9.477615019442055,-9.476643387226659,-9.475514579741684,-9.4727132890539,-9.469029185847376
ng2180145,86.6319134604812,88.76882298242344,88.94110276555512,87.36420038700794,76.70304452028836,57.90986066394703
ng2177799,143.73110686384143,123.66989483177736,107.34556565853563,94.73000785110276,75.07947428627176,61.31652967865557
ng2177800,103.69352845436288,120.64709487866776,128.2664731706327,130.37617319462765,138.9771078551296,160.72271306627454
ng2177801,488.9859891860078,470.05770493012756,459.2941628076894,453.89499389882235,451.60743107839903,451.36044028612264
3485323,-23.03753079664034,4.9543905299995,20.394147645311932,29.502791974906586,37.60383891562651,38.20274283130016
3849847,388.3524268131014,388.37341173370214,388.3899108244884,388.3940310428691,388.3629331769764,388.26541718831277
ng2180147,-48.119044517429074,-47.950626334078834,-48.04995877135161,-48.154808988507966,-49.27777255863725,-54.32831799286532
ng2179778,275.6243027279088,302.79120980437665,318.0618965590604,330.4247063499572,360.8521437071265,405.0971698230953
3814130,209.19285923556345,209.18293746539848,209.17417642148826,209.1665174192865,209.1532619323384,209.14090528668316
3814128,128.20514683687406,128.203185561694,128.2013209865279,128.19951438736234,128.196085870876,128.1930180921256
ng2180146,89.16455760136114,82.94871312420696,76.6481299032157,71.61537190289437,66.89357120142108,65.44940098813095
ng2179779,32.16256663188824,58.0798947377109,69.01857993967292,73.3526398102706,69.72203818507569,49.84389520854393
ng2177802,551.5272941504627,541.4088872794928,540.0567485717677,539.4516009166048,535.1922436923342,523.6073139955349
ng2177803,415.0778563167555,405.4455586040574,392.5170644611501,379.9673659788871,356.50248472704607,329.5550434171587
3774168,407.31907366025507,394.3119464278461,387.5423602925298,384.40810566258824,381.8829973513275,375.407965582762
3774167,40.4279338151548,39.249127138310314,34.19306997922649,30.39205153831017,24.756704989011723,22.67861053048
ng2177804,71.58510829206762,10.602152167754411,-15.487483997300387,-26.74425827608934,-36.159742499017966,-46.48503298276023
ng2177805,420.23698208628616,397.732234678585,382.7945907429414,372.380976321326,360.0064555903555,353.11175185973934
ng2177808,529.4510464673497,554.547379612856,568.746301575803,575.0905715574286,578.3092883107215,574.1823104384077
ng2177806,23.857865935425252,68.15002964380938,88.19652784662844,95.52639818080524,91.95835581637061,79.39779539408005
ng2179780,318.022353614386,291.5132946797303,276.5108936807842,272.7964855400621,270.8411809890306,264.58682091648734
ng2182910,69.23616894136035,97.21599312268927,113.91048208025313,124.20629153036339,131.25979205904605,125.029930266277
ng2182117,-192.85200162615365,-194.86346588654442,-191.90904395610596,-185.98460516332625,-174.18240906914775,-165.34124667034143
ng2182118,99.65687034617736,83.57233301470774,83.59765352389172,91.90839683765876,117.91736370078479,150.6943261352908
ng2182911,6.257914167425042,6.250747100648596,6.2478770706673,6.24683734108271,6.247475228685744,6.246638897519915
ng2177807,596.7131762926028,598.5039349649533,601.3660353172927,605.606265720709,615.7939391923239,628.0173771946138
3814131,281.5407543483377,281.5466256226214,281.55018583533774,281.550662396548,281.5440425274635,281.5291870633059
3814132,108.01619274590462,108.01565352627404,108.01519315903533,108.01480375849974,108.01414903879072,108.01353218529835
3814129,150.59590307190138,150.59783054903733,150.60000851542372,150.60310882583644,150.6122790653617,150.62660104152542
ng2182912,230.43533846885907,230.43354970115274,230.43192887277405,230.43052334892286,230.42854442401813,230.42796730606938
3239075,0.6362731355518463,0.6270694029581136,0.6195204078369443,0.6136429052023686,0.6050980417594474,0.598246368300579
3239076,-151.16616307622348,-151.17291577684614,-151.17849398252906,-151.1828808633377,-151.18934777794107,-151.19456439680152
3239072,187.45879835049914,187.45927144334223,187.4593752012488,187.459130784659,187.4583094964828,187.45768565916683
3239073,-111.35781559583256,-111.358225379945,-111.35883335223093,-111.35959122018949,-111.36178653761476,-111.36442319184152
3239074,-424.1196608006221,-424.1197076013616,-424.1196974405086,-424.1196446540416,-424.11943980216734,-424.11918330025424
ng2189455,372.2064662205639,372.2070844125551,372.20723082690233,372.2070395888579,372.2060616200872,372.2041395071801
ng2193324,24.665934808707334,24.660702584316596,24.65666708347794,24.65357492663543,24.64927116338049,24.64582830366612
ng2193544,457.14266076819763,456.6922843960499,456.3193533547528,456.02545413069174,455.5912617713816,455.2407448486247
ng2196025,-34.501260434542246,-34.535011644915585,-34.55527871444292,-34.556141165099916,-34.498667000964815,-34.29514308907346
ng2200205,-76.0,-76.0,-76.0,-76.0,-76.0,-76.0
ng2201866,-51.69355743492724,-51.69355743492724,-51.69355743492724,-51.69355743492724,-51.69355743492724,-51.69355743492724
ng2204860,155.25270572052023,155.25270572052023,155.25270572052023,155.25270572052023,155.25270572052023,155.25270572052023
ng2205426,-449.9081937896044,-449.2985406852731,-448.79015809507064,-448.37235853901416,-447.71317502688385,-447.1427521706703
ng2204861,664.5281687969007,664.5196265955435,664.5128217247254,664.5076826424031,664.5008751159544,664.4960637709505
ng2205427,221.54135839463902,221.54139082955135,221.54142277428878,221.54145431001257,221.54151646732953,221.54157790264162
ng2205989,116.52246605933988,116.51869439861093,116.51491708814206,116.51112617921171,116.50346261685604,116.49561202208065
ng2205437,404.87054106721826,404.957084148228,405.02278694526035,405.0538526553223,405.0317568088169,405.0480694812188
ng2204437,331.61175405664244,331.17593272790896,330.8174754464835,330.5376282155646,330.1302415468051,329.80553913928634
ng2205991,110.18288979839485,110.16139502097963,110.14449508437247,110.14027476817023,110.17212816443725,110.27201376901644
ng2206619,110.05555823211853,110.051980986535,110.0483983838028,110.04480288494096,110.03753436061766,110.03008845078398
ng2206513,-138.16937314416623,-137.56656553061202,-137.06390713362816,-136.65082263225986,-135.99909814222042,-135.4351495796193
ng2206823,333.05647350672643,333.05647350672643,333.05647350672643,333.05647350672643,333.05647350672643,333.05647350672643
ng2206786,112.58322654596941,112.5747228662949,112.56794868383804,112.56283277832677,112.5560559542364,112.55126630938594
ng2206846,366.6192395125331,366.6192395125331,366.6192395125331,366.6192395125331,366.6192395125331,366.6192395125331
ng2206847,272.3206251895731,272.81710480699667,273.0303810378907,273.11891543208185,273.1455314635109,273.062936899046
ng2207155,296.2902340718474,295.8996720570967,295.7580500479512,295.6992392723964,295.624428274672,295.50206318001483
3876849,192.39368113431146,192.39985621291999,192.4058045749157,192.41152879506694,192.42243487097994,192.43280676884842
3784577,69.4634269970245,76.11745643618337,81.46225144804475,85.71340496349626,89.83118250014309,84.87592438002571
3876866,134.0583931773815,134.06739960022446,134.07185388354628,134.07341253000982,134.07034163630988,134.06262150385487
ng2206849,-328.93818420205,-328.2874788740021,-328.16506857403647,-328.17247470039933,-329.17374251341334,-333.8803769069659
ng2206850,278.12445889696164,278.24169563419946,278.3954074539174,278.58862113690384,279.03230304101817,279.37545311650524
3774158,31.009291360869383,48.937804213426034,50.8362595518106,47.78899323820542,41.45618837235406,39.86152671990226
3876836,297.83062560367443,297.8300643015416,297.8297752084429,297.82967020717024,297.82984475826083,297.83032313195713
ng2205910,128.64120557719798,127.9909793486786,127.60845001200414,127.57138223753168,127.8804404366008,128.4972930017143
ng2204676,-324.1776931341635,-325.5487108401592,-326.36066896470834,-326.80181974061406,-327.09360788839695,-326.9707109708843
3784649,587.9090391944897,626.1652085734161,642.0834677676107,644.5431917032198,633.7353633658132,617.628309227367
3784650,-30.44399336975698,-52.170160733170405,-68.98765781817724,-81.87949426301111,-99.00635847343642,-107.93943070819046
3876893,67.82883008482258,67.83261768744433,67.83618844817033,67.84077142006322,67.85413272270353,67.87462117714608
3784588,-105.1455484610799,-107.75535282881333,-114.12128454582898,-121.09933626476482,-135.43092134613516,-152.96911426562838
3784661,671.7431054447477,597.4855913168935,555.3633058161463,528.8701934431588,493.89819440115696,468.97435857316975
3784565,105.39446154020698,147.024379761501,169.04040744419126,179.66186342912692,183.11185246623018,176.36856005611617
3784527,144.0502899238827,130.48055562267814,118.0097149603821,105.34724789247889,85.35866688508577,70.57552082341704
3784625,189.7382368966703,182.11897295674612,184.7838519832153,190.68407656041313,199.47634766986744,196.25445174591096
3784626,-130.7842716095481,-103.6849903993575,-87.132193356171,-75.41752234273667,-61.747951480700976,-50.39969073926045
3784589,42.4567248427752,23.546014592500114,20.79393708518728,23.661175302723905,34.93613735666054,46.88478766157823
3784526,-46.14610067429885,-44.05041000012557,-55.396957055234225,-72.58748208522616,-109.82686769422799,-144.93010427809804
3876865,241.33914324974808,241.3405544435766,241.3418456541092,241.34266230438357,241.34279242548382,241.34017395256092
ng2206787,283.83015481290363,283.8393943074882,283.8476658777163,283.85511630078554,283.8686965048764,283.88219945829155
ng2206788,59.47549354869534,59.03565386343985,58.67323315673366,58.38930267265073,57.97323532796054,57.63891939835639
3876872,59.34371060008493,59.34345905185637,59.34320773683726,59.3429282671284,59.342256346213844,59.34139361104212
3784612,81.85962739836873,92.85866000456872,94.14122158463124,94.61598877697338,102.96858436368734,126.83624734181444
ng2206857,-497.91750817124637,-497.91750817124637,-497.91750817124637,-497.91750817124637,-497.91750817124637,-497.91750817124637
3876813,295.80131168084404,295.79818897726113,295.7953331294066,295.7925136964777,295.7864762030374,295.7797753476318
3784637,311.0430193032562,286.2580082687971,266.1192219638001,252.24800001591507,237.1256957747005,228.41588499445857
3784510,196.49917413929984,152.6687188327694,131.2258186179888,121.23531228893603,119.27828430621366,124.60942838025244
3784638,-85.17051502571599,-130.7396236132431,-159.28552019863037,-178.67419477877434,-206.29883733026304,-229.46643835188888
3784623,-119.65499825647498,-104.80180619284442,-107.60902074484875,-115.7266039331605,-136.3691668374138,-151.6830807949027
3784576,140.94847690488473,125.316627624989,121.03672379979207,120.1176610975433,121.09758459648197,118.86098083396246
3784511,218.83064641486044,233.95334782501868,244.41208571267862,252.72775149479685,268.67497356822673,287.3454004463431
3876860,291.76286721724114,291.614970928214,291.409839408906,291.20627500109913,290.7966875159773,290.2596642341821
3876812,135.38808288268115,136.83564567306757,137.8846731742981,138.70527217801668,139.9990440826266,141.268103361346
3876821,167.65236590170502,167.65571543392252,167.65818449429707,167.6599274962275,167.66227205637801,167.6644252618928
3784506,-133.34221139156057,-125.51087243332472,-122.59934280254038,-124.50868470463524,-139.909370937806,-165.66796534931905
3784552,-221.63412709705813,-263.40372537971916,-271.9654454437414,-266.6320033169111,-240.31155580986024,-203.34285734780406
3876841,403.85129578531723,403.8743537765861,403.8933533229899,403.90015073511154,403.87333062773905,403.77815955782694
3784540,71.762557591926,53.31326358042406,49.34950280009275,52.205359203212765,60.99535367502904,63.73962408269949
3876857,11.330770845505413,11.329937786545088,11.328901636461524,11.327493534784708,11.323399449576073,11.31735800526394
3784600,124.98465722402989,122.27521434599385,131.23002548751174,136.52541535207342,157.2808352509992,188.78160118944788
3784541,506.78595665611056,488.39693914525674,474.217662905475,464.9259944882567,451.27032717010275,435.99701646224275
3784601,-62.51581168872576,-54.11545169679789,-52.10069642368012,-55.12725804799493,-69.9802760176276,-94.99420522409332
3784553,100.23305002864095,39.32440159687212,9.531474306968903,-5.676396577803189,-21.33440648865735,-37.447757964097946
3876892,380.48604896270854,380.48214585931623,380.4783154682507,380.47425562412377,380.4651490612064,380.454294965356
3876880,67.68628804670402,67.6940694139339,67.70106800466647,67.70821105798905,67.72443629319469,67.74431905902179
3876840,370.6095729146323,370.6112046273979,370.6125287527061,370.61311600278486,370.6120314151433,370.60711470841306
3876856,256.4271533532187,256.8933342803025,257.2057589837823,257.37774050168264,257.41877585100224,257.14451950790794
3876879,114.67524314727302,114.66552713299575,114.65819244362024,114.65266519674651,114.64406334159594,114.63510148403566
3876830,79.50874677707361,79.50800964082578,79.50718557353684,79.50546812406515,79.49856683563917,79.48594381647536
3876888,-263.1923289712713,-263.1922381797647,-263.1921808412212,-263.19163534655695,-263.18876970585006,-263.18245456665204
3876855,-226.7884486979649,-226.79316662835822,-226.797772699005,-226.80221836627697,-226.81058602121357,-226.8181919886472
3784662,-356.37002033877445,-307.7598237237398,-284.906670269599,-274.13240540155016,-266.5198481344448,-266.87620974086406
3876852,15.335043886588892,15.334620369262211,15.33404836791533,15.33335592131948,15.331598589052419,15.329295641558474
ng2206789,427.48288792788526,427.49717268953646,427.51049105246943,427.52386833252194,427.55185539102513,427.5785249373082
3784651,-501.67368220865274,-553.8660019961615,-574.1412570921818,-577.4231168287943,-561.4426143466362,-534.392671928857
3784590,-213.04753647155349,-192.8143438713812,-182.43895170328483,-174.24861570451753,-156.02913192537926,-132.67605011647265
3774166,63.70508970010496,41.38962019331757,19.1257440995455,1.467706140153723,-19.837218421410626,-32.24897987757231
ng2207138,-258.1892695941865,-258.1893036388449,-258.1895919973574,-258.1900884504312,-258.1918529736174,-258.1941035651387
ng2207899,721.523771172735,747.8361996394683,760.0771130002647,765.3367661219024,766.105552313363,761.63969146981
3784528,-160.7345030513443,-167.53830561873065,-179.08220730198764,-190.42485399033944,-207.3652044469368,-214.7892150768805
3784529,147.56658503964945,160.72362665986907,165.24781248255226,165.89942872301026,162.37771093983338,153.65758743410288
3784628,164.56367827189547,131.862878903014,117.96229171883465,110.74141159446344,100.25590120589345,87.73992418991861
3784591,-66.21658862185609,-64.87318951137263,-56.23248661941875,-46.76146465248917,-29.491051877271957,-16.51320998049323
3784652,34.176762678282785,32.8166839671037,32.270435512221184,32.78094391036757,31.50266599128736,27.357104416659467
3784627,284.3363525696102,285.24297181831093,288.668724520041,293.4457462195078,305.0127975290661,318.2845805753873
3876831,376.1675028415423,376.19314627812605,376.2186175773113,376.2543598108714,376.36610948192515,376.5454017525028
ng2207373,-79.42850799128314,-80.03268302147649,-80.38453205187557,-80.41112489784678,-80.11023024183419,-79.52730761634189
ng2207374,109.21287804873532,108.80077833920541,108.46122500330853,108.19522149353543,107.80545284412005,107.4923067920713
ng2207375,65.14713084088794,63.81818690845557,63.03285098700326,62.60766495878556,62.33042976489651,62.45616003406826
3784640,323.7417680434296,363.41791053785664,382.85019047507876,393.06017460843395,404.32776457439695,417.3018983788934
3784639,-99.6308979327871,-82.4184723164351,-73.26297133565822,-70.29723445988566,-71.25148994197048,-66.13685923747357
3784513,-134.50195485685094,-137.5662381644986,-133.18129125999076,-126.29676647099564,-110.6509684019959,-97.30495352242156
3784566,92.36580229895549,65.32490854237972,53.5948551852307,51.53411945922471,61.83543094599327,80.63191313523066
3784615,428.78437861766884,416.46080759767847,429.47533173822717,448.37290060612804,486.8401989024155,514.5580864508943
3784614,228.74273211991635,209.1490786027132,190.58035480809508,174.4924758121083,148.62679666340728,120.86663107298295
3876869,152.57701831535314,152.5676011655503,152.56241984548774,152.55976684572875,152.55955420269447,152.56244798147668
ng2208836,479.82763960284365,479.8019835011903,479.78438745673134,479.7742340250147,479.77014761014584,479.78309769353996
3784512,-85.34721641127635,-33.78340278699329,-5.619562861352279,10.611264092035071,26.88863420168809,33.137199112974486
3876819,-313.11063918324817,-313.6600409528212,-314.2798798769152,-314.8597427900438,-315.85034076653665,-316.77210627625914
3876875,239.71706596535296,239.71040892564565,239.70120589164276,239.6921639132927,239.67419966927832,239.65068111262985
3784603,193.7668546573475,183.01490400949706,180.90206423080895,181.19265228803715,187.69986886090032,187.87871994840043
3876816,191.85789769538133,191.17789957151444,190.90694870136804,190.79029728135174,190.68381249292952,190.52965495402054
3784555,327.96955119965287,373.3048328790396,385.9573294473521,383.94472715638017,365.1655130760846,348.2059392052447
3784554,53.11624660155985,135.31424918998164,183.3049549218133,212.54277496024406,244.8738035888607,264.61066679825853
3784543,-271.25743506921367,-284.91351383281904,-300.3296978962135,-318.25213694139984,-355.64494567442375,-391.62117699246687
3784542,-47.16793066383002,-62.38123524587263,-69.25120244445861,-74.97099684317845,-93.27269901796694,-122.6797571486386
3876899,-394.54414654833886,-394.54779932753627,-394.5513754249432,-394.555770355644,-394.5678474469978,-394.58544429967765
3784602,74.51305698603483,82.71428164807253,84.86253508766777,90.24851613260785,104.5713693568016,122.6800358378689
3876847,282.26679034944436,281.8238364547751,281.5265327881052,281.36239499628186,281.3215764680449,281.5801029069403
3876844,-63.22344493920218,-63.24462005782402,-63.261371922368426,-63.26602341699777,-63.23696509510978,-63.14314929691136
3876861,231.554312966716,231.55168299123034,231.549728120998,231.54905071050257,231.55150061986637,231.55991762273788
3876839,-251.04249672103379,-251.01626842709675,-250.99786861398024,-250.9865343561737,-250.97885100031544,-250.98637111767334
3784505,-32.77021468744488,-48.683246514695384,-64.44307012833474,-77.31377473902853,-97.63006303695784,-120.95042306608684
3784579,-106.68230505722931,-143.1972046303979,-165.15484831567096,-176.77107436763072,-181.66865562294174,-172.36799933790076
3784504,288.4101881172494,314.3938439243957,333.40746092459653,351.1952114660146,387.7192842761999,427.30846329388737
3784578,254.49561024755167,246.96239125497118,239.9731651117604,228.37195678320222,193.69788018819327,148.08119539318045
3876864,-97.70556017013746,-97.70049090113093,-97.69760084390964,-97.69772516609532,-97.70554041876517,-97.7219480211395
3876896,261.86513390113873,261.86907802422706,261.8730700980723,261.8771960983738,261.88593016556706,261.8954850736186
3876832,-292.449205685833,-292.4485890735707,-292.4466699617126,-292.4429206044754,-292.4307085890414,-292.4121400682227
3876859,-414.24879165359425,-414.2513111289636,-414.2540647139663,-414.2564958836856,-414.2587403737257,-414.25642766665646
3876804,342.51479108827107,342.4995919835512,342.48660937140676,342.47573167639007,342.4579302397626,342.44191613794123
3876809,368.63898303252813,368.6340332602233,368.62923279724964,368.62314361106405,368.605645091578,368.5790453344375
3876827,126.43046347998347,126.40693637239428,126.3836528722652,126.35088617771544,126.2480942264333,126.0826090080709
3876835,-301.34156085765926,-301.34193054353045,-301.34230171437434,-301.34222854954965,-301.3402917725234,-301.33524362800404
3876878,-339.5329127138134,-339.3916865024546,-339.1959308965511,-339.0017515262093,-338.61123057201326,-338.0993481084413
ng2208996,-45.536858490597524,-45.54505621830731,-45.546402440116935,-45.546114010124256,-45.53275682571257,-45.47165788766051
ng2210332,571.9354897002158,571.9465637508406,571.9532552774008,571.9558333495922,571.9520919524612,571.9390183171645
ng2208995,89.04571624465325,89.06006223156692,89.07368551209743,89.08758177301388,89.11669144609391,89.14419313570806
3784654,128.18526275182967,144.46923565974885,152.1712029180012,155.72382873871493,154.75946634429715,148.52339447611917
3784663,-68.31128893245409,-39.83403037464723,-24.2408982382849,-15.634383365460735,-9.848220655384466,-14.495366107447808
3784530,269.31468644842835,287.58383291814516,305.9586300941505,321.050312802784,335.8058422550928,334.6849412943284
3784630,56.54812578612359,32.43709563876632,19.05447080803833,11.491309719162473,8.09250750580918,21.171195624914844
3784629,246.10988122324784,258.34764995610476,263.2527858362762,267.3942299099149,279.5205654385595,287.2966906513507
3784653,-363.3661319782884,-401.8672622817335,-414.5719514414659,-416.4917487167072,-414.4133615587832,-420.977075938878
3784531,-57.842540165032005,-58.04623762857182,-52.03756018785339,-43.88243083836119,-31.746351572570802,-27.239063937619676
3784593,-5.8124738348174105,19.28466899841851,34.66485972712576,45.28750583039596,59.00036849775802,65.34780007861036
ng2208265,-668.8300736799738,-589.9895488005428,-551.086653300121,-530.797027603892,-509.94532003960364,-496.48946848397065
3784592,434.25914410803057,436.72228128402776,435.8621361025623,434.9345804934012,436.1063828165197,443.95191139766257
3876887,262.51813753866963,262.472687671921,262.43217891859194,262.3972521249359,262.33177359613273,262.26466699187927
ng2210333,299.6794015776982,299.6634248791388,299.65269787161355,299.64708863221017,299.64807238744925,299.66415024770504
ng2208271,143.9725392701448,142.69118230551658,141.93221157404787,141.5197935687977,141.24689235755523,141.36154960202043
3784616,-239.81534973606585,-204.27877904904904,-185.43855947879115,-170.9272873317334,-142.48271879814297,-105.04621636481465
3784641,21.222892529503724,22.727543947388767,25.632169067056793,26.724249869613686,21.518521984330846,7.9009952254020845
3784617,185.39540731433317,161.93925687853744,148.5110840711866,137.46405845352524,116.34436012388846,96.04374010888478
3784642,99.21602373099995,173.16774803255862,216.58467852906801,242.78751997743814,273.0139072848482,292.40263528139087
3784515,188.34410324215696,181.63012087791435,176.3504490000812,173.36283772097363,173.3949519533112,182.72833583416218
3784514,-186.4895398471906,-153.2785557434347,-139.53076163917808,-135.63644402766113,-141.42451587892197,-152.93240822006237
3784568,49.82668983080566,45.403959402686496,47.36685156844942,51.81430799673376,63.83903801047131,76.4494205947351
3784509,394.38869524468396,392.6536726310967,392.7390255311418,390.8521997520277,377.6084979162754,350.3581565390548
3784508,42.47785718596015,15.365162210717926,3.3932866774005106,-1.2134350419471502,-0.053370636546787864,7.338204172475798
3784544,2.816393802763514,18.268778020167474,27.22730984277655,31.077520891811446,30.57573995202688,24.85839670896098
3784580,276.2373776584493,288.87283891904326,290.6309787146638,286.5295638871712,274.3057834324027,268.3658946521832
3784581,-107.54810412345296,-115.62871456657285,-118.95166695392936,-116.13127736513434,-102.70742581344189,-90.53449000363412
3784605,45.967573827666,51.67346659821101,54.71409464664657,59.657851888891855,69.40844701976653,84.3494969120618
3784557,-151.13852266653976,-261.6113064668639,-301.4116877448164,-311.93721005828775,-306.6341546442675,-298.52082553976743
3784556,98.39341761156402,98.8679936242097,103.00258396558866,111.06951638153873,134.9183638477532,163.6647417379445
3784604,-9.99431731440859,-15.88088260146651,-21.44422057073848,-32.31437137799253,-54.425139757562874,-72.87315081877387
3784545,-225.19987794811618,-207.59074380359425,-203.93979990823323,-205.98873450751694,-209.19798036684756,-207.70757053815396
ng2210324,481.79204837099405,481.72426342066615,481.6776688635282,481.66075992968695,481.69860074403596,481.8895189722141
ng2210329,455.8178230125541,456.43915600225796,456.6807144724189,456.78107996588665,456.86971424689796,457.00686676974055
3784594,348.02133415351113,314.46462380169896,293.3518278083202,276.3733306841116,246.99143030221217,220.97327557993617
3784656,613.8821107573103,666.6818488418562,683.2669180278656,684.8306218619468,677.5192462625582,673.1328489823627
3784655,201.15351241912663,212.87326339529363,224.80637066742725,235.4188518207818,255.37541180669928,275.6860107773482
3784631,58.75663170838902,108.63486280496818,137.76700229258313,159.64172761676696,196.45597525058884,221.79266435881073
ng2211173,176.59675059956885,176.52531634555726,176.50301910449866,176.52304160436938,176.66490312939845,176.89420396276637
3784632,-141.71353722185427,-140.10444209340153,-139.0342991235782,-137.5859783753624,-131.63288414101112,-126.62200575743714
3784533,-33.58082143917568,-52.38354532793346,-62.120590408962926,-68.65960049604632,-80.69743307982458,-95.8354369968547
3784595,230.94029039069937,225.22755503576172,215.85447326176336,208.39716391894694,200.2389562414146,196.96288219575513
3784664,511.29965822350266,468.6528649400741,454.0668938832325,451.53743049766695,459.72116476424696,475.74994312517845
3784532,310.46903734587795,314.526492020105,319.7617867906856,322.4165153461963,319.5708898984726,310.2553681292027
3876810,-501.52463008209156,-501.5092094781983,-501.49589422291706,-501.4846170027065,-501.4658775011876,-501.44884382569603
3784618,-213.48875238129813,-184.8473828580527,-180.52290094922546,-179.57933938478413,-174.12089704246773,-166.49576864180221
ng2210866,220.37555465526134,262.3127927165399,284.56111848388514,297.12794992936597,309.6355737640745,317.013553379938
3876806,84.54839947461505,84.5519685719089,84.55539898575466,84.56004889136398,84.57428620036058,84.5968804685549
3784619,-37.953636537399234,7.362849805564792,45.59461521613957,76.49873673426578,118.56419481641115,134.4678931143012
3784570,37.30869115116934,-1.386405873169906,-18.06618988689047,-24.84392700786293,-30.586337955372073,-40.78307469051242
3784516,225.46042899106783,181.87528388700525,166.2183372602235,162.9337903630933,168.90560035184672,176.36432560310118
3784517,255.68681294040562,254.19379142439197,247.8804387448563,240.49697775827053,225.46307427017427,209.91781785707735
3876891,-333.5097685664218,-333.4839719295903,-333.4698520235056,-333.4695365106868,-333.4805738947466,-333.49664002787836
ng2210870,228.74382057756452,227.49639281434497,226.75874658009934,226.3597689452929,226.102415941064,226.2267214572321
3784643,225.41570454509906,210.91837053671497,208.01437073865918,211.81715622040065,227.53428379169577,248.12855416255252
3784522,-129.0532662117489,-157.33177555614793,-175.34680881094823,-189.6479867561984,-213.37557859032336,-234.42714096488726
3784582,259.31658062492716,291.8274546184962,306.81333171963024,312.79627832596066,315.60283187027267,315.35716197106694
3784583,-95.70051054127293,-87.15121131828573,-80.51643493091706,-74.33585013771972,-70.34229867654221,-81.04306580951948
3784558,331.68313134215236,370.2714739039534,377.04740911713884,375.56556836989785,374.12857514006396,381.1196903779794
3784559,47.117320089173745,121.63752973211444,157.57954678272472,176.5783646825273,193.2523831360429,194.56145159121252
3784644,-205.89880946162884,-268.16889824930354,-305.2020719724892,-331.27256244031696,-369.6272438986841,-397.4498872026768
3784606,52.52454054035593,74.07063414317804,86.33824896717033,99.74107513715103,119.8978407842867,133.3328969875131
3784607,179.50531101756314,175.38286561800487,176.1273164556403,178.3475843753963,180.07039368666005,176.1394703734586
3784523,194.16165874180183,194.94491311158663,192.2446547808902,185.42333054313667,167.0118158930336,152.65014617815336
3784546,212.6458056505628,228.1557262469737,235.5825293613143,241.56645040080593,251.94366249181735,254.0571645489331
3784547,466.12591386905,487.71834507169365,507.07771773323384,524.3447626449724,550.106573827233,564.4911439579744
ng2263166,-250.73983377999616,-250.6489871443889,-250.47830401931287,-250.29913918593047,-249.93087190655433,-249.44801866788293
ng2272521,-182.92508153408653,-182.92428208637943,-182.9237413572214,-182.92369955825302,-182.92522953559956,-182.92925745579578
ng2275017,-67.33442279598012,-67.30152030566728,-67.29251159687351,-67.30531749614283,-67.33334438380439,-67.2928494463506
ng2275020,149.78438202598954,149.43002291737025,148.98823683158798,148.4838457530518,147.3959862151362,146.33039643286043
ng2276494,129.34985372957158,129.00224999193983,128.58068280356838,128.10527093613382,127.0676473779863,125.98073799032204
ng2279300,238.12212187586215,237.74558134139988,237.42814227079816,237.17502866948416,236.79603995815592,236.48334887757437
ng2291154,-239.89156132394635,-239.89159984562923,-239.89163053399034,-239.8916537108014,-239.89168441315974,-239.89170611331315
ng2291139,206.56409706340082,206.57061142179145,206.57607182543006,206.5805876624213,206.58778278640966,206.5940705632488
ng2289357,328.8917832339796,328.8798103484362,328.8747686674817,328.87274682509315,328.8722978641522,328.8744735443006
ng2291170,-11.835648546237735,-11.397426467674677,-11.104130789421333,-10.941999152920062,-10.900278143062906,-11.150515603264466
3784507,-6.282132207995119,19.06106879617323,30.880868549791785,38.239668969489685,45.02266938878256,41.481104071039226
ng2289313,-9.015201481340227,38.64012735408505,57.3206675522639,64.28802376939939,66.88810487046942,63.94170916202961
ng2288521,291.7366688826012,291.74874318729076,291.75952917488894,291.7699481263294,291.791156998881,291.8124218966791
ng2291209,87.91339682067473,87.91339682067473,87.91339682067473,87.91339682067473,87.91339682067473,87.91339682067473
3784620,26.76344635905116,60.147100686902604,78.64639537902872,90.95056475759725,104.3853733714866,103.6027592883188
ng2291628,413.6027305938735,413.6037141483755,413.60459872676233,413.60488928022255,413.60355492643134,413.59905191001576
ng2289118,-32.97554904513231,-63.65945138759275,-81.84618940213295,-94.10423553158603,-113.45396453502849,-132.5361715145898
3784645,198.61127389665467,212.77153074531884,224.4598460662894,237.26854700914282,265.9489623323318,295.3000210532184
ng2289314,176.63350955568262,176.63348777260717,176.63345207221846,176.63340671232754,176.63330415794212,176.63320332539456
3784646,35.643062621459194,-32.6853472154487,-62.9289995690383,-73.4695575827268,-69.23745317313092,-51.9261766909176
3784584,265.6665474602587,267.34714945967016,263.6558033129438,256.22048791998736,239.95493577363868,224.4259319184198
3784518,25.031284291643487,35.109375331112915,41.65962916835724,45.79332313973646,50.21464228773948,51.14092280090722
3784519,321.57903748102717,292.58584233896795,285.45466151607366,287.07438813935664,297.7903582503368,308.8784463556635
3784585,-107.46616916111134,-116.81099297860828,-115.1455574329068,-110.01077627647305,-100.51599130622867,-92.98714096844697
3784548,129.03860656693882,100.83073784613771,81.66255627700048,68.44036067465618,49.075797672975796,32.64148682663131
3784621,372.22555211174495,323.54530519005584,297.21063091306337,279.4171104589593,256.985586276757,244.08820296923682
3784549,403.36671435388075,394.6482678483551,397.99851628575516,404.461559933565,414.3077570233929,419.79380555053785
ng2289350,167.90541593744433,168.09369343292087,168.30147399322095,168.49477985233352,168.69200360897162,168.68718285977707
ng2292357,108.04388730014239,108.04516471682518,108.04623417557696,108.04841449054743,108.05747917752956,108.07475289584454
ng2289353,244.59833915144304,243.31813535567335,242.48699824071196,241.95246604728618,241.3675327235435,241.15531869133247
ng2289120,56.0317868179975,56.64800734815549,56.9913021338682,56.99821347882926,56.674368998339105,56.202432324767415
ng2292283,222.47729017890174,222.4682759331322,222.46245494043796,222.4595074089375,222.45969322213864,222.4661774514948
ng2291646,179.4328817416556,179.47960318110472,179.24387959931119,178.95219410773666,178.4215551353659,178.021404645541
ng2292362,261.4862753247892,261.49397638834535,261.50113791206013,261.5089277351601,261.52758822250576,261.5519224548291
ng2289124,-109.10076244399124,-109.1575704745801,-109.16963437971845,-109.14632130199016,-109.00303102345742,-108.77064466739625
ng2289122,350.48345057422557,350.4440403679255,350.4186267088628,350.4032840303105,350.389713293318,350.38877088724144
ng2291633,-44.40884351155614,-44.944868448374336,-45.546168970145345,-46.107594504267354,-47.066473751360036,-47.96028906949209
3784657,83.16285447477185,75.81802351803685,77.68150031097389,81.878227101206,90.53021346541823,95.27790019331087
3784665,247.2041437672076,214.7092287254345,195.4554544152927,183.8803101474723,173.0220585429738,170.97191541671123
ng2289354,90.15755666310906,89.81891605973283,89.39693953495225,88.91526289063404,87.87686044406018,86.86105048772515
ng2289352,434.8689827579874,434.8391627903941,434.821977844158,434.811871445796,434.80018304653026,434.7905768967928
ng2291635,110.99855769807732,110.87931785620594,110.72676724163284,110.53559377111492,110.09519088486059,109.75092829388268
ng2289121,-224.10622442947943,-224.08367155185215,-224.06718234002528,-224.05491806892564,-224.03767662841938,-224.02472770048803
ng2291042,728.9966662893053,728.9718661507138,728.9632347829277,728.9654644239238,728.9868996077755,729.0187483525092
3784658,502.4418487887599,528.079869059947,526.2322165719813,516.2665528055729,497.39150392922284,486.1672681705468
3784561,93.37443870724564,95.57994425060087,98.63585975504225,99.12361625685912,100.62466044558664,110.37422236232919
3784608,151.79535784986865,167.25760397068802,180.21711920935718,193.4340245125611,211.20699611834425,220.46551391427374
3784609,123.1958669823714,125.70185460376524,132.31706875815144,140.20884975377248,161.31515986320392,184.21570731646193
3784560,266.69514551230327,367.2343520547913,391.5445332321549,390.08422218964256,370.09465936432275,351.65162336636877
ng2289356,379.3897515879123,379.38978667314086,379.3980407292695,379.42359322571406,379.5293106994477,379.71564102541925
ng2289351,227.84191988458474,227.84952882039352,227.85931932397352,227.86828148151744,227.88403086590938,227.90163720838336
ng2289125,50.54185063447403,50.57625558855034,50.59684560725805,50.61335907658258,50.63120218395147,50.63933230475595
ng2289126,534.0060164464594,533.9087895355256,533.832320151796,533.7531598544774,533.535344089596,533.2794300089099
ng2291706,10.0,10.0,10.0,10.0,10.0,10.0
ng2291707,101.0,101.0,101.0,101.0,101.0,101.0
ng2291708,-156.77663301103178,-156.77663176523959,-156.77663077277737,-156.7766300232389,-156.77662903032422,-156.77662832854094
ng2292288,26.14008873912917,26.142454114255315,26.14429933498991,26.1449859992631,26.142746833490264,26.134624127475263
ng2292287,65.03200686000673,65.03066745064666,65.02942196145,65.0287260322857,65.02910302976738,65.03253498668028
ng2291919,220.56952392699714,220.57563568452997,220.58075863010117,220.5849953884026,220.59174586177778,220.59764506908277
ng2291713,100.991267743869,100.77822268120053,100.55572194813158,100.33033625993585,99.90769639845166,99.55081058683686
ng2291053,232.78875902927348,232.8004028648238,232.81937376680844,232.84729199228082,232.91175406480465,232.98412756838093
ng2292286,-211.27260373807053,-211.25626862311515,-211.24391449428026,-211.23471031396116,-211.2208570158407,-211.20700840431527
3784524,-195.27630758008763,-194.75627231676253,-195.198260232783,-194.49657417847197,-190.192170221148,-183.17789913709566
ng2289128,-381.1460875415207,-378.0847290534275,-370.4950299463187,-365.01864821987715,-362.45511789268744,-369.4192164862766
ng2291720,418.3807669965788,418.2931534459228,418.1285474827482,417.95576576956637,417.60063154193085,417.1350237134052
3784633,-75.88380548023042,-94.96987845918602,-103.879694953127,-110.05411240050898,-118.54150419419534,-119.15061863817505
3784596,140.95076844461596,103.4793386982401,80.80203802045298,66.04315941309255,50.059583130006104,45.42169968310941
ng2291722,-48.791559503510825,-48.3757331902475,-48.09624517385441,-47.94127396494696,-47.89971189769176,-48.13717009552852
ng2289127,-18.300649521800096,-18.29682497220051,-18.29293549687395,-18.288673788651067,-18.278823121672986,-18.266965622995485
3784573,146.42756603464431,141.44602238588868,130.13052002755808,117.85786305383476,94.82647369770052,73.46356780821498
3784525,123.14216928546762,139.502180502564,139.67004201397276,133.22949244263032,115.0053923580515,97.92027522456397
3784634,133.3092938216564,158.66764058708645,169.34298004817197,172.5786194211978,166.7341617684856,154.25552961042285
3784535,224.17568482653064,230.39114593748604,231.13113607227592,231.3939451728147,238.33469896405154,251.06479247971765
3784597,-264.47976303872383,-248.76336069593845,-233.01141288386634,-219.3829976945956,-198.23500169570548,-182.75147797261684
3784534,-103.6052602813063,-126.56401972625054,-144.96013305709494,-157.27064216428175,-165.95919334805558,-164.2957910966236
ng2291725,130.07061280137373,130.09374804799495,130.37023972740462,130.70345275046884,131.40929474501286,132.2247545156115
ng2291726,157.06684166474702,157.0713751578885,157.0757734315414,157.0813414595541,157.0973112508466,157.12155445465578
ng2289129,-287.2858580735499,-287.28833738412686,-287.28885388794583,-287.2878259014369,-287.28386978691105,-287.27987162055547
ng2289312,86.6209965107148,86.21991656145019,85.88985730134618,85.6316917838426,85.25403901666664,84.95076512254059
ng2288522,-138.0238185663777,-138.03552457527144,-138.0459815787358,-138.05608275433542,-138.0766448010845,-138.09726121879294
3784648,311.13063386942054,365.5454442434715,393.70825942685053,409.48281276775924,426.2914899501867,437.0678477026689
3784647,-152.1150143740174,-143.09579078420325,-142.51931399540126,-145.34171241062313,-145.93551639212524,-129.99756530728519
ng2293315,44.47144904077777,44.46287495541765,44.45819236781722,44.45665982596324,44.46043639520144,44.47088255989138
3784622,56.79035706628315,75.88287070150977,94.86870418902254,107.71204648647608,117.62557098915477,116.1656642421533
3784613,269.08527111960643,267.6288618645917,275.8582419069912,281.43517313412076,282.1578153140472,273.9305140031224
3784550,-337.14877024549173,-341.90889735129485,-352.13583769095294,-361.60760382475064,-373.968931618585,-378.21017521082103
3784586,84.29396188529472,103.78578613337504,109.42372502842727,109.79569161668542,102.87344574562326,91.09823908973362
3784587,87.00919540163272,67.1642957231968,55.98404814069704,49.964472601163834,45.06358052290511,41.7913415289438
3784520,-37.47549102065591,-6.647098151054934,-0.3700408269626223,-1.1266062766849245,-3.0275130455006547,2.404070641955286
3784521,-21.088632571705148,-37.53312899456864,-46.62605435532919,-52.767898673009995,-62.81907083786837,-73.56464177664907
3784551,165.6740343643503,206.46537859024033,226.83587421278344,240.34730910440794,255.2657936135115,258.8035907268252
ng2292889,102.01740512286938,102.01861568222148,102.01962916784169,102.02169537021814,102.03028563727844,102.04665531898536
ng2294014,-95.31957385656051,-95.31111825579842,-95.30969442428977,-95.31283778710667,-95.3256168751916,-95.33809393618844
ng2294064,87.5825516162422,87.47241999309358,87.327618715281,87.14541033309547,86.7268442870618,86.40327314233832
3784610,-0.5724067162157098,8.63717985115727,11.560258279528398,14.711759909299417,23.427078866647435,37.24812862807289
3784562,90.78620117475703,34.11546775643501,23.241587657907075,29.343186917637468,55.26151953850217,82.60219247166287
3784563,-90.78182502607297,-109.895624938217,-97.84854886038443,-78.64844171898949,-47.270324290850795,-26.481003004622153
3784611,50.83324262869246,30.68948649836352,19.2566675674625,10.521942799887029,4.654879069997833,10.647964662864979
3784659,-468.660364305596,-512.0558831070773,-525.7420643098594,-529.0136441533311,-531.2004125141011,-534.0894013946115
3784666,-519.7310399965847,-441.1883955597227,-406.8735109654641,-391.40707796273455,-380.1119718960548,-375.0771115360824
3784660,180.59128409040727,190.7223925674059,189.5622993501288,182.0391839390836,158.52556599437617,130.281290228834
ng2294276,15.540058555792257,15.540058555792257,15.540058555792257,15.540058555792257,15.540058555792257,15.540058555792257
ng2293320,31.35723291250747,31.12297393939957,30.81773622891842,30.489827848399273,29.96828105763052,29.636380340859432
ng2293321,-8.518900634262991,-8.518937865988505,-8.518967526703136,-8.518989927403481,-8.519019601646733,-8.519040575137637
ng2292398,236.6633180333945,235.4887285541995,234.79976477824107,234.43274459815302,234.2071962650034,234.33917842400183
ng2293325,165.44491792140798,165.44491792140798,165.44491792140798,165.44491792140798,165.44491792140798,165.44491792140798
ng2292399,3.41007904151229,3.4122377556700485,3.3965455414947883,3.3748641505856085,3.35335729653616,3.4656122219121244
ng2292416,320.54363467819303,320.739652185777,320.9514636652598,321.1689530269821,321.57995816411153,321.9294427496495
ng2294087,-180.41695942201227,-180.4012876173149,-180.38943516769564,-180.38060476536862,-180.3673140642711,-180.35402788377678
ng2294292,199.24040268297472,199.28947890712197,199.3135913327651,199.3274958893055,199.34654682816517,199.37073170768326
ng2293326,86.74648917515674,86.83548944855488,86.87046893651836,86.85831279866034,86.72243875821255,86.48811534844572
ng2293338,-141.10803996826849,-140.25015526409152,-139.75027226634484,-139.41897512222772,-138.8970648567872,-138.3546617190998
ng2292418,106.27627985042591,105.6592516720948,105.15631437783281,104.75844986260245,104.18507355379347,103.83366560223271
ng2292400,-229.87686765542912,-229.85106847924135,-229.8403625459357,-229.84548530143024,-229.87780098611847,-229.92151801492992
ng2292417,309.1403056222821,309.14976481367216,309.1665274064403,309.1919971478146,309.251190033571,309.3175353926388
ng2293330,151.09022271720823,151.0965301518363,151.10668722370565,151.11710726117144,151.13544522639427,151.15169931791274
ng2293332,-11.285929377785124,-11.285967344659184,-11.286123967133108,-11.286389726119978,-11.287264786857804,-11.288652100962963
ng2293343,-85.27739437043147,-85.53991646280338,-85.90596346433199,-86.34566490519455,-87.32328229796508,-88.29716868646278
ng2293345,106.24178788388235,106.25072317181252,106.25555629850555,106.25776936857324,106.25670280912755,106.25160818631366
ng2293327,-238.20262366404813,-238.19246890428735,-238.18034756161614,-238.1667479295429,-238.1374820695337,-238.10821638277775
ng2293329,403.36125203976417,403.32394083901363,403.302690076516,403.2913792945901,403.2836898821133,403.2845047996009
ng2293344,-134.91488895309226,-134.33098698505933,-133.98501703969805,-133.94521906843102,-134.20375951419192,-134.73581334356936
ng2293346,368.6737797393025,368.56487237388046,368.40466819016206,368.25590721393905,367.9947035149494,367.6824783311158
ng2292401,642.4320056110248,642.396910334395,642.3761280193246,642.3652831940044,642.3604161116155,642.369429967662
3784635,-3.7180019400789206,18.286835773695657,29.04497829015213,36.180358473587376,43.36811038733208,37.565965467357046
3784599,242.25782738690896,236.1203202217473,229.22803483666303,223.9949733047465,214.35643343807033,209.4956449036315
3784598,158.47678995838191,179.72650255563372,182.5468029300082,183.12015246964665,179.9948164243608,173.21713339147232
3784537,207.25151938654403,205.95140721720827,208.64529288279255,208.6567192116563,200.40302893561466,192.14403387530797
3784539,113.37541117809701,95.8709753510202,91.06277830710042,89.89421199510684,92.15711884750681,95.89401589946738
3784538,292.47919546843605,299.33052846070086,309.04054804445195,318.4582409720499,330.3509705132376,331.83472321152544
3784574,44.20741311583788,88.58337698622313,115.1015345470496,132.14818415240302,154.52398538948478,169.7720815893381
3784536,76.11328381765861,90.29060889982793,98.29456547486075,102.44429381931513,103.32475983237191,100.44792039273716
3784636,222.76864736631705,197.77793409653327,187.81377891951342,184.36636567925711,185.78311182037623,193.89628515927689
ng2293348,-288.84828397139177,-285.341380174905,-272.8162955371197,-259.5197462899969,-237.62664117575423,-224.06538884453835
ng2293349,64.45866808238588,64.45122890887819,64.44658115851507,64.43890515124735,64.42706604685964,64.41681609895954
ng2293350,116.40360124233894,116.39217915989411,116.38698589245496,116.38712566162872,116.39923789415457,116.42473512043375
ng2293333,117.25568472463783,117.25668772647941,117.25740770210382,117.25766358123565,117.25678368444756,117.2537543969006
ng2293328,371.4332913306639,371.9449736926272,372.52246669340934,373.0628795004577,373.98653414420164,374.84663188040213
ng2294092,481.93072892848613,481.9224743115483,481.9135671793533,481.90491962819624,481.8897300777794,481.88034260447944
ng2292402,576.7052722748633,576.6280144540592,576.6138349419766,576.6295784813033,576.6817706807478,576.679643226508
ng2293324,154.9349620672965,154.94713756782517,154.98671871153692,155.0485732706868,155.2561572733241,155.51562055933573
ng2291674,37.599900417279514,37.20941301148173,36.88749739039599,36.6350695714043,36.264223864835685,35.96557825494551
ng2295250,449.32797757168487,449.3065085114499,449.29296832637783,449.2876822378814,449.2969269034468,449.3289061950993
ng2294955,141.02246817191576,141.02246817191576,141.02246817191576,141.02246817191576,141.02246817191576,141.02246817191576
ng2304075,55.4460213329819,51.235887241108685,59.11233470887578,68.5823661167708,81.2235794424139,85.07228641968595
ng2304537,146.9725295029598,146.65677728543642,146.26105787752613,145.80781811561383,144.82740889188267,143.86685414466137
ng2303569,91.7410454010128,78.27383242430005,71.60084954348918,69.69996899451439,74.42465254607828,87.97633777468559
ng2305293,69.41657950968647,69.10069076387481,68.68164457478633,68.18596725227849,67.04353298258343,65.87088291842679
ng2307011,164.56224388501414,164.5355683758471,164.51723217376366,164.50660576079872,164.50226328557687,164.5156957603017
ng2307385,41.13925537559271,41.6074002024875,41.534012223291256,41.27359275966228,40.62506100044857,39.93536381734225
ng2308107,526.5768052864012,526.5675248450627,526.5614110027668,526.5581332163754,526.5579266552431,526.5637916512162
ng2309412,136.1114928623499,135.81009865812234,135.44294751900247,135.0370645378523,134.20753718674882,133.5303391377647
ng2309207,54.089327550317876,83.36019644301678,98.60931329198752,106.84831795421314,116.65807333865928,124.6333735577025
ng2310071,129.007495540764,128.98374521899382,128.98067313798379,128.99144741696978,129.01812073202336,128.98352043814975
ng2310072,137.1843664259768,123.68861314862306,117.0690658630208,115.07547911401662,119.12961793914906,131.54139110994015
ng2310073,283.0425206741895,282.672107892643,282.36565885883897,282.1242800985167,281.7667773326473,281.4736732834642
ng2310079,70.64360268511723,70.70052786643078,70.8049759739747,70.94228348264573,71.26201396606939,71.58492578924438
ng2311033,54.673934982904484,55.02452597504521,55.46810406136956,55.86626613112503,56.48122127105512,56.90805525316705
ng2310085,638.8231481279081,638.732402440166,638.6943414765205,638.7019548833548,638.8247918807431,639.0416583684505
ng2310261,277.7960499727519,304.63795756669515,318.8336029927932,326.6874009696785,336.452527052335,344.7756700042614
ng2310264,9.557595296790623,9.007356402431014,8.559573697155884,8.198254266626009,7.63829236635047,7.151110369046137
ng2311811,281.30243703916176,281.30058350918443,281.29912815386865,281.2969911893956,281.29068551185446,281.282966995738
ng2312312,-163.5135885311306,-163.48976849871724,-163.47728269053778,-163.47310162004146,-163.47913384506433,-163.4918980725438
ng2312549,227.9026690622252,227.09790129077032,226.6446174155983,226.36396512784745,225.97601766088383,225.68838433251335
ng2312462,-28.63062259948697,-28.62249503960902,-28.616895370221982,-28.61515675095734,-28.62384414059511,-28.663433821628587
ng2312381,136.3614249435475,136.3614249435475,136.3614249435475,136.3614249435475,136.3614249435475,136.3614249435475
ng2312357,-223.8953356041918,-230.73205547314865,-241.90046226202753,-253.36644482588872,-272.92646780272094,-289.41799282587795
ng2312613,230.36927111171417,230.27848042778282,230.24032505529226,230.24825807878983,230.37332522424163,230.59561961765598
ng2312382,266.8060266723621,262.0482927851958,264.45454507819204,267.19973155307434,270.80317785204215,272.99034158839004
ng2311521,-535.2659538263642,-535.2200787775259,-535.2072634807373,-535.2080382381087,-535.2318317808297,-535.2735464987616
ng2312615,499.3245637146995,499.1945694032622,499.0135179353688,498.83339795572715,498.46982166949715,497.99189609428026
ng2312386,-44.29643320535547,-51.372082808523146,-53.7528937014406,-52.95668115740273,-46.215885880989845,-37.93814296823916
ng2312358,-535.5500604673236,-526.7038657647331,-516.4413491864852,-509.2241519014681,-498.92596596047315,-490.0697851875532
ng2310909,124.83059957775504,124.32047734107732,128.65653474207943,133.86293183122984,142.0326033737565,147.10450232691755
ng2310639,136.15080558176214,165.48460170872067,180.5401803362713,190.31212193799,199.08178247558385,204.21576991340226
ng2310638,555.3227601167155,542.7504112936024,538.7616391779209,540.3440337297425,554.2403475653093,570.375447319107
ng2310637,-358.5204434024838,-410.4342843276395,-417.91320493205217,-413.25287540833233,-400.4165944454744,-393.8046591983116
ng2310910,5.083591005927474,16.70918430278107,30.790443819552138,42.07542356670683,53.04739418358645,52.13844714395941
ng2312359,123.03512716094383,123.21708064064046,125.37176127630767,126.3169075621953,121.38139607163907,108.73303281311746
ng2312351,-85.30691859236526,-61.97751289256985,-45.08761351143289,-34.81390485957991,-30.296533735092453,-34.377261240219696
ng2310640,199.80829288766722,223.6198178636937,231.88923470251052,234.91262530173617,236.08673107125014,236.89289080613435
ng2312360,192.51338360459044,192.48965109544315,192.47324558441755,192.46366508372898,192.45956149936615,192.471484963002
ng2310641,-342.6302399408405,-312.9487615778253,-291.88236714331697,-279.23052488244366,-270.07109280031796,-273.6254446705275
ng2310911,193.58636229812691,193.6134692384005,193.62864181110535,193.63583643942707,193.63808822405895,193.63194038210577
ng2312361,-154.20967223068737,-154.2070959596001,-154.20673254813846,-154.20773334547403,-154.2110297272443,-154.21065543504778
ng2310642,-301.85378272978164,-289.1997346553801,-281.3384100546757,-274.6730288260037,-264.04992104440134,-256.6012205477666
ng2313003,177.34463359463007,177.35531477808763,177.36172665084496,177.36553271288108,177.36815228417368,177.36781734010265
ng2312927,158.8661375012989,158.86514523164965,158.8642765278671,158.86340518072075,158.86174485104038,158.86003364637713
ng2310650,240.20086964763868,240.21133284834195,240.21021262124555,240.20686124703707,240.22595262985328,240.37454847312642
ng2312407,-399.8661348103785,-396.45415554167585,-388.8013943955468,-383.3209035121465,-380.7013071144181,-387.45921328255326
ng2310643,-414.9098289406604,-413.2893033010255,-412.1537022320424,-411.7096454529699,-412.68703934775795,-412.3806289688482
ng2312409,93.69581748644828,121.8773103759006,140.92265365689332,153.01378320979984,163.77247257961062,164.43862299959574
ng2312408,209.2143600544655,205.37146460017334,207.4655010390818,211.19947301672323,219.3741696561599,230.23394864441616
ng2312912,38.70074815277144,38.69800869614778,38.69513112078289,38.69227529565683,38.686973665702,38.68272688036791
ng2310644,90.31231783742578,77.65107670633233,70.594389343893,66.47977073662128,64.1540062509041,69.50776978921203
ng2310646,-6.471155548358411,11.812240731821248,11.254703725552645,7.681559936016811,0.8960924677005551,-4.3564368970507985
ng2310645,16.504943168813725,47.78327763644552,63.46873733636903,76.56169040985742,102.07971291614126,124.40437575409919
ng2312913,179.99166866117184,179.99524243752148,179.99878421055814,180.00346040508794,180.017301489597,180.0386137305402
ng2312363,-318.57486859714345,-309.91543747894843,-297.86442122905964,-287.66407956873445,-273.3738010597558,-267.9324946092527
ng2312365,320.16394495144937,320.1781692381385,320.19941083934464,320.22921903358747,320.297153060362,320.3727395143899
ng2312364,241.86978786437248,247.22912116977818,243.4915859493551,237.76486861584544,227.39111437018641,219.7889174220852
ng2310647,442.37985455396824,455.74348309045763,462.3795309773325,465.5324738473205,468.5365727060089,469.21593259910765
ng2310648,-304.889597923838,-239.7139999251417,-219.45944660196778,-209.1612808950449,-189.9098747714197,-164.2564940657212
ng2310649,53.00607426375086,26.31945252708897,18.282678054142252,16.053114785366915,13.599715882292685,8.412111641997399
ng2312366,139.55651847090076,139.55339312397064,139.5608604897236,139.5821243919579,139.67372784993495,139.8940238859916
ng2311520,439.07635227585274,430.08522721827876,431.134689471668,436.25039460170933,452.8208679751049,471.8267824397235
ng2312367,-224.78359112784005,-222.34418657204606,-220.56918168352672,-218.1979017495603,-213.08823771194488,-208.55653862476083
ng2312915,-56.16403665519715,-56.156606142456894,-56.15148672129385,-56.14989721266511,-56.157839539775296,-56.19403390276511
ng2313432,36.48212241663373,36.47953871538061,36.47682474860062,36.474131295716006,36.46913109870752,36.46512577211888
ng2313579,62.22261304448307,62.70660449747106,62.91442856826825,63.00063112431917,63.026387557444195,62.94567844826747
ng2312969,156.50193030727087,152.00461011860807,154.52307560789882,157.36662073948855,161.045850210465,163.15870195049683
ng2312968,-22.176603051511393,-21.53882360077864,-20.78636723919476,-20.07216863179974,-18.796940998219043,-17.471796199873097
ng2312970,136.38528685450183,163.16160975869093,176.9637424179,183.33209212216047,185.25737962336598,179.41755415535613
ng2312971,40.9006903186837,-21.77860836952459,-41.59556179968922,-45.1645457332927,-41.6248600848005,-37.371457688574765
ng2312973,-15.781509596851038,0.7657232578924322,11.932219539370408,15.137139880547693,2.561056432297164,-18.96986726227351
ng2312972,311.1127920260194,313.25353944437234,315.04563204123747,316.95025627205314,318.1374607788164,318.16655247359745
ng2312974,130.44777967257778,106.77431074769083,98.37724046432709,95.18361021384271,93.69076526262756,92.61489219658847
ng2312977,271.6854270269346,271.7118755734791,271.7271996705033,271.73521275028475,271.74035877957135,271.73755714426693
ng2312976,288.2979725677933,288.28715205319895,288.27812287677216,288.27085492184415,288.2599503650572,288.2514080956514
ng2313727,374.8129413284689,374.79987109767967,374.78652091837057,374.7731598078876,374.74798495094115,374.7250312022991
ng2313029,-81.80798998589785,-78.87008648127835,-71.68935848336127,-66.57503796198876,-64.33951540316252,-71.21445650399846
ng2314385,29.405565028710498,29.381915446688936,29.362550026904046,29.35352780596645,29.367266416282973,29.434551632776902
ng2312978,-53.40401936626199,-87.85251369318576,-106.28325606194221,-121.21578081115013,-145.63334396249547,-162.47133912599793
ng2312981,168.6023138718649,204.40503537840436,222.9608012374465,235.55336571315684,247.87284200751014,248.53905065519461
ng2312979,233.06083406367316,233.07079991567184,233.0876455045568,233.11283692788106,233.17104554727348,233.23614982813046
ng2312980,249.62395136471582,228.15648977523415,206.35547309214166,190.4369240007925,175.69864005358204,173.52718120446502
ng2312984,167.9342048066096,178.41667262329406,187.19715725553124,194.2026770448672,202.97321578941978,206.91317378780082
ng2312983,-38.2427118267417,-9.634778012645938,6.985748002150558,15.96902329465729,21.911985173873745,24.25838603592706
ng2312982,31.640826997617523,3.6668637922402922,-14.968992415133016,-26.727541880583203,-37.11549972842181,-37.699275114401416
ng2313956,311.976873924081,311.9913194390533,312.0014401827234,312.00769779357665,312.01219626034754,312.0086410851759
3370549,-139.758656026602,-139.68861031878168,-139.86261035676512,-140.2085707532351,-141.1770771419267,-142.34435783288654
ng2312989,352.55646818283776,337.7336118599917,322.1340850177744,308.79666999906544,293.2270053203299,288.29451208398973
ng2312985,322.60162716032255,322.53786986793034,322.55148863748946,322.5397063898299,322.3145647894157,321.82187625279744
ng2312986,-277.41974345441304,-252.54963697379162,-239.19127464774897,-232.277551286174,-229.72695849857246,-236.7511278207594
ng2312987,-332.33347697365343,-320.6549296138694,-316.3098631105438,-314.1049993558386,-307.9256024146489,-299.74243504369474
ng2312988,197.9369174949245,161.92803620170207,159.05675174765815,159.44969536975532,151.63974753904495,130.67690938043665
ng2311524,-153.62751726843953,-114.73124573898076,-96.03861988077688,-86.01610192596172,-76.8018417571459,-72.84148726932108
3854559,206.20477179807494,214.16067956828942,221.1720453725386,228.3575607171249,240.95481947761823,249.67162934609223
3854554,-229.62204912895777,-229.4799530645987,-225.43690020547774,-221.1395961338942,-215.5454802019558,-213.88706971792067
3854560,-13.644286174537228,10.941286853233123,20.803048243698868,24.729191505837207,28.650056954157208,33.62709595982756
3854572,496.63412380486125,496.76195879819625,496.9595475410649,497.1499713133719,497.50704677753083,497.8937863522626
3854580,276.1314098403541,264.11451242390103,262.1670742523404,264.4584700685177,271.3103504680523,277.26284589559623
3854573,42.99867240177946,42.71420859311888,38.073944224126535,32.73760467674401,24.444909820175326,19.229237069563396
3854579,259.72262525312976,267.9931334554044,278.092231334751,288.917739042894,308.32294910768564,322.9433312710123
3854592,-120.76830183734523,-127.0216485173039,-137.6346881400475,-148.62421373181883,-167.44969670263163,-183.40692876880757
3854586,192.36392809891618,243.76222859508448,251.20156553187962,246.61007490690076,233.91844706142456,227.26901705668433
3854585,381.76780874381393,380.02208243229256,378.67349560165985,377.9372784829352,378.2055762826333,377.29527400183906
3854591,336.5503506175446,327.6175344120909,328.66104685539653,333.74820184158284,350.23041063262986,369.1453196921598
3854598,283.5815684993954,271.2348819014305,263.57106149794413,257.0733474771271,246.71551399161694,239.4532347174968
3854604,151.09886023774038,152.63382112361433,153.4939873041942,153.95757072410947,154.3164946508923,154.31286975432045
3854603,436.26439910131694,449.7219682224504,456.4565592633321,459.7369531075244,462.99055207757215,463.87831550369674
3854597,327.8455236073387,330.7098683490042,332.8511653988196,335.4934486465329,340.9884050058247,345.86290754533775
ng2314752,440.789062934326,440.7890634235664,440.7890642253849,440.7890652441524,440.7890675474896,440.7890698121553
ng2314754,553.1026577897574,553.0870027139288,553.0751629144488,553.0663419358402,553.0530654168635,553.0397934117618
3854562,47.000038766875605,25.012944024015724,17.25065807320152,14.619249467579493,11.892876139806276,8.685058687339506
3854555,-76.47982621717097,-81.12813575824134,-85.34136533708875,-89.20597236997378,-96.650935876203,-104.51220002577793
ng2315038,-233.68391794403828,-232.28502175427639,-231.73668341074176,-231.51617014654835,-231.42451504013798,-231.46427105787734
3854556,146.69745178303037,141.86712048234926,133.80761522794865,126.00870738555886,113.96142185117515,105.62065732361293
3854561,193.0800869440577,204.59753593084247,214.30954917822487,222.8822040500695,236.40805300171223,246.27924026644132
3854582,-59.76575049803682,-52.71729373818357,-46.57085836944134,-40.94305816161909,-30.785025592713055,-21.435835948205067
3854575,204.46049176598672,207.93956925550538,215.38948913733998,223.03763717776837,235.23268768241542,243.99594683302598
3854581,101.23009161197297,128.56589116942837,146.75498637421674,160.91027178470154,183.60409937525765,201.6082346609469
3854574,188.8356829849322,193.4352364938543,196.90136615675374,199.58295722157595,203.86490223448732,207.64136185138545
ng2315539,135.2307633045723,135.23083215235988,135.2308842310514,135.2309230390082,135.2309814630985,135.2310398709128
3854588,137.4419078878625,145.86483934987655,152.86899176486122,158.24805162339976,166.25164558254914,174.64695457224298
3854593,183.247622710737,167.92703415665005,161.03139885975384,156.25832168130728,147.47025960563337,134.46352723009136
3854594,235.42985773648252,235.56971027654322,238.11277706434998,239.01954087085278,232.1094606689894,215.5213805834585
3854587,106.64393461662712,62.04102098315843,60.49369122914777,70.03493660290701,91.65125544258967,106.18707048301508
3854600,-239.62140405087484,-229.07720110934292,-220.02992020318538,-211.34827824143008,-195.81925954334883,-182.62355066312807
3854606,227.15062094984,223.21412109532253,219.37332435323583,215.83241653028153,209.14852749055717,202.90885320190773
3854599,297.21483874735077,317.23640018356605,331.814882289033,344.36963857612386,364.8039166529395,380.4383242492531
3854605,66.7276979828066,77.27094290405489,80.68716466411388,80.57095714770821,76.93392469198375,71.13454425037503
3854558,85.26008985782823,79.24832248173902,73.21594504457539,67.170031360429,55.06581745183394,42.190844787952756
3854557,369.1067549724635,365.3538287999893,359.17091238166813,353.7291139871836,346.46960254779583,342.5554170777689
3854563,-195.22922210142633,-229.84378823888164,-247.701538581955,-258.8693194216114,-272.4368424306447,-278.9586044429757
3854564,-23.152625659175555,-36.61138988844664,-50.09491513411626,-63.712512526160026,-91.11843520635512,-118.63185748507226
3854583,-373.7965637037546,-373.87830026461506,-373.9808034241644,-372.68482166410695,-363.04466179797623,-344.99111519799294
3854584,-164.31377305889032,-165.01292996455368,-174.8999294542191,-187.62551777783665,-212.56381400395867,-234.56980374264458
3854577,-252.23131731069952,-256.0021405625089,-260.2092124545384,-264.55574415513274,-273.36131495471454,-282.1669764863309
3854576,-231.04913059237242,-244.95913697267792,-255.65184071488443,-266.70276236734367,-292.623730475759,-322.21232085411384
3854596,-174.47965757515544,-164.91687761184585,-155.50371393331625,-146.22176031703384,-128.01565415087543,-110.08558699587547
3854595,-30.69601029578098,-13.963559874769544,-4.4974560525288325,0.8649942535503214,4.500079493823478,6.366284270117831
3854590,-286.7390027107797,-357.188639008933,-386.7912865906785,-407.8651069491618,-451.4975862376682,-500.88705638243096
3854589,-266.4493126692241,-274.35866261428646,-282.7313066878844,-291.4385055748296,-309.84649185876106,-328.5131070984096
3854607,-232.12517920922642,-251.55662713804008,-262.9885067252851,-270.64932953682705,-282.30043233191304,-292.0867175455155
3854608,-323.2380321469957,-303.406434280035,-283.01138755857073,-262.350321332827,-220.7028750806776,-178.7836786858686
3854602,-58.68546619105837,-48.693472488456564,-43.44458942531173,-40.3147558354392,-37.56099297160699,-37.32489102574323
3854601,-567.1767620480084,-549.4183607552566,-531.7004899035878,-514.0058110663663,-478.637600298875,-443.25422412534
3370550,184.49435447155224,179.3919632651032,172.94046269953674,167.94576024477874,165.35840640673132,172.09564594965855
3370551,307.56144948566293,339.27391249399807,366.764145673385,389.7658501843034,423.4979672392203,442.7732398888925
3370552,197.01878457708108,207.82563203437076,214.53986383966026,219.62540252705685,224.9898174054756,224.26668024789683
3370553,164.74652019850623,176.58405299518677,187.4018388166296,198.15084522259485,217.73922216213168,234.8687695423589
3370555,-88.90150956908451,-81.94504021307421,-78.32918196314859,-75.13945291342293,-66.98992550378966,-56.999478597417465
3370554,364.72964315062814,352.9881156387439,339.789459875803,325.87678258573715,297.48943351805224,270.1928555444126
3370556,-193.09783509766908,-202.30491829924972,-207.07851801482252,-207.55637684133626,-199.7085070678079,-184.14007241890317
3370557,62.493178214289856,84.65508310130917,92.48257358826368,94.03374991948817,87.69541529758271,73.68520433696608
ng2318435,466.36358453878404,466.355411991496,466.34890159861914,466.3439849108048,466.33747198481694,466.33286885673976
3370565,-289.0299412461152,-278.85266355070576,-268.27895102892217,-260.0134928734001,-250.6621482467574,-248.35343575974616
3370566,-73.47448866248578,-85.38893422035994,-94.61828096004479,-98.95938729375234,-95.14420060893667,-81.8694208357474
3370567,-184.73650794967625,-182.39276015118685,-171.17949469724203,-156.03859151574216,-124.1145183108215,-97.31045243966969
3370568,-19.499998894262035,-9.244223812804648,-1.8969751716608698,4.2920222347850085,13.686501395619416,17.195927547133124
ng2317863,391.0949114952482,391.08655388035527,391.07958450997944,391.0738564904557,391.0648174784244,391.05699446762856
3370569,174.30234524396064,191.73457082533923,203.83748759169544,213.95291653500635,229.50860123907182,237.8595469697259
ng2319380,380.4001034952332,380.3961325109053,380.3915422959749,380.3866726236331,380.37726874902614,380.3691786605325
ng2319143,343.24964214154033,343.24157630743764,343.23515092727405,343.2302984434167,343.2238705681083,343.2193275528159
ng2318836,484.88677106391924,484.8720659148653,484.85978898378403,484.84968971747367,484.83373763140185,484.8199158230277
ng2319144,389.65847365955074,388.7483667624424,388.40863253281464,388.27509343070574,388.21377894396846,388.18517202778935
3370570,163.08213476062838,168.4285897777986,173.01141887559152,177.2793026099448,185.88667026318808,200.29545217347095
ng2319781,297.7536210410931,297.7598322628229,297.75899436089935,297.75509804800174,297.7444676259846,297.73297388174274
3370571,41.92672362055214,38.81494990833107,36.63080407079633,34.391453912736324,33.14198562231559,40.28769479202856
ng2319923,-41.84668836773358,-46.640277753394685,-50.21836107768377,-53.22802464796655,-58.34508179769273,-63.11019625447875
3370572,54.07326400615307,49.698496691075206,40.94767861907121,29.75257630082274,5.443354946545696,-15.39607349411017
ng2321191,108.41780554564639,101.61768681095828,96.25530889516722,90.8298334614351,78.42472294019058,64.80715740794585
ng2323372,333.8581136315554,333.4008291711839,333.19695507788174,333.10800004551106,333.0733965700315,333.1464173923639
ng2323351,1.0068971165715084,0.9425135698461418,1.203149166454068,1.4564302600240353,1.7622948043558608,1.8320228882480478
ng2323373,156.0890719444219,156.1359597740227,156.0442288111003,155.95794259406784,155.84557432221595,155.77238643523083
ng2327488,90.18782540702045,67.58906526714668,48.169119027162424,31.932305624394985,8.102106512276805,-5.579481347283718
ng2327462,159.66105817071684,134.47879964299023,111.71151128471456,91.51778256890088,58.65260709428753,35.90222895078455
ng2320647,224.17476780311176,232.68841185691463,235.27159336453724,236.80084262884452,238.4417924017639,241.11356189833668
ng2329538,363.0282958635871,363.53979274830044,363.92546295654165,364.2281719052503,364.5894588229471,364.55488647858397
ng2320648,181.24862398173832,171.36074955766162,170.0286880243125,172.44865146882353,176.48027243966249,174.07278504153146
ng2329604,244.2325637181525,244.22643903602875,244.2165615564861,244.20599485815956,244.1863172840242,244.16658362169392
ng2324625,298.85002132730824,321.5637522301199,331.98753622127856,336.19555723331246,342.3527924613536,354.38527731230215
ng2324626,282.92307301095934,288.2291959616864,294.9263385370489,299.91693199210545,308.25273096583055,315.467553183837
ng2331925,243.56736333118147,243.58490640743526,243.600824712644,243.61230742511293,243.6215125221886,243.6104397400652
ng2324699,54.87260487488152,64.0679593183122,70.77213758224866,76.53165519757113,83.78805290952982,85.40576078038566
ng2329341,-66.53826696459441,-61.30927232174372,-56.93373780371098,-52.87090358088835,-45.96900452248565,-40.36930008068816
ng2351870,179.41825034550743,179.4405737218906,179.70671356508478,180.02744090964643,180.70683018693353,181.4917211049626
ng2354306,169.91980330881483,169.94113152037767,170.19541166341446,170.50185826151574,171.1510384304661,171.90109931602842
ng2353837,115.79452338347733,115.79280212142339,115.79237429575096,115.79057700482326,115.78182304667621,115.7674060134459
ng2361076,307.9109587089665,307.9030775546246,307.88287108498116,307.8544173785813,307.8042598664731,307.82008953957006
ng2362849,44.46516877553404,44.48097371405947,44.49953327573485,44.526566198192086,44.617891132056684,44.82792896985484
ng2363875,273.7203363557769,273.7126804848101,273.6930516517159,273.6654114240855,273.6166881230681,273.6320651284966
ng2364186,-392.29109690964674,-392.28567357526913,-392.28014158044357,-392.2733077923365,-392.2545337967922,-392.227146036872
ng2366566,131.86301660972936,131.8669925976758,131.87082327327153,131.87553763932533,131.88857832272788,131.90773495110943
ng2366886,145.71270802243362,145.71270802243362,145.71270802243362,145.71270802243362,145.71270802243362,145.71270802243362
ng2366953,148.45627922179733,148.4562429834757,148.4560848741428,148.45589257012466,148.45551566058498,148.45516034561024
ng2366983,335.92867959327225,335.9286807084086,335.9286815967838,335.9286822677126,335.9286831564931,335.9286837846752
ng2366987,228.38815159619458,228.2037792222077,228.0027146745424,227.79503942514452,227.4010622440544,227.06610712634097
3876808,371.8867699130599,371.88674772177524,371.88708921975444,371.88766854234245,371.88870102546184,371.8894278788498
3876895,180.40629934713502,180.41308851134067,180.4197179160908,180.42729119157593,180.4463309405437,180.47201078740932
ng2360009,435.13235764964134,409.66593742912346,400.2478979462371,397.50336969575756,397.69837288642566,396.9489648098952
ng2367313,257.6620609285385,257.6790476710746,257.70443939651955,257.74440683738067,257.89945687113527,258.1069462350424
ng2367641,58.42567191938406,58.42567191938406,58.42567191938406,58.42567191938406,58.42567191938406,58.42567191938406
ng2360010,111.14064646720794,111.1273048791279,111.11460059806836,111.1016119077583,111.07437180121451,111.04869908706428
ng2367310,70.98268430109101,70.97613389004096,70.97655897283516,70.98005126206476,70.98996440612746,71.00080288954837
3876851,148.8799225087314,148.88502419713745,148.88978554424511,148.89422412931435,148.90224042038858,148.90922081278654
ng2367311,37.35006363597563,37.34217037503004,37.335882473895026,37.331133817529235,37.32484348137359,37.320397676641505
4044778,-196.7099203906498,-197.56752607923727,-205.07107711540948,-212.24940949068446,-224.3339489396792,-234.70874316584627
3876874,248.48401323574376,248.62729903624745,248.52167450943875,248.35947888263536,248.05713978293215,247.8247765593967
3876850,293.60159324416054,317.411422519539,339.3651261962839,358.9771083255366,391.018708851735,413.22163743444025
3876843,288.1450725153338,288.1472073892287,288.1495978631476,288.1516745467136,288.15321309870114,288.15022958781515
ng2367645,92.2559657962779,78.0795946342705,70.71168883277505,63.91996516841846,48.14615236960958,28.595881130758926
ng2360011,418.3157174427283,418.94333730516746,429.72097135414197,436.74030191429574,437.1843103723204,427.3910331566019
3876870,254.84410415715433,254.84801926137334,254.85185829036664,254.85677481898233,254.87096073476596,254.89256342179124
4044780,-673.9657897695063,-610.1835707263609,-590.657965357551,-585.1670322198208,-589.0262870269888,-601.1840471313362
4044577,274.1642184052771,214.16943811869987,183.65962164663165,162.12304984974867,131.3559170664928,111.47483234897322
4044579,134.47346608848966,162.43799226750957,172.97457988573683,175.3991909658821,170.05822277541097,166.20029669740416
4044779,300.0456627594017,308.753943483023,320.1937027405502,333.09491209368207,353.0588741514082,363.3130848286255
4044678,76.77122018429418,45.95024547716275,20.279724843395343,0.9628363298822933,-21.631987111667513,-32.35772088558383
4044679,345.98749569920255,341.6600831254675,326.520764630003,310.9920107190187,288.98565945713153,280.26785529608924
4044578,1020.5010391494195,1055.3059913137665,1061.11214716602,1056.9765676177942,1043.5467979720884,1034.3040292580172
3876858,508.74332085254036,508.60302895441214,508.9583450313414,509.45153832461347,510.4393824885915,511.1769165784108
ng2366825,599.1491444208439,602.5209567597033,602.196093450859,599.6330423899874,591.5379042966365,583.1112761721238
ng2360012,-24.91546224086983,-47.529731056309856,-64.08659221252947,-75.42454684961058,-87.83076527519393,-93.39206495226404
ng2360013,-61.01387769012695,-65.16383367081721,-68.8623325742526,-72.9234882608821,-82.80470847531888,-95.02984889062327
3876871,99.37995898902682,99.38300186665629,99.38718192613146,99.39241431784649,99.40629864957305,99.4303373008172
3876848,193.03520224299973,192.64261623892162,192.37878381079213,192.23250711208584,192.19332060336114,192.4175011542302
3876815,416.81295683712665,416.15648657162706,415.87095669187556,415.729235873735,415.5715699928894,415.3749668730002
3876873,433.50457407536123,433.99342050570885,434.363539786131,434.6537239343054,434.99513283300666,434.94410332997086
3876805,340.59031762288237,340.7689716979676,340.85256133569874,340.8933058644625,340.94217570945557,340.97216090459756
3876884,313.60387173699246,313.62134361423796,313.6444751933848,313.6747102502429,313.74119967512434,313.8130963742533
4044738,73.36620367547062,77.61017965704173,77.94775032351299,78.88393276435454,80.32994577015324,77.15084163061579
ng2367689,9.584016575192436,9.446227105824391,8.991791652794745,8.598501371368911,8.256790737460278,8.387176648881905
3876842,268.9990465713797,268.9794711771897,268.96420198648343,268.9598948144753,268.9856306562972,269.0686165334689
3876894,579.8639593745233,583.4476630257354,586.4511371975057,589.1026057915901,593.6838474655708,597.9119916394748
3876829,421.075255259977,420.9639384975578,420.9504476843747,420.98169353094704,421.10956781470895,421.26163150101684
ng2367312,-21.075935512885735,-20.595612847573193,-19.014636610962043,-16.323207796146107,-8.340892849407737,2.4888120132782205
3876814,330.17647056592045,330.7120631963469,331.2853248082715,331.81340935966455,332.71102501176733,333.5505909738299
3876868,233.80636991201573,233.80446355866025,233.80281787882745,233.8010091845913,233.79662116969325,233.79074266769362
ng2368064,352.16854189808873,352.60039085932885,352.786856239117,352.8644047064156,352.88730271451277,352.8119632187463
4044718,68.58678739424954,83.70585154648393,96.0543385423075,110.63417353829959,145.2700100964487,178.80060359311938
4044666,103.35052348363115,117.7779161194876,130.40347539319396,138.6621634900573,144.39203405487137,143.20126378491636
4044612,-489.80035304741773,-518.6655078391248,-520.0165029808306,-514.2235059356226,-501.6245475119772,-493.829480751813
4044719,20.519647049366995,26.699768702857227,33.690258773356845,38.66364296729921,47.32902685632712,56.13556843616402
4044759,415.97301802263496,412.76881453867463,402.7089303470175,395.194594649339,388.10722934440105,383.8934023078068
4044739,593.6663174888158,603.29600719925,606.4379822398143,607.7591359817739,607.3095421023861,605.7399685933801
4044758,-68.19093198428322,-80.51288979945548,-88.39584362400888,-94.76212723325511,-106.14892964713158,-118.66692134988966
3876822,407.0555020069228,428.9230669399949,447.6396262455646,463.2559821263594,486.0773261771069,498.9280215360084
3876867,399.0406992013138,421.3568480523704,443.3513428361532,465.2273095480916,506.6368218019868,542.2223275150477
3876828,113.22702799961144,113.20238617592304,113.17712204535428,113.14252554310292,113.03644910647108,112.86645899141217
ng2368792,4.107123419607888,2.740060281001547,2.212581461088803,2.0180021342456484,1.9455856947752181,2.0271825149757206
ng2368278,197.90773863597212,197.90773754209147,197.90773667064957,197.9077360125093,197.90773514066984,197.9077345244615
ng2368279,-168.32621770992705,-168.30452895741382,-168.22689554355247,-168.16855950780473,-168.14612936923845,-168.2330913614644
ng2368301,-39.5039553904428,-39.499484323514935,-39.495126441826415,-39.49129044518713,-39.48428878517552,-39.47593692116811
ng2367691,966.5554268543884,970.2289426183116,968.1902818038376,964.5821931762438,956.691563299899,946.2076948090331
4044557,460.6953435188675,445.3826062442936,432.0164044067192,420.86219899641515,406.56157283995026,402.1560430881723
4044698,-140.1135922156659,-168.66045806154966,-187.69931690145904,-199.5910069170916,-208.16536885587948,-208.20225475521534
4044634,-356.0052954905716,-364.5414527464459,-370.3443211914389,-371.6177395549221,-364.6942011533333,-349.13400623264715
4044636,150.4283031678799,142.41327805754372,132.79767830190917,123.22068295564327,111.95448263853041,106.74151095338038
ng2368072,272.3290888521303,272.0451073965496,271.9009321870062,271.81783877237353,271.65991130386124,271.3905289176116
ng2368289,-22.813541620379738,-22.090086232572048,-21.613387025043266,-21.317090145362272,-21.05494649126331,-21.03834263089948
ng2368899,215.58790510423273,214.9497848596368,214.4321024066253,213.9738629487756,213.19703370493562,212.51117264235927
4044635,-429.5460220148625,-394.2298430433623,-379.4921268722844,-374.1655954563689,-374.9897626946263,-384.8093423943576
ng2360014,174.94736925494544,238.8461914573545,262.13727391338307,276.0899984122616,300.08220299005916,320.57505295025635
4044565,317.628989508451,303.53714186184015,297.0142680643439,292.81441847786095,288.73792016151106,288.4876264593813
4044699,222.99395218598875,246.14295372422248,256.6606117959677,261.4857237787869,266.81497572693297,271.49655778810575
ng2360015,-241.3835983124452,-233.20330357437183,-227.1713445570499,-224.09356505031792,-227.08336430025838,-240.1503873684901
ng2366824,104.95252458609798,104.9398774871986,104.92783453598418,104.91552199609964,104.88969997473669,104.86536381226347
ng2369096,126.85755328657251,126.85755328657251,126.85755328657251,126.85755328657251,126.85755328657251,126.85755328657251
4044781,-422.78967160581556,-412.3213980001435,-415.7666296921891,-420.36957129303437,-423.69099828794447,-420.39557277971926
3876877,-111.64858364125507,-111.776455057867,-111.68219263830247,-111.53745277259304,-111.2676786132356,-111.06036685910863
ng2369113,154.15002628067714,150.86343895635764,143.43190071190747,138.02777822612757,135.1426907490486,141.21485205706472
4044680,263.87012255968784,290.39091444230394,304.172952462598,312.41210552527036,318.43387370739333,315.1259220260274
4044580,-454.3879767845069,-449.1262817751458,-432.28092201865206,-412.86348473138355,-370.53283156373664,-325.2816976710719
4044782,893.2295919711869,847.253742282972,832.5774748975554,827.8210960070273,824.4734289451347,820.709644654558
3876811,-180.30265392391198,-180.30263269460397,-180.3029593888939,-180.30351359832093,-180.30450132430474,-180.30519666943383
4044582,-456.8334663383637,-419.80171463646,-393.1061703449618,-373.6980243650032,-352.1728299643862,-346.90604978675447
4044681,-578.3057529906246,-553.7564586895082,-534.6476106586599,-522.9816821680142,-513.6111903710666,-512.5449808275935
4044783,25.916307681489116,28.05792475664134,37.33777628410371,45.96838693318114,58.022037896265374,62.57022701174492
4044581,53.45959871800187,20.556750533901777,9.756205369272493,4.65846851020774,4.005653247623741,8.859063283096702
3876846,-60.940038210437024,-60.94204099216813,-60.944283560359736,-60.94623175446418,-60.94767511317286,-60.944876198575685
3876854,109.40540198708186,109.40116033453592,109.397201639797,109.39351128891803,109.38684632401532,109.3810426132402
ng2369049,312.2516811624164,308.8109129209679,302.1664895159979,297.3461052855894,298.823364996048,308.3709551801794
ng2368936,434.3811421804062,464.61742334307155,484.0793920497274,502.8353011515628,539.1929435806865,574.727839068735
3876837,-352.8040863714241,-352.66690855495085,-353.01434200777135,-353.4966178799282,-354.4626785546934,-355.18402136384566
3876807,-110.4625270991819,-110.63228476102313,-110.71171426307592,-110.75043154215473,-110.7968703337956,-110.82536415646132
3876853,-146.06253866772386,-168.49751109207682,-189.29853228989555,-207.9692592347144,-238.64056375228938,-260.00658197452594
ng2369058,239.98054203537754,239.28180664913862,238.54076124835456,237.99416823434785,237.4294997834063,237.3385527331052
4044668,-238.43735283497563,-252.0306665628234,-255.98840703964515,-256.1328079351342,-253.50975754107117,-249.17664098977662
4044741,-186.3503180396351,-192.68592704787193,-199.02586753600212,-204.71206277586884,-214.44779624332386,-225.84928989042237
4044760,409.8867375091427,358.4641700812517,333.97111586642745,322.54820028289714,316.0946252915362,317.2895433601857
4044721,-454.74881016407153,-435.40959332239186,-423.2579271287798,-417.56229072079054,-411.3326425207388,-402.4140970459607
4044667,960.8020148674561,992.794849581273,1001.7381676496852,1005.8797473971138,1013.5145563320714,1018.1795715544223
4044720,298.95361337278564,269.7349853431749,251.8700034337321,240.1195148028953,231.16181195621698,236.77629854756742
4044740,356.3900387701842,327.4951195835956,329.50435423623094,333.8058956250927,332.522906827106,320.514634939894
4044761,394.03090841834955,448.48409141055527,467.7621520118446,475.46790147428715,480.76141842922425,484.85994416909443
3876825,5.662542030722307,5.683350061923193,5.704683403339004,5.733896821898497,5.823466067716254,5.966996394197622
3876863,-109.8360191914137,-109.83965973993372,-109.84322955193511,-109.84780130790273,-109.86099246742606,-109.88108041092073
ng2360016,100.81537084751949,99.81885826342887,99.41247646404304,99.13612049210792,98.69791295260143,98.3971365542136
ng2368938,7.2322313366223625,-13.451095919342379,-28.614827868181692,-39.012284738800645,-50.404375537390706,-55.516717630215
ng2371181,23.870709402799775,22.58233300213567,22.08521675563111,21.901837899752877,21.83358994998889,21.910489833196607
ng2360017,-53.86048492698092,-44.80221572677033,-37.15638791134552,-31.562459979812047,-27.54539029800617,-33.050016468395825
ng2371078,466.2656786290639,466.2656786309394,466.26567863243383,466.2656786335622,466.26567863505727,466.2656786361139
ng2371079,-6.9718042046354185,-7.127898868730426,-7.245379154365537,-7.388064971006315,-7.744948423441201,-8.151947918350515
3876826,-270.8394109285723,-270.73384338774827,-270.721049549589,-270.75068121303434,-270.8719519508104,-271.01616822394317
3876834,-214.06412651249002,-235.16742210753864,-253.29124009002226,-268.4532768969075,-290.67154152188414,-303.2121909562077
3876889,-98.59139362752512,-98.58970308530797,-98.58824370785601,-98.58663977155766,-98.58274851850524,-98.57753552613008
3876818,-223.47062748433586,-222.83725880530096,-222.5617996131873,-222.4250824337264,-222.27298714807444,-222.08333623895487
ng2368302,-6.107533442046815,-6.103443490293557,-6.099457076902127,-6.095948063656579,-6.089543232800224,-6.081903294373433
ng2367876,149.4011178892415,149.39392123251855,149.3883574725278,149.38426262902613,149.3790442837012,149.37552133374243
ng2360018,191.90911364514204,158.56962980242702,141.8725222348162,133.59285930683996,130.14676266268066,131.71198461830795
3876845,-130.03570417450214,-130.01808380366992,-130.00433966877267,-130.00046270411167,-130.02362811113085,-130.09832723996237
3876897,-425.00768063282067,-428.48988954423976,-431.4097931056169,-433.9885985677147,-438.4467101580524,-442.56388136005944
3876881,-124.90093637230439,-124.91743251762546,-124.93927240228527,-124.9678192842332,-125.03059701262055,-125.09848130759929
4044571,-47.38163112286907,-63.40693731824399,-74.48960176804508,-82.48180654644511,-92.30436856754204,-101.02963969530197
3876838,27.153017845674185,27.511899723005627,27.75306014581406,27.88675932632168,27.922575500617086,27.717670999081292
ng2371238,439.8512971636576,423.1436203368107,408.73746679959004,396.9094073903027,379.12501842619986,366.7549449501207
ng2367875,217.01481774264494,217.13121757033468,217.08541636326845,217.02892308758055,216.95002190298715,216.8940862336549
ng2371087,-39.288639100110004,-38.63527032900697,-38.65465000394056,-38.80402465266138,-38.87805252184103,-38.556190590786855
ng2371241,150.5173892265375,150.59902692035735,150.56014204030225,150.40471017293044,149.91025862343986,149.26787829957016
ng2371099,485.61808204428644,485.4814989435222,485.3219245253897,485.13713174992085,484.74227366010814,484.4243609965706
ng2360020,90.93707477959083,160.9819782188206,182.1943064919185,191.37775373706995,203.70240599508588,213.91052901126
4044637,272.77793205355397,288.45025697201163,300.9571142062141,308.978686121945,318.0025308664797,325.41294281878595
4044638,497.55991609958323,480.8139551250872,472.70313560479326,469.0014281424644,459.28204446462064,445.0663630288443
4044558,-158.165759255794,-155.67534340014868,-155.67531380514356,-154.75873770840963,-151.1374456971614,-145.02074934085772
4044639,358.52171651108483,335.8518635187729,326.2377589758969,319.8271692963003,310.9779781662146,305.33783055704293
4044700,-87.76524858173798,-71.91342720545572,-62.639309233223685,-58.224569849293175,-60.83734176873486,-70.15122670408664
4044701,477.14611337690644,429.9116939104565,407.0245418917118,395.5596287115429,388.2354425629783,388.865835165863
ng2371237,207.61542974144368,207.69386632417786,207.81574430003275,207.89055236146737,207.86594413150306,207.60152221488352
ng2367877,28.456902124570433,28.126442013432552,29.20779039853437,31.523398356670214,38.798788955490636,48.806203232419875
3876876,-282.64588154993544,-283.1109920077415,-283.46317776016235,-283.7393241583284,-284.0642427509056,-284.01567626311
3876817,-180.5792776974647,-181.0869996754584,-181.63050088245154,-182.13123471046492,-182.98250212455537,-183.77887802867508
ng2360019,78.05945085704184,73.08370139889917,70.27768888540959,67.38991388114664,59.74296233056248,50.91589258630938
3876890,-251.83200941483324,-272.7314115980307,-293.470984211355,-314.226543871124,-353.8254058118903,-388.1356271376967
3876862,17.329117104804936,17.326558958946407,17.323044780965347,17.318645900482807,17.306973285639515,17.286763776144426
ng2371097,801.0601752722644,804.4016513356326,804.0587470448747,801.4779876300179,793.3250768885262,784.7314331773109
3876898,-1.321428195733688,-1.3276136687866256,-1.33365359902632,-1.3405534858811734,-1.3579003501931766,-1.3812970604174097
ng2372679,329.93803866902454,329.93803971850525,329.938040554576,329.9380411860029,329.9380420224551,329.9380426136521
ng2380219,8.828839442035814,14.977353435453324,19.31010354484556,22.82436040703442,28.476311964626802,33.52907081021635
ng2396627,414.56401953103864,413.6777291030403,413.72725203770733,414.2697503272864,415.505345052384,416.06013187735607
ng2396642,285.2681604199711,285.2701185009405,285.25602123826025,285.2423438188505,285.2249884563296,285.21733936963506
ng2396641,547.7543647964312,547.5703878828247,547.3744175199312,547.1754473826629,546.8043164151759,546.4970679420204
ng2396644,220.82360751296778,244.82670753769548,254.40412988080948,259.168203731419,263.26591434050783,267.39320426998665
ng2397376,416.914070139399,416.90328622862353,416.8706844617377,416.8183973076211,416.6627466717464,416.3901361278472
ng2397191,324.58062478957095,303.0286826250824,285.30385508464747,270.95654135425593,250.34031189681878,238.53957989937635
ng2397448,186.1796839901449,186.1796848637249,186.1796886751922,186.17969331097675,186.17970239696763,186.17971096239523
ng2397451,231.07174459733983,231.04812249209408,231.03702092745993,231.03242966749985,231.02493697334603,231.0039861352907
ng2397432,536.3521927453769,535.3445734242464,534.9247058101478,534.641019523171,534.2011652635199,533.9074985018835
ng2398232,-562.1321809682416,-562.132157550094,-562.1214817446881,-562.1126425376792,-562.1053732714661,-562.110013341054
ng2398235,123.07891877418388,122.89932929088627,122.70326238497273,122.50280287214127,122.12745710763011,121.81247232419082
ng2397051,244.43997330704224,315.8510416221379,342.3045646610426,358.4084455191751,386.5823742697821,412.0408939106585
ng2398320,5.18975322260394,5.4900890173971675,5.768111021597633,5.9897732920496765,6.287839179626189,6.436325417264243
ng2398073,441.44667551782413,439.1651126909851,437.29306428837754,434.9355922292175,428.1549309478726,420.149362438342
ng2398372,416.3213823859238,416.3141517386422,416.3015137897297,416.28627964314603,416.25205073535756,416.21561972827806
ng2398599,78.92360057809469,79.04314457251144,79.13543887055653,79.21356604643688,79.34519977674836,79.46958085617348
ng2398267,-434.9531390385225,-434.8158345010553,-434.6881827153942,-434.5765704513924,-434.39650107278646,-434.2620493265507
ng2397799,-181.7293627153631,-181.71755739099535,-181.70797418174197,-181.69940360611645,-181.68480542324346,-181.67210184125406
ng2398315,135.0833401241332,135.07593110490643,135.07002285705198,135.06555706054633,135.05963398935523,135.0554417962669
3876932,-232.8457357738555,-232.8639696621965,-232.87904766799534,-232.88442658009558,-232.86287986816865,-232.7866178364584
ng2398598,171.8203793380551,171.79456809976182,171.82736093547464,171.87358889287452,171.96003036485354,172.03035288584852
ng2397808,207.04022933464648,207.04059365426167,207.04101244003266,207.0414781288698,207.04239858485641,207.04328221776677
ng2398597,156.15804635345285,156.5311841120017,156.7873869387074,156.93377780992523,156.98631277697677,156.78823900020961
3876937,-251.65437699049835,-251.66469359650273,-251.66784234083957,-251.66637521746748,-251.6556524371133,-251.63451753372715
3876913,-159.53560345821643,-159.45363420346462,-159.46164466829805,-159.51762935973602,-159.71729249530927,-159.98760905223548
4109689,169.30293688797406,147.98635575217054,124.87969063831474,103.65097138374699,63.05213287012134,20.382038583912845
ng2398268,790.3609426701098,777.658331356952,766.7475077710749,757.4720508014191,744.1467517300312,737.7539801803268
ng2397802,491.291670803064,491.28520951362066,491.2830210553898,491.28214748538016,491.281881778771,491.2857579933649
ng2398757,256.81687799434246,256.82251159861335,256.82358862722583,256.8225100018319,256.81786886437783,256.8124899961606
ng2392748,411.60295630918404,434.90285125626906,449.33572178684426,456.8872772986854,459.05049697406594,452.7936343735694
ng2397804,61.61147236969566,61.5351598116373,61.50569985226764,61.49484658189908,61.4909069002814,61.49567078448422
ng2397604,358.0416662200994,358.03808204709253,358.03397795932256,358.0295931209607,358.0210607591305,358.01376092817645
ng2397807,-76.07785464068479,-76.25473863283105,-76.43242153433653,-76.61477568183614,-76.964043447319,-77.26368426522254
ng2398639,21.739814870900318,26.166272952318423,31.126521449354414,36.33477839125703,46.352269220810285,55.59596600104396
ng2398764,170.5733737064902,170.98528180574408,171.15620677992752,171.22497381769267,171.2478997567257,171.19436838253137
4109688,93.820696862261,110.12892760077011,118.76538010722425,120.36796706946575,113.79436218410478,105.1759790756712
ng2397813,-9.76713782570937,-8.983762222860832,-8.536122215418345,-8.25856921848981,-7.842165820673017,-7.45155063760717
ng2397591,222.67538182970975,196.56189709978776,171.27350151529572,147.5397043402736,107.67781312896955,79.74798825498829
ng2395210,508.06508156099403,508.0751429086604,508.0857461735991,508.09503325137143,508.10904361558505,508.11852668708593
ng2397465,6.400029932501411,0.42026353869368904,-3.8147596486376187,-8.076602212303214,-17.948678160274767,-29.712452894499165
ng2397579,-266.49732568037575,-266.45518143318645,-266.42118955013643,-266.3967841822466,-266.36739663274716,-266.3513606249619
ng2397803,80.73780357009832,80.74352019629919,80.74257335468633,80.73875523407878,80.7284965491599,80.7174602761445
4044785,88.78704871515833,72.99294819267561,66.2090192997241,64.44139980129717,71.45631913037028,85.71011560052034
ng2397592,343.9742551472732,324.2890182475187,321.0279909119231,323.06453842926703,331.64522650317167,342.1636003142937
ng2397593,378.8696270300404,382.8333806707428,387.4481074114651,392.15080066796645,403.5970004304377,416.8966103643993
4044703,-266.7672134165816,-260.8573158690358,-260.48288431237006,-261.5258403061557,-264.6091125292039,-268.5251479753449
4044640,-25.57373123199568,-5.778478186326993,1.809843792276979,5.261795721837643,3.6885210706441285,0.49928803697207513
4044613,38.814864590183106,47.327254106250166,46.67288508344927,47.2556422123821,58.80652642240511,82.53648339759116
4044669,-847.9652569409614,-886.1148069469832,-896.3074847554321,-896.9231222267638,-888.4192209087269,-874.2526568404919
4044641,-79.47442930413763,-110.23661346621475,-122.71626640221234,-127.23506486276665,-126.33299169496172,-121.44158195978366
4044784,351.42331102394724,357.0984715664306,356.5661568859407,355.59849215256713,349.98804729603694,342.90409915361283
4044786,-475.4904817623129,-434.89878216855936,-423.06965343960303,-423.34378435981625,-434.9328210957541,-450.31028893164614
4044642,-676.4857193447065,-622.8584247457668,-592.5673578856795,-572.2934825918035,-544.8022243738299,-525.8231915853619
4044683,-153.69651352307756,-139.1066633941689,-140.01174290726863,-142.3518538639155,-139.72774513739273,-129.08039050879825
4044682,-601.436449202462,-619.0734505906328,-633.8189542312125,-647.6350084683045,-671.9477701462099,-694.6112445061292
4044702,344.57764282250264,335.73071697190926,337.23875728673806,341.7443916367488,353.1052223545173,366.81045353528907
ng2397594,-83.50063697875157,-162.61679502906077,-197.88260927902297,-221.85834137099778,-259.50702695885025,-290.7389267916062
ng2398435,354.8103775046625,354.9603506546498,355.25290849249404,355.45621568689717,355.4898367003957,355.0924665280213
ng2398437,670.8379544349473,669.831814037004,669.4106662601514,669.1278840693794,668.6992618598931,668.4422580621485
ng2398904,101.51841020506902,101.51916292799046,101.51978856036601,101.52024085768267,101.52080916911314,101.5210456853107
4044583,469.952766002363,523.1717019895267,535.8221104475415,533.9887287329861,519.2050012449903,506.87953964533165
4044742,-110.77217620244937,-126.91446636451815,-134.07575967456137,-140.96678503802468,-151.81908981547735,-154.97473358476964
3876908,15.032247185727101,13.280930187341937,11.771180173430139,10.507812352308292,8.614740935234522,7.422879361743753
3876929,-103.5227100482573,-103.84561221310241,-104.2793218530735,-104.69064023943042,-105.27719690931485,-105.44669582380948
3876928,54.93236782485724,54.90658697187041,54.858429139974305,54.809741869144545,54.73305110234173,54.68942687997878
3876921,-142.59092436093283,-163.48135346422328,-184.19017385208895,-204.90038196370665,-244.38840836524423,-278.5941899924703
3876945,-228.96692163828334,-226.0979249491038,-223.98241155584788,-221.5120184810587,-214.627818827209,-206.48526176048608
3876936,-3.0904310072342014,-4.506565624446694,-5.783326240443557,-6.943063782117406,-8.859506181742745,-10.244917270568749
4044762,48.12462168387128,104.75461143303187,127.69588781153107,135.42374349163333,134.56626503827806,130.13624505094936
4044743,-164.57951392015593,-126.74457813401705,-114.19141636857171,-103.08073752133555,-70.64254300252946,-27.896083053372877
4044559,49.53469289992631,58.01867324941213,59.71685539169812,57.47201511700109,47.180872247289926,32.560577974502394
4044722,371.318483165315,363.9163746907109,356.8153511617211,349.44169717292175,335.28581317220755,323.698785880237
4044608,-162.0025795845943,-150.65913327449653,-143.49450893116727,-140.18167054617402,-144.16035906166076,-153.50033375756857
4044723,-382.2113425721111,-376.06729607853003,-377.5997777622456,-383.1299789045647,-396.0455329964848,-404.96290400419866
4044584,27.860071183176387,38.81880940211886,47.387315091716346,59.40321642803315,87.77480102125901,120.44374907210863
4044585,428.21351306377187,433.1636044547977,438.76766929686187,446.8075534401655,470.9284910370791,497.9134894266201
4044763,272.96052272329894,248.63448510008334,250.41114982674935,258.98410940458075,280.41487238007153,301.61038890977125
3876941,-305.93037619613006,-309.4023978774244,-312.3133714163407,-314.884140435227,-319.3280077371162,-323.43211149632134
ng2398415,806.3331583332956,795.4715594197462,787.5020474170417,782.027900329183,777.8919784291948,782.2100149292012
ng2398436,276.2031808007457,275.7283707550539,275.21878458271226,274.8345577785926,275.0768592714096,277.2884899098524
ng2400766,-335.4421896438382,-335.30600053551984,-335.17938612872285,-335.0686832891861,-334.8900858973584,-334.7567384810043
ng2400767,78.54608496064066,78.55196763322192,78.55130340963524,78.54778355184794,78.5380621852928,78.52750922169434
4109690,95.6307864050591,90.4599405521185,82.28165825842893,73.10082932290243,57.47968988607363,41.76393282761683
3876920,167.73160039003733,167.70020455953318,167.66397021765147,167.63438896038815,167.6002969489973,167.60155694902505
3876940,56.6307822560625,56.52267462633358,56.43302132991266,56.35377879818839,56.215188006783364,56.08403357804514
ng2400774,-71.76713839510944,-71.93431421623245,-72.10224724871,-72.27459744997736,-72.60471075594478,-72.8879254306155
3876909,-266.25196913950913,-288.3166787420837,-308.7670016394118,-327.1222125326831,-357.28409375590854,-378.30883115041024
ng2398416,580.3247514395061,580.289640370288,580.2810291303349,580.2827212786221,580.2938556697964,580.3026259855433
3876904,-105.8650660610233,-105.86747369854902,-105.87104410459028,-105.87436935052483,-105.87792874921297,-105.87649635630078
3876919,-184.17090319684053,-184.3805915795615,-184.95536932296386,-185.55944349286483,-186.54469169475965,-187.05422997065557
3876903,-9.884058081602234,-10.949940410393538,-11.718640257854531,-12.324795054242031,-13.30296314382872,-14.272726865802724
3876933,-214.57737025964775,-214.57797368091155,-214.57869531931988,-214.57885586517023,-214.57686652222446,-214.57029086329976
3876900,-178.1221268455522,-178.28452779646318,-178.35854682255012,-178.39128300802463,-178.42130528273492,-178.42509346343536
ng2400771,635.8861576033967,635.7834971325819,635.7666364963027,635.7879612414381,635.8823860306857,635.9888777019876
3876925,48.846819665377325,48.849550576181855,48.84600398192174,48.83950390446694,48.82330947155242,48.80409525596042
4109691,20.004594724667186,23.167018630708526,28.832819108469266,33.51300081180125,31.00368124014335,15.73292071803462
ng2398695,272.75979097610207,272.5707521718791,272.730034136134,273.0645015711423,273.83113631522474,274.423886858036
ng2400782,234.53308667600493,234.5394224817062,234.5411289235035,234.54054254122377,234.53657614297992,234.53164712671503
ng2398417,-72.99698634486299,-72.95623102018453,-72.9235266824328,-72.90018516905116,-72.87237124111971,-72.85752578070674
ng2400783,87.1363066693093,87.08662509041574,87.0313297095338,86.98845467074034,86.93380862507797,86.88344117748852
ng2392749,-844.0641740046851,-847.0852135527348,-846.5642127542476,-843.8986263598508,-835.7315903903432,-827.2174717990433
4044788,898.6876888727218,834.6842795931719,814.5045140836611,807.8392993566937,805.0284898352031,802.5405193093692
4044685,564.4937001079736,562.8138495921316,569.3302759344797,579.1769809356954,602.9450546038402,628.9156791823664
4044704,230.19227354354916,189.0666588522654,166.24349373299583,153.1011984489246,139.9757981333796,131.71365308657755
4044670,677.6840397039919,697.7223840773754,698.000884630957,692.5256936135274,678.8060683759327,669.6963433335106
4044787,264.269164328897,240.58610551220477,234.8862820432671,230.47529745991437,221.6809455642965,213.36020454707045
4044684,506.5661346866002,532.8311808875167,558.947790730532,578.8510772907732,600.3838273043452,609.0012692188325
4044789,-119.71439948532793,-109.57026524378284,-106.96654059654225,-106.4212062028812,-103.48307874614738,-97.3379253811222
4044645,555.0738228369387,523.6647903721655,506.17790017019456,496.6367843546502,489.4799716890734,490.85537693764763
4044643,339.1446852310937,330.01981403285095,324.823687048711,322.47455586031515,325.51460649773367,336.18362413920454
4044644,-20.251010893161038,-64.80676642442086,-93.2749015704353,-112.7155929811122,-138.4260746050602,-161.28407485876505
4044614,431.62773073369567,430.07965818336925,426.4570949988424,419.0355824784767,398.096244105064,376.5702810960654
4044705,65.83327708418233,118.63750803780317,148.96841621609133,168.9778938453719,197.29526456104986,223.65069051166483
ng2399009,422.4456787106294,418.464245843629,414.8864986765245,411.0064008638667,401.744721554963,390.49275458016086
ng2395211,131.90536334915714,131.91711048867705,131.92653803026042,131.93480748947195,131.9486071547667,131.96077417496122
ng2399459,71.4986620790371,72.19939353243149,72.66392314178506,72.9562410289459,73.22531812830744,73.26224855810733
3876916,-62.3287582000753,-63.536131182796,-64.49635455440557,-65.24707027858403,-66.26530945253899,-66.80224911219943
ng2400323,154.74789105541186,154.74064808256549,154.7350224527372,154.7308549190518,154.72546916622446,154.72176028255308
3876912,100.14803236975035,100.15266878442299,100.1498057887552,100.14349286833772,100.12572606982235,100.10536457643502
ng2400324,241.2966020935853,241.27314680506174,241.25604057205942,241.24388583526343,241.2258005755391,241.20462087437954
ng2398539,-133.3624302652795,-128.5403713461701,-122.97350978894497,-117.99356241904138,-104.99171327298154,-91.76596847868632
3876924,47.74561659449614,47.747699230821354,47.74160250750356,47.73263041847781,47.71322923836237,47.69563127878655
4044744,544.8842648535222,531.961408867016,537.8778802405564,544.856968756915,554.4927031054067,566.3016873645954
ng2398540,83.11156056827849,140.09308136350114,161.13221912570566,173.854737779262,196.10419688628758,215.36530438740624
4044572,447.83961862939486,457.76339578611805,466.01675992743344,474.6908086938688,495.7298585531546,519.6743451660952
4044724,-434.8450339226863,-393.8301933726466,-366.91819813267466,-347.6814477610826,-324.87557245477797,-313.18519491797315
4044587,-529.4325965552912,-538.248662681427,-542.2151901285383,-547.271685046652,-572.068415234369,-619.7726095350589
4044764,94.9442093534708,136.9292518705961,146.11754751043077,147.45545026659192,147.32722377224422,148.36009045072706
4044586,289.28601783321574,251.68318637250445,229.53754444876654,214.80370274253187,197.35725769038163,192.8844327838042
4044560,247.06821440933027,260.4256710890354,273.24317542156246,285.37946888847137,307.98890391451255,330.67703002347685
4044765,-407.92316582571016,-428.28038012376624,-437.7213329573226,-441.6988297324242,-443.35497948681586,-439.79343254533455
4044588,-335.38373527548356,-343.265823483295,-333.2003420116762,-317.3706853308611,-283.277037619745,-248.83853021758682
4044725,-158.48652115440996,-160.00161292507732,-160.35974006005313,-157.57680444456787,-148.5308546637666,-137.09676470288014
4044745,-233.80079714658586,-247.1114820090172,-262.1345156232435,-275.7390016471545,-303.5999584194126,-335.55460653626847
ng2399010,436.45354996771835,422.2131586880764,411.4076178230134,403.416613376741,394.8809194757737,395.05646131052936
ng2400319,102.30848146038352,82.25613430449812,62.79307909777481,43.411794463261685,6.3681531765005275,-25.97122892304833
ng2399011,713.4779530914991,700.8099249243119,689.92662038557,680.6752234485145,667.3870230871132,661.0142911786531
ng2398541,-35.47146511369192,-34.4997141455633,-34.07704106701567,-33.749331625957666,-33.11437143875878,-32.499637948287045
ng2399012,294.8889961150069,320.0132514937088,344.27381636736186,367.1333418935667,406.43608861368284,436.1009346787755
4161224,338.9877282134871,344.0175063413342,348.29850198249414,352.3159431019169,359.1859016611388,364.7207573793771
4200495,199.30009145582494,198.18048168313203,197.40869280505785,196.9196849631221,196.36622532037222,195.9028271310808
4161227,-78.35663165563187,-74.07304019496337,-69.25260675245613,-64.17813114791579,-54.41566940043322,-45.46843052340114
4161228,248.89869570236783,248.31992962517484,248.61116925362217,249.33097875336307,250.7331969602585,251.27447390655266
4200502,-12.718454947024156,-12.755334128140703,-12.786869627896067,-12.819956770097406,-12.899253975238935,-13.004303308650378
4161233,65.21262619282948,40.1579898983382,15.916111246393712,-6.815246727271642,-44.93118827180092,-71.48058858616469
4200499,430.49968690767423,442.4104128549318,454.2386915979139,465.8669011956481,487.12925051218326,503.45031369913363
4161234,218.52508586762087,218.00794215215865,217.4770395909777,216.95053218339945,215.99717599295832,215.26650310937816
4190935,133.36238532634047,133.2830685035167,133.1829762222012,133.0837563183195,132.90305549311097,132.77342702358305
4200504,-596.2637284273992,-599.9892556758448,-603.2810265787523,-606.561151225045,-612.3994730506527,-617.1138197751959
4161229,2.515462630345837,-1.4423346701230457,-5.985377662432711,-10.814606033543441,-20.176799264580268,-28.752208402235055
4161230,-299.77578296713887,-299.55620331521254,-300.1860929126183,-301.2438255086554,-303.3760127426317,-304.71656583064146
4200501,-117.74467306563497,-115.97478333774848,-114.21199284842874,-112.52752431717909,-109.65410007169453,-107.53489442545992
4161235,-184.5700659666079,-161.2996914363921,-138.7867140522203,-117.66879819556493,-82.1969766342254,-57.332171517354936
4200498,62.611879477591856,62.305729711248205,62.02164496071032,61.758126703663265,61.31545463734051,61.01056382311481
4161236,-84.97008660221127,-97.177096828603,-109.3219848877684,-121.27453550660834,-143.1418743366703,-159.9400517774152
4200503,405.89667401287306,404.8446488762622,404.06723832766465,403.5224683075528,402.8100175245281,402.2382384071941
4190936,465.85159254514997,470.43033606321274,474.3026655828171,477.9338967450881,484.1418093514146,489.16841787264434
4161231,294.0250834783237,297.22876690191947,301.65234583547476,306.6749171606857,316.415666889827,324.7551988782309
4161232,26.26899661534435,26.258302035700808,26.28418870459177,26.33727618490593,26.51252355766792,26.7150391147768
4200497,-257.7150260155381,-257.8010152008983,-257.87446519965715,-257.94087520624635,-258.0597655834058,-258.13957197098216
4161238,371.18314705155103,382.0664263041492,392.8975792262652,403.5720943718975,423.1615651799136,438.26002282805985
4161237,183.3131964719489,183.00827099298203,182.7378917023368,182.52067988218778,182.2529395264903,182.08047304103752
4200500,128.36071079577164,106.49214258113875,85.41756978957801,65.71024668370251,32.70830693332027,9.61033596031234
4211898,-34.159140068852366,-32.190884172864344,-29.810553134894462,-27.16914570806921,-21.760632152758944,-16.298815763501125
4211899,230.45550202764525,249.68425732349306,268.84572235665087,287.086541914123,317.76119480655825,338.85577676460684
4211900,-39.052806247953185,-38.84998568351011,-38.60865354846351,-38.3518132395734,-37.866585886151825,-37.540870350600244
4211901,242.40971892538346,236.4962045555501,229.89548884468877,223.16784636445027,210.3025978174121,200.58544380711987
4211904,194.48866045127693,201.17184384124357,207.23148733310677,213.01318114560286,223.08362772223313,231.18852305855626
4211903,-251.23608697558961,-249.1643162142418,-247.97133193694208,-247.32344356024782,-246.65612195203835,-245.97351906813287
4211905,211.96911558990814,211.70354155063137,212.27765261414493,213.30415940841954,215.5473787268504,217.21859225296407
ng2444180,177.53699894584747,177.529905559496,177.52313194556973,177.5151969242272,177.49424252543577,177.46411457778413
ng2465411,75.62794738152002,77.14325142619577,78.75152104941981,80.36356351633185,83.33666332980965,85.88093036632108
ng2469296,-8.125987814433302,-7.5175798554623725,-6.984862970611857,-6.5078347050525736,-5.7131420224704925,-5.066054575314865
ng2470654,-87.29604993165663,-86.61700955450033,-86.1657835051733,-85.88053140999341,-85.61468068316867,-85.57440696099843
ng2470739,219.463229904768,218.81731683302382,218.11322863983628,217.59214916686142,217.05648249194678,216.97609033456138
ng2470378,289.49933561421904,317.6463565974111,317.91131046572514,311.50391675762694,302.66352064622515,306.9835061064118
3876947,-92.39968171967894,-92.0598008363238,-91.79234312060407,-91.58244379918347,-91.30896996882666,-91.16957093438054
ng2470828,-221.47944917795564,-221.4053710170282,-221.37681699918585,-221.36633000497545,-221.36258433023943,-221.3672747418792
ng2470432,-247.59138827219772,-247.58746910893706,-247.58503694868807,-247.58343752332894,-247.58146565237485,-247.5802412830916
4044790,-167.18295647730633,-136.68738881773038,-121.8148215512199,-110.44009340942785,-94.00300535374367,-83.54742317846558
ng2470379,293.8660533987447,290.6535267088459,287.0804401322496,283.33649017099015,276.152651202543,269.5778682534442
ng2470903,174.54888181774436,173.52396798749533,172.85520783534957,172.3482874090439,171.59192740802428,171.01050371426822
ng2470380,-128.50084448940174,-120.99700118349233,-115.34077609282735,-109.5514394074446,-98.26056266614364,-87.49609611569394
3876907,224.04910832769724,224.98423980359144,225.79663110586785,226.48076574020706,227.51295985000388,228.1670030487287
3876910,363.10846083764386,384.36413938131,404.12378075217475,421.9059830167764,451.218228788229,471.71493695859044
4044747,-151.08219542208326,-173.32787380122704,-188.10889543687335,-199.8154558272936,-215.07062514645622,-218.57483777456105
ng2470381,277.2779524001487,311.49521717320704,333.69320168243485,350.54321844984906,375.78712678510146,394.72484288404826
ng2470382,578.9515653982594,570.8343956203612,558.7665628006177,551.5589598325873,549.910457722465,559.3546297193982
ng2470383,17.186424531015064,-4.8427528458089455,-9.13493838014665,-6.979161505925504,3.15486763466879,17.1541970091414
4044791,1082.0044578884224,1024.9718701085535,1011.9183363990416,1010.0441795466763,1010.1422644943062,1012.1357374697036
4044746,110.61358495774948,151.06122918068604,164.23037495077506,172.8819824333125,186.62201722221562,192.0726251663873
4044792,175.71580988541677,193.52119449842598,198.15970204394102,200.38637005086434,203.55949795189213,207.51735981066736
4044615,341.51800497792556,316.8893583169629,298.1527945030946,283.63297298091265,267.76514249824345,263.20873596977526
4044671,409.95711299101845,410.44162165777084,401.13665679539645,389.0274703885236,363.93977478610805,339.33581183802335
4044726,542.0812837996498,508.1376738978154,487.9348334558151,473.0222207620395,454.04059130804467,440.6211992805868
4044727,312.2977735432123,303.0363842765146,301.7807982583008,305.2453720966946,311.40363313818466,311.0928171834539
3876922,465.0348433512431,484.3078395448447,503.46839687544343,522.6810243662587,559.4593671518214,591.480426880901
3876935,-98.65263483062199,-98.32291564683055,-98.10608857092348,-97.98942023778068,-97.96954008196508,-98.16978077768181
3876906,430.7500173587068,431.1782055052397,432.0549001971349,433.061045839499,435.03088609205065,436.6244052483644
4196502,-62.375708672590235,-64.0903776745904,-64.53823817858165,-64.69804172977138,-64.77223540772616,-64.62498814422383
4196504,311.45713072234935,314.4367024009671,315.6136986573779,316.28041831586097,317.18927617242184,317.7988024943829
4196501,313.1845559305243,317.2216667462699,317.6547073886634,315.71531070527476,307.7203785904785,297.1375318749913
ng2471076,168.46531829116316,168.45458396116226,168.44342514245784,168.43359177667787,168.4184200180116,168.40782096871112
ng2470384,-42.76737203697007,-42.77346934868024,-42.77511155704133,-42.77454724716836,-42.770730151919,-42.76598667626968
ng2470433,-19.55036131847578,-19.891895305262096,-19.956228027160932,-19.962464841616793,-20.018367792927393,-20.21350085066547
ng2470978,-19.591817919759478,-19.58889083737745,-19.590415745051814,-19.59461216512591,-19.606855871462585,-19.620228962574174
4044566,-276.8701565177571,-289.44925951864093,-302.86698551234485,-315.544497928767,-338.81667621499514,-359.0644346493525
3876914,444.4854876874474,444.38946750170385,444.3779275058098,444.4047258272112,444.5136448760361,444.64165253831993
4044707,279.94026168716186,319.8381225265491,343.659914532994,357.57286154879466,369.7032397223136,370.4804564891267
4044589,-256.63594607808614,-263.5908886551165,-250.5662370955206,-234.70768223945174,-205.95205079311563,-185.3204405601182
4044590,-28.077677812401816,20.715746109868633,36.37707933224033,39.625593068402395,37.43329897521835,39.499666187468165
4044706,637.1838859069053,615.4315399176762,605.0875338876051,598.6010308516832,586.2614566570282,573.9230735071587
4044561,-344.846552835377,-348.43464352841056,-354.7020905649024,-362.031472888194,-374.61110380835,-377.06793207199644
4044591,643.1088762036713,678.1660888105807,688.4377274503684,694.1165830299924,708.9140836473084,728.4443276241664
3876934,571.2644257030754,571.2665874273594,571.2687700604963,571.2703428848586,571.2701060680045,571.2638033243659
ng2470434,60.046124124080734,78.26417260131143,97.14264807591917,116.06941346044641,151.15111342250748,180.6009635080859
3876902,489.489688710416,489.86170084146147,490.2951039820482,490.7038564402676,491.4017576085091,492.0453741465667
4196492,254.75101615105632,243.0773478754113,232.62589934192033,223.67247142293195,210.84203436720964,204.7622592282537
4196503,560.0909969171935,549.48960711425,541.7008571455367,536.3225495136369,532.1249585962823,536.0497169680509
ng2470385,281.3534401876907,281.3772195456845,281.39362486251457,281.4042944624589,281.41477619800503,281.41778270694067
ng2470463,282.6103467795915,281.3725486331034,280.4024826020857,279.6227104660393,278.44550181218847,277.6723706851967
4044766,-447.9361898142927,-414.1321168686809,-398.9059040402951,-391.86182504382805,-383.15426187820754,-371.20689749649523
3876911,-37.78097713980196,-37.74175911219618,-37.704030407027176,-37.66304818853246,-37.56719026279529,-37.443122944198194
3876939,-26.972708829732255,-26.977977990939507,-26.982898866794585,-26.987618966304353,-26.996841336218267,-27.0063580392507
3876926,328.16918999869813,328.1607603437217,328.1627050843865,328.17029554431065,328.1944932413028,328.22955258692105
3876923,43.17828047682997,43.182770771061996,43.18866338474163,43.19367050137407,43.198490218872394,43.193509959198536
3876930,465.42729308043727,465.8428804327207,466.1672145656155,466.4253243964349,466.7379627323071,466.719554488074
4044686,-116.59911817555007,-165.9239396224532,-199.48658479396317,-225.80970053937835,-267.4445856342263,-302.64519668844264
4044767,-207.17751345390002,-220.05766662067458,-228.54820479428054,-234.66186346447353,-246.63079781843385,-262.80891163796537
4044646,-227.80035642537882,-173.10769616032212,-150.93746684713437,-145.71929808487084,-154.76922908017445,-175.06355728184622
4044647,113.25472845400554,96.46994217484053,88.97699040909129,83.16423630660643,72.14245121126055,63.572755182949095
4044687,-316.0722440969753,-304.5219674946118,-303.6022788989858,-304.508086382687,-302.74189170174986,-295.0047628378811
4044648,-290.0520993430075,-251.06143881034973,-230.59048222264187,-218.18138206476215,-206.0612071124183,-201.6320131030875
ng2470386,195.50523713773077,249.74133730291578,270.87100232618104,285.3242684213476,312.9288538624569,338.0453197910251
3876927,-140.82607744749384,-140.9554675737959,-140.88333171851605,-140.7627096977942,-140.52872543317062,-140.33328635447083
3876942,665.4490918498254,668.6409687122477,671.3246293129546,673.7123298709807,677.9137692442248,681.9171329489341
ng2470387,243.15336888661636,247.73153174269078,251.96347309452108,255.90920909885244,262.4062704325738,267.2896362270044
ng2470464,216.3080220855095,234.18888177922372,247.71181405527886,257.1124742565612,266.62446084365956,268.2840077974515
4044793,-59.649555167964536,-38.13154460323153,-34.99546113878523,-34.585417702155155,-38.1299269823578,-47.270460470607986
ng2470823,98.89955368649612,68.87774654580812,64.12579520265308,62.580396016934856,66.52530820951665,77.4086385912426
3876938,647.9791821597105,648.133934830915,648.2048155781206,648.2366204975337,648.2665368945254,648.271507924029
3876905,-73.1837186581838,-72.67172611355795,-72.46603023188277,-72.37038068039647,-72.25580928770705,-72.0980774358568
4044728,78.18415727222396,60.02479969057072,45.32270369410685,34.60715880573753,19.257338014961988,8.332495380476303
4044794,-100.68565935368656,-96.54758210452292,-89.26310443601074,-78.5805074244422,-50.07753879545703,-20.559238770884804
4044748,105.79336173729621,115.16057052129099,124.71890286459143,131.4784545716691,137.77920103088604,135.45766562078688
4044795,-728.470938851654,-666.0709256742695,-641.8972356410558,-626.7988284326182,-600.166741723245,-571.5643324420089
4044749,-383.608338309338,-398.7053161519532,-402.6298089276286,-400.2968174057405,-383.23170277850545,-356.7117001402355
4044672,-161.0636445202972,-143.97150703390753,-127.17240782907788,-116.1152955126247,-109.06620870540041,-109.12554044141939
4044616,658.0570772887938,700.3522444746454,713.2894537382408,720.1704289620561,732.6868315647134,745.2587747335997
4044729,-113.42267345531741,-83.61794319135356,-70.4274538991358,-64.87815658701538,-65.06453812837935,-70.5828878924815
3876931,240.66487412794027,240.68060221567703,240.6930737853029,240.69650874858348,240.67461538886846,240.60412344168026
ng2472411,159.46241746868395,159.45217585423177,159.44152925002345,159.4321472697893,159.4176719699508,159.4075594857237
ng2472410,594.170553394276,594.1687643192339,594.167142589598,594.1658330369643,594.1639513194358,594.16257702907
ng2470979,126.36276832495855,126.36404596684042,126.37024283104552,126.37626717985427,126.3848264572664,126.39039143717946
ng2472913,-116.73126023735313,-117.13228951456927,-117.36234798341366,-117.478476719112,-117.51193623980748,-117.36231807201693
3876901,138.13308532594215,138.13579044607286,138.1352346973099,138.13187577282724,138.1193352244661,138.0981780228933
4044708,-308.12572879483173,-329.0912341125943,-339.004016745924,-342.0441207286424,-337.4170162880664,-330.81636793017833
4044592,31.12093374852998,17.362726041724954,18.00159216602333,21.16580890208911,23.181137325682585,17.372327621390014
4044709,-267.30127171171944,-220.81623234762947,-205.45186737064205,-202.8022405637364,-212.97322768396498,-231.89088684970307
4044594,576.4750872091995,542.5432764265113,527.8857318984046,524.6257710790815,537.5773543015007,564.1185254542836
4044593,687.8587894897483,714.8245761883278,733.3748141245587,749.6994894586896,779.7973918193463,799.2602542416761
ng2474789,34.60381623800822,34.60760355635057,34.60802178569429,34.60678277068814,34.602331619900724,34.5973658336402
ng2473364,249.0522416072945,249.0728473162833,249.0752823475318,249.07243359768893,249.06590316946097,249.0644366127383
ng2470819,112.28461049726957,112.9503136919609,113.39325192171941,113.67355063049149,113.93530863139972,113.97635798806346
ng2470605,200.0108909569899,181.86646011997937,170.0340300568064,162.96397180468443,158.7036759373484,161.63462721874112
ng2474784,345.38759005378165,345.2054600992042,345.0267244348586,344.86082796661685,344.5745472089541,344.3416736659083
ng2474838,341.93106943371413,341.33865311346835,340.85528466336314,340.4275712411736,339.7047782373286,339.06878797571426
ng2473373,87.97554095349915,87.89640237206368,87.8422355623195,87.77575659640661,87.56164936372625,87.288364917428
ng2472415,227.3962352749245,209.5410434558612,192.54134992554305,176.67433144189408,150.06393603603146,131.42996622984765
ng2470980,-101.98516165354272,-102.10026226631817,-98.56871758212424,-97.14872974494847,-101.60493566163336,-114.04649814989853
ng2474840,428.2442586797647,410.25395103292,394.7331928417541,382.0065857281777,362.9628328325639,349.92518323843524
ng2473375,374.3992315132805,395.300254659659,414.7605882791836,432.29609259543304,461.24492011188977,481.5153476672233
ng2472416,-26.34133448636362,-6.42156363303684,0.7044336320207094,0.9650582100300653,-5.375645892312605,-15.164309596417525
ng2470610,286.8509901783559,283.34963934647726,279.40816890254496,274.1334243500762,259.50769667934765,240.0642167995154
ng2474808,82.27238527667419,63.261703664830065,44.41121548599244,25.515249920449378,-10.682391785228674,-42.24788519673734
ng2472414,351.52756069714815,348.4229395192224,345.9656253362093,343.19367883326163,335.9121987238766,327.4953946942919
4044567,704.3666751454859,712.825612333369,725.7258359637992,739.9207767219987,767.3674138174731,788.6029744574168
4044573,222.9726400279933,253.8438676789085,274.9117659508631,289.66940542606176,307.17442064793613,315.2330144428033
4044689,-173.21365444965613,-171.4340425985015,-165.64391352231678,-162.98614654068842,-162.4876404909421,-156.38978611066682
4044688,225.85853025620122,231.4246709547258,234.45220512776223,239.24024430539862,250.8492022594528,259.09394721387184
4044650,256.1006710395666,290.58512544260407,308.4312890366166,318.92709712818146,334.52922839796406,349.1372617410136
4044768,577.2364150057774,593.3238658018715,597.9158676556776,596.8881004930379,588.5144628551011,576.9849558433739
4044651,802.9821147261459,751.5967763761264,733.8743425308855,729.0223797233273,731.8798306010804,736.1145448803043
4044769,54.33858164543631,27.949501133216017,30.53700889161655,39.01192031695882,56.08951191550432,68.88038196859839
ng2470608,-105.5047962727358,-134.97881352512331,-157.73936898209286,-175.0390646802075,-200.60099371844603,-219.00053239241174
4044649,188.6160071717875,152.81645732104926,132.70403166721098,118.80189019212207,100.62613670357018,90.24993073080918
ng2470609,-62.620651922562274,-7.7908134283227355,16.098958722724774,31.998311600230863,57.9998573285352,75.75861497845176
ng2472249,199.80401410374225,202.6114552313545,204.45405619930716,205.8584359226286,208.10155565486775,210.4795938381567
3876918,438.2314978528268,458.5320521828255,475.9751364799988,490.5751287595367,511.9797392468422,524.063409675523
4196498,-380.46293000493733,-383.631415302699,-383.2791275298539,-380.7706580864665,-372.81343268333876,-364.31211017724013
4196496,-18.491655011905095,-7.3882309798189,1.9390875245921961,9.869462963144997,21.96206545368591,29.712541619913736
4196499,64.6901485186554,63.99724340144098,63.62649434798732,63.42288463837417,63.20775345991456,63.0588146232883
ng2472413,378.8157506289656,376.6730282742942,375.6378768762031,375.07788549888573,374.2767718400655,373.2525859615232
ng2470831,289.86019740528445,294.7849526205632,299.14304470578395,303.1083911042517,309.6182711519898,314.5657176871309
4196497,-126.88922028547813,-130.63467397880436,-132.35128516395366,-133.55148395955553,-135.35706941116814,-136.4137782133132
4196500,-174.0351705523094,-161.95968592222061,-153.86888672384362,-148.45158074556775,-144.38713481716877,-148.62652460135428
ng2483501,16.258388344451532,16.788644932615625,17.266888993226758,17.702331833106427,18.42725673566406,18.960715328569222
ng2486852,64.87644212474447,64.87630757526813,64.87620596106558,64.87613235653771,64.87604009414122,64.87597868942066
ng2486063,79.48684525935664,79.49161480870771,79.49659959910514,79.50138100639379,79.50963397095984,79.51602669654767
ng2486752,122.99352778297975,122.99784773719489,123.00287912908948,123.00800823384998,123.01745434327768,123.02521833842184
ng2486064,685.6281162051266,698.2594493179627,702.3236446997107,705.5366566656398,712.7245609726333,720.2737408163657
4277947,409.2566647801473,409.24651530686697,409.2358812985085,409.2264751235507,409.211910675803,409.2016987175509
4277944,169.25895049751898,169.18629304758815,169.15814608124344,169.14767759783786,169.14363774290678,169.14788918740453
4277949,421.48466976016755,421.48471475314216,421.48421060699854,421.4836336087568,421.4826814500883,421.4820585903925
4277945,505.2317944388808,505.25133876708514,505.25313891440214,505.2498661169318,505.2427341573789,505.2407234834486
4277952,330.22603304629286,330.225645309499,330.2251587816522,330.2246946331011,330.22392652902124,330.2233527268263
4277950,631.5104336203889,631.5130629343033,631.5114686187663,631.5073516053352,631.4955021411876,631.482611212655
4277951,645.6298130828749,645.6280044054495,645.6263688802836,645.6250496945183,645.623156577939,645.6217746415625
4277948,50.90635949061425,50.90938831612027,50.91108920171973,50.912185584036024,50.913614087220935,50.914483539713046
4277943,486.3470842954466,486.3467520583672,486.3504740182591,486.3552044926922,486.3648621730282,486.37669510400247
ng2486772,299.9534045719713,299.39091298668654,298.9948135418015,298.63939116021197,297.9758223815561,297.2982529294193
ng2486767,290.67417751560697,289.3729663898155,287.81068481299644,285.7525546091176,280.09591714496037,272.8413337139639
ng2486766,136.4203024291494,135.52004845635292,134.68892320691498,133.9613667215549,132.79518600284132,132.01585550797995
ng2486765,193.10448857369238,170.09074846626186,145.93648377681347,126.4449226670979,102.51544821320749,96.15123215447875
ng2487399,235.97846734019095,236.50225392440416,237.31892436869816,238.23734239300552,240.07993169262977,241.71554524030262
ng2486068,369.749095421168,368.1676590426514,366.4778420567211,366.81984058890384,372.3209090583871,381.13117658047463
4044711,-84.66512262282458,-48.9558576771276,-38.26225137957158,-37.81676334008603,-45.82382653843888,-53.570601169944666
ng2486067,501.18851321516354,470.49480050891316,463.84037737373865,466.98970869901086,484.8544046224106,509.0984225951697
4277946,605.093291193067,605.093291193067,605.093291193067,605.093291193067,605.093291193067,605.093291193067
4044652,-124.84377558780602,-144.6277835938131,-157.80027357337121,-166.4074715673271,-181.53130264238803,-198.1656148697473
4044710,301.0556319373418,281.4989297227223,269.8855672083364,262.671580365361,254.7599547671557,254.06131529372556
4044574,-305.03913123303187,-340.66054801600626,-369.7948719402425,-394.54337452887216,-434.2875481197591,-464.90011498308445
4044731,-373.9667563889743,-356.20945659366566,-353.06638901354836,-356.55249836517737,-374.30715426228016,-397.62439626812375
4044562,281.3752700753571,293.1249753383229,307.07618260470326,321.6394000452244,351.42972887653605,379.3574538247083
4044730,-117.53508771333145,-104.53072474820465,-98.40862473423294,-95.30907690729782,-84.95491111525826,-68.48334167907501
4044653,-292.010288327813,-294.10678637627984,-308.7748364158349,-326.1642096508999,-357.7190811435596,-382.7090990992881
ng2486771,265.6453004501127,266.57085889528753,267.61986696407644,268.6916830770008,270.7433491608658,272.50959249643597
4196495,103.70798715067349,117.04612564860054,127.42440846568275,136.02883512401013,148.34680904815787,154.23858567958086
4196493,-164.0662144292005,-162.66862003803726,-161.3829090624481,-160.34137580886954,-159.52966584604565,-160.8762269512049
4196505,467.301095067553,470.09642022622324,469.6061344257664,467.1117894430288,459.50786258193807,451.669060057091
4196506,-16.855758999355658,-19.261635777855872,-20.168089384142604,-20.76466191696045,-21.705881513290706,-22.35754639095444
4196494,479.04034926777604,469.6977958532834,462.73650599962093,457.9130353935502,454.31456142416437,458.3584103619844
ng2486783,180.96656659549535,180.6094968471425,180.52526519798243,180.50406321822834,180.4351169977724,180.2443166961507
ng2486069,282.267616303923,275.11140058715023,265.2246771232558,253.75969956067502,230.20389234426284,209.95666082451612
ng2486775,150.33975500264364,127.68758430254366,106.04206091101992,84.23818893604061,40.88097007210786,0.1826665408957524
ng2487797,-64.59682095232574,-64.58950995476357,-64.28670880663117,-64.03690641711137,-63.91074797866304,-64.16993389561208
ng2486773,129.1839081196706,129.32248107620921,129.4848068122767,129.6567804250285,129.98737104188854,130.26975864510973
ng2487798,138.30028271334868,139.52381263994175,140.56067478350542,141.41481806504544,142.65451672850327,143.36294033918603
ng2487799,43.43218488559455,44.12840244853692,44.670215441646405,45.178484535291545,46.09517691244764,46.714886764822495
ng2486787,165.185612229149,168.3505779014704,171.8085457523241,175.43512284751546,182.44423353705156,188.93270890285476
ng2487801,77.53454550229344,77.47713862717092,77.43481546602698,77.39563604685395,77.31104275676012,77.20298799644183
ng2486065,8.754498536163737,7.464981942472377,7.604234152054914,8.980984957368491,14.454564987099502,22.811311262366416
ng2486779,36.83170325633182,36.383741978577746,36.29467356647365,36.32801030380051,36.495540735343866,36.700128711452635
ng2486778,480.47455588360776,480.4024711498246,480.33599664159146,480.25406847886916,480.0152039534064,479.72607017187033
4044771,88.73507779809074,24.648007302906763,-6.928232161588767,-25.05011640573207,-50.42032465142893,-72.89481493009112
ng2486781,-146.42733701584552,-128.75726796793265,-114.16626607795115,-102.52401799701192,-85.46034278369461,-73.86314901187461
4044596,417.09674388729263,426.8272818581147,423.4988907565339,422.06538886869475,430.05453851731545,446.12527174748675
4044595,-471.9200150039974,-526.0069225610446,-552.6113354917738,-573.0758615031223,-607.6911752723124,-632.7616716985151
4044673,2.497918018639666,-7.286605878699447,-6.824010173733086,0.0733632003218645,20.88244012682935,37.26137659376354
4044770,-60.047730614157445,-39.56302160863561,-39.318229851427304,-41.22633243537962,-41.95541007685961,-40.46644222606278
4044617,100.54172566990451,86.77772512238198,81.39109180944206,76.4965681727715,68.86404951458303,66.8344659611555
4044597,153.76308683602088,119.53539153174802,117.05610959095361,123.55250923353924,137.66595720074088,145.43050673013363
ng2486070,322.6886030348526,377.3583428400068,413.7935672991348,436.73913060119,455.6286171805564,452.4759132683596
ng2486782,263.8269722247685,264.1521498175357,264.3522832906024,264.45045805183554,264.43803634146957,264.21589921923646
ng2488004,78.9330852014682,78.93717185734477,78.94198202966936,78.9469131022845,78.95603418752899,78.96354426513813
4044690,300.4770466053783,288.34551011543545,288.3353497123958,288.636456151155,287.79190433364215,288.17311813108336
4044796,778.4255488992245,718.526919159747,710.9655290448715,715.5786428146886,732.6265670534092,751.9182142364762
ng2488022,401.1494126188287,401.10223007197226,401.08505262207075,401.08446580150246,401.10851108140275,401.1496180913473
ng2488021,5.945352857580474,5.8546982098785065,5.777441656412975,5.709022747213112,5.592098628199665,5.4856139546652685
4044797,74.0131646638456,99.35038690370129,116.38668340606569,131.11147038637046,162.99861540717393,203.61398698289986
4044750,270.82514597074055,273.96757102950687,268.1618809690747,261.4692155192131,248.97812769888105,241.3561111642016
ng2487796,-121.83688992951329,-118.6992820457856,-116.40451520221814,-113.85299011434222,-107.11664535916498,-99.52712697221955
ng2488027,-60.36416519379463,-59.6197454781327,-58.98705857705113,-58.462637327222865,-57.68269049337596,-57.18981613590677
4044691,718.1659021044659,709.2397352456017,707.14828339716,708.82897021452,712.1723853563149,710.5974218802417
4044798,512.733624351154,489.72168680507275,480.94409214368056,475.0467553661224,469.4479967403438,473.9966043069812
4044751,81.16595150141302,49.731035193987964,44.77100008834282,44.34599252376688,45.73483996547634,47.07887708007979
ng2486071,-57.05730929708989,-104.27975337203293,-119.71022660842891,-127.78754404926076,-141.97364939005524,-154.66365241536528
ng2488028,40.79782282770043,39.79458003943569,38.87145161490821,38.0096036593452,36.54252280558194,35.44491620050576
ng2486066,352.94303164428743,330.24079027326525,309.7234472277107,291.6044524982997,262.06390501973647,241.24957397984667
ng2489718,233.5888594366122,233.54857711383988,233.45730578925532,233.38311681904133,233.3216702234265,233.36028402376155
4044607,332.11316082975554,327.3978240590459,326.9023285916628,328.13493837488795,330.30187616712806,328.1753592255898
ng2489730,8.11161581075703,8.15796654863675,8.17636924437079,8.175314517237894,8.136869887673129,8.064163386919063
4044732,558.5876393147516,549.7913529405037,552.208240514045,553.1842030936818,552.545245321829,549.6380469263834
4044655,504.96983267413384,517.210784749889,528.178161383933,536.2086919570925,548.5116896223046,556.0774985351807
4044656,576.5489844540605,546.7007326170424,544.570349587492,550.4919169304021,565.0060078302956,574.1559619108386
4044568,-154.12971878251733,-141.47751128475988,-138.1089085935896,-137.93993273473552,-138.40587984319563,-134.46168206402535
4044733,497.1955274184511,459.1422261994567,441.35543309227364,434.4781289736534,436.09580406123837,444.58994441823234
4044712,446.3642169083687,458.9497597777729,474.95745826684924,489.0058574540235,510.0821172111989,524.8622527548441
4044713,-96.92553627406551,-114.13324607634081,-113.58160595024538,-106.62959169260216,-87.75500930851217,-71.03334483932144
ng2487364,-54.09895817845609,-54.087573618743136,-53.79282973492718,-53.54906314851178,-53.42059443795756,-53.66309346604953
ng2489319,191.37147978170765,191.89281974379128,192.33941552954707,192.73781023580977,193.3919530217902,193.86116042633125
ng2488502,-199.96294465916526,-199.95573261487016,-199.92799895600137,-199.91204048095437,-199.95794109795952,-200.08685535297536
ng2488501,50.833836881564366,51.10685948809487,51.033185490899996,50.87506006661238,50.5735773243116,50.406133189850834
ng2488429,461.76234855788994,459.2673132837865,452.933389167358,448.4052324893901,446.4042867188507,452.32722912133227
4044772,-255.8113342966103,-253.33632330668615,-253.08710359573615,-260.01674102467655,-286.9979763136796,-324.65764498827207
ng2488430,234.17377273155967,217.97635744867193,204.10590925521456,192.62102006562736,176.3475628826775,168.55874221845852
4044600,-308.95210127926157,-296.1690564568944,-288.5182707171141,-285.2784782809829,-286.7966602760521,-289.6354696363071
4044598,595.1980399048083,639.3797659586407,665.3631252810193,683.3955107697526,702.9095688256739,706.9292728940134
4044618,-149.92725296643152,-121.77399567709222,-102.36173176462103,-89.33455292796089,-74.63850436884991,-66.58870776552044
4044674,-497.56255520866216,-542.3500987587138,-561.4535349377497,-574.7541636688518,-599.5709720990405,-624.1913842217302
4044599,-76.68113360990151,-41.98078372598184,-39.90209321190855,-44.80554496036689,-54.8979193973646,-59.67173448607082
4044773,278.0290709816795,272.9359398259205,262.8390677377331,251.80950030005533,232.16640215828465,218.58783805743565
4277955,-349.37118894273294,-349.39029168251454,-349.3920511591866,-349.38885230415895,-349.38188148157633,-349.379916237173
4277953,-330.9345798178705,-330.9342558513182,-330.9378851595868,-330.94249787974286,-330.95191516316163,-330.96345356747315
4277958,114.91286844377873,114.91018094401909,114.90867173499373,114.90769890629008,114.9064313839416,114.90565991166841
4277956,-449.2644690345908,-449.2644690345908,-449.2644690345908,-449.2644690345908,-449.2644690345908,-449.2644690345908
ng2487366,233.07448966691982,219.18571124763275,202.6741079340843,184.4794132905115,147.4671493878352,113.90099533796774
ng2489327,426.8867819778693,423.42769661028706,420.8956741054153,418.31496489329425,411.9668090829273,403.7614349477426
4277959,-273.66346599867313,-273.6635080934402,-273.66303642174034,-273.6624965907888,-273.6616057655615,-273.6610230276176
4277957,-262.2467044849185,-262.23724824754834,-262.2273406060531,-262.21857696017787,-262.2050074561887,-262.1954931504222
4277954,8.819632056770729,8.885632614160045,8.911200410783067,8.920709595386029,8.924379243769522,8.920517395478555
4277962,-140.6262584219768,-140.6258908806392,-140.62542969387505,-140.62498972081698,-140.62426162406575,-140.62371770891218
4277961,-489.19089511857953,-489.18912263762263,-489.18751984399466,-489.1862270591248,-489.1843718298654,-489.1830175507056
4277960,-475.87927185197486,-475.88183674093625,-475.88028149011984,-475.8762653553939,-475.86470624995684,-475.8521312214667
ng2490515,275.67684436858167,275.16734251624325,274.99431442948435,274.9402688751818,274.91523446305814,274.8548425303022
ng2489350,152.96038197792632,160.54549772464816,153.09226690411538,144.43200304233733,133.82975727569988,129.7312379000839
ng2490539,-66.00818379833049,-64.70341600832535,-63.613883728866995,-62.71853481455878,-61.40934944343121,-60.63179112833177
ng2490527,-47.89460769604102,-46.76437598032771,-46.23507039088554,-46.089009407959566,-46.35904633452242,-46.97549663718701
ng2489333,15.974076597610292,14.879017572011435,15.086557464517682,16.456686059389085,21.80579690892887,29.934342923604163
ng2489336,216.56596858613943,217.90057907432993,219.08038649626747,220.13835983107742,221.86448278652142,223.09066153021217
ng2490514,155.41769990152534,155.90668532416316,156.0777655698373,156.0995149524167,155.93156269281303,155.57138225516792
ng2489334,212.40764062055814,211.77639125984842,211.23498594950365,210.78912456197963,210.14256002981483,209.7729934692104
ng2489337,207.01231659539008,220.8721245238214,223.83885424773393,223.8414572889683,214.60444644977292,199.45024044981528
ng2489338,199.48250737369062,159.73947074264038,140.53865172898918,128.01509763866488,108.66181971761898,92.47813437767877
ng2490543,198.93139433926854,198.93268342606757,198.93104535594375,198.92799160973505,198.9191537910633,198.9066111927175
ng2490532,99.0457456267086,98.07066822161119,97.52769647925084,97.2316377046393,97.0235391176027,97.09033607544802
ng2489339,235.39155148097393,234.89081920597005,234.2607897225164,233.64867130852713,232.6209678091377,231.91667529752
ng2488431,446.73804327946755,446.16096626963053,445.69291294570394,445.2805138416627,444.58623818046226,443.9768366335411
4044800,304.2397251202815,279.789474142656,271.99363199256004,269.7878409213788,273.09378614422326,282.4318736652324
ng2489342,-367.41706576788397,-367.427171723754,-367.4326822504387,-367.4359049366311,-367.439267142933,-367.43984426374107
ng2490516,-112.9220354856102,-100.71052218808495,-91.06626734402175,-83.94589252282526,-74.67880961983383,-69.61982376247579
ng2489340,76.12781157684572,76.08272124581708,76.04483958421451,76.00558444608419,75.91426919513424,75.79177279906821
ng2489341,-26.358902561148852,-26.672534101649944,-27.07435159300144,-27.456552821931837,-28.088995791711795,-28.654342831137228
4044799,-37.36671074706692,-44.342618883472596,-40.661691315580356,-35.246004183943796,-25.719457652792244,-18.574625701820878
4044753,-363.9995828470528,-333.275312955378,-317.72361457183365,-302.21369109245006,-270.5874530536355,-243.96700939422544
4044693,-399.42556585484704,-380.01066088193124,-369.95250068589326,-362.76297563416506,-350.2209792771466,-338.84427557636604
ng2487365,334.2491429469055,316.00717219123453,302.07816542350815,292.35192867641604,282.2059918263026,279.6130746912809
4044752,320.7388450537662,325.65678993467986,330.92914115202893,336.2846625230584,349.5123866843303,367.07004763049235
4044801,-922.562460141191,-869.5786851444446,-867.4175817246792,-877.3480058587147,-906.0374779061864,-940.6913020643575
4044692,134.9718606669485,171.46424971265287,190.49535757426247,198.23532192611424,194.76254985864193,177.20980374028795
3876946,601.7724546648581,598.7975036922555,596.5750480513782,594.0786206719922,587.41942821669,579.7428878854394
ng2489343,137.73649564830976,138.16082896039438,138.45785319295123,138.68562260431395,138.97432575801167,138.9710521333168
ng2487367,323.09900968850434,322.23326728705706,324.5131409734197,330.67046110762476,354.3860046273646,388.17051900425554
4196528,39.496463254505215,39.94848405193261,40.314217223748074,40.716227009265594,41.45210688695329,41.89119335586156
4196529,175.90912701399793,176.15587836502414,176.37257865351853,176.55485544911653,176.72360903888512,176.53878930902624
4196530,16.926151366820704,14.17516153675433,12.639619785711147,11.531996769370153,10.557929698152748,11.748337232311314
4196526,-99.77600866175385,-100.61433146611034,-102.59301448168299,-105.45340802979558,-112.86571180113015,-121.94527074343205
ng2487368,41.75551966760713,-9.381687538289498,-28.66187861969047,-40.17877734621197,-59.84159982941446,-76.99623442983966
ng2489351,235.96796364167926,221.885573311499,207.25783989603065,193.99449402134064,172.42032465690477,158.0959722169323
4196527,-200.45213707682365,-202.40930614020635,-201.96638111613788,-199.66354755178781,-192.3658810172185,-184.61430869261994
ng2491794,208.58650190450726,208.58773663877787,208.5861676356085,208.5832426472723,208.57477747216535,208.56276374496952
ng2498557,13.453584937419691,13.77164870273873,14.056928529909555,14.314516478749738,14.760517506922042,15.075255621959741
4044657,-14.028614945694699,5.235565600295104,16.838413919226923,22.506651419894524,24.219194936981694,21.711953260211658
4341121,-22.33829655351792,-22.33305593468208,-22.33039803103202,-22.328963822971446,-22.326826210354056,-22.32165299082817
4341366,210.0801047794439,209.95803911844928,210.00633240268462,210.19392565958196,210.77969900493213,211.44926303314855
4341165,199.33011386465114,199.31553426014443,199.3099735331591,199.30883619405222,199.31235528766797,199.32180247627684
4341100,55.87218768488333,55.8546733355206,55.84279099470109,55.83235455837644,55.81004842990478,55.78165372467856
4044654,-172.6056517225361,-140.26562044631623,-124.82616739290347,-114.54766757751236,-100.64974663069302,-92.66352590396059
ng2499487,213.86368344407947,195.5234398080238,185.19193307535852,178.43209775517425,170.76783617391266,168.8927212469091
4348771,939.4503115865984,921.0658468935196,907.3226167723557,897.8396201312592,888.0939421234644,885.7698323575188
4348741,896.9568814853955,900.5587968875561,901.5535064620753,900.9669268981498,897.711126742626,893.5381191463165
4348589,688.5425430231485,685.1028510051142,682.5848795005397,680.0313449840207,673.7873432624892,665.7454758376275
4278036,-212.79794011189392,-212.71216880292036,-212.640159438306,-212.5746673602157,-212.4437687863783,-212.29449903969225
4278063,-61.90311432199587,-62.85048034655938,-63.36712769224141,-63.67751644361874,-64.0467173690663,-64.27271244180997
4341305,-98.15132890135123,-97.56913615574467,-97.11380250560615,-96.75565178186525,-96.24964961942874,-95.92960440092065
4278057,111.05561005370873,111.06014354581839,111.12534755696379,111.18108245547,111.2207993665454,111.17237967819824
4341315,28.210861567203665,28.589124975194636,28.940421480592022,29.265070228533887,29.804107693386868,30.179783507132697
4278039,-146.7983782015708,-147.36932532322885,-147.46721136783503,-147.3192608736956,-146.7402092395355,-146.0425603306619
4278031,-276.8956454430247,-276.87294487703844,-276.5796714859814,-276.3396991208165,-276.21523285735725,-276.4563428917256
4278070,34.55133349800303,34.5289936649026,34.489167926009486,34.438548116015,34.31330198840351,34.165408574789126
4348734,768.2060708045444,753.3746216259417,740.5571109384123,730.0485352271585,714.2875690448006,703.3607159503799
4348757,541.1967758699552,541.0231937420042,540.6820692989897,540.4021871432974,540.1315800962523,540.1999916127252
4348744,617.6714428724384,617.1666951560383,616.5892771275358,616.179597771036,615.816213603076,615.8552044411579
4348591,481.6451748601114,477.8210932140785,473.68035280301206,469.5691314019198,462.1240081351609,455.73233765305235
4348762,641.7487141604895,641.2279083350005,640.5605192683548,639.9029190314483,638.7659220808799,637.930715900268
4341287,896.2030646638799,896.6127284206058,897.4457675704773,898.408401970512,900.3144274061061,901.8972726853389
4341099,847.1179946577879,847.785058076479,848.548802689679,849.3627255333279,850.9856103476386,852.4119898863278
4341298,131.94887801670143,132.14487060191482,132.36689755291764,132.5647549077919,132.8631554520739,133.0485917927315
4341151,-34.26636073450072,-34.224329825019595,-34.22673124545781,-34.24336094004889,-34.28292998695133,-34.31816250011116
4341122,491.07888048034897,491.17445051536697,491.2585299359696,491.3466056463583,491.56725472487165,491.8448174648961
4348730,746.7605588420249,745.7088025907568,745.9055664316782,747.2153108659031,752.3305882464812,760.102137182105
4278026,301.38341049849623,301.8405142299605,302.1096725201362,302.30063474073904,302.57649835295024,302.7461641675334
4044774,-294.750100964741,-352.5495180216685,-378.5397026387848,-396.75898650227714,-425.9729503868323,-446.05329154513606
4044569,-556.1511408861982,-574.1157229720536,-589.7669962880634,-599.7154965139605,-601.2868170921431,-583.5486587933135
4044754,-227.39896314919247,-198.4353668039546,-193.2542031633584,-189.15073490191412,-181.0976992295664,-176.70179470085282
4044775,-228.69653307875092,-219.55471645500165,-234.41426737731422,-256.19922673346855,-299.7187255715512,-336.19795530545866
4278049,131.8690561956057,131.24495265188352,130.8265808004585,130.56019300503317,130.30854141582063,130.2648634933189
ng2499486,546.2374147761511,581.6421757347664,607.3236512754336,626.3582845661083,650.4336624958773,660.6587770768251
4044563,-94.48317604182716,-102.32867045983585,-104.74621613965746,-103.01824722692527,-90.78788193915443,-71.68700526985344
4348767,-224.86473033743073,-224.29641584817978,-223.83117429624076,-223.41952660826678,-222.72515760471333,-222.11625256765865
4341202,161.74945917874902,160.04209108583336,158.8397870089159,157.92934677825542,156.63875551804927,155.80523366143484
4044601,-874.7161484729934,-936.0911856246826,-969.1885142655983,-995.8750845819183,-1039.4765100798386,-1068.7843717314436
4044602,-25.801221693493517,-13.660908300224946,-15.199004170288617,-20.10998349575948,-27.874073123484777,-28.837735743453777
4044603,173.955575865612,168.17700097944544,166.68927980942044,166.42056826859562,169.18706648652574,172.06190539638737
4044755,254.0306797199521,262.45840559253065,262.9328492633749,261.8256568454872,262.5777965982363,273.3417935794257
4196533,-124.11540235107509,-125.23597703083055,-125.38110052312868,-125.2868620407803,-124.8889011275553,-124.34761899647151
4196532,-21.06204654073349,-20.52810441388442,-19.689068932391592,-18.88176449671255,-18.243558531371264,-19.583720503869472
4196534,226.8663047635041,240.10714117747852,248.66770285993425,253.92242121890717,257.4593849919188,254.76566710368525
4196531,-48.30578091042935,-37.28768620182473,-29.877608475613442,-24.831962439154267,-20.60631220769301,-23.589156280010002
ng2500812,-5.752267431581458,-4.388843632292037,-3.0055286449503456,-1.6480128171310753,0.7576698183736426,2.5474803471172436
4196535,116.29008479322238,115.11667910216033,114.37826906518808,113.80901006166482,113.01682003309202,112.65316784277502
4341213,-94.89822563360099,-96.15777447639334,-97.27257141930113,-98.27958837032543,-99.94198273377651,-101.14175233200353
4341288,81.16539273123135,81.41845916683178,81.56975708532809,81.62701241382274,81.53616733691047,81.22287525465595
4341252,94.17208217012717,93.65500612898813,93.20882131209987,92.83840679649916,92.2863805641432,91.92845287100658
4044802,670.7217095953928,629.9112893190921,624.1854166737,625.4855382291497,626.8012840522679,624.2755907718854
4341364,65.68383687337814,66.00371638981278,66.27540718297087,66.49395428172011,66.78686429022014,66.93693441887467
4341185,290.46643461065514,290.6153958587845,290.582785937381,290.5071127791432,290.35739231975003,290.2274312023162
4341250,378.29604013702533,397.2280143582684,414.8337088386745,430.7155941017361,456.97335861008855,475.39681441667335
ng2500093,284.28448798453815,297.50155840556295,306.4145218669448,313.1296014235327,319.7530337359335,317.6732704467886
4044735,-208.01687792483676,-179.3195013186014,-156.230085402834,-141.31928773729487,-119.52260737457436,-102.0990638883518
4044803,175.4955608188402,158.22145028687942,140.73484067023242,127.84005405337803,110.79860549129285,104.9328874420296
4341365,706.340722428868,723.0139719877168,739.5032753923026,755.9338839562233,787.1142657869004,813.9772542686821
4341251,547.2717593884145,547.2185213965113,547.2238023441125,547.2805658216976,547.5082777841349,547.855052371124
4341203,714.4366856241408,733.4426756120341,749.6668049545302,763.2575393816119,783.3052615263782,794.842616380145
4341087,219.13030233384893,219.45056913405233,219.8616822921556,220.25428343793737,220.90610329380502,221.48504010811257
4341297,762.1888931896609,761.231675835796,760.9728504992969,760.9513677898691,760.9683232911743,760.789780502847
4044804,252.96640278889095,238.4834850732875,231.30774653628532,225.72498487736902,214.60012815180994,204.44533345714285
4044695,757.8191164865013,794.3173279143621,820.5405452022651,839.4299819499706,862.3292401532303,876.8714664587628
4044694,446.2069563595544,449.86319712397176,462.6223719150755,475.24004768067016,493.65866852684576,502.58269414098027
4044734,53.07346095854632,31.766408192347853,15.4334374872858,5.340092032304938,-12.063056120360443,-36.64833558690634
4341123,248.8453058162579,248.66791509305585,248.53569873813103,248.40458460384843,248.08815290343136,247.72627630050943
4044714,-150.5807127700914,-144.8450144205483,-142.72280004270897,-140.94656239568758,-131.9969314980051,-122.48197030776987
4341183,-59.94090194625983,-59.919679667884566,-59.89525131658638,-59.87312412641177,-59.84090680678082,-59.82616740734261
4044715,-412.2303126566553,-396.3317725632826,-396.0069215127494,-398.90058251870687,-409.1714321243114,-415.81197407708737
4044658,387.9174636977816,334.2728655498827,317.8433911027528,314.3591923272006,314.9910282109379,315.72972007333715
4341152,727.2580657830774,730.6955301415417,733.6147725209205,736.2082637543247,740.7039435529161,744.8140474527138
4044676,335.98204883908966,305.631696951933,283.90258757291576,268.75984139186085,250.12284952365076,239.27405933595878
ng2500080,257.25242479793724,272.9438312841112,269.75551184575124,267.277434524648,273.66029285757304,285.7573473271573
4044675,1023.8602229398116,1069.1406381191441,1084.0993023173878,1093.5997275166171,1116.1751813085189,1145.3907519342335
4044659,48.49652179181635,56.70248950980954,53.72413603773293,48.03284990382599,32.235584398163155,11.522549577622158
4044660,389.9172086785311,359.115568707027,354.90964095720165,362.1200291227485,391.32013908921977,428.03192826349755
4341317,-254.9499364802375,-255.21386444896848,-255.92420481487306,-256.78036446029864,-258.51192093856776,-259.95471932507417
4341313,-72.80930420678055,-72.22995092685301,-71.77381646493063,-71.42042878299253,-70.94657151899833,-70.70248108761393
4341119,-185.1953298843946,-185.2972691724524,-185.3594064554802,-185.420200988744,-185.59161331968244,-185.828567337202
4044757,384.61661388529797,395.4792255548077,403.3116169986981,406.8295849811668,407.00610973131074,402.8956688533842
4044756,310.43639509538366,267.0874732444661,248.35680772475416,234.4450696531801,214.59773497278297,202.97706123375679
ng2500094,63.17140243233712,70.22651360799341,66.67392300359279,62.918590274052576,60.54420387908863,61.06370379057853
4341148,-188.85935132322697,-188.8776559306384,-188.9064390398164,-188.93649016022437,-188.99032438624954,-189.03755298637043
4341102,-247.70994209325795,-248.36601097310563,-249.12207608842914,-249.93000457778976,-251.54367743383204,-252.96444515962344
4044776,526.6052105143922,502.37477132466825,496.5842390052019,496.28099431502915,496.9556275635846,494.05917630017484
4044777,399.75911257493885,438.0571654425362,462.5192073881833,477.62421363408976,489.33209400659484,484.8337036297844
4044605,4.726009425369057,24.51538465134081,27.449420957977964,28.423603066166834,31.279599412784137,34.3237466576943
4044604,-375.64821907812234,-444.79133744785054,-463.83434777696993,-467.56414792056876,-457.55328722212107,-435.3508670739337
4044606,525.9485494211494,518.1322599172643,501.6877218938537,487.00938720601766,460.2565088227482,427.18372728219697
4044564,102.03833304377622,70.3075920804522,50.71697449650355,37.01232421785812,24.039175053331746,23.55670681544393
4044570,462.8691771673798,496.2412580506018,524.0475428926343,544.9341993722153,576.4415538849255,600.1392730840523
4341101,-440.8314688778539,-440.8496558422138,-440.8648858148497,-440.8750333332612,-440.8825417539231,-440.8772257933848
4341314,-117.57753375561515,-117.87126071519401,-118.07585558430969,-118.21636044303182,-118.29883573046027,-118.10212724248936
4341349,-103.08192666205309,-103.7956125143753,-104.47702744911226,-105.14204926589264,-106.35572395107351,-107.3412890541747
ng2500957,589.5936607281737,586.5346525600901,579.6868871350389,574.6685647956542,571.7821764862924,576.9863891181201
4341306,-355.2856611545037,-353.8125816258363,-353.1036446459899,-352.7304455678501,-352.37424111296093,-352.2697751995927
4341254,434.73562076351163,434.17356370431753,433.7473942320066,433.4473239193853,433.1463509045227,433.1619547630362
4341253,-41.041676386077825,-42.13578837653972,-43.068855714105666,-43.843596320422876,-44.994894708240736,-45.71462909974093
4044737,409.6815542184993,411.002070729857,412.24893512426866,416.35871716628435,424.4400333401095,430.8409901696418
4044696,-78.41352207694081,-109.43327369194685,-136.78675715411464,-162.11677653072343,-202.93345042009105,-231.18710984860695
4044806,309.1182378184187,309.50675751851213,317.87767324486026,326.6134013551871,342.14887829865165,347.9038796330351
4044807,-697.0628687114825,-625.9361274590374,-609.2851820638374,-605.0123769320078,-600.8884703840758,-592.81923483455
4044805,-247.37089063543795,-239.273166336676,-231.98384804428179,-227.19057071956627,-224.17306955207664,-226.91870343047185
4044697,-338.51530183197383,-386.7328882772231,-420.95971178627565,-441.8905878597484,-461.0325928355817,-467.6088600208277
4044736,490.1992781695724,459.43413173519843,447.8418435178869,441.2878401736,436.67133405902337,436.6809890789532
ng2501137,-5.421170552703188,-4.136214921401688,-2.832520824132871,-1.5531462849680793,0.7140549067828488,2.4008382182194055
4348742,-350.9757540147947,-351.3344640813756,-351.3976882068664,-351.38570455429806,-351.37252131961907,-351.4696843067678
4348740,-263.7100156222996,-263.6789759048886,-263.66541835256567,-263.6623414074627,-263.67169204081006,-263.6899948619871
4348745,-221.5492834226784,-221.52465252825914,-221.50465244140764,-221.48871723620596,-221.46669092420416,-221.45390001632722
4348758,20.87598058858248,20.8713444601201,20.87022988765102,20.869628032882247,20.867159160441815,20.86043598018432
4348772,-362.0398357202698,-361.9809651194654,-361.9330063958704,-361.88456214311157,-361.76877709179394,-361.63044078796133
4278044,-126.6467540346705,-126.55927840820573,-126.29454647666466,-126.08267692997288,-125.939103752964,-126.14297137249196
4278062,-228.72945767630358,-225.41009990108364,-222.965763829676,-220.4642949232366,-214.3030116171417,-206.343366467205
4348735,-75.0570899818922,-75.12859861569427,-75.18282586117812,-75.2307974565947,-75.3201447542292,-75.401653148886
4348402,-47.944937474037715,-47.04137652781742,-46.55219921144999,-46.26909477572508,-45.970484168072744,-45.837753006523144
4341316,-440.784678709119,-440.4997789127948,-440.31767236849055,-440.22281141720225,-440.21390133339173,-440.38379596925915
4341118,-239.3258924824977,-239.24508383768148,-239.19320701130573,-239.13334122834976,-238.9431664804397,-238.6994326421327
4341362,-278.47687034103456,-295.03335955082366,-311.41159338412444,-327.74114340169376,-358.759473917999,-385.5174407094212
4341120,-65.64806400233647,-65.72788168565899,-65.82099405150666,-65.9092494493193,-66.05856555057517,-66.1891613436394
4278030,-77.77357684600474,-63.047707335396126,-50.58702033256964,-40.375106742574644,-24.843730151355885,-13.771917157034522
4341210,-238.28237348205357,-237.8353790925446,-237.66235935848658,-237.58546327582962,-237.49611420259407,-237.3613213145893
4341103,-147.43125984006133,-147.75380488241717,-148.15608650579156,-148.53701925352925,-149.16726833935695,-149.72514463817197
4341318,-85.86292867145903,-85.32436491772728,-84.84648941646219,-84.41237624756855,-83.67797825518414,-83.10199095723533
4348752,-167.90139979554397,-167.8739201591154,-167.8540247724752,-167.83713137573795,-167.80889188596745,-167.78233010336362
4278054,-227.53183807767596,-223.96466105833747,-220.1123079204608,-216.29661276229285,-209.4048096184447,-203.48964546806883
4278046,-218.69830582671216,-218.23324843050273,-217.74686413435734,-217.41202944491147,-217.11423329826698,-217.12177879961587
4278069,-288.7999821802023,-270.5437892443581,-256.88628755961804,-247.4607347655808,-237.77832793982066,-235.47594836799294
4278048,-316.7808979469694,-320.9569170101638,-322.3365756191886,-321.99573539103017,-318.97372995320734,-314.84362644559974
4278072,93.19039526915458,93.17108755920435,93.39403459299024,93.65774274797559,94.13003660627737,94.38396505417359
4341363,-289.4296278812117,-290.42121983389075,-291.20839934268906,-291.8212480400314,-292.6448201070923,-293.0675677771876
4341255,-171.7183026835794,-190.9049722649163,-208.7354981587457,-224.80532260436257,-251.3456732511886,-269.9593495575084
4341150,-192.62298615041618,-192.63599589130217,-192.65475454275406,-192.67227804020604,-192.69629181372557,-192.70446349281247
4341211,-183.91786910551446,-201.61267591434398,-216.66608853309026,-229.20393289479648,-247.52978126589687,-257.8379484430925
4341149,-307.1612770307638,-310.61065396533445,-313.50647771829017,-316.06711097926063,-320.50069912217396,-324.56239333254166
4341212,-342.4533563628718,-343.50992826504057,-344.42301730536315,-345.18671096069875,-346.31799374041543,-346.99745624642196
4278038,53.04091660909671,54.95505564368182,54.912199372829946,53.47179484427784,47.877737648614584,39.6574625755286
4348592,-178.082071151312,-178.4769769751881,-178.68673121719576,-178.81911111593263,-178.9881181670164,-179.0824900811872
4341180,-241.41461653299757,-241.5786829603726,-241.5430095315553,-241.45126324529474,-241.24846150539793,-241.05119277239987
4341181,-356.8644297257215,-354.3068386873167,-352.42012217946876,-350.19945555896766,-343.9630480894673,-336.5679040907785
ng2500096,-14.088205297135573,-46.76809027807985,-62.442870631316055,-73.3672167194868,-97.23097693911768,-126.8689418916208
ng2500095,445.3870791680574,426.5080396924691,429.55802847821656,439.3762408699299,463.0086801035138,484.84037608294625
ng2501136,264.7872558933659,276.5885877522762,285.45846319395855,292.28148174317175,298.8513075803787,295.57927933641986
4044619,-248.5972660212724,-228.7060147479458,-208.50650736680586,-190.84953140660787,-164.74694886265092,-147.5280342460244
4044662,-356.97589541575803,-338.7058662072084,-338.5120238899535,-341.677615435686,-343.32886621214334,-337.7990168687202
4044717,28.474198699808767,-21.36276569792153,-45.80719832911063,-58.76394223831744,-75.13281692625878,-84.97118471555336
4044661,-107.1831525028947,-95.88062425158682,-92.27072756452503,-91.3406980217062,-90.67055210948638,-87.91414141709652
4044716,449.7176195218892,455.51229899033115,454.9884855548348,450.7091536666662,445.257629891182,442.38812029341693
4044677,-760.7811892275406,-777.3984163400471,-774.8131521275534,-771.4781167955414,-765.1781057881935,-750.6228609210243
4044663,175.64894149224597,234.62367992825648,263.45966824672564,279.3565935428735,297.98250389118994,311.66682820569554
4196539,-160.25410092695006,-160.7796892819806,-160.46988914742678,-160.13651116191454,-159.95668409834616,-160.42146194694647
4196536,453.40145654261664,443.65763200623655,435.3109766266691,428.2359143443914,418.1501382476504,413.46195421459674
4196540,207.87899644714457,207.6772337161949,207.14116941441262,206.6728253852184,206.61985607241877,208.216109880962
4196538,60.58468623517501,49.42376036503356,43.41765067567985,41.139682885269394,44.28115173121341,54.34070423436515
4196537,67.53156350535482,69.18419798479772,69.61460235495792,69.6551162562157,69.3729808573612,68.97597300519396
ng2506600,275.1738038258927,276.364558425096,276.5007899239017,276.4448009325772,276.4870973059451,276.8680412222932
ng2507594,-26.88770111548365,-27.569395748487295,-27.548973425620943,-27.218813991830984,-26.51508261514914,-26.522842856692023
ng2509399,-267.60680836348024,-266.816675014202,-265.9375136966944,-265.20991550356257,-264.27001796473814,-263.8246775850921
ng2509528,-75.87832185589446,-76.62124695746115,-76.83496864568224,-76.8824613518243,-76.98566993573422,-77.3390744336159
ng2509529,27.350351159809634,27.53469700693836,27.870143567640525,28.057762887291574,27.94322077442598,27.32925115769808
ng2508783,352.71304060964735,352.2714301423316,351.75874944486895,351.2343696306632,350.248526495913,349.4243376208324
ng2508785,611.1615807953776,615.353917168366,616.7293780428545,616.4385136740484,613.6777550645281,609.9322631406624
ng2512377,432.3175670985927,432.0893767762791,431.92991926708874,431.7797269095797,431.42191128478544,430.94595761472465
ng2512778,264.7969911665855,266.75184128228716,268.45483701373814,269.93714974862405,272.261850591844,273.8166839198409
ng2512750,-120.94884249965048,-121.36168360481656,-121.49522283346505,-121.55437485549419,-121.6723825300221,-121.88390155293564
ng2508784,319.7768623191191,318.90796452424615,319.1514625605296,320.395263850658,325.1439230534104,332.310679055779
ng2514768,-118.209246754388,-120.04060661620656,-121.63675071151874,-123.02660943511319,-125.20734627917955,-126.66659309057445
ng2512454,250.2092953418421,249.92560138738259,249.73915508240862,249.57965631903312,249.29050754324726,249.01382196954887
ng2514775,296.82407646731235,282.5949695711372,270.185150758934,259.9750356776251,244.64184058607907,233.94074441309658
ng2512495,192.1754684036739,188.01979817127585,184.11668312463257,180.41359536396862,173.72538894919717,167.7681239411586
ng2514777,-218.0361735713086,-218.3693793642342,-219.08018868666295,-219.91202910143625,-221.57640918040647,-222.95803843675117
ng2515980,213.21523566492783,212.0890419646264,211.1381117984438,210.35294671511247,209.2026912369554,208.5218285637775
ng2512891,-56.59397720897573,-53.59023459898049,-51.58574769347729,-49.491604178042735,-43.99625823798874,-36.55042811793237
ng2512892,-201.8636751694653,-184.70659116744537,-171.94475791247214,-163.24036172834258,-154.57327172729515,-152.93174763943261
ng2515981,190.38716379150787,190.51954696345638,190.68134879363515,190.8420850752134,191.12875653275023,191.36836349007422
ng2512455,96.2883374501107,96.24900936018594,96.14986704990247,95.91037951801218,95.18744530680124,94.37929811585946
ng2512893,384.6417491873017,384.915803058803,385.0959134719285,385.20153189382404,385.19163698644525,384.8771346932949
ng2515059,371.05473821571445,387.0697785302998,402.94702353580146,418.8106192972989,449.0290462374978,475.1744752693287
ng2515060,278.06987301511117,278.0078646293607,278.00361065226343,278.0521243137364,278.2669207038905,278.6029267706476
ng2516042,-169.46513930456194,-169.24744027162524,-168.777256609789,-168.34185744740762,-167.74071258126128,-167.44408543356735
ng2515637,390.4528975647852,391.2111051694694,392.01419716724536,392.8611087193183,394.5904084565261,396.1615712207531
ng2516575,274.4472699211458,274.58746431275426,274.67789109753494,274.7633274538755,274.98338100236765,275.28359440096983
ng2516577,13.53795016166464,13.834181688033595,14.087366337360663,14.311755733744121,14.668409029746499,14.902897687717768
ng2516005,199.27352571226402,198.94301343637312,198.64942590400096,198.40119722552095,198.02934374859183,197.77771503203553
ng2515667,616.8940924867852,620.2231923102656,623.0355588729744,625.5223314439995,629.8129777014965,633.723948481573
ng2515666,211.06943159227671,228.42094933529938,244.70555249785934,259.501588413312,284.175077319067,301.6543677883212
ng2515665,457.4214454556984,460.1537121414249,460.9885322770863,460.51557017241885,457.6247240779494,453.6434757814343
ng2516572,-41.57683695105061,-59.569246969641654,-75.11661637813381,-88.2160983568574,-107.62805694614394,-118.87734426423208
ng2516300,235.1169756727113,235.11802733970558,235.17245465853603,235.2094182755286,235.18752693037732,235.04603787562996
ng2515974,584.4212302555445,585.3552927278581,586.2214919989696,587.024379407395,588.387477261625,589.4011752523885
ng2516301,-526.9844161614737,-513.1540979758693,-501.2207840091455,-491.45249567399037,-476.839310326455,-466.74859414870275
ng2516302,-366.2727947494891,-366.12079996879834,-366.4720298748596,-367.0369655016093,-368.3638107943507,-369.60771871978704
ng2515973,281.5315202053241,281.2650755837208,281.95135695804765,283.47945306992665,288.4270997359911,295.4746068191371
ng2517137,365.77379947796567,365.6847032756564,365.6475475491702,365.6073142129094,365.45592034515084,365.24921334674514
ng2517241,155.63862408453406,153.4322834948971,151.58955145365871,150.08425904986962,147.9169586560488,146.56903558829708
ng2517136,46.81998395499477,46.79132904396852,46.676449893200015,46.5498056314982,46.3280657478756,46.08367958421741
ng2515976,546.6170305856779,545.8153938146866,546.0619863661937,547.2633490553742,551.8348476859069,558.735869545563
ng2515975,276.35871256194196,292.58914561244774,308.42339087550613,324.16172077399256,354.1197936398394,380.12438298625943
ng2515978,574.6971423814746,572.1403991476998,570.2552394489528,568.0652910502404,561.9942076606724,554.8572276451914
ng2517778,31.924834307806805,33.5175153366049,35.04840170944249,36.44287795151649,38.70071256489837,40.27899371808803
4169711,311.4646105701124,308.11284132030323,304.49381254901937,300.9005857246584,294.396148560073,288.8149041428667
ng2507596,409.0469890224515,443.54063285245365,460.2861597415706,466.11248850127413,460.29779880832916,445.6000003689437
4169717,528.694792274408,511.9422871298266,499.5825385430662,491.20645415787385,482.96319109026444,481.4850661623018
4169712,107.78217856533706,107.15541549123577,106.86843138185168,106.66305054493637,106.19609163052496,105.5218165027868
4169718,208.8965882336729,208.43466868022347,207.80100240521165,207.2839623100208,206.70137434187654,206.5655546939406
4346221,299.93902965892516,300.2332574583563,300.4377991982533,300.5733296017279,300.63337720955883,300.39082819493933
ng2517513,65.06988456321073,72.39837299313967,74.01898887744346,77.0631692469558,90.23509943464956,108.85441778800691
4169730,447.672049992829,451.0462643656481,452.019909309764,451.5314040296405,448.6336232478682,444.9075462670103
4346222,188.62675193074256,187.800518461509,187.0031825620065,186.26556966357157,185.07122485391574,184.27571592682375
4169723,430.3326672399337,429.8944681299067,429.32805095664617,428.76475776677285,427.77722179888906,427.02952837598264
4346225,321.00311011949725,321.458293151328,322.00608939345693,322.6100840632355,323.8522896972622,324.96298017072695
4169724,395.9370298437168,382.97038286528755,371.74466435162867,362.50540675085335,348.50911630411065,338.63093627520243
4346226,78.36430981613307,96.4048054095415,112.96846934712676,127.8439686983329,152.43016115073647,169.74751863770734
4169736,358.44237877474234,356.3527735984469,354.8882901247339,353.2308563586321,348.5267760603051,341.9319620404947
4346229,377.0604037717894,380.2950644628827,383.0505413235446,385.5129323057654,389.830388555582,393.85950260477216
4169731,-486.26555171714745,-486.0544354861063,-485.72162620029053,-485.43722902898685,-485.0848424963799,-484.97996052165513
4346230,176.9739290012899,194.6230594661722,209.72793078863242,222.41751448992545,241.21392432449443,252.11205225614958
4169737,-160.3355736332419,-161.00674097637398,-161.1150351869794,-161.03317617134576,-160.83699556253896,-160.8581180455028
4346209,298.3121054281014,297.6686801416438,297.5488353333783,297.69122624648276,298.34025267244533,299.1342761774274
4346210,159.5729380202681,159.44258442273758,159.41352138962134,159.40762604514293,159.40381035380597,159.477747517024
4169742,34.854251474249395,34.12961479321166,33.80927077059869,33.63686836004467,33.4026687037308,33.17998350002563
4346242,248.3723145710169,262.46381901009204,276.7105482203651,291.19349634842047,319.29928035417083,344.07080893794137
4169743,29.641151705840002,29.251451727383028,29.96723156076473,31.488787048314407,36.302055832773476,43.09585469011199
4346241,114.09719757186667,114.11504107188875,114.16343359688267,114.26885309961835,114.65522152583526,115.20398489676836
4169713,-98.94888775509844,-98.9235570128767,-98.98925297352616,-99.06740529043873,-99.13934535832504,-99.05317968014037
4169714,-250.2407799468499,-246.78562643226337,-243.30710109793972,-239.91625612207758,-233.7820783812947,-228.44649863759741
4346240,454.42427795394815,452.0494692809889,450.2954357535509,448.2338456924797,442.4626257315822,435.6437207442873
4346239,17.144636826656097,16.541948250432142,16.189836237777627,15.948781582241963,15.644836726136873,15.529285703405776
ng2517979,141.2639528823529,147.82529940804557,148.90741476727408,151.42581491789133,163.50366987598682,181.02805921175104
4169719,-332.6235002183314,-316.18901304554674,-304.0061698444017,-295.6698699835724,-287.2285046820534,-285.3530577613187
4346223,-22.58557664521254,-21.746067538902025,-20.966864507438686,-20.239856237382355,-18.98819436573126,-18.03205856605109
4169720,-384.8962751540846,-384.82013633745987,-384.5968056149354,-384.4663878472875,-384.52516824057284,-384.871112338682
4346208,139.3404588465787,139.4707334885104,139.55506481844668,139.57793259345135,139.39525436030272,138.8942553459476
4169725,-164.55085445733903,-165.23150343545922,-165.62139471550995,-165.8098785156178,-165.8199779394672,-165.6037018317229
4346224,131.60122279066695,115.35270232580638,109.88144202718263,96.5930238184983,74.73588020703619,59.557656776673184
4169732,-208.47911727061023,-211.9164944764152,-213.1486104899518,-212.91576223697803,-210.37565271002245,-206.78405499840574
4346227,127.46621703076926,128.53688032715763,139.3023960474036,140.65704851890018,142.86068395233474,144.28888608239572
4169733,245.08304145379134,245.1346191447226,245.1299938722043,245.08744782649956,244.9469673409851,244.7693479221482
ng2521411,90.60861627842291,91.20964514382649,91.52316856085713,91.67143615756027,91.6955901007293,91.47216437114707
4346228,168.38072939740755,154.91142981362714,143.32216315372284,133.69164520987897,120.0050576937897,113.4847464884349
4169726,-689.5903236439533,-676.6661838639595,-665.5575728196575,-656.4967960643596,-642.9931563639011,-633.6930160490865
4346220,49.077303265222554,49.83088760733426,50.45118973585954,50.94998723190565,51.64359333077368,52.004603773045346
4169738,-310.4597257604514,-306.9058677693299,-304.6342437951266,-302.50231586819245,-297.31088989000295,-290.4217675337577
4346219,140.70160198647568,141.0355230369994,141.6421614870385,142.34591863098285,143.76712986825282,144.89455871309747
4169739,148.7628902356214,147.64122730792383,146.79057882121037,146.1062341104373,145.04566872191003,144.16415799120932
4346211,-33.29037063177611,-34.10480274833026,-34.796706741618664,-35.36347740381666,-36.18056815443674,-36.638118185617486
4346232,10.206862036916164,25.12779233080414,39.9321313360806,54.7346044808653,82.98170594973317,107.45111833292754
ng2512453,180.3206036624922,177.4692377158658,170.94437478646478,166.00233536098563,159.0483715056505,155.0615491343142
4346235,303.2269293620959,300.715114233888,298.865496396711,296.7361202100151,290.883744300904,284.03674514360114
4169744,160.2281619367336,160.45966019833827,160.39515780189618,160.38108187205216,160.6801488727035,161.3512003931994
4346243,120.26758919367671,121.05189311908953,121.55038751171992,121.95121812193838,122.66781243990386,123.26120406849714
4169745,-337.9694232812212,-337.29716003033514,-337.5943239712851,-338.74900353970565,-342.99110484443986,-349.3158797440458
4346236,25.420267650809137,23.34314894027102,21.561879287865622,20.01533460344467,17.519175457548272,15.757953351766218
4169715,-10.308212347748395,-9.942085513837583,-9.789244473310418,-9.693563508839816,-9.50708155856887,-9.255771703855544
4169716,253.99743174159153,251.24016599050628,248.17322901248394,245.12175235141808,239.6844119029479,235.18279231909082
4346212,-192.7103229526599,-192.2051022258247,-191.6762352140786,-191.13603692527727,-190.062354289724,-189.00258505446345
4346213,-213.45662817913717,-213.5262625576786,-213.56299718512514,-213.59942934809874,-213.71317325931204,-213.87735931527072
4346215,-175.02088697132876,-190.5680681132353,-195.27381339318435,-205.1836591710537,-226.53381453271027,-241.5767186145822
4346214,-149.02681490978807,-149.50628968074648,-140.52794306482565,-143.6785254361116,-144.29967608857396,-145.0799367921727
4169722,148.4403885807003,132.96556597976632,121.77289226671223,114.2024706233708,106.60862578715341,104.94353118262029
4169721,205.0802472868802,204.8737376859301,204.7976519563881,204.82924122437157,205.08581663307632,205.46507360180863
4169728,259.59123044664784,247.18776666887038,236.69746026806956,228.23143276611881,215.74244438281653,207.1952697309855
4169727,-289.3571408894238,-288.3749121926712,-287.5406470727569,-286.890286858802,-286.04288107598563,-285.61034278556303
4346217,-214.5129787937915,-229.94728058722444,-243.18032185396828,-254.32286356224063,-270.8984795700669,-280.62374015452156
4346216,-319.04542969719364,-322.32887166519276,-325.1831234571507,-327.75041794231925,-332.20432693318435,-336.1489264406159
4346218,-307.94034866535276,-308.0806887483511,-308.5752206995062,-309.19036419976237,-310.4633189719091,-311.5548488683387
4346231,-118.65260073311651,-117.80164488533774,-117.17054565926674,-116.68198230628855,-116.00641265578156,-115.71527514869058
4169735,328.40971402646755,328.33427899783146,328.0837473199117,327.84153855481577,327.51101849550423,327.396788535033
4169734,624.7281861106842,627.7869147674203,628.6397097848592,628.1494746185265,625.4086704887077,621.9090147647105
4346238,-116.94402368192823,-130.55822168838813,-144.13191548186,-157.7901887213086,-184.10517324932562,-205.67538962710182
4346237,-206.8261875257317,-206.08571392075487,-205.61621558723846,-205.39060276695864,-205.47434937469484,-207.53253706807277
4346234,-333.1516974188535,-330.2874372020651,-328.2490361264745,-326.0267052731415,-320.19193872952314,-313.55339436049144
4346233,-168.8794488390031,-169.02714648414758,-169.136601883067,-169.23481897078227,-169.43504140920982,-169.63036546430726
4169740,521.1879433193976,518.3521802797388,516.2983984350624,514.2215251560576,509.1328937523256,502.57433197362525
4169741,67.81278459976193,69.26410056282498,70.0660092758576,70.56747458822247,71.21893463588617,71.80286280734163
4169747,234.21621586052038,234.13193732644072,234.67065909234088,235.90720381801952,240.1180293012294,246.29030154472207
4169746,-261.18594453050787,-260.86594163143695,-260.5392989250381,-260.3360185759293,-260.2355872224639,-260.4040292642542
4353228,31.180670652673825,30.32832535648231,29.595235116880303,28.943522484730238,27.870002361434672,27.007845626574408
4353229,11.940242829336967,-2.8037034880403553,-15.481057855676227,-26.159000845828587,-41.993844547502476,-51.17423361650367
4394636,568.073341155168,552.7654240696393,541.4197799326562,533.6446444178769,525.7182631891753,523.8716089564462
4394633,-176.7759336507595,-175.5903933727102,-174.6003613751236,-173.77066285135106,-172.4498572965631,-171.46508949763165
4353230,1.0810051815196857,0.8124255000766425,0.6612709208445722,0.6123344317863939,0.7052952080355226,0.933821396038411
4353231,125.6807852501206,127.29215661329499,128.87532565661718,133.26116296173723,136.29923414773043,138.8056174017911
4394632,209.9207886954291,209.5209131925501,209.29258702955804,209.17884838095097,209.0890177216404,209.04414465486593
4394634,275.6959501196495,273.8733145119111,271.65550664707916,269.27178383951605,264.63218177059935,260.36272692061857
4353232,89.46172010674104,90.39217274064549,99.61730772659052,100.98729734074118,102.95825511924818,104.28090166158631
4353233,210.39976361975096,214.1007775707899,217.3145098424966,220.17496199544598,225.0800245829173,229.3751648105715
4394635,256.8520645196761,255.8391001592986,254.63168170770473,253.6080946981631,252.28340152289707,251.64866590167662
4394639,-185.97200145288025,-183.9432790862552,-181.76029337268687,-178.7256349145391,-169.8828755653717,-157.61681022729567
4353234,93.67652449951356,94.57901333241557,95.42069512164244,96.28003369562316,97.99535594008921,100.94784140407728
4353235,277.1635864007467,273.89541072111,271.25592218653196,268.3976110621343,261.443975319585,254.02406177852777
4394638,-345.16403577894016,-349.065301333736,-350.61791847186805,-350.72444395813864,-348.93308975572313,-346.2033592853261
4394637,350.55655130840455,339.0766285894756,329.2015744655723,321.1251234192432,308.97750857376104,300.48300015216773
4394640,-178.22956846124043,-178.5081593611726,-178.60979754155755,-178.62254104816066,-178.56624145603428,-178.50830561946532
4394641,10.005157468163816,-2.28721276602505,-11.45916458926672,-17.16085420300078,-20.381149170008257,-16.4727599280302
4353241,129.14560904766904,129.68155963450386,130.10295464966225,130.45708457021897,131.01351847260798,131.36721977957268
4353242,68.62470893514546,67.71530041991605,66.98636236567177,66.55870358321454,65.62355900551006,64.98802048564744
ng2530704,227.01047351016246,211.1369532284882,196.0018462034277,181.96405716645336,158.63764962616187,142.46067591677456
4394642,-61.925032818413456,-76.77623320012685,-87.8273855024047,-95.6934387338099,-105.45740600273166,-110.5937025208284
4394643,32.76730671362202,31.638789946731094,30.142168960122945,28.31314895841274,24.27169408443433,20.15004749747368
4353243,64.52288833946545,65.01270218412651,65.63689952328241,66.36219016785299,67.9760279991483,71.05758272709295
4353244,-43.37666250138136,-43.14839762896577,-35.17468810947412,-34.44888886738795,-33.51944585382739,-32.78418246008164
4394644,-243.78196648115318,-239.88187330137816,-237.33485015130827,-235.1861623439147,-230.76245920582573,-225.51868155792113
4394645,205.77782945116928,197.5022819616902,190.86976923606494,185.87871412935897,179.17778165953496,175.27895707323523
4353245,76.07343508244253,76.62867546011648,76.41912619468417,76.60224148544626,76.85301505367966,77.04715475586886
4353246,118.46290734339709,118.83846352567662,119.12111231737458,119.2018988847326,119.58719754609001,119.90510089100349
4394647,-34.12923589613047,-30.926202265993425,-27.891790871602552,-25.100680973906265,-20.3570355136344,-16.504792490331056
4353247,16.650868721510733,17.399110997417665,18.65077949017609,19.234656398081825,20.456354903304145,21.290285229879828
4353248,25.597760460958398,26.497722568909012,27.322188447874623,27.993638455767496,29.095810928474066,29.820084056970245
ng2545964,-130.36737854202465,-130.0501403819078,-129.80243920535145,-129.59854350406476,-129.27448320018834,-129.0123432601074
ng2547768,-143.19626559195558,-142.89494657266755,-142.659682376526,-142.46602895355227,-142.15825596969785,-141.9092991356972
ng2553215,279.17035579832327,286.7516645059254,290.26746569500165,293.0967092249068,300.75192328216144,312.64555723019816
ng2553336,-325.12192141282935,-325.10334438505686,-325.1166059205948,-325.1349632677916,-325.1576493003173,-325.1579189548411
ng2553714,455.75905642057387,455.699426292867,455.6091441898561,455.51369987885414,455.3388983139499,455.18860270752646
ng2554339,89.20738712260004,89.20711048119279,89.20670320396562,89.20627916905323,89.20551145100467,89.20484031381716
4428526,-183.30146581403085,-183.3501556516917,-183.4260631265813,-183.50440902889773,-183.63713699708126,-183.72962968694264
ng2555047,-221.10255107792068,-174.26208017623276,-169.38516968345596,-171.5111608348907,-174.16679376865125,-172.51742544837225
4428524,-322.1878438999777,-322.53651647894003,-322.8437597205382,-323.1011696317429,-323.4688124287311,-323.6741748913395
ng2554544,-403.4356186886837,-401.66964029759095,-399.8791539767933,-398.1254654995946,-395.0212785353625,-392.71336933621274
ng2555771,104.18214523920983,104.18188351719277,104.18149820461281,104.18109703811115,104.18037072350921,104.17973578114811
4348746,-189.09100913448583,-188.88843499029235,-188.72303766963205,-188.64195150319392,-188.6967233544401,-188.9691763623291
4348751,-629.5688930959351,-629.2458671814913,-628.649691029311,-627.9761238620289,-626.6790687528345,-625.541866092444
4278068,526.6706272052945,512.7566308583782,502.528017314934,495.5438305523637,488.3935627313276,486.6017793506387
4278047,503.23839270798294,505.04867552174323,505.0354558155516,503.9792874964005,500.62810003772984,496.8863726150835
4278061,433.3674781869811,430.8020737069014,428.7980503910701,426.8387779010525,422.45615014404234,417.1974933457709
4348739,-370.9032711254133,-369.64059306097124,-368.5593991183032,-367.70198696288776,-366.5463258212851,-365.8997053647747
4348736,-490.9520238740522,-489.40194362980765,-487.9436383307325,-486.7948882029873,-485.3701826903732,-484.73554088083984
ng2557017,125.29510791491975,125.28589751125514,125.31262861312211,125.34463074232372,125.39808473816038,125.44125251386436
4348403,-175.38401042803207,-175.0894365884485,-174.79860646792508,-174.50715180455018,-173.91719585132023,-173.29979433145968
4348759,-83.56860624350224,-83.88258369005734,-84.10220854730915,-84.23495032350274,-84.31158937566238,-84.23000138562975
4278029,614.8968896282302,604.146501659237,594.8628485317665,587.2104848079207,575.595033738881,567.3493830665554
ng2554555,-15.081995976198641,-52.94830267353359,-73.50676974753696,-85.68072058727694,-97.61049435145583,-96.96762731071749
ng2551867,31.16424695646083,23.113312539020626,12.302378919576313,4.203787375645106,-4.637038380709328,-5.826910304316016
ng2554563,81.45816497538544,69.8226033380779,66.50320391805599,67.0479291568247,71.79754143248556,73.6044161813943
4366973,210.351468846241,197.63777713035984,202.45533528705937,211.89629277875542,227.195436172683,235.4926751012133
4348768,382.3235693430006,381.3379991131578,380.2990664970482,379.35691200541487,377.8311953691964,376.74830056157157
4278045,270.83762554897476,270.4025103945812,270.02875743394975,269.85881445603263,270.0030748473471,270.5882942289991
ng2554556,-263.4267833515137,-275.9784177146216,-291.1340691029761,-303.80010728391176,-322.0479576688597,-333.71695122989604
4278053,356.37193066824125,353.2450280243729,350.1450434055189,347.2347018209193,342.2218915210219,338.15087337870204
4348773,563.7171044730818,562.5512283173119,561.5446633415793,560.7309887426601,559.5865470070255,558.9006159433579
4278037,341.17635867721697,340.2140827493297,340.3590007295047,341.32840138542315,344.9292565328176,350.1950711858467
4348753,-474.84518080576277,-474.1146240265863,-473.42999121216553,-472.8015361990873,-471.73120998304137,-470.8174595751101
4278043,623.3120877670685,623.2719373743103,622.9908202564766,622.6817514206357,622.1699103484725,621.8451702891812
4348593,-5.860840097712298,-5.208006542984094,-4.607214069953898,-4.092607404380715,-3.324661274611799,-2.824575222186695
ng2554554,373.92681350255316,374.85856055931004,375.6358546998176,376.28953530789363,377.2092685399723,377.7356485663822
ng2554553,408.54069818956464,409.6466793796262,417.94143803488396,419.43564580910424,421.59993043310305,423.0657343379153
ng2551868,313.6607142141422,308.3892980819003,298.12330487970826,293.2719404574291,295.35157808074405,308.0935707828289
4151923,-193.4487872388588,-207.85681875603677,-201.1147751494434,-188.72149438643328,-156.5825629428714,-117.86996823010168
4369678,147.84053134793544,155.47967913616617,162.9804317599103,169.73631068118607,174.0168493333067,172.65425134247266
4369679,403.06820368373724,420.75172137528807,426.0665047386042,426.89946784684435,423.78833510969775,419.68564558695675
4369677,99.06946640809201,109.92987728849039,109.46759334039007,108.73880339700122,114.01250882089221,128.65251618566185
4369676,-155.18607050886567,-130.50042957686674,-120.34112489756603,-116.15241834670155,-120.25240253527772,-132.714372053224
4366974,347.1734629093694,351.8858432505199,354.718997073383,354.69400486641734,343.63185869501604,318.3253516850002
ng2554552,489.29920930333674,467.9212150886324,470.0206073721031,475.4118625041506,481.8351650375173,481.26321042360814
ng2554551,-84.94096195552402,-91.23964385861427,-98.66878283938172,-104.46482701333002,-107.75025170963431,-101.03667425771278
ng2554526,455.94321063402754,454.62018253129804,453.18749254847717,452.0184549265832,451.0923424171276,452.41022454632275
ng2554631,170.49216692530422,170.49223352237323,170.4923497766756,170.49249032111084,170.492806326351,170.49314155951492
ng2554667,746.2768783959191,746.7788126346118,747.2043438230427,747.5557234347714,748.0741186711967,748.3940739193303
ng2554632,129.68550359311098,130.14003058509002,130.55620008813935,130.9209846757849,131.50302485441603,131.90926908268216
ng2554635,212.00400229140791,204.16442780131,199.72866199963914,198.80316900594903,201.96591882527105,206.59456621762047
ng2554636,76.283651721561,76.71243683083253,77.10070635419311,77.45599457567641,78.05288196323295,78.49483956013182
ng2554665,313.4679357428711,264.6759620583025,233.21035893942735,214.51477213526096,196.03903458197874,188.67870471607603
ng2555148,-350.36690867125105,-350.36650691835837,-350.3660030427408,-350.36550726376197,-350.3646460124361,-350.3639108597264
ng2554659,159.21369237697536,145.6168244250739,141.26322021728015,132.58228787798566,113.3321902391483,99.59360282739021
ng2554639,47.426044680145424,9.407246439445998,-2.4103120938311804,-5.6846004301087305,-11.503161288898582,-24.37586037388519
ng2554640,839.0604025004635,845.0333110728031,839.7538767232958,831.9070243777476,819.6320044693786,813.9086681764217
ng2554643,87.22852756160819,119.8452598072297,132.73637267759023,139.85952129494626,145.06423863498344,146.73844324734773
ng2554645,348.3654241368797,406.9709321192378,425.2117258956606,430.73925541041604,426.8613905359107,414.6925945661841
4428522,213.34703199896853,213.31695187454068,213.30078937296696,213.29268539685233,213.2901746368251,213.29613445435075
ng2554651,713.8207501636512,714.5953873705732,715.300869309387,715.9444794613598,717.0156071700246,717.7852850867012
ng2554652,764.0159854709385,764.0159345008351,764.016041284871,764.016237665596,764.0167515715698,764.0172934448618
4428528,-21.583330262148138,-21.441070917146817,-21.317196809300185,-21.208589010971764,-21.036659749803903,-20.921039374261454
4414878,-173.0,-173.0,-173.0,-173.0,-173.0,-173.0
ng2554653,393.80762233217024,397.63181244672705,400.9205078868745,403.81493764533116,408.64369992924185,412.62545795850315
ng2554663,197.71533916473277,191.8558820626347,183.0393718357359,175.91232198459056,164.3197729864762,152.37872154175466
ng2554661,-56.92530001680234,-59.32438835101607,-68.20220946113295,-76.13213002711132,-93.21418127527204,-111.6016882723477
ng2554662,114.03324095555308,40.9078594644825,6.53859257522322,-13.936718530194867,-30.026168987328674,-29.879773356756004
ng2551869,255.29466432775075,238.41980836515427,235.00795504032885,239.77183495823488,256.79924281563035,279.42951636972225
ng2554649,227.1795120736208,228.99068723305936,230.52754210967464,234.5569462214728,237.10688008608054,239.1924775619516
ng2554658,85.02136577775082,126.10969477261574,157.36548797494493,181.2500124378414,213.81899868552773,235.9823031980568
ng2554657,107.54372747200932,108.30330433788549,109.47766495473365,110.7247745544139,112.92835644006868,114.37604137474864
4414877,177.0,177.0,177.0,177.0,177.0,177.0
ng2554655,25.688269323001123,26.87208574657984,27.844981304541534,28.617140921465307,29.66799617988545,30.164564307509863
ng2554660,284.50255108162673,285.15860758013696,285.27946341253414,285.98774464784606,287.3811131244752,289.97885133540353
ng2554656,-90.86542932441375,-90.94284994844816,-91.03826259196535,-91.12804731468259,-91.27270161601359,-91.37667435823664
ng2555150,216.42460608214947,214.87262150741844,213.64088074949473,212.61487376191417,211.06806783991192,210.1855414659483
ng2554654,367.6556358031437,364.61637110814127,362.25934590947077,359.7723533960327,353.7228449360773,347.1703776403608
ng2557904,13.725088280191812,13.616136130809991,13.518391226990843,13.430375564756332,13.284429449296567,13.17817285190199
ng2554673,-588.1256586665882,-591.1263872861748,-591.6068055809008,-590.5948176061559,-586.5963112262905,-582.3427124619602
ng2554672,620.4934088172201,621.2617863781338,621.1542395622391,620.856055165731,620.2396131040614,619.8162823823334
ng2556864,190.9264115497806,191.333202788162,191.57451137921566,191.71171682308454,191.75320150751986,191.57476580411708
ng2556865,25.28781993362213,25.92712037841261,26.5924093988383,27.216828163793707,28.2576643478219,29.004641232971608
ng2556866,-167.20575570093456,-167.700386454414,-168.11440578985184,-168.46590555047374,-168.93522449354236,-169.18902503822642
ng2555054,-85.31419576486837,-105.99327906490635,-102.19831557157795,-95.07641748028368,-77.41326418730455,-49.85178938324475
ng2551870,-197.6453454771804,-177.9423479956033,-168.41692281773544,-162.94603935907685,-163.00415540455833,-178.0936844897899
ng2551872,37.49110197597088,77.48468420564927,96.1431964689059,101.9116067757202,92.41245907744315,67.64706899617772
ng2551871,77.67910881551188,65.59129004098281,56.22978268324482,45.84785636576635,26.932951641024374,10.876402041861411
ng2554648,-148.38377109368435,-139.82562629392487,-135.2294098370803,-130.59914351437624,-122.73574370535403,-117.13511185349012
ng2551873,221.9295282930259,167.8522126871503,140.8716406492299,122.90847939624837,95.41816337103,72.94414342076493
ng2555157,327.46539336541935,327.4683729083764,327.4717205736782,327.47211849286373,327.4622212889917,327.4243406164961
ng2557826,98.37976098868648,98.37101739544619,98.39639370984946,98.42677399984768,98.4775192255961,98.51849969376167
ng2557321,-26.083374001730135,-23.857097457253076,-21.63172142970734,-19.490939399523086,-15.808804219965168,-13.179216813612129
ng2557325,-234.2295720346525,-190.36163110787163,-185.81756183798188,-187.79793172396785,-190.27280679482374,-188.7355545273931
ng2555673,143.0282640828209,149.71765985775073,157.67918748467355,164.00566446454354,167.74236170778408,160.08366492465916
ng2557324,342.8792014161502,342.31600168353066,341.84442182963335,341.5383604772769,341.25664317598535,341.24656042004926
ng2557164,161.3964779106784,161.39654146701878,161.3966524133141,161.39678654069166,161.39708811759374,161.39740804451299
ng2557820,250.81652913744983,251.3171835435935,251.74179175317363,252.09249132497825,252.6100171192354,252.9296333268137
ng2557821,110.07705047586319,109.96387199303035,109.91621661337854,109.92546644586491,110.03717526534615,110.20719406575813
ng2557170,714.3664148948574,714.0626561121644,713.8874923982413,713.7759774336863,713.5538885222678,713.2778394599459
ng2557171,104.43321041253739,105.38335484478102,106.19328143870302,106.86634672595255,107.8717244363786,108.50539281734291
ng2557175,161.538219430298,161.53663931932454,161.53530422057884,161.53420240889045,161.53257791831857,161.5315812508071
ng2556734,63.8922178133721,77.6763353132867,76.83186133847494,69.99749909025968,54.93855142112193,45.06641225694784
ng2557176,79.68464180500314,92.72121547403935,105.61803607547267,113.88503060165999,122.34745024444283,127.00281803258986
ng2556735,-324.0397630735281,-337.1421902000934,-351.70382047464045,-364.41775767029026,-386.61021627587024,-409.74734589793434
ng2557179,234.8117308799467,239.06950030153257,254.66869025094206,267.01059330598605,284.0270995686585,295.147787762068
ng2557181,237.22751300323125,238.13378097829468,238.88839577004387,239.52214288819937,240.4116773802457,240.9184068911693
ng2557180,166.78003515962314,167.10150277171738,174.61799805610485,175.4569435733399,176.53373316880106,177.21867116485123
ng2557182,238.91056768806766,238.9870472301002,239.05514886754236,239.1146433067463,239.21063859429023,239.28672150575676
ng2557185,-24.33549928628895,-24.43383284238962,-24.527513824791413,-24.598863058382904,-24.668478311408535,-24.67751561771479
ng2557184,552.4702069914874,529.9811948405236,530.2846751962657,534.3884260511716,538.8994955142382,537.429381161114
ng2557822,127.06458057801774,127.16727063755297,127.25939746370295,127.34235415005855,127.47991133744108,127.58006017579214
4278055,-347.42306117711064,-349.19220961498127,-349.17928890511325,-348.1470744571766,-344.8727608975905,-341.2184469200847
4278067,-372.1920093850342,-358.7155794078858,-348.8293901667598,-342.0896058950177,-335.1987875087775,-333.4735184541603
4348774,-409.7181245924801,-408.5911332079912,-407.61833421198776,-406.83208739809936,-405.7264245066883,-405.06384918838785
4278042,-465.46469045323647,-465.42502424507757,-465.1473001632239,-464.841967735925,-464.3363282824698,-464.0155318409902
ng2559041,-87.42529610606948,-87.35547459976192,-87.15515843286175,-86.88216371355452,-86.22661117601024,-85.5329694269085
4348404,316.74879431463205,316.48078416455087,316.21620070303493,315.9510695489821,315.4144597679465,314.8529759671758
4348760,194.12876264692636,194.4086126234297,194.60437425165355,194.72269650829094,194.7910115797706,194.71828511835474
4278060,-239.46612775234803,-236.98444266007937,-235.04654982777834,-233.15255640882037,-228.91821149060502,-223.84166567558486
4428527,379.4542156817814,379.49538975958967,379.5595821942303,379.6258393230389,379.73809338559704,379.81632312635145
4348594,165.18614994063955,164.60845753613557,164.07682003661876,163.62145035608478,162.941907182774,162.49939114629
ng2557058,-364.1334454399944,-403.16763375761434,-425.69992099604497,-440.18016416806745,-457.90128999876083,-467.179173200082
4348747,379.3192155603906,379.1430190819241,378.99916985510845,378.9286513723898,378.9762847271468,379.2132450975349
4278034,-131.69129881726258,-131.2993746002278,-130.96277790244108,-130.8097468539495,-130.93965043581352,-131.4667083005511
4348737,657.6633221384502,656.1700019963364,654.7655080206141,653.6594294915944,652.2879945534312,651.6772071166893
ng2559042,51.5654698969081,51.67707742259472,51.839743233396575,51.9928786552814,52.22683587755023,52.370842231827055
4278028,-459.4097535704175,-448.9388338983349,-439.9099561585838,-432.47740758161217,-421.2133750443902,-413.2307945508271
4278065,-191.0194109106426,-190.10505009356734,-190.24273930439904,-191.16390115781132,-194.58734197951276,-199.59868513218862
4428523,-71.46782371303607,-71.44017068945459,-71.42531240046878,-71.41786238941881,-71.4155542431156,-71.42103311692176
ng2557061,-36.18273385601515,-51.00991867771586,-56.57001356571777,-66.07437487269726,-86.30323779040782,-100.45629483165362
4428525,498.4270138702399,498.74752392347943,499.0299850836416,499.26665706959295,499.6047200637297,499.79357938318367
4369684,-11.166840944453952,-35.865593272672186,-55.968484382965926,-71.57174045577608,-96.1610778586944,-113.9028174070354
4151924,370.548387195415,398.5200890717847,408.6236907844325,416.66498253483996,437.3849572508452,469.9819069784253
ng2557810,420.0143097101304,474.9323136938391,485.6902110564457,481.93353371795286,457.8696384492922,425.2344584266742
ng2558194,290.43596526726765,299.95348685138856,301.93784807301586,300.9274317448924,296.51665325072645,294.518484851199
ng2557063,328.94970669931286,273.20314665349565,258.12416760069414,254.60201724813055,261.2846023863474,273.3708470273475
ng2557062,198.7951310036185,232.44367542742316,241.00654078094158,240.6276162276622,228.7575220562403,206.40226576891564
ng2557064,-42.478152066061284,-15.610917385556377,-5.711066905613052,-2.7980663798527985,-4.286869831280228,-13.584862841641097
ng2557068,368.83786694627656,391.0676182025102,407.5771014230752,419.10149326267106,441.753204850281,463.5918809664404
ng2557070,619.1974591166266,619.2143574307821,619.2270416268552,619.2368571747376,619.2486028393357,619.2531262335639
ng2557069,469.5524629674602,469.5585022160361,469.6297210401078,469.640584831302,469.65577327056894,469.6655185865262
4348731,499.36188451588896,498.154345507392,497.1206169017048,496.3010113133181,495.19653997386536,494.5786781428635
4415348,1.78056714532363,1.78056714532363,1.78056714532363,1.78056714532363,1.78056714532363,1.78056714532363
4348754,644.6098835819878,643.9179566091535,643.269654887993,642.6746605282077,641.6615661813385,640.796920300884
4278052,-212.31888025174862,-209.4480979121363,-206.6055503514633,-203.94011613109615,-199.35652267021806,-195.64103361829325
4348769,-230.29763781343308,-229.3528909161182,-228.35719293649822,-227.4544246420378,-225.99285201141856,-224.9557570440968
4428529,179.10164908392426,178.97570532160512,178.86603888282934,178.76988830394816,178.61768014846507,178.51532264544312
4348743,793.2061460790007,792.8897136814255,792.3057370747895,791.646000929927,790.3757231001731,789.2621539297727
ng2557072,590.9659421192248,568.4296104969853,562.4400372826165,558.270768925825,548.898104165087,534.4949031104948
ng2557073,478.52011752073986,468.33445677759255,459.50122528343536,451.9783963966827,441.29626194925504,436.409451173703
ng2557074,-308.294844607047,-311.9652420060961,-315.1226143929989,-317.90207380479,-322.54143041111547,-326.3628354135842
ng2557071,418.8479362728667,423.94614830228124,421.37385546747623,418.4439372145905,414.6777906509344,415.95011700309783
ng2556736,163.9030904398519,153.1729217800255,141.40359109633187,134.66238260869045,130.57248185868752,127.0166770533317
ng2556872,-239.73583272233054,-226.44564370391345,-212.26060293668115,-203.02722619272845,-191.09024892869388,-186.80413200473276
ng2556873,112.20504494740226,150.5929239787847,162.89517430414867,162.40862467728857,142.2789935463993,108.95508459385292
ng2557075,279.238008384395,284.360358163467,277.3840323849804,271.0431592306513,263.73341536751946,258.8687295056518
ng2556874,-73.9423298838185,-56.39572183483597,-50.19759243031285,-48.2049978645166,-49.874498999355865,-56.12130133837013
4369680,50.75266679088941,55.573225887519584,63.87118474513363,71.20784922045368,78.81269601975077,85.24656739444663
4369683,260.0058026386623,239.45591128778915,229.23926719651922,225.36828041436866,230.6148075951039,240.84120240885045
ng2558192,118.23438042399198,120.3977702267066,110.50762156227165,101.08680087684661,91.3040698435641,97.34130286981008
ng2556737,41.39251211784608,94.5625425907865,109.56677609494,111.28543445881996,104.2809218622358,91.32925808434288
ng2556875,326.5967481280827,321.76827261351946,314.1553301198476,308.23906366302117,301.3587541517297,296.19589802612086
ng2558783,-138.37170888956894,-141.4958108784765,-148.47159470065503,-152.92839758288483,-167.5775809153522,-180.4777708278625
ng2558800,-73.73960104952016,-86.74662129150579,-99.5695929196886,-112.30232397569534,-136.87184349570794,-157.093882615859
ng2556876,26.229869877354304,74.1990023097926,110.42342763674765,137.9729501335512,174.05290090955418,194.36003598050343
ng2557077,202.45715296187382,201.78907632463188,201.13468616946147,201.10116288803601,201.3611003294916,201.8283130511088
ng2557076,64.83077594007636,65.56066476846559,65.87955768798952,66.1045597425159,66.23571873982632,64.6531326312388
ng2557078,80.73818197349829,79.06278379490755,77.65712177053251,76.45625051415846,74.60470834687362,73.40019759158804
ng2557079,448.988917223681,446.64771650121315,444.3212504221808,442.2987768941887,436.8982140577143,430.71392657696356
ng2557811,370.3741425758535,370.6329679885689,370.9467181705302,371.2479580358163,371.7522669632374,372.2085417317021
4415349,314.580366936206,314.580366936206,314.580366936206,314.580366936206,314.580366936206,314.580366936206
ng2557805,-87.08188188592726,-88.24895015445372,-89.70284066738532,-91.11055149750496,-93.38151531088056,-94.72495417304776
ng2557804,73.10233888641687,72.70339527619694,72.35597508107162,72.01918018182869,71.39404759329454,70.88574255296612
ng2557803,670.9737797979901,671.7073375754319,671.5709916565434,671.2503153593948,670.6100129310043,670.2056523949566
ng2557806,581.2656282449352,599.1942801958824,613.8798146283084,626.0148044458226,643.8000294006906,654.6095885517104
ng2573922,197.62979107079923,197.63066200010735,197.64106735101655,197.65359943584758,197.68011749197626,197.71070539956622
ng2575108,152.19493241904388,152.19574805273896,152.20549277523173,152.21722923383072,152.24206383176374,152.27071007710651
ng2577823,255.83056608357992,256.0633164066335,256.17374456737025,256.309729130973,256.51492109715105,256.684839369585
ng2578731,263.2919957835479,263.51661735050357,263.62319121980545,263.75443160479404,263.952469322199,264.1164672190871
ng2579762,34.44334376256734,34.74607829535307,34.93408290708339,35.06063906132454,35.30458759173234,35.58855704789903
ng2581446,93.950147957029,93.97061302234442,94.21523227310922,94.51006064245507,95.13468644611976,95.85647590609301
ng2581815,387.2076845901295,387.23768358246866,387.4048373962071,387.51740008505953,387.5026278899693,387.2596134752116
ng2582818,313.31598925033654,313.3455613986339,313.4165919262027,313.7539952367024,314.6733734283514,315.0571122917004
ng2582819,-331.23274376592326,-338.2940541113444,-345.9148870653694,-353.6789048677756,-368.400854336119,-381.1678235824186
ng2582404,-25.515547862972653,-25.49957174174847,-25.58300879751323,-25.67861310179819,-25.736429952586832,-25.618009305902206
ng2583072,-573.2045481698485,-614.044094179194,-624.6274543593904,-628.4564619509629,-633.3135975856251,-633.583352875135
ng2582568,379.1488178377642,391.5272214427623,407.1734405325615,418.75860555882286,435.3348997329224,447.54162892308864
ng2583455,624.6073657020856,672.9251254933247,682.2831115735204,680.7698710555125,660.5356911393671,628.5010722791651
ng2582446,506.8934630854267,537.1078580370836,554.2326096954582,561.7016335063904,560.9809357016054,547.5892428322147
ng2582445,206.3763836930143,275.36446800130034,306.1732956276294,326.0656582423005,357.71220627605226,385.0732828984044
ng2583728,282.28474229420385,313.7404163627257,337.6797367358538,357.58529173410125,397.39886867022483,438.2142988349001
ng2583983,266.942573686616,266.9259700892917,266.90899467447116,266.89222912317246,266.86221217315006,266.839610175791
ng2583729,507.0929693507858,529.7516411125803,538.0334224702594,540.549352040144,537.2205098769587,528.184103962504
ng2582569,229.90944595440146,233.79021821073957,241.17997268054432,245.42586030335542,247.1411203468183,242.73019331149135
ng2582484,147.58780518734466,158.86734401143576,158.7905961729009,156.85513494278962,147.79451622369766,130.43152106058324
ng2582485,418.9452892724771,434.9984220975132,436.11619557468475,434.8550920911375,429.83748847622746,424.846906619626
ng2582483,-54.58259548321848,-2.8152632201095003,22.58672009145721,40.91274398786618,62.13563147381592,67.18561282633368
ng2582486,304.45987485890055,283.81862206478445,276.05025306593075,274.0709999140695,276.23777525615174,277.5516387422622
ng2583869,869.9337723061132,821.6766680949836,822.9992979537104,831.7153104166471,846.2824367334366,858.0216398847642
4341335,216.06204030720028,217.37313062962107,218.51417868132808,219.510676791077,221.11000761954506,222.29681775987547
4341256,228.0515108697848,228.42301101819544,228.7378592752341,228.99792960142258,229.3823752176013,229.6220321926196
4341104,488.18518712473644,488.1951776070482,488.2109467442914,488.2268492876385,488.24886879913913,488.2538629476496
4341147,354.5569134544751,354.64077069274776,354.75715809459507,354.87754740506966,355.093933002614,355.26981246407513
ng2582570,153.19024598022656,134.23077896611926,121.45243282928891,112.28309886012016,103.14806747000011,98.58076148974033
ng2582571,294.6163469700848,312.45271193065764,330.2851054293078,345.5930314416057,367.7607564272257,379.1999484990315
ng2582487,432.40348082849937,420.76320499084864,415.5376387181841,412.29441371218104,410.1551492060639,414.16059508715375
ng2582572,602.6191742399421,587.8118524604038,585.8008209542581,586.1351983088141,584.4508981233328,573.2719177690624
4416442,-52.41924742464494,-52.4508889372903,-52.47716048295047,-52.49917134069983,-52.529984673820536,-52.5474949769407
4341334,284.1792472523491,295.77779040028395,307.3642224586397,319.2431871008582,342.31174405580487,361.35020669150276
ng2582573,904.5942261999701,921.6474036247871,951.5190116433578,978.2468596717833,1013.9962453219057,1034.2170633020748
4416478,225.88240889178155,225.81688905236888,225.7319265796359,225.64500631256988,225.4852860123151,225.34740223715085
4416432,313.26845046635003,313.48082332720924,313.4165435920545,313.26666136283575,312.86080435390886,312.31835148600635
4416452,339.24511804270173,339.1608138698575,339.0592694282325,338.95418437760964,338.7559146569813,338.58526956061746
ng2583859,-46.83204478554558,-37.424672832935585,-29.405841396784126,-22.352123419294685,-11.839140868743698,-6.919717559120954
4416462,429.15419432755334,429.1405640237101,429.12527553156474,429.110827837447,429.08864819113705,429.078112853171
4416472,516.9825734520182,516.9982792548228,517.1460898869025,517.2411150650764,517.2027294082543,516.9520876466347
4348761,-314.609003068716,-314.836688634799,-314.8143226821794,-314.7181350966,-314.49682894622424,-314.3349876206439
4348764,-777.965277952731,-764.6809874193367,-754.873818851371,-748.1228546301286,-741.0381381424733,-739.0031594839996
4348748,-470.74494224803493,-470.3209246806491,-469.9172128875955,-469.6783251504103,-469.61891093855274,-469.94959502791926
4348738,-616.3253633389261,-606.2993562797208,-597.5854986639772,-590.4092715668651,-579.5938950838615,-572.0370112447793
4348590,-499.4210588159383,-496.404339309016,-494.19170245742794,-492.20977266829186,-488.150742512536,-483.56462661939236
4278041,249.02974011068727,249.00302066970107,248.9271478361352,248.83284071646062,248.63306253438986,248.43350205221077
4278059,104.43385377610184,105.0496209147284,105.3393824568409,105.43773392076241,105.34228660592157,105.03220777997512
4348732,-715.1832193321131,-716.9308537463507,-716.9576673237273,-715.9949241154311,-712.8844197672738,-709.3907589813878
4278056,2.092183465254493,3.3638612188844945,4.381589454586674,5.140258434997122,6.071397741865667,6.501585708657785
4341348,314.8538397384309,315.1896674188397,315.50726770853294,315.8080806389098,316.32948379367554,316.7202802076167
4278051,-111.48840977154896,-112.20472756268055,-112.72839115360307,-113.12332393900829,-113.64524454198681,-113.91569443025219
4278027,509.15981736246,507.5543267923888,506.1370407747695,505.03209537110547,503.61371529223084,502.86818179042757
4278033,93.73906431638738,93.66765369128711,93.65280928274888,93.69670217519524,93.91037567872104,94.2458926117531
4348765,-657.4129665046045,-656.5598182535743,-656.5203647325728,-657.2016688363664,-660.1636897535831,-664.8146198193912
ng2583860,-548.7138260453823,-565.5595074356193,-567.8731905841996,-566.9517317784694,-559.2471701564505,-548.5229181274926
4341166,146.03408585883722,146.043070521426,146.02504339984148,145.99333974231968,145.9137281718397,145.8241325377728
4278066,187.66140849831072,187.58637584460894,187.49993380847945,187.4112177579168,187.2326750216157,187.08098448502415
4341146,189.20705929821565,189.52302563956778,190.3766308698291,190.669549567996,191.18466773191153,191.58048953305183
4341209,517.2334109839157,518.7970362987556,520.161111420629,521.3544993933111,523.2398183739554,524.5161968549331
4341105,183.63025987551646,183.7145588530093,183.78120043970307,183.83992454852864,183.93872957044073,184.005927447786
4348595,-449.4938245600208,-447.0486097520011,-444.48059531161016,-442.0175355957376,-437.7229242223668,-434.19124456066766
4348755,-530.8930712900379,-529.9940333736592,-529.0518552931534,-528.1992177052277,-526.8205398094276,-525.8428007489948
4278074,308.6503626082331,308.35507761814665,307.94251624036065,307.4500765976268,306.3609165612113,305.19483742475995
4348770,376.7392495649292,376.1410896150469,375.58521897944775,375.0729799840135,374.19393206611244,373.42730450529166
ng2582678,390.3647418448197,373.2932318735477,365.13345814939476,363.55771993099665,369.63219292440317,383.05291122760445
4341106,209.89900386599606,211.23041236245786,212.6201466667535,216.47510565141306,219.09532404005836,221.10744543950204
4341145,296.4516994126793,299.9248998386397,302.8492150942868,305.3234519400128,309.76830406899217,313.55986905290047
4341129,143.446371381767,143.54440228390786,143.62402010365918,143.69447471295302,143.81821830462468,143.93650384248235
4341321,279.3806697479092,278.88451229122484,278.8508041760217,279.01248433122123,279.6628367644339,280.42259570199826
4341258,204.61432114596983,191.38748397129962,187.09684639554007,178.89495070937915,161.0541205342172,149.93235466414922
4416473,500.84482781760425,500.79487290721863,500.7516678668278,500.7169917463523,500.65956845620235,500.6429438331206
4416453,580.4069791365011,580.0747197576811,579.7597385747677,579.4556543300132,578.8813907951123,578.3169353631943
4416451,427.28751670501515,426.3296375699965,425.6625184056859,424.9864176026547,423.52818164145924,422.05050092436136
4416463,550.8230077526052,549.2799622641012,547.6349807089985,546.087284152514,543.3511121452377,541.1620427445152
4416441,517.1558184302769,497.23977887702495,480.43917586661837,465.3527578223411,440.3419366768137,422.63913594395945
4416479,477.15455943292136,475.4557788175149,473.72460017521666,472.01933742573783,468.98095418905643,466.70422311664845
ng2583835,152.7206079481681,152.7182170643615,152.72976325541788,152.74371050957336,152.76866899007211,152.78893433313192
4341128,177.63572821143043,177.62830254198593,177.63790556527556,177.65092562034692,177.6747547430523,177.69422277704894
4341319,581.9742704160833,583.1027986429322,584.4493994422421,585.2472442200961,586.7881920136813,587.8501479804023
4341311,225.14131843863152,224.5202700199402,223.9488913322857,223.47335686358815,222.79462064382778,222.4079374506464
ng2583841,524.2073577439853,527.0422972001465,533.8391229681954,537.3399009487641,537.1196657581611,528.7758376455752
ng2583832,135.82605915662884,106.84337131524012,90.9475960828895,78.0537165184353,49.58073459240677,19.41206560787373
4341257,-3.9983488824968845,-3.92821674080551,-3.8872426166631158,-3.871371425354937,-3.8803790342733464,-3.9011960759705744
4341208,426.7387729084039,427.658780289604,428.4380281220142,429.08127079500605,430.015633197484,430.566216676305
4341320,200.07628546513888,199.87105072777285,199.524900171941,199.393816487315,199.42216526035713,199.57407627971475
ng2583833,-219.8800939251921,-246.75955561177238,-254.40263124266266,-256.53670449447486,-257.3064717670711,-255.75064203976922
ng2583844,172.822155984642,163.70850474209624,159.9935016583654,159.6940480439198,154.7340880125064,142.5562782550487
ng2583854,697.5142193210017,745.2851382705111,766.335079811161,775.7592455908344,776.5536681328769,761.9829029946824
ng2583850,198.5536671456598,224.9997381683338,233.51400144172567,236.03943911116266,236.85838680065012,232.5708632240121
ng2583853,31.66636245849668,39.932019760628464,49.664276867838,59.70521953044636,78.94273540608788,99.21075275738735
ng2583852,276.1877854606141,304.0032718749694,313.1502229665682,320.6144995391476,341.7436358897007,364.859415093164
ng2583851,443.4057244655303,469.6714348730593,478.81308419600623,478.94781228702936,466.6083701747564,443.67131383554624
4341139,120.14445736016069,120.78265351904452,120.75352772514702,121.14742753653263,121.89333069549616,122.4819151617321
4341215,383.1427723752656,380.7343698797679,379.04209383108946,377.1907219027671,372.30835911858844,366.74918685200896
4341310,275.11449459047526,275.54394325244266,275.9000468070608,276.2015318535475,276.60321055567215,276.84248470286957
ng2583795,129.22992604183128,129.9785803275372,129.9453819549692,129.73793434949948,129.2871866347507,128.977979286665
ng2585200,-4.410910744563012,-4.410858358138967,-4.410966589367831,-4.4111649985163695,-4.411688280256271,-4.412241238235765
ng2584194,256.33821985734835,272.00832264680093,286.4154349102896,295.8169230539738,306.37024677701174,311.6336558135374
4341207,111.42069233201391,123.92369497305253,127.5439063261149,135.92289577418524,148.46850141813115,155.64064509578589
ng2584493,316.47967601601476,277.498847339599,262.6901960738462,254.6023788361333,249.0580340470276,251.07963711190996
ng2584494,82.4483912749829,128.67522254362348,161.39123319127043,185.17054176587658,218.480633677146,243.83239989336698
ng2583826,67.60590124782743,45.17040252050265,43.825396891160835,47.40680448668036,58.56290947681896,72.3751269063157
ng2583827,52.55195473849108,47.800694708637366,49.93818714503618,50.80406916696734,44.46928554075362,31.278162880084892
4341312,542.4600278273668,542.240632379392,542.5902602225959,543.0779385250888,543.9401030723586,544.5073911632069
ng2583828,167.3376087153904,159.12012865149518,148.24904459168488,139.9879891006492,125.6829529663928,116.75143987614297
ng2583829,144.1254071443816,97.33507695909657,76.50638350629856,65.05328035796879,54.97881625930813,51.44181414404625
ng2583855,544.8896381975471,529.0919610469525,535.3944935876946,543.9330044497055,556.8962378462913,562.8639956140516
4454399,-808.0857358077491,-808.1011437150418,-808.246296466133,-808.3399958618887,-808.3042080845584,-808.0612229965458
ng2583830,489.2955821994153,526.2632858925283,544.0933328129381,556.5252304305454,572.1285564239056,582.947772364902
4454406,-686.5028558417838,-686.443552059479,-686.3855382523349,-686.3300354976974,-686.2351725936918,-686.168984723283
4416450,-170.10009695238136,-169.34958507000965,-168.97556820201828,-168.7561857585025,-168.5084329916026,-168.3873115027476
4416440,-386.85700866776824,-387.08376579265837,-387.2641671873689,-387.41121027562826,-387.63689373797456,-387.8262898211667
ng2583831,-179.99542781117225,-174.81356869879824,-170.38245400131086,-166.27163787982136,-159.276484684377,-154.08028621971334
4416464,-13.292849121747395,-13.279614814434808,-13.264771409647437,-13.250744558235738,-13.229212494878766,-13.218988810116343
4416454,-365.1855203399829,-365.1058474546253,-365.02043014132903,-364.9340796975956,-364.77461665842407,-364.64675043837633
ng2584186,-105.89814870771215,-100.43203189563133,-96.0807608363682,-92.64030216237802,-89.20920387986689,-91.35922092236797
4341331,-182.24114363259696,-182.4688821113407,-182.67119879979896,-182.8374273237223,-183.0630571381248,-183.1770000318868
4341144,259.47633370951075,259.7184787857377,259.9409093524098,260.21418269350306,260.3435909332229,260.3260373843659
4341097,-298.81612525282344,-298.8164241887497,-298.8242200955499,-298.8317113768883,-298.8400765349503,-298.843895624164
4341143,-303.70083253497705,-307.030176569953,-309.34770586347236,-311.81808925274777,-315.9093316843105,-319.31425785387205
4341332,-147.6288297307674,-158.05725541080415,-168.78631972315384,-179.7871325617166,-201.45329946387096,-219.47995090921745
ng2584188,493.5157461372421,499.6852213883267,511.98587033156514,523.6350702157395,538.6055785130418,539.8010014624331
ng2584638,41.162319803733,58.61267281858136,76.18418613312019,91.28432014227633,117.20634223055163,134.90050423074376
ng2584189,24.498962441461117,38.616058802330826,48.97665547845418,57.22491417499782,74.33909961867403,92.99734398011537
4416480,-159.43699531579568,-157.76307569056894,-156.03924246799284,-154.33695777557023,-151.29609778793224,-148.9972185071324
4416474,-447.43319238397635,-447.38923026810176,-447.3451865568661,-447.3070014661844,-447.2370165273014,-447.18540942692175
ng2584481,462.86919522843687,447.3663582430456,429.04255783494887,412.6391364100157,386.53939932198296,366.59387118026007
4416455,-374.27099368748236,-373.94403346358285,-373.6242202585713,-373.3129774149643,-372.7219700907899,-372.13487541762515
4416439,-354.7112638153078,-338.59368762090776,-322.9252387216586,-308.28494132159744,-283.7780043202854,-266.4780956834088
4416449,-219.72972060854522,-219.12906141223039,-218.76525914078206,-218.388123697016,-217.50648814044052,-216.5222725824883
ng2584196,294.6514439796026,296.8148600487614,296.4068302242333,294.4287314099704,288.1153154417166,280.7907747771558
4416465,-722.7976644448494,-721.2952234991263,-719.7503862582755,-718.2425069378506,-715.5710751044454,-713.4314205200698
4341324,-322.9396636740497,-323.35500862553783,-323.7140159064501,-324.04690835959354,-324.5994311600115,-324.99878232431274
4341333,214.91818702016258,215.58690714578415,216.37066813686124,216.9647238770824,217.98191964039916,218.72225519711878
ng2584491,292.1243502141356,298.86027857269164,308.65241654214446,311.64023485822713,307.01044685845045,294.68500444863844
4341098,-191.96159416452656,-193.39129452179395,-194.95975765435105,-198.9033799718993,-201.85556422609034,-204.22652631424717
4341137,-115.33132928245982,-116.80018749103988,-117.96536560346999,-119.03454710708661,-120.82718567785719,-122.04714284395118
4341323,-136.904930735172,-137.06310705247188,-137.70101451286428,-138.24262858590896,-139.12447265398328,-139.7878150931142
ng2584489,96.07797192125122,53.86942548856655,34.62106436902582,27.259247318204643,30.83589759503775,45.430020279160544
ng2584488,393.90306021632114,384.19829666054693,383.976226326022,391.3588006095554,415.5889885515262,440.13453971999866
4341107,254.01105801361382,254.28513894871298,254.62968484877433,255.073737524717,255.69114768127884,256.2691058147193
4341241,316.9348897480845,330.1210194761627,334.82786152970107,343.33229734631163,361.75841647500533,374.8942850913004
4341322,201.72185753055987,201.4602016206395,200.84514394669236,200.6622918352566,199.99569333895192,199.439863996638
ng2584680,-10.32208767968848,-10.319867980221602,-10.330587487202934,-10.343536176275052,-10.366707816630765,-10.38552239108094
4278064,467.3669415491763,470.17280853797547,471.11993024918934,470.8965362766603,468.80065069926104,465.8929288820566
4278058,413.85148896664464,411.18895098207713,409.28976478847767,407.6060843019518,404.13812339202286,400.17141092040356
4278075,451.87119225275114,439.72242565386,430.8903042485333,424.92282984265967,418.92789932100527,417.5339474955431
ng2585586,15.842988047722542,15.843037419027496,15.84293541708496,15.842748427444349,15.842255263367065,15.8417341310751
4348405,322.42314461633623,321.6772765970711,321.22293171091746,320.9438623803014,320.6611505279941,320.57672465486917
4348775,240.39856688839268,240.14385954012232,239.90566711538509,239.7128253510241,239.45452177350603,239.31383279262855
4341153,-128.85052158804933,-128.8350607593934,-128.8607888099657,-128.85405734204937,-128.84043645527777,-128.81909696392586
4341240,-211.8251321725843,-212.4389689917798,-212.8284342864565,-213.52139279039375,-215.2383418901934,-217.99370390280637
4348733,452.2329173466376,452.2746937751807,452.25457241651645,452.2004522498702,452.05518451595526,451.9018445585366
4348749,390.40249716782546,390.31774082405275,390.20880240511144,390.10795044714985,389.9510152576663,389.8439532839528
4341308,-170.91272460606228,-171.467901898209,-171.99292452722875,-172.45265647135466,-173.1033309502784,-173.51071123936867
4341204,-87.19150602452919,-87.09346141430933,-87.0510377446326,-87.03548180070948,-87.03841903268176,-87.06070162465153
ng2584684,140.99310932812227,140.23491695275743,132.5920490208914,123.52520110964156,109.83628576394199,105.68889385074931
4348750,230.2498797891874,230.45828762285623,230.56061720850084,230.6365798576046,230.80433398290097,231.02566722341953
4348766,557.8341063014409,557.8090521830555,557.6235510574879,557.4326288342089,557.1846284792193,557.1506843891169
4348596,275.5627484522033,275.75450473580145,275.8078433492792,275.80726550385816,275.75325676504985,275.6649503821609
4278050,558.6028569675757,556.6814243596552,554.6077134989685,552.5752820255082,548.9373981868453,545.8495474972965
ng2585893,-294.5144252323928,-312.6725875299778,-323.09428426128375,-328.63487879847617,-328.26068981910134,-321.3191004886489
ng2584685,-16.68827178159995,-42.67432135330887,-53.74361250506968,-56.52011308905139,-50.368772920152196,-33.73328580062616
ng2584683,-324.7374474798346,-263.4056597490287,-227.96562477231896,-204.69696082892779,-174.3937038915583,-154.0392076740104
ng2584495,-419.65171874292264,-367.499827989466,-352.4003826202536,-344.93993223220923,-331.71883946507694,-313.95532841839986
4341136,66.5342126206665,66.4954819004763,66.44166699229095,66.39107441679607,66.31416984674024,66.26272516453923
4348763,479.5032148592443,478.5419349153253,477.72908823877276,477.08663793161713,476.22534103909607,475.7420727519084
4278032,325.87647737726365,325.6209882985413,325.35856289777826,325.1926541872326,325.1022089665041,325.22469997569874
4341239,-137.11057840240915,-137.85535549391238,-138.50869717146475,-139.06845754707774,-139.93099051280706,-140.48411700543943
4341206,177.9673784368033,178.49716728917178,185.4090045271164,186.33838449920154,187.54972026657128,188.25956488578208
4341138,340.3892749103429,341.4188704331691,342.7275527948982,343.54601163693246,344.8368779371531,345.66963065855316
4341216,167.08871700958002,167.7424144849458,168.14169282842522,168.377823159517,168.58693415046218,168.60031909383747
4278035,194.1960713451433,185.70718882061306,178.43765408963532,172.40518332589522,163.03284226522646,156.15129774647562
4278071,142.20820954235933,141.99208327458155,141.69172043388812,141.4278645412178,141.05019198547075,140.92264464639197
4278040,467.43546379325767,467.4142627130773,467.2260077447552,467.03254886281184,466.75686093014565,466.65309008137683
4348756,370.4812170178109,370.40447714114987,370.3300498707026,370.2636350865064,370.15607052066775,370.0766868341426
4278073,93.78009132730722,93.2327833913298,93.75085135519885,95.05424291786449,99.19251151077947,104.84659777949992
ng2584689,354.79912811420013,342.32016910930383,332.2081720451388,326.30948652374286,322.93177754081216,331.3660031698362
ng2584690,493.6181485347447,474.05002542620014,486.191045847783,500.5437158619077,520.758020286786,530.2124390456306
4341205,-18.541101903853814,-30.06255955765323,-40.57754594072094,-48.98114351608501,-61.53070738541078,-68.90807570865263
4341309,136.08035672503888,135.17771727573654,134.44887558279174,133.86802871383475,133.06552396512552,132.65830198276126
4341307,-280.36325889871785,-279.66799147836355,-279.61140424846974,-279.761884288587,-280.1422935790581,-280.4555679974228
4341217,-448.229448820206,-446.27949732653724,-444.8760177867309,-443.2170210946649,-438.51778269671195,-432.94104601923164
4416456,206.20851227936043,206.20866265551524,206.2091103307455,206.2097149807156,206.21092433742717,206.2116909377405
4416448,370.4460007562492,370.067018398321,370.0031333002104,370.07810889689586,370.37152293830763,370.6892963788215
4416438,340.83219245702514,343.811597273943,344.4026243400052,344.3769524854853,344.09748720453535,344.1070793083154
4416466,176.43146613801105,176.43172995708846,176.48855333005622,176.48726208435028,176.47822392234343,176.4672800270414
ng2584745,113.92876109923668,112.64277865878012,111.43724619220575,110.46240565287599,108.85921156844665,107.6583329433081
4454403,549.518985132635,549.4971489117003,549.4746361727919,549.4522282149173,549.4117247977113,549.3808335242423
4454400,625.8649198694399,625.8701114746698,625.8717434442606,625.8700421269002,625.8571528952674,625.8190405828396
ng2584532,-229.95912243573594,-217.4946806032699,-207.81941110877324,-199.89294040471236,-189.22662680250346,-185.65545107491562
ng2585587,327.5412162993382,326.79515120050837,326.26076999293446,325.8354661269111,325.5130103142019,326.2705506807174
4043837,258.34516297250025,293.4476649560404,304.38132418114606,310.0693921516872,318.377498725999,326.2509872116989
ng2586405,664.3064103113995,665.3939239180168,663.8865574657405,661.0244920020309,654.0338716421979,647.8372314599603
ng2585515,-255.67437328596975,-257.94743597607953,-259.40192861730065,-260.64961219781344,-262.79349231546894,-264.44167662625273
4043838,-41.85105183897031,-74.95491344230027,-93.30999194521382,-108.86449742714444,-130.6091529343296,-141.17650961311733
4043843,91.96153665670363,126.56914378507145,147.851929980382,162.02694374127827,176.36084432317875,183.67564732724168
4043844,361.37091868036055,370.0325315181517,385.3588581894269,398.3361707669035,417.53242247500816,428.3396485887604
ng2586407,469.3072440130675,471.2467073497221,472.2834665583507,473.06252782707384,474.33995895392695,475.3604275398054
4043855,-176.52607557367605,-185.45700761005833,-191.89106381963416,-199.94480102129182,-218.94802197397894,-238.59006028008662
4043850,-147.48045943728857,-123.52777075738982,-108.16242335418201,-95.52361599204414,-73.82249125557291,-53.551498867656846
4043849,-162.95910501701678,-186.90169777641518,-194.19772576727541,-192.1008398804138,-173.78451637728904,-147.7808586585793
ng2586923,350.6792574030262,350.2216853705197,349.5755232185611,349.06032992119503,348.94341263866204,350.4734846199299
ng2586701,39.868225988877384,38.42802624052092,37.04593563390836,35.70688343711777,33.33047605274828,31.395663761244577
4043862,-138.7556502483901,-119.94282424722996,-104.30348499946649,-92.66935491728486,-76.32244100536604,-65.97300753545892
4043861,280.5131275660665,277.01630995952314,270.45071180880404,265.0163176890692,259.35409734097993,257.2306503465586
4043856,-145.83929020886012,-124.86273950727855,-112.77826077233021,-104.96396404200891,-99.38117769921291,-103.37371422844512
4043868,92.21326769485654,128.98710990890072,154.67982007975957,171.441609643854,188.75328621771519,191.71882396778278
4043867,167.86066665431986,165.39923390841955,160.48427471099671,160.83615612900758,167.621995193801,182.74178110708795
4043845,286.1402740867227,294.38848329341886,312.10142733931593,328.50351514736485,359.9564828616319,389.068573366133
4043840,232.46354462297109,314.17929140607544,346.8694413689575,367.97212464457084,396.3558146369701,415.1980673469641
4043839,-131.08457847379668,-120.03524828017021,-119.34403569975302,-121.0247297787505,-119.20493301467832,-113.34703760525917
4043852,-90.38343811444133,-88.11759409412934,-83.75210762349639,-79.67769238789606,-73.04314007120274,-67.20733852092803
4043851,-127.17875847493997,-170.95379853111126,-185.76416998513332,-189.9016424890151,-185.03096906012388,-178.01370977398233
4043846,42.5894989801136,74.8426356171824,96.08941676360246,112.63882195984729,142.00523546067302,172.1058788719074
4407860,467.0304455859887,458.6297119813041,447.7915863221697,435.6161774076975,411.25112379022767,391.3807084349787
4043863,-55.51406974194765,-40.581356892552776,-27.882093513776,-23.453161995240407,-15.430793028952166,-8.18414092431999
4043857,-76.04734062202738,-102.81239253091371,-105.81381567588619,-100.64210909514941,-78.69347548046039,-45.69002760792887
4043858,-60.87381878059682,-65.68887124548905,-60.48830711297114,-52.301920963017665,-36.34256722871555,-20.5222237240896
4377170,-0.038097750850965895,1.8610076925374415,2.955039163492529,3.6669662487140613,4.732192611328628,5.556452821210087
4043869,-156.92526750892398,-162.9091853632733,-169.6670262763621,-171.90584680526808,-171.80666002923567,-167.1964792234387
4043870,-205.1848416983364,-182.7329292414331,-174.58466677254705,-175.57466150624487,-190.30448480496034,-208.2127743515273
4043864,236.1282232103831,237.06542893256324,240.1140044738845,249.42700140999,267.39961030534596,294.87564047654064
4377176,118.72546231682281,118.2833120207249,117.64443387592814,117.01047584193543,116.42403612792236,117.3075280402029
4377175,247.2378358500423,246.41543739415943,245.54679764670732,245.01402755332742,244.7342946231272,244.8528623183097
4043842,-39.86088043862969,1.9090484130947516,17.747441620581185,26.65125235972755,31.794843705985613,26.765463689567014
4043841,-77.81865486071138,-121.10553617790083,-131.29123847815163,-133.39979289120697,-134.8609658946732,-132.984943209854
4377205,197.6665835825122,204.08628292634376,208.96916804615262,213.3313903883427,220.750531664449,226.41693434598324
4377204,355.87336180769785,348.19949264725847,341.74369776534127,336.43386228872487,329.3871814119525,327.0775786302622
4043848,-409.8721746366755,-449.0249240067551,-477.2382567573261,-493.74323410584884,-504.2013239993464,-494.2946989521695
4043847,-68.71462635769626,-66.62504033998425,-61.550304231800055,-55.71299494753339,-42.684259705951945,-33.54279371356756
4377210,298.969467803661,300.7174073925778,301.4931811125921,302.0292354034566,303.05105237307976,304.22186720219725
4407876,428.8048999287928,438.41213791911446,448.29473318309556,458.2778041305046,477.52304945014475,495.3128179705791
4043859,91.54589384114365,79.44540462421878,85.548677840668,96.73547486870189,120.17601450968414,134.0330207713762
4043860,248.22134692118902,265.91666110058077,272.1734131294054,277.9123836060644,293.11937310697704,314.3953952524603
4043854,60.06353732688103,45.949285037162554,43.70303100051319,44.01129619211383,50.03743818246903,61.406714448071625
4043853,251.019734237512,272.27611690619597,276.14300893044765,274.3768216090141,271.63218384839774,278.5716078532398
4407861,131.91743356333268,123.17761786128835,113.75919106332981,104.30921867505936,86.96816837295114,73.69374242223444
4377171,-332.62490486032584,-335.0313946652375,-335.1460415441745,-333.7409017263958,-329.1843307209033,-324.7036036874101
4043866,-165.06077679013515,-179.25256624257872,-188.1638458518919,-189.78946580006186,-194.037221620506,-191.94429079174688
4043865,3.278981885431449,6.290790046976554,11.365602086626495,19.644304460324975,26.503579927131568,31.247156044143594
4043871,-343.37409588501714,-355.3607403661413,-366.0038802333968,-375.25614839840705,-387.6591286006501,-392.1038407987146
4043872,32.417998454349345,5.663141587177961,-6.540853118460063,-14.591617677781642,-23.718266786057256,-30.850818526092326
4377177,260.45057116855537,259.58355028504866,258.7546446830056,258.01877979837263,257.2393459709249,257.85412079637626
4377178,-55.64332302383332,-55.376738925978316,-54.858815220958604,-54.5578398225548,-54.57204955520251,-54.83478487712341
4377207,-104.5976989336782,-111.96749376879143,-117.75498484199488,-123.0032692594034,-132.12001716921918,-139.4301747626239
4377206,407.44999987142546,398.3009383567669,390.6161653832887,384.11641214997576,374.7373248809222,370.074864907019
4407877,388.0464527901204,404.79802563270164,419.82734369660625,433.55728146170645,456.3935334013613,472.5407722298271
4377211,-302.86005859754914,-296.848317485061,-291.9434870394932,-288.23475168885125,-284.76882891398714,-286.8051330668261
4043971,-79.15681298481513,-83.71843546038895,-86.9765925846657,-88.87789962221882,-91.74339357533859,-95.43639760936776
4043970,168.54871522439726,208.78888858076402,217.2651763268707,218.98798331747412,218.44433940090562,217.19162733382245
4407862,-98.59832279518355,-88.88995301978434,-79.14457497269314,-69.64049663125502,-53.556573690021196,-40.27888604646728
4377172,369.7147893491583,369.8382237034418,368.40663107333694,365.83663344508363,358.1990341156122,352.31023739930447
4043973,254.56798513549143,287.85236332667205,297.328445479782,299.6341249293548,299.97815680387293,298.5793537638515
4043972,355.9830240726617,394.9848773922563,414.9079112037475,422.7761209347682,419.7272094440259,405.85258898129564
4377179,-205.64513460831745,-205.1914161818629,-204.92764411088797,-204.76283891982848,-204.53757376137628,-204.36772491031547
4377180,-23.84450880050531,-23.753627493995054,-23.723143142125764,-23.490407092631813,-23.008575193088745,-23.500642877911105
4043975,81.87299827743709,84.90093669238536,80.68836582489871,78.07582361371487,76.52054897037192,73.29072029527265
4043974,220.4499251759505,223.5140139851369,227.21962828394157,234.33706505259806,251.34798870277837,268.12148322547205
4377208,-75.96035409610977,-74.80152697562426,-73.80536143459472,-72.84267494976689,-70.97858979351986,-69.12565608691034
4377209,-199.7964467313932,-186.20545231942378,-175.18103011799462,-165.68215626309507,-151.1209696317112,-142.38026118033918
4043976,-254.2137878543101,-269.7109744676493,-283.84567837822397,-301.47678217730754,-328.72554820215487,-348.4852305042584
4043977,105.40311442482539,91.60953835412397,80.7638373369266,76.61066077384612,80.502599761488,92.69075908258833
4407878,-97.50926093670364,-111.62269242672801,-125.0844264144614,-137.61908306811324,-158.57811042391768,-173.31272043740773
4377212,12.860456590583226,6.24909785748423,1.4742833607886041,-2.0327284800487178,-5.515798157171275,-4.238224065298255
4407868,252.86272237249796,254.9645483608699,254.82155567932296,253.3271183240679,248.41999822639877,242.67839436376653
4043979,95.85026464242446,94.52079157154094,96.83699272564195,96.02792867568928,85.97064419321873,75.35666854581632
4043980,-90.82938049016138,-87.44350572088251,-83.91172406046553,-84.285551233369,-96.6576806830501,-116.00634759455238
4407869,140.42585420264027,131.80665387783438,123.52523004422665,115.48278494421902,102.0553095622904,90.9728737079538
4043982,57.460477173880236,85.7965556367983,94.686373420456,95.85810353222269,94.67527880946932,94.46880381950223
4043981,164.9391542646556,155.09851142235016,159.84060028133854,170.34698635456334,192.2068099448427,204.46007931509644
4407871,336.7582513988848,338.36869248378844,339.31467189083196,340.16379583159573,341.97568566388827,344.0456706364855
4407870,3.257875045632318,0.7524317977238297,-1.5642447254622311,-3.873681809736354,-8.601786996354576,-13.733688225200922
4043983,32.20805970839547,52.73649083549276,56.24332950692951,49.07566801313055,25.175301289309346,5.992669365657093
4407872,405.50114402295185,399.0736265546243,390.68191172287857,381.2373407536759,363.5441090759264,350.7104982977701
4043984,17.611828985161537,-4.130033083929902,-7.295584576728743,-5.532060932696368,-4.584803992482193,-9.450288795628694
4407873,6.377651669663919,-1.531969800115803,-7.725192539488717,-12.830977081841183,-20.116417230790148,-23.69002081739154
4407874,-320.2917511610294,-305.9747913486003,-292.7052203990029,-280.54647867276594,-261.75080901738556,-251.46840404535374
4043985,103.4815144866684,99.83773022517266,95.59893865422623,90.75356553025108,82.01331080262776,77.53392055480504
4407875,55.7217103328353,57.21785157023464,57.304787629014754,56.24704496248023,52.306013529599795,47.62246104171459
ng2628576,171.22679709114254,172.76557874484524,174.4649171730225,176.08611106832245,178.7632333445065,180.54538183961927
ng2657340,288.56287737522644,288.24877175458755,287.79225640756954,287.340482613467,286.60625155416574,286.11587086164286
ng2657342,274.947445209079,274.64304712142734,274.20066182811365,273.76289619214276,273.05148426220467,272.57638054052336
ng2658974,569.0056048744423,562.5584357200178,556.8186968042774,552.066097474752,545.7954663690193,543.6554255342221
ng2658977,94.55339813979231,94.55363917903765,94.55399404199511,94.5543635059853,94.55503242292684,94.55561718834292
ng2658979,274.5383489480007,273.7466158558286,272.98952209784943,272.3186525511619,271.26684365970596,270.5257630473209
4538780,178.96532025984857,178.9847574103926,179.0214181552676,179.0149948426274,178.98025468286414,178.92321098504908
4538719,95.32557215274824,95.18682934434764,95.1289454385419,95.11962995520184,95.18962718149214,95.32617222780414
ng2660407,18.216844519241477,-37.14292461194691,-42.55984199807153,-38.39014229365148,-30.396812978852267,-26.106467140997665
4538794,212.56250605337777,212.28203204110218,212.0918094486167,211.95455733654785,211.689588864067,211.38696934401082
4538736,154.46572550142582,156.10847740952363,157.8186009528854,159.0816392020006,161.05821784267278,162.38588184842115
ng2660249,179.6795754370694,180.0325227834478,180.3624642716543,180.6378014591403,181.03599027091013,181.27771705892678
4523689,370.20774622050067,358.03715537749054,349.1816476896497,343.23060902828524,337.3647326923294,336.2332404067283
4523698,513.4419785134844,515.4745070604883,515.7923285769677,515.1423720537014,512.719648649387,509.99040756955355
4523678,432.11543050285445,430.5871173673943,429.64460132698537,428.6702190437811,425.9762675030315,422.1685518296272
ng2661501,-191.7008529614327,-191.60232693193166,-191.49284757454643,-191.39955693723857,-191.27626235832622,-191.21527340849843
4538856,83.51297178310779,83.45967404013959,83.50759365779686,83.61262830303122,83.89912242185346,84.1978204196057
ng2660243,-398.0125427733003,-394.8923865070601,-388.90916864134374,-384.77649936314947,-383.2160798577818,-389.14745122204135
4523673,346.712616461527,344.65856961655686,342.828378971288,341.41127707714213,339.6363206820688,338.80479864487324
4538750,121.22419240243471,122.01651325679632,122.52967315352362,123.07273334587899,124.00226389654472,124.60620049166937
4523662,549.6582198457697,540.02392001933,531.6372695840346,524.6918671784103,514.1131773170212,506.5751866940134
4523674,233.38272345051473,231.75638653440092,230.02594223295932,228.3106897293908,225.21163130655555,222.5154705143152
4538834,349.28112531208626,349.38299265956107,349.45776290261165,349.62215421903056,349.73421171293967,349.8184614744696
4538791,143.00193459528896,154.69968870728826,158.25042245784084,165.69052419614877,182.41837169032556,194.52234527398377
4523679,251.3546586885218,251.73561279216074,251.87123718564249,251.8135245980884,251.3710966939475,250.70259996246432
4538820,197.2972169350387,197.2097409559217,197.1337610261437,197.0540664993996,196.85539722855628,196.63051378757928
4422001,-150.88757525856863,-146.1628265401598,-157.03402783820616,-168.1504108041604,-179.46877583183823,-178.78594692039792
4523680,305.8175932708489,305.4967451219227,305.12690404786144,304.78082219185853,304.24212190611706,303.9313785618547
4523690,372.83681972443264,372.2736404190025,372.44660367439315,373.25324434778304,376.2624200692069,380.7711922603712
4422037,-113.08000192273187,-17.242321304056645,6.014076454647125,10.777798187763324,5.30774921252123,-7.144928910489625
4421964,142.07919300818412,141.2667795912962,137.44273278157175,134.57826028802128,131.26826527280764,132.91064235308386
4421965,28.71779602931906,51.414472979410675,61.67196369002886,67.19068489305096,74.30223691842639,80.54580983527376
4422026,-194.067041949221,-215.77082793616592,-222.4264984518145,-224.67655101233117,-228.5439096979228,-235.02749085091432
4422086,-12.664743113240775,-32.30559475344171,-40.84272672380553,-45.96155770720384,-51.35269306479768,-48.934263693101
4422087,173.72573332523393,167.78924923688714,185.76799152678677,202.62477161938227,224.35278822808186,230.29782528885585
4422002,-206.16456163482394,-228.33102070218956,-234.49303718853798,-231.74854088826373,-216.2144238390283,-198.8880465291245
4422025,28.044627430728042,32.91746792033109,44.73967500351296,56.83788452847807,82.50672809716298,106.21208494006146
4538718,386.78529028746516,397.3534719488812,408.1641514147027,419.1843652630803,440.75638156220316,458.66963967170113
4538747,285.2407292588323,284.51625482999316,283.9964517257397,283.76864377074503,283.5621358114156,283.5493978002978
4196523,-129.8898170444652,-130.0783716078074,-130.69528686351714,-131.41561400004025,-132.55862138367866,-135.47107461886003
4196507,433.4059675777787,434.93697320596675,434.69452277879554,433.30590067826483,429.4510002652803,425.75157413783427
4538808,192.102816842513,192.01117064692517,191.86045980411336,191.73034029181372,191.52632448845407,191.39890178220458
ng2660216,504.2633582992372,503.0722563841547,502.0099279991159,501.1346539743172,499.89014679250397,499.1344624069991
4422043,-255.97467321660997,-277.25661542560624,-288.818654328584,-293.6494912740627,-292.6667316321498,-286.4596270615202
4538819,244.83506651620405,245.60393611675931,246.7861698186705,247.32824275994358,247.9289954412925,248.1358104938579
4538769,285.56241681551455,285.42399863273226,285.3175736450555,285.23773866181045,285.1164145019661,285.041237658789
4422057,102.02233928170904,97.03837820968988,104.3566092276717,113.5479608392543,130.00116289195967,144.52158588232442
4538748,147.75688871490115,147.50077287624367,147.3156372673518,147.1836687905609,147.02354710797567,146.976417324953
4538795,189.36175183079922,188.84033096200483,188.4430581779609,188.2229948842048,187.68796224688322,187.3319758092057
4422044,-49.88871080687022,-60.052823663301524,-58.71505067873795,-59.8297502253472,-68.25901825841902,-80.84838144378364
4422056,-42.296481993585985,-12.644030522565117,-5.1434582155852695,-4.150022878864547,-15.097326881916842,-29.37195240405481
4421977,418.3144561234096,422.74982195313396,431.7164620238866,442.70477607725616,466.4199357613061,488.14614265078626
4421978,171.9679568901247,178.895345680452,184.30271104102644,190.9948554114892,202.8159159608872,208.14431156247838
4422068,130.85687344545204,130.03639817021053,128.1080842502745,125.00936149778295,117.44266751541954,113.68455485934965
4422069,-13.972080015018037,-38.11133265582066,-39.72260835715019,-34.86761168332714,-25.517821903972617,-19.467572878832016
4538759,412.59903339369225,410.578695995267,409.1089365374278,407.4109085228197,402.72907470836617,397.2485792506204
4538857,361.3952063577467,364.6243680773912,367.30475038542727,369.51647930826016,373.32334122667226,376.4072104777547
4538770,280.4870681719917,280.62300620017345,280.8079859816785,281.0298770266795,281.51008643579394,282.05058316056125
4538833,274.73639181972203,275.1491219229208,275.0031092686306,275.5382655903095,276.6523878716321,278.8643464377708
4538761,193.7782875097639,193.05766123034755,186.58534105906392,188.28691610366377,188.1012799899206,188.4509464404805
4196541,354.1089017772417,352.36000561428455,348.0753161273881,344.5833923835164,340.00955888750855,338.49727184521385
4196524,229.6815450990241,225.095800276712,221.36961429303824,218.60253963513105,215.9562161845297,216.95952772181977
4196525,-215.84509629650324,-214.66375938401438,-213.5310179744074,-212.5236530302459,-210.01551187503742,-209.72052873571533
4422106,-180.922631579062,-169.22969843272517,-162.92875636049462,-160.97762476536354,-161.6984759734819,-161.40237678852031
4422107,208.72370411706902,184.78912832810374,179.66730281360628,179.030992261454,174.20177862526134,161.87918362292498
4538807,241.26161395363783,250.97453504271766,259.83216837369764,266.75974190559737,276.816843192991,282.33902397166753
4538762,166.0527680009111,166.03541185086578,166.53970475381675,166.5503549658515,166.58222304879519,166.62289217738316
4538735,222.5204463731427,223.83774831834148,224.88299854984257,225.84236394790992,227.45138020083164,228.5467368643424
4421952,-30.72947716180056,-33.50591095400205,-33.810683861111556,-30.089456890886822,-21.86389366314438,-19.348911913052007
4422080,119.6366031769428,158.28593020509356,182.29418577313913,198.56328253817628,218.05968173361066,227.62270237723374
4421989,-171.6739079176632,-189.66321676873258,-192.93339516460537,-191.32647547826173,-187.1559450648756,-187.50084149039708
4422013,223.3256498307603,294.61393864042134,322.84018169283786,338.3594431364488,350.48169269174264,351.62164811733646
4421990,168.2581324418952,201.3770414201383,211.39811390397836,212.1477391595522,200.67053217893658,181.98550096484155
4421953,240.11704424568052,220.90886957694624,213.7092579886164,209.4914151346004,197.23458507195437,186.577722258829
4422014,469.1515998060986,474.9839700564289,487.10220321264865,497.73312790339537,510.7337085081408,513.7740437982652
ng2661261,103.32580145063275,100.8934332234503,97.30256590528961,93.49806965525272,87.46256514160359,84.68602011638654
ng2661262,430.0019013392075,429.10269686202014,427.94172037205,426.9270375880651,425.7184352388456,425.2166886502887
ng2662505,183.09922067620164,183.43864479401714,183.75607915936098,184.02105742305662,184.40440704009984,184.63730286270925
ng2662517,322.57642752606534,322.57091475819743,322.4158915309781,322.2634387533137,322.1087206886725,322.1861994156359
ng2662518,-201.66409916461794,-201.569817007761,-201.46505473888124,-201.37578485028246,-201.25780582538482,-201.1994469685701
ng2662519,59.329041162922294,60.22198654019644,60.96425551294442,61.55036285813367,62.337235570875464,62.78716058305008
4422088,117.35137099216422,157.5808260397157,171.3589018849034,179.50860892262904,195.17923400828272,213.2639673053884
4422027,138.6293924283882,135.98359687135553,140.91760571453028,146.04907898501733,152.78710713497048,151.60736779094645
4422003,293.7991875541968,285.51255845243963,292.8118652708233,301.4416425684692,316.41226300975814,330.85935184583377
4538720,-189.25345119658618,-199.62368500005778,-210.2768527525859,-221.17508731423595,-242.58231999208715,-260.4890597685735
4422089,21.89342138775214,17.02491073133274,9.426391904217098,7.852860124832887,14.945819879512555,27.624578249596198
4422038,149.86375295049857,162.7351135778273,170.5059058678005,173.43335619764196,169.69562871075402,161.72732904648387
4421967,306.9095254790493,314.8672564228136,325.2012067519297,335.65724737853384,351.0843295166826,361.93465341519504
4422004,409.1167847312231,442.162418849829,455.5899583298956,458.9624032519823,454.50942320926424,449.54743009251
4421966,169.7878394019831,193.02240037115325,207.3787425787118,215.60198683966064,218.95610708215668,212.34019784093562
4422028,-99.69932673880248,-123.99542197502274,-129.16754134624352,-127.8424193601445,-120.45178214710063,-109.69957284762654
4538855,-362.3962992731008,-365.30423699588187,-367.8768238955606,-370.1794175891073,-374.10573095098266,-377.46384875898957
ng2663619,-164.45578385574368,-164.04073824997567,-163.71983819780098,-163.5009630779116,-163.28442050846934,-163.25191603874578
4538768,133.5317163726968,134.47350623756506,135.47541938226732,136.27754093945964,137.65935976296987,138.66408562994388
4538781,-178.38327727362298,-191.12009358445334,-195.91698014318376,-204.16368060205104,-221.82033872711554,-234.3746389861708
4538822,242.69412884775943,243.01664129410506,243.18917815807526,243.51308397629532,244.33474219876462,245.12325237032474
4422058,-68.3890625489048,-93.9850895708853,-106.12773715952949,-112.50902634968952,-119.92797349829607,-130.46596214182478
4538721,30.05844536469249,30.401893211648712,30.702237097161287,30.98167601127261,31.465899466990322,31.873655858602206
4422059,384.03813580752535,369.7655407434863,356.70372076747617,341.47427783860803,317.212519458162,299.1832765891552
4422071,224.55402942324486,227.7536112073542,222.7264036631177,215.65120520426217,201.5116676592295,188.1639957298769
4422046,375.70047461125614,367.90262255964694,362.7290179134286,356.50082417450653,343.74106352752597,337.5465106412739
4422045,-21.624226242875466,0.2576272912363038,18.20012481111553,28.808833356691366,40.84945499000719,47.94693549608428
4422070,-49.269894339038046,-31.856867463791787,-26.210374309564486,-22.417648728545146,-13.117024901560171,-3.9544640891410836
4421980,-281.6630226222178,-284.99656104552037,-287.9428245231584,-290.4317993779923,-290.38049673332785,-282.84434586343264
4421979,143.79861968542036,153.57674952517277,157.97920800417637,162.07256987825667,166.3273334745204,166.95261405383735
4538751,-461.95289156528884,-460.04688547536125,-458.6921559928735,-457.10140871253134,-452.64617987862835,-447.40470423025386
4538793,-222.58779572368417,-222.94596808629012,-223.29743764669047,-223.69089702779843,-224.06026373531017,-224.2468707613823
4538779,210.96547337702964,213.11371472285555,214.6624011568822,216.16924127901598,218.64282152140754,220.19735345075014
4523670,-147.4222234305771,-145.05051883161173,-142.61302027592683,-140.30074143583784,-136.30009259660096,-133.02474091815907
4523692,-88.1086986782991,-87.69606734153854,-87.98801984201032,-88.938563088097,-92.34020600757867,-97.36186163489992
4523693,-353.2195892652185,-340.8713075361711,-331.793096068669,-325.55698208969966,-319.0114124789511,-317.0985523613433
ng2664223,-27.11404565603857,-26.290835672751882,-25.9068166480115,-25.697843293582082,-25.436133477160183,-25.200432041135628
4538821,-359.98126785205704,-360.9367942087981,-362.13652943788475,-362.8904881094368,-364.0878551244068,-364.8625242251949
4538737,-159.82067158878567,-161.136325699003,-162.16435477825962,-163.1204031922082,-164.7356800452501,-165.86720368201782
4538836,113.4911902241463,114.45417544869315,115.61046408095422,116.17667048774456,117.48216015546086,118.41914239034327
4538825,-400.6026082793444,-402.0484357334931,-403.1393993740812,-404.3624801826986,-406.81656704099396,-409.9032524313802
4523671,-302.1570203661099,-300.4152921355703,-298.78049871835105,-297.42857159250025,-295.5154819986833,-294.3167411708814
4523682,-113.27189429325176,-114.46782649662373,-115.2369352958192,-115.71335296585107,-116.15257502849136,-116.2442341772612
4523681,-132.76714126653383,-130.20989052614232,-128.4253530043825,-126.71294178317157,-122.80514254410923,-118.02125618991317
4422108,120.27454266731252,118.31657316012024,111.9573637813694,103.65027171782754,83.04505870799767,58.26215504759898
4523691,-240.92696185833938,-243.4589385539848,-244.27438662125883,-244.0514258785861,-242.19751702380177,-239.7388616772821
4538809,-214.85622617923605,-226.25469684821724,-236.640682260208,-245.00501039807978,-257.5159995464594,-264.9147572574591
ng2664666,591.1292353270819,585.0910500997111,599.9238448760158,611.9683035687053,620.7301197470848,614.0425811497482
4523672,-117.8217616516747,-109.0825105742797,-101.65687157570324,-95.64997820854273,-86.78077059069005,-80.712227298681
4538810,105.63212649779643,108.10404515079972,110.3900576957144,112.41682298258183,115.71978038185216,118.06601557255135
4538752,196.34158797359487,195.6575726060796,195.24450058911657,194.78293927852974,193.91738542597454,193.2794281502322
4538763,-299.33399005892693,-300.45061882252935,-302.1490228192538,-305.5417289010795,-307.95183188874853,-309.87271742517964
4538782,-249.9381536485314,-249.9921979967835,-250.35604773537762,-250.83265067323623,-251.88283159908815,-252.833453070592
4538792,142.35071843829473,143.44284077687257,144.33188092223963,145.05239639849583,146.15370059053816,146.94332504996964
4523683,-216.36512887154527,-216.29977235812498,-216.18127585554407,-216.09546265034805,-216.04154956878733,-216.1415774610407
4422081,-94.05923503952909,-73.84188330767529,-75.62926853139834,-82.13782389613561,-95.198820004656,-104.19466560174055
4422109,141.76476750403845,155.34900615649144,161.6344160209635,170.1355711300398,195.2445453525993,223.4968378617716
4421954,35.8414864308977,54.03536717653719,67.92841625238657,84.13859074201355,120.2752515528341,157.519873834578
4421991,394.0711828696353,438.89099700738575,453.33244872345017,458.03778689090746,460.30289826477065,459.75628416513314
4422016,71.20349862951798,42.00550044142801,32.44538324251198,25.98817946391887,10.970235423345002,-3.6084445517897166
4421955,76.17071227907763,93.56348395278474,100.39610518256086,99.26073764583771,94.31190081268483,87.1796682109682
4421992,20.193928236185457,15.287710557012815,16.245392269743434,18.55671560836072,21.089390904610127,15.073353501339398
4422015,322.12789305346746,289.4156841803572,284.31601751224207,286.04303902783886,298.6323794583893,310.2620838176608
4538804,185.02569190310464,185.32182415048828,185.47976966623605,185.54124062722462,185.4503113604544,185.1618570029359
4538805,-423.94464164905116,-424.23395363891177,-424.4594401228014,-424.6467825905968,-424.8765580240465,-425.0067107646487
4538738,89.097252221276,87.78894467955661,86.3656536803353,85.34853745988767,83.7812242841776,82.76122529624149
4538854,318.04026605181025,317.9122548230978,317.8811003040844,317.9757500422436,318.00522297321845,318.1451089966731
4538764,202.72741426371044,204.47233718061284,211.20442797777105,213.14553028702153,215.68407634191885,217.27160528445188
4196508,-9.370025193350102,-10.565798135534806,-10.601799216763084,-9.690887044522697,-6.31200169468093,-2.384642272530982
4196511,187.89577125974824,187.7868390651356,187.6762804069856,187.6195940298703,187.25431786595254,186.4058989462003
4196512,198.5876201890551,196.56210421464834,195.285022392595,194.2886159096056,191.98547531798226,192.14607278735684
4196509,-139.7641000891931,-133.39558301056718,-127.78316243683025,-122.98268246686462,-116.28630982838149,-111.26529315542075
ng2664669,310.07680041935964,314.4917554023434,317.3345229788231,319.6753415663957,323.82904714725237,327.49470481893945
4196510,-229.41806406315368,-228.93573803809022,-225.92146989739922,-223.7399485916642,-222.1054242504415,-224.271305132914
ng2664212,202.90496395892524,195.31301890194482,187.94289911247847,181.0158244166298,169.9783909739033,163.19964503641495
4523694,419.78078517503855,407.88006925103855,399.14288078929144,393.1976489066326,387.16652085526835,385.7400597146652
ng2677410,396.5228762580206,396.4749343795527,396.41519343656364,396.3556703204532,396.2527898188647,396.17266819141946
4538811,160.72649636138658,162.5356358453605,164.16947351071417,165.66371712939076,168.1648530038599,170.02029427631487
4523685,-43.494396310705724,-41.1051013698941,-39.6187507349955,-38.366703520791816,-35.65490060993466,-32.25897861923727
4523668,-18.234789853203893,-10.92112249387037,-4.672949332027883,0.5020916203959587,8.525937383240944,14.405613450179771
4422111,-126.21522352487591,-110.46785524510824,-104.28852508801651,-101.92417886978023,-96.09522103469499,-81.51815668864515
4523686,159.64832164618701,159.03968005813113,158.6653419071954,158.50699076373144,158.5688718720687,158.918700438448
4422082,318.6798626160753,332.7418746753251,349.828534434477,361.1783679469647,367.0634634630428,358.53475561614414
4523696,263.16052975284424,262.92110135756457,262.57147455735617,262.14434396896127,261.2128341543271,260.24553556592696
4523667,227.72909145068184,226.4607690920293,225.2842397589236,224.28392945471546,222.74359564278984,221.68196896536392
4538826,257.1160053840226,257.65759952950884,258.1199613334795,258.5814660316114,259.1192641108471,259.53478991817315
4538765,336.6008579779618,338.1593842457685,344.8412790002342,346.48928495527116,348.77387333773527,350.2006699716492
4538777,218.0790330585794,230.1516472120927,234.64727183179866,242.49287018871883,259.36956954185644,271.43142873311626
4523669,411.25998215115305,409.2665925248168,407.1016581382346,404.93790236579343,400.96528122202653,397.47998113833864
ng2675748,-3.060085752901159,-44.58574966338074,-54.41623055262585,-54.04091545182018,-42.270729355038156,-26.11169597332355
4523695,-195.19660640455595,-197.33527521227666,-197.3021560814077,-195.80055157144784,-190.41251894438665,-183.24567097611657
4523684,381.57142975521106,382.91403227348746,383.858203112326,384.5413881446375,385.40233005877326,385.8756252074743
4421982,118.30069424441422,127.16678594642326,132.7213980358158,137.67780703275548,148.9226694746162,166.07374235922543
4421981,-335.86433408732387,-345.800847502283,-352.5287103028279,-357.91863263043024,-359.6970318085798,-351.40383181447146
4421993,280.20445888598124,305.32572390520863,321.5051231730972,335.3532543482356,362.02954303229535,386.27156880524126
4422048,114.4274017523328,158.33288912272133,186.1624966623399,207.36234325677037,240.01437699569692,264.75616806862035
4422039,312.66848438444674,239.8731663815779,230.0640162711121,231.3053998955653,234.99679043491255,236.1106911673993
4421994,53.347945037425234,15.669899494023184,-4.114927129986199,-17.51159861015526,-37.03386300284069,-54.841796118624416
4422110,-103.49199592924265,-79.13012773001287,-69.37714483017612,-63.45164141004261,-54.79442247350971,-54.8991686923423
4422047,500.9934242179513,499.1809746993911,491.91971479703557,486.3884289176724,479.2501246949555,476.61564430428325
4538853,284.8262418197505,284.59063294513453,284.5463559517025,284.6801676312107,284.87878017391495,285.20765531829534
4538784,364.3282800536765,364.5634357437573,365.02204679538954,365.5483902351566,366.60959587690104,367.4943579490257
4196515,-293.26943801847665,-293.4827104001354,-293.11424949694606,-292.6084972272547,-291.8096426574316,-291.2160991354581
4196514,-255.7070658445964,-257.1360632835426,-256.57518628480375,-254.91907482463625,-250.5286437153659,-244.31414997336674
4196517,200.997803439996,204.85186029646684,205.4430358413572,205.93735145966934,206.9010071254354,208.05216205902866
4196516,-204.34773065712943,-199.4390850311438,-195.6152380061792,-192.67954974822214,-190.03832646643195,-191.71514862842378
ng2677568,-75.4419948616262,-75.39893210722198,-75.35957531379643,-75.33609673032265,-75.32835054422094,-75.3587834899323
4538837,409.5343685789462,410.51712247612704,411.66432258521763,412.33495869475087,413.63440312303806,414.54697398729195
4538783,191.3261837630289,191.9863404722255,192.74853417334316,193.36198078066172,194.46555744443413,195.3192840561601
4538803,378.60568338171606,378.75169681377974,378.79721829011555,378.77639897755216,378.5698983429784,378.2203280332792
4538722,43.01961853625585,42.77645872740504,42.566853998957185,42.385655233402076,42.09166711418652,41.962707958077544
4538730,268.43155695580845,268.2693319714931,267.7778143784408,267.6003161487224,267.4344415950932,267.3653991234578
4538812,245.9611836351944,256.8643958868199,266.8736827795558,274.94331871340523,287.0253647869308,294.1662077827848
4538739,153.24436645928176,153.43195742892567,153.58617322672558,153.72375388517662,153.9577376469024,154.1445182831426
4422005,-10.28908953692644,-45.13779021300479,-49.03857670014099,-46.24715342330387,-44.402386611132215,-52.83965689308093
4538766,376.66917245675586,377.63091033196065,378.36364224723434,381.4439166476086,383.54220553461664,385.228523358541
4538823,395.80974734129495,396.0126936717204,396.07898441598377,396.29516098855515,396.8631247345329,397.3854882845228
4538824,399.6057404117689,400.60182573916904,401.8343932642472,402.62649742776557,403.93380502059335,404.8539199010379
4422018,-74.55377791393084,-115.10098977873099,-131.83970491445666,-139.40625859764305,-140.84239383409,-140.37219027958963
4422017,-318.9976864166608,-348.89066182561373,-362.5949395873438,-368.7756883558784,-367.45121472334495,-352.8783676521705
4421957,138.13172820144882,132.69413041213897,134.00086193893344,139.4935300484783,146.70943060595368,151.01219796059172
4422073,299.6092046295289,309.46961598739176,311.3369131339632,311.9502327009807,318.31640506607755,333.56893285700016
4422072,10.177889181078626,16.021260023061586,8.664361361868941,-1.9465329999561618,-23.91212414604479,-46.61395604323252
4422006,51.7797454578174,37.08381897567165,25.73284351699158,16.344451647078586,2.3060707742104114,-9.165901242108703
4421956,212.53893684186346,202.16760264054392,195.52666186863007,185.69819480260162,172.67635575141503,172.07822950967102
4538852,581.0239213622781,583.9192668644703,586.3933126326579,588.5478373914814,592.1325799545361,595.1471956793091
4538753,294.70522068612877,294.76278377857125,294.83009740695616,294.88100380052197,294.92362259309584,294.9168907134515
4538802,420.4886527162712,420.88737512284797,421.19997434217794,421.4547059521492,421.7963698907881,422.00634545808816
4538723,352.9783235609293,363.0097746033698,373.25638514080606,383.7106211020239,404.214614242504,421.340739182227
4538778,330.67889956623617,332.1983427587461,333.51254385719494,334.6065819313851,336.2369251872112,337.19511384793304
4538838,299.18881635237267,300.4604469430128,301.3999493150916,302.41442804231497,304.6490847273733,307.5509230681571
4196513,-141.0468448835536,-134.0060937219357,-128.5640626067816,-124.16420848768621,-117.15440162661025,-114.88897238149207
ng2677222,179.1676625921707,179.706547985528,180.13439722298585,180.5125460162585,181.14960056951963,181.67729614214022
4422060,-84.31399019183732,-111.08987551715609,-119.86043660298833,-122.69221929989567,-131.97228892766816,-151.09354281109222
4422090,162.79767595152248,149.54959612985954,152.15706117141872,156.48450081964415,160.3961132259867,158.55036636766363
4421968,241.7987681902282,236.65741928697344,233.7225005614282,228.23201141133245,208.7332894109818,184.10433204950527
4538835,238.37227741561287,239.13226481627248,239.7825599641717,240.31885693009326,241.10161821811448,241.5640335200328
4422030,283.1912182274493,298.16621681042125,291.25575079332157,281.4232029459449,266.00159365958507,258.59796317623545
4422061,-233.8372971370436,-218.16930278996028,-211.05364427895347,-204.7144140194771,-194.65751927123733,-183.65924041143012
4422029,3.1231134516451675,14.00305219873394,21.98911873506995,28.96821373997659,42.14564352016646,53.92482504623672
4421969,-88.67268540830423,-117.48726962530236,-133.2796544368041,-142.97261307177132,-151.6738208225811,-154.60555067959672
4422091,-50.83290982072526,-84.93760502462692,-108.98442539154735,-123.39982732959402,-137.3391563280868,-141.57967216909105
4538754,558.1172976830971,555.610913805901,553.8672304578099,551.8687865528807,546.7463188548181,541.1122106746577
ng2677798,100.07426620191495,105.57793503195762,109.9310778902086,113.91272824220505,120.88397818413841,126.52973161857062
ng2677956,402.07749032864035,402.03093963007734,401.97293269069905,401.9151377389503,401.81524535604785,401.73745182452944
4422049,-211.30718981923883,-208.05466498873216,-210.62134635877578,-215.27372084774743,-232.00426070351773,-258.3006101816036
4422083,22.86924560836269,-2.417415600837103,-9.410718551755963,-7.497228963331054,8.040095756782875,28.60830075745139
4421995,-230.99701060925918,-304.0775586222155,-342.9444211193261,-370.6169231835613,-414.1848888361044,-448.52281497772105
ng2677861,353.26346524604605,335.0281861977327,335.49218234077307,338.56347831253765,344.35094292923895,345.22581936920494
4422040,24.665114042221603,21.26798975560814,23.9377122614585,31.91067161811884,54.0482057043464,75.23538079396394
4422112,-1.9224834742608436,-11.047358890747773,-12.85909399200682,-14.339441562839738,-15.400116284692558,-14.201940944913304
4538851,-147.57913071969733,-147.36937757277747,-147.32996217991058,-147.44908393114565,-147.62590673896784,-147.91873803069188
4422113,42.11218433634099,37.546434235814104,36.16839004874919,34.282705961653164,27.827709728558602,20.00070088915072
4422050,148.5493939953817,125.23662502251432,111.3802839499217,107.21005560358344,112.67718431178628,126.89981634228161
4421996,178.09783276355392,177.97052412678522,175.35015287455917,174.0326377523977,179.2216487895812,194.50072861730496
ng2677872,286.355971127299,286.6318794551762,287.1407022780804,287.7673462503367,288.8195348031395,289.5201919613205
4538814,-113.30464266920148,-122.85321051088545,-131.6650658508504,-138.8011805996441,-149.5380616233051,-155.91309330399258
4538724,121.90804098670355,122.12362846846554,122.30946194509193,122.47010815762155,122.73074500764301,122.84507233570662
4422007,-143.93417147542664,-138.79046709389718,-146.15011722723693,-152.62702030640298,-161.1775322648773,-169.31417539048903
4421958,158.21571733706128,142.8521105915886,135.01902608570776,130.813731898372,132.1614780922862,145.1378367549903
4538813,56.56180172344693,54.921656961028475,53.43978032897871,52.08396465654573,49.81335502758907,48.12796705949313
4538786,-220.73305362092765,-220.9484418243103,-221.36856156418116,-221.85082673266788,-222.82347969220427,-223.63473588058946
4538785,-51.284965755200574,-51.8882525589338,-52.58492120654773,-53.145735538955705,-54.15486425661766,-54.93573460844891
4422075,222.1419672824643,219.3764718271225,227.00991118652837,235.5378294481202,249.15644264317098,257.21429534094887
4421984,448.42549043451004,462.65289834929195,474.97204333337413,485.5495280492207,502.03174528640557,515.6550871515742
4422020,100.89234175626552,131.0494088703008,139.25888868857032,143.52882979327023,149.1806980835263,153.50596267504466
4422019,-148.62768687683115,-110.19317612769123,-96.70859089363603,-88.48892815256522,-75.25088736484918,-61.5418694641362
4421983,-8.090638027699924,-20.254264159997774,-25.89588258466256,-29.625697394642657,-32.2168786906343,-31.418246142339967
4422074,-84.4056226491141,-104.32372088275883,-116.38676818604108,-126.85973643199736,-147.0676482198578,-163.83809313537677
4421959,72.33087658331897,64.72099297582054,65.86349929973721,73.46455180166163,85.06962901630095,97.31422610115578
4422008,-249.50628447693134,-295.85916206635784,-321.568951445224,-338.30636984610965,-362.9295256827004,-383.56335287543243
4538839,-216.45228046607053,-217.39936621986408,-218.50514056084512,-219.1516645941922,-220.40460799972948,-221.28469450258217
4523697,223.3972155519068,236.6140791014077,245.33534113988594,250.54972795849767,254.3947279570823,253.56499720105717
4523687,158.55959659689006,156.06882159157885,154.4341470063589,153.02227213849824,150.0698459283501,146.57817867969288
4523699,124.99200373716144,124.83256340264097,124.71879589393575,124.59666405876419,124.28640687773282,123.8947054929863
ng2678617,369.6147397422494,368.0917652564924,367.50254345258236,367.253445661647,367.2096297581686,367.44087909983716
4538801,-186.73472299276727,-186.87460013616374,-186.91820938960814,-186.89826458537573,-186.70044246559564,-186.36558214512343
4538755,-107.09947868062113,-107.15357149492911,-107.21682802600071,-107.26466693249017,-107.304718104534,-107.29839176616974
4538775,-35.82087433773927,-46.95252364203975,-51.10724775086692,-58.370257351762575,-74.04670485911083,-85.29465822066459
4538828,-111.94924794213966,-112.45320848486017,-112.88350072370554,-113.31304896280335,-113.813675322878,-114.20053047813167
4538845,-243.24353399591746,-243.438606516356,-243.50232696808348,-243.71012726947333,-244.2561243447517,-244.75833648283083
4538850,-426.13457728593676,-428.9482817700707,-431.35356478780204,-433.44894790189824,-436.9367962857327,-439.8713641915608
4523664,-56.50832904930121,-56.66203103563066,-56.71091966098311,-56.65403915573779,-56.33907187123759,-55.86168016914189
4523665,219.07473002357074,218.08596291504887,217.28426254199258,216.75429312060396,216.34078776295337,216.43178691744424
4523718,159.74829008566758,159.70740186506123,159.51871961878783,159.19680502539018,158.36955192397727,157.45634578933004
4538776,-186.24389011975768,-187.64523415167469,-188.85790530847999,-189.86785723388834,-191.37362531231997,-192.2590050753529
4538767,-106.67353193729969,-108.15333305575155,-114.5036660084022,-116.07136860535911,-118.24558868920599,-119.60401647484628
4523709,70.05651331876902,68.7351358271685,67.73436554874615,67.00019796182801,66.10176864956225,65.69927593049897
4538800,-271.91555408542627,-272.2902129330155,-272.58397857621503,-272.8233840066732,-273.14452093053137,-273.3418980324018
4538741,-34.227039543707406,-34.38333703528224,-34.511837421608334,-34.62648457134833,-34.821482596373244,-34.97715803426627
4538844,-254.1812332879374,-255.10153508090139,-256.2408183947721,-256.97325962153127,-258.1825851722833,-259.0341003276353
4538840,-151.3151441957566,-152.51165589876473,-153.3959053681176,-154.35095622900985,-156.4555638182735,-159.19027645856
4523666,234.89315122017138,228.2994838865593,222.9781450729888,218.9331997793238,213.4333858774362,210.1507181595298
4538740,-228.98539049747205,-229.88607588277887,-230.57247310060598,-233.45966019495745,-235.42797611928518,-237.01074786960794
4523688,155.78629834047342,155.93642838892924,156.65207226367488,157.85297910776922,161.2796168798161,165.84727413776614
4421971,-168.29268912435123,-180.09754921082003,-191.4221502511732,-201.30639788458507,-216.97299092023673,-231.95614849259664
4422063,-229.35367391420027,-212.97796925145235,-200.25875437990203,-189.63777513230025,-179.63951934751572,-177.65015035971214
4422062,261.8952017651586,284.51948558607546,293.7358662305951,297.3868472344875,298.1213676552534,293.13877916022807
4421970,-34.68040811891797,-52.23853980392005,-58.12787950857569,-57.845650305950585,-51.289510851399655,-47.679430162297194
4422032,77.86064243501824,72.183754184495,65.51627650036107,62.51779944874875,65.39673480164197,76.02259054433011
4422031,352.01285013790175,368.9122036713045,371.59099842628643,372.2822616481069,377.0921589247216,387.79236100726575
4422092,59.2849617781942,25.330006529196908,19.177720226194424,19.145388291572317,24.19444926381925,35.33874969670592
4422093,131.4110126651151,147.73510275394642,164.03971129189404,175.31318015064767,192.82748082075773,211.6280338864667
4538742,-122.49381807408463,-122.34241999013102,-121.88374632146088,-121.71812357950148,-121.56335393286554,-121.49893571247821
4538827,-106.68975267206429,-107.35104219792379,-107.91708930551818,-108.38404886128501,-109.06583751703624,-109.46873156415222
4538725,-122.2497978197498,-131.81830616057732,-141.6130818234958,-151.627549740306,-171.32852052438147,-187.8410435545111
4538756,-404.3073069855536,-401.88735057713984,-400.2044760431636,-398.2764200848753,-393.33780968623114,-387.9117508194306
4196519,380.7867422396548,381.29813390682693,381.2036705258879,380.89056107246256,380.56331850684273,380.68982342713116
4196521,78.26808862345024,73.97360296317902,72.6504166923703,71.4089403212406,69.53427212434167,66.565592848498
4196518,145.85092412411473,141.17263463731933,137.1959653296915,133.9503980823763,129.44440017300872,127.19637117534262
ng2678622,125.70395749087083,133.1954648606304,140.658328991188,147.9657270922835,160.18594593152056,168.1348977625487
4196522,455.26724301732315,456.48244788181273,456.17654144228027,454.9378999125138,451.3284030519874,447.50144128597094
4196520,324.9318404074879,319.3314225814245,315.2243177799792,312.1548232852397,308.0513216278323,309.0879950127062
ng2678575,196.43302410167757,191.5847581854457,187.98375629347765,184.99740220529088,180.2443531452384,176.5120132076852
ng2689789,36.467957130139666,36.36795480155922,36.261701724475074,36.172507745585335,36.055869381951084,35.9991340451968
4538806,-193.30312903200092,-201.0481725521172,-208.16755676133766,-213.78386369080954,-222.016844606193,-226.59367133018554
ng2688702,483.6766407682104,483.70240488426896,483.56886571748566,483.4339702481195,483.3074416786152,483.40655385722334
4538787,-2.533285791389744,-2.30138439371035,-2.125021919816163,-1.999019382166125,-1.835944972148127,-1.7722673794141883
4538799,-114.6870738854409,-114.5781232841689,-114.49576069810905,-114.43569015171443,-114.34592106395758,-114.29425916449281
4523700,260.98985519024563,250.15125538259713,241.75608809470077,235.47546982891345,227.23259150243393,222.01754220087264
4523661,-317.5386867883492,-309.35362137807147,-302.3012031236492,-296.5449698677453,-287.9783091170684,-282.0935449715912
ng2688715,199.72729364269912,199.5510702010091,199.44432657782534,199.36194288124773,199.19841021509387,199.0008507914339
ng2688716,88.55681624867884,87.08734889866514,86.54701318518892,86.33914460563506,86.35658785779219,86.62718871895754
ng2688720,668.7298983067166,668.5942557811717,668.4491765317129,668.3338823270884,668.1885629291041,668.1267022666167
ng2688719,185.7123498588594,185.81414308365584,186.10335140908683,186.39939764143674,186.80206466375535,186.96245841223254
4538861,-66.14279786807924,-66.1177506425754,-66.11328368334898,-66.08462214940323,-65.98086770199689,-65.8361067582257
4538757,13.459980384400069,12.93997307712948,12.609534885057656,12.26565937541477,11.744542891145784,11.500914945067507
4538788,-155.37505621446917,-154.80623552339011,-154.39868318578806,-154.21932859400363,-154.05697992803493,-154.04799474310698
4523701,187.89739338367758,187.8327276109569,187.6487872187197,187.4234364625445,187.01102246111418,186.6942284074355
4523712,-305.67130875256476,-303.33694225298314,-301.7398369863902,-300.35693133848054,-297.5230544020842,-294.2736771214652
4538849,106.16711042877,106.16935021995073,106.10574832134057,106.0110710148449,105.75871490052418,105.51100453585036
4422051,-356.1548255581515,-366.76824785797635,-373.96491683875456,-382.433717864071,-397.9015729092962,-405.71801189691746
4538743,77.46528453181645,76.1541311771,74.8081515499473,73.80241512000089,72.22126508727001,71.15791380079759
4538727,-219.9677985473977,-228.95553987622156,-238.2040501633387,-247.68755744242503,-266.41076493855144,-282.11998775043526
4523711,194.96658161959135,195.70982023151805,196.33022069485946,196.864919029063,197.6914829807954,198.27902502734628
4538774,-83.59355656559364,-84.43664988097566,-84.74553862437597,-85.27078911984631,-86.4027895407446,-87.18372662610113
4523648,309.1682224774852,308.1036463420344,307.03253922740396,306.03520043144,304.3013393028921,302.87599412025634
4523710,144.62683444873005,145.0136945443728,145.32110686614396,145.5988733012898,146.08825374814091,146.515776095388
4523663,-1.9735028600505302,-2.3309045978487575,-2.9317766497749744,-3.7659528155518274,-5.767723778165191,-7.91781176522295
4422114,254.80942097405477,241.73102381804733,242.15610551155214,246.7190083678763,259.1715707010626,274.2965709305997
ng2688724,369.4200730252958,409.08022473993424,418.049963036862,417.4197498145528,407.34259004909336,393.35410090980395
4538848,-142.78204877819076,-145.6789856838186,-148.1023339766973,-150.12226966610797,-153.59917175472287,-156.43818648787305
4538744,-101.02391066010227,-102.07219745939142,-102.9275271090396,-103.69564507776249,-104.97690676067691,-105.84941935876236
4421997,-70.95249065381995,-98.60420013831526,-111.86507416437621,-118.65305263818504,-120.68869316702626,-111.5172378780162
4422052,22.739534497746718,-10.769707430284143,-24.854844118932533,-31.102025004329107,-34.09744117773994,-34.466827260081345
4421985,41.72710590081351,35.15796082707516,34.12050373346824,35.66200809718157,42.70908414083374,54.33061353882749
4421986,508.61715011642605,525.6920788992816,537.0452857488153,545.1107396653697,552.5490836304516,555.5287626212712
4421998,125.39927084092551,170.76790249337887,193.29164564751636,206.2701913155463,218.4251653155161,222.4297235797028
4422115,307.5928152391268,292.45157780742693,287.2056646312599,285.51600933234636,283.92279922833177,286.4940623716607
4196544,-189.12085441874,-184.94429369192812,-181.2613324164413,-178.34221954304144,-175.35662588800596,-174.37390266594798
4196545,-222.5656199163666,-227.9162727291366,-228.65416755007504,-228.32507389197258,-226.12880207691524,-223.28783947894203
4196546,256.73056721711123,255.5892686549896,254.83788796979456,254.22881245682083,253.59647394486478,253.63302677615388
4523702,-459.7626027216088,-461.05854264093364,-461.104108288858,-460.41551778856706,-458.1594284283533,-455.6473748669755
4538860,-36.296486761062624,-36.94633155522001,-37.94242195786455,-38.40252675937836,-38.91791878423601,-39.10008765923385
4538731,50.13595891726982,50.1565949650726,49.82476895243735,49.79706872743486,49.77285157008919,49.736225094498195
ng2688782,1191.8662989943075,1188.7663850411216,1182.7916721373422,1178.6176016438485,1176.8516455377855,1182.455169174115
4538732,-140.97540587355434,-140.46174325923448,-135.73808856121877,-137.0280452264317,-136.9220069774226,-137.203910749128
4538841,-189.895430054911,-190.02578091064493,-190.10839047063837,-190.28952444124639,-190.47291364673197,-190.68043318481455
4538842,-77.08625151716319,-77.48380213453561,-77.41438463032114,-77.90283202519845,-78.91158214012171,-80.83718264532536
4538798,-113.3419129541544,-113.4553068132725,-113.60760120758505,-113.78942022845513,-114.18026728033306,-114.61863753331227
4538815,54.27973021578305,53.73770890884202,53.30841674954331,52.992569558376545,52.56418101984423,52.353771789725215
4422064,65.90164280693875,67.42162747463749,64.83273908800516,63.171631607822746,65.35207762272103,68.46291033093826
4538758,-255.01097931794993,-253.2356303145782,-251.94938589167123,-250.46296977802353,-246.3711635988809,-241.59866368374287
4538773,153.39390192809333,144.59333657309753,141.9402897395771,136.29801293343417,123.4760809477184,114.09998582318053
4538726,37.1827509472007,36.99061064426246,36.73417818744065,36.43968729767107,35.810735804632486,35.24519206036848
4422065,210.4189797262943,161.844726619217,137.31956765434552,120.99851286587273,98.943769958433,83.26845432665846
4422095,227.32742483437846,262.24679740990655,282.5316241139901,292.27711667728613,296.79535977916817,293.1621476075636
4422041,-152.58015490747243,-68.64121211234908,-46.39170202901187,-34.38947941573258,-14.41432398576967,3.519922151932292
4422094,30.246167741537874,43.930641329626724,42.76701285716035,41.13281850816452,42.17836704482784,45.51729762534296
4422033,-131.48186394545314,-142.48842004134508,-135.0730397767802,-127.19739889735365,-116.3581822114486,-106.80041694622764
4421972,276.99357065794084,314.1859551061202,335.46909075694543,349.95918001103314,369.30006086806793,381.4586920221627
4422034,142.08701434410295,145.1576785906036,153.2673309076663,163.58183691433214,185.76275105653167,206.59528792046422
4421973,-77.83043776629688,-76.45305665040723,-76.62151292932049,-75.55128166567874,-73.18032521309874,-74.83818234545333
4196542,-12.339071654729196,-17.845366387682816,-21.84883055597288,-24.956822534531966,-29.019733660712745,-30.564347061093258
4196543,135.7968384949113,136.5959595269892,136.99490826400097,137.2313377696587,138.7161459570798,139.26199068536152
ng2690217,14.376368337297663,14.282059817637787,14.181856821418592,14.09774187058133,13.987745725721993,13.934241469754852
ng2689846,-166.2524307103091,-166.13364945712,-165.98749897121536,-165.83667719068,-165.5588740327364,-165.31664201043054
4422009,157.3943933933283,192.80636588242123,200.40832367917733,203.1521851567088,209.95406219471988,217.53342430646535
4538829,-82.21611610484638,-81.9387017080578,-81.74211890976039,-81.5999490913332,-81.33294663887318,-81.06001566790269
ng2690215,-398.0594335133493,-397.93457449885557,-397.81144655682124,-397.6999190306915,-397.51618943117546,-397.37608039643703
4422076,20.87307616558155,28.40714558927789,38.146435743373104,47.52468638382675,62.338920492821444,72.06923594270802
4421960,7.540285161663178,18.133667678243455,23.844922412491997,28.72956156910095,42.94020725563064,58.383235164275675
4422077,169.0201972266791,181.5060918107638,177.9392277326649,172.36005045393495,165.2164533487496,161.22900639854925
4422084,-141.60376856178323,-143.6400750667092,-145.73692369186392,-141.88424348620106,-123.91388426066396,-105.00265311402586
4538830,-79.62940726392117,-79.23746503478196,-78.94187978718492,-78.78097831265313,-78.37971915201342,-78.104294758366
4421961,-59.45788431867027,-45.335814449437066,-36.903083070205184,-29.4271411319055,-22.581673763504114,-20.94429836628251
4422022,224.2276121116097,259.16424281267496,273.27112500999647,277.9135967283471,275.9434558993196,270.74442896635196
4422021,494.86635752712914,523.846526867698,534.7511405188623,538.5747861628686,537.3943746587859,535.680277313437
4422010,134.964074161682,149.9721001883347,159.7306610846358,165.816403641566,168.68898735949915,163.6590511378124
ng2690471,780.2824347994751,779.3957450000156,778.8184108340596,778.4214753633732,777.8970525564573,777.5472154547336
4422117,335.79951997497574,329.44102297671384,329.638903073909,332.52338191946706,337.7370459540323,340.0666021611755
4422116,-34.33172329890908,-17.43675627893026,-16.9995984734594,-19.77262384675737,-26.421304630743407,-33.31391828464871
4538789,452.2603275821434,452.2671928672121,452.50740624571495,452.8415535577624,453.59199042618434,454.2802475000194
4538790,-31.42759980393953,-32.15449491259301,-32.91958730335432,-33.52752851107334,-34.56916820950278,-35.32190206046357
4422053,245.10461379279513,259.98423913771035,265.8938249673936,271.6436518029652,280.28748023794856,285.9430935717601
4421999,357.09048784442075,385.19443046124616,398.4751286357532,406.6614748605591,416.75751243012564,418.95460812114175
4422000,-71.50860818031151,-109.24359942713977,-121.21613222823589,-124.8314934747209,-120.55311889699033,-104.44008813941582
4422054,453.46155354823577,484.8470674948933,501.0354107572639,509.556455162711,516.5863437321932,516.9537242651122
4421988,53.581142553606924,39.650422720833376,28.480508563755393,18.05196184872534,-0.7310767499600388,-19.201491397295058
4421987,-219.40322729366085,-219.2035864732693,-218.97566186346967,-216.68788422875082,-205.75044548769256,-188.89658874546876
ng2690572,269.0307663299491,268.8493896976122,268.72230834483446,268.6052953121066,268.3509513306626,268.0491124698931
4538846,-191.54757139551157,-191.51137626701257,-191.5346742648353,-191.64405735320452,-191.72245014724763,-191.87293628508655
ng2691292,-24.790346947870603,-25.290894412770058,-25.774130708044595,-26.222841958425988,-26.970357692623338,-27.549061967283023
4538771,-81.10516034950297,-82.05069251897794,-83.00985834102403,-83.73822647801126,-84.74069820022373,-85.32937426927538
4538745,350.05305099158454,351.11244193702464,351.9624982021112,352.73634223159297,354.0357763202983,354.94167172526977
4538746,30.965447466777732,32.010750215310736,33.12375502451005,33.932062071209884,35.18584288913689,36.00671244221439
4538772,255.19560702133185,264.7655201728751,268.3648715887425,274.5982761543412,288.03706488278794,297.66183294053053
4538760,-87.81003521298794,-87.24848188123678,-86.90509941052551,-86.52230530202633,-85.78965260882387,-85.22862526956442
4538729,222.16744091382634,222.19237353891435,222.25182837141438,222.32699450941755,222.50287320428583,222.62616813871477
4538749,638.9978017844587,637.3551708403074,636.1884899467477,634.8216266258946,631.008865297169,626.5431012964236
4538728,342.47433574061483,350.907683211228,359.6254518627097,368.6010966179538,386.40307785070263,401.4646896517179
4422067,389.56410893353996,361.44874334366136,344.2884985935393,330.8049484581363,312.31633109281756,301.3011161699176
4422042,242.18190857842933,174.13447474166765,172.02041346904832,182.86753774371277,208.58585213259016,230.45798045444621
4422036,307.72857444947,315.50264024597914,307.02369166952417,296.61850608758095,279.79156133994593,269.32807530596597
4421975,108.18305066973448,89.98997625924153,86.25132287354381,87.19410777493727,93.0118996953554,99.5935460696478
4422097,-56.94262216682091,-62.61703093083952,-77.71419045506764,-86.91308998033605,-94.5355598255594,-96.55132713200032
4422096,163.1462901452819,188.60060526944903,200.39517537372035,207.50047640384514,217.46832046749432,229.28506298978436
4422066,275.7258082427645,305.1401724728621,315.6385577182316,321.10561060193663,329.82596292647963,335.34044578230964
4422035,19.940791851325685,19.74421444228028,17.56326174551259,18.8072336124269,29.559756666837302,47.59404785697711
4421974,-19.00520600680875,-34.50738599107285,-44.560091816443446,-51.68315121668502,-56.602061435167116,-51.16716825953699
ng2690955,-211.57852840586952,-210.6444581436076,-209.85056776333977,-209.22992134868878,-208.42372864763342,-208.00263151429772
ng2690950,199.21505299280727,197.65891477414198,197.00564240944504,196.69212389589575,196.54095485190624,196.6989652413065
4523705,-175.73482414403406,-175.24926727950424,-175.30598723389062,-175.84354170418032,-178.004005308999,-181.34347171077548
4523658,-201.27239340902884,-199.36918508924782,-197.68549658498046,-196.37323684093667,-194.6841100744432,-193.82688957740675
4523704,-363.6633959048431,-365.070943355244,-365.22553670217235,-364.6747900971559,-362.7758006299248,-360.69748837878115
ng2690964,263.4635130683446,263.60333589803736,263.6140445052006,263.6279385826906,263.7725793553375,264.10317098395694
4538817,319.4176331354272,328.1680249707024,336.20027486463687,342.6975485931689,352.4658661771341,358.25263823694627
4538818,125.5933993873955,124.4126296146012,123.29060773312176,122.23343647743559,120.42355527792847,119.04383210718242
4538832,4.895976559736255,4.122711697482828,3.4960749188651334,2.9928915025329843,2.2126327616470007,1.6478559006782234
4523714,-342.2065877285554,-341.1171970064802,-340.45358159914235,-339.76168629664744,-337.8174858194013,-335.04728958597775
4523659,-423.2412464613533,-415.47445838026374,-408.7224159446582,-403.1361451959024,-394.63831899820093,-388.586560548689
4538733,430.90844777334814,431.74588465830084,432.926070902427,435.5562858578778,437.4044686393677,438.8893791571429
4538734,-29.731278566047422,-31.050280466154618,-36.19351135010584,-37.63698229665033,-39.5592265952007,-40.757624016547425
4538796,-45.079580030733496,-45.31643271105463,-45.44222873808485,-45.49040884252918,-45.41523119032854,-45.18131609198508
4538831,474.00008729398724,474.19217123740805,474.3910987270244,474.6320564249877,474.83163004851895,474.9228558127195
4523660,-4.773978863705224,-3.473748608625101,-2.115907967901194,-0.7918711617733152,1.562876658959567,3.5780812227967544
4523713,-89.43256672713142,-89.7985982967773,-89.96199280265864,-89.98376317682528,-89.80309427568909,-89.48296242294441
4538859,538.4776036343292,539.2541699360943,540.224558657141,540.8396382074166,541.823041351842,542.4633955857018
4538843,570.4887811139542,571.6737690963107,572.5564895987629,573.5671584879633,575.5923910449578,578.1625964854086
4538797,527.7593267816758,528.0001366182448,528.1885996140115,528.3459027613849,528.5406119228758,528.6533828213255
4538816,27.843242483567792,27.131294212383864,26.262224294091084,25.851951139542052,24.892584458974852,24.22719010592482
4538858,-109.8080863818725,-110.06805997922834,-110.21636511594374,-110.47532401835747,-111.12347774705654,-111.7414096586358
ng2690953,-361.7328945543733,-361.61043405508667,-361.4896727530779,-361.3802900774558,-361.20009633941936,-361.06268574297803
ng2690259,408.86464721707694,406.79496560331563,401.7544226341263,398.3547859277355,397.6944615165726,403.9774443669637
ng2690965,-203.34350833958774,-264.8328579381546,-282.69664029012756,-287.614290906831,-284.59438313247415,-274.6756306912457
4523715,-156.2559553400622,-155.91063760751513,-155.57060815310228,-155.2618032911837,-154.75807189811917,-154.40300634173082
4523703,-177.10809142146513,-166.7816371132344,-159.33018446291908,-154.3604048846678,-149.5180642256139,-148.6351325399903
4538847,584.4472100209673,587.0238905829931,589.2929394262883,591.3125137661266,594.7610527077729,597.7026895338984
4422023,-303.57575072291434,-318.45340480307345,-335.7353648945343,-350.5064695018141,-378.0667632315201,-409.7259163976921
4422024,-107.67699196901822,-186.24240523493768,-221.29593889817284,-243.35077654765087,-275.54521846849775,-304.0592615858477
4421963,168.5127941947501,180.90690236006685,191.39963667835855,200.1102898772167,221.69551360424452,249.15284158249165
4422011,361.19991685140417,386.4349163680415,394.5882714686677,396.2775229004437,393.19125469582445,383.15366874537995
4422012,365.3077693181217,386.28652068499196,410.6740342848482,429.02549632178875,452.99161169018976,469.8154531412695
4421962,-37.46929729470003,-16.18191127404839,-9.15086551568379,-7.803697342753139,-9.825249397091739,-15.175037976235672
4422085,271.9004644984982,252.96418375045278,252.20468524027547,253.29670924476432,253.0403395248204,250.69534301709427
4422078,-170.10589925068552,-178.38199817398186,-181.0204242424984,-182.35388607953314,-184.5152044207814,-184.12568664286528
4422079,156.15548484577766,163.55840625384235,179.07027157440825,191.62102471529306,204.15497164636258,203.8326695850683
4196567,-49.4677885658441,-45.539822290053735,-44.592543830980276,-43.78695993185238,-42.556410312952266,-41.7012293485659
4196547,187.67845290250375,188.57164767555832,188.71095928040359,188.67727279702444,188.41083061252743,187.84805224441743
4196568,383.9422969360421,384.44386573825363,383.9951374606385,382.7567872686395,378.36907650435796,374.9343884583893
4196569,25.885576129186575,26.16620908756113,25.950099672570786,25.684435284186065,25.088923507390746,22.7057447453476
4196566,146.59820971538716,147.26359620492303,148.0024128508535,148.83925256453222,150.92266594368152,153.77843644839572
ng2697845,296.51288521555466,296.3874024122865,296.1675115426449,295.9313889522127,295.4875208848598,295.07647446543206
ng2698832,14.31584084454721,4.594249336497796,1.0865708195583466,-5.147830625772713,-18.653345003068353,-28.291382817904605
ng2698791,155.79711495312813,156.51641264723753,157.01680849072022,157.34205195382424,157.61711074562504,157.56878537960665
ng2700384,127.3851250374687,128.07037123024588,128.5471134504062,128.85699817206137,129.11907757451013,129.0730319390541
ng2699629,207.01721423728532,206.82385475950468,206.6191432754481,206.4363887406662,206.15423578858645,205.9908213123765
ng2700584,163.74761378561107,164.5345078278758,165.09003992757675,165.48588994015995,166.23489544797303,166.62194154866415
ng2699693,381.8868673062482,381.4372364665337,381.0196769388226,380.7231344426564,380.41895351214407,380.3648668074659
ng2699696,217.3691940533463,216.15860176489468,215.5500436640109,215.52005912857499,216.81236651315407,219.50017779873747
ng2709744,177.9748732324906,177.2415677254778,176.69402455212048,176.40835437762848,175.99595128766873,175.95623903980504
ng2712509,125.15976994793414,123.81018272229676,122.70251183472578,121.85289080190478,120.52860515641078,119.6246462277868
ng2712524,16.437504877626907,15.839753123721266,15.297326874266673,14.753029112321201,13.873345334237683,13.042024640321415
ng2718054,68.00682684232561,72.74189480849304,76.02271864023191,78.86379550173433,83.70136636928669,85.82648299660764
ng2721051,175.57013726554374,189.63373062176174,205.38745040977483,219.94871513162025,244.46812465923654,262.18873791273654
ng2723530,154.0560291570414,152.32415675992638,150.85206202938912,149.74174717931396,148.39714841229647,147.8234976331321
ng2728741,286.38269428270314,286.0372175211676,285.73729357534535,285.4849900081506,285.08822714754024,284.79679733974876
ng2730317,134.2925192881496,134.51384418565067,134.76368268555052,135.09802344187165,135.75214896285115,136.55907157582533
ng2728740,292.8348879118721,292.50018022899917,292.20961716822717,291.96519668348424,291.58084611843014,291.2985455810824
ng2734361,106.55110726690486,95.11139881980034,81.66668558266997,67.98397203907393,40.79266634517353,14.380848007011082
ng2745554,71.87657527547117,72.4138185674044,72.77850678016534,73.0980044181133,73.60101966426146,73.77184701491115
ng2745851,67.7970603459471,68.30467351638549,68.64925910759735,68.95115231086447,69.42646484843135,69.58788797585339
ng2749990,177.14507370844603,175.08525139830272,173.890311314168,172.51362268148205,170.05074917332468,168.49649935278603
ng2749917,291.0333293145188,291.43502593973744,291.8747513333135,292.32153412389766,293.2336149534133,294.14209208540956
ng2751470,21.03418658574833,21.419032370487685,21.646378280944646,21.79466937881284,21.9669222226114,22.042296072631416
ng2750635,180.42574114013746,179.93859398732138,179.54527717855558,179.18879839685223,178.55936277312003,178.00818751820407
ng2751990,536.675876324561,536.581478596279,536.3723378749731,536.1743995206187,535.8904850252919,535.748465299095
ng2751991,331.82210912244295,331.199167383239,330.5884596481146,330.0417874600886,329.17725245879353,328.557335102402
4341220,275.2500435735328,275.208464844696,275.20236122822007,275.24065721871125,275.2646992415755,275.2445536608277
4341189,-415.74118174035607,-424.8159757005383,-433.0934247447635,-439.77807729105234,-449.79277594815403,-455.67644865687384
4341223,55.10856847635182,54.115505569071956,53.06998953825155,52.15698392099057,50.54000850238367,49.192722444394576
4341328,-206.187421453483,-215.3735273092757,-224.67302232901375,-234.13230296148913,-252.6546107899087,-268.140245276551
ng2753376,99.1190202495568,87.66156591360573,74.26426703561197,60.69417444659416,33.92189529926054,8.106645250674774
ng2751993,689.3995859202428,686.9655805788593,681.5328438910033,677.8246057832046,676.7212343655578,682.484910426017
4523707,437.8951131518768,427.8315672197773,420.4436977143623,415.36548930067465,409.9964332839436,408.3459951032007
4523706,472.6992803480657,474.58819954283194,475.25230578699325,475.16061691061964,473.93368316106375,472.2577421193878
4523716,370.152444469855,368.3394526600159,367.0845894640538,365.88520601304185,363.18374816232904,359.9270412836779
ng2753054,-25.79130440862923,0.2874934274238967,8.507503321952981,9.512873366908252,2.0370249825930387,-12.30732975413025
ng2752025,63.03558299302972,63.038318989724075,63.04165702959426,63.045033981988354,63.051053829335615,63.055942028687696
4341359,94.67351115097767,95.35855364918916,96.26311287548674,96.72062269171556,97.4921065298281,98.0377641679097
4341191,526.5602301533537,528.2778272790514,534.3292629412684,536.285029609302,538.8720909770137,540.5889870526247
4523657,296.53370723357057,290.0097687641446,284.4991683870676,280.065696514798,273.5599832475841,269.1402193598492
4341134,14.830818720722846,15.341102870461327,15.79663831757648,16.146745945346083,16.635057115196105,16.88710771449064
4341089,41.56061510251243,41.33155200507508,41.09371836449668,40.80829481879641,40.37142805950157,39.93012447333649
4341329,28.87278882356827,27.090947648307292,25.50278774847061,24.16559390502789,22.04431979678975,20.62952626033575
4523655,464.50557806011466,462.81921202272906,461.2569046250742,459.959681368955,458.08471511681137,456.86220902024706
ng2753859,792.3405355898778,791.4179200209921,790.6095426583506,789.9611658598656,789.0840546813467,788.5863741176377
4523717,428.96774731959954,429.0259165871844,429.00706494597966,428.9847448578107,428.97368818973337,429.03302498476023
4523708,308.9514097419685,309.64402467921127,310.08819743521644,310.3469255549635,310.50736637805653,310.39853361567134
4523728,183.05739781862462,182.75755037745898,182.9251864604612,183.54069006773852,185.80998856211386,189.2114326092942
4523656,262.2263802810289,260.68485615345867,259.23454881439693,257.9495062347946,255.96330862036575,254.59092909992228
4341190,-83.72146333615206,-84.64584845209015,-84.74623344071892,-85.29507086852709,-86.48243546543927,-87.23646998662889
4341296,644.3032448853667,643.1542479885161,642.7077728151648,642.5108850633227,642.2256667847984,641.9349620564309
4341295,58.87876527562389,59.22808196476967,59.57592311000758,59.991106700593264,60.814462379341876,61.48639617747017
4679443,-49.8571933012704,-51.37058179689734,-46.96275173455001,-39.52267386850849,-16.14153039246753,13.382358805713011
4679445,-30.635130613803312,-38.00009708624407,-37.65320609734226,-36.95756040565152,-32.08491748399001,-20.61514571004136
4679447,63.78077080567323,26.04104175256839,11.619234697310276,4.625478988835312,-1.2941860617545444,-0.647812379912466
4679441,-82.03073922023259,-91.04701275104367,-90.16489902957801,-91.50307203349462,-101.3910508159247,-117.70308609649965
4341224,-76.34804688792929,-76.1469712098567,-75.79459765117804,-75.65433077734087,-75.7194181941179,-76.87790323749118
4196573,141.67155050105043,138.2149381091906,137.49199364149126,136.8099285756025,135.83834516186425,135.39938444918562
4196572,117.5703134628186,113.36880342658355,110.53393009623824,108.57716441436378,106.95091620027506,108.27768291011557
4196571,138.69670266291814,139.43452405706535,139.66157112032465,139.81069306710765,140.91937094123773,140.85458240294838
ng2752043,255.1229589173821,254.96306496038426,254.862363138771,254.78179469496342,254.619933881899,254.42667494207853
ng2753388,322.502239242536,321.7795124145882,321.39808662315,321.19745363452944,321.02239973680435,320.9630896746437
4341330,466.208526309905,466.9052600225393,467.6979012642473,468.35912569491666,469.51031097008126,470.36871548210956
4341358,-265.01341669145813,-264.84115145519127,-264.4727089632488,-264.4697211027876,-264.87606211728075,-265.28277196008275
4341135,410.77146387917105,411.5167590349449,412.4934576539006,413.1224748571376,414.19136437197926,414.97090237232624
4341133,-105.07093185894928,-106.06154288000471,-106.85836298763707,-107.58643179265641,-108.80735636882514,-109.66186193316412
4341154,527.3531676875796,527.5899846333978,527.8306490198156,528.118642090612,528.3548110378431,528.4429340575823
4341088,654.151399881839,654.6845269825519,655.2156575105297,655.769367307777,656.5932199817291,657.2741262756732
4689297,529.2807017938504,494.351135156984,491.30143360803004,489.73499035454404,480.1761524810139,461.62581753642564
4341222,398.7708090747724,408.16674296679776,411.69256017449743,417.83231432217985,431.0978008766592,440.62093829755645
4341284,-263.8223766005831,-263.64175977692616,-263.49302302346155,-263.36493602773635,-263.1411255587361,-262.95716802614834
4689261,-187.55851190113071,-160.06616091949923,-153.18790062812332,-153.72547848889212,-161.42825885816114,-171.0076448331688
4689384,398.9507619776334,434.51805559847094,451.8684753086891,459.5373686034602,463.4765292302088,458.14902711256036
4689262,450.6385918767746,447.9738425443106,452.8914339909136,462.8343174623701,485.5067242376008,505.89784801031965
4689383,-106.78579949627533,-79.02455269374809,-60.583267427196915,-44.15593497881491,-12.308576906803182,16.885840066488072
4689298,207.46308434225443,190.5899205882447,185.81339679636744,184.79207670965707,191.0005152714475,200.7963995562818
ng2753371,-165.4079220989629,-159.44107960114025,-158.40006939126806,-159.53906407579393,-158.41108755391656,-148.46890380532386
4196574,275.64516184211016,274.96667262717483,274.16395972552186,273.35807440659437,272.26328409498865,270.53818530297826
4341090,-325.085691136444,-326.36997741144864,-328.4003269190739,-331.5167740557133,-334.0518157806998,-336.0637157795218
4341372,681.5757402479518,682.1610067778515,682.6695868190802,683.1006500709484,683.6914762742285,684.0156351413522
4341221,-397.2248413244754,-394.6058074164291,-393.02605433363806,-391.0016862041273,-385.82478939632165,-380.3892602942419
4196570,-24.05102537716425,-29.988049036281154,-33.752895768775716,-35.94299372737987,-37.0902252552894,-35.450634901119656
ng2753426,-41.932824941439776,-41.95986197090451,-41.984520324627965,-42.00556569485093,-42.03308478096051,-42.02524376753581
4689419,-491.3834890417611,-506.67152514597774,-496.06003076801903,-481.16176415504583,-450.20611977456156,-423.1715854402096
4341242,-207.6988529963544,-207.9561900593501,-208.0909362845564,-208.16950166448487,-208.17146861227388,-208.04723495463668
4341164,71.97229475273139,72.03681773379617,70.93810548323063,70.76427322349946,70.8815555940323,70.97478117490459
4689454,-332.82413687278154,-346.7128692809872,-358.49403557447636,-368.3223850953607,-379.93288891620386,-382.1724439878956
4689363,542.4800704849456,576.3449311461995,586.0631693352223,589.1290874483948,582.4103479169421,564.1852754723334
ng2753456,-228.74536245025797,-253.10449231724738,-282.1237153831196,-302.8910359319282,-327.3078630357702,-339.0744049827381
ng2753457,-1.4641413610131622,-16.496123838771837,-33.09201909848639,-46.85424117754883,-68.3156553775782,-85.58614010477004
4341163,-306.7628645178413,-308.4504350287191,-310.53729071531484,-311.99138468027877,-314.0515486772565,-316.0063036882723
4689364,517.4627548683695,516.4390059472194,524.0336876817908,533.2780703459157,549.9315227888194,559.1664842589721
4689455,269.7026589463387,291.8254681001447,295.31312234052666,295.0747965824314,291.1121497043307,280.67443393418944
4689420,389.4332110788114,396.7979437873196,412.2683786819207,425.4808591578935,444.1075321812002,459.9083130579056
4341283,28.691007704582717,29.902527760294788,30.955146401215643,31.828434662324298,33.3064527248373,34.429034140322756
4341174,215.0927200601351,215.34023682525685,215.55363631295677,215.7614103992953,216.1239960473389,216.4165506094505
4679448,119.9873287922444,156.01869150979678,168.1349244204448,172.91139112079418,175.04609824157183,173.50454931685726
4679442,240.61277636420505,250.29668386449544,251.19585371386802,253.61656929716628,257.160367217409,261.5387960746882
4679444,186.65548891182857,196.07976494798982,201.1950403098565,205.44771416181288,215.24598218669962,233.3449959182376
4679446,158.75877730684874,174.38960890112162,183.14720969349946,191.76480246357528,208.02418595167046,224.91616901157386
4341327,35.56572337912735,36.97068189614561,38.07372689201384,39.04402371675246,40.50751988718548,41.457305351120795
4341336,340.01174208005705,340.6187892922326,341.236414101405,341.8198344648242,342.8511791600929,343.62193561672643
4341226,-328.7616768632515,-329.4983443727449,-330.1772753986895,-330.9428692917618,-332.62138701647063,-334.99657804582944
4341091,-101.35451873287548,-101.58654457159741,-101.82386706768261,-102.05279011572657,-102.40802130637394,-102.66902446787276
4689263,-152.1122705653995,-130.1651500960927,-123.9807366752841,-122.47379690638718,-118.63515860309599,-107.35319650477118
4341225,-58.655396348104205,-66.46699435848245,-68.75631578701518,-73.65967544017872,-84.74708829598012,-92.69698410680735
4341282,307.4814922462574,306.35749915998144,305.32592945704687,304.3902639924206,302.76543157997094,301.61026034026986
4689401,670.4829334278854,709.042786175854,732.7484198511872,746.3495791729777,755.4382128607351,752.7410675042127
4689300,-664.4282393523747,-597.1836464853758,-575.3284769440388,-560.5690858091475,-536.4918553868802,-515.1256638311859
4689264,484.7926274758736,461.9563229712667,449.88165160554945,441.3895985355796,422.99569447652243,399.73247986750516
4689299,287.60692649662474,283.51428588266276,281.39789028659993,281.5284076402272,285.2201785900902,291.7746295619486
4689400,543.598233375583,508.34021095751746,491.12161996245413,478.4827346220668,455.19308693436005,437.33414380901263
4341326,389.9005954087693,398.45168463247614,407.1775490985931,416.0753240688796,433.58667453756743,448.25787230952733
4341093,398.19439577892,398.3406542176325,398.5170343054983,398.72754331412705,398.9306341440001,399.04932715909854
4523729,411.23195081361723,412.7772492118827,412.7383292599443,411.6316188869082,407.7080699377425,402.5482720352504
4523730,-222.46501650023856,-212.8052963657974,-205.7452688743267,-200.95600388869207,-196.1061315723705,-194.95220477769112
4523719,218.6232842917102,216.9645950847348,215.93644900222762,215.05799452506994,213.1183056053137,210.66678395552526
ng2753507,-27.740686656924026,-27.76494733610366,-27.773018419272148,-27.775429927937125,-27.77094101839657,-27.760626487478703
4523653,-232.97483640013047,-231.1231689250335,-229.19476120221566,-227.3312631601093,-224.00811304844774,-221.17215762437286
4523731,-41.4541611747743,-41.12206331636867,-40.74015349614774,-40.326567021554865,-39.492793920848726,-38.66319346295609
4341130,97.96268567361676,98.26391048637743,98.55564776607116,98.80743267707498,99.26302552585526,99.64796873508999
4341357,36.118752194421404,35.850521630947924,35.58265571808079,35.432077467369936,35.46130905987138,35.65675746546572
4341131,285.46170592195995,285.7367869758539,285.9130850358931,286.13934803067264,286.61018007667235,287.0095079465
4341132,-15.963221785994392,-16.252525152018734,-16.784161391927455,-17.04452727929379,-17.46487609787914,-17.712837164316852
4341176,165.11657949468076,165.6068951331306,161.03659485519483,160.6173262254731,160.75266278553227,160.82962034512116
4523654,211.80302064687226,206.26534142222727,201.55289278357168,197.66268000106538,191.6535846073316,187.2650569550915
ng2754371,351.6466598298516,348.30501606502844,342.2556682838633,338.0476773091127,336.2703050980558,341.8907773348383
4689457,49.87682669920014,102.27317302149595,114.83746667752325,116.12521986014167,114.90808437683313,119.92597179056497
ng2753517,64.53889417393589,74.55518141491348,66.4210218941405,54.181680324388026,26.38739316297915,-4.138091229201336
ng2753518,228.34089808770432,239.8645528972097,250.39862606006886,259.36377069672494,270.4208220728401,273.4271899252726
4523721,-65.78534177066399,-65.52719054746785,-65.36647390814642,-65.33274824182331,-65.48182039482731,-65.78800033045741
4523652,-102.91428033548664,-102.17588371694069,-101.60776618446857,-101.21476030098506,-100.85528731555178,-100.90544732158423
4523720,-215.69526677552813,-216.71797991164658,-217.43813671939392,-217.95468042749076,-218.5824444593561,-218.89130984467624
4341175,296.43436640419645,304.0937247277484,311.0380401930345,316.7074743389876,325.1633225391513,330.0770707693014
4341092,408.90400376276693,410.1307267608279,412.0898537390956,415.0948706917684,417.545439462727,419.48021323758076
4341355,521.6690455837488,522.230131712066,523.1903186439838,523.8450050106853,524.7005884126637,525.3211039884528
4341160,363.5990856497576,365.0151700908564,365.6264564435817,366.543800405791,368.4170559697559,369.72422831609356
4341281,437.79373054564337,437.2325409935106,437.2631535169031,437.4957801398631,438.00913113353556,438.45973209186684
4689456,-122.39655996380816,-160.31118354154955,-172.3230121782476,-172.6292657346105,-161.64323769657813,-150.14276127148014
4689421,-309.90929920042004,-329.84004949832206,-324.2377296019081,-315.2656030725436,-302.24978582150266,-300.88890170382024
4689365,-585.5286810425839,-628.0765101986531,-648.3867342217914,-663.5917622834515,-684.1421001715319,-693.1999018050219
4689422,-47.38099391950982,-62.20498550393245,-78.80200437238727,-88.19445732966778,-91.98586150711503,-85.76170739732788
4689366,311.0618745846689,314.32919419061636,321.26203311912377,326.45637920213335,332.3323314079771,340.52024408292823
ng2756181,445.4046617310157,451.65428431296937,468.1761950868349,480.4321938882515,492.03926166265273,491.02839147142504
4196577,-186.49971745749508,-182.0667288017071,-178.296736901141,-175.1821532432091,-170.92235252892624,-169.11956391134822
4341161,475.48550955057294,477.86656076236454,479.98254832343673,481.7502701057856,484.57089590360624,486.9867193342784
4341162,-108.2620350509028,-107.92548299449322,-106.72026242606944,-106.32612346425822,-105.66442217834583,-105.09613117469257
4341227,366.4054285562927,367.38740240507354,368.4916419486826,369.43800955789993,371.04526043809074,372.36610535846216
4341356,310.1575373015005,309.67674007736264,309.3099475406209,309.30091700088974,309.2585247170409,309.2692215758923
4341243,485.948562271765,484.46413179774936,483.3374660453769,481.9971008880475,478.3207115068567,474.0503711474621
ng2753524,485.9007090293625,486.962906563097,487.4283517431303,488.1220035405179,489.4916871565922,490.39594772360306
4196578,138.53406280963327,143.3133984744211,146.0485472828534,147.25555038447987,146.36912644820745,142.3094830871296
4196575,210.02216480818902,213.2037029425262,213.39485740762575,213.45781715421595,213.68155040963939,214.02936730746183
4196576,31.86958416187622,31.111555564695664,31.084769242864922,31.24144923363383,30.782556523918856,32.56651454541793
ng2754268,199.53063016547094,199.5561332855823,199.57939270592465,199.5992441357273,199.62520204252314,199.61780585290035
4196579,-108.55025807685092,-108.03854863554716,-107.62446258744217,-107.23206765838995,-106.94484456049031,-107.39848259596215
ng2766586,30.6834388945731,30.682384244867535,30.680875603985896,30.679620544644308,30.6782778702692,30.67843173668848
ng2766961,28.92173584726993,28.920741437045308,28.91931896676806,28.918135594001456,28.916869610653862,28.917014688511017
ng2773897,65.0445206441068,65.05756090535965,65.06398650424194,65.06693716108452,65.06472027361337,65.05234481716502
ng2774924,61.34339631340208,61.35571162878955,61.36178001373696,61.364566637546204,61.36247299132424,61.350785516826136
ng2778480,248.66340097330885,247.08282490945248,246.1104781803731,245.04173949159667,243.2175128471465,242.09363150874356
ng2776984,95.345481335243,98.41068217058455,99.12131585540442,99.22128093597007,99.15984061605786,99.29910639514924
ng2779714,-482.86213806837554,-485.65595620653164,-486.2127613692146,-486.19089586616474,-485.93195062428094,-485.9450668752356
ng2778818,100.93354758060877,98.1398188454616,97.49105173019348,97.3988473048662,97.45297160828909,97.32492377691597
ng2779348,279.08861098935085,278.76407547208123,278.4823538909452,278.24537868817356,277.87275035224457,277.59907097217615
ng2780723,256.23100015576824,256.6526757147035,256.9604387367924,257.2407655677732,257.6724321909619,257.9516501482774
ng2779397,32.566188830018746,39.811151699198035,42.12127995490141,46.79691903559251,57.24819565238863,64.7882517378016
ng2779567,-110.46284715643651,-112.42731532231733,-118.44994790572287,-120.56645734046697,-123.40684572206919,-125.251959314337
ng2779682,645.363946500968,645.4665100908627,645.398216871519,645.287532744706,645.0814164009597,644.9724672009459
ng2779661,6.914040013369231,6.70139990367511,7.026526458991839,7.796406237718884,10.307120686431062,13.845033164950337
ng2781122,199.39202624594304,207.4955141484818,210.6249895084477,215.94300067643007,227.34911495579058,235.45475729524878
ng2781123,97.07623666907398,95.49103428312674,94.26785914356446,93.13133801600975,91.22756568483055,89.97620619970871
ng2780583,663.6006881800884,662.9357436899553,662.456098990258,662.0368702810902,661.3853833308128,661.1376765971446
ng2780589,-6.140793471390452,-7.572254359414956,-9.161508006177655,-10.680914750243574,-13.195798450974735,-14.876388182691471
ng2780593,-135.15112016794842,-135.1595842071681,-135.167401815826,-135.17603546413898,-135.19561879584785,-135.2177092656068
ng2781597,166.25570328871504,174.69666248834255,183.26332241701857,191.92929849314555,209.08895111336597,223.41530823086077
ng2781714,-134.6954146805183,-136.481028609943,-141.95930246435069,-143.8859616898958,-146.4727804481936,-148.15392939478124
ng2781952,284.1409475264809,283.87676959483633,283.9074763593758,284.0530114058663,284.3834774932807,284.6446574828028
ng2782537,329.7451115298567,329.6603295320789,329.56585464699003,329.4852773042211,329.37871921875455,329.3259571670859
4454401,517.8427879248151,517.8414966551389,517.8441995371717,517.8464555940799,517.8472859249514,517.8451370644934
4679451,105.46824073842299,129.06994939326455,134.88037067594496,137.70830000773367,143.97624969020603,151.4924285447164
4416457,232.59113535433698,232.58191394330095,232.5822477570457,232.58481200374092,232.59214100048746,232.60417613484265
4416467,-135.67811778099906,-135.684982192524,-135.69582440742863,-135.70268538730397,-135.71481048235455,-135.72497299164752
4416447,417.2596920537377,416.5385443272446,416.1785876312849,415.95600323840904,415.6656470258804,415.4750045620185
4454404,670.9756221724385,671.0549054903382,670.9846750185615,670.8771382182744,670.6775746483403,670.5695674905106
4416437,351.3054180338594,350.58496736971256,350.089176419297,349.6647440746575,349.0088537976684,348.7526372324277
ng2782554,157.18319694684442,157.17984402241802,157.17742789867532,157.1748263470745,157.16881619363426,157.161861301896
4523732,-42.88601726136608,-53.2132526000637,-59.95519455582871,-63.91992170443564,-66.6803567773245,-65.80153380805473
ng2781983,259.7990575368983,259.5981925490746,259.45646000882937,259.33765086923233,259.11042198306995,258.8653531563896
ng2781985,-435.62420269126847,-434.12129547036477,-433.4733216447528,-433.23767864487377,-433.4570868840766,-434.30099586639517
ng2781984,244.58248148432483,243.24316183335145,242.76431398937757,242.59322523381888,242.6511597238292,242.94176213264825
4523734,48.82902616894671,49.17714856867883,49.446150657897306,49.677708515073164,50.09584096656704,50.50614170259678
4523650,-19.791298152370473,-19.13299835470434,-18.6222921285339,-18.31550227954017,-18.174098644703236,-18.392815367979892
ng2781988,422.47740132440344,414.4413141130444,417.18343552746,423.36211520623965,434.6829342699898,443.04666146925524
4523733,-42.52463137173436,-42.81113082701904,-43.45146782846632,-44.39352434250168,-46.91176807240413,-50.16699991828591
ng2781992,452.75455816053295,452.8264424540241,453.16327538442783,453.5615510844657,454.3902378943085,455.1204492366294
4523723,-9.737539263523331,-9.530917248173182,-9.298302261955314,-8.997791257604149,-8.34498796973753,-7.726776718634028
ng2781989,158.52331562652284,144.06022439886624,144.02305900037936,148.4386413642144,162.76292844874342,182.03621408711751
ng2781990,47.63611801899651,46.62605429527139,45.94474505949643,45.15849313066292,43.29705618020398,40.897947893665105
4523722,-29.101824097257804,-27.160841695926592,-25.888708408665252,-24.786211237739053,-22.468582386300795,-19.720199330270134
4523724,13.192951206632415,14.104193459816997,14.804935568009796,15.320632898153008,15.942439124964949,16.19869562661256
4523649,121.79291411090549,121.35131025692363,120.76646730398716,120.10797298488478,118.68607511873006,117.21159157042416
4523651,-165.17940014854912,-159.9750997423405,-155.7579655984946,-152.5270399037513,-148.0830089653789,-145.3667483701297
4679452,157.16993332812967,143.0727735419564,122.27170353266092,101.55470999809904,62.19490048763555,26.279242195095776
4196553,3.4776185002333477,6.285305677306951,8.660690190668902,10.490719693868414,12.401154255963775,12.036586445331977
4196564,-11.182496773737967,-10.184149042939453,-7.395254091961533,-5.109588534657405,-2.1585295832360316,-1.1557593216093665
4196563,-274.9802471591372,-275.6733476900922,-275.19682910208326,-274.0179996369636,-271.1141820091498,-268.5167242804739
ng2782648,121.80204462638744,121.20648035376348,120.83916554801613,120.47094077627048,119.92393957339505,119.62025674614733
ng2782470,230.49034078884915,226.26463625961333,226.81468470766413,229.65059653871458,235.2548971860499,238.61462775522318
ng2782651,-36.72618729260603,-36.69795530734973,-37.67590437972876,-37.94751804814541,-38.23518921115101,-38.56809144126396
ng2784029,119.20777678504146,118.91649039765844,118.74846199481749,118.69464784496313,118.62508064623307,118.69641601545709
ng2784030,214.36354424945876,214.2204683960099,214.18261450000682,214.33070723113542,214.65368850063624,215.11314050666624
ng2782638,150.69233168563528,176.02860212834798,178.45165823318553,173.46635610198882,159.34521639528316,143.85820249986205
ng2782480,-147.5195709407035,-143.7433352218252,-148.86231785874202,-151.28371408150997,-148.3702684717614,-137.73149371851468
ng2782637,292.82467325728135,288.45775646308584,281.6856751858909,276.6898992574961,273.2571788353823,277.37922374041614
ng2782393,99.50047583652122,45.11486776940751,17.661752346376716,3.0295802707325947,-7.618405677109649,-5.446860021964085
ng2782652,217.68178128287695,218.47278627465948,219.37391320636516,219.93809626921757,220.94245597086092,221.7262696340597
ng2782395,-40.641276230295944,-29.183480082570895,-21.518199383346882,-16.706920540010515,-11.940799672261846,-9.256678168022745
ng2782481,191.2456762049526,188.5123398512958,186.78086772874053,183.66797369138158,174.0695643238373,159.3997872928453
ng2782394,463.8801007637362,418.71056242789996,398.950800363152,387.79587277071414,367.46652751491183,345.3169556012954
4689367,286.5280671997964,305.0803205361974,325.91726789708173,347.27978019225793,386.44703786857735,416.6584976374272
4689479,-75.58807802594993,-95.89656416474963,-99.81294375864786,-100.20797585268451,-96.6589692867874,-88.46098436541934
4689368,-678.2152584269681,-726.9364986258618,-750.4842950994328,-766.2956724720793,-784.1319489716711,-790.9028126750907
4689438,-182.24503078217435,-198.9948811245249,-216.15018329161217,-230.31999967699858,-253.82756222306512,-273.1770444149622
4689480,-30.46060448081539,-6.829152966414313,-3.9345172441758223,-8.257910015603102,-20.691452187291134,-29.65654412796698
4689439,786.3074887506389,807.0181155507271,806.6281365802238,799.4063307584464,781.5742183771524,768.6120748882233
4416446,-25.92018775399879,-26.237526940029284,-26.515829503904115,-26.787201223482498,-27.294420358617344,-27.710067945640958
ng2782650,238.2777264081633,237.40445737208324,237.07647888573274,236.47860393277188,235.10068585835393,233.9835518794057
ng2782649,295.837812487302,285.7024978566028,275.8391722577462,265.65898813000626,244.6546574527406,225.83266795001964
ng2782647,260.2690868301388,268.6929946074308,276.4720841115543,282.6897994291219,291.8806563803628,297.2221738229814
4196580,276.1485497959536,275.246791061134,274.41713073627443,273.64988745462847,271.82087914693625,271.37648507868744
4196565,136.16986256094765,136.2789182394149,136.61491937651158,137.0296408823258,137.73549851214193,139.44477153353796
4416481,378.27455035425214,378.235783372543,378.1991025350801,378.16498013065393,378.10918936389794,378.0742012601909
4416436,312.0608898300452,309.9051891285085,309.6453903065592,310.0017322247113,310.9140744372778,311.44542084714044
4416458,411.8585238862619,411.3235097496258,410.6953470893436,410.04996170456286,408.7658892888751,407.5359151966826
4416468,129.3354714749064,129.32463364256637,129.25980277288068,129.24978928797077,129.2408412360694,129.2424790301534
4416475,424.0876406395487,423.99042484572146,424.0106377702566,423.9854133635547,423.7591222322153,423.41694294840477
4689301,732.8227669062228,698.3856225310592,699.2406410386582,704.7887245748917,719.3318113141252,740.3260355959947
ng2782674,-2.2452885998418424,10.21966026709606,18.741276320938823,26.210558102013465,40.30863047155367,53.653504711994856
ng2782694,340.3139280890978,340.929680617076,341.6335862117578,342.07430645838235,342.60424204664423,342.885403303311
4689265,38.38105275435214,51.62717692268939,59.340386831916476,64.95117465777912,70.71604242653916,69.89787318809431
4689402,-707.4731048650017,-719.3075858432633,-727.8427649895809,-731.3767776933491,-734.4880008282221,-744.1288092420223
ng2782482,339.65951999731624,325.0905249613859,315.56589559979625,307.5041098330762,291.39649262674106,274.53104882925004
4689302,282.3126959613851,319.15901120409694,333.8516823978118,340.8520552924333,335.64015234225576,314.85107365885665
4689266,-251.8215599918783,-289.2118513525629,-305.01208078440413,-312.7101809120811,-323.538426777832,-331.85882046789357
4689403,-97.62327144573146,-117.17660805475157,-137.8075808583999,-155.91163939120293,-189.6078977911045,-220.2023073829946
ng2782396,162.25213157081475,180.85700519233865,188.528976743851,195.2721094535657,206.9247221929711,216.41540849858325
4454402,-877.3197196598574,-877.2126800544709,-877.1131229141535,-877.0425567771687,-876.9706179966213,-876.9891857536962
4416445,-581.7366080000786,-580.5405743676242,-579.8881924890509,-579.3579463505336,-578.3490579399227,-577.3685591294628
4454405,-779.3397566540602,-777.8732235330413,-776.3944330721883,-774.9382899351959,-772.3355570906459,-770.374275406131
ng2782692,59.4188593394631,76.5195133917473,81.47983818733428,80.82788713625064,76.69460976647088,68.52573186784684
ng2782693,49.83626749870314,43.664158734300145,41.80076993230432,41.70920770842122,43.98912385836775,46.435735858992075
ng2782397,89.49559193373466,83.48617504438994,74.96733379779653,68.57999250945977,62.72104442058708,64.25996895161575
4416459,-541.4675941036415,-540.3955788767913,-539.2648345196387,-538.2919833091346,-536.6948561362419,-535.3296551151172
4416435,-662.3993838005111,-652.686026484102,-640.2086082671166,-628.5782944424907,-609.1969371646799,-595.7876472678445
ng2782398,-40.81612111480308,-41.161759894705256,-41.21137944351244,-41.056563444549965,-40.64472045816865,-40.29791617218939
4416469,-533.6956059284737,-533.0340838682239,-532.160255250101,-531.3000799284803,-529.8424841113813,-528.8256380437447
4679453,33.998213105964396,46.7997280525185,43.024667041343946,36.17584900266161,23.441608141159577,17.643791013476402
ng2782955,373.5179725162386,371.69407454764655,370.63134496702605,369.4060444162935,366.87345406847817,365.02451552961816
ng2782826,251.02604708209242,239.37068789318278,231.25984960540723,231.64362273817687,238.07593139899654,248.59239334435097
4679454,-25.385375913215057,-9.219605348225741,9.212992510250842,23.206397588558502,41.261636516722774,50.81967533193961
4689440,-119.06747044499048,-99.58284700160061,-84.14729423469225,-71.3072237266897,-48.82040964906378,-29.803870776923304
ng2782862,97.85232894833734,96.94311928989828,96.10431865408782,95.40049430055706,94.3657579379435,93.721416711345
ng2782863,-631.6594430222187,-651.5793855480415,-650.8570812609928,-649.1502366594893,-654.5920070935097,-668.7771545075839
ng2785116,209.7506564425869,226.8841006567609,228.70243760404082,225.1013649502229,214.05351577413717,200.04486338353854
ng2782864,169.9644804439863,168.3400717641125,161.88506994434874,155.2771991332745,148.08755581626224,151.90936331253533
4689482,634.8827521904423,628.6292546624145,635.5590483193585,645.1682080603266,659.3816700479488,667.2013018499804
4689370,168.89276670272216,160.5920103522676,152.79340570290879,145.74693305704022,135.74903883969205,130.84165953154934
4689441,215.9212976796673,222.27076566529604,228.9208440623877,237.9280565068059,256.7791270168075,270.02547919747576
4689369,307.64167074607894,356.8540106244109,374.02309636011626,384.56816278554606,399.2965514021332,413.6303970198027
4689481,-350.99826320028524,-415.5800302237101,-441.92888632556674,-456.3679036443739,-484.5768280702157,-514.8032710094039
ng2785117,456.87873729745274,456.949032596455,457.27842742276835,457.6679242514804,458.4784005724973,459.1926275033327
ng2785115,263.6910792046285,263.4764375974978,263.2387518429589,262.9338365840017,262.3349294186039,261.6289616159215
ng2782866,-115.84535300718085,-123.42614491308404,-130.26784751307332,-135.78313975991068,-143.95898446845558,-148.66230986456753
ng2782865,512.9936259143221,511.24615347682106,509.93649803007247,508.5509663685441,504.9115982786873,500.76070411720866
4523735,522.9517521309235,523.8608460586388,523.7763486787171,523.1099990824878,521.0867848225669,518.8630958149713
4523737,43.60569819813645,43.547251534363795,43.57752443055847,43.64558396833604,43.7763384124205,43.848793790307354
4523725,548.1677976287292,546.5015781325126,545.3610468808895,544.3574285782415,542.2486721170935,539.7869211850746
4523676,185.14122399936127,185.30201181605958,185.6339633117111,186.13716740076393,187.41052625935254,188.8212727999544
4523677,-167.5943524232755,-166.4771368671943,-165.3848417779343,-164.3910241492281,-162.71250780915375,-161.37122684215774
ng2783625,-247.25593568729346,-232.16461146008783,-240.69208094203964,-253.15426149247514,-280.1434604915746,-308.70987594963435
ng2783626,220.91651142635578,220.43671625024444,220.96651292631987,220.46106288326223,215.66802559060397,208.79875072024652
ng2786113,63.46311693792313,63.46142582569223,63.00810235197241,62.93579999389294,63.120449711413585,63.2704327417905
4523675,479.12640920365834,472.94285752699693,467.7720756042877,463.671060982424,457.85276197042526,454.16392723102695
ng2784867,9.056534876820024,9.053570357712488,8.144219928316488,7.848032791105197,7.490227061109408,7.198811439995325
ng2784865,325.25692128550963,325.85733869184014,326.543763850035,326.9735666419517,327.49040240906515,327.76462570852505
ng2783630,-200.7724474882416,-221.45565335752963,-224.116148719394,-222.0360430831397,-215.3317521364918,-209.12712341689758
ng2783631,146.49605268426035,166.190071974052,183.66202716286648,196.17826147220467,212.26317081212528,222.5451029575272
ng2783632,567.4521247572238,569.4221078377873,569.4191468483766,565.2751891481275,550.665663067068,537.1122745184684
ng2786114,172.3453322078219,172.21613504302013,172.12693939690962,172.0382053832859,171.6864113097363,171.295574911441
4523736,-76.6107024122482,-68.37161516026117,-62.03859839231859,-57.34132064991854,-51.27545283266113,-47.5655859304793
4523727,23.18980258226975,22.565024812921138,22.0655928014437,21.625557354743478,20.939912770096498,20.46466418174782
4523726,119.59070429533654,119.35458258362428,119.17510596764464,119.03883399465872,118.87799766507374,118.833675156249
ng2783636,-103.3174333160946,-118.16356661858435,-136.29460361392876,-149.1265359127267,-163.17042431215282,-169.3949518333743
4689304,-860.5558725430874,-859.1095536374605,-883.4741210199973,-908.4298295027268,-951.2764593151215,-990.7190972380179
ng2783634,254.47934849142916,302.06193492864963,325.36301732315655,339.1187328230667,355.57997007588256,366.1670008225842
ng2783637,178.83740866795802,167.19475161809532,155.88350481677367,144.50922132332607,118.5453853756344,96.30442063817736
ng2783635,22.774776688326483,38.475039297034755,49.910908786012214,54.96558969485568,56.70862436824905,53.84140356798139
4689303,360.2023560897926,343.74421263373347,343.9366720731955,350.5488638948873,370.06136850936036,385.9038113183226
4689404,-189.03304094039072,-175.37425382676815,-168.7173043077712,-163.4170477501018,-152.91009209924277,-145.00804928716389
4689267,-73.06054277030307,-76.1666296654671,-70.336291142238,-63.04633067005989,-45.99316622789979,-27.454918687521513
4689405,715.1836673304103,687.0231204702059,678.0757990906916,671.5396467081173,659.9090961243351,647.660784652835
4689268,692.5787762228697,699.1350610928107,705.1307337812839,709.5167279548598,718.8130883159788,729.5778066480646
ng2783633,348.7132152237366,363.04973232165753,369.7807154361128,373.688395172373,376.2566533982367,374.07275763199004
4416434,28.962402387654038,32.08572192039696,33.04082163128487,33.430142331987554,33.842636721034296,34.11135592390269
4416444,59.89244754521428,60.220084396701395,60.492440149567074,60.76088610440274,61.28295640329952,61.73660107251453
4196549,3.271370432615413,3.3406081154630556,3.404552339473639,3.431437273975007,3.6502684897277504,4.092879023109617
ng2783638,-148.09372580023023,-138.01047010847697,-139.12723510339083,-145.3550501139714,-158.62985723634074,-172.39347694670118
4416460,28.403006172315827,28.39464111380994,28.3736878290008,28.349921069761876,28.300030780920906,28.246634239869536
4416461,282.5793666038678,282.04322300559375,281.54007120504957,281.2086109668319,280.88153645453804,280.73040945205776
4196552,220.93310704411329,216.87526106153427,213.3703217916111,210.3488254208853,206.0766598403941,202.94240075719244
4416477,130.6720980619839,130.6566437222525,130.53715522933044,130.4938375318152,130.65612223727362,131.0445983601121
4416476,188.6009285351122,188.60301017755955,188.6013000265873,188.59592225681877,188.57576776851306,188.53262587415952
4416470,383.69857580043777,383.7047831091618,383.76099050652067,383.7658905102169,383.7691445449402,383.76941683658606
4416471,478.36228890279995,477.72017469523144,476.87106040124877,476.0338719124577,474.61364413705655,473.6194097610078
ng2783689,-50.3433276926728,-52.13716670252961,-57.605785502357776,-61.56752704162045,-63.82077918153482,-59.566487618519204
4196548,255.64509850999684,256.3239708025601,256.28234790992747,255.65050827022378,253.42758355744786,250.98705430293717
ng2783691,213.95408490522686,219.2242324046249,224.84761888661365,230.62284163455683,240.49199372946623,247.08924297409249
4196550,211.24116732353946,211.18403380786185,209.4374162349436,208.15018052211826,207.1985223826689,208.4399686837951
ng2783690,129.2647232419556,119.71397841761768,115.60461062452259,113.62127526766926,112.65447967194314,112.11870446370858
4416433,330.90864051383073,320.7623689766965,308.16497697596196,296.36497533710053,276.62902901137386,262.9209504735304
4416483,167.0043709602444,165.62623255744188,164.21277361069951,162.81392006463784,160.30771830191384,158.4174108346981
4416482,-47.77740194928765,-47.89984631325501,-47.854551837892586,-47.76714441939089,-47.602685737500906,-47.52517018341473
4196551,-79.79697955963366,-78.34230258024763,-77.47869298658338,-76.81359899444055,-75.32321747917968,-75.40588979122617
4416443,555.5994770127752,555.0363668578825,554.6976473346188,554.35020293709,553.5460090818042,552.6646816941768
4772410,642.9122092886569,642.9101717500687,642.8217724882059,642.8662998881134,643.2073055683788,643.564444986333
4772437,420.8117199264898,424.06455854383194,426.5873840366014,428.71704323246377,432.2558282646214,435.12328613758814
4772438,-72.32545096859121,-71.96354179544824,-72.19986766701959,-72.82617047706435,-75.0141449945877,-78.2557590295853
4772411,272.98054528830676,263.8203122559494,251.97024945163525,240.94533445582897,222.64237072917922,210.0521019570001
4772431,401.63296449376526,400.7910989054485,399.76118071867654,398.7549001724947,397.05162192141415,395.8642267902583
4772432,95.51971875009758,95.50697612582894,95.40845675919945,95.37274219636674,95.5065461453894,95.82688404700639
4772422,-0.7181096310634985,0.10314081876913406,0.8686816770905352,1.6113011737891156,2.8291571010772714,3.4944652424364904
4772423,145.57760236631225,151.70397503222648,157.89904902135459,164.2035845798648,175.0848024773577,182.6624668269444
4772412,426.02947921363534,417.1287038472228,405.66929970338765,395.0252976071358,377.3977249773943,365.32334975246727
4772413,-464.7182572642273,-465.2208514471233,-465.77039109970406,-466.42911016534094,-467.82852956128977,-468.92272806036067
4772439,-133.3444003742418,-131.83495632705853,-130.7416857299122,-129.7958766971651,-128.25936294130247,-126.9809200154391
4772440,-133.97001577781225,-138.774903578073,-141.9812145225535,-144.3447119457751,-147.251200348486,-148.37514532937257
4772433,313.9260101533516,313.65361972337996,313.42444988969373,313.2261807317709,312.90537362025293,312.7106070495072
4772434,-149.64653746637987,-149.13571159667458,-148.33523738745203,-147.58035312214997,-146.45702459557333,-145.84247525449814
4772424,-337.20088336672916,-342.6980544099822,-348.55210584003635,-354.50235237454285,-364.7391201624014,-371.8806144576615
4772425,146.52255673295213,148.07262173222193,149.85813445997564,151.61400361546407,154.50168967545596,156.3266755777047
4772441,204.23720424201065,202.8074635746077,202.18315254749973,201.98081893678318,202.6040900181331,204.27119152153114
4772442,316.8526240603401,320.9537905676377,324.0986194047596,326.79861234221335,331.3191848579611,335.09176809717724
4772415,216.58013036134594,225.27696744570335,236.37902232218653,246.79996079773264,264.2866342942923,276.3620714160086
4772414,-156.52821158433835,-156.22553579104533,-155.85894168222353,-155.51113461256637,-154.9253962605094,-154.53476705558137
4772435,-233.17758193747954,-232.88733430740922,-232.69126274379914,-232.4739324031102,-231.96351193791588,-231.45146013297085
4772436,117.0555181703071,116.58463091858562,115.92177825856265,115.24784236229834,114.08226528648288,113.22987428293368
4772427,127.66272090581538,128.22100529093655,129.0384806306506,129.8504181617468,131.18718200786793,132.1107066373445
4772426,339.79799203813013,345.70950878167264,351.9062646893999,358.1840783239827,368.9551233123086,376.3342974579209
4772522,105.87007968831381,105.26166936683649,104.33353365395055,103.4235165144321,102.08261428711762,101.46095758972069
4772521,254.3350543207364,254.88398169969378,254.88991049014612,254.6382309492992,253.5349983612973,251.6570016291646
4772526,235.96777462123077,240.56957223010318,245.3636190222726,250.28634081021187,258.76585684310817,264.54491757155165
4772520,190.05758138429087,201.30986952977173,213.99605935684394,225.66387954300558,245.12637246236682,259.00317778497583
4772523,267.71717304358276,269.99076367256293,271.1805449312956,272.2131822681622,274.2250332097303,276.28555381858087
4772524,235.67818321716277,235.16368651683547,234.34714845527378,233.73101491117177,233.21154178706593,233.33123545059766
ng2810634,437.8085797950366,441.72625433456005,444.52893912315494,446.8033222597519,450.4656611151179,453.5268520973618
4772525,-34.345541478836594,-31.621402048979235,-29.717831528276065,-28.175394326804962,-25.751146733100086,-23.745902825974554
ng2815208,420.7866669575392,424.64277363606107,427.40213490426186,429.64179816266505,433.2490427432733,436.26494364293967
ng2833433,84.93115993261881,84.30297705675025,83.82729340784908,83.37912999073956,82.43283062724004,81.60098055043818
ng2828022,455.69354492469415,459.5284939597848,462.2906669923093,464.48191169301003,467.8097186093296,470.5152153813169
ng2833938,-11.791796005147035,-12.112033883856611,-12.056257383039792,-12.237819887719297,-12.80754704913079,-13.26271396465063
ng2833089,397.59130979397423,395.5568084081383,393.92816312703735,392.11215823458156,387.7692678754179,382.982333078829
ng2833946,-256.90952903573293,-261.3109749604255,-264.5034458415214,-267.10317882543904,-271.30286071869205,-274.77652635592653
ng2833960,261.4907767478701,261.4924383744683,261.58591785735507,261.6207941742184,261.6377674979665,261.6902599605178
ng2836986,431.82494841343464,432.1301228143077,431.8277030523959,432.0802540229065,432.7469993614011,433.3020985825549
ng2855610,310.11405535642257,308.4623729886314,306.7268809247141,305.0673613948006,302.1440724077547,299.71684486560525
4341279,-504.6963945947383,-503.67788532794566,-503.31120713729126,-503.1794719065671,-503.0088541253964,-502.81254256998955
ng2861747,229.6282352163414,228.25940260563448,226.77142392411997,225.32046118432322,222.6788557694765,220.3786631769624
ng2861793,231.25735480209164,231.48303688459941,231.9879932700012,232.16977138302536,232.48781018627005,232.81950818909309
4341229,-280.1208249753522,-287.49151168687195,-290.31144618705184,-295.1762284017077,-305.7196998243662,-313.3465236737313
4689442,-233.72653607380744,-233.55967296468611,-236.3095311993502,-236.2078841575942,-233.74667670256645,-234.80689220036288
ng2861796,46.54485378470122,74.18679671307905,94.5167679652493,109.27993561334279,130.04138480120992,143.42029693961035
4341347,-310.7193701826468,-311.661647512494,-312.65131899872836,-313.4731388233897,-314.8499802373208,-315.8302164691697
4341173,214.63424519634168,215.09677933129797,215.10064595859217,215.37234694218864,216.08114831415128,216.55588630680336
4341094,36.031929846705225,36.213960242851954,36.3867313910323,36.575635591844275,36.90017739415907,37.226433351423566
4341172,-417.4191412057012,-418.7365037650495,-423.78703111115374,-425.5071317673244,-427.92082517025483,-429.6361733551812
4341228,121.10490020806583,122.60741273262238,123.6064525475399,124.75989109155353,127.00870812973744,128.7256227078301
4689269,129.11354920444933,125.5488544887387,127.81691781774725,132.48184244906133,145.7881145967931,160.26579594944496
ng2861375,324.766606984595,394.417102978643,424.9357689527292,444.10529843953464,473.1508956923806,499.18678139149006
4689339,-29.921749837452126,-48.782515890579134,-55.19604555882029,-54.930603394348736,-47.42099068751395,-36.30475016123137
ng2861801,-433.6806318524391,-466.10498837447335,-471.8122926830363,-472.37441964784693,-467.0133130962822,-459.3761551387438
ng2861798,225.543603374515,224.82604282557872,224.11863120033786,223.43301033278044,222.1385447720238,220.962139262934
ng2861803,242.64749453047898,239.6861074519245,234.69169522093785,231.4869708253177,231.10139413402294,237.35307548947662
4689443,-766.1190713438014,-800.3678178301918,-813.4983734989448,-823.2387416071228,-843.2789366472032,-864.6588104794646
4689340,-489.97411046504067,-504.6494012347389,-511.07245450488176,-516.6110572312812,-527.4603290098946,-539.1299707039607
4689249,-53.03188753821678,-64.37561209554451,-81.0369198349938,-91.75321881801733,-104.12764932536334,-112.61745312700032
4689270,293.55408866527364,334.922707588855,361.10815379979294,379.4504314922983,407.7280534625463,426.232459148016
4689250,-187.06905774809024,-232.9406894378617,-252.73394898350762,-266.26760618386515,-285.6374988903988,-297.2975188815483
4341171,565.8423614033666,573.830970014598,581.1481105427729,587.0787435167015,596.0066953956427,601.279577229212
4341352,443.9857501159913,444.3270691073708,444.41978953446664,444.68791825508583,445.3788882745787,445.9378871913168
4341346,389.3934245595808,397.07483410361533,404.88708935828413,412.86021239846673,428.51940733794527,441.65611555067085
4341230,270.38604795380024,269.68727813064106,269.3374928714966,269.30710969377014,269.626343764618,270.8942471402063
4822523,-249.96286931709915,-249.95364320550493,-249.93898151189296,-249.90990229454474,-249.8662600606392,-249.83522388562233
4196557,21.050327104188682,18.5410881793116,18.067239873108065,17.64584380330325,16.785890319825967,15.92258587610604
4196554,223.35321409894595,218.96585903730033,215.6974535097861,213.02917522915004,208.7027397707011,207.22739493398853
4196555,332.50899058842356,332.4386070020498,331.97480177899183,331.4580278689298,330.68992700569333,330.2146215361529
4196558,432.15590055908183,432.85940409806517,432.2761871504465,430.99992507947604,427.80756445807947,423.76472410216184
4196556,378.8453725103784,375.7149202320131,373.1865818867907,371.19931471425,369.25718881630473,370.00391561002107
4822522,203.42237789955402,204.58470477263904,205.79041398338472,206.95063095855653,208.9390924528625,210.37194336581229
ng2861863,335.39689317174134,326.79262538835974,319.9544160829132,314.84830343742965,308.94822394521134,306.6576391791243
4341353,-468.55004168277026,-469.1698757586162,-469.6871518622228,-470.1311547447963,-470.76216871225165,-471.13120321721294
4341337,178.15324204184571,179.4004028505342,180.49819863065113,181.38667920069543,182.73759279809133,183.59224864941507
4341158,-388.1214456875118,-388.40624766624796,-388.7597591839244,-389.0949155343503,-389.43165247759066,-389.6330552771017
4341280,71.0334275588832,70.7099782561686,70.38456632556881,70.01008429572607,69.2699465074927,68.660760080523
ng2866201,494.18815460577594,493.3300307633564,492.6092783222467,492.0612941642172,491.4146298238569,491.1892697526645
4341245,-181.33067697943875,-181.35622150348968,-181.40497080375985,-181.47489628868993,-181.54062536580864,-181.54275196762683
4341214,-148.48581456274928,-149.13175597240388,-149.97086972289662,-150.51652073612854,-151.45047247126286,-152.13770657357236
4341095,-544.6655723375503,-545.43518569374,-546.2016601599479,-546.9773757527764,-548.2255126005898,-549.2186484843813
4341354,60.00433627673647,59.758693989909034,59.2894359435154,59.11315024787814,58.752106795430564,58.44919159374581
4341117,108.70009794342445,108.25962091320662,107.90329475320186,107.59866037733696,107.15270198196959,106.89678878461882
ng2861825,-8.601407244544589,-31.517259871842498,-40.42713282065188,-44.489001472454675,-44.98210175780605,-43.21205232737816
4689484,576.2947786460527,635.9999646691708,673.1943687635219,701.2810644197468,749.8068438504429,788.0256663395039
4689327,291.9986796750543,303.17779018612623,316.76532626904145,329.60208129104194,354.03771431747873,379.79490110717666
4689293,378.61007358062307,408.8011629357686,419.59873123232023,423.2557786698512,420.389401784372,410.0614747644272
4689371,-457.8212003104702,-463.57193909536977,-473.5726115336215,-481.3887701977112,-489.43763794590905,-490.2033700841705
4689294,221.68026901953294,225.82931311987545,229.61402545704732,229.76747357789532,224.98655351578486,219.63177693518355
4689372,-126.11362347187446,-149.2289508697006,-169.5412217857961,-185.51328809525899,-202.71381149803392,-202.70539920318538
4689281,5.407140944465937,-18.5411268371372,-39.500711134339554,-55.944934209711846,-81.17998255577209,-102.68938632007553
4689282,384.55633330871433,371.61165866779857,375.81748669398144,383.68176681996533,397.7493862754509,408.7437298286686
4689328,-172.44920914145314,-210.8825359652044,-231.0248917470292,-240.7287822080325,-247.37402373750047,-240.53153543118287
4689483,-162.67580895418405,-155.2045414106633,-165.35187667508853,-178.9931986007398,-207.83084932623638,-231.18275587935705
4341278,419.33057841263144,419.27944213064507,419.2585872050595,419.2821394920127,419.3254076141593,419.32195131669573
4341096,497.22074937880575,498.3860600133082,500.2272489608083,503.0543871471464,505.3581410690733,507.18689606356793
4341159,76.57350092531601,76.44619368690792,77.23140554314432,77.30688945037173,77.08386587334553,76.8975430793987
4341247,536.9285953724229,534.8000089456611,533.5987148161887,532.02415548707,527.8866153650986,523.4718897257849
4341157,439.09353676562546,441.9763838514766,444.5059046618949,446.17388261423434,448.3923254325168,450.35783026476906
4822534,-182.5883192914864,-182.42579361175376,-182.26919459381816,-182.1383607636012,-181.95169219102945,-181.87393315767372
4822535,16.8527284533302,17.54845021856113,17.93904146064847,18.391960391127895,19.4375383374595,20.604677792336133
4822548,-22.64932968991502,-23.449070906547604,-24.465282827442934,-25.337774275200672,-26.539264326227567,-27.197010645415276
4822547,-286.58444758293217,-278.9285568784719,-268.93788035736725,-259.6306353535174,-244.1637914123164,-233.5237765724155
ng2866196,-99.77510810857882,-99.76154268613084,-99.74517222184,-99.72969715706256,-99.70455954737065,-99.6853821980261
ng2866195,161.28608938880552,161.28821930786603,161.31362166746487,161.33467419050453,161.3465222654021,161.32843146983214
4689406,-348.2362119190775,-349.227523059953,-355.28133525315616,-358.04882494144977,-355.1712784126778,-344.6426197900905
4689351,-407.83944824012906,-424.1294761104782,-427.58097023608775,-424.3343057502366,-408.9963538592988,-391.0783810437363
4689407,841.4620545804505,859.5532746976921,874.115799359716,884.2609780559651,902.319565714228,923.7052948878854
4341201,324.04496042318556,324.9823346373905,325.5832812441056,326.21654647291007,327.4246972579715,328.3814545334128
4689305,559.6830406953882,577.7030323134125,585.6534728070774,588.4302679309769,578.0362361056407,552.3941888242905
4689352,-37.04985506140633,6.195211483370485,22.916866024379715,30.000002110383775,31.00279988359307,23.797043565233707
4689306,-565.5670044207612,-541.0920343435023,-548.9298428037664,-557.2978635406615,-566.6412218150098,-564.6624900728594
ng2862866,16.92905916814584,21.048546387957003,23.795165632820726,26.220222006481208,30.8418018327784,35.55595935334918
ng2864921,97.2053336731251,96.98327436441537,97.36941190552739,98.28003725297776,100.65552358942614,103.01039967275256
4689341,237.17802294040598,246.52673208283886,259.9970325520974,275.19665343510906,302.68117660079247,324.4058312483951
4689444,663.177671613365,662.5552796413351,644.535027219325,629.5240475699484,612.9951129917544,608.0596414817686
4341233,-90.21140706469646,-91.41576975843418,-92.26535811580129,-92.89607820758579,-93.93875074877883,-94.77637348357007
4689271,-487.3742635074807,-507.9230110176047,-519.3164768982288,-525.5108276902015,-530.9766176660332,-533.0809231822882
4689445,537.8007484786747,553.6991204538128,569.8839334825279,582.844588840904,599.1475835160231,604.8615481961056
4689272,212.3962384589438,216.6163501199071,216.66968539629352,218.36810757170338,228.4553728476733,247.16383521711282
4689251,-151.36728780867247,-141.7908296883786,-143.21209001854754,-142.84626338305793,-138.22974847068144,-129.04978117046085
4689252,369.79883023266484,396.06932154450965,404.8876845142927,410.87139365726944,416.6338083050691,414.8491409645867
4689342,-215.75575604532082,-227.76397673791257,-238.78911572164748,-251.42987493655323,-278.7592592814101,-305.41205806537823
ng2868111,-113.1351845475524,-112.00926521981523,-110.67790906514597,-109.81789211541218,-108.59486121692476,-107.79853337646773
4341248,-231.03506778435326,-229.69550231343987,-228.89716026322844,-227.96609661368188,-225.14431736445522,-221.63118056527173
4341360,167.80354521043068,168.0746855526952,168.05139081984566,168.03966128645493,168.39228780293956,168.69921518657748
4341345,-109.58309284136249,-116.66150553261332,-123.8398186965212,-131.3139873197831,-146.14244092999866,-158.6891806238632
ng2868112,108.92908307411608,108.97766388159675,109.05440067807558,109.15578227294236,109.41726984532193,109.74744680429217
4341109,451.7610787539355,452.0359875589188,452.29968932036127,452.586560032437,452.9956498512464,453.355364624499
4341232,248.54017309466758,249.76891357295221,250.74866813638755,251.73541520319554,253.50394027915831,254.80469589331688
4341343,100.4592289668517,100.4047266105988,100.2948957748888,100.17156202437332,99.8865564687519,99.66756322739525
4341350,657.423684530655,658.0374359417491,658.5635906368492,659.042714273809,659.9403226016075,660.6135456234767
4341351,-182.68235404683992,-182.95436497144783,-183.47041246959725,-183.93338175257918,-184.82167815962885,-185.60906957819748
ng2869425,-54.0359346084681,-53.37638365766156,-52.80207902221696,-52.38055893646947,-51.949623574475936,-51.93556021179734
ng2868115,263.996367543386,263.4338734580017,262.7794140236465,262.1349440771926,260.9195274497338,259.8358193727279
ng2867355,289.56702357110316,306.49982160945547,319.20563952907173,327.1328987229963,332.42945981514913,331.4963143156165
4689374,404.4892760262519,405.2982187960213,402.5018375829825,395.7140990222463,372.7484667411809,342.13381037947306
4689284,249.28828362268064,262.4301824260856,273.8159106876144,281.5961237247411,288.16543506293647,285.4192604312582
4689283,-135.1655822120531,-140.42119223883265,-155.87704675165492,-169.6306139384817,-187.94948031437457,-198.63831065204022
4689295,-166.86480355934145,-182.98422326693844,-187.64018884670577,-187.0014408722334,-179.18065564415247,-167.97079586062432
4689373,-154.30013244960128,-206.9656206141451,-227.20388357315642,-240.3603836551631,-257.83131779553264,-268.30925397877354
4689296,19.86953791921337,30.037826349295756,32.705614971172736,37.01401750977766,47.78908941336749,59.5712443295904
4689485,-211.98801019861844,-235.7489657370304,-252.66997323467558,-266.1352245592275,-281.4423638471999,-292.04983119398094
4341231,-59.10049107494024,-52.73655985395294,-50.76434243095696,-46.80811151181524,-38.07194612564308,-32.68031014428948
4341168,361.380438757981,362.7370441008436,364.00387964075185,364.98459849593337,366.5108752515473,367.468492688751
4822525,141.51620814963917,141.07122031488757,140.7413513590136,140.39880267934768,139.6959618953142,139.05735768619115
4822524,242.57484264263303,241.94546768016312,241.1557863401638,240.4067770856716,239.24379092620143,238.5376742168453
ng2865941,-180.4638192660309,-172.0828090744617,-165.42793123584352,-160.46217555602766,-154.72801452845624,-152.50293425571977
ng2869426,214.3428580054416,214.21154689610626,214.1498021558839,214.09602923660827,213.9793934916679,213.8245655439399
ng2868074,-124.99143927121042,-124.97913363624582,-124.96428349340044,-124.95024563132404,-124.92744268200533,-124.91004649616218
4341344,408.64514391925275,410.54066881202345,412.2489693839839,413.72131219859034,416.0822530348793,417.7178272616545
4341285,543.6311209084039,543.6967655756481,544.2672433119195,544.9128542113087,546.06214078672,546.8689850336108
4341276,169.051214358087,168.22813232137446,167.95069015442346,167.47338580516157,166.428115119347,165.673456791254
4341110,166.68577309673128,166.65883963807528,166.58930877777152,166.48060370287567,166.39932121793527,166.34847227081946
4341198,111.55623729900572,112.08622248616894,112.54663062486725,112.91550897439834,113.4545835520496,113.77250470226181
4689329,-242.75650067873607,-245.0098865338059,-258.0510198220279,-271.94107320044577,-290.11347129640876,-295.05114130745505
4689353,-98.66922202901696,-123.04270661922897,-137.73822222997842,-149.42091956765944,-173.2869891794171,-203.8847812728502
4341142,35.865317469369074,35.075517500494925,34.9884961928758,34.615172529814345,33.76558975038256,33.210412390488045
ng2867627,322.18811521632256,242.3475664466357,206.2691610894924,182.94860988326377,150.7374344070954,135.03302396520758
4341156,-61.019361332515246,-64.91228224735482,-67.62607980550365,-69.80892014241113,-73.44243632980692,-76.4191715739596
4341170,-19.11367333988005,-25.934604167046245,-28.42889038068688,-32.79684586782196,-39.59341598441097,-43.39918179105939
4341108,-45.134032379241944,-45.65925437094893,-46.87954127215448,-49.091544204405636,-50.319474052420674,-51.252878470862925
4341200,77.07327748253829,76.48167378546191,76.3972157957387,76.0469419510905,75.30131631777772,74.63970570987476
ng2868087,481.95184615283665,481.4253860497099,480.90719715791124,480.4876173696898,479.94861619612107,479.68232897380676
4689330,444.9802114168881,480.4357401047812,507.4492998761748,528.355127630859,557.8195047455754,578.0680082822132
4689409,-47.164191114033656,-95.90058782323263,-119.61972903947367,-134.7259013831067,-154.13040813793555,-164.1559152264806
4689486,591.5512463796535,626.1740367884227,651.6211050078161,671.893329934911,698.6764039377113,714.4267581006729
4689354,-132.99498113208642,-179.99330219956664,-197.26017411790303,-203.6448098953042,-204.77659632637915,-202.9072498723135
4689408,333.1640050871397,316.688927353797,307.4229499000653,300.32386276226794,290.87535212545686,289.6377757970215
ng2867356,33.06779054461231,14.246457202653573,-2.3851320579567528,-20.611332445541166,-56.85299441094617,-89.22464666442397
4689308,-171.2876999467851,-157.8266157988171,-158.57544955820958,-163.16969173382745,-174.11441393122527,-183.86952359340398
4689307,-203.34741409955177,-219.71293451387328,-225.192775600108,-226.58507801341193,-222.12704280095045,-216.14893023133254
4341155,334.1399276909981,334.6540130264832,335.853213047669,336.4459819210879,337.23906627276097,337.8151374230704
4341286,241.3405531760311,242.18815343224196,242.9721163808474,243.7019096147783,244.97484357308645,245.85328452298495
4341277,-56.77591873627216,-57.18958061925514,-57.57843824279462,-57.95546806155312,-58.654217166311355,-59.2752008975358
4341169,549.487475132854,551.5751166594117,553.0104264615584,554.4658958105035,557.0290421737975,558.7135553184567
ng2868089,496.8114272290627,477.1393791263504,487.80257950335545,497.25707449992774,507.2394992123253,509.4654694858092
4341199,186.55701249036042,186.93387338350635,187.28860424037634,187.58931377401973,188.10776349836783,188.52395743905822
4196581,-100.96321899948998,-102.2756574989387,-102.31880712197881,-101.67865582470858,-99.36854084750644,-96.6812882925235
4196561,-244.53101297323133,-241.4657676679558,-238.99916941486185,-237.0860094702614,-235.06711858776134,-235.43502785326996
ng2867629,-61.18550661158929,-59.243350830916825,-57.353840166013924,-55.249612361321624,-51.05790921827497,-47.24885727428591
4196560,-125.24712059016451,-125.30304564695439,-124.79044411755967,-124.15419264927095,-123.1418598344003,-121.4943054607495
4196559,-25.927560284590072,-22.568819884697632,-21.580999920189242,-20.779394082527688,-18.94988162383288,-18.31567081870844
4196562,-140.39167945721215,-137.15328886586462,-134.52978109941637,-132.33543337044375,-129.51179322002736,-128.50963221392885
4822537,228.7165573202476,228.33730148232166,227.88128607349518,227.43055829252103,226.52916692378426,225.63640681210586
4822536,274.17022210343384,273.7917868852296,273.7653735278325,273.7009913985162,273.5139097516328,273.3055961651694
ng2867628,138.40526402269552,140.01772977958126,141.00422413792603,141.97888954756127,144.2617571745111,146.99383815577653
4822549,215.22130874036657,208.51489194785972,199.62854352369595,191.2781738895901,177.35895141478204,167.92294426987996
4822550,390.0077980558792,390.25013839901226,390.6985270555633,391.1448304395701,391.75734060524815,391.92515779046425
ng2885314,-9.73003409351736,-9.952368506068751,-10.282520916831572,-10.638793988464386,-11.295604287255628,-11.773250774581129
4341178,-283.12825142584916,-284.8362265693256,-286.044799920543,-287.2233238907186,-289.31728010203824,-290.65819161022887
4341167,-507.82293834012694,-515.4733200690605,-522.5958640461624,-528.3279937929592,-536.9966243027075,-542.1947628770138
4341177,-44.97508260659674,-44.998281837081095,-48.5420183178735,-49.251726219296415,-50.071072072836614,-50.701182898196976
4341113,20.65116636993389,20.52104235367142,20.43851464276736,20.37865634253285,20.17576383582559,19.941910576431383
4877424,23.79444330345291,25.746767457902024,27.673752180436168,29.49635828189753,32.63726653110439,35.163634694206394
4341236,180.01451198071368,179.91511752907923,179.90214500757747,179.55699368506657,178.702312088496,178.08406780956648
4341235,-211.6291815887239,-218.1256057958799,-220.4587917581414,-224.74482098190288,-234.22649979845391,-241.202222055452
4341111,-678.4465282797785,-679.6755195279626,-681.5576466141134,-684.3840689835013,-686.7338063345098,-688.5618209736479
4341112,-117.85238857644322,-118.50623582751791,-119.19653518440487,-119.94017692173043,-121.0824201281689,-122.01604880513582
4341234,-380.73020928050187,-381.56417940093866,-382.2965973046141,-383.08027491487496,-384.66796136194307,-386.7085862306492
4877427,-115.62582732940973,-115.03656433497781,-114.78122289015232,-114.85109658660735,-115.6122533503335,-117.03758077650946
4341302,262.1422728165451,262.9508711814499,263.25999237046767,263.7790709328433,264.8360775921767,265.55781893637163
4341303,-0.2800485608490817,-0.2816501183792752,-0.14420441962420227,0.035953401434881016,0.3538182210318155,0.5620488206459413
ng2885435,655.4612573753767,655.0389123226776,654.6448081648795,654.2699271322332,653.6747928213824,653.4569609711405
ng2887035,36.52987456268261,36.33631390181904,36.04888672293214,35.73871647711303,35.16689178365641,34.751042121366254
4341292,-15.599412816444783,-16.129258532679614,-16.588161067417104,-16.953714979824554,-17.51879065784283,-17.826735179477055
ng2886098,488.8828652509826,486.8986287431735,485.12570061189786,483.6943137229871,481.71852093253756,480.58672163864503
4689273,303.3395227319975,277.8314893635393,265.44572064783847,256.5309382549706,242.32031197691663,235.5161044087954
4341361,-731.7616012977477,-732.607333326236,-733.5894112869822,-734.4513968999333,-735.8951915688208,-736.9947203400627
4341371,64.75345033726217,64.94032374044764,65.32346870371157,65.49933827200607,66.0176785005865,66.52292876419006
4341341,-24.536564035862057,-25.030184778210696,-25.617596212787703,-26.101195691848716,-26.98729643781985,-27.644509490524115
4341340,19.81685133125552,18.79301862231887,17.950868078475196,17.304171166842025,16.415973398723054,15.894370918506866
4341370,-67.85643572365893,-67.91012468509803,-67.51363013517107,-67.35982617759055,-67.39619396879493,-67.43766999510171
ng2886099,366.10931748543,350.1445114678759,354.94985767463845,363.67591218908365,376.603501334921,380.0197841127688
4689375,-20.524268895459954,-3.1103408438664246,11.274446208437666,22.312625453915416,34.27534713094451,36.416735580260365
4689376,-122.1095062328875,-115.44805691390411,-114.59108912656848,-113.90992684735738,-110.30256601369138,-102.22947067926725
4689318,59.267104148177395,45.70429174354581,40.61822740636421,38.25163742793802,37.8927196026757,40.320103233647615
4689309,1012.6117206849527,1006.7033818146051,1019.1588201552313,1026.5658610348546,1027.4462984053996,1021.5937049288156
4689274,-511.6850278725335,-536.2882609231381,-555.7897640114447,-570.7611376137318,-592.4569724312369,-605.7996001492161
ng2886100,329.85572767965573,388.46329266584985,418.8293148990358,439.753679971745,467.5333601186762,483.14301844431293
4689310,-93.36869786517582,-99.05983163332871,-103.51326439616923,-105.86460711856807,-104.84328587991126,-102.00010828778295
4689317,-336.4296410861034,-361.4103578975312,-373.7258390561492,-379.0685726786485,-385.2556109655684,-395.4297220274377
ng2886101,317.47104806580546,299.10300448435964,294.8910522821161,295.8471766724879,303.1431420316842,311.48233310186265
ng2886097,498.995932575104,499.1502939333916,499.5021267849754,499.4978183132389,498.0023637400202,495.3263389407614
ng2886327,330.5770690459824,332.5389381078503,334.5167187029658,336.2042932579416,338.83438787298724,340.68714214684405
4822552,-137.0715336986791,-136.32795631268118,-135.49649374439605,-134.8034458839852,-133.72470374764453,-132.87750644392327
4822551,51.81329807739462,58.94994051539493,68.35597931902203,77.11211060495566,91.46794410577718,101.05387989239466
ng2860065,-108.02758440476964,-106.31566730766076,-104.68790478139272,-103.47168143638692,-103.17643416298756,-106.23961546441706
ng2886310,760.851374904347,757.2343060009382,754.213215732558,751.6794214996801,748.4130494224037,747.5475519700713
4341140,-156.61629989095604,-156.43251920854846,-156.36373746247523,-156.24527561097375,-155.7310769206506,-155.31860597438458
4341141,-544.3038265594607,-548.2314682416597,-551.09270486679,-553.4512772213059,-557.1773529272837,-560.163238620484
4341127,77.53316404540828,78.39747630362808,77.85407201286239,78.15809795284872,79.16567147320325,79.85940123221621
4341294,-649.3697727715843,-648.7839122892187,-648.7894519191663,-649.0073923458111,-649.4826755678137,-649.8663298531973
4341293,40.948127199435476,42.18887922620934,43.31698512076264,44.339979212743174,46.16129320723553,47.58154206806989
4689446,464.0779768059032,468.17187677702384,452.01184043830165,436.51117538377684,411.89944502897356,388.79503191831907
4341195,-1.0245117217830284,-1.1016719085203022,-1.1901110300525488,-1.2425314312265527,-1.3120944611148389,-1.350525884885883
ng2886250,163.92806501822815,163.96722738309427,163.9896961899567,163.9617043428807,164.05929321396047,164.73919356031206
4341197,-216.65854129234594,-217.72386458469987,-218.4725425906695,-219.23297027697618,-220.67259735262496,-221.83607600532196
4341342,-531.7361878939735,-539.2762659428058,-546.9673414905255,-554.7941587015537,-570.1187873315153,-582.9418610365249
4341196,-162.13285527920152,-161.95861991709307,-162.01128616929577,-161.93017429772885,-161.85868725623914,-161.83842628648176
ng2886312,77.72512240039987,81.29288244531404,81.94702121197997,83.33267870493069,89.68604981259205,100.43010616582023
4689286,-43.790967931670366,-24.2505838148993,-10.898237966381885,-1.494449779548404,11.962218571720314,21.23579511369894
4689253,2.7482038617479247,29.662573722251864,47.8517703661837,61.33588245300734,82.09985845147594,96.58865394339159
4689332,664.9014128148797,726.1584891252662,774.2576909509305,810.0379191786342,856.8222618410916,884.008896760087
4689254,531.1080314979213,571.4125202009802,594.5455225350249,608.038143376333,621.1352838183898,624.7299551461433
4689331,-3.492276230972493,-7.663501090279624,-18.91459670056429,-30.984117544885976,-49.103811637430226,-62.10473372878437
4689285,-23.007797260856478,6.369881950287663,19.849284842962106,28.955674219516823,45.15483772255834,61.26653547023261
4689447,345.33840686881217,396.9982879117956,438.97346289178427,470.57297954227147,512.3953181904801,536.4924472726664
4822527,-54.82731418116737,-55.44685531311325,-56.210079975077406,-56.92129983646964,-58.03530181205838,-58.71783639973523
4822539,-13.659241568739844,-13.89855902527961,-13.809127934871185,-13.778387742689347,-13.838401605863055,-14.013538595521595
4822538,-49.40176641012977,-49.63639761900481,-49.934879646494664,-50.25234393765095,-50.954972054724294,-51.745187176493346
ng2886317,49.35772476631428,48.845805789764654,48.583137309728954,48.42135139521588,47.49769370278386,47.22233916937694
ng2886318,68.55334667922693,79.45985555492189,89.22165466582533,97.36011633707312,108.61004812259011,114.27793190576722
ng2885472,425.38269230703986,425.9756300110148,425.456727931213,424.3265533589006,422.6090176900691,419.0457248909472
ng2885471,-137.4958195751301,-134.39524877597955,-132.2246199359222,-130.30014804021425,-126.311272533899,-124.86576920174525
4822526,-179.5141004123593,-179.9517866637284,-180.28088160921538,-180.60721211610394,-181.27798306463683,-181.88252841593567
4689410,277.1704825253421,242.2001873817553,220.90656863438562,204.84596553591973,180.75421094281796,161.4574915993835
4689355,343.40809592493474,324.24976107141424,323.2282348149424,326.9365646146264,339.0894847779798,351.6067260873174
4689487,315.71398073356727,360.66535101595855,380.1302483686384,391.83968700248283,405.7441950384832,418.05878511126
4877425,187.11097654079595,186.0338519790098,185.00445023441307,184.0473490677582,182.4298078441543,181.19219965922434
4689344,504.8536133290331,536.0265451944513,554.4725721016941,569.5628961581633,598.4885675448643,627.1505047037799
4689488,-430.3060350174119,-508.2070354405985,-556.1696999110727,-589.7806446198165,-636.1617919775285,-659.4088925634419
4689356,429.0654679173747,443.1158064870863,453.27301683374344,462.7665644449339,484.53000840265236,513.5091072491484
4689343,-196.3698706293028,-231.04932615703797,-256.9767581229248,-279.19262374949517,-318.92517116108183,-357.1592005211862
4689411,227.53605488761764,247.57296707330374,262.8231203764601,272.1736288002721,280.5389468543897,280.83089714822063
4877428,345.02920546719156,345.4809786653216,345.70240578038715,345.7535730117611,345.4842780009351,344.88052070487106
ng2887092,69.63303290747172,68.91562427698864,68.28724575656793,67.69367643406827,66.69682997268615,66.14797871668816
ng2887079,-24.951145125498897,-24.59001884151303,-24.004598922258538,-23.267863592691356,-22.101941304306138,-21.88572136095695
4341301,200.3904819963077,199.68578845556704,199.3200835638006,198.7433465442698,197.54854965798472,196.70391028815834
4689311,-400.8186593467103,-370.79920915388914,-370.9863005578824,-370.9816762378498,-366.9120123338704,-357.7299667730067
4689319,369.0147668738707,406.80957647670084,433.1186964287458,455.5268630903515,497.3484700970155,537.8856756876346
4689276,419.55767133959125,492.3491491850332,538.1308615559642,572.8460278920104,627.6742009118807,670.6815990621242
4689377,-324.70007574944407,-327.2794260172366,-328.23302160019693,-323.375457217325,-302.2053071926191,-278.76307295663264
4341238,15.489794954957915,15.006677981702069,14.69534470062763,14.376607342597254,13.848136434021853,13.5486896006189
ng2887734,-147.26241063729753,-169.24395932314428,-188.28460245235465,-206.31013765796934,-239.8191156817436,-272.4078582287782
4689312,-134.8270237617096,-156.45517252943864,-151.98687200930567,-139.16189879141803,-107.14035495447047,-81.43702517623842
4689378,864.6755498330317,917.4279479307668,941.0451309282253,955.2522380184516,970.2104561455816,978.3310331713407
4689275,-299.08459493300734,-286.41693267999267,-283.8624280044071,-286.26141708442924,-297.8153310955224,-314.4024530353772
4689320,221.31357812488204,216.3292887954658,217.32117552913292,218.04146568559213,220.40338051921458,223.05594043882297
4341114,392.42707178584806,393.01664840765125,393.6068758177332,394.21530957851814,395.2174460536621,396.0461808396665
4341115,-348.54411489121935,-348.6775357079488,-348.80803504536607,-348.9453059775241,-349.1042123221454,-349.20451781160125
4341116,478.58709367260667,479.551300306661,481.1716576224885,483.7058595181629,485.6586227290925,487.14266988069767
4341237,204.44060028010858,209.40100686180108,210.83623096944098,214.24198849124218,222.08447352458234,227.80990596842003
4341259,325.53662073542773,325.2521908061178,325.0874547634087,324.9806548881236,324.97661343356503,325.8190156172593
ng2887751,271.11418040739545,269.69881503752913,268.6362856575279,267.6877317280462,266.6154982471369,267.06870488756886
4341338,-251.1016752941066,-251.69885012881468,-252.26635362047568,-252.78998100925833,-253.67761805128362,-254.34955297385113
4341125,-125.41315699144138,-125.98512013076743,-126.44817512750183,-126.93682351128291,-127.85548953948569,-128.53381368112014
4341325,383.0223081040049,388.72101047117985,394.7325693819423,401.08693618658003,414.00106097163325,425.1224655156748
4341339,127.98349492642592,128.29078506923338,128.64863599007094,128.91783706620504,129.38391058996763,129.734632434368
4341188,483.65861022865397,484.89118430996905,489.3780239399582,490.92578136280554,493.05839961717606,494.50575838856867
4341193,19.494312573011257,18.832053449677915,18.23852516736656,17.74274285155434,16.95556239311486,16.407414272690403
4341186,209.9728109404582,215.51966504193683,221.17034127771785,225.43449223067023,231.5440347426786,235.06853423409734
4341187,-331.56804459504633,-333.03215877007096,-334.4900583867029,-335.59611316240034,-337.34169823140564,-338.49779602712806
ng2887752,581.8048153048575,602.0464804053646,603.4382758381703,606.0948617234429,621.055506337367,642.7033729981706
ng2888233,339.6612798277431,341.53424349630995,343.4231495652182,345.0354845009365,347.5494024427992,349.32110582687983
4689449,-70.54669739494511,-106.5592001645382,-136.19379041137154,-161.75431477515667,-199.5426408138219,-224.0824359282933
4689334,401.81832946777513,423.74067134552365,446.8222943944929,463.7153627635046,479.01293329787836,480.0526653685147
4689287,-109.28827765410392,-132.60074243848794,-152.56437131195548,-168.10584241871675,-189.82885771367455,-204.66216894810373
4689256,303.0724471604233,304.1827279990298,314.15350560506454,322.81734537650004,340.44949089621264,361.3427940146905
4689255,-205.4879689901736,-236.1401851962678,-247.91228516418187,-256.16330898116803,-267.9682903562582,-277.9289974064218
4689448,283.8142583087713,267.1303597291053,258.7437828370448,256.1133755089629,260.600355726154,270.7956537945456
4689333,-294.0938438712071,-356.85231143272154,-399.8554154379999,-429.2237749347378,-463.5095139071782,-479.5881508647492
4689288,227.4182078376018,236.67772985027295,251.36342325137207,262.00682838742955,272.6135635591711,276.7715068710918
4822554,159.20045926670173,159.72315338670137,160.40036302589647,160.9876724479277,161.7952878964877,162.23242402002325
4822553,427.7199850856739,421.26475760246103,412.86513929301805,405.06304334878746,392.1426955199836,383.28586533974135
ng2860067,-1.1120177606517245,0.3533666041928427,0.39661257077727896,0.4458165853495757,-0.14989846887351632,-2.0417439291131814
4341290,-459.76686975496534,-459.99095790253,-460.7152844429361,-461.5608867048172,-463.1282781783218,-464.29587910069415
ng2889427,463.74460671968905,456.5568610533305,450.19087313204227,444.9406217782289,437.23166407013673,432.15804660732874
4341368,-450.45604863239214,-451.2253890923906,-452.0931497834239,-452.6941232637107,-453.8090814740948,-454.6612965420733
ng2887803,428.6291000186336,479.2926097026582,506.7012894993827,524.68053868279,549.5264071798476,565.8454136489627
4341192,220.88892777215779,221.60110753497042,222.02844192023986,222.51019449698515,223.4631689382088,224.23477177586346
4689489,140.2541741738769,96.76573531360509,89.06555557164052,91.8083653860383,100.61339479927278,114.26264523827467
4341369,255.96032673401396,256.01462209819806,255.6546703847123,255.48698985501665,255.2994653242754,255.08463876077008
4341367,283.5725171608897,283.7440000096626,284.1123832690462,284.43153478344584,284.8962168661692,285.26671216075147
4341194,312.5007558878792,312.8050849397298,313.26277952165515,313.51301994378605,313.92402376138193,314.18746640679706
4877426,21.667513488566556,20.96887058284028,20.246711504114046,19.547557672756056,18.311567339348812,17.256101490543642
ng2887804,146.79321283227364,143.799181729388,138.94551518727872,135.8469457655301,135.2026867382283,140.26448287378457
ng2887802,84.72473106128564,74.75534914110199,69.93100135462578,69.6202274819434,76.15663109626075,86.73818098261745
4689346,694.5017488667775,756.1943388124571,802.6552021725995,841.1632832700225,897.7153448217082,929.3245836609958
4689413,-522.3222090568086,-571.1455955931747,-598.7031293605128,-613.6850341057518,-625.1763040916605,-622.7940119085108
4689345,190.68825478443932,213.53279661353713,223.1222883287985,227.5888485343371,232.66616956623443,235.44343472971627
4877429,32.92871940987607,31.95959249795419,31.514622858896246,31.527349414921446,32.4725817086794,34.33993151283221
4689358,306.26470817641643,362.1892414304648,387.42339553340776,402.4207790944363,422.6221218165174,437.3288015281214
4689490,382.7607497785443,417.1968077888614,437.2640855462298,448.9892598277711,454.06007830352337,448.8308614782502
4689357,219.89572165063578,228.63099902514568,229.60218085924043,225.9906175128824,213.17773097702025,196.80058982417722
4689412,-473.05355756519793,-432.82473301852565,-410.61261127638636,-391.7602426341605,-360.8072924962173,-336.72660616845883
4341126,324.3068356986753,323.4792654465339,323.30688312775897,322.87990341678665,321.6924708471479,320.8456194373382
4341291,345.7843233712024,345.3377693326697,344.9451123703425,344.60891847245784,343.99219109985256,343.4174369723612
4341289,322.02246187947617,321.4107239236771,320.8931378510488,320.50764754030024,319.9025882598362,319.5219705617785
4341124,478.9157730224979,482.2366755235994,483.93834378094607,485.6759334121423,488.5291782284389,490.87916968787795
4341299,721.4850373190827,720.3192711178051,719.5145853732133,718.569929662847,715.8206498885936,712.5270315949876
4822541,131.7956211174319,131.252360393755,130.9423141986622,130.58523534901292,129.76593324255032,128.8564487608537
4822540,388.68656743676524,388.53946361020417,388.41308805787344,388.3037252361437,388.1368539174066,388.04873596794164
ng2888684,-923.846112320407,-923.75326906851,-922.6308812464417,-921.0011548864036,-918.7172983883922,-916.322199783468
ng2887718,-132.37471503053348,-129.46320083897126,-125.07933297996465,-120.35527206538836,-112.42719562212005,-107.8751524835568
ng2887830,6.901605668632328,16.67202594100536,23.488616690872504,28.293188115684416,33.8452522570708,36.318024381548184
4822528,355.839622530772,355.82165683357016,355.7957771461449,355.75880291724025,355.7036241370522,355.66742544655153
4822529,-30.356284324906937,-31.322925476215914,-32.32619902106262,-33.291959576013824,-34.947546814445104,-36.14084003887433
ng2887831,-19.601837907939853,-18.708208386187152,-18.091968877254203,-17.432698050577073,-15.428194139589777,-15.51473621818036
ng2897686,299.0068043175912,298.9890761500395,298.993384689294,299.0032079982527,299.02270523277696,299.03429101122276
ng2897714,349.0711039857099,355.79550303797714,362.10616194112185,369.06929690295874,383.0234161706803,394.79494315942657
ng2897712,141.9437449669831,138.80083014175034,134.073112421961,131.07200526922634,129.85227714121152,134.79576227589837
ng2899356,631.5495414941012,630.9402547579081,630.3459680221742,629.8154624951911,628.977670563117,628.3768094836984
ng2898640,398.65613812668107,397.3204038235722,396.8044874824261,396.58604886851947,396.5450856439094,396.74187611514776
ng2897943,342.39397686800885,341.7268425766781,341.2939072465049,341.0228598044155,340.7289556386929,340.61709578906357
ng2898641,7.384236722372748,7.382206368540778,7.357991427229649,7.337922934889889,7.3266286364062125,7.343873865583532
5013626,168.8817021992752,169.79393381246814,170.4604291607709,171.13430442147182,172.511392166615,173.71869126278443
5013623,26.95767559240744,25.747270848164362,24.628970408129135,23.655628234564574,22.128078680204,21.043799170840202
ng2899113,317.24941298910517,308.5042991033042,297.4141339555715,290.3952966556981,280.10269897902003,273.15182126021
ng2897940,445.8815568314212,445.8344682424904,446.0226244713731,446.2393543720484,446.69983955155817,447.1778010245457
ng2897937,311.8837790452858,301.2216342156721,304.98510771673114,315.1296939375086,344.02028493222224,378.5338734132956
ng2897939,-163.9938219339706,-173.8286913480281,-185.10748869069062,-195.42649921121006,-213.39795771917284,-225.7078811370136
ng2897936,921.1824966490128,905.1068661842013,912.3796471015432,914.2549788399909,905.4479564011507,894.6728146665256
4689359,-209.2624356575766,-190.38081465626942,-190.5914114931145,-195.55303212208264,-209.9262633217404,-225.5874391874181
4689335,-143.58406369459544,-149.46537196952454,-153.94780590978667,-154.67756991229635,-149.105265340781,-139.65871802112497
4689491,530.7862727585896,624.0846483635314,667.8012358856733,693.4940541482918,723.8646993466173,737.5947079317527
5013627,49.38407961246321,56.235965012750285,62.732889438513666,67.82852798494059,75.64830700488915,80.29752396799427
4689336,330.5091865591544,378.7492123138293,402.16578685035756,413.0887566031613,417.76384623381455,409.9171210271943
4689492,-479.3197363586012,-525.2612144708573,-566.5724517563067,-597.3018951317777,-631.9776591677773,-645.2894992619006
4689360,-250.47340625167112,-276.5674518926503,-295.00497071177006,-309.4376022073011,-329.3586670498696,-336.59442352046926
4689416,300.06595300872596,355.58662213900584,384.61803103066995,402.91647846705723,423.8297682201296,433.76180380683877
4689415,-372.8810615884927,-325.717070346632,-305.72889999230233,-297.3383014312026,-300.9788708499161,-320.2607760448791
4822531,86.07533228153534,86.4363662501512,86.7041801288608,86.98250799504626,87.55322436745087,88.07156407150137
4822542,-76.03270423094136,-75.72352359121669,-75.69000441872163,-75.62752079145434,-75.45904289137911,-75.27743677401736
4822543,-114.63347623758432,-114.31736887783904,-113.95472617132236,-113.59453008112541,-112.87122916034264,-112.15310463859214
ng2897973,-88.01446816637326,-84.63025627689717,-80.28102995574955,-75.6945300664081,-67.06450463531701,-62.90817598640797
4822530,-47.18267168447528,-46.67035222916388,-46.024761125769146,-45.41227893491805,-44.46358105813624,-43.89007146142967
4822555,-53.082441771004596,-47.42094362095963,-39.94575142050053,-32.94641198311297,-21.3290285156329,-13.482494642758184
4822556,-250.2571418311138,-250.28884264456246,-250.45429475969786,-250.64756880121877,-250.89587484260346,-250.8812305005199
ng2894260,167.67331909911627,166.5192892587977,165.98373645782522,165.49626130304432,163.96419761420293,161.28123538531236
ng2899271,199.59594715927574,197.4604432199376,195.99421481635136,194.47296416198242,191.81726782134342,190.00875472120197
ng2899141,85.10512996951957,84.81902774812033,84.34979785404767,83.8561600833541,82.80539937996264,81.8645241626134
ng2897976,430.13481598702765,429.86444495330534,429.9694943035829,429.8898462445402,429.7111048143124,429.6446331727773
ng2899142,114.07365961520941,110.37756977146387,106.2197782073863,101.51567308331073,96.41917611936583,92.86261765997256
ng2899085,-517.9873648070943,-515.4967796001522,-512.4651153830373,-509.1021206241164,-503.8672403193764,-499.55127583879994
ng2898993,35.8255905834435,33.85401017867389,32.39030333966548,31.458712489788013,30.8569228297049,31.535800658852622
ng2897975,101.54499016168552,110.07209180556879,118.58428366216799,126.9035795800653,142.51793687727718,155.13508149738072
4689277,339.84974269613576,316.17066752366713,314.53020159435664,319.73776297566883,338.50699449839567,364.88239101718386
ng2899086,492.72177263916865,490.8519924520642,489.21679050496755,487.6998300813186,483.84972248802774,479.6452126299507
ng2899307,232.25646218662723,232.2167989391337,232.6650765971699,233.0104410431236,233.27791323388078,233.66253159805774
4689379,-335.6235893568967,-368.28437524215565,-370.78226025922095,-364.1842791101551,-337.19441500769017,-299.2126046019814
4689257,-377.32341748947647,-446.02818781611586,-491.91565611898955,-525.4829823244336,-574.1821714080593,-608.6626899484606
4689278,-95.99658162081096,-149.21117894715735,-176.6623628123266,-190.8795548880446,-201.1888074400781,-199.69357642363138
4689258,132.7048437509277,106.2694194370356,89.205950304407,77.12995351224049,59.47489764464899,44.73900532073776
4689380,562.6314018981716,556.1291246106518,551.2269417596904,545.3460223758011,536.4247124641142,536.4065666340625
ng2899087,24.246917814829203,31.298368982208785,36.356028736723374,39.69496010817511,43.05796662515468,45.18273600918906
ng2899291,177.30223859086527,177.87661492233565,178.69049110369588,179.27097129666572,180.301824611784,181.08116828442917
4689450,-375.4757775715759,-416.2131072956072,-446.1363291286516,-464.6894136068395,-477.69430944819123,-469.93019947113567
ng2899280,98.23240237606728,99.14015954579509,99.61962249971202,100.13919644145426,101.00823724176053,101.48885612600634
ng2899276,65.52224736797461,64.78858976093125,64.07403040769441,63.38054056073429,62.147079427534436,61.153075248505274
ng2899278,151.53593623780057,148.95321651220252,144.59041253086275,141.81688633593353,141.4992335357456,146.57902536100505
ng2899290,206.27307820313172,205.79308784119257,205.29047582341013,204.7688109395126,203.73192694352042,202.88184701964224
ng2899144,-5.66653492937121,-6.183504951726263,-6.736942781576317,-7.258433048227289,-8.04291018078402,-8.558457610203732
ng2898997,296.6520652498184,289.303956882173,283.43155245406047,278.6206932986304,272.06455287411836,269.2693618116182
4689313,-342.72331354944936,-342.5931200930968,-330.8350355983134,-315.3542544439604,-281.7417827812842,-252.02572701135136
4689347,-356.1519665732444,-399.6061890989149,-422.5081215602786,-436.22626024811007,-447.6218834782717,-444.89529312568993
4689348,380.7565688098507,423.64265643442445,449.30377082629434,464.50516339954834,473.6681875379618,464.5518836170679
4689451,-597.7323622852448,-614.20209048782,-615.1142385338394,-616.6687337051285,-629.9589784843853,-653.305068558916
4689314,5.304921337705764,29.323123868439325,40.67650128891046,50.37602198672721,73.05624106330401,103.43909335941726
4689322,509.946015183893,565.8687861590663,605.2547780237082,635.9523132010186,685.9635927817617,726.0134764112788
4689321,90.62833765104824,99.63656246892674,103.05812122634484,105.9229418358284,114.99165042056438,131.86103503439267
4689289,167.83941193685087,137.5837892255256,124.22169993248849,116.49832374563312,108.97820960442277,109.87997698771983
4689290,247.89478545401244,221.76597570337594,203.49931871595504,189.71550980867573,167.9971332665566,150.36410888945238
ng2899163,-39.22764288237977,-34.44974876737092,-32.165543146345044,-30.13570724085207,-26.956423855996036,-24.95157659852407
ng2899424,535.8249103675942,535.6672084319307,534.591647428053,533.1786220408048,530.8526812270347,529.6841265376818
ng2899162,1.099196746331927,4.571020271928774,7.318154242071159,9.708026328910591,13.001036274312582,14.15989901627836
4689361,181.5153766382714,162.2346725801135,166.96764129037615,177.42450572359758,198.3530663531635,213.63793972189728
4689362,538.2883500454698,576.4799174663465,597.534898766364,609.6349494252509,620.3429373547715,620.4021361624959
4689338,156.99128684273342,157.86410316563843,158.1706346609585,153.17924218374947,127.90868311330996,89.97109403695526
4689417,-231.94068547613847,-292.17925114232366,-317.3938829242561,-326.11110855099605,-324.03747729099155,-316.14843581534615
4689337,-517.1761846298764,-588.0163679830109,-629.1932860888264,-649.6555213474362,-658.4007309077981,-651.3330070603529
4689418,448.74591765588093,464.2184878532396,481.78458924997676,496.94502242687736,526.1558415610423,557.9073739996297
5013628,72.58170939383513,72.66724150493587,72.5299849818789,72.47256426107037,72.67926749225057,72.93619570758301
4689493,338.58920606775314,353.2090862608982,376.7673700606847,396.8765565314345,423.6637559277128,434.6751086979516
4689494,145.7879109051098,131.16001171766743,126.95573780322889,121.61253297610665,105.110494356745,87.8417973503415
ng2900048,101.13102121595739,100.58302864103234,100.66723034982897,100.48416530574991,100.04161886256043,99.76365947125555
ng2899452,-213.10367471688983,-212.98001677358502,-213.38290186840527,-213.40106314800278,-213.40969284872995,-213.49035934567223
ng2900046,606.9888097226794,605.7088115445215,604.5650684370894,603.6322337464768,602.3324082155444,601.587572343597
ng2900962,201.21133104852652,200.68744860737775,197.6684612087763,198.46331967224455,198.01288112315297,197.92124081889915
ng2900047,156.4091381118942,156.31771916586786,155.70971394919525,155.21432941836133,154.45408167928667,153.89071822347478
ng2899998,327.6907229806425,324.4570452740604,321.35088950175896,318.61703754925134,314.20588034780235,310.96164919575995
ng2899453,456.51912326539787,384.6017423217088,358.71357016234583,346.62201550434816,340.5370254216382,342.49345966732426
4689260,309.761722037289,378.73777006392766,413.5801008705355,435.762654427225,459.95616837419607,469.22092434478714
4689381,747.2277781132098,795.0988170376268,806.5771763193127,805.1831933206817,788.0852879142158,771.8538789907334
4689259,236.42500424456762,268.7879419979872,292.93886823014805,306.17704191195526,314.4164921944689,306.672206651996
4689280,629.1266627307325,670.0320886705506,695.1274349246808,710.4991109875018,725.7051516954209,728.3810791376554
4689382,-284.44596947062223,-299.55913161705257,-310.9568129150514,-319.46917406177977,-330.23568214592797,-332.7728153216474
4689279,-329.8259313816552,-338.34357453831626,-359.7413261324357,-383.9698320817338,-426.55814601759494,-454.4313617278947
ng2894261,340.0258663801799,331.4562620445422,327.2525008696184,321.5292458585827,309.7075945612344,300.5472280187612
ng2900884,61.794571414438906,61.10169540480592,60.426886575875415,59.7720036931662,58.607278585935774,57.66872938873644
ng2899997,-58.853973561993826,-60.03060482352953,-61.14944504221012,-62.077351991442356,-63.39564420941724,-64.2276360076246
ng2899759,494.13609366484866,496.73577026635576,498.52604816406597,500.0045464239611,502.42500210830326,504.62412102843496
ng2900000,133.56499143259816,133.43590055580398,133.69906036084626,133.70093302231544,133.501956128948,133.40215884859776
ng2899995,217.49415753391622,217.69492872256956,217.9813094822141,218.42397404906364,219.0088250035194,219.54002060091193
ng2899760,-46.490662494196386,-48.277480462592166,-49.92782403771844,-51.38792492973721,-53.75973012200234,-55.44575962977319
ng2900888,32.97748609285986,37.545720702058134,41.46191014298711,44.73116619378652,49.560980350190675,52.9242250413306
ng2899996,84.40478093822162,86.58784134973916,88.40442797111973,90.0776501642963,93.01550019324941,95.01406695404194
5013624,136.13972825849964,137.21157877705923,138.20180455168838,139.06362597924135,140.41607144030195,141.37599937967457
ng2899761,-10.481970957134081,-12.643061554048472,-14.5278784250238,-15.843380951093195,-17.228348992482097,-17.286161278625514
ng2899762,83.43306562389557,136.08161466456545,156.0831005837374,164.9256195286432,170.73634768255147,167.21872864289003
ng2899991,83.81983465749795,83.32096536519066,83.03182455054161,82.8526016161452,82.0000356095045,81.80230213729328
ng2899994,59.96453208656453,82.77137920825362,95.06514958937714,101.76177896957006,106.0639067378861,104.07030584846734
ng2899763,60.86602328031495,58.25287623799977,56.295524009063456,54.45795839761604,51.46456168767304,48.89951131273415
ng2899764,434.8041539641097,433.0992654282861,431.7836050580704,430.3818196620923,426.76419588189356,422.7592991383533
ng2899765,440.5336529076835,430.09322390201623,419.9610432282045,410.2471755849731,393.1537732613831,381.32043279882987
4689291,-156.0115682382018,-149.18253949487098,-154.19702207664182,-159.34719972043672,-166.77499861314755,-173.27992514426182
4689452,924.5444966825821,988.0535074810645,1021.5955506418005,1046.4485191376389,1084.0268898076708,1112.9897902631824
4689349,-91.96902156329475,-130.0505105834593,-163.91254885662715,-192.110959999103,-232.28133084384717,-258.52538652763064
4689316,798.757114051342,759.5486679716427,759.6921499769123,760.8596246609868,757.4862133919445,753.4272543917325
4689324,-60.33069216508147,-66.40879038264939,-69.25933208917422,-67.60682558257986,-59.51291957810531,-47.00610334944054
4689350,395.66349275482366,405.110743228998,408.1933005816318,407.16304300515276,392.4241372633676,364.16094784846723
4689292,124.04563561690316,171.38612400112834,202.0954170461098,220.6370522509751,236.6078755457172,237.6897750895646
4689453,182.04620307297955,205.28597666404653,220.2518018837402,226.49837432642562,226.16262317540122,216.6758037404063
4689323,-203.99372638386512,-287.3342249569937,-346.127365128835,-393.00815282887766,-467.3819771543756,-521.3492678380355
4689315,319.55373001523526,317.0111256153673,306.29274014337784,295.7674383492358,286.21008746491566,297.6229530633068
ng2899753,-88.9382965744594,-83.90438593758017,-80.03312302725703,-76.71970435559092,-71.92979820098162,-69.475732872952
4822558,283.34120887598397,282.60940241324647,281.7699152890166,281.05813634144147,279.94582252414966,279.11045215142303
4822557,124.3758514587139,118.59201399734911,110.97373938967553,103.88355143439094,92.25688620807637,84.48938839891639
4822533,182.91743128291682,183.40452916853383,184.00064994439913,184.55621415020346,185.42953821852052,185.96819436948772
4822545,276.58601627116104,276.77248773862357,276.7221947228379,276.7148394130768,276.78968518790657,276.94954048854675
4822544,172.21510565279254,172.38112010479267,172.5932249117427,172.8204668796336,173.32798362821381,173.90447642394065
4822532,349.2719668743098,349.6239651639921,349.8919018465699,350.1566455252573,350.6975222890703,351.18169343213526
ng2899754,273.3761311648939,280.3621562689027,284.9861551083725,287.8590215738857,290.54888595393436,291.3637024799352
ng2899755,72.99515373198165,75.73915698809037,76.61085513366174,77.46374331929542,78.77499023456971,79.3032609401073
ng2899993,497.13089715164347,496.44700235559117,495.30836309839833,493.92470444999276,490.7376807297569,489.84880853072104
ng2901095,52.975032746414854,49.96390388790837,46.07019223562111,41.995372377459944,35.207933534776885,32.2041816809633
ng2909019,121.8847584921698,116.07257803325501,114.22303233650291,110.44812773948456,102.11788259301602,96.03105019103214
ng2909017,259.39518747822535,260.1756887189615,261.02840354599493,261.79951136632144,262.9657341109098,263.82561694589367
ng2908256,113.63911481518107,113.6715818911639,114.64803342192045,116.49863270913556,117.33786051722586,118.05479467964756
ng2909041,155.12232050487864,156.61702090736935,157.52380978076872,158.51913716067338,160.13125997577254,161.04757515241727
ng2910588,419.18045409695515,425.6516404919553,431.92368233126535,438.5762513675611,451.9517254745824,463.25869082881786
4721983,498.8057624407593,495.7022476828822,493.60341812207093,491.4751629882626,486.70591951274105,481.95744276706046
ng2910619,110.39740689685823,110.74989174285861,110.93370436842156,111.04133745213244,111.67220901797964,111.56489084015357
4721984,168.66441205787828,170.03206708148787,171.0479543543604,172.26894768111856,174.77555544862753,177.43774829794143
4721990,97.63590370723205,96.25885825082537,95.3359269058285,94.38851791606885,92.77651485175056,91.75809347246741
4721989,329.65728173502544,329.9581074180228,331.0013679208962,332.9856519075365,334.25186897415097,335.3793025006287
4722002,217.77188007542395,218.19792287500218,218.6067939256734,218.98298404893467,219.4410818563333,219.72093181247783
4722001,469.5763118056816,472.61244905680815,474.3588780865823,475.8910636445528,478.43554488096356,480.5740649328002
4721995,243.28306864939373,244.34148448424685,245.153606115231,245.92540069254028,247.29260485862847,248.40669280897941
4721996,181.05139484894767,187.43962467596407,194.00899984118496,200.74987518340413,214.02438891528936,225.25693784181976
4722008,221.04318856691452,220.37166488388016,219.7370647344228,219.3106516983778,218.3338465617594,217.66086094413913
4722007,351.6907408201796,351.07576254184596,351.24507139854677,351.1293987065055,350.72072364597875,350.5567345643201
4722013,241.23748226626412,240.8385573361386,240.30209833789058,239.98498334004853,239.29064273209997,238.71733342376274
4722014,58.45949320505542,65.2209781958552,71.68858084390263,76.84149812063902,84.74942805322348,89.64823690827075
4721992,157.18730297990896,158.49863014108837,159.43701098921156,160.29693507746424,161.9503400242843,163.03145570572428
4721991,78.72077336107918,78.87928193517064,79.69906714922354,81.4838974380682,82.39120963725327,83.22928442636066
4721986,47.891418525916606,46.19722948817571,44.99287399632817,43.88269936757138,41.9544302518766,40.581463254384744
4721985,286.94063888165147,284.4344026091767,282.71823011326956,280.6983061453575,275.8174965916967,270.26578388768644
4722004,120.60944913630533,120.44530158509747,119.93351334362433,119.61635603431614,119.21118558921376,118.86507101794223
4722003,129.88430950314478,132.51589240610883,134.3006802530581,135.7196427046781,138.10618302460625,140.21375657244948
4721998,87.46216753005365,88.453393927163,89.41613183835057,90.30128962877279,92.01473641689836,93.43315225195397
4721997,-37.63086655276447,-43.170213735765174,-49.077360381723565,-55.10924470630425,-67.14859242131729,-77.39763047048336
4722016,100.03634370320742,99.9894651385805,99.77602665912059,99.66687962388369,99.20794145978107,98.6398760246102
4722010,6.109144036804537,6.184056374179136,6.846133873130157,7.19229783365131,7.589491607455102,7.947497748304386
4722009,118.89875693286876,118.8570567931074,118.90421889830509,118.82725968026216,118.9167034946654,118.99997589054556
4722015,70.40593349505616,64.27195881136618,58.42631100788594,53.80337887491055,46.80287195113647,42.61433390401612
4721994,-244.79284009819185,-244.84419040790135,-244.98372467369813,-245.09423697732905,-245.31670931949407,-245.5101189487682
4721993,-195.39981663114645,-194.4312301599282,-194.45042584688576,-195.3431769520564,-194.88928898465542,-194.85161381231296
4721987,-357.42384994530426,-356.1313072878802,-355.31433916692936,-354.39798612564164,-351.84842622826955,-348.8465285313307
4721988,-208.5334229826999,-208.04769072884028,-207.74401457273166,-207.69436381954915,-207.88037604185024,-208.68321198304193
4722000,-249.8933182687408,-255.83611303414204,-261.89461847132065,-268.0382467556253,-280.15626895387345,-290.4411200665327
4721999,-200.47373382840146,-201.00293514569967,-201.36550895703272,-201.77233967469397,-202.4678040577487,-203.04150038665034
4722005,-341.9719643126548,-344.8120242483019,-346.8211479927429,-348.47058746906237,-351.0963199642317,-353.30417167322344
4722006,-366.0452668885314,-366.4400471267211,-366.4405060323122,-366.57067390861675,-366.7518126956361,-366.8097809298588
4722011,-374.18023246754706,-373.55776526626437,-373.09323650381134,-372.67240985512785,-371.9288972068016,-371.44318957378255
4722012,-230.59198727639682,-230.07000520108204,-230.13119543741527,-230.07382149159685,-229.592399326443,-229.3406118757864
4722018,-160.15950803636656,-171.187350521423,-176.15237557572163,-180.1705958483501,-186.0781369225915,-189.4877844876596
4722017,-173.7393560394969,-168.16794731256277,-168.28799652951352,-168.426177475616,-168.71782666558852,-169.02443552350246
5073456,421.22705228969266,423.2623627364826,424.98935491726024,426.1220164534268,427.62523851625633,429.0010244216719
5073457,7.192126739945252,2.8095449165762147,-2.1218122206234966,-7.022757615577802,-16.687682488116025,-24.499510863222667
5073458,508.65841640676217,507.4683906722071,506.54794667901433,505.49291582688056,502.6977582840225,499.5702143650735
5073459,2.850459198818271,-1.7464896782344113,-6.371437688812648,-9.997181879188702,-15.489043403722917,-18.709373836269606
5073460,222.97209793000775,223.40280624232764,224.42612301747727,226.21690200172088,227.461369481058,228.4643985701175
5073461,260.1992362178771,265.888777094523,266.01014227840665,266.41006147101325,267.2182060991013,267.9791546325821
5073462,53.62195178773936,53.28573075503596,53.15446092460775,53.09837491018834,53.242786048055905,53.48375998273855
5073463,56.82202622837622,57.22531127662796,57.236665687462164,57.06722325859482,56.79809169301643,56.42829450039358
5073471,-152.79198005083936,-154.2960870290956,-155.38445246509173,-155.92334283701234,-156.29426712624786,-156.2017143888936
5073472,-223.34199417943455,-217.35292797584611,-211.59117103404515,-206.76145960730514,-198.3235434410244,-191.83998107143339
5073473,50.90749276301722,50.65915175314376,50.255464965194506,49.816820488232224,48.95951335016434,48.29721047670546
5073474,-10.564326370590834,-10.622117460059371,-9.839077714037103,-8.336062623782936,-7.410856428706211,-6.571180585863431
5073475,104.88793602448641,106.93521710582195,107.7611451666885,107.63781252600302,108.88348991743533,109.99909131688128
5073476,-92.16949642727786,-90.74973566538847,-89.3542726185824,-87.82189000434391,-84.1466268927395,-80.27501021684634
5073477,-63.83467541492519,-63.50223500795164,-63.04758560841401,-62.04634342840063,-61.92408100108878,-61.78283484011922
5120889,314.8583702370054,316.8894577024603,319.88187648544,323.2104262141452,329.1914638998244,333.34880044227407
5073478,-35.60856019171206,-32.2687275986475,-29.888799482404465,-27.6691496059766,-23.28666844488248,-18.830917895504626
5120890,106.25269192370797,105.8673714773588,105.44542294637108,105.14494996293797,105.15001631356563,106.02515512514924
5142515,-270.05741902222576,-270.3354243541046,-270.5555238548777,-270.77268836648,-271.09874620378105,-271.13163814910604
5102655,230.43904807342005,230.40157364163247,230.3399309053982,230.4150885008214,230.8271077113077,231.39392324610503
5102656,214.3136779482693,214.64200330102062,214.98131103062929,215.33970672649798,215.7390685569767,215.46594982742863
5154229,396.6781123231592,395.4825501239993,394.2746784182441,393.25650209893934,391.6025736930967,390.4647711000998
ng2945534,-47.37600120466277,-49.42137950012807,-51.43338132793929,-53.37769743607805,-56.72278704579958,-59.11352244937416
5159787,246.7042382974223,259.09089468549655,263.4354214376019,262.76967115378307,257.92554465229614,256.8059140764533
5246472,341.07281464901735,340.0816862223203,339.2153757494409,338.4310203280595,337.5018260607792,337.58331176158504
5267182,170.28406444760844,148.14600236221327,132.7598905012726,122.40431238698147,107.5540792947545,94.90145999605215
5272290,94.02066301581158,91.89177343256642,89.8436364390177,88.02802651817092,85.05654417304208,82.98204631537806
5224974,116.15370904148631,115.56744909994177,114.94106188949308,114.47115664557441,113.72015193050629,113.19353776690878
5210338,-724.287786785853,-724.287786785853,-724.287786785853,-724.287786785853,-724.287786785853,-724.287786785853
5272311,486.7455936851793,487.85699543737155,488.9216118985669,489.8433785329107,491.23347490955007,492.2368474607397
5210339,410.47657606946575,410.46182439008953,410.4362237089381,410.40778652862525,410.356479851686,410.3178137931503
5210342,306.3097255735446,306.28657154397627,306.2628919304466,306.24218338451806,306.2074915208069,306.17756974928227
5272727,460.0797377240092,460.0449001524173,459.92146816640957,459.80086963269,459.6260594759267,459.5448847230289
5224973,-164.38893971959772,-164.55266994431327,-164.6903710622646,-164.78786114038314,-164.97567497028433,-165.1069916510471
5224976,-319.8800636065888,-319.0754545908378,-318.8724246135167,-318.8716076010862,-319.0301999545143,-319.19991119949225
5210343,478.01090181311724,509.8436789990701,517.7667304159572,523.5134946910649,535.2901768952179,543.0705453762996
5124808,47.90757336451452,49.853019156660594,44.5745555217552,42.503109122240176,50.75535078687062,70.10574454572247
5099917,116.7989393895175,105.01254358663004,99.30917811917288,96.99394477844885,94.75658566375091,94.50955557229372
5159758,-27.586988614148595,34.754397355006404,70.92513798456616,93.73209359470161,115.0325107907745,111.45160974033047
5067289,247.60542235665162,278.710492209884,290.8818463451528,298.2881635034573,306.093174518845,307.21184262717475
5067290,377.36293487557487,419.8353728388729,445.465276173898,459.11679599956756,471.7942379298945,480.0724499637629
5067294,146.78200803507661,155.62006397884124,157.94393904391177,156.27923867957293,148.03894776886818,139.46170861716791
5067287,344.73260786905325,386.9310916563277,421.1837297699094,449.7611203866136,495.96411781241227,537.0659970821778
5067293,90.21403700605583,69.35709675824455,66.07868100519136,67.86244798629127,78.52286819168921,93.46112356900449
5067292,193.09602795039427,191.2508564773343,194.07933189885375,195.37961832830706,193.00044394588554,186.78569119439908
5067291,172.4520337587344,164.9990538227653,165.2101528120827,168.04062244790816,177.55319754466768,189.22130832614266
5067288,117.88703485189262,74.08037017297147,49.79782814457849,37.42459025191329,29.530697005304773,36.96792066976968
5089476,61.96797739292333,7.603494420608058,-23.069068700256594,-40.94242719998283,-57.85025208545676,-65.40194368920311
5276126,-112.80574174207982,-112.79302498361835,-112.78908686786758,-112.78722435309555,-112.78599644398923,-112.78974876249185
5276127,306.9024145868277,304.559187726489,302.27252053193047,300.07960810419695,296.2821278253027,293.5209907557671
5276128,367.1588314001359,367.0734102007326,366.9177095702752,366.75513006334654,366.46009540961404,366.25232426557943
5147840,179.3402153420534,177.6821100100401,177.85422944199604,179.01227998085892,181.53973568759284,183.00665527444517
5276130,-79.06166219740203,-78.49986147211666,-77.97659641553764,-77.45398737980554,-76.46992599555415,-75.67691322338123
5276129,391.10343849501794,391.7742471128354,392.11406741763835,392.3173601038949,392.55235648692997,392.66934687950527
5276131,-170.47605449409502,-170.59274506127235,-170.56833313415893,-170.50332906506196,-170.3788274243285,-170.32732332432818
5187284,280.08153798373496,277.4737294891363,271.6946695411093,268.9016876670544,265.0865266937885,263.1273054864248
5187278,4.546055710901328,3.573522828160776,2.9034412620837884,2.4651499798867462,2.1453242076338483,2.302195335311353
5187285,21.496327218459783,54.996591423478094,67.36436187006484,73.65875160731707,78.67348606557971,80.47964692274695
5187272,-248.89311015380667,-212.9871646405586,-189.33741434161743,-177.65436997784514,-176.53679204387527,-191.61994639877366
5187279,259.9589967506538,247.7538919428855,237.43792948372447,229.84298990503953,220.19288449067608,215.8060709929175
5187288,380.7594031427998,379.85257184493025,379.3607014198269,378.9761514071297,378.60170159426525,379.7193568163948
5277213,124.75205392002295,117.06423292965655,109.97646517966518,103.93804300570059,94.82880606823232,88.58489241226835
5224978,-39.05264587105387,-39.32917945239785,-39.70326639183156,-39.916570970368184,-40.21928677856988,-40.39729317176034
5224977,-37.213209934493534,-36.96063606827943,-37.00939720601673,-36.847468358873584,-36.35339292019148,-35.97911023930101
5187273,340.3357420650416,337.08264338647723,335.8712706635065,335.3389147052119,334.94677670234046,334.7810297476276
5187289,322.2621304752115,313.6832108334313,310.7636828074303,308.416154792327,304.99529489113456,302.97072911815894
5277215,-41.26517687799446,-41.19989868287371,-41.19223958513203,-41.102012890861715,-40.782967002720625,-40.479066665035816
5277214,-27.91949638668234,-27.544459928916922,-27.16418549164473,-26.79409509090374,-25.94525226842802,-25.291500028308974
5210337,450.55942783901196,429.6137016002888,422.2457252357033,424.8660301825921,441.07465588792184,458.7831238700885
5210340,28.487003112905313,79.81144984967273,101.44074624544555,112.74746360845074,122.94511237111988,124.7597944501199
5224975,-119.75885850180339,-119.50799819846247,-119.3193875152001,-119.21434520210778,-118.84994060659301,-118.56392007662112
5277128,555.8053703159367,552.9496299894195,548.4952002071004,545.6406700458813,545.2559283171274,550.6268018460048
5267352,-7.596314633834027,-5.830296769109054,-3.9545348007679877,-2.295602169108406,0.35194698855934803,2.1525590991634544
5154117,356.2035272017945,351.9013921420533,342.4876950387693,331.9943765200471,319.4461891180258,316.84519770745646
5166907,409.7649802376918,365.27479165488876,347.4663691798562,339.7078304807376,342.16203794456897,357.64731356103357
5267632,-5.210513736445364,-7.700086322997777,-10.125687694075168,-12.575801207368613,-14.499390840443539,-15.01185074138948
5277217,80.09052307458228,85.21337792463055,92.22365250974053,98.94890255905716,110.5250126433018,118.85033240544021
5213030,-19.145746305042394,1.8670567881081297,13.438959365365918,19.113279689125648,18.805545355288814,6.7390354440044575
5276132,235.7828125477347,235.78161816010152,235.82492659055583,235.81981316328074,235.8103328632285,235.80657433143165
5278189,67.18214669717554,68.08821237853044,69.5429609050243,70.33296995039723,71.394681887675,72.13331806869405
5210341,194.94759552939536,195.79509200292205,196.57649874567574,197.26455121265212,198.35983443508007,198.92278944430086
5250866,227.84562775095742,228.69675862899066,229.6402641027903,230.52774735694697,232.15837808787182,233.5324446355669
5124809,154.18418258450197,206.53684507922958,228.85769973470497,239.18018444546988,245.55778699869666,244.10156314194933
5110541,126.93110748318668,109.63096584498294,104.3199167549476,100.53785124022443,94.67475531803348,91.00875226119774
5098972,41.21991274460197,-3.5042577466019793,-19.07316850186612,-25.99013163192899,-29.30633477392439,-26.84286984894993
5249576,448.92551629614854,475.9684771119246,488.49263380559455,496.05106017001935,503.90036155914845,515.2925278958899
5217275,-16.270575349684577,-15.160302458278693,-13.987525007097474,-13.106501661797665,-11.876604467533298,-13.47575483225205
5276133,349.4838883724078,349.47260955280944,349.46194813712543,349.44787414534994,349.4237304329256,349.40691810337114
5264689,782.9545317759357,782.0180123062428,779.5286166190022,777.0809516185452,773.5738604373691,770.2956418196561
5267183,-42.39102009892645,-42.88607973625358,-42.758659714152145,-42.57789384792386,-42.24245297156972,-42.082097235542506
5276833,205.81072320964608,205.22947682926406,204.52739018872126,203.86141999914753,202.6208249911383,201.58988279303367
5267218,-407.5944564446643,-389.5894398155483,-396.2616122932516,-400.8166113132595,-399.8528103985011,-391.4374659858835
5267317,225.82270974652852,222.8157443161101,220.48837477343727,218.4195346749484,214.9929459392606,212.0107300268478
5272291,45.46364939231353,42.81559526899264,40.79452705541303,38.7911040377885,35.373468996166366,33.01217711210688
5276834,15.933610998812583,15.782652735916827,15.96149266894031,15.984293371293916,16.01419203041064,16.136581287059016
5266832,114.42816007203965,117.66717562346548,120.58307077338873,123.12468952313134,126.20822335938306,128.2529791429149
5147837,14.753600368291018,18.24079790443693,23.226816052974755,28.33345582626157,34.58561469610254,35.726981297939346
5159759,143.42145260959455,131.9414789766081,133.2632355037838,134.44885454572363,130.6662816269827,123.54275865644331
5159760,210.4169417315204,224.8697840972627,232.62747150159726,235.70512220605679,237.29732049026347,240.20722940830933
5276835,363.3278697774624,363.8818614603849,364.3822105528925,364.87123990318696,365.67894833494756,366.2524776500918
5124810,-6.096044154511219,-19.679069344196932,-21.239606914496107,-12.2726162297879,27.0679427247253,80.44152721124556
5276694,820.550905635973,820.5504773860379,820.5508495405732,820.5514460698187,820.5525651171791,820.5532917830237
5276695,-251.732832857247,-251.71901030417973,-251.69390679387914,-251.66583885339344,-251.61515591150544,-251.5770768752817
5154124,-32.797690228393094,-39.522485056723326,-46.56277408151732,-53.54465309686134,-66.80570128789554,-77.76845188653283
5083233,-26.30058439722211,-66.00236820088844,-92.33311503505797,-110.9580735706727,-136.41872645160856,-155.74143780562213
5099918,-176.43582761176776,-180.9836222140416,-188.1683761509521,-195.0170254478776,-205.281313292277,-213.73517785026638
5224982,366.3334053655285,366.4686631459688,366.5824274051548,366.66297565250375,366.8181630222566,366.9266770205061
5277240,-592.1647850971627,-592.3753761079106,-592.72263097257,-593.0818942000624,-593.6635072166933,-594.0289387792424
5159761,63.17079089284812,103.33822094790048,125.94667256014509,138.54221799023344,141.4565178440937,122.28400964500315
5224981,450.8311388081938,450.07038230997466,449.87844110041544,449.8776687292501,450.0275985055639,450.1880461901636
5277241,4.802350885759438,36.02102146830828,43.488697751090285,48.796591509325935,59.84136013639113,67.15423478519062
5089478,13.821809119699537,-36.52096384407423,-64.62404763085578,-80.78328256173427,-96.10050954332019,-104.06725013270693
5276134,118.16939307002417,116.89270210043264,115.64773921141182,114.4751812661707,112.56230097035132,111.31766749565918
5276135,-45.365360971088876,-45.488133072385835,-45.45792222355135,-45.389696974865046,-45.25926563406847,-45.19562751603303
5276136,87.1316871210156,87.12098308272891,87.13005533030241,87.14310505657886,87.16664892494248,87.18063635691817
5276137,99.98381731352515,99.51592782025864,99.03541346374186,98.57346036844774,97.73187203749558,97.04802663795772
5276138,148.4182527889251,149.14765290698892,149.6403550255003,150.00985648117728,150.54897376696192,150.87849161176712
5276139,151.92547697136024,151.92782273973773,151.91672074981705,151.90733056983754,151.89174055808292,151.8795380470914
5187286,43.87548403048663,77.91965597545868,94.19250993027435,101.54830695807527,107.83127622371012,110.34245514437498
5187287,-184.2908192570335,-185.2081467370283,-184.65211713439794,-183.5810340677515,-181.63888368827247,-180.63235892917282
5279321,24.01563273852912,27.921927995332,29.534718406225693,30.114603838367657,29.950259131721168,29.186650855157268
5187290,131.3028723128907,137.17090569691572,137.968560852589,138.58108443622973,139.38241352467708,139.67534929954104
5279322,-53.57843657708395,-20.115269018663867,1.6411481745383298,12.174007595999683,12.634774171733625,-1.7933120810500895
5279687,-78.9316530082549,-79.02130369666793,-79.77256704464003,-80.60651307252715,-82.07085615849542,-82.95784900799276
5187291,73.88810657042745,72.40384621798376,70.87881922227325,69.61422167815181,67.5027777168641,64.78270607645413
5278490,150.27031434801074,129.4382292177861,121.9756568314126,124.31956076996858,139.96930202011345,157.20212188244636
5159766,129.3765812482011,139.9197164194136,150.81051041784463,156.73839101433032,156.52680828645543,146.9586059410517
5279688,1.2869052939204266,50.422494033085286,70.85588877903092,81.36928787878651,90.5866755837335,91.9405403866358
5100790,482.7763088814802,529.2702432956962,551.0636287909492,559.469467008448,559.0237609439582,550.4251816132992
5276140,256.2575184617144,256.26690143674307,256.3228208397247,256.33403961237354,256.34788340295916,256.3540985107139
5276141,322.3964011466953,322.39590277324294,322.40054263694844,322.4028506255313,322.40207661809666,322.39542955422144
5187280,237.0163696298025,242.8587309171287,248.5437544210888,253.04184804018473,259.65854308769076,263.5233334449249
5284838,36.94991396526029,36.447820622414156,36.46503933481472,36.278869416528096,35.842049698207575,35.56034935308162
5187281,378.4471643382576,371.62533932988504,366.7599048099337,363.5493687532264,360.5987120700195,360.394392627358
5187282,65.47786019504929,44.41883997456944,30.289497851160377,20.893188196502024,7.520252405585552,-3.9718641612735155
5286256,-68.95402651022914,-68.24514974777412,-70.06678138535085,-72.34301519902874,-76.94113353412445,-80.21903503470139
5285781,145.19282602433486,145.3833937707666,145.2851369079856,145.36581469613566,145.67944676211323,145.91981623222978
5224980,326.54256914249106,326.33670236407954,326.18193447652993,326.09574538509275,325.79677408944065,325.56214372209695
5224983,264.21067161647443,264.01200363585826,264.05035721951026,263.92299158106266,263.5343959864724,263.2400395174627
5224979,3.189970908340456,3.685461131494776,4.214757113682936,4.611752695269843,5.246102642140158,5.690821787387449
5285788,155.75893020224635,155.84327681963669,155.6260589407325,155.55845495800008,155.46684986314813,155.28677891148845
5278190,-4.867371969917258,-5.434645560897934,-6.131946331397103,-6.419603350909938,-6.697957607160788,-6.735222538851303
5224984,194.57538373762895,194.82048189773593,195.15205285590378,195.34111945527525,195.60944325850573,195.7672292949652
5159765,235.74492816759243,241.18577569062836,245.76598467515987,249.02168686383106,252.95013054618607,252.29771853773036
5166908,-90.79409189969806,-86.07680795538226,-87.14987749215834,-88.7814711388462,-88.10946732383195,-78.19992060954382
5285782,159.70119039377028,159.1987542010902,158.58834896099825,158.05120373911814,157.20276919724256,156.56533964049027
5213032,-189.29836092684116,-204.88648335449113,-225.56226802889603,-237.93396143906148,-246.75579089516748,-248.48304832422014
5124811,66.59102373394194,111.83130744457776,132.89477147660773,146.55409471202438,163.91812256253047,173.01115034589884
5159767,102.47945483360331,61.40141433732833,49.05290043699347,45.71942134493088,47.82780577288577,56.035053566968145
5277129,244.30216005677858,239.076840084781,232.54199445435165,227.54414279485536,223.17847629606058,225.01583721998327
5159768,-79.46564576169362,-68.27861731114785,-64.83583302413535,-66.1428010014431,-72.03779608991408,-74.30828343424241
5267353,-7.159105277414255,-5.494709408282915,-3.7269033086288346,-2.1634586087084244,0.33168729825479204,2.028649422245735
5284835,-55.529674898815756,-57.271587468194866,-59.18167501505741,-60.81369727165247,-63.070526698935055,-64.36210472733069
5277216,61.66878186810959,61.74967927600301,61.85807353113205,61.98532986701707,62.11911197027371,62.26997704472046
5217276,53.3206888575055,55.81862567916505,57.09929965398601,58.206835246133096,59.15790787883316,58.70389238805501
5266833,235.734709340059,236.11013419632332,236.29804668976544,236.4486019083738,237.6283722692483,238.96384396570534
5156668,25.88649373273529,23.5280934218938,20.23673448029058,17.118303159242714,14.415478562625822,16.048529933117607
5271629,-109.71197849476403,-106.62447416998248,-103.16173553589374,-99.97311763260404,-95.26661089385425,-93.03570443538047
5067299,-189.2329178948553,-227.95707045342624,-250.85140617171396,-261.73258750707623,-263.025639642211,-250.88558898980887
5067302,-39.089634068175656,-51.19976339691584,-64.61930448518888,-76.87721295807455,-95.19070287277214,-103.59408120934677
5279748,215.90442589763734,241.53539982735947,251.6806601263927,253.13794628857545,248.5611180955002,244.50233613659543
5067301,-44.778511952928966,-50.37714894114947,-56.730964514154266,-62.05456593576923,-68.05086456927347,-70.1265904546915
5110542,72.96129141105325,113.45173824584367,139.95049223918318,156.75356324729842,175.72062919605492,181.45477454221827
5124812,203.8152458459001,251.41180147217028,270.88812960500377,279.4099839589196,284.4375794038283,283.9705355644544
5279525,155.96010528192892,143.07312812956525,138.8907877203028,137.90079120011205,134.40641739351463,121.45520622271101
5279749,108.7875541709684,119.7716027021147,126.30539396930817,132.0536839802735,142.3880799750964,148.48266386531395
5154118,118.34204708227094,122.22735195123141,116.98761811329541,112.1386150802,111.05012189727495,117.13706176760002
5067300,70.76131228937197,114.76571390339609,136.82991333566451,146.87557460975017,155.80025810051802,165.8661222854455
5279747,163.0020648283546,149.08827947937175,133.30547618812238,115.56183546592843,79.53366364154704,50.353189730525855
5285789,-212.12205819631185,-212.65111886838054,-213.12900428778903,-213.59612697184548,-214.36775855621136,-214.91575038721612
5285787,429.2148191408967,430.5215273632123,431.38531910282745,432.0878408093761,433.0708747551166,434.0176889958143
5137675,487.43352950813596,517.0313218709537,531.6931036171507,540.1615475635108,550.0635503938474,560.1258185522079
5083234,-113.19851017078895,-149.09773583053197,-173.37701685492175,-191.05817964581502,-216.51540026841008,-236.77205939389523
5266496,722.236785822105,721.7299631240705,720.3626835225311,718.5355152558009,716.0200894771642,713.567925514323
5110104,174.46160286360578,171.94808086834837,171.30664988152807,171.71878313209027,173.4969335774606,175.73531788044124
5154125,228.14644248990498,224.4952422047861,221.87121557919045,219.55162962541408,214.45907601903764,209.17322359089462
5124813,47.92702056137341,34.15095993717864,32.13470005704153,40.241912627899865,76.91610539864723,126.919733912742
5449531,583.0033717370775,584.2287530261585,586.2669076693139,588.7866814271367,596.1426188505557,606.6640011756026
5217284,382.50483349344995,376.54838341878144,374.04504642315806,369.8082951080921,360.30250668747135,352.9255243006762
5604659,629.8599885411529,629.0772275315358,628.6307036885485,628.0805189243695,626.4263447981832,624.4953255985249
5628896,432.4573550732971,432.27188800255567,432.39248362277885,432.64301819423986,433.2031499146424,433.739785235575
5293168,471.47077299483817,471.87701063972236,472.23831650725333,472.55301393469836,473.0193888193726,473.35565403669375
5451193,11.475045461534592,16.029020071572404,22.541261356537234,27.872839490921933,31.249841917338017,28.330221353963225
5213041,219.5701266436813,222.75899069971751,226.77654019978627,231.06815276628618,241.32417160603723,254.23149380901032
5628832,416.6714861604462,408.87486592489563,401.92817078170947,396.1073743844672,387.31031410190985,381.4053678307182
5628897,350.867370543152,352.6154614799441,354.5220876829824,356.188639945829,358.82642650408684,360.6062756105871
5628898,560.1536523338293,524.8233616125876,512.2655694046446,506.3003761267237,503.59522831811887,505.3258777425451
5648176,136.71152250436057,163.13908574435254,172.44053641008873,171.66995703107068,157.45290494790152,136.72159176773266
5147838,347.8832816124411,351.69069784527665,356.15738049450215,360.3564486618018,364.76498377995927,364.50389318111456
5702911,-115.27632600300944,-116.77999437283029,-118.20521751829233,-119.45241576323906,-121.33574088150635,-122.61197831290065
5702912,-77.12995782837811,-78.05462482734174,-79.24344211134098,-80.42666462598822,-82.39942020604758,-83.86969334636615
5628899,445.5279149102985,446.57721360526557,446.92178673451554,446.6916546091054,444.8250366125619,443.96602054159257
5628900,433.6648910951021,431.7793379704997,430.40413746048443,429.18369165273566,427.06768433291063,425.0595849637225
5217285,141.74870415351484,149.42360027486666,154.58877651478747,157.93529815510556,160.86060686819133,160.89275537520962
5418293,271.1984519641999,284.1542130020905,288.4872491425035,287.5152883959645,281.4685593668087,278.47849832579664
5629004,474.5554072836346,474.34296803320035,474.2079218928818,474.0904669742845,473.8726364251776,473.64562674343347
5418294,351.67438203906545,364.4408886182939,375.341121833653,382.1147041059628,388.1669818532637,388.54755381393625
5629006,163.72658812503278,156.24353666170418,153.04752071964117,149.75850377781944,145.4655264095711,148.5877166785142
5667645,-103.33322439025869,-106.94512167413018,-106.61621685373188,-107.92987247581664,-109.6197783558016,-108.34552444897804
5648177,93.36341683165756,102.13431067025408,117.88901784938525,133.8158404552446,162.9739873775943,187.79599643976712
5084826,432.9693515417255,517.0123735377424,552.3760443790461,570.0901552654293,581.9214883884592,580.4948332694378
5098971,27.054478825656815,27.582483044969877,27.007097079090045,25.890282792697235,23.051458372037814,20.125325410244614
5629007,397.5201306311833,396.3325152539985,394.96550211900876,393.7147467309462,392.50805524567795,393.64644908193236
5477263,398.44527737196586,411.6209913943933,428.12436395794793,441.9252927127145,458.82310020208047,462.78734789551345
5729574,-130.71626729475088,-130.55514336138685,-130.3713956934837,-130.18965639938426,-129.86717510464086,-129.59877223254853
5343851,83.70464083691081,58.62650081741276,41.6382336301499,32.69802156480819,27.40483802220251,29.038140353615063
5269692,192.76993828240438,215.8376650025591,226.36698354033047,235.5495521306857,251.24263132744272,261.8714165272961
5483930,323.17474771189427,367.6254820644383,387.4917527978869,395.4925608483509,397.93062697280993,396.26270281040706
5154119,268.2035971210744,265.0191221780451,253.2285212107122,241.90303456389347,228.05186969152123,222.90795202296977
5629008,431.5255428814396,438.84072823789006,446.40623543277775,452.914327780642,463.48890628108984,471.33405175006556
5142040,137.88912991060988,141.82767389573064,146.7269184066979,151.62082066687185,159.86802051533027,165.2791453619907
5147839,91.71037005585481,78.91003332774062,75.77283613004874,81.52829875753628,113.27005622231172,160.05010583748322
5288934,110.18382990977102,112.86550473273155,113.42872338631014,113.284063592738,108.62813957065441,98.422224995644
5604660,520.0604887577081,518.2064529435509,517.0830503762038,515.6927421503485,512.3672124232962,509.1744428881145
5226683,235.49563668225505,223.3289667247716,218.92756037915547,213.28877555376903,200.85903326842072,188.9578844261821
5629010,63.47892390116681,63.95328789518112,63.00881264174063,61.7665831450679,59.38062755221836,57.292006641085436
5729569,397.345904458557,397.2645023324126,397.2069277658686,397.1631343577376,397.10569799282746,397.07503495723506
5648186,521.2966905002661,479.19193090240117,469.48358401674375,467.87189879628977,470.1902451151136,470.33166993423583
5425678,-129.47122426448277,-147.03104132008457,-158.7908671702844,-165.89958123728434,-173.93026313439623,-176.6359421246682
5477264,101.66797931026554,93.61697499330535,89.70869959941388,90.84695111214614,96.41929434481654,99.76419955579058
5293169,49.826553060365995,36.261921735005444,35.0193969679392,35.84512981193325,34.82508912986464,29.75001195594541
5477265,-324.0206667084642,-377.3063277098058,-405.7539883276204,-414.44467250440925,-402.02109195400976,-374.98708135510606
5212021,295.04282546635295,332.6824780185839,356.74785091507306,371.53988980091935,386.7354815823612,391.3545176686239
5729607,525.8660644229321,525.6960621558824,525.4875497305231,525.2729337824453,524.9229435463483,524.7327475200452
5628901,460.5041714244628,459.71960826555323,459.08423316457515,458.6323066779123,458.00429915752716,457.2790450150562
5729576,148.1041961898934,148.08588076702745,148.07059395857368,148.0486320122377,147.9815560318881,147.88469257277438
5729608,261.83567744140737,261.792263353237,261.7799336120829,261.778150085951,261.7888834710777,261.8086984275229
5729609,177.63582268271148,177.01142755205638,177.1012988976122,177.3528513897004,177.92136405454562,178.42615872661418
5451162,239.5230333287259,245.39269480536996,246.8026114283657,245.51938635816327,244.12765540669398,250.27478265998366
5418295,399.652549919472,390.5899022130993,390.0929728800081,392.8317201406137,400.54830688994707,407.422624439675
5739432,239.05169837482185,230.9031473586117,223.8816809451298,217.7136661709178,207.85775786831596,200.4012977072084
5648187,248.77533308747672,312.96029288263117,331.8851979756854,342.27214245282653,354.5195502338927,359.06096857747116
5418296,74.76005325075312,90.85837916539754,101.2501016437991,107.40233224109306,116.26745789043207,127.10638768512354
5451161,510.9720282187029,542.0038044889748,558.6609218623505,569.5664127666396,582.2958462984909,594.5557008288224
5246832,418.7410000087941,465.06039330983344,490.02228504930304,503.65776260669213,515.9070302586908,522.7303351967596
5406267,303.64376183321474,306.31179077109846,304.481684444891,301.2310830024933,297.86887962854985,303.6540918910839
5217286,217.33933447355707,213.7730050711973,209.88421834052906,206.80080579316086,202.09409099315644,200.77775773603275
5629005,-201.96543521234435,-201.13706683945497,-200.4524692340583,-199.94213045151287,-199.35734200881552,-199.16088354011572
5737466,459.3393620805655,457.97467762291797,457.4570361882354,457.24611102012057,457.2293123475081,457.4559159346378
5737468,169.80791882844233,169.3485171577688,169.22064118572575,169.22927166650243,169.37039363089707,169.55716148560145
5737469,-33.42254528227363,-34.601650817168775,-35.339459186878685,-35.706371911704764,-35.66676539606465,-34.9775023969853
5737470,227.36206879757947,226.41214539141515,226.31441358053553,226.5721015064223,227.57425194514713,228.98033938769095
5648188,151.79085585462462,91.78293508804745,56.15793855521656,32.855527845071265,9.766381479364782,9.04953719010905
5418298,340.2739878190557,330.0756314328705,328.9104021539881,329.47819895526754,329.2579316854817,325.98368889347034
5477266,229.80514936813302,234.75810812768282,243.230164552509,250.37356891149716,258.8654111632536,258.20723713510597
5451191,281.9687420811299,277.9735666254162,272.3712200755383,268.3075883448914,265.72618126685325,269.1590069039387
5477267,102.45600316012383,122.28830394704858,114.40871176351357,107.94329824664271,101.28044383175029,97.21575517541396
5296858,-107.56537722554935,-88.5982698377004,-80.93891508839124,-79.09403276083754,-82.10279364089706,-90.8238751092399
5418299,259.99817979573663,267.82815227086303,276.5600315287602,282.7562618848558,286.1857323459285,282.49394117933775
5477268,143.50861609555022,140.3190206268889,146.33874743415208,157.3611746049437,176.94283864855242,186.2108411420611
5744890,127.25924931592931,127.19396891959877,127.50418674514913,127.60879088079469,127.52734327704866,127.56315943960726
5737464,-51.126169902931,-50.51095565206879,-50.34534472987707,-50.050711206378764,-49.52141542452296,-49.25415858169936
5737472,200.11525185109667,201.28889354262492,201.58287829473306,202.29365128727022,203.56382159092163,204.30702673979135
5729928,627.1340076506119,625.2386102561609,624.8363480751843,624.3788228830465,623.6690617780414,623.4257336610233
5737559,-402.2074413879659,-401.2207188385846,-400.6170763764437,-400.4148738355011,-400.7125811590895,-401.78166107266816
5418305,165.76324013721933,166.55982077923863,167.54097906777724,168.42736177942288,167.20679626437936,160.8157719122803
5729844,-129.627236389146,-130.57322752612572,-131.1673391163199,-131.5051305943532,-132.68000904275254,-133.88552909958366
5737560,6.979068060492182,7.003475365304666,7.023044186711104,7.038504665033315,7.058201099013104,7.067347212370805
5729570,319.0488176149315,318.97778501692585,318.90124602949845,318.82905512867524,318.70849909043295,318.6156390304483
5154126,335.26939398597847,343.12976047065627,339.7665650153815,326.90589545249645,282.34635955355816,226.88518709343998
5418301,92.06128221962081,98.24512325332853,109.91689386570556,119.53982437885043,133.2428914404211,138.82714530200315
5280710,124.6491485728468,120.15309513340662,117.38845348068776,113.16136005240719,102.70433037442263,92.93184823256115
5729572,-51.86455410112285,-51.44709788234877,-51.15797720539217,-50.907066401294514,-50.52718847910137,-50.24946563784215
5737562,37.10139226735532,36.38006277873728,35.73604542466887,35.20949113821007,34.161070334642545,33.36365860531896
5418302,74.02054989904082,25.66302402341762,8.32249565692723,0.8725055230731869,0.4144738355437312,11.863675167633573
5737566,110.56551414215664,109.11541204410491,108.01724565124573,107.27404454030284,106.17054932716405,105.46702555736601
5748881,-208.01912666210671,-208.47375737570474,-208.5820271928768,-208.59393982777908,-208.5519483899276,-208.54078017951952
5648189,236.33465459012245,194.0488325760714,184.13918541834494,182.35700385286088,184.42720247197963,184.45934377669937
5418304,300.12098717265917,337.3807831176691,362.27900891960667,380.16051893310055,404.7569544278665,422.9712267020848
5338000,25.41083823926192,16.947044582071157,16.04941101486088,17.47240191616129,24.13306224607345,35.24150520446642
5477269,240.2622025665819,244.67771508189753,252.4057963812577,257.4268428939081,256.17518709215665,240.83857250025267
5084645,-113.56896826705452,-161.9486574705145,-184.2958499517963,-195.91743394610444,-204.28580972061468,-203.0283674995021
5737313,132.9973705286336,130.58346640999162,129.0341531249528,128.45174721421108,130.14153684146186,135.48013418543837
5418306,191.16935642301496,209.5528737807499,224.40291519821722,233.8982562072083,242.83481814597008,244.07822693144635
5406266,234.175740748434,232.72188982698776,231.34509794965106,230.18537359741435,228.5118124390499,227.36087929825408
5213042,518.2745363910731,566.8714695307176,585.8664662255944,593.1962042418982,595.3254267153084,592.0493885712863
5737568,399.88988977548547,400.6747061698336,404.81881207595825,406.5260402642948,409.07750924278366,410.8233347474145
5418303,27.079406158534084,22.988479034215743,18.129213444974994,13.606655411620068,9.08514756755062,10.125278888044932
5745231,89.22044315846074,87.87949449580583,86.52902665246279,85.38930208561032,83.62703754829909,82.46194553240275
5483931,172.51688445590548,193.60387084852664,205.9031394930314,215.06904304242835,228.9719391384956,240.0926402753978
5667813,365.35043935185786,362.6630411576748,359.50855823920506,356.01504219246976,352.1310870718298,351.00301919006006
5656195,575.8076758799834,576.4855752122858,576.2646462487226,575.4635649504849,574.6425650542021,573.4675158932284
5737596,577.8946895209617,579.1215404695855,579.1405942518021,579.0845063026329,578.9854687480301,578.6818576611602
5729579,347.09324645186064,346.9226585455922,346.73348522235017,346.53982973265954,346.16929330463086,345.82160001338866
5729610,168.21703117293873,167.62063117733533,167.70647017183455,167.94674120686796,168.48978589730336,168.9719999218305
5648190,-302.00200438694674,-326.3907677936472,-329.7628734069749,-331.6243369465576,-337.89432538313736,-340.8574987108956
5737597,142.13469361628495,145.22265765589418,143.3729204058793,141.95397759225716,139.72877892838073,138.24829036982828
5662444,560.0622013157601,536.9130507404225,526.7419084766586,521.5149819696917,520.6750010842798,525.8542521937288
5159769,254.35222875284535,268.2972390583625,271.035317421218,269.0094477754733,260.5148698236151,254.4186493492873
5333656,57.39651894808276,3.430034854165797,-26.170495136530917,-45.14110642759215,-67.6414094465938,-77.80857887570573
5477270,-44.131002529094985,-67.25599600929081,-77.33281716215379,-79.79098773574424,-77.01949616495244,-77.2772504589841
5349852,482.1015339313212,482.05044944084034,481.76396624734707,481.36288295599593,479.92145412636114,480.13878514558246
5629009,424.69140207864257,426.72857510232916,427.41293039321954,427.437518878364,427.0133533896151,427.0198692179315
5751716,188.9936087102907,188.99760017208484,189.00094995221764,189.00324640692224,189.00475155869515,189.00362477161104
5648191,276.51858505371206,316.4019158332967,342.8920114535167,359.77389448043823,378.3054105876954,385.25334202698696
5737473,48.22542072476972,48.273961430885265,49.22448078042862,49.50812917722078,49.739328755533734,50.008338888983644
5344896,481.3483555103885,522.0021988732169,545.6921269587319,560.8116770520558,574.6505612542874,575.473081540521
5293453,-267.2944234918609,-298.1010495219948,-314.7889903281143,-325.75050263371463,-337.81140935379926,-349.23923079931114
5737561,26.57737463516719,26.600377511325632,26.61882031969526,26.63339118569388,26.651954268291547,26.66057410655003
ng2992888,16.4500207765318,16.485052026015865,16.861680639336555,17.108681516543356,17.52258383906087,17.950333790230843
5729571,159.71237100795656,159.7030035387162,159.72195868617143,159.7499672730845,159.81186911912766,159.8726361450008
5737634,106.26838279797289,106.10008479806447,105.85078115141187,105.61712919675574,105.33717358288618,105.26102626902866
5737467,-217.50811743259737,-216.21130100260973,-215.7105263882264,-215.4985314263604,-215.45888605316577,-215.65005878795785
5747553,77.78388187884207,79.67868924266759,77.24350181560362,75.55488050353301,73.46084786564847,72.66470365578493
5729573,-48.90097120992823,-48.50702223303779,-48.234187008768686,-47.99741260231326,-47.63894277698546,-47.37687534378392
5737471,240.12331898885031,239.22842138953024,239.13636064107914,239.37909970855162,240.32323468014079,241.64824625668325
5754083,52.583008616398274,30.59516668158426,12.658449471605536,-0.8910498718846611,-17.49736708898604,-23.009438213208114
5737563,54.973745727558935,54.293478387576215,53.68613718309075,53.18958000917655,52.20091359195635,51.44897380019711
5280711,226.74854047728968,217.9622693677436,216.75359989647995,213.4153129552467,196.06414112987886,171.45084534068224
5754084,110.35744532379613,80.85750975148471,71.39251419169545,68.79550717253392,71.96002056022076,82.95503862678424
5737637,14.112218401389782,16.075864219658342,17.978642932285084,19.624963812860187,21.839302820099192,22.6739698604124
5662445,46.8712467959524,-12.270638992975137,-47.84850968077899,-71.54587275621702,-95.79967841863663,-98.14013809140079
5737465,-178.46722233840342,-179.12100270063456,-179.99316531818044,-180.60979832803855,-181.45456557743728,-182.0055680103735
5418308,418.87645838438675,414.8014245781653,424.9479980355866,433.87813308602335,445.0273190367436,450.70979277003084
5451192,428.4807827375198,425.2096242228338,420.70402230339687,417.67780157167886,416.52574878359883,420.7969426744014
5754959,-12.561648475008496,-12.561032392787638,-12.651829310847006,-12.681089770522703,-12.499509240628186,-12.355352665649889
5477271,567.4008787724255,528.1614802071905,528.63695189286,537.114143595697,558.5436926767883,579.2325539048087
5737567,35.592654577229496,36.967099324129094,38.00784212380836,38.71211877073847,39.7577275272381,40.42428928783147
5737639,-134.28595804972315,-137.86375331346812,-140.43884178311828,-142.30327328662474,-144.52190441276116,-145.4103654513699
5737640,27.679405993157843,27.667615917063586,27.511403983430682,27.286796497131718,26.601722254443303,24.65981002792978
5418307,506.4253972344802,518.0218759396532,521.4489693422045,519.6910591824085,513.565088364328,510.3285701207035
5765484,-134.25784550499952,-134.09345531785164,-133.91116036810718,-133.72455212904697,-133.36751642755576,-133.03251147944889
5293170,279.17853876407275,314.6915817607505,337.5104596159281,353.44750180471465,375.30736455588317,392.29948813511965
5213043,432.921641781179,485.2944860685727,511.1042874236175,525.2987115905378,539.2575692022069,544.4211471952469
5736393,27.46427798366767,25.630272527304214,23.836497017523698,22.33870750509891,20.16707060763929,19.125750554943806
4667751,359.80275009139564,359.2934909734074,358.21731838289315,357.1576855446044,355.1763787443126,353.44288428475465
4667752,14.918646207138408,10.704904966705726,10.99675160360539,12.888615527718684,14.110706810577767,6.692186452685291
4667757,235.32067328259564,234.94167438072645,236.5372578344327,239.47598051282284,247.47009986161675,257.10854812661273
4667771,-32.65370120483226,-25.954430058158323,-22.940623876800146,-20.997254550820116,-19.232566410464415,-19.10122644903754
4667758,-333.39099431540285,-346.81446747296945,-358.54439319508265,-366.40036934033765,-374.81220973551603,-377.4872256943404
4667764,154.5081745143957,151.50748482403355,148.74846890821254,146.5893372840403,144.84409528042534,146.48251053944045
4667765,-250.9839262739174,-255.37256293203063,-260.30848070215984,-264.7554547620243,-269.5301074748029,-269.7376017749648
4667772,-48.78097978637629,-75.03260305826734,-91.13794153544768,-102.86144705007928,-119.34419737933831,-132.15562336030848
4667777,480.01593296146734,530.6650443147403,554.2963150669787,566.591048217151,575.2454602658343,573.8461573398088
4667783,54.086032296547955,90.47216795988516,115.0461412110601,131.0107472133118,149.13386723726558,156.7017322435538
4667778,-213.61484536300145,-212.1457577109445,-210.8014264182941,-209.43393218964593,-206.6956725989703,-206.2500876322988
4667784,109.32447187987691,135.77570874953358,150.27479251690784,155.48093306412875,152.96327001901932,144.47179818709083
4667798,514.7802763003347,543.6605926906755,555.2347392080312,563.6638220356792,572.7480251706718,582.4209356796214
4667790,185.7548782871138,197.50156692520363,198.04742752555944,188.99859653900512,154.29834865479143,108.02011664799079
4667799,-317.5056332632755,-316.19796824820355,-314.28053981386006,-312.1840106778109,-308.7225381060782,-306.6136519777938
4667791,279.2552230187423,274.6422537025894,269.5115604567336,264.8113304099659,257.37460158203135,252.11955059404863
4667804,246.88066252755198,291.1245940039353,314.7535000783689,327.451644835189,338.23795567584693,343.7329176120445
4667805,-217.01936097738258,-269.73785502177384,-299.1551644962042,-318.0624542454584,-339.95116450386286,-349.0454623471371
4667812,340.3842378934412,339.03591929475306,336.88644889811235,334.46166685563776,330.9168330882367,327.54849520415974
4667813,229.61739161713558,232.3900881918305,226.76804991074573,221.52875117572967,219.00368637986162,222.91965598216143
4667819,305.7902258435954,339.5930091236969,361.744817366553,377.44410053441266,399.1594476440357,416.06396814679374
4667825,79.16631189500708,124.04325866130353,143.40094315031774,152.99176024605708,160.46834553815142,161.09774153351236
4667826,-133.42526094760228,-126.87423362381446,-124.04659724728526,-119.72946668111308,-110.55848368374313,-103.81867644719932
4667820,-245.57549963545057,-248.36354146762164,-249.96165296344975,-250.84800408744627,-252.00876644690447,-253.27665817384514
4667753,175.64415214849828,173.3059480821671,167.07192947534463,160.103848488802,149.61270051353517,145.37548112381455
4667759,227.59461036151606,235.05145596121247,240.47515914986343,242.3314733003267,240.38955815569875,235.11165470115407
4667760,290.04710135800156,292.08770725462705,293.7733830120633,294.7768041830493,293.7240680457485,288.4894620579596
4667754,140.24837672573722,138.62416940780736,136.79345419916422,135.09096050039807,130.98259673504913,123.3056033943949
4667774,56.38902870856896,72.31309156081534,83.53572273426835,87.28338351923435,97.57504520028601,103.2207739882765
4667766,-95.14215578446897,-99.93219895441803,-103.87791871746367,-107.78331283333364,-118.2268279070031,-132.19057738174547
4667767,471.9000644970222,465.35461087642307,458.2508290347621,450.7274133819176,436.21573504138155,423.6299287125594
4667773,-17.383163797166844,10.084343513381555,27.156895508326215,36.41964972054802,58.32642646651084,76.96479276105129
4667786,147.3980966562135,153.60709796000583,158.16673422514464,161.4495588742036,164.24365323679422,162.22118597110716
4667780,200.99560165578532,256.6867736673478,284.44796185664086,300.81910369585466,319.3500855319378,329.96734600899777
4667779,441.589271739786,448.91026631742284,454.5656466093526,459.78453734558525,470.60415723301026,484.8089380910187
4667785,-244.96048584874165,-239.59268546977523,-234.33870897403222,-230.42542373626588,-226.09885484903953,-226.30317434098106
4667801,485.6273755390098,513.8221881470447,526.9704531918981,533.791006014791,538.0836926998802,539.573955587125
4667793,113.47697306236682,140.15669245526828,155.18641255146258,161.58459873773108,160.76532629650637,157.19018358854032
4667800,286.4708450481287,281.1434896199687,271.63480030516826,264.3095439362987,251.85594654338934,240.44118412753824
4667792,-203.6191095965862,-198.62988349891498,-192.65135883336302,-185.1391226029516,-161.01314424674888,-125.3359777300152
4667815,252.46070699560278,238.69995000683275,231.56373826560935,223.18902092432654,200.23905904274125,173.0839401183216
4667807,390.283553658315,433.2071193164563,453.06471013658893,460.9068526786998,460.8598096033629,455.4431385394496
4667806,109.08218513945303,154.80071150829212,175.580222629005,185.39954278161008,189.86935811749868,183.07774646292705
4667814,-143.91817606117274,-157.15029142436083,-171.0401206029544,-184.78623220629402,-210.23654347652814,-232.1711448320973
4667822,239.60029781035882,280.60582292099184,308.0011734420434,327.41193394264997,353.2970884104416,370.38905050462427
4667828,411.68851116310134,436.70370021132726,438.28029686306286,428.54329108015895,399.1557631129738,369.1518672316504
4667827,-196.05826598041722,-212.1621567833779,-225.71261203963581,-237.06191490762785,-256.90407574298206,-275.86361569358746
4667821,281.26366556883204,285.4222297121146,286.68842994097895,286.7148320398353,285.30153781143554,282.42419986368714
4667762,91.01662429966132,104.90851060784826,117.23727612872744,128.15155790342465,147.29637612519377,165.3207260748777
4667761,94.97812691051286,109.39460208742844,120.04546562258065,126.8665276510169,136.2539734934885,144.89899321043004
4667768,-236.65039233796256,-246.9008720237473,-257.84702101308926,-269.6862408966392,-298.4071112360609,-330.61761584160195
4667769,352.14110981555336,361.69333340990534,370.69341253302855,378.4048833743932,392.2282056272263,405.34129988204427
4667755,-120.85654581436074,-117.0138008723352,-116.11300510044634,-115.54616898699328,-111.35092110658184,-104.50476269852061
4667756,-219.51426435827784,-214.82372892192757,-210.6882908879088,-207.2763782117754,-202.16043357036074,-198.70310211330025
4667782,-274.55828141030975,-302.525551156094,-329.1778635134003,-355.1924353851143,-405.89302602450175,-455.66122871472635
4667781,-59.533736625955726,-121.25156784148749,-153.9255144166416,-174.89948555084925,-202.7045685458304,-223.81695244548678
4667788,123.82224191172122,99.47636978966239,88.01253538914034,85.7141011487704,92.29177478880092,103.58718454183054
4667787,-321.69735960627077,-351.68120273409136,-367.6781590325652,-374.71449032289615,-377.94432087383075,-377.054328067283
4667775,14.839171223751919,20.601472965222,19.463568684805068,11.184766618933963,-2.0365125356033786,-20.75274864546759
4667776,48.98430547834755,52.258948839708864,54.46827392551177,50.8170546697861,49.97397790973241,48.459044806290194
4667808,-145.48766040563828,-151.92719232334798,-159.87504002460992,-167.5037928970712,-184.6690601790374,-206.03018989275165
4667809,127.12632941674838,152.560068206305,177.27863695136375,201.29695591258314,247.62876739062335,292.4469965588453
4667803,18.32083400229226,14.114684444872637,11.897374668157454,7.01612883583266,-4.440126115975772,-17.1585134616912
4667802,-212.44607228616974,-248.188767570231,-267.05920592222105,-278.5779377644649,-289.61944436982117,-294.24239472494196
4667795,-40.26810787905197,-22.24918263336849,-5.83423136830902,9.010135456305079,33.450335554120784,54.05507679521111
4667794,-354.2325237239852,-368.94068155714285,-372.50006588695487,-369.9895061451057,-362.50885362852114,-366.89351736165463
4667830,277.2456552798576,268.58364088842836,260.34404759641734,250.49341198480806,233.49521409451017,222.35582410894403
4667829,-318.56015591150253,-377.9775408360556,-409.2818699960301,-430.4319079710217,-463.56727633059313,-494.6354924548127
4667823,-3.1003723494347923,-48.974442292221056,-81.25286259025665,-105.32503555170797,-139.28237495557687,-162.5419242744083
4667824,-12.465917095001487,13.79588993948164,40.216442064462626,66.1794755381834,116.7826318797695,166.05835253173086
4667816,-501.70032710781766,-510.6354670788128,-518.8793759483294,-526.8970062083317,-543.9730184297171,-561.8630230330139
4667817,-75.424032263453,-68.40180657426276,-55.50198577036713,-44.44942722019687,-29.456413147643616,-17.258211348173745
4653705,-171.07370437312102,-164.21903488482894,-160.8416528914331,-159.0086334242642,-157.00778823481346,-155.39201875243202
4653711,138.10829494169502,139.92963162881733,140.4272071768828,140.91508532160742,143.01424200353608,146.92801652524327
4653703,111.02671433362298,175.6343245380874,207.58302329001276,225.68397625065722,240.805260144753,240.66212599430128
4653706,50.462413984518435,90.8756609859065,117.45781498478232,136.12241805940494,165.0320045879314,192.40683852822986
4653712,-123.01050103594935,-134.8718659146225,-124.59009156328784,-106.3263161625955,-65.35999623101338,-30.460484788947724
4653704,297.22705413952076,329.0849415273715,349.3501840015149,365.40785540068714,390.1003435549651,409.11433209892675
4653713,42.063812008934065,31.503793249305545,20.222002182570577,8.842933033145528,-11.933159398002317,-29.10556117695114
4653714,262.26820945981876,304.54994105184073,319.1176352456905,325.6141732699016,337.9102692617273,353.0091081937687
4653710,93.41694383065283,101.72081205687437,100.34727404829573,95.3745360534831,87.88033597952517,90.64230587518887
4653709,218.06711928225354,225.69308523324344,231.48961516079248,236.7403399253867,246.92363154661302,257.977143881488
4653708,261.1585738765234,283.0696230361498,294.1457877328876,297.43546968866826,291.3934359654952,283.5115973593877
4653707,107.22069579063213,153.185887802332,184.95786755798804,208.16097554505336,239.74556167393712,262.099431772318
4653717,120.27353159158451,111.74546252728146,102.11628668502908,91.05592647986055,67.78610650041105,46.70717930855494
4653716,58.043857168322575,42.84194638247254,32.11473231618356,27.838309646504968,25.048640816676652,31.287352318385956
4653715,479.63606655219496,481.9090058581362,479.956729236452,479.518690587445,481.7645569219453,485.35217330733167
4653718,381.47043562190447,359.50850434976064,343.389484726031,330.3282570753629,315.89446179627294,315.55282349830054
4653843,-15.339230175325838,-17.324339947014096,-16.990257323986725,-15.402090466953723,-10.797137666842673,-5.470429605718664
4653842,-237.228886603835,-307.7321773922163,-349.9435341073554,-377.95028170691853,-413.532507292,-436.7865895515015
4653846,126.03065370063132,101.07275238511352,97.25905553735356,100.58374679005578,110.42653815142467,112.42199524548892
4653847,10.377739626153243,-39.89383909386015,-60.23097149751902,-69.45561795326262,-72.71144194221188,-62.30377390611807
4653844,-135.28883422169633,-113.50760574458832,-93.9592386893637,-79.4214199516266,-63.57330542101954,-62.05328966763318
4653845,-19.302420313083758,-25.206776927310102,-26.659071604607334,-27.094970439177587,-25.669449090593616,-26.97314494860325
4653848,350.70123260603395,347.3793418608939,345.1882149368896,344.4100289713647,351.83392702427,363.8303756873988
4653849,-69.04608692480247,-59.346939071302586,-55.426842309978156,-56.649632484360836,-64.61067693820132,-74.06365665248813
4653851,162.76413924478788,211.0386091380733,230.99792273731896,237.17493772232797,229.8101073206069,207.97341429277367
4653853,196.15726243073073,190.7916897604016,178.28711839346033,164.1422022144941,138.58654797770828,116.25023431466298
4653852,-63.152610410719944,-79.62295301922222,-87.7808605827363,-92.38220600780937,-96.85594313961496,-97.57614933124069
4653854,187.2743079873335,182.25613483650773,180.08505507443442,180.16431963891796,180.3539366363832,177.89389082520574
4653855,-27.589767309761555,3.8835375235366882,21.631598145233966,29.668942607220288,31.464515754627428,25.71150539688597
4653856,-112.0432906388578,-60.73822517349868,-37.984812228500004,-24.31524644667229,-5.460522598240459,12.158796532177803
5924775,349.5550997058557,349.5056562212683,349.36418415367507,349.23470970995515,349.07133263223704,349.0258671679237
4653857,90.01508102385901,98.48334376180469,106.60072128437014,111.74822623590944,118.02905542914323,125.22540954879742
4653858,26.642710020796585,50.364242934856065,63.219868580912134,72.05053130087617,83.85506953066351,90.46993230323915
6280187,54.49175736528082,54.492505511167565,54.49468445389425,54.497116920550525,54.50333225079726,54.5097319992517
6280188,144.31247100343808,145.77719002182198,146.89147913912734,147.48427203289884,147.5596244930266,146.80943916519982
ng3092615,216.56311080769183,216.2842095581566,215.97327724389993,215.688580578166,215.21692990443808,214.82630078933926
6280189,212.3497588571406,213.7850407033709,214.87827602093762,215.46174620545776,215.54268022427323,214.81530011711766
6280190,139.46371836690219,139.40642394390352,139.36198203503227,139.33384458045634,139.31434883786392,139.32418014142036
6297064,505.19365411593594,505.1777862817744,505.18854453514257,505.20222733277365,505.22381218000703,505.23104951012726
6278448,156.40163099424524,115.80888880736484,106.18523562303278,104.28007955913654,105.85627905340925,105.53495318255159
6140728,145.429649122741,127.07233914721883,120.42094181102766,122.72820203969718,137.29374207435217,153.1098221899249
6280191,92.37455636749996,90.96859128302208,89.89791537625229,89.32389406497987,89.2355986099692,89.9372171417831
6280192,-40.80646006830898,-40.746731422697394,-40.700190960842065,-40.67154683266472,-40.65297511935046,-40.66517716691101
6280193,25.253408627055478,32.24888548858917,39.65694357352277,48.93596764122435,75.08064617244304,108.75830786829692
6280194,74.96771480576945,79.17923713846699,82.21515371494002,83.70415180341593,81.02339693385352,70.32531337356772
6280195,-47.70630699371077,-51.13814653321424,-53.72178537876471,-55.428206447322964,-55.57195359663001,-52.22674170287951
6280196,598.3765902622,597.3863380526404,596.6053991491627,596.0070220003275,595.2418961144652,594.8360675089564
6040333,202.8081729507444,204.1085988563318,205.42243951192518,206.69804366096105,208.92543665129892,210.50084934887536
6280204,-28.395544422958665,-31.424928903999444,-33.90472466221536,-35.12696937826968,-29.830685403217785,-19.67461365239592
6040259,429.6397808376785,437.67225951964906,444.94340511465225,450.43221188428106,455.3166446478681,458.1839919741881
6040344,201.85969063543234,202.74679979342363,203.50492423858736,204.0372223285592,204.9470631738111,205.46422456431515
6040274,246.5935025439435,246.09594828146555,246.62559393817037,246.52915695002207,246.1173423879468,245.9270649842597
5181874,-109.71365595874909,-59.86807737615686,-35.65592074169581,-22.445000899137995,-17.566485628845157,-28.068827233681077
5181880,-291.2038761422027,-302.30898330285345,-299.4937730930892,-297.3011022373264,-296.09496190217374,-290.969833825739
5181813,43.17376012259683,52.358803870057955,52.025608294522726,49.807885824256346,43.81496449188762,36.48464395147744
5181826,40.025366986280915,26.677555122238573,20.34326683764516,18.731960394099133,24.4326040665419,36.70841596081232
5181812,257.6606965526871,260.550800352893,254.2058664237859,249.41013758568238,244.11221407716312,241.5970863592463
5181825,61.645163086132925,41.934424576894344,37.03007231450397,34.39681723919102,29.915152575114007,21.474973447447155
5181862,359.0362675015949,410.4196642510167,436.93953344423335,450.8243738093163,460.0117120261957,459.5335171544707
5181861,111.98004093657323,122.64971650745042,118.59201817014946,113.37559238814765,105.58206875105498,104.79988294142095
6040260,35.77276399273114,34.693369232699524,33.97729990643438,33.60885441311689,33.322252180646274,33.30465621286908
6040236,256.7523631039903,252.975898546596,251.51683910609495,248.26068776781358,237.14653826099698,218.5321101190973
6040332,239.41852694283352,242.62083854066213,246.28109763940165,248.98732445629753,252.8253544707593,254.9739120184306
6040345,228.78081268154824,222.64147946441494,216.83550496023304,209.8062158353032,191.35386985719856,168.1415182122455
5924776,-134.80264377595972,-166.37275660187993,-192.76390951363078,-213.10302526318242,-251.8315573244147,-287.0931456711662
6040397,154.4046164314259,155.4694890021783,155.9804683052755,156.5957429641794,157.97375531434727,158.97229331586982
6040385,191.65793147943805,191.51957110807552,191.5198315064772,191.49848873324822,191.5590561641336,191.49173746720749
6040405,-340.29013000118175,-372.9430001694391,-397.2767538174362,-416.9741599144438,-449.648031113089,-473.6584951166835
6280205,-377.19740499037675,-351.07757684994544,-327.869517600411,-307.2759561897378,-273.59615502748443,-249.99750273143263
6040200,212.47681905526952,212.98483032842023,213.13294419558565,213.44915666326483,214.10877959307095,214.5468324171036
5181800,112.54739091730107,94.54265807443949,90.163658303479,90.48705443283598,89.56324948073006,79.13017284300827
6040384,430.7462238685414,429.79167631605856,429.72355917855316,429.53181703084556,428.8572559852289,428.2917008429504
6040373,102.05793279393401,99.34281643889176,97.84298756464864,96.76359125103522,95.22319349747318,94.27492997865329
6040357,168.34743944425577,168.39941074676676,168.47141232059744,168.60883247563538,168.9800674211608,169.3035937167424
5181921,180.32260992827855,178.4893568110217,183.1436354237087,186.8306896984709,190.02410985041274,188.7183956557974
6040213,254.49473347102298,255.20258320285438,255.8829766681913,256.51587950965063,257.58684999184493,258.38637612234197
6040235,601.723773005876,602.8290120256555,603.7496632902725,604.5670909457208,605.8847279523718,606.7605329742188
5181789,-143.25305171403397,-188.01313478098155,-205.26970696420358,-223.64464358201758,-245.30721453326964,-262.8130849809561
5181838,185.46745080825212,229.01414740364294,250.13271612074914,262.13986163017853,277.1357968282548,288.8326161223076
5181788,63.81774052985088,69.76284558903012,65.98661995084785,54.531995289996985,25.34482575628863,-1.2457451232883159
5181801,99.71208383594012,97.94496646784114,110.31413586049553,124.0586539022263,150.3663017631318,173.04749184253637
5181922,219.46223299849953,214.86190074698357,213.09962022969262,214.17857650023757,222.57421308935363,238.8459081759329
5181837,170.89069516709037,145.26307902579515,133.15198785850475,124.23406109269399,106.7308065478453,88.66458186556201
6040356,385.8550249489638,402.1590337766752,414.0734870223023,422.3311271301934,429.57705558969224,426.87966655693754
6040273,199.80551366519717,198.09100938605548,197.00683897222257,196.40518792922808,195.9814872718971,196.30284375458587
6040199,492.6816934045396,501.99720555883437,516.0118320134327,528.2769915571259,547.4928396717573,559.8040490840888
6040372,85.46670935101747,93.75980063821135,98.82235405405527,105.45131670837804,117.95649137308692,127.5716896623112
6040212,318.59176546300137,324.5034536275666,328.58375786173474,331.37390967655074,333.26837268834015,336.9765738281412
6040247,255.44155254678367,255.14061826049647,255.4399543993925,255.8410711137933,256.6014228522656,257.1747694128246
6040248,221.60387266650082,231.71927516071491,240.46268519576506,247.98349477493412,260.9313010885289,273.08783093904844
5181776,29.29056477275799,23.485331292777346,25.130072100484767,28.799024928028302,36.909512751060674,37.22131421597737
5181949,101.25428348138462,81.285370186627,68.07337624430329,59.3093611792267,50.748299469456924,49.72872154898846
5181894,-592.7553277328466,-543.3539532043892,-540.3100158654931,-541.5196939541943,-544.5692516524572,-547.7329959303736
5181950,318.2725830666766,351.15150182844786,365.07673078493167,374.6850199870703,386.89841271861155,389.31783299582276
5181933,64.6001255327551,83.13285591261888,92.6565802489365,97.68692155087274,100.46289051716985,98.18984302961712
5181934,423.86491904280183,434.1275208846271,451.04567811179004,464.764118897426,481.3838163798014,488.224171628812
5181850,-78.39489052735871,-56.49297175417041,-39.936337636314875,-36.606979545181275,-34.4676630239569,-33.14145872929521
5181777,-232.55087695178258,-263.9503483078347,-277.1485066252253,-279.9299513198414,-276.5558137653768,-271.1326799115234
5181895,169.01122175567525,217.79261175573765,251.20110513351733,276.6633781107978,305.43978473019615,306.4827932339181
5181849,-37.07559169305591,-45.021959999962974,-55.100187127713525,-65.36659882913887,-84.06138941671293,-99.97905516697642
5991873,107.11325901232544,138.59629089514192,166.3865337700979,191.5244798779229,233.8494693560708,269.1276288496854
6006643,109.47847426369208,106.11978356526174,104.92674315379463,103.6125405947148,98.97750012150937,92.19890900721998
6210558,-4.806261250797434,-4.049945022967449,-4.884224883101751,-6.222907572297572,-7.749107734470272,-6.277182027236677
6280206,-427.0,-427.0,-427.0,-427.0,-427.0,-427.0
6280207,-24.608391595510284,-24.590249757432275,-24.577000152091614,-24.567627030184667,-24.558309222143407,-24.557054271098423
6280208,143.10261767343923,143.04772237468273,143.00363872381968,142.97471106020907,142.95035614986045,142.95355881152818
6280212,-7.382699491672156,-0.6173356206286371,6.634123520926096,15.739671607906075,41.357332976051566,74.32084910809863
6280209,233.35081257568845,234.45185592498683,234.93798635118526,235.16893102353947,235.35502751966442,235.3730770556607
5181881,53.47970226340885,55.964336709309464,53.69922561605267,44.747670314214474,19.01564871362143,-9.000546068778021
5181827,-147.1061276847215,-189.01471146319682,-213.7334597114425,-228.76407547471922,-247.070119648502,-262.5969940723526
5181814,208.9574644672407,202.05374794995055,197.96382190379018,195.4560032398349,190.44674498619725,181.36646274204918
5181863,268.4391896833563,301.13077616028477,321.04949788032786,334.7617168927861,356.0170004049446,376.1640018387045
5181875,0.1470166923177203,-66.06749497094233,-84.86692542057085,-90.5907519986024,-89.60161382649494,-87.63790178714589
6140729,465.54721578540796,481.4946363170666,476.8751065095671,474.4710993248158,481.61551909480386,496.00366625305253
6280210,247.11994465059092,233.8186011601981,220.67010416290054,208.58699239733983,190.18991368756474,179.9803725646857
5181828,256.67326371534705,295.673406260614,310.733791832258,317.86022207521205,322.9956139529679,323.386124174476
5181864,34.354643577287106,8.829934192884366,-12.943269068332711,-27.081182440608018,-40.199246719158964,-43.5159935880381
5181815,14.73794729668225,13.256157881220133,14.640307128944642,14.53760064668404,9.072573258700686,-4.153628056405751
6280211,-87.47549949856761,-79.33723076598949,-76.87881072755067,-77.05208200430889,-81.8236934368872,-89.06015946438151
6315013,206.0432705833341,215.81131190085466,226.5958582491437,237.2212043129607,255.9998172889841,269.7351859038763
6210557,22.645495718820257,14.037596251368086,3.321930706244075,-8.856881640239862,-36.03571681161293,-65.44518018646568
6309723,-53.32975156358816,-54.08327013819553,-53.83605356578414,-53.05913092036826,-50.79711715105691,-48.11303267894846
6299699,506.34794009875304,505.77153834193325,505.2031855085879,504.7462336195056,504.1270025317058,503.78361819167617
6040262,-209.67091110752426,-218.02794398841752,-225.6189499709567,-231.46501625576616,-237.25891160477977,-240.90134992204185
6040261,99.03139849603781,100.70256148579665,101.99708431629597,102.92964721937324,104.30887410704577,105.22384729395571
5181924,43.14023729005589,27.42254444643777,12.932816009511498,2.05634505693547,-16.502013091095705,-34.468755110893426
6040276,-251.67236038086548,-249.4504385894386,-248.27907762585278,-247.4338514029837,-246.34644135732628,-246.25453909800058
5181923,15.266652555249493,0.338472530704621,-11.429804089309073,-23.235700441070094,-49.59142983093784,-76.05723063967548
5181802,-44.104004959922804,-34.18934177845904,-25.366608773955704,-16.66816251651062,-2.8193404220230605,9.261242864928363
5181803,-40.002005569461744,-10.632705739252287,-2.103873784557436,0.48835031050361977,11.592741126315559,33.69641498159376
5181791,32.1849810331521,-3.5289391586200054,-29.346176654028795,-48.34815909014014,-71.60484549064063,-90.67402428461446
5181790,-45.365504466663424,-78.71526070662094,-85.55790792041398,-92.85888775728995,-109.35702006082784,-132.65208339428136
5181839,74.36119642824747,49.48117427259035,38.79886568629104,32.85165353273578,31.0596485937142,41.0897980830041
5181840,105.05115231288528,145.46344104477635,160.31755561888576,165.53951384811398,169.43989101141528,171.46602283623815
6040346,365.5400004170692,359.8742764801209,354.2633012271285,347.68616540399444,330.5941665215121,308.90686329352934
5924777,-127.41006592700955,-157.46616488153109,-182.68144287321434,-202.17326862591995,-239.43371955256612,-273.52323891536594
6040334,180.72810435068573,180.8359855952924,180.57882145641383,180.3451066926209,179.95251077078137,179.66047117815833
6040202,-537.6320001906804,-552.2926724716681,-566.4135816828305,-578.742535325591,-597.9969526157563,-610.2573104288076
6040215,-511.29439032238906,-518.7790823930386,-524.152083574462,-528.1717273684635,-532.1408332079084,-537.1269833156177
6040399,100.41626500260713,96.31211194770435,97.06920125975512,97.32365777848554,97.54410776397026,97.66379209988577
6040398,-428.3063836713893,-456.30188718253225,-480.86211121483825,-500.64598305104005,-533.7273857435671,-558.084635402716
6040358,-387.53246200415697,-403.06349989948376,-414.3343884562282,-422.08339811316523,-428.6195062506199,-425.55495496536764
6040387,135.3342268843951,136.8751968110837,137.75955801916643,138.71557955154935,140.52538967765986,141.87877802723574
6040347,138.92928821550527,138.11382827781722,137.15482597130676,136.551723830102,135.52935634392747,134.51249581847014
5181896,147.95047540791052,180.99991528256874,207.99532306532092,226.9618492742061,247.75455896679614,254.27147169786372
6040374,290.85983211185635,286.2312916666608,283.02142750969733,278.18232508527603,268.8734373125244,262.09869398638443
6040386,-353.8178699637133,-354.3152414167241,-355.1339604686252,-355.8859887028002,-357.09630115659456,-357.8442919086983
6040359,119.58101599598695,119.71834700034947,119.66401422907461,119.46290589764544,118.78133274238735,117.98575209870955
6040237,205.38335910747423,229.4782759832251,247.33518562710196,262.1013363512925,282.4249827273186,295.0044105797467
5181935,-3.902573306441127,-18.264365600499104,-27.28490530646536,-29.886298370164013,-18.64746542873695,3.867464147050896
6144112,99.22763064403125,118.0699601510762,131.85652816754236,144.73582920795388,171.40839078533963,198.4633886092647
5181852,398.6642355437705,417.81310158736164,426.83078103509524,431.36438680579295,436.83461519697835,443.01023113421934
5181851,-191.25024501951157,-235.45998477520152,-261.4040767157235,-270.0311421433378,-273.12284037375684,-267.91292016729835
5181779,200.36319257329114,211.06505563814267,214.70293304921825,213.5378667961577,206.6497626607163,199.44284994492136
5181936,321.61137412236417,336.50480518703375,349.78000933540034,359.3732951208335,375.8790991034423,391.9867800048262
5181778,-63.54000913037703,-80.4036569802015,-91.6419418995199,-99.57496339643626,-112.76919777446915,-122.60242320836414
5181952,-71.12465174212343,-71.84843254870407,-75.24207686750628,-76.81798941266857,-71.48948703335623,-56.02468288931618
5181951,142.0061596725916,154.43106741923702,151.62705317868995,150.36672417529076,156.22598922740326,169.70400111648132
5181897,-627.7930569892894,-607.5065085687307,-618.6560037012053,-629.8949398490897,-644.5842372791006,-654.3911099801226
6040275,122.66806636602792,122.45968641967102,121.80846948467479,121.59981282864737,121.26724565425161,121.05093506654634
6040201,127.63389672874223,132.84096311366125,133.27701142559204,133.43095467799571,133.41263966393535,133.28289202939277
6040238,-768.5761200409521,-790.3820973095796,-807.8431402319221,-820.5082708294781,-832.2382962224231,-829.2172744981586
6040375,-246.7808183336581,-246.82094209059687,-246.6026247525681,-246.43434744026376,-246.38622216452154,-246.96135344808658
6040335,-346.0957056798836,-350.24445104596975,-354.45304108739083,-357.80380157991226,-362.88432711429004,-365.96091523828886
5991874,116.25209860823725,147.11017648129496,173.97552212904225,198.28866655011848,239.8438040867054,274.35678459474934
6280444,239.74815334628397,242.2596739986534,246.3742302333128,251.60375661219973,264.2468615544626,278.6776155439625
6280445,29.81234356542177,31.178943712672663,32.22101492476122,32.78068250650267,32.871524213283465,32.19507662014939
6280446,32.5208089452542,32.52335127686797,32.524115371600374,32.52279474281363,32.51638176962956,32.50789509046035
6280448,177.83884976494096,178.8672070896887,179.32133139574637,179.53708947727682,179.71095718998367,179.72782106479042
6315019,-27.269508087169015,-24.152256463054755,-24.72179275406802,-25.252277975718016,-26.463557167211547,-27.567862168591546
6140730,272.3611817708379,234.45657476032966,221.2172838819513,216.85455990767468,221.06535825140259,233.3122069439719
6040249,-307.0639718647683,-317.51718736100634,-326.49045585103727,-334.1717869606691,-347.3246010853038,-359.6197452075762
6266052,518.2335173426188,516.1171256399207,511.8720959366881,507.6523314928188,500.8084939369062,496.7523978952886
6280449,-431.73128758660516,-431.73128758660516,-431.73128758660516,-431.73128758660516,-431.73128758660516,-431.73128758660516
6315046,180.4823253783277,161.47359221378792,145.6819358837081,134.15089557440297,125.38091421819536,133.465172951255
6315047,72.69638375227441,81.87792445628088,92.83966325844267,104.6455102089185,128.89387870456244,151.26879252857498
6280450,-381.0636482956414,-380.1608055553081,-379.37154011526206,-378.7391966270782,-377.8830971915088,-377.3964504055799
6280451,320.48205307454487,299.8756694505216,282.24007432185385,267.4071450838196,247.0336501695083,234.3486787265865
6040250,157.60521689089796,159.00474285507812,159.61100307492643,159.946111472256,160.3531081213764,160.77369906408285
5181882,492.6708190202137,496.65590259869157,492.1216655685939,493.2766464896995,501.2281999310825,501.67121024914616
5181829,310.8291248980165,382.0209911506647,419.2127095171338,443.6345562407571,478.06300395841026,506.8867927834906
5181866,-147.13164499327218,-200.46371990483158,-228.9392077491052,-251.1212230970907,-290.8731023892128,-329.01441752321125
5181876,370.8630090533129,396.23480942443507,392.0709704915091,385.18683653318794,379.6968647149922,387.20617111552247
