mid,home_true,away_at_home,neutral_true,vc,elev
ng1738379,1,0,0,,
ng1740913,1,0,0,,
ng1738380,1,0,0,,
ng1744850,1,0,0,,
ng1748165,1,0,0,,
ng1741368,1,0,0,,
ng1753323,1,0,0,,
ng1774091,1,0,0,,
ng1784600,1,0,0,,
ng1781549,1,0,0,,
ng1785603,1,0,0,,
ng1787047,1,0,0,,
ng1785136,1,0,0,,
ng1782439,1,0,0,,
ng1782441,1,0,0,,
2941970,1,0,0,,
ng1782440,1,0,0,,
2941972,1,0,0,,
2942128,1,0,0,,
2942180,1,0,0,,
2942154,1,0,0,,
2942178,1,0,0,,
2941971,1,0,0,,
ng1782442,1,0,0,,
ng1782443,1,0,0,,
2942155,1,0,0,,
2942179,1,0,0,,
ng1786647,1,0,0,,
ng1782444,1,0,0,,
ng1782445,1,0,0,,
2942099,1,0,0,,
2942021,1,0,0,,
ng1790923,1,0,0,,
2942130,1,0,0,,
2942205,1,0,0,,
2942023,1,0,0,,
2942022,1,0,0,,
2942100,1,0,0,,
2942129,1,0,0,,
2942204,1,0,0,,
ng1790924,1,0,0,,
ng1782446,1,0,0,,
ng1782447,1,0,0,,
ng1782448,1,0,0,,
2941996,1,0,0,,
2942047,1,0,0,,
2942073,1,0,0,,
2941997,1,0,0,,
2942075,1,0,0,,
2942048,1,0,0,,
2942074,1,0,0,,
2941973,1,0,0,,
2942182,1,0,0,,
2942157,1,0,0,,
2942156,1,0,0,,
2941974,1,0,0,,
2941975,1,0,0,,
2942181,1,0,0,,
2942183,1,0,0,,
2942206,1,0,0,,
ng1788200,1,0,0,,
2942026,1,0,0,,
2942102,1,0,0,,
2942133,1,0,0,,
ng1788198,1,0,0,,
2942025,1,0,0,,
2942207,1,0,0,,
2942131,1,0,0,,
2942024,1,0,0,,
2942101,1,0,0,,
2942132,1,0,0,,
ng1791381,1,0,0,,
ng1792800,1,0,0,,
ng1788201,1,0,0,,
ng1789387,1,0,0,,
ng1788199,1,0,0,,
2942076,1,0,0,,
2941998,1,0,0,,
2942077,1,0,0,,
2942049,1,0,0,,
2941999,1,0,0,,
2942078,1,0,0,,
ng1788192,1,0,0,,
2942050,1,0,0,,
ng1792464,1,0,0,,
ng1788197,1,0,0,,
ng1788194,1,0,0,,
ng1788195,1,0,0,,
ng1788196,1,0,0,,
ng1788191,1,0,0,,
ng1788193,1,0,0,,
ng1802439,1,0,0,,
ng1802667,1,0,0,,
ng1801487,1,0,0,,
ng1803266,1,0,0,,
ng1803993,1,0,0,,
ng1802481,1,0,0,,
ng1804688,1,0,0,,
ng1804689,1,0,0,,
ng1803692,1,0,0,,
ng1803590,1,0,0,,
ng1803695,1,0,0,,
ng1803694,1,0,0,,
2942027,1,0,0,,
ng1803697,1,0,0,,
2942103,1,0,0,,
ng1805346,1,0,0,,
2942208,1,0,0,,
2942029,1,0,0,,
2942028,1,0,0,,
2942134,1,0,0,,
2942136,1,0,0,,
2942135,1,0,0,,
ng1803702,1,0,0,,
2942104,1,0,0,,
2942209,1,0,0,,
ng1803704,1,0,0,,
ng1803705,1,0,0,,
ng1803701,1,0,0,,
2942001,1,0,0,,
2942080,1,0,0,,
2942051,1,0,0,,
2942081,1,0,0,,
2942000,1,0,0,,
2942079,1,0,0,,
2942052,1,0,0,,
ng1803709,1,0,0,,
2942158,1,0,0,,
ng1803711,1,0,0,,
2942159,1,0,0,,
2942184,1,0,0,,
2941976,1,0,0,,
ng1804087,1,0,0,,
2941978,1,0,0,,
2941977,1,0,0,,
2942186,1,0,0,,
2942185,1,0,0,,
ng1804054,1,0,0,,
ng1806237,1,0,0,,
ng1804091,1,0,0,,
ng1806386,1,0,0,,
2942030,1,0,0,,
ng1806236,1,0,0,,
ng1804092,1,0,0,,
ng1806387,1,0,0,,
ng1806388,1,0,0,,
2942031,1,0,0,,
2942032,1,0,0,,
2942210,1,0,0,,
2942105,1,0,0,,
ng1804791,1,0,0,,
ng1804093,1,0,0,,
2942211,1,0,0,,
2942138,1,0,0,,
2942137,1,0,0,,
2942106,1,0,0,,
ng1806684,1,0,0,,
ng1804095,1,0,0,,
ng1806674,1,0,0,,
2942054,1,0,0,,
2942002,1,0,0,,
2942082,1,0,0,,
2942083,1,0,0,,
2942003,1,0,0,,
2942053,1,0,0,,
2942084,1,0,0,,
ng1804094,1,0,0,,
ng1804090,1,0,0,,
ng1806754,1,0,0,,
2941979,1,0,0,,
ng1806678,1,0,0,,
ng1804089,1,0,0,,
2941980,1,0,0,,
2942139,1,0,0,,
2942188,1,0,0,,
2942160,1,0,0,,
2942161,1,0,0,,
2941981,1,0,0,,
2942187,1,0,0,,
2942189,1,0,0,,
ng1804096,1,0,0,,
ng1804088,1,0,0,,
ng1806680,1,0,0,,
ng1804097,1,0,0,,
ng1804098,1,0,0,,
ng1813637,1,0,0,,
ng1813613,1,0,0,,
ng1813614,1,0,0,,
ng1811767,1,0,0,,
ng1811768,1,0,0,,
ng1814653,1,0,0,,
ng1814631,1,0,0,,
ng1815494,1,0,0,,
ng1814786,1,0,0,,
2942085,1,0,0,,
ng1811773,1,0,0,,
ng1811772,1,0,0,,
2942086,1,0,0,,
ng1811774,1,0,0,,
2942004,1,0,0,,
2942005,1,0,0,,
2942055,1,0,0,,
2942087,1,0,0,,
2942056,1,0,0,,
ng1814784,1,0,0,,
ng1811777,1,0,0,,
2941982,1,0,0,,
2941983,1,0,0,,
2942190,1,0,0,,
ng1811778,1,0,0,,
2942163,1,0,0,,
2942192,1,0,0,,
2941984,1,0,0,,
2942162,1,0,0,,
2942191,1,0,0,,
ng1811776,1,0,0,,
2942033,1,0,0,,
2942034,1,0,0,,
2942212,1,0,0,,
2942035,1,0,0,,
2942140,1,0,0,,
2942141,1,0,0,,
2942107,1,0,0,,
2942142,1,0,0,,
2942213,1,0,0,,
2942108,1,0,0,,
ng1815351,1,0,0,,
2942058,1,0,0,,
2942057,1,0,0,,
2942007,1,0,0,,
2942006,1,0,0,,
2942088,1,0,0,,
2942089,1,0,0,,
2942090,1,0,0,,
ng1815354,1,0,0,,
2942195,1,0,0,,
2942193,1,0,0,,
2941985,1,0,0,,
2942164,1,0,0,,
2941987,1,0,0,,
2942194,1,0,0,,
2942165,1,0,0,,
2941986,1,0,0,,
ng1815357,1,0,0,,
ng1815358,1,0,0,,
ng1815360,1,0,0,,
ng1815359,1,0,0,,
ng1815356,1,0,0,,
ng1817304,1,0,0,,
2942214,1,0,0,,
2942215,1,0,0,,
2942038,1,0,0,,
2942037,1,0,0,,
2942145,1,0,0,,
2942143,1,0,0,,
2942110,1,0,0,,
2942144,1,0,0,,
2942109,1,0,0,,
2942036,1,0,0,,
ng1815361,1,0,0,,
ng1828213,1,0,0,,
ng1827387,1,0,0,,
ng1828876,1,0,0,,
ng1828368,1,0,0,,
ng1829128,1,0,0,,
ng1829129,1,0,0,,
ng1830300,1,0,0,,
ng1830363,1,0,0,,
ng1830468,1,0,0,,
ng1833034,1,0,0,,
ng1831273,1,0,0,,
ng1833358,1,0,0,,
ng1834758,1,0,0,,
ng1834969,1,0,0,,
ng1835868,1,0,0,,
ng1836219,1,0,0,,
ng1836871,1,0,0,,
ng1848279,1,0,0,,
ng1848208,1,0,0,,
ng1848209,1,0,0,,
ng1848211,1,0,0,,
ng1851276,1,0,0,,
ng1852996,1,0,0,,
ng1857837,1,0,0,,
ng1860035,1,0,0,,
ng1860934,1,0,0,,
ng1908797,1,0,0,,
3287006,1,0,0,Latvia,13.0
3287127,1,0,0,Finland,12.0
3287126,1,0,0,,546.0
3287114,1,0,0,Russia,168.0
3287053,0,0,1,Italy,56.0
3287115,1,0,0,Turkey,1254.0
3287079,1,0,0,Ukraine,337.0
3287078,1,0,0,,219.0
3287005,1,0,0,Faroe Islands,51.0
3287054,1,0,0,Slovenia,293.0
3287030,1,0,0,Lithuania,154.0
3287029,1,0,0,Belarus,203.0
3287017,1,0,0,Italy,51.0
3287103,1,0,0,Slovakia,136.0
3287102,1,0,0,United Kingdom,35.0
3287091,1,0,0,Romania,73.0
3287090,1,0,0,Norway,102.0
3287018,1,0,0,,17.0
3287205,1,0,0,Macedonia [FYROM],250.0
3286999,1,0,0,,1.0
3287218,1,0,0,Cyprus,181.0
3287217,1,0,0,Azerbaijan,12.0
3287042,1,0,0,Iceland,9.0
3287206,1,0,0,Estonia,14.0
3287066,1,0,0,Sweden,9.0
3287041,1,0,0,,9.0
3287065,1,0,0,,128.0
3287007,1,0,0,Andorra,996.0
3287128,1,0,0,United Kingdom,11.0
3287055,1,0,0,Slovenia,293.0
3287116,1,0,0,Hungary,112.0
3287129,1,0,0,Ireland,0.0
3287081,1,0,0,,266.0
3287080,1,0,0,Spain,666.0
3287117,1,0,0,Serbia,121.0
3287056,1,0,0,,584.0
3287008,1,0,0,Malta,103.0
3287031,1,0,0,Kazakhstan,831.0
3287032,1,0,0,Albania,113.0
3287092,1,0,0,Austria,449.0
3287104,1,0,0,Czech Republic,215.0
3287093,1,0,0,United Kingdom,11.0
3287020,1,0,0,,17.0
3287019,1,0,0,Bosnia and Herzegovina,317.0
3287105,1,0,0,Israel,20.0
3287208,1,0,0,Georgia,414.0
3287207,1,0,0,Armenia,997.0
3287067,1,0,0,France,33.0
3287219,1,0,0,Cyprus,181.0
3287043,1,0,0,Belgium,52.0
3287068,1,0,0,Sweden,9.0
3287044,1,0,0,,9.0
3287000,1,0,0,,
3287220,1,0,0,Luxembourg,318.0
ng1931443,1,0,0,,
ng1932915,1,0,0,,
ng1934141,1,0,0,,
ng1938302,1,0,0,,
ng1934472,1,0,0,,
ng1934469,1,0,0,,
ng1934471,1,0,0,,
ng1934470,1,0,0,,
ng1936619,1,0,0,,
ng1936621,1,0,0,,
ng1934473,1,0,0,,
ng1934479,1,0,0,,
ng1934478,1,0,0,,
ng1934474,1,0,0,,
ng1934475,1,0,0,,
ng1934477,1,0,0,,
ng1934476,1,0,0,,
ng1936620,1,0,0,,
ng1936622,1,0,0,,
ng1934480,1,0,0,,
ng1936688,1,0,0,,
ng1938317,1,0,0,,
3224444,1,0,0,,
ng1936782,1,0,0,,
3224496,1,0,0,,
3224445,1,0,0,,
3224495,1,0,0,,
3224493,1,0,0,,
ng1934482,1,0,0,,
3224448,1,0,0,,
3224446,1,0,0,,
3224447,1,0,0,,
ng1934483,1,0,0,,
3238973,1,0,0,,97.0
3238970,1,0,0,,24.0
3238974,1,0,0,Argentina,10.0
ng1934484,1,0,0,,
ng1938688,1,0,0,,
ng1938690,1,0,0,,
ng1938687,1,0,0,,
ng1938689,1,0,0,,
ng1938429,1,0,0,,
ng1934485,1,0,0,,
ng1936701,1,0,0,,
3238971,1,0,0,Colombia,51.0
3238972,1,0,0,Brazil,792.0
3287222,1,0,0,Montenegro,49.0
3287221,1,0,0,Luxembourg,318.0
ng1939285,1,0,0,,
3287010,1,0,0,Faroe Islands,51.0
3287001,1,0,0,Liechtenstein,459.0
ng1938801,1,0,0,,
3287009,1,0,0,Andorra,996.0
3287082,1,0,0,Spain,666.0
3287083,1,0,0,Ukraine,127.0
ng1937018,1,0,0,,
ng1938802,1,0,0,,
ng1939303,1,0,0,,
3287130,1,0,0,Ireland,0.0
ng1938587,1,0,0,,
ng1937054,1,0,0,,
3287033,1,0,0,Kazakhstan,831.0
3287021,1,0,0,Bosnia and Herzegovina,317.0
3287045,1,0,0,United Kingdom,46.0
3287069,1,0,0,,124.0
3287210,1,0,0,Estonia,14.0
3287131,1,0,0,Finland,12.0
3287034,1,0,0,Lithuania,154.0
3287095,1,0,0,Norway,102.0
3287209,0,0,1,Poland,255.0
3287046,1,0,0,Iceland,9.0
3287107,1,0,0,United Kingdom,35.0
3287106,1,0,0,Israel,14.0
3287057,1,0,0,,162.0
3287022,1,0,0,Poland,7.0
3287058,1,0,0,,584.0
3287118,1,0,0,Russia,168.0
3287119,1,0,0,Serbia,121.0
3287070,1,0,0,France,33.0
3287094,1,0,0,United Kingdom,11.0
ng1937059,1,0,0,,
ng1939869,1,0,0,,
ng1939718,1,0,0,,
ng1939716,1,0,0,,
ng1939874,1,0,0,,
ng1934486,1,0,0,,
3287012,1,0,0,Latvia,13.0
3287223,0,0,1,Albania,129.0
ng1939896,1,0,0,,
ng1934487,1,0,0,,
ng1938195,1,0,0,,
3287084,1,0,0,,58.0
3287002,1,0,0,Liechtenstein,459.0
3287085,1,0,0,Ukraine,127.0
3287224,1,0,0,Montenegro,49.0
3287011,1,0,0,Faroe Islands,51.0
ng1938196,1,0,0,,
3238982,1,0,0,Bolivia,3586.0
3238984,1,0,0,Ecuador,2729.0
3238981,1,0,0,Venezuela,1196.0
3238980,1,0,0,Peru,139.0
3238983,1,0,0,,563.0
ng1939875,1,0,0,,
3287036,1,0,0,Lithuania,154.0
3287133,1,0,0,Finland,12.0
3287120,1,0,0,Russia,168.0
3287023,1,0,0,Italy,267.0
3287024,1,0,0,Poland,114.0
3287048,1,0,0,Iceland,9.0
3287047,1,0,0,United Kingdom,46.0
3287071,1,0,0,,124.0
3287072,1,0,0,,82.0
3287097,1,0,0,Romania,150.0
3287060,1,0,0,Moldova,110.0
3287059,1,0,0,,162.0
3287108,1,0,0,United Kingdom,35.0
3287109,1,0,0,Slovakia,145.0
3287121,1,0,0,Turkey,72.0
3287212,1,0,0,Macedonia [FYROM],250.0
3287211,1,0,0,Estonia,14.0
3287132,1,0,0,,546.0
3287096,1,0,0,Norway,102.0
3287035,1,0,0,Belarus,203.0
ng1943393,1,0,0,,
ng1944924,1,0,0,,
ng1948216,1,0,0,,
ng1948217,1,0,0,,
ng1948223,1,0,0,,
ng1948221,1,0,0,,
ng1948218,1,0,0,,
ng1948219,1,0,0,,
ng1948220,1,0,0,,
ng1948224,1,0,0,,
ng1948225,1,0,0,,
ng1948226,1,0,0,,
ng1948227,1,0,0,,
ng1948234,1,0,0,,
ng1948233,1,0,0,,
ng1948231,1,0,0,,
ng1948230,1,0,0,,
ng1948232,1,0,0,,
ng1948229,1,0,0,,
ng1948228,1,0,0,,
ng1948235,1,0,0,,
ng1949845,1,0,0,,
ng1949713,1,0,0,,
ng1950038,1,0,0,,
ng1949740,1,0,0,,
ng1948237,1,0,0,,
ng1948238,1,0,0,,
3224492,1,0,0,,
ng1948239,1,0,0,,
3224499,1,0,0,,
3224498,1,0,0,,
3224497,1,0,0,,
3238987,1,0,0,Bolivia,3586.0
ng1948240,1,0,0,,
3238988,1,0,0,Argentina,10.0
ng1949844,1,0,0,,
ng1948729,1,0,0,,
3238985,1,0,0,Colombia,51.0
3238989,1,0,0,,563.0
3238986,1,0,0,Brazil,749.0
3287013,1,0,0,Malta,103.0
3287003,1,0,0,San Marino,99.0
ng1949313,1,0,0,,
3287225,1,0,0,,135.0
3287226,1,0,0,Cyprus,181.0
3287014,1,0,0,Latvia,13.0
3287074,1,0,0,Sweden,9.0
3287073,1,0,0,,80.0
3287086,1,0,0,,117.0
3287087,1,0,0,,266.0
ng1948730,1,0,0,,
3287111,1,0,0,Slovakia,145.0
3287214,1,0,0,Macedonia [FYROM],250.0
3287134,1,0,0,,546.0
3287026,1,0,0,,17.0
3287038,1,0,0,Albania,113.0
3287213,1,0,0,Georgia,414.0
3287037,1,0,0,Belarus,203.0
ng1949590,1,0,0,,
3287122,1,0,0,Turkey,4.0
3287135,1,0,0,United Kingdom,11.0
3287123,1,0,0,Hungary,112.0
3287062,1,0,0,Slovenia,293.0
3287061,1,0,0,Moldova,110.0
3287049,1,0,0,Belgium,24.0
3287025,1,0,0,Italy,43.0
3287098,1,0,0,Romania,73.0
3287099,1,0,0,Austria,175.0
3287110,1,0,0,Czech Republic,310.0
3287050,1,0,0,,9.0
ng1950683,1,0,0,,
ng1951000,1,0,0,,
ng1949847,1,0,0,,
ng1949800,1,0,0,,
ng1948731,1,0,0,,
ng1951207,1,0,0,,
ng1949801,1,0,0,,
3287075,1,0,0,,12.0
3287088,1,0,0,Spain,2.0
3287015,1,0,0,Andorra,996.0
3287004,1,0,0,,1.0
3287227,1,0,0,Luxembourg,318.0
3287228,1,0,0,Montenegro,49.0
3287016,1,0,0,Malta,103.0
3287089,1,0,0,,452.0
3287076,1,0,0,France,33.0
ng1948732,1,0,0,,
3238992,1,0,0,Venezuela,857.0
3238994,1,0,0,Ecuador,2729.0
3238990,1,0,0,,24.0
3238993,1,0,0,,97.0
3238991,1,0,0,Peru,139.0
3287039,1,0,0,Albania,113.0
3287040,1,0,0,Kazakhstan,831.0
3287215,0,0,1,Cyprus,181.0
3287216,1,0,0,Georgia,414.0
3287028,1,0,0,,
3287027,1,0,0,Bosnia and Herzegovina,525.0
3287051,1,0,0,Belgium,24.0
3287137,1,0,0,United Kingdom,11.0
3287125,1,0,0,Serbia,121.0
3287101,1,0,0,United Kingdom,11.0
3287124,1,0,0,Hungary,112.0
3287063,1,0,0,,99.0
3287052,1,0,0,United Kingdom,46.0
3287112,1,0,0,Czech Republic,310.0
3287100,1,0,0,Austria,175.0
3287064,1,0,0,,584.0
3287113,1,0,0,Israel,20.0
3287136,1,0,0,Ireland,0.0
ng1957302,1,0,0,,
ng1962080,1,0,0,,
ng1962091,1,0,0,,
ng1962741,1,0,0,,
ng1962461,1,0,0,,
ng1963270,1,0,0,,
ng1962728,1,0,0,,
ng1962729,1,0,0,,
ng1963106,1,0,0,,
ng1964201,1,0,0,,
ng1963071,1,0,0,,
ng1964203,1,0,0,,
ng1964204,1,0,0,,
ng1966332,1,0,0,,
ng1965086,1,0,0,,
ng1966160,1,0,0,,
ng1966631,1,0,0,,
ng1968634,1,0,0,,
ng1968441,1,0,0,,
ng1968153,1,0,0,,
ng1972882,1,0,0,,
ng1973602,1,0,0,,
ng1977935,1,0,0,,
ng1980968,1,0,0,,
ng1990595,1,0,0,,
ng1991915,1,0,0,,
ng1992130,1,0,0,,
ng1993966,1,0,0,,
ng1992019,1,0,0,,
ng1992020,1,0,0,,
3495286,1,0,0,Turkey,93.0
3495229,1,0,0,,
3495208,1,0,0,Finland,12.0
3495209,1,0,0,France,33.0
3495284,1,0,0,,1.0
3495148,0,0,1,Italy,281.0
3495149,1,0,0,Serbia,121.0
3495315,1,0,0,Malta,103.0
ng1992025,1,0,0,,
3495314,1,0,0,Cyprus,181.0
3495316,1,0,0,Slovenia,293.0
3495285,1,0,0,Latvia,3.0
3495228,1,0,0,Belgium,24.0
ng1992281,1,0,0,,
ng1992286,1,0,0,,
ng1994802,1,0,0,,
ng1992293,1,0,0,,
3495188,1,0,0,,546.0
3495251,1,0,0,Israel,7.0
ng1992294,1,0,0,,
3495253,1,0,0,United Kingdom,35.0
3495169,1,0,0,Sweden,9.0
3495168,1,0,0,Spain,681.0
3495376,1,0,0,Romania,73.0
3495252,1,0,0,Moldova,110.0
3495189,1,0,0,Italy,56.0
3495346,1,0,0,Hungary,112.0
3495374,1,0,0,,32.0
3495345,1,0,0,United Kingdom,46.0
3495344,1,0,0,Andorra,996.0
3495375,1,0,0,Liechtenstein,459.0
ng1993591,1,0,0,,
ng1993312,1,0,0,,
ng1995757,1,0,0,,
3495317,1,0,0,Russia,9.0
3495287,1,0,0,Montenegro,49.0
3495230,1,0,0,Belarus,203.0
3495318,1,0,0,,188.0
3495288,0,0,1,Spain,23.0
3495289,1,0,0,,17.0
ng1993872,1,0,0,,
ng1993873,1,0,0,,
3495151,1,0,0,Serbia,121.0
3495319,1,0,0,Slovakia,145.0
3495231,1,0,0,Czech Republic,217.0
3495150,1,0,0,Ireland,0.0
ng1993874,1,0,0,,
3495210,1,0,0,Kazakhstan,376.0
ng1993879,1,0,0,,
3495170,1,0,0,Georgia,414.0
3495347,1,0,0,Albania,113.0
3495377,1,0,0,Armenia,997.0
3495254,1,0,0,,54.0
ng1993888,1,0,0,,
3495256,1,0,0,Israel,7.0
3495255,1,0,0,Austria,175.0
3495349,1,0,0,San Marino,99.0
3495211,1,0,0,Ukraine,127.0
3495379,1,0,0,Romania,73.0
3495190,1,0,0,,546.0
3495348,1,0,0,Poland,90.0
3495378,1,0,0,Macedonia [FYROM],250.0
3495171,1,0,0,,584.0
3495191,1,0,0,,656.0
ng1996612,1,0,0,,
ng1994064,1,0,0,,
ng1994067,1,0,0,,
ng1996453,1,0,0,,
ng1996450,1,0,0,,
ng1996472,1,0,0,,
ng1997176,1,0,0,,
3495321,1,0,0,Cyprus,181.0
3495152,1,0,0,Azerbaijan,12.0
3495153,1,0,0,Luxembourg,318.0
3495291,1,0,0,Montenegro,49.0
3495232,1,0,0,Belgium,24.0
3495320,1,0,0,,188.0
ng1994400,1,0,0,,
3495233,1,0,0,United Kingdom,11.0
3495292,1,0,0,Turkey,93.0
3495322,1,0,0,Slovakia,145.0
3495290,1,0,0,,1.0
ng1994368,1,0,0,,
ng1994627,1,0,0,,
3495380,1,0,0,Armenia,997.0
3495212,1,0,0,Bosnia and Herzegovina,525.0
3495257,1,0,0,Austria,175.0
3495350,1,0,0,Andorra,996.0
3495381,1,0,0,,32.0
3495213,1,0,0,Ukraine,127.0
3495351,1,0,0,United Kingdom,46.0
3495259,1,0,0,United Kingdom,35.0
3495258,1,0,0,Moldova,110.0
3495193,1,0,0,United Kingdom,11.0
3495192,1,0,0,Lithuania,154.0
3495382,1,0,0,Liechtenstein,459.0
3495172,1,0,0,,45.0
3495173,1,0,0,Spain,2.0
ng1994629,1,0,0,,
3495352,1,0,0,San Marino,99.0
ng2011017,1,0,0,,
ng2019127,1,0,0,,
ng2019794,1,0,0,,
ng2020288,1,0,0,,
ng2020284,1,0,0,,
ng2018883,1,0,0,,
ng2020865,1,0,0,,
ng2018964,1,0,0,,
ng2021421,1,0,0,,
ng2020873,1,0,0,,
ng2019385,1,0,0,,
ng2021381,1,0,0,,
ng2020874,1,0,0,,
ng2019386,1,0,0,,
ng2022288,1,0,0,,
ng2020217,1,0,0,,
ng2020068,1,0,0,,
ng2020223,1,0,0,,
ng2021989,1,0,0,,
ng2020333,1,0,0,,
ng2020332,1,0,0,,
ng2020335,1,0,0,,
ng2020334,1,0,0,,
ng2020331,1,0,0,,
ng2020736,1,0,0,,
ng2020737,1,0,0,,
ng2020739,1,0,0,,
ng2020740,1,0,0,,
ng2020741,1,0,0,,
ng2020742,1,0,0,,
ng2020743,1,0,0,,
ng2020744,1,0,0,,
ng2020810,1,0,0,,
ng2020899,1,0,0,,
ng2020900,1,0,0,,
ng2020811,1,0,0,,
ng2020901,1,0,0,,
ng2020902,1,0,0,,
3239011,1,0,0,Bolivia,3586.0
3239008,1,0,0,,24.0
3239012,1,0,0,Argentina,188.0
3239009,1,0,0,Peru,139.0
ng2022828,1,0,0,,
ng2021064,1,0,0,,
ng2021138,1,0,0,,
ng2021063,1,0,0,,
ng2020812,1,0,0,,
ng2020813,1,0,0,,
ng2021142,1,0,0,,
ng2021066,1,0,0,,
ng2021065,1,0,0,,
ng2020814,1,0,0,,
3239010,1,0,0,Brazil,5.0
ng2022316,1,0,0,,
ng2020815,1,0,0,,
ng2020816,1,0,0,,
ng2023435,1,0,0,,
ng2021473,1,0,0,,
ng2021474,1,0,0,,
ng2021534,1,0,0,,
ng2021997,1,0,0,,
ng2021996,1,0,0,,
ng2022333,1,0,0,,
ng2022335,1,0,0,,
ng2022334,1,0,0,,
ng2021090,1,0,0,,
ng2022337,1,0,0,,
ng2022336,1,0,0,,
ng2022338,1,0,0,,
ng2022339,1,0,0,,
ng2022340,1,0,0,,
ng2022424,1,0,0,,
ng2024117,1,0,0,,
ng2022432,1,0,0,,
ng2022433,1,0,0,,
ng2021091,1,0,0,,
ng2022434,1,0,0,,
ng2024587,1,0,0,,
ng2024124,1,0,0,,
ng2022567,1,0,0,,
ng2021093,1,0,0,,
ng2022566,1,0,0,,
ng2024125,1,0,0,,
ng2022552,1,0,0,,
ng2022553,1,0,0,,
ng2022555,1,0,0,,
ng2022568,1,0,0,,
ng2021092,1,0,0,,
3239017,1,0,0,Ecuador,2729.0
3239014,1,0,0,Venezuela,857.0
3239013,1,0,0,Colombia,51.0
3239015,1,0,0,,97.0
3239016,1,0,0,,961.0
ng2024442,1,0,0,,
ng2022731,1,0,0,,
ng2022732,1,0,0,,
ng2022900,1,0,0,,
ng2023289,1,0,0,,
ng2023317,1,0,0,,
ng2023318,1,0,0,,
ng2023322,1,0,0,,
ng2023319,1,0,0,,
ng2023067,1,0,0,,
3230637,0,1,0,Italy,17.0
ng2023320,1,0,0,,
3230638,0,0,1,Azerbaijan,12.0
3230643,0,0,1,,9.0
3230644,0,1,0,Russia,10.0
ng2023673,1,0,0,,
ng2023295,1,0,0,,
3230655,1,0,0,United Kingdom,46.0
ng2024079,1,0,0,,
3230650,0,0,1,Romania,73.0
ng2024057,1,0,0,,
ng2026716,1,0,0,,
3230649,0,0,1,,17.0
3230656,1,0,0,United Kingdom,35.0
3230662,0,0,1,Russia,10.0
ng2026490,1,0,0,,
3230661,1,0,0,Spain,2.0
ng2026747,1,0,0,,
3230667,1,0,0,Hungary,112.0
3230668,0,0,1,,491.0
ng2024758,1,0,0,,
3230646,0,1,0,Russia,10.0
3230639,0,0,1,Azerbaijan,12.0
3230640,1,0,0,Italy,17.0
3230652,0,0,1,Romania,73.0
3230645,0,0,1,,9.0
3230651,0,0,1,,17.0
ng2027402,1,0,0,,
3230664,0,0,1,Russia,10.0
3230658,0,0,1,United Kingdom,35.0
3230657,1,1,0,United Kingdom,46.0
3230669,1,0,0,Hungary,112.0
3230670,0,0,1,,491.0
3230663,1,0,0,Spain,2.0
3230641,0,0,1,Azerbaijan,12.0
3230642,1,0,0,Italy,17.0
3230653,0,0,1,,17.0
3230654,0,0,1,Romania,73.0
3230647,0,0,1,,9.0
3230648,0,0,1,Russia,10.0
3230659,0,1,0,United Kingdom,46.0
3230660,0,1,0,United Kingdom,35.0
3230665,0,1,0,Spain,2.0
3230666,0,0,1,Russia,10.0
3230671,0,0,1,,491.0
3230672,0,0,1,Hungary,112.0
2767769,0,0,1,,17.0
2767768,0,0,1,United Kingdom,46.0
ng2029357,1,0,0,,
2767771,0,0,1,Hungary,112.0
2767770,0,0,1,Spain,2.0
2767772,0,0,1,,9.0
2767773,0,0,1,Romania,73.0
2767775,1,0,0,United Kingdom,46.0
2767774,0,0,1,United Kingdom,35.0
ng2032390,1,0,0,,
2767865,0,0,1,Russia,10.0
2767866,0,0,1,,491.0
2767867,0,0,1,Azerbaijan,12.0
2767868,0,0,1,Italy,17.0
ng2035512,1,0,0,,
ng2035595,1,0,0,,
2767870,0,0,1,United Kingdom,46.0
2767871,1,0,0,United Kingdom,46.0
2767869,0,1,0,United Kingdom,46.0
ng2083133,1,0,0,,
ng2084544,1,0,0,,
ng2087051,1,0,0,,
ng2084988,1,0,0,,
ng2088294,1,0,0,,
3495214,1,0,0,Kazakhstan,376.0
ng2087306,1,0,0,,
ng2086888,1,0,0,,
ng2087299,1,0,0,,
3495293,1,0,0,Latvia,13.0
3495154,1,0,0,Luxembourg,297.0
3495295,1,0,0,Turkey,10.0
3495325,1,0,0,Slovenia,293.0
3495324,1,0,0,Russia,171.0
3495155,1,0,0,,47.0
ng2086887,1,0,0,,
ng2086886,1,0,0,,
3495323,1,0,0,Malta,103.0
3495260,1,0,0,,9.0
3495261,1,0,0,Faroe Islands,51.0
3495215,1,0,0,France,144.0
3495294,1,0,0,Norway,102.0
3495262,1,0,0,Moldova,110.0
ng2087307,1,0,0,,
ng2087303,1,0,0,,
3495174,1,0,0,Georgia,4.0
3495385,1,0,0,Macedonia [FYROM],250.0
3495384,1,0,0,,656.0
3495194,1,0,0,Italy,51.0
3495383,1,0,0,Iceland,9.0
3495354,1,0,0,Hungary,112.0
3495195,1,0,0,Lithuania,154.0
3495355,1,0,0,Poland,98.0
3495234,1,0,0,Czech Republic,233.0
3495353,1,0,0,Andorra,996.0
3495175,1,0,0,Sweden,9.0
3495235,1,0,0,Estonia,14.0
3239022,1,0,0,Bolivia,3586.0
3239024,1,0,0,Ecuador,2729.0
3239021,1,0,0,Venezuela,857.0
3239023,1,0,0,,579.0
3239020,1,0,0,Peru,139.0
3495216,1,0,0,Finland,12.0
ng2094600,1,0,0,,
ng2094347,1,0,0,,
3495327,1,0,0,Slovenia,293.0
3495157,1,0,0,Serbia,121.0
3495326,1,0,0,Cyprus,181.0
3495156,1,0,0,Ireland,0.0
3495296,1,0,0,Latvia,13.0
ng2088613,1,0,0,,
ng2088611,1,0,0,,
3495217,1,0,0,Ukraine,127.0
3495297,1,0,0,,1.0
3495265,1,0,0,United Kingdom,35.0
3495298,1,0,0,,14.0
3495264,1,0,0,Israel,14.0
3495263,1,0,0,Faroe Islands,51.0
3495328,1,0,0,Slovakia,136.0
ng2091613,1,0,0,,
ng2091614,1,0,0,,
3495236,0,0,1,Russia,56.0
ng2091612,1,0,0,,
ng2091615,1,0,0,,
3495356,1,0,0,Albania,113.0
3495386,1,0,0,Iceland,9.0
3495357,1,0,0,United Kingdom,46.0
3495196,1,0,0,,546.0
3495197,1,0,0,,266.0
3495237,1,0,0,Belgium,52.0
3495387,1,0,0,,219.0
3495388,1,0,0,Romania,73.0
3495358,1,0,0,San Marino,99.0
3495177,1,0,0,Spain,166.0
3495176,1,0,0,,584.0
3239004,1,0,0,Ecuador,2729.0
3239003,1,0,0,,97.0
3239000,1,0,0,,30.0
3239001,1,0,0,Peru,139.0
ng2095703,1,0,0,,
ng2093481,1,0,0,,
ng2095707,1,0,0,,
3495158,1,0,0,Azerbaijan,12.0
3495219,1,0,0,France,192.0
3495266,1,0,0,Austria,175.0
3495159,1,0,0,Ireland,0.0
3495299,1,0,0,Montenegro,49.0
3495300,1,0,0,,17.0
3495218,1,0,0,Bosnia and Herzegovina,317.0
3495301,1,0,0,Norway,102.0
3495267,1,0,0,,9.0
ng2093482,1,0,0,,
3495331,1,0,0,Slovakia,136.0
3495268,1,0,0,Faroe Islands,51.0
3495330,1,0,0,Russia,128.0
3495329,1,0,0,,12.0
3495389,1,0,0,Armenia,997.0
ng2093495,1,0,0,,
3495179,1,0,0,,584.0
3495359,1,0,0,Albania,113.0
3495238,0,0,1,Russia,56.0
3495178,1,0,0,,162.0
3495360,1,0,0,Hungary,112.0
ng2093493,1,0,0,,
3495390,1,0,0,Iceland,9.0
3495199,1,0,0,United Kingdom,11.0
3495361,1,0,0,Poland,98.0
3495239,1,0,0,United Kingdom,11.0
3495391,1,0,0,Macedonia [FYROM],250.0
3495198,1,0,0,Italy,43.0
ng2093494,1,0,0,,
3239028,1,0,0,,97.0
3239025,1,0,0,,30.0
3239026,1,0,0,Colombia,51.0
3239029,1,0,0,Argentina,10.0
3239027,1,0,0,Brazil,25.0
ng2102690,1,0,0,,
ng2103518,1,0,0,,
ng2105439,1,0,0,,
ng2105093,1,0,0,,
ng2105092,1,0,0,,
3492720,1,0,0,Italy,139.0
3492721,0,0,1,Italy,281.0
3239030,1,0,0,,53.0
3239033,1,0,0,,97.0
3239032,1,0,0,Venezuela,857.0
3239034,1,0,0,Ecuador,11.0
3239031,1,0,0,Peru,139.0
3495240,1,0,0,Czech Republic,217.0
3495241,1,0,0,Estonia,14.0
3495302,1,0,0,,1.0
3495332,1,0,0,Cyprus,31.0
3495392,1,0,0,,30.0
3495394,1,0,0,Liechtenstein,459.0
3495303,1,0,0,Latvia,13.0
3495304,1,0,0,Turkey,4.0
3495334,1,0,0,Russia,58.0
3495393,1,0,0,Iceland,9.0
3495333,1,0,0,Malta,103.0
3495220,1,0,0,Kazakhstan,376.0
3495200,1,0,0,Lithuania,154.0
ng2106745,1,0,0,,
ng2106746,1,0,0,,
3495181,1,0,0,Georgia,4.0
3495160,1,0,0,Azerbaijan,12.0
3495221,1,0,0,Finland,12.0
3495180,1,0,0,Sweden,9.0
3495269,1,0,0,United Kingdom,35.0
3495201,1,0,0,,379.0
3495362,1,0,0,Andorra,996.0
3495270,1,0,0,Faroe Islands,51.0
3495364,1,0,0,Poland,98.0
3495161,1,0,0,Luxembourg,297.0
3495271,1,0,0,Moldova,110.0
3495363,1,0,0,Hungary,112.0
ng2106748,1,0,0,,
3492725,1,0,0,Italy,281.0
3492724,0,0,1,Italy,139.0
3238997,1,0,0,Bolivia,3586.0
3238996,1,0,0,Venezuela,857.0
3238995,1,0,0,Colombia,51.0
3238998,1,0,0,Argentina,10.0
3238999,1,0,0,,961.0
3495336,1,0,0,Cyprus,31.0
3495306,1,0,0,,3.0
3495396,1,0,0,Macedonia [FYROM],250.0
3495307,1,0,0,Norway,102.0
3495397,1,0,0,Romania,88.0
3495305,1,0,0,Latvia,13.0
3495335,1,0,0,,89.0
3495243,1,0,0,Estonia,14.0
3495242,0,0,1,Russia,56.0
3495395,1,0,0,Iceland,9.0
3495337,1,0,0,Slovenia,276.0
ng2111039,1,0,0,,
3495222,1,0,0,Kazakhstan,376.0
ng2107928,1,0,0,,
3495182,1,0,0,Sweden,9.0
ng2107929,1,0,0,,
3495202,1,0,0,,546.0
3495162,1,0,0,,47.0
3495365,1,0,0,Albania,113.0
3495223,1,0,0,Ukraine,337.0
3495272,1,0,0,,9.0
3495367,1,0,0,San Marino,99.0
3495163,1,0,0,Serbia,121.0
3495366,1,0,0,United Kingdom,46.0
3495273,1,0,0,Faroe Islands,51.0
3495274,1,0,0,Israel,264.0
3495183,1,0,0,,584.0
3495203,1,0,0,Lithuania,154.0
3239043,1,0,0,Bolivia,3586.0
3239041,1,0,0,Colombia,51.0
3239044,1,0,0,Argentina,10.0
3239045,1,0,0,,961.0
3239042,1,0,0,Brazil,39.0
ng2111550,1,0,0,,
ng2114614,1,0,0,,
ng2118767,1,0,0,,
ng2119571,1,0,0,,
ng2119569,1,0,0,,
ng2119596,1,0,0,,
ng2119749,1,0,0,,
ng2119882,1,0,0,,
ng2119885,1,0,0,,
3495164,1,0,0,Azerbaijan,12.0
3495338,1,0,0,Russia,10.0
3495184,1,0,0,Georgia,4.0
3495398,1,0,0,Armenia,997.0
ng2119886,1,0,0,,
ng2119887,1,0,0,,
3495340,1,0,0,Slovakia,145.0
3495339,1,0,0,Malta,103.0
3495400,1,0,0,Romania,88.0
3495399,1,0,0,,56.0
3495185,1,0,0,,162.0
3495165,1,0,0,Ireland,0.0
3239051,1,0,0,Ecuador,2729.0
3239050,1,0,0,,97.0
3239049,1,0,0,Brazil,792.0
3239048,1,0,0,Peru,139.0
3495277,1,0,0,Moldova,110.0
3495368,1,0,0,Andorra,996.0
3495276,1,0,0,,9.0
3495275,1,0,0,Austria,449.0
3495204,1,0,0,Italy,17.0
3495369,1,0,0,United Kingdom,46.0
3495370,1,0,0,Hungary,112.0
3495205,1,0,0,United Kingdom,11.0
3239047,1,0,0,,30.0
ng2119877,1,0,0,,
3495224,1,0,0,Bosnia and Herzegovina,317.0
ng2119884,1,0,0,,
3495308,1,0,0,Norway,102.0
3495309,1,0,0,Turkey,169.0
ng2123154,1,0,0,,
3495244,1,0,0,Belgium,52.0
3495225,1,0,0,France,32.0
3495245,1,0,0,United Kingdom,11.0
3495310,1,0,0,Montenegro,49.0
ng2121155,1,0,0,,
3495342,1,0,0,Malta,103.0
3495343,1,0,0,Slovenia,293.0
3495341,1,0,0,,12.0
3495401,1,0,0,Armenia,997.0
3495403,1,0,0,Macedonia [FYROM],250.0
3495402,1,0,0,Liechtenstein,459.0
ng2121156,1,0,0,,
3495187,1,0,0,Spain,2.0
3495167,1,0,0,,80.0
3495186,1,0,0,,162.0
3495166,1,0,0,Luxembourg,297.0
ng2121482,1,0,0,,
ng2121485,1,0,0,,
3495206,1,0,0,United Kingdom,11.0
3495280,1,0,0,United Kingdom,35.0
3495371,1,0,0,Albania,113.0
3495278,1,0,0,Austria,449.0
3495372,1,0,0,Poland,98.0
3495279,1,0,0,Israel,20.0
3495373,1,0,0,San Marino,99.0
3495207,1,0,0,,452.0
ng2123640,1,0,0,,
ng2121794,1,0,0,,
ng2121853,1,0,0,,
ng2123641,1,0,0,,
ng2123885,1,0,0,,
ng2121796,1,0,0,,
ng2121797,1,0,0,,
3495311,1,0,0,,1.0
3495247,1,0,0,United Kingdom,11.0
3495313,1,0,0,,3.0
3495312,1,0,0,Montenegro,49.0
3495246,1,0,0,Czech Republic,230.0
3495226,1,0,0,Bosnia and Herzegovina,317.0
3495227,1,0,0,Finland,12.0
3239054,1,0,0,Bolivia,3586.0
3239053,1,0,0,Venezuela,857.0
3239052,1,0,0,Colombia,51.0
3239055,1,0,0,Argentina,616.0
3239056,1,0,0,,961.0
ng2124573,1,0,0,,
ng2124372,1,0,0,,
ng2127975,1,0,0,,
ng2128655,1,0,0,,
ng2130620,1,0,0,,
ng2129271,1,0,0,,
ng2132059,1,0,0,,
ng2136674,1,0,0,,
ng2137589,1,0,0,,
ng2137590,1,0,0,,
ng2137664,1,0,0,,
ng2137836,1,0,0,,
ng2137961,1,0,0,,
ng2138388,1,0,0,,
ng2140540,1,0,0,,
ng2141736,1,0,0,,
ng2142441,1,0,0,,
ng2142442,1,0,0,,
ng2144253,1,0,0,,
ng2145533,1,0,0,,
ng2144185,1,0,0,,
ng2145962,1,0,0,,
ng2145867,1,0,0,,
ng2149141,1,0,0,,
ng2149142,1,0,0,,
ng2149091,1,0,0,,
3239060,1,0,0,Ecuador,2729.0
3239059,1,0,0,,125.0
3239061,1,0,0,,2271.0
ng2149310,1,0,0,,
3239057,1,0,0,Colombia,51.0
3239058,1,0,0,Venezuela,187.0
ng2149368,1,0,0,,
ng2149980,1,0,0,,
ng2149847,1,0,0,,
ng2150161,1,0,0,,
ng2150694,1,0,0,,
ng2150824,1,0,0,,
ng2151006,1,0,0,,
ng2151008,1,0,0,,
ng2151009,1,0,0,,
3239065,1,0,0,Bolivia,3586.0
ng2151014,1,0,0,,
3239062,1,0,0,,24.0
3239066,1,0,0,Argentina,418.0
3239064,1,0,0,Brazil,844.0
ng2151022,1,0,0,,
3239063,1,0,0,Peru,139.0
ng2177432,1,0,0,,
ng2178318,1,0,0,,
ng2177754,1,0,0,,
ng2177757,1,0,0,,
ng2179841,1,0,0,,
ng2177760,1,0,0,,
ng2179798,1,0,0,,
ng2177764,1,0,0,,
ng2179799,1,0,0,,
ng2177765,1,0,0,,
ng2177766,1,0,0,,
ng2180006,1,0,0,,
ng2178332,1,0,0,,
ng2177511,1,0,0,,
ng2179939,1,0,0,,
3485321,1,0,0,Estonia,14.0
3485320,1,0,0,Moldova,110.0
ng2177512,1,0,0,,
ng2177513,1,0,0,,
3774159,1,0,0,United Kingdom,11.0
3774163,1,0,0,,128.0
ng2177514,1,0,0,,
3774162,1,0,0,Italy,36.0
3774161,1,0,0,Sweden,9.0
3239069,1,0,0,Brazil,15.0
3239068,1,0,0,Colombia,51.0
3239067,1,0,0,,24.0
3239070,1,0,0,,201.0
ng2178338,1,0,0,,
ng2178340,1,0,0,,
ng2178341,1,0,0,,
ng2180513,1,0,0,,
ng2180517,1,0,0,,
ng2178343,1,0,0,,
ng2178344,1,0,0,,
ng2177790,1,0,0,,
ng2178342,1,0,0,,
ng2178345,1,0,0,,
ng2177791,1,0,0,,
ng2178347,1,0,0,,
ng2178348,1,0,0,,
ng2178334,1,0,0,,
ng2178349,1,0,0,,
ng2177792,1,0,0,,
ng2180521,1,0,0,,
3239071,1,0,0,Argentina,10.0
ng2178667,1,0,0,,
ng2181163,1,0,0,,
ng2181293,1,0,0,,
ng2177793,1,0,0,,
ng2179205,1,0,0,,
ng2178669,1,0,0,,
ng2179206,1,0,0,,
ng2178668,1,0,0,,
ng2181291,1,0,0,,
ng2179207,1,0,0,,
ng2177794,1,0,0,,
ng2179208,1,0,0,,
ng2177795,1,0,0,,
ng2177796,1,0,0,,
ng2181164,1,0,0,,
ng2177797,1,0,0,,
ng2177798,1,0,0,,
ng2179245,1,0,0,,
ng2179244,1,0,0,,
ng2181896,1,0,0,,
ng2181902,1,0,0,,
ng2181903,1,0,0,,
ng2150697,1,0,0,,
ng2182895,1,0,0,,
ng2180142,1,0,0,,
ng2179569,1,0,0,,
ng2182904,1,0,0,,
ng2183129,1,0,0,,
ng2180143,1,0,0,,
ng2183142,1,0,0,,
ng2182898,1,0,0,,
ng2183147,1,0,0,,
ng2179777,1,0,0,,
ng2183135,1,0,0,,
3485322,1,0,0,Kazakhstan,376.0
ng2180144,1,0,0,,
ng2182909,1,0,0,,
ng2183149,1,0,0,,
ng2177801,1,0,0,,
ng2177800,1,0,0,,
ng2177799,1,0,0,,
ng2182903,1,0,0,,
ng2180145,1,0,0,,
ng2182908,1,0,0,,
3485323,1,0,0,Cyprus,31.0
ng2180147,1,0,0,,
ng2179778,1,0,0,,
ng2180146,1,0,0,,
ng2179779,1,0,0,,
ng2177806,1,0,0,,
ng2177805,1,0,0,,
ng2177808,1,0,0,,
3774167,1,0,0,Poland,283.0
3774168,1,0,0,,128.0
ng2182910,1,0,0,,
ng2177802,1,0,0,,
ng2182118,1,0,0,,
ng2182117,1,0,0,,
ng2179780,1,0,0,,
ng2177804,1,0,0,,
ng2177803,1,0,0,,
ng2182911,1,0,0,,
ng2177807,1,0,0,,
ng2182912,1,0,0,,
3239075,1,0,0,,961.0
3239076,1,0,0,Ecuador,11.0
3239074,1,0,0,Bolivia,3586.0
3239073,1,0,0,Venezuela,24.0
3239072,1,0,0,Peru,139.0
ng2189455,1,0,0,,
ng2193324,1,0,0,,
ng2193544,1,0,0,,
ng2196025,1,0,0,,
ng2200205,1,0,0,,
ng2201866,1,0,0,,
ng2204860,1,0,0,,
ng2205426,1,0,0,,
ng2204861,1,0,0,,
ng2205427,1,0,0,,
ng2205989,1,0,0,,
ng2205437,1,0,0,,
ng2204437,1,0,0,,
ng2205991,1,0,0,,
ng2206619,1,0,0,,
ng2206513,1,0,0,,
ng2206823,1,0,0,,
ng2206786,1,0,0,,
ng2206846,1,0,0,,
ng2206847,1,0,0,,
ng2207155,1,0,0,,
3784577,1,0,0,Poland,114.0
ng2206849,1,0,0,,
ng2206850,1,0,0,,
3774158,1,0,0,United Kingdom,35.0
ng2205910,1,0,0,,
ng2204676,1,0,0,,
3784649,1,0,0,Georgia,414.0
3784588,1,0,0,Cyprus,31.0
3784650,1,0,0,,218.0
3784661,1,0,0,Estonia,14.0
3784527,1,0,0,Spain,7.0
3784625,1,0,0,Serbia,121.0
3784565,1,0,0,Israel,14.0
3784589,1,0,0,United Kingdom,11.0
3784526,1,0,0,Czech Republic,217.0
3784626,1,0,0,Slovenia,293.0
ng2206787,1,0,0,,
ng2206788,1,0,0,,
3784612,1,0,0,Kazakhstan,376.0
ng2206857,1,0,0,,
3784637,1,0,0,Latvia,13.0
3784510,1,0,0,,89.0
3784576,1,0,0,Belgium,52.0
3784511,1,0,0,France,33.0
3784638,1,0,0,Liechtenstein,459.0
3784623,0,0,1,Serbia,83.0
3784506,1,0,0,Armenia,997.0
3784540,1,0,0,Lithuania,154.0
3784600,1,0,0,Finland,12.0
3784552,1,0,0,Hungary,112.0
3784553,1,0,0,Italy,61.0
3784601,1,0,0,Montenegro,49.0
3784541,1,0,0,Turkey,169.0
3784662,1,0,0,San Marino,99.0
ng2206789,1,0,0,,
3774166,1,0,0,United Kingdom,11.0
3784590,1,0,0,Cyprus,31.0
3784651,1,0,0,,1.0
ng2207138,1,0,0,,
ng2207899,1,0,0,,
3784528,1,0,0,Czech Republic,217.0
3784628,1,0,0,Sweden,9.0
3784627,1,0,0,Serbia,121.0
3784652,1,0,0,,218.0
3784529,1,0,0,,82.0
3784591,1,0,0,,584.0
ng2207373,1,0,0,,
ng2207374,1,0,0,,
ng2207375,1,0,0,,
3784640,1,0,0,Latvia,13.0
3784566,1,0,0,Iceland,9.0
3784513,1,0,0,,12.0
3784639,1,0,0,Andorra,996.0
3784614,0,0,1,Serbia,83.0
3784615,1,0,0,Slovakia,145.0
ng2208836,1,0,0,,
3784512,1,0,0,Austria,175.0
3784603,1,0,0,Finland,12.0
3784554,1,0,0,,491.0
3784555,1,0,0,Italy,32.0
3784542,1,0,0,Faroe Islands,51.0
3784543,1,0,0,Lithuania,154.0
3784602,1,0,0,Bosnia and Herzegovina,317.0
3784579,1,0,0,United Kingdom,11.0
3784505,1,0,0,Ireland,0.0
3784504,1,0,0,United Kingdom,35.0
3784578,1,0,0,Belgium,52.0
ng2208996,1,0,0,,
ng2210332,1,0,0,,
ng2208995,1,0,0,,
3784531,1,0,0,,379.0
3784653,1,0,0,,1.0
3784629,1,0,0,Norway,102.0
3784592,1,0,0,,53.0
3784593,1,0,0,,584.0
3784530,1,0,0,,82.0
3784630,1,0,0,Sweden,9.0
3784663,1,0,0,Malta,103.0
ng2208265,1,0,0,,
3784654,1,0,0,Macedonia [FYROM],250.0
ng2210333,1,0,0,,
ng2208271,1,0,0,,
3784616,1,0,0,Azerbaijan,-24.0
3784641,1,0,0,Moldova,110.0
3784642,1,0,0,Andorra,996.0
3784617,0,0,1,Serbia,83.0
3784515,1,0,0,,9.0
3784514,1,0,0,Austria,175.0
3784568,1,0,0,Albania,113.0
3784509,0,0,1,Poland,199.0
3784544,1,0,0,Faroe Islands,51.0
3784508,1,0,0,Ireland,0.0
3784557,1,0,0,Hungary,112.0
3784556,1,0,0,United Kingdom,135.0
3784605,1,0,0,Romania,89.0
3784580,1,0,0,,3.0
3784545,1,0,0,Luxembourg,297.0
3784604,1,0,0,Montenegro,49.0
3784581,1,0,0,United Kingdom,11.0
ng2210324,1,0,0,,
ng2210329,1,0,0,,
3784594,1,0,0,United Kingdom,11.0
3784631,1,0,0,Norway,102.0
3784656,1,0,0,Macedonia [FYROM],250.0
3784655,1,0,0,Georgia,414.0
ng2211173,1,0,0,,
3784664,1,0,0,Malta,103.0
3784532,1,0,0,Spain,23.0
3784595,1,0,0,,53.0
3784533,1,0,0,,379.0
3784632,1,0,0,Slovenia,293.0
3784618,1,0,0,Kazakhstan,376.0
ng2210866,1,0,0,,
3784619,1,0,0,Azerbaijan,-24.0
3784516,1,0,0,,9.0
3784517,1,0,0,France,33.0
3784570,1,0,0,Iceland,9.0
ng2210870,1,0,0,,
3784522,1,0,0,Armenia,997.0
3784643,1,0,0,Moldova,110.0
3784582,1,0,0,,3.0
3784606,1,0,0,Bosnia and Herzegovina,317.0
3784546,1,0,0,Luxembourg,297.0
3784547,1,0,0,Turkey,4.0
3784583,1,0,0,Poland,98.0
3784558,1,0,0,United Kingdom,135.0
3784559,1,0,0,,84.0
3784644,1,0,0,Liechtenstein,459.0
3784607,1,0,0,Romania,89.0
3784523,0,0,1,Poland,199.0
ng2263166,1,0,0,,
ng2272521,1,0,0,,
ng2275017,1,0,0,,
ng2275020,1,0,0,,
ng2276494,1,0,0,,
ng2279300,1,0,0,,
ng2291154,1,0,0,,
ng2291139,1,0,0,,
ng2289357,1,0,0,,
ng2291170,1,0,0,,
ng2289313,1,0,0,,
3784507,1,0,0,United Kingdom,35.0
ng2288521,1,0,0,,
ng2291209,1,0,0,,
3784620,1,0,0,Kazakhstan,376.0
ng2291628,1,0,0,,
ng2289118,1,0,0,,
3784645,1,0,0,Latvia,3.0
ng2289314,1,0,0,,
3784584,1,0,0,Belgium,52.0
3784646,1,0,0,Liechtenstein,459.0
3784549,1,0,0,Turkey,169.0
3784621,1,0,0,Slovakia,145.0
3784519,1,0,0,France,33.0
3784585,1,0,0,Poland,98.0
3784518,1,0,0,,124.0
3784548,1,0,0,Lithuania,154.0
ng2289350,1,0,0,,
ng2292357,1,0,0,,
ng2289353,1,0,0,,
ng2289120,1,0,0,,
ng2292283,1,0,0,,
ng2291646,1,0,0,,
ng2292362,1,0,0,,
ng2289124,1,0,0,,
ng2289122,1,0,0,,
ng2291633,1,0,0,,
3784657,1,0,0,Georgia,414.0
3784665,1,0,0,Estonia,14.0
ng2289354,1,0,0,,
ng2289121,1,0,0,,
ng2289352,1,0,0,,
ng2291635,1,0,0,,
ng2291042,1,0,0,,
3784608,1,0,0,Bosnia and Herzegovina,317.0
3784560,1,0,0,,117.0
3784561,1,0,0,Italy,139.0
3784609,1,0,0,Finland,12.0
3784658,1,0,0,,218.0
ng2289351,1,0,0,,
ng2289125,1,0,0,,
ng2289356,1,0,0,,
ng2289126,1,0,0,,
ng2291706,1,0,0,,
ng2291707,1,0,0,,
ng2291708,1,0,0,,
ng2292287,1,0,0,,
ng2292288,1,0,0,,
ng2291713,1,0,0,,
ng2291919,1,0,0,,
3784524,1,0,0,Armenia,997.0
ng2292286,1,0,0,,
ng2291053,1,0,0,,
ng2289128,1,0,0,,
ng2291720,1,0,0,,
3784633,1,0,0,Slovenia,293.0
3784596,1,0,0,United Kingdom,11.0
ng2291722,1,0,0,,
ng2289127,1,0,0,,
3784573,1,0,0,Israel,7.0
3784525,1,0,0,United Kingdom,35.0
3784634,1,0,0,Serbia,121.0
3784597,1,0,0,Cyprus,31.0
3784535,1,0,0,Spain,227.0
3784534,1,0,0,Czech Republic,217.0
ng2291725,1,0,0,,
ng2291726,1,0,0,,
ng2289129,1,0,0,,
ng2289312,1,0,0,,
ng2288522,1,0,0,,
3784647,1,0,0,Andorra,996.0
3784648,1,0,0,Moldova,110.0
ng2293315,1,0,0,,
3784613,0,0,1,Serbia,94.0
3784622,1,0,0,Azerbaijan,-24.0
3784550,1,0,0,Faroe Islands,51.0
3784551,1,0,0,Luxembourg,297.0
3784521,1,0,0,,9.0
3784587,1,0,0,United Kingdom,11.0
3784586,1,0,0,,17.0
3784520,1,0,0,Austria,175.0
ng2292889,1,0,0,,
ng2294014,1,0,0,,
ng2294064,1,0,0,,
3784659,1,0,0,,1.0
3784563,1,0,0,Hungary,112.0
3784660,1,0,0,Macedonia [FYROM],250.0
3784562,1,0,0,United Kingdom,46.0
3784610,1,0,0,Montenegro,49.0
3784666,1,0,0,San Marino,99.0
3784611,1,0,0,Romania,89.0
ng2294276,1,0,0,,
ng2293320,1,0,0,,
ng2293321,1,0,0,,
ng2292398,1,0,0,,
ng2293325,1,0,0,,
ng2292399,1,0,0,,
ng2292416,1,0,0,,
ng2294087,1,0,0,,
ng2294292,1,0,0,,
ng2293326,1,0,0,,
ng2293338,1,0,0,,
ng2292418,1,0,0,,
ng2292417,1,0,0,,
ng2292400,1,0,0,,
ng2293330,1,0,0,,
ng2293332,1,0,0,,
ng2293343,1,0,0,,
ng2293345,1,0,0,,
ng2293346,1,0,0,,
ng2293327,1,0,0,,
ng2293344,1,0,0,,
ng2293329,1,0,0,,
ng2292401,1,0,0,,
3784598,1,0,0,,99.0
3784635,1,0,0,Norway,102.0
3784539,0,0,1,Poland,206.0
3784636,1,0,0,Sweden,9.0
3784599,1,0,0,,584.0
3784537,1,0,0,,656.0
3784538,1,0,0,Ireland,0.0
3784536,1,0,0,,98.0
3784574,1,0,0,Albania,113.0
ng2293348,1,0,0,,
ng2293350,1,0,0,,
ng2293333,1,0,0,,
ng2293328,1,0,0,,
ng2293349,1,0,0,,
ng2294092,1,0,0,,
ng2292402,1,0,0,,
ng2293324,1,0,0,,
ng2291674,1,0,0,,
ng2295250,1,0,0,,
ng2294955,1,0,0,,
ng2304075,1,0,0,,
ng2304537,1,0,0,,
ng2303569,1,0,0,,
ng2305293,1,0,0,,
ng2307011,1,0,0,,
ng2307385,1,0,0,,
ng2308107,1,0,0,,
ng2309412,1,0,0,,
ng2309207,1,0,0,,
ng2310071,1,0,0,,
ng2310072,1,0,0,,
ng2310073,1,0,0,,
ng2310079,1,0,0,,
ng2311033,1,0,0,,
ng2310085,1,0,0,,
ng2310261,1,0,0,,
ng2310264,1,0,0,,
ng2311811,1,0,0,,
ng2312312,1,0,0,,
ng2312549,1,0,0,,
ng2312462,1,0,0,,
ng2312381,1,0,0,,
ng2312357,1,0,0,,
ng2312382,1,0,0,,
ng2312613,1,0,0,,
ng2311521,1,0,0,,
ng2312615,1,0,0,,
ng2310639,1,0,0,,
ng2312386,1,0,0,,
ng2312358,1,0,0,,
ng2310909,1,0,0,,
ng2310910,1,0,0,,
ng2310637,1,0,0,,
ng2310638,1,0,0,,
ng2312359,1,0,0,,
ng2312351,1,0,0,,
ng2310640,1,0,0,,
ng2312360,1,0,0,,
ng2310641,1,0,0,,
ng2310911,1,0,0,,
ng2312361,1,0,0,,
ng2310642,1,0,0,,
ng2313003,1,0,0,,
ng2312927,1,0,0,,
ng2310650,1,0,0,,
ng2312407,1,0,0,,
ng2312912,1,0,0,,
ng2312408,1,0,0,,
ng2312409,1,0,0,,
ng2310643,1,0,0,,
ng2310644,1,0,0,,
ng2312913,1,0,0,,
ng2310645,1,0,0,,
ng2310646,1,0,0,,
ng2312363,1,0,0,,
ng2312365,1,0,0,,
ng2312364,1,0,0,,
ng2310647,1,0,0,,
ng2310648,1,0,0,,
ng2310649,1,0,0,,
ng2312366,1,0,0,,
ng2311520,1,0,0,,
ng2312367,1,0,0,,
ng2312915,1,0,0,,
ng2313432,1,0,0,,
ng2313579,1,0,0,,
ng2312969,1,0,0,,
ng2312968,1,0,0,,
ng2312970,1,0,0,,
ng2312973,1,0,0,,
ng2312972,1,0,0,,
ng2312971,1,0,0,,
ng2312974,1,0,0,,
ng2312977,1,0,0,,
ng2312976,1,0,0,,
ng2313727,1,0,0,,
ng2313029,1,0,0,,
ng2314385,1,0,0,,
ng2312978,1,0,0,,
ng2312979,1,0,0,,
ng2312981,1,0,0,,
ng2312980,1,0,0,,
ng2312982,1,0,0,,
ng2312983,1,0,0,,
ng2312984,1,0,0,,
ng2313956,1,0,0,,
3370549,1,0,0,Qatar,4.0
ng2312989,1,0,0,,
ng2312985,1,0,0,,
ng2312986,1,0,0,,
ng2312987,1,0,0,,
ng2312988,1,0,0,,
ng2311524,1,0,0,,
3854559,0,0,1,Qatar,20.0
3854554,0,0,1,Qatar,10.0
3854560,0,0,1,Qatar,39.0
3854572,0,0,1,Qatar,20.0
3854580,0,0,1,Qatar,18.0
3854573,0,0,1,Qatar,5.0
3854579,0,0,1,Qatar,14.0
3854592,0,0,1,Qatar,4.0
3854586,0,0,1,Qatar,20.0
3854585,0,0,1,Qatar,10.0
3854591,0,0,1,Qatar,39.0
3854598,0,0,1,Qatar,14.0
3854604,0,0,1,Qatar,18.0
3854603,0,0,1,Qatar,5.0
3854597,0,0,1,Qatar,20.0
ng2314752,1,0,0,,
ng2314754,1,0,0,,
3854562,0,0,1,Qatar,39.0
3854555,1,0,0,Qatar,10.0
ng2315038,1,0,0,,
3854556,0,0,1,Qatar,20.0
3854561,0,0,1,Qatar,4.0
3854582,0,0,1,Qatar,14.0
3854575,0,0,1,Qatar,18.0
3854581,0,0,1,Qatar,5.0
3854574,0,0,1,Qatar,20.0
ng2315539,1,0,0,,
3854588,0,0,1,Qatar,39.0
3854593,0,0,1,Qatar,10.0
3854594,0,0,1,Qatar,20.0
3854587,0,0,1,Qatar,4.0
3854600,0,0,1,Qatar,14.0
3854606,0,0,1,Qatar,18.0
3854599,0,0,1,Qatar,5.0
3854605,0,0,1,Qatar,20.0
3854558,0,0,1,Qatar,20.0
3854557,0,1,0,Qatar,4.0
3854563,0,0,1,Qatar,39.0
3854564,0,0,1,Qatar,10.0
3854584,0,0,1,Qatar,14.0
3854583,0,0,1,Qatar,18.0
3854576,0,0,1,Qatar,5.0
3854577,0,0,1,Qatar,20.0
3854596,0,0,1,Qatar,10.0
3854595,0,0,1,Qatar,39.0
3854590,0,0,1,Qatar,4.0
3854589,0,0,1,Qatar,20.0
3854607,0,0,1,Qatar,18.0
3854608,0,0,1,Qatar,14.0
3854602,0,0,1,Qatar,5.0
3854601,0,0,1,Qatar,20.0
3370550,0,0,1,Qatar,20.0
3370551,0,0,1,Qatar,39.0
3370552,0,0,1,Qatar,10.0
3370553,0,0,1,Qatar,4.0
3370555,0,0,1,Qatar,14.0
3370554,0,0,1,Qatar,5.0
3370556,0,0,1,Qatar,18.0
3370557,0,0,1,Qatar,20.0
ng2318435,1,0,0,,
3370565,0,0,1,Qatar,18.0
3370566,0,0,1,Qatar,20.0
3370567,0,0,1,Qatar,10.0
3370568,0,0,1,Qatar,4.0
ng2317863,1,0,0,,
3370569,0,0,1,Qatar,20.0
ng2319380,1,0,0,,
ng2319143,1,0,0,,
ng2318836,1,0,0,,
ng2319144,1,0,0,,
3370570,0,0,1,Qatar,4.0
ng2319781,1,0,0,,
3370571,0,0,1,Qatar,20.0
ng2319923,1,0,0,,
3370572,0,0,1,Qatar,20.0
ng2321191,1,0,0,,
ng2323372,1,0,0,,
ng2323351,1,0,0,,
ng2323373,1,0,0,,
ng2327488,1,0,0,,
ng2327462,1,0,0,,
ng2320647,1,0,0,,
ng2329538,1,0,0,,
ng2320648,1,0,0,,
ng2329604,1,0,0,,
ng2324625,1,0,0,,
ng2324626,1,0,0,,
ng2331925,1,0,0,,
ng2324699,1,0,0,,
ng2329341,1,0,0,,
ng2351870,1,0,0,,
ng2354306,1,0,0,,
ng2353837,1,0,0,,
ng2361076,1,0,0,,
ng2362849,1,0,0,,
ng2363875,1,0,0,,
ng2364186,1,0,0,,
ng2366566,1,0,0,,
ng2366886,1,0,0,,
ng2366953,1,0,0,,
ng2366983,1,0,0,,
ng2366987,1,0,0,,
ng2360009,1,0,0,,
ng2367313,1,0,0,,
ng2367641,1,0,0,,
ng2360010,1,0,0,,
ng2367310,1,0,0,,
ng2367311,1,0,0,,
4044778,1,0,0,Kazakhstan,376.0
ng2367645,1,0,0,,
ng2360011,1,0,0,,
4044679,1,0,0,Macedonia [FYROM],250.0
4044577,1,0,0,Slovakia,145.0
4044780,1,0,0,San Marino,99.0
4044578,1,0,0,,82.0
4044678,1,0,0,Italy,35.0
4044779,1,0,0,,9.0
4044579,1,0,0,Bosnia and Herzegovina,317.0
ng2366825,1,0,0,,
ng2360012,1,0,0,,
ng2360013,1,0,0,,
4044738,1,0,0,,218.0
ng2367689,1,0,0,,
ng2368064,1,0,0,,
ng2367312,1,0,0,,
4044759,1,0,0,Austria,324.0
4044758,1,0,0,Sweden,9.0
4044739,1,0,0,Serbia,121.0
4044719,1,0,0,Moldova,110.0
4044612,1,0,0,,47.0
4044666,1,0,0,France,33.0
4044718,1,0,0,Czech Republic,217.0
ng2368792,1,0,0,,
ng2368278,1,0,0,,
ng2368279,1,0,0,,
ng2368301,1,0,0,,
4044557,1,0,0,United Kingdom,35.0
ng2367691,1,0,0,,
4044698,1,0,0,Armenia,997.0
4044636,1,0,0,Israel,7.0
4044634,0,0,1,Serbia,83.0
ng2368072,1,0,0,,
ng2368289,1,0,0,,
ng2368899,1,0,0,,
4044635,1,0,0,Andorra,996.0
ng2360014,1,0,0,,
4044565,1,0,0,Spain,23.0
4044699,1,0,0,,12.0
ng2360015,1,0,0,,
ng2366824,1,0,0,,
ng2369096,1,0,0,,
4044781,1,0,0,Kazakhstan,376.0
ng2369113,1,0,0,,
4044782,1,0,0,Slovenia,293.0
4044680,1,0,0,United Kingdom,46.0
4044580,1,0,0,Liechtenstein,459.0
4044581,1,0,0,Slovakia,136.0
4044783,1,0,0,United Kingdom,11.0
4044681,1,0,0,Malta,103.0
4044582,1,0,0,Luxembourg,297.0
ng2368936,1,0,0,,
ng2369049,1,0,0,,
ng2369058,1,0,0,,
4044740,1,0,0,Hungary,112.0
4044720,1,0,0,Poland,98.0
4044667,1,0,0,,3.0
4044741,1,0,0,Montenegro,49.0
4044668,1,0,0,Ireland,0.0
4044761,1,0,0,Austria,324.0
4044760,1,0,0,Sweden,9.0
4044721,1,0,0,Moldova,110.0
ng2360016,1,0,0,,
ng2368938,1,0,0,,
ng2371181,1,0,0,,
ng2360017,1,0,0,,
ng2371078,1,0,0,,
ng2371079,1,0,0,,
ng2368302,1,0,0,,
ng2367876,1,0,0,,
ng2360018,1,0,0,,
4044571,1,0,0,Georgia,4.0
ng2371238,1,0,0,,
ng2371087,1,0,0,,
ng2367875,1,0,0,,
ng2371241,1,0,0,,
ng2371099,1,0,0,,
4044701,1,0,0,United Kingdom,11.0
ng2360020,1,0,0,,
4044700,1,0,0,Turkey,102.0
4044638,1,0,0,,584.0
4044639,1,0,0,,379.0
4044558,1,0,0,United Kingdom,35.0
4044637,1,0,0,Romania,73.0
ng2367877,1,0,0,,
ng2371237,1,0,0,,
ng2360019,1,0,0,,
ng2371097,1,0,0,,
ng2372679,1,0,0,,
ng2380219,1,0,0,,
ng2396627,1,0,0,,
ng2396642,1,0,0,,
ng2396641,1,0,0,,
ng2396644,1,0,0,,
ng2397376,1,0,0,,
ng2397191,1,0,0,,
ng2397448,1,0,0,,
ng2397451,1,0,0,,
ng2397432,1,0,0,,
ng2398232,1,0,0,,
ng2398235,1,0,0,,
ng2397051,1,0,0,,
ng2398320,1,0,0,,
ng2398073,1,0,0,,
ng2398372,1,0,0,,
ng2398599,1,0,0,,
ng2398267,1,0,0,,
ng2397799,1,0,0,,
ng2398315,1,0,0,,
ng2398598,1,0,0,,
ng2397808,1,0,0,,
ng2398597,1,0,0,,
4109689,1,0,0,,3.0
ng2398268,1,0,0,,
ng2397802,1,0,0,,
ng2398757,1,0,0,,
ng2397804,1,0,0,,
ng2392748,1,0,0,,
ng2397604,1,0,0,,
ng2397807,1,0,0,,
ng2398639,1,0,0,,
ng2398764,1,0,0,,
4109688,1,0,0,,30.0
ng2397813,1,0,0,,
ng2397591,1,0,0,,
ng2395210,1,0,0,,
ng2397579,1,0,0,,
ng2397465,1,0,0,,
ng2397803,1,0,0,,
4044785,1,0,0,Finland,12.0
ng2397592,1,0,0,,
ng2397593,1,0,0,,
4044669,1,0,0,,47.0
4044786,0,0,1,Italy,56.0
4044641,0,0,1,Hungary,104.0
4044613,1,0,0,,103.0
ng2397594,1,0,0,,
4044784,1,0,0,,9.0
4044702,1,0,0,United Kingdom,11.0
4044703,1,0,0,Latvia,3.0
4044640,1,0,0,,584.0
4044642,1,0,0,Andorra,996.0
4044683,1,0,0,Macedonia [FYROM],250.0
4044682,1,0,0,Malta,103.0
ng2398435,1,0,0,,
ng2398437,1,0,0,,
ng2398904,1,0,0,,
4044742,1,0,0,Lithuania,75.0
4044583,1,0,0,Luxembourg,297.0
4044762,1,0,0,Azerbaijan,-24.0
4044559,1,0,0,Norway,102.0
4044743,1,0,0,Montenegro,49.0
4044608,1,0,0,Cyprus,31.0
4044723,1,0,0,Faroe Islands,51.0
4044763,1,0,0,Belgium,52.0
4044584,1,0,0,Iceland,9.0
4044585,1,0,0,,80.0
4044722,1,0,0,Albania,113.0
ng2398415,1,0,0,,
ng2398436,1,0,0,,
ng2400767,1,0,0,,
ng2400766,1,0,0,,
4109690,1,0,0,,30.0
ng2400774,1,0,0,,
ng2398416,1,0,0,,
ng2400771,1,0,0,,
4109691,1,0,0,,3.0
ng2398695,1,0,0,,
ng2400782,1,0,0,,
ng2398417,1,0,0,,
ng2400783,1,0,0,,
ng2392749,1,0,0,,
4044704,1,0,0,Armenia,997.0
4044788,1,0,0,Finland,12.0
4044685,0,0,1,Slovakia,145.0
4044645,1,0,0,Israel,683.0
4044614,1,0,0,France,33.0
4044670,1,0,0,Ireland,0.0
4044644,0,0,1,Hungary,104.0
4044787,1,0,0,United Kingdom,11.0
4044705,1,0,0,Turkey,4.0
4044643,1,0,0,,452.0
4044789,1,0,0,Slovenia,293.0
4044684,1,0,0,United Kingdom,18.0
ng2399009,1,0,0,,
ng2395211,1,0,0,,
ng2399459,1,0,0,,
ng2400323,1,0,0,,
ng2400324,1,0,0,,
ng2398539,1,0,0,,
4044764,1,0,0,Austria,175.0
4044587,1,0,0,Liechtenstein,459.0
4044725,1,0,0,Faroe Islands,51.0
4044765,1,0,0,Estonia,14.0
4044745,1,0,0,,218.0
4044744,1,0,0,Hungary,112.0
ng2398540,1,0,0,,
4044724,1,0,0,Moldova,110.0
4044588,1,0,0,Iceland,9.0
4044560,1,0,0,United Kingdom,35.0
4044572,1,0,0,Norway,102.0
4044586,1,0,0,Bosnia and Herzegovina,317.0
ng2400319,1,0,0,,
ng2399010,1,0,0,,
ng2399011,1,0,0,,
ng2398541,1,0,0,,
ng2399012,1,0,0,,
4161224,1,0,0,United States,186.0
4200495,0,0,1,United States,5.0
4161227,0,0,1,United States,18.0
4161228,0,0,1,United States,18.0
4200502,0,0,1,United States,5.0
4161233,0,0,1,United States,5.0
4200499,1,0,0,Canada,83.0
4161234,0,0,1,United States,5.0
4190935,0,0,1,United States,146.0
4200504,0,1,0,United States,146.0
4161229,0,0,1,United States,324.0
4161230,0,0,1,United States,324.0
4200501,0,0,1,United States,5.0
4161235,0,0,1,United States,5.0
4200498,0,0,1,United States,12.0
4161236,0,0,1,United States,12.0
4200503,0,0,1,United States,3.0
4190936,1,0,0,United States,220.0
4161232,0,0,1,United States,220.0
4161231,0,0,1,United States,3.0
4161238,0,0,1,United States,12.0
4200497,0,0,1,United States,5.0
4200500,0,0,1,United States,5.0
4161237,0,0,1,United States,12.0
4211898,0,0,1,United States,193.0
4211899,0,0,1,United States,193.0
4211900,0,0,1,United States,162.0
4211901,1,0,0,United States,162.0
4211904,1,0,0,United States,19.0
4211903,0,0,1,United States,665.0
4211905,0,0,1,United States,44.0
ng2444180,1,0,0,,
ng2465411,1,0,0,,
ng2469296,1,0,0,,
ng2470654,1,0,0,,
ng2470739,1,0,0,,
ng2470378,1,0,0,,
ng2470828,1,0,0,,
ng2470432,1,0,0,,
4044790,1,0,0,Kazakhstan,376.0
ng2470379,1,0,0,,
ng2470903,1,0,0,,
ng2470380,1,0,0,,
4044747,1,0,0,Lithuania,75.0
ng2470381,1,0,0,,
ng2470382,1,0,0,,
4044746,1,0,0,Serbia,121.0
4044727,1,0,0,Czech Republic,217.0
4044791,1,0,0,,9.0
4044671,1,0,0,France,32.0
ng2470383,1,0,0,,
4044792,1,0,0,Slovenia,293.0
4044726,1,0,0,Poland,98.0
4044615,1,0,0,,14.0
4196502,1,0,0,,201.0
4196504,1,0,0,Colombia,51.0
4196501,1,0,0,Argentina,10.0
ng2471076,1,0,0,,
ng2470384,1,0,0,,
ng2470433,1,0,0,,
ng2470978,1,0,0,,
4044566,1,0,0,Georgia,414.0
4044706,1,0,0,,188.0
4044561,1,0,0,Cyprus,31.0
4044591,1,0,0,Bosnia and Herzegovina,317.0
4044589,1,0,0,Slovakia,136.0
4044707,1,0,0,Turkey,794.0
4044590,1,0,0,Luxembourg,297.0
ng2470434,1,0,0,,
4196492,1,0,0,,24.0
4196503,1,0,0,Brazil,16.0
ng2470385,1,0,0,,
4044766,1,0,0,Azerbaijan,-24.0
ng2470463,1,0,0,,
4044646,1,0,0,Andorra,996.0
4044767,1,0,0,Estonia,14.0
4044686,0,0,1,Poland,114.0
4044648,1,0,0,,584.0
4044687,1,0,0,Macedonia [FYROM],250.0
ng2470386,1,0,0,,
4044647,1,0,0,Romania,73.0
ng2470387,1,0,0,,
ng2470464,1,0,0,,
4044793,1,0,0,Kazakhstan,376.0
ng2470823,1,0,0,,
4044728,1,0,0,Faroe Islands,51.0
4044794,1,0,0,Finland,12.0
4044748,1,0,0,Montenegro,49.0
4044729,1,0,0,Albania,113.0
4044672,1,0,0,Ireland,0.0
4044795,1,0,0,San Marino,99.0
4044616,1,0,0,,103.0
4044749,1,0,0,Lithuania,75.0
ng2472411,1,0,0,,
ng2472410,1,0,0,,
ng2470979,1,0,0,,
ng2472913,1,0,0,,
4044708,1,0,0,Armenia,997.0
4044593,1,0,0,Slovakia,136.0
4044594,1,0,0,,47.0
4044709,1,0,0,Latvia,3.0
4044592,1,0,0,Iceland,9.0
ng2474789,1,0,0,,
ng2473364,1,0,0,,
ng2470819,1,0,0,,
ng2470605,1,0,0,,
ng2474784,1,0,0,,
ng2473373,1,0,0,,
ng2472415,1,0,0,,
ng2474838,1,0,0,,
ng2470980,1,0,0,,
ng2474840,1,0,0,,
ng2472416,1,0,0,,
ng2473375,1,0,0,,
ng2470610,1,0,0,,
ng2474808,1,0,0,,
ng2472414,1,0,0,,
4044650,1,0,0,Israel,7.0
4044769,1,0,0,Sweden,9.0
4044768,1,0,0,Belgium,52.0
4044651,1,0,0,,490.0
4044688,1,0,0,Italy,139.0
4044689,1,0,0,Malta,103.0
4044573,1,0,0,Norway,102.0
4044649,1,0,0,Romania,73.0
4044567,1,0,0,Spain,681.0
ng2470608,1,0,0,,
ng2472249,1,0,0,,
ng2470609,1,0,0,,
4196498,1,0,0,Bolivia,3586.0
4196496,1,0,0,Ecuador,2729.0
4196499,1,0,0,Venezuela,102.0
ng2472413,1,0,0,,
ng2470831,1,0,0,,
4196497,1,0,0,,579.0
4196500,1,0,0,Peru,139.0
ng2483501,1,0,0,,
ng2486852,1,0,0,,
ng2486063,1,0,0,,
ng2486752,1,0,0,,
ng2486064,1,0,0,,
4277947,1,0,0,Myanmar [Burma],6.0
4277944,1,0,0,Maldives,5.0
4277949,1,0,0,Taiwan,35.0
4277945,1,0,0,Singapore,10.0
4277952,1,0,0,Nepal,1291.0
4277950,1,0,0,Indonesia,46.0
4277951,1,0,0,Hong Kong,28.0
4277948,1,0,0,Cambodia,13.0
4277943,0,0,1,Tajikistan,824.0
ng2486772,1,0,0,,
ng2486767,1,0,0,,
ng2486766,1,0,0,,
ng2486765,1,0,0,,
ng2487399,1,0,0,,
ng2486068,1,0,0,,
4044711,1,0,0,Latvia,3.0
ng2486067,1,0,0,,
4277946,0,0,1,Saudi Arabia,2041.0
4044710,1,0,0,,86.0
4044574,1,0,0,Cyprus,31.0
4044731,1,0,0,Faroe Islands,51.0
4044562,1,0,0,Spain,2.0
4044653,1,0,0,Andorra,996.0
4044652,0,0,1,Hungary,104.0
4044730,1,0,0,Albania,113.0
ng2486771,1,0,0,,
4196495,1,0,0,Colombia,51.0
4196493,1,0,0,Bolivia,3586.0
4196505,1,0,0,Argentina,10.0
4196506,1,0,0,,579.0
4196494,1,0,0,Brazil,167.0
ng2486783,1,0,0,,
ng2486069,1,0,0,,
ng2486775,1,0,0,,
ng2487797,1,0,0,,
ng2486773,1,0,0,,
ng2487798,1,0,0,,
ng2487799,1,0,0,,
ng2486787,1,0,0,,
ng2487801,1,0,0,,
ng2486779,1,0,0,,
ng2486065,1,0,0,,
ng2486778,1,0,0,,
4044771,1,0,0,Estonia,14.0
ng2486781,1,0,0,,
ng2486070,1,0,0,,
4044595,1,0,0,Liechtenstein,459.0
4044597,1,0,0,Iceland,9.0
4044617,1,0,0,Ireland,0.0
4044596,1,0,0,,128.0
4044673,1,0,0,,17.0
4044770,1,0,0,Austria,175.0
ng2486782,1,0,0,,
ng2488004,1,0,0,,
4044796,1,0,0,United Kingdom,11.0
4044690,0,0,1,Czech Republic,230.0
ng2488022,1,0,0,,
ng2488021,1,0,0,,
4044750,1,0,0,,546.0
4044797,1,0,0,Slovenia,293.0
ng2487796,1,0,0,,
ng2488027,1,0,0,,
4044691,1,0,0,Italy,47.0
4044798,1,0,0,,9.0
4044751,1,0,0,Hungary,112.0
ng2486071,1,0,0,,
ng2488028,1,0,0,,
ng2486066,1,0,0,,
ng2489718,1,0,0,,
4044607,1,0,0,Georgia,480.0
ng2489730,1,0,0,,
4044732,1,0,0,Czech Republic,310.0
4044655,1,0,0,,656.0
4044712,1,0,0,Turkey,1033.0
4044656,1,0,0,Romania,73.0
4044713,1,0,0,United Kingdom,11.0
4044568,1,0,0,Norway,102.0
4044733,1,0,0,Poland,98.0
ng2487364,1,0,0,,
ng2489319,1,0,0,,
ng2488502,1,0,0,,
ng2488429,1,0,0,,
ng2488501,1,0,0,,
4044772,1,0,0,Azerbaijan,20.0
ng2488430,1,0,0,,
4044599,1,0,0,Luxembourg,297.0
4044773,1,0,0,Belgium,52.0
4044600,1,0,0,Bosnia and Herzegovina,317.0
4044674,1,0,0,,47.0
4044618,1,0,0,,103.0
4044598,1,0,0,Iceland,9.0
4277955,1,0,0,Guam,80.0
4277953,1,0,0,Mongolia,1290.0
4277958,1,0,0,Pakistan,538.0
4277956,1,0,0,Sri Lanka,11.0
ng2487366,1,0,0,,
4277959,0,1,0,Taiwan,35.0
ng2489327,1,0,0,,
4277957,0,0,1,Macau,9.0
4277954,1,0,0,Bangladesh,3.0
4277961,1,0,0,Bhutan,2300.0
4277962,1,0,0,Laos,174.0
4277960,1,0,0,Brunei,11.0
ng2489350,1,0,0,,
ng2490515,1,0,0,,
ng2490539,1,0,0,,
ng2490527,1,0,0,,
ng2489334,1,0,0,,
ng2489333,1,0,0,,
ng2490514,1,0,0,,
ng2489336,1,0,0,,
ng2489339,1,0,0,,
ng2489337,1,0,0,,
ng2489338,1,0,0,,
ng2490543,1,0,0,,
ng2490532,1,0,0,,
ng2488431,1,0,0,,
4044800,1,0,0,Finland,12.0
ng2489342,1,0,0,,
ng2490516,1,0,0,,
ng2489340,1,0,0,,
ng2489341,1,0,0,,
4044752,1,0,0,Serbia,121.0
4044693,1,0,0,Malta,103.0
4044801,1,0,0,San Marino,99.0
ng2487365,1,0,0,,
4044753,1,0,0,Lithuania,75.0
4044692,1,0,0,United Kingdom,46.0
4044799,1,0,0,United Kingdom,11.0
ng2489343,1,0,0,,
ng2487367,1,0,0,,
4196528,1,0,0,Venezuela,102.0
4196529,1,0,0,,97.0
4196530,1,0,0,Ecuador,2729.0
4196526,1,0,0,,24.0
ng2487368,1,0,0,,
ng2489351,1,0,0,,
4196527,1,0,0,Peru,139.0
ng2491794,1,0,0,,
ng2498557,1,0,0,,
4044657,1,0,0,,584.0
4341366,1,0,0,Equatorial Guinea,74.0
4341121,1,0,0,Rwanda,1723.0
4341165,1,0,0,Congo [DRC],287.0
4341100,0,0,1,Morocco,6.0
4044654,0,0,1,Hungary,144.0
ng2499487,1,0,0,,
4348771,1,0,0,Australia,8.0
4348741,1,0,0,Japan,42.0
4348589,1,0,0,South Korea,16.0
4278036,1,0,0,Philippines,4.0
4278063,1,0,0,Thailand,4.0
4341315,1,0,0,Botswana,998.0
4278057,1,0,0,Malaysia,50.0
4278039,1,0,0,Tajikistan,824.0
4341305,0,0,1,Tanzania,26.0
4278070,0,0,1,United Arab Emirates,5.0
4278031,1,0,0,Turkmenistan,320.0
4348734,1,0,0,Iran,1267.0
4348757,1,0,0,Iraq,3.0
4348744,1,0,0,Oman,21.0
4348762,1,0,0,United Arab Emirates,4.0
4348591,1,0,0,Qatar,20.0
4341099,1,0,0,Egypt,41.0
4341122,1,0,0,Nigeria,64.0
4341298,1,0,0,Gabon,392.0
4341287,1,0,0,Algeria,12.0
4341151,0,0,1,Libya,125.0
4348730,1,0,0,Saudi Arabia,150.0
4278026,1,0,0,Kuwait,24.0
4044563,1,0,0,Georgia,414.0
ng2499486,1,0,0,,
4044775,1,0,0,Azerbaijan,20.0
4044754,1,0,0,,546.0
4044569,1,0,0,Cyprus,143.0
4044774,1,0,0,Estonia,14.0
4278049,0,0,1,Saudi Arabia,32.0
4348767,0,0,1,Saudi Arabia,2053.0
4341202,1,0,0,Cape Verde,209.0
4044603,1,0,0,Slovakia,136.0
4044755,1,0,0,Montenegro,49.0
4044601,1,0,0,Liechtenstein,459.0
4044602,1,0,0,Luxembourg,297.0
4196533,1,0,0,Bolivia,3586.0
4196532,1,0,0,Venezuela,102.0
ng2500812,1,0,0,,
4196531,1,0,0,Colombia,51.0
4196534,1,0,0,Argentina,10.0
4196535,1,0,0,,579.0
4341213,0,0,1,South Africa,693.0
4341252,1,0,0,,10.0
4341288,0,0,1,Morocco,153.0
4044802,1,0,0,Kazakhstan,376.0
4341250,1,0,0,Ghana,273.0
4341364,1,0,0,Liberia,9.0
4341185,1,0,0,Zambia,1291.0
ng2500093,1,0,0,,
4044735,1,0,0,Moldova,110.0
4044803,1,0,0,Finland,12.0
4341087,0,0,1,Morocco,407.0
4341251,1,0,0,Mali,341.0
4341297,1,0,0,Côte d'Ivoire,103.0
4341365,1,0,0,Tunisia,8.0
4341203,1,0,0,Cameroon,34.0
4044734,1,0,0,Poland,98.0
4044694,1,0,0,Italy,17.0
4044695,1,0,0,United Kingdom,46.0
4044804,1,0,0,,9.0
4341123,1,0,0,South Africa,10.0
4044714,1,0,0,Armenia,997.0
4341183,0,0,1,Morocco,407.0
4044658,0,0,1,Hungary,104.0
4044715,1,0,0,Latvia,3.0
4341152,1,0,0,Senegal,8.0
ng2500080,1,0,0,,
4044675,1,0,0,France,28.0
4044676,1,0,0,,17.0
4044660,1,0,0,,266.0
4044659,0,0,1,Hungary,144.0
4341317,1,0,0,Mozambique,36.0
4341119,0,0,1,Rwanda,1723.0
4341313,0,0,1,Tanzania,26.0
4044756,1,0,0,Hungary,112.0
4044757,1,0,0,Serbia,227.0
ng2500094,1,0,0,,
4341148,0,0,1,Libya,125.0
4341102,0,0,1,Liberia,9.0
4044777,1,0,0,Sweden,9.0
4044776,1,0,0,Belgium,52.0
4044564,1,0,0,United Kingdom,35.0
4044605,1,0,0,Bosnia and Herzegovina,317.0
4044604,1,0,0,Liechtenstein,459.0
4044606,1,0,0,,82.0
4044570,1,0,0,Spain,710.0
4341101,0,0,1,Egypt,41.0
4341314,0,0,1,Tanzania,26.0
4341349,1,0,0,Liberia,9.0
ng2500957,1,0,0,,
4341254,1,0,0,Mali,341.0
4341253,0,0,1,Morocco,548.0
4341306,0,0,1,Côte d'Ivoire,12.0
4044736,1,0,0,Czech Republic,215.0
4044697,1,0,0,Macedonia [FYROM],250.0
4044737,1,0,0,Albania,113.0
4044806,1,0,0,Slovenia,293.0
4044696,1,0,0,,44.0
4044807,1,0,0,San Marino,99.0
4044805,1,0,0,United Kingdom,11.0
ng2501137,1,0,0,,
4348742,1,0,0,Pakistan,538.0
4348740,1,0,0,Myanmar [Burma],6.0
4348758,1,0,0,Philippines,4.0
4348745,1,0,0,Taiwan,18.0
4348772,1,0,0,Bangladesh,3.0
4278044,1,0,0,Vietnam,12.0
4348735,1,0,0,Hong Kong,28.0
4348402,1,0,0,Singapore,10.0
4278062,1,0,0,China,74.0
4341316,0,0,1,Morocco,153.0
4341318,1,0,0,Botswana,998.0
4341103,0,0,1,Morocco,6.0
4341120,0,0,1,South Africa,10.0
4278030,1,0,0,Uzbekistan,433.0
4341118,1,0,0,Rwanda,1723.0
4341210,0,0,1,South Africa,693.0
4341362,1,0,0,Malawi,1061.0
4348752,1,0,0,Nepal,1291.0
4278054,1,0,0,India,48.0
4278046,1,0,0,Kyrgyzstan,747.0
4278069,0,0,1,Kuwait,24.0
4278048,0,0,1,Saudi Arabia,32.0
4278072,1,0,0,Bahrain,15.0
4341150,0,0,1,Senegal,8.0
4341255,1,0,0,,10.0
4341149,1,0,0,Togo,31.0
4341363,0,0,1,Morocco,139.0
4341212,1,0,0,Mauritius,415.0
4341211,1,0,0,Libya,125.0
4278038,1,0,0,Jordan,924.0
4348592,0,0,1,Saudi Arabia,12.0
4341181,1,0,0,Tanzania,26.0
4341180,0,0,1,Morocco,407.0
4044619,1,0,0,,103.0
4044661,1,0,0,Romania,73.0
4044716,1,0,0,,124.0
4044662,1,0,0,Andorra,996.0
4044677,1,0,0,,47.0
4044663,1,0,0,,584.0
ng2500096,1,0,0,,
ng2500095,1,0,0,,
ng2501136,1,0,0,,
4044717,1,0,0,United Kingdom,11.0
4196539,1,0,0,,97.0
4196536,1,0,0,,24.0
4196540,1,0,0,Ecuador,2729.0
4196538,1,0,0,Brazil,15.0
4196537,1,0,0,Peru,139.0
ng2506600,1,0,0,,
ng2507594,1,0,0,,
ng2509399,1,0,0,,
ng2509528,1,0,0,,
ng2509529,1,0,0,,
ng2508783,1,0,0,,
ng2508785,1,0,0,,
ng2512377,1,0,0,,
ng2512778,1,0,0,,
ng2512750,1,0,0,,
ng2508784,1,0,0,,
ng2514768,1,0,0,,
ng2512454,1,0,0,,
ng2514775,1,0,0,,
ng2512495,1,0,0,,
ng2514777,1,0,0,,
ng2515980,1,0,0,,
ng2512891,1,0,0,,
ng2512892,1,0,0,,
ng2515981,1,0,0,,
ng2512455,1,0,0,,
ng2512893,1,0,0,,
ng2515059,1,0,0,,
ng2515060,1,0,0,,
ng2516042,1,0,0,,
ng2515637,1,0,0,,
ng2516575,1,0,0,,
ng2516577,1,0,0,,
ng2516005,1,0,0,,
ng2515667,1,0,0,,
ng2515666,1,0,0,,
ng2515665,1,0,0,,
ng2516300,1,0,0,,
ng2516572,1,0,0,,
ng2515974,1,0,0,,
ng2516302,1,0,0,,
ng2516301,1,0,0,,
ng2515973,1,0,0,,
ng2517137,1,0,0,,
ng2517241,1,0,0,,
ng2517136,1,0,0,,
ng2515976,1,0,0,,
ng2515975,1,0,0,,
ng2515978,1,0,0,,
ng2517778,1,0,0,,
4169711,1,0,0,Qatar,20.0
ng2507596,1,0,0,,
4169717,0,0,1,Qatar,39.0
4169712,0,0,1,Qatar,19.0
4169718,0,0,1,Qatar,13.0
4346221,1,0,0,Côte d'Ivoire,103.0
ng2517513,1,0,0,,
4169730,0,0,1,Qatar,10.0
4346222,0,0,1,Côte d'Ivoire,103.0
4169723,0,0,1,Qatar,20.0
4346225,0,0,1,Côte d'Ivoire,12.0
4169724,0,0,1,Qatar,18.0
4346226,0,0,1,Côte d'Ivoire,12.0
4169736,0,0,1,Qatar,13.0
4346229,0,0,1,Côte d'Ivoire,250.0
4169731,0,0,1,Qatar,39.0
4346230,0,0,1,Côte d'Ivoire,250.0
4169737,0,0,1,Qatar,14.0
4346209,0,0,1,Côte d'Ivoire,365.0
4346210,0,0,1,Côte d'Ivoire,365.0
4169742,0,0,1,Qatar,19.0
4346242,0,0,1,Côte d'Ivoire,363.0
4169743,0,0,1,Qatar,20.0
4346241,0,0,1,Côte d'Ivoire,363.0
4169713,0,0,1,Qatar,10.0
4169714,0,1,0,Qatar,4.0
4346240,0,0,1,Côte d'Ivoire,22.0
4346239,0,0,1,Côte d'Ivoire,22.0
ng2517979,1,0,0,,
4169719,0,0,1,Qatar,13.0
4346223,0,0,1,Côte d'Ivoire,103.0
4169720,0,0,1,Qatar,39.0
4346208,1,0,0,Côte d'Ivoire,103.0
4169725,0,0,1,Qatar,14.0
4346224,0,0,1,Côte d'Ivoire,12.0
4169732,0,0,1,Qatar,18.0
4346227,0,0,1,Côte d'Ivoire,12.0
4169733,0,0,1,Qatar,19.0
ng2521411,1,0,0,,
4346228,0,0,1,Côte d'Ivoire,250.0
4169726,0,0,1,Qatar,20.0
4346220,0,0,1,Côte d'Ivoire,250.0
4169738,0,0,1,Qatar,10.0
4346219,0,0,1,Côte d'Ivoire,365.0
4169739,0,0,1,Qatar,13.0
4346211,0,0,1,Côte d'Ivoire,365.0
4346232,0,0,1,Côte d'Ivoire,363.0
ng2512453,1,0,0,,
4346235,0,0,1,Côte d'Ivoire,22.0
4169744,0,0,1,Qatar,19.0
4346243,0,0,1,Côte d'Ivoire,22.0
4169745,0,0,1,Qatar,39.0
4346236,0,0,1,Côte d'Ivoire,363.0
4169716,1,0,0,Qatar,20.0
4169715,0,0,1,Qatar,13.0
4346213,0,0,1,Côte d'Ivoire,12.0
4346212,0,1,0,Côte d'Ivoire,103.0
4346214,0,0,1,Côte d'Ivoire,12.0
4346215,0,0,1,Côte d'Ivoire,103.0
4169721,0,0,1,Qatar,4.0
4169722,0,0,1,Qatar,14.0
4169727,0,0,1,Qatar,19.0
4169728,0,0,1,Qatar,18.0
4346216,0,0,1,Côte d'Ivoire,250.0
4346217,0,0,1,Côte d'Ivoire,365.0
4346231,0,0,1,Côte d'Ivoire,250.0
4346218,0,0,1,Côte d'Ivoire,365.0
4169734,0,0,1,Qatar,10.0
4169735,0,0,1,Qatar,13.0
4346237,0,0,1,Côte d'Ivoire,22.0
4346238,0,0,1,Côte d'Ivoire,363.0
4346234,0,0,1,Côte d'Ivoire,22.0
4346233,0,0,1,Côte d'Ivoire,363.0
4169741,0,0,1,Qatar,20.0
4169740,0,0,1,Qatar,14.0
4169747,0,0,1,Qatar,18.0
4169746,0,0,1,Qatar,19.0
4353228,0,0,1,Côte d'Ivoire,365.0
4353229,0,0,1,Côte d'Ivoire,12.0
4394636,0,0,1,Qatar,13.0
4394633,0,0,1,Qatar,39.0
4353230,0,0,1,Côte d'Ivoire,103.0
4353231,0,0,1,Côte d'Ivoire,22.0
4394632,0,0,1,Qatar,20.0
4394634,1,0,0,Qatar,4.0
4353232,0,0,1,Côte d'Ivoire,12.0
4353233,0,1,0,Côte d'Ivoire,250.0
4394635,0,0,1,Qatar,14.0
4394639,0,0,1,Qatar,18.0
4353234,0,0,1,Côte d'Ivoire,363.0
4353235,0,0,1,Côte d'Ivoire,22.0
4394638,0,0,1,Qatar,10.0
4394637,0,0,1,Qatar,19.0
4394640,0,0,1,Qatar,39.0
4394641,0,0,1,Qatar,14.0
4353241,0,0,1,Côte d'Ivoire,12.0
4353242,0,0,1,Côte d'Ivoire,103.0
ng2530704,1,0,0,,
4394642,0,0,1,Qatar,18.0
4394643,1,0,0,Qatar,4.0
4353243,0,1,0,Côte d'Ivoire,365.0
4353244,0,0,1,Côte d'Ivoire,250.0
4394644,0,0,1,Qatar,39.0
4394645,0,1,0,Qatar,10.0
4353245,0,0,1,Côte d'Ivoire,365.0
4353246,1,0,0,Côte d'Ivoire,103.0
4394647,0,1,0,Qatar,20.0
4353247,0,0,1,Côte d'Ivoire,12.0
4353248,0,1,0,Côte d'Ivoire,103.0
ng2545964,1,0,0,,
ng2547768,1,0,0,,
ng2553215,1,0,0,,
ng2553336,1,0,0,,
ng2553714,1,0,0,,
ng2554339,1,0,0,,
ng2555047,1,0,0,,
ng2554544,1,0,0,,
ng2555771,1,0,0,,
4348746,1,0,0,Taiwan,6.0
4348751,1,0,0,Pakistan,538.0
4278068,1,0,0,Australia,9.0
4278047,1,0,0,Japan,35.0
4278061,1,0,0,South Korea,16.0
4348739,1,0,0,Myanmar [Burma],6.0
4348736,1,0,0,Hong Kong,8.0
ng2557017,1,0,0,,
4348403,1,0,0,Singapore,10.0
4348759,1,0,0,Indonesia,46.0
4278029,1,0,0,Iran,1267.0
ng2551867,1,0,0,,
ng2554555,1,0,0,,
ng2554563,1,0,0,,
4366973,1,0,0,Georgia,414.0
4348768,1,0,0,United Arab Emirates,13.0
ng2554556,1,0,0,,
4278045,1,0,0,Oman,21.0
4348773,0,0,1,Kuwait,24.0
4278053,1,0,0,Qatar,13.0
ng2554553,1,0,0,,
ng2554554,1,0,0,,
4278037,1,0,0,Saudi Arabia,666.0
4348593,0,0,1,Saudi Arabia,2041.0
4278043,1,0,0,Iraq,-1.0
4348753,0,1,0,Bahrain,15.0
4369676,1,0,0,Bosnia and Herzegovina,317.0
4366974,1,0,0,,103.0
4369677,0,0,1,Hungary,104.0
ng2551868,1,0,0,,
4369678,1,0,0,United Kingdom,11.0
4151923,1,0,0,,1.0
4369679,1,0,0,Poland,98.0
ng2554552,1,0,0,,
ng2554551,1,0,0,,
ng2554526,1,0,0,,
ng2554631,1,0,0,,
ng2554667,1,0,0,,
ng2554632,1,0,0,,
ng2554635,1,0,0,,
ng2554636,1,0,0,,
ng2554665,1,0,0,,
ng2555148,1,0,0,,
ng2554659,1,0,0,,
ng2554640,1,0,0,,
ng2554639,1,0,0,,
ng2554643,1,0,0,,
ng2554645,1,0,0,,
ng2554651,1,0,0,,
ng2554652,1,0,0,,
4414878,1,0,0,Anguilla,13.0
ng2554653,1,0,0,,
ng2551869,1,0,0,,
ng2554663,1,0,0,,
ng2554662,1,0,0,,
ng2554661,1,0,0,,
ng2554649,1,0,0,,
ng2554658,1,0,0,,
ng2554657,1,0,0,,
4414877,1,0,0,,34.0
ng2554655,1,0,0,,
ng2554660,1,0,0,,
ng2554654,1,0,0,,
ng2555150,1,0,0,,
ng2554656,1,0,0,,
ng2557904,1,0,0,,
ng2554673,1,0,0,,
ng2554672,1,0,0,,
ng2556864,1,0,0,,
ng2556865,1,0,0,,
ng2556866,1,0,0,,
ng2551870,1,0,0,,
ng2555054,1,0,0,,
ng2551872,1,0,0,,
ng2551871,1,0,0,,
ng2554648,1,0,0,,
ng2551873,1,0,0,,
ng2555157,1,0,0,,
ng2557826,1,0,0,,
ng2557321,1,0,0,,
ng2557325,1,0,0,,
ng2555673,1,0,0,,
ng2557324,1,0,0,,
ng2557164,1,0,0,,
ng2557820,1,0,0,,
ng2557821,1,0,0,,
ng2557170,1,0,0,,
ng2557171,1,0,0,,
ng2557175,1,0,0,,
ng2556734,1,0,0,,
ng2557176,1,0,0,,
ng2556735,1,0,0,,
ng2557179,1,0,0,,
ng2557181,1,0,0,,
ng2557180,1,0,0,,
ng2557182,1,0,0,,
ng2557184,1,0,0,,
ng2557185,1,0,0,,
ng2557822,1,0,0,,
4278055,1,0,0,North Korea,42.0
4278067,0,1,0,Australia,617.0
4348774,1,0,0,Bangladesh,3.0
4278042,1,0,0,Philippines,4.0
ng2559041,1,0,0,,
4348760,1,0,0,Vietnam,12.0
4348404,1,0,0,China,6.0
4278060,1,0,0,Thailand,4.0
4348594,1,0,0,India,54.0
ng2557058,1,0,0,,
4278034,1,0,0,Malaysia,50.0
4348747,1,0,0,Kyrgyzstan,747.0
4348737,1,0,0,Uzbekistan,433.0
ng2559042,1,0,0,,
4278065,1,0,0,Tajikistan,824.0
4278028,1,0,0,Turkmenistan,320.0
ng2557061,1,0,0,,
ng2558194,1,0,0,,
ng2557810,1,0,0,,
4369684,1,0,0,Georgia,414.0
4151924,1,0,0,Lithuania,75.0
ng2557064,1,0,0,,
ng2557062,1,0,0,,
ng2557063,1,0,0,,
4348769,0,0,1,Saudi Arabia,4.0
4348743,1,0,0,Jordan,924.0
4415348,1,0,0,,5.0
4348754,1,0,0,Bahrain,15.0
ng2557069,1,0,0,,
ng2557068,1,0,0,,
4348731,0,0,1,Saudi Arabia,12.0
4278052,1,0,0,Kuwait,11.0
ng2557070,1,0,0,,
ng2557072,1,0,0,,
ng2557073,1,0,0,,
ng2557074,1,0,0,,
ng2557071,1,0,0,,
ng2558192,1,0,0,,
ng2556873,1,0,0,,
ng2557075,1,0,0,,
ng2556736,1,0,0,,
ng2556874,1,0,0,,
4369680,1,0,0,United Kingdom,11.0
ng2556737,1,0,0,,
ng2556872,1,0,0,,
4369683,0,0,1,Poland,114.0
ng2556875,1,0,0,,
ng2558783,1,0,0,,
ng2558800,1,0,0,,
ng2556876,1,0,0,,
ng2557076,1,0,0,,
ng2557077,1,0,0,,
ng2557811,1,0,0,,
ng2557078,1,0,0,,
ng2557079,1,0,0,,
4415349,1,0,0,Turks and Caicos Islands,3.0
ng2557804,1,0,0,,
ng2557805,1,0,0,,
ng2557803,1,0,0,,
ng2557806,1,0,0,,
ng2573922,1,0,0,,
ng2575108,1,0,0,,
ng2577823,1,0,0,,
ng2578731,1,0,0,,
ng2579762,1,0,0,,
ng2581446,1,0,0,,
ng2581815,1,0,0,,
ng2582818,1,0,0,,
ng2582819,1,0,0,,
ng2582404,1,0,0,,
ng2583072,1,0,0,,
ng2582568,1,0,0,,
ng2583455,1,0,0,,
ng2582445,1,0,0,,
ng2582446,1,0,0,,
ng2583728,1,0,0,,
ng2583983,1,0,0,,
ng2583729,1,0,0,,
ng2582569,1,0,0,,
ng2582483,1,0,0,,
ng2582484,1,0,0,,
ng2582485,1,0,0,,
ng2582486,1,0,0,,
ng2583869,1,0,0,,
4341335,0,0,1,South Africa,1654.0
4341256,0,0,1,Morocco,548.0
4341104,0,0,1,Morocco,6.0
4341147,1,0,0,Togo,31.0
ng2582571,1,0,0,,
ng2582570,1,0,0,,
ng2582487,1,0,0,,
ng2582572,1,0,0,,
4341334,1,0,0,Tunisia,8.0
4416442,1,0,0,Antigua and Barbuda,18.0
ng2582573,1,0,0,,
4416478,1,0,0,Suriname,2.0
4416432,1,0,0,,5.0
4416452,1,0,0,,25.0
ng2583859,1,0,0,,
4416462,1,0,0,,187.0
4416472,1,0,0,,1472.0
4348761,1,0,0,Indonesia,46.0
4348764,1,0,0,Bangladesh,3.0
4348748,1,0,0,Taiwan,18.0
4348590,1,0,0,Singapore,10.0
4348738,1,0,0,Hong Kong,28.0
4278059,1,0,0,China,45.0
4278041,1,0,0,Vietnam,12.0
4348732,1,0,0,Myanmar [Burma],6.0
4278056,0,0,1,Laos,174.0
4341348,1,0,0,Malawi,1061.0
4278051,1,0,0,India,8.0
4278027,1,0,0,Uzbekistan,433.0
4278033,1,0,0,Kyrgyzstan,747.0
4348765,1,0,0,Pakistan,538.0
ng2583860,1,0,0,,
4348595,0,0,1,Saudi Arabia,156.0
4278066,0,0,1,Qatar,13.0
4348755,0,0,1,Saudi Arabia,12.0
4341146,1,0,0,Mauritania,4.0
4341105,1,0,0,Guinea-Bissau,11.0
4341209,1,0,0,Libya,125.0
4341166,0,0,1,Congo [DRC],287.0
4278074,1,0,0,Jordan,924.0
4348770,1,0,0,Bahrain,15.0
ng2582678,1,0,0,,
4341129,0,0,1,Côte d'Ivoire,12.0
4341145,1,0,0,Senegal,8.0
4341258,1,0,0,Mali,341.0
4341106,1,0,0,Egypt,41.0
4341321,1,0,0,Algeria,12.0
4416473,1,0,0,Jamaica,88.0
4416453,0,0,1,Barbados,80.0
4416463,1,0,0,Panama,15.0
4416451,1,0,0,,953.0
4416479,1,0,0,El Salvador,764.0
4416441,1,0,0,,1118.0
ng2583835,1,0,0,,
4341311,0,0,1,Malawi,1061.0
4341319,1,0,0,Mozambique,36.0
4341128,0,0,1,South Africa,1654.0
ng2583841,1,0,0,,
ng2583832,1,0,0,,
4341257,0,0,1,South Africa,1695.0
4341208,1,0,0,Angola,81.0
4341320,1,0,0,Uganda,1183.0
ng2583844,1,0,0,,
ng2583833,1,0,0,,
ng2583854,1,0,0,,
ng2583853,1,0,0,,
ng2583852,1,0,0,,
ng2583850,1,0,0,,
ng2583851,1,0,0,,
4341310,1,0,0,Côte d'Ivoire,363.0
4341139,1,0,0,Nigeria,64.0
4341215,1,0,0,Morocco,139.0
ng2583795,1,0,0,,
ng2585200,1,0,0,,
4341207,1,0,0,Cameroon,767.0
ng2584194,1,0,0,,
ng2584494,1,0,0,,
ng2583827,1,0,0,,
ng2583826,1,0,0,,
ng2584493,1,0,0,,
4341312,0,0,1,Morocco,153.0
ng2583828,1,0,0,,
ng2583829,1,0,0,,
ng2583855,1,0,0,,
4454399,1,0,0,,5.0
ng2583830,1,0,0,,
4454406,1,0,0,Anguilla,13.0
4416450,1,0,0,,4.0
ng2583831,1,0,0,,
4416440,0,0,1,Saint Kitts and Nevis,137.0
4416454,1,0,0,,7.0
4416464,1,0,0,Belize,56.0
ng2584186,1,0,0,,
4341331,0,0,1,Morocco,548.0
4341332,0,0,1,South Africa,1654.0
4341144,1,0,0,Congo [DRC],287.0
4341097,0,0,1,Morocco,6.0
4341143,1,0,0,Mauritania,4.0
ng2584189,1,0,0,,
ng2584188,1,0,0,,
ng2584638,1,0,0,,
4416474,1,0,0,Dominica,12.0
4416480,0,0,1,Suriname,2.0
ng2584481,1,0,0,,
4416455,1,0,0,Barbados,80.0
4416439,1,0,0,,2.0
4416449,1,0,0,,36.0
ng2584196,1,0,0,,
4416465,1,0,0,,187.0
4341324,0,0,1,Mozambique,36.0
4341333,1,0,0,Equatorial Guinea,74.0
ng2584491,1,0,0,,
4341137,0,0,1,Côte d'Ivoire,12.0
4341098,1,0,0,Guinea-Bissau,11.0
4341323,1,0,0,Uganda,1183.0
ng2584489,1,0,0,,
ng2584488,1,0,0,,
4341322,0,0,1,Morocco,6.0
4341241,1,0,0,Ghana,273.0
4341107,0,0,1,Mali,341.0
ng2584680,1,0,0,,
4278064,1,0,0,Japan,7.0
4278058,1,0,0,South Korea,16.0
4278075,1,0,0,Australia,18.0
ng2585586,1,0,0,,
4348775,1,0,0,Indonesia,46.0
4348405,1,0,0,Thailand,4.0
4341240,0,0,1,South Africa,1695.0
4341204,1,0,0,Mauritius,415.0
4348733,0,0,1,Laos,174.0
4348749,1,0,0,Malaysia,50.0
4341153,0,0,1,South Sudan,463.0
4341308,0,0,1,Malawi,1061.0
ng2584684,1,0,0,,
4348766,1,0,0,Tajikistan,824.0
4348750,1,0,0,Turkmenistan,320.0
4348596,1,0,0,Kuwait,11.0
4278050,1,0,0,Qatar,13.0
ng2584495,1,0,0,,
ng2584683,1,0,0,,
ng2585893,1,0,0,,
ng2584685,1,0,0,,
4278032,1,0,0,Oman,21.0
4341138,1,0,0,South Africa,1382.0
4341136,0,0,1,South Africa,10.0
4341239,0,0,1,Morocco,548.0
4341206,1,0,0,Cape Verde,209.0
4341216,1,0,0,Zambia,1291.0
4348763,0,0,1,Qatar,20.0
4278071,1,0,0,United Arab Emirates,5.0
4278035,1,0,0,Iran,1267.0
4348756,0,0,1,Saudi Arabia,12.0
4278073,1,0,0,Saudi Arabia,666.0
4278040,1,0,0,Iraq,-1.0
ng2584689,1,0,0,,
ng2584690,1,0,0,,
4341217,0,1,0,Morocco,139.0
4416456,0,0,1,Barbados,80.0
4341309,1,0,0,Gabon,392.0
4341307,0,0,1,Morocco,153.0
4341205,1,0,0,Angola,81.0
4416448,1,0,0,Cuba,38.0
4416438,1,0,0,Saint Kitts and Nevis,21.0
4416466,0,0,1,Barbados,80.0
ng2584745,1,0,0,,
4454403,1,0,0,,15.0
4454400,0,0,1,Dominican Rep.,71.0
ng2584532,1,0,0,,
ng2585587,1,0,0,,
4043837,1,0,0,,491.0
ng2586405,1,0,0,,
ng2585515,1,0,0,,
4043838,0,0,1,,58.0
4043843,0,0,1,,94.0
4043844,0,0,1,,90.0
ng2586407,1,0,0,,
4043855,0,0,1,,30.0
4043850,0,0,1,,219.0
4043849,0,0,1,,58.0
ng2586923,1,0,0,,
ng2586701,1,0,0,,
4043862,0,0,1,,491.0
4043861,0,0,1,,124.0
4043856,0,0,1,,36.0
4043868,0,0,1,,90.0
4043867,0,0,1,,117.0
4043845,0,0,1,,30.0
4043840,1,0,0,,219.0
4043839,0,0,1,,58.0
4043852,0,0,1,,491.0
4043851,0,0,1,,124.0
4043846,0,0,1,,58.0
4407860,0,0,1,United States,316.0
4043863,0,0,1,,36.0
4043857,0,0,1,,94.0
4043858,0,0,1,,117.0
4377170,0,0,1,United States,193.0
4043869,0,0,1,,30.0
4043870,0,0,1,,90.0
4043864,0,0,1,,58.0
4377176,0,0,1,United States,3.0
4377175,0,0,1,United States,18.0
4043842,0,0,1,,219.0
4043841,0,0,1,,124.0
4377205,1,0,0,United States,193.0
4377204,0,0,1,United States,5.0
4043847,0,0,1,,117.0
4043848,0,0,1,,36.0
4377210,0,0,1,United States,18.0
4407876,0,0,1,United States,44.0
4043860,0,0,1,,90.0
4043859,0,0,1,,94.0
4043853,0,0,1,,58.0
4043854,0,0,1,,491.0
4407861,0,0,1,United States,321.0
4377171,0,0,1,United States,4.0
4043866,0,0,1,,219.0
4043865,0,0,1,,124.0
4043871,0,0,1,,58.0
4043872,0,0,1,,30.0
4377177,0,0,1,United States,665.0
4377178,0,0,1,United States,44.0
4377207,0,1,0,United States,316.0
4377206,0,0,1,United States,4.0
4407877,0,0,1,United States,324.0
4377211,0,0,1,United States,665.0
4043971,0,0,1,,94.0
4043970,1,0,0,,90.0
4377172,0,0,1,United States,5.0
4407862,0,0,1,United States,31.0
4043973,0,0,1,,58.0
4043972,0,0,1,,58.0
4377180,0,0,1,United States,324.0
4377179,0,0,1,United States,233.0
4043975,0,0,1,,36.0
4043974,0,0,1,,124.0
4377209,1,0,0,United States,259.0
4377208,0,0,1,United States,31.0
4043976,0,0,1,,491.0
4043977,0,0,1,,117.0
4377212,0,0,1,United States,3.0
4407878,0,0,1,United States,233.0
4407868,0,0,1,United States,18.0
4043979,0,0,1,,219.0
4043980,0,0,1,,30.0
4407869,0,0,1,United States,193.0
4043982,0,0,1,,36.0
4043981,0,0,1,,94.0
4407871,0,0,1,United States,324.0
4407870,0,0,1,United States,665.0
4043983,0,0,1,,491.0
4407872,0,0,1,United States,4.0
4043984,0,0,1,,90.0
4407873,0,0,1,United States,220.0
4407874,0,0,1,United States,220.0
4043985,0,0,1,,94.0
4407875,0,0,1,United States,5.0
ng2628576,1,0,0,,
ng2657340,1,0,0,,
ng2657342,1,0,0,,
ng2658974,1,0,0,,
ng2658977,1,0,0,,
ng2658979,1,0,0,,
ng2660407,1,0,0,,
ng2660249,1,0,0,,
4523689,1,0,0,Australia,12.0
4523698,1,0,0,Japan,2.0
4523678,1,0,0,South Korea,16.0
ng2661501,1,0,0,,
ng2660243,1,0,0,,
4523673,1,0,0,Uzbekistan,433.0
4422001,1,0,0,Azerbaijan,20.0
4523674,1,0,0,Qatar,39.0
4523679,1,0,0,Iraq,-1.0
4523662,1,0,0,Iran,1653.0
4523690,1,0,0,Saudi Arabia,7.0
4523680,1,0,0,Jordan,924.0
4422087,1,0,0,United Kingdom,11.0
4422026,1,0,0,Serbia,121.0
4422086,0,0,1,Hungary,149.0
4422002,1,0,0,Estonia,14.0
4422037,1,0,0,San Marino,99.0
4422025,1,0,0,,9.0
4421964,1,0,0,,80.0
4421965,1,0,0,United Kingdom,35.0
4196523,1,0,0,Bolivia,4084.0
4196507,1,0,0,Argentina,10.0
4422043,1,0,0,Kazakhstan,831.0
ng2660216,1,0,0,,
4422057,1,0,0,Lithuania,60.0
4421977,0,0,1,Hungary,124.0
4421978,1,0,0,France,32.0
4422044,1,0,0,Slovenia,293.0
4422069,1,0,0,United Kingdom,11.0
4422068,1,0,0,Iceland,9.0
4422056,1,0,0,,584.0
4196541,1,0,0,,24.0
4196524,1,0,0,Brazil,915.0
4196525,1,0,0,Peru,139.0
4422106,1,0,0,Faroe Islands,51.0
4422107,1,0,0,Armenia,997.0
4422080,1,0,0,Moldova,110.0
4421989,1,0,0,Ireland,0.0
4421952,1,0,0,Georgia,480.0
4422014,1,0,0,,14.0
4421953,0,0,1,Czech Republic,230.0
4421990,1,0,0,,0.0
4422013,1,0,0,,36.0
ng2661261,1,0,0,,
ng2661262,1,0,0,,
ng2662505,1,0,0,,
ng2662517,1,0,0,,
ng2662518,1,0,0,,
4422088,1,0,0,Luxembourg,297.0
ng2662519,1,0,0,,
4422089,1,0,0,,155.0
4422027,1,0,0,,9.0
4422038,1,0,0,,31.0
4422003,1,0,0,Slovakia,238.0
4421966,1,0,0,,86.0
4421967,1,0,0,,80.0
4422028,1,0,0,,379.0
4422004,1,0,0,Sweden,9.0
ng2663619,1,0,0,,
4422058,1,0,0,Cyprus,31.0
4421979,1,0,0,France,192.0
4422046,1,0,0,Slovenia,293.0
4421980,0,0,1,Hungary,117.0
4422070,1,0,0,Montenegro,635.0
4422045,1,0,0,Norway,102.0
4422071,1,0,0,Turkey,4.0
4422059,1,0,0,Romania,88.0
4523693,1,0,0,Indonesia,46.0
4523670,0,0,1,Laos,174.0
4523692,1,0,0,China,5.0
ng2664223,1,0,0,,
4523682,0,0,1,Malaysia,50.0
4523671,1,0,0,Kyrgyzstan,747.0
4523681,1,0,0,Oman,21.0
4523672,1,0,0,United Arab Emirates,271.0
ng2664666,1,0,0,,
4523691,1,0,0,Bahrain,15.0
4422108,1,0,0,Latvia,3.0
4523683,1,0,0,Kuwait,24.0
4421991,1,0,0,United Kingdom,46.0
4421955,1,0,0,Czech Republic,217.0
4422109,1,0,0,Macedonia [FYROM],250.0
4421992,1,0,0,Ireland,0.0
4421954,1,0,0,Albania,113.0
4422016,1,0,0,,17.0
4422015,1,0,0,Hungary,112.0
4422081,1,0,0,Andorra,996.0
4196508,1,0,0,Colombia,51.0
4196512,1,0,0,Ecuador,2729.0
4196511,1,0,0,,563.0
4196509,1,0,0,Venezuela,102.0
ng2664669,1,0,0,,
4196510,1,0,0,,97.0
ng2664212,1,0,0,,
4523694,1,0,0,Australia,23.0
ng2677410,1,0,0,,
4523685,1,0,0,Jordan,924.0
4523668,1,0,0,Uzbekistan,433.0
4422082,1,0,0,Moldova,110.0
4523669,1,0,0,Qatar,10.0
4523686,1,0,0,Oman,21.0
4422111,1,0,0,Latvia,3.0
4523696,1,0,0,Bahrain,15.0
4523667,1,0,0,United Arab Emirates,271.0
ng2675748,1,0,0,,
4523684,1,0,0,Iraq,-1.0
4523695,1,0,0,Saudi Arabia,7.0
4421982,1,0,0,Italy,17.0
4422039,1,0,0,,31.0
4422048,1,0,0,Norway,102.0
4422110,1,0,0,Faroe Islands,51.0
4421993,1,0,0,United Kingdom,46.0
4422047,1,0,0,Austria,324.0
4421981,0,0,1,Hungary,117.0
4421994,1,0,0,Finland,12.0
4196515,1,0,0,Bolivia,4084.0
4196514,1,0,0,Venezuela,102.0
4196517,1,0,0,Ecuador,2729.0
4196516,1,0,0,,563.0
ng2677568,1,0,0,,
4422005,1,0,0,Estonia,14.0
4422018,1,0,0,Hungary,112.0
4422017,1,0,0,Bosnia and Herzegovina,317.0
4421957,0,0,1,Poland,89.0
4422073,1,0,0,Turkey,4.0
4422072,1,0,0,Iceland,9.0
4421956,1,0,0,Czech Republic,230.0
4422006,1,0,0,Slovakia,136.0
4196513,1,0,0,Peru,139.0
ng2677222,1,0,0,,
4422060,1,0,0,Lithuania,75.0
4422090,1,0,0,,155.0
4421968,1,0,0,,124.0
4422030,1,0,0,Spain,110.0
4421969,1,0,0,Poland,98.0
4422061,1,0,0,Cyprus,31.0
4422029,1,0,0,Serbia,227.0
4422091,0,0,1,Hungary,149.0
ng2677798,1,0,0,,
ng2677956,1,0,0,,
4422049,1,0,0,Kazakhstan,831.0
ng2677861,1,0,0,,
4421995,1,0,0,Finland,12.0
4422083,1,0,0,Malta,103.0
4422040,1,0,0,Liechtenstein,459.0
4422112,1,0,0,Armenia,997.0
4422050,1,0,0,Austria,324.0
4421996,1,0,0,,0.0
4422113,1,0,0,Faroe Islands,51.0
ng2677872,1,0,0,,
4422007,1,0,0,Azerbaijan,20.0
4421958,1,0,0,Georgia,480.0
4421959,0,0,1,Poland,114.0
4421983,1,0,0,Belgium,52.0
4422074,1,0,0,Iceland,9.0
4421984,1,0,0,Italy,112.0
4422008,1,0,0,Estonia,14.0
4422020,1,0,0,,491.0
4422075,1,0,0,United Kingdom,11.0
4422019,1,0,0,Bosnia and Herzegovina,317.0
4523697,1,0,0,Japan,2.0
4523687,1,0,0,South Korea,138.0
4523699,1,0,0,China,21.0
ng2678617,1,0,0,,
4523665,1,0,0,Uzbekistan,433.0
4523664,1,0,0,Kyrgyzstan,747.0
4523709,0,0,1,Qatar,13.0
4523718,1,0,0,Jordan,924.0
4523666,0,0,1,United Arab Emirates,3.0
4523688,1,0,0,Saudi Arabia,7.0
4422031,1,0,0,Spain,97.0
4421970,1,0,0,Poland,98.0
4422032,1,0,0,,656.0
4422063,1,0,0,Lithuania,75.0
4422093,1,0,0,United Kingdom,11.0
4422062,1,0,0,,584.0
4421971,1,0,0,United Kingdom,35.0
4422092,0,0,1,Hungary,149.0
4196519,1,0,0,Colombia,51.0
4196521,1,0,0,,97.0
4196518,1,0,0,,24.0
ng2678622,1,0,0,,
4196522,1,0,0,Argentina,10.0
4196520,1,0,0,Brazil,1115.0
ng2678575,1,0,0,,
ng2689789,1,0,0,,
ng2688702,1,0,0,,
4523700,1,0,0,Australia,8.0
4523661,0,0,1,Laos,174.0
ng2688715,1,0,0,,
ng2688716,1,0,0,,
ng2688720,1,0,0,,
ng2688719,1,0,0,,
4523712,1,0,0,Kuwait,24.0
4523701,1,0,0,Bahrain,15.0
4422051,1,0,0,Kazakhstan,831.0
4523711,1,0,0,Oman,21.0
4523648,1,0,0,United Arab Emirates,6.0
4523663,1,0,0,Qatar,13.0
4523710,1,0,0,Iraq,-1.0
4422114,1,0,0,Armenia,997.0
ng2688724,1,0,0,,
4421986,1,0,0,France,33.0
4422052,1,0,0,Slovenia,293.0
4421985,1,0,0,Belgium,52.0
4421997,1,0,0,,162.0
4422115,1,0,0,Macedonia [FYROM],250.0
4421998,1,0,0,Ireland,0.0
4196544,1,0,0,Venezuela,102.0
4196545,1,0,0,,97.0
4196546,1,0,0,Ecuador,11.0
4523702,1,0,0,Indonesia,46.0
ng2688782,1,0,0,,
4422064,1,0,0,Cyprus,31.0
4422095,1,0,0,United Kingdom,11.0
4422094,1,0,0,Luxembourg,297.0
4422034,1,0,0,,414.0
4422065,1,0,0,Romania,73.0
4421972,1,0,0,,128.0
4422033,1,0,0,,9.0
4422041,1,0,0,San Marino,99.0
4421973,1,0,0,United Kingdom,35.0
4196542,1,0,0,,24.0
4196543,1,0,0,Peru,277.0
ng2690217,1,0,0,,
ng2689846,1,0,0,,
4422009,1,0,0,Azerbaijan,755.0
ng2690215,1,0,0,,
4422084,1,0,0,Andorra,996.0
4422077,1,0,0,Turkey,1061.0
4421960,1,0,0,Georgia,4.0
4422076,1,0,0,Montenegro,635.0
4422010,1,0,0,Sweden,9.0
4421961,1,0,0,Albania,113.0
4422022,1,0,0,,17.0
4422021,1,0,0,,236.0
ng2690471,1,0,0,,
4422117,1,0,0,Macedonia [FYROM],250.0
4422116,1,0,0,Latvia,3.0
4422000,1,0,0,Finland,12.0
4421999,1,0,0,United Kingdom,46.0
4422053,1,0,0,Austria,175.0
4422054,1,0,0,Norway,102.0
4421987,0,0,1,Hungary,117.0
4421988,1,0,0,Italy,139.0
ng2690572,1,0,0,,
ng2691292,1,0,0,,
4421974,1,0,0,,12.0
4421975,1,0,0,Poland,98.0
4422036,1,0,0,Spain,61.0
4422042,1,0,0,Liechtenstein,459.0
4422035,1,0,0,Serbia,227.0
4422096,1,0,0,,546.0
4422066,1,0,0,,584.0
4422097,1,0,0,Luxembourg,297.0
4422067,1,0,0,Romania,73.0
ng2690955,1,0,0,,
ng2690950,1,0,0,,
4523704,1,0,0,China,11.0
4523705,1,0,0,Indonesia,46.0
4523658,0,0,1,Laos,174.0
ng2690964,1,0,0,,
4523659,1,0,0,Kyrgyzstan,747.0
4523714,0,0,1,Jordan,924.0
4523660,1,0,0,United Arab Emirates,13.0
4523713,1,0,0,Oman,21.0
ng2690953,1,0,0,,
ng2690259,1,0,0,,
ng2690965,1,0,0,,
4523715,1,0,0,Kuwait,24.0
4523703,1,0,0,Bahrain,15.0
4421963,1,0,0,Czech Republic,215.0
4422012,1,0,0,Sweden,9.0
4421962,1,0,0,Albania,113.0
4422078,1,0,0,Montenegro,635.0
4422024,1,0,0,Hungary,112.0
4422079,1,0,0,United Kingdom,11.0
4422085,1,0,0,Malta,103.0
4422011,1,0,0,Slovakia,145.0
4422023,1,0,0,Bosnia and Herzegovina,317.0
4196567,1,0,0,Bolivia,4084.0
4196547,1,0,0,Colombia,51.0
4196569,1,0,0,,563.0
4196568,1,0,0,Argentina,10.0
4196566,1,0,0,Brazil,38.0
ng2697845,1,0,0,,
ng2698832,1,0,0,,
ng2698791,1,0,0,,
ng2700384,1,0,0,,
ng2699629,1,0,0,,
ng2700584,1,0,0,,
ng2699693,1,0,0,,
ng2699696,1,0,0,,
ng2709744,1,0,0,,
ng2712509,1,0,0,,
ng2712524,1,0,0,,
ng2718054,1,0,0,,
ng2721051,1,0,0,,
ng2723530,1,0,0,,
ng2728741,1,0,0,,
ng2730317,1,0,0,,
ng2728740,1,0,0,,
ng2734361,1,0,0,,
ng2745554,1,0,0,,
ng2745851,1,0,0,,
ng2749990,1,0,0,,
ng2749917,1,0,0,,
ng2751470,1,0,0,,
ng2750635,1,0,0,,
ng2751990,1,0,0,,
ng2751991,1,0,0,,
4341220,1,0,0,,
4341189,0,0,1,South Africa,693.0
4341223,0,0,1,Morocco,28.0
4341328,1,0,0,Liberia,9.0
ng2753376,1,0,0,,
ng2751993,1,0,0,,
4523707,1,0,0,Australia,45.0
4523706,1,0,0,Japan,2.0
ng2753054,1,0,0,,
4523716,1,0,0,South Korea,12.0
ng2752025,1,0,0,,
4341359,0,0,1,Egypt,41.0
4341089,0,0,1,Liberia,9.0
4523657,1,0,0,Iran,1267.0
4523655,1,0,0,Uzbekistan,433.0
4341134,0,0,1,South Africa,10.0
4341329,1,0,0,Malawi,1061.0
4341191,1,0,0,Cape Verde,209.0
ng2753859,1,0,0,,
4523717,1,0,0,Iraq,-1.0
4523656,1,0,0,Qatar,13.0
4523728,1,0,0,Saudi Arabia,666.0
4523708,1,0,0,Jordan,924.0
4341295,0,0,1,Côte d'Ivoire,103.0
4341296,1,0,0,Gabon,392.0
4341190,1,0,0,Libya,125.0
4679441,1,0,0,,3.0
4679443,1,0,0,,12.0
4679447,1,0,0,Italy,139.0
4679445,1,0,0,,9.0
4341224,0,0,1,Morocco,153.0
4196573,1,0,0,,97.0
4196572,1,0,0,Brazil,1115.0
4196571,1,0,0,Peru,139.0
ng2752043,1,0,0,,
4341358,1,0,0,Botswana,998.0
ng2753388,1,0,0,,
4341330,1,0,0,Equatorial Guinea,74.0
4341133,1,0,0,Rwanda,1520.0
4341135,1,0,0,South Africa,1293.0
4341088,0,0,1,Morocco,6.0
4341154,1,0,0,Congo [DRC],287.0
4689297,1,0,0,Cyprus,31.0
4341284,0,0,1,Morocco,540.0
4341222,1,0,0,Ghana,18.0
4689384,1,0,0,United Kingdom,46.0
4689261,1,0,0,Malta,103.0
4689262,1,0,0,Poland,98.0
ng2753371,1,0,0,,
4689383,1,0,0,Andorra,996.0
4689298,1,0,0,Romania,73.0
4341090,0,0,1,Morocco,28.0
4341372,0,0,1,Côte d'Ivoire,103.0
4196574,1,0,0,Ecuador,2729.0
4341221,0,1,0,Morocco,575.0
4196570,1,0,0,,24.0
ng2753426,1,0,0,,
4689419,1,0,0,Liechtenstein,459.0
4341242,1,0,0,,
4341164,1,0,0,Togo,31.0
4689454,1,0,0,Moldova,110.0
4689363,1,0,0,Montenegro,635.0
ng2753456,1,0,0,,
ng2753457,1,0,0,,
4341163,0,0,1,Libya,125.0
4689455,0,0,1,Hungary,124.0
4689420,1,0,0,United Kingdom,11.0
4689364,1,0,0,Czech Republic,231.0
4341283,1,0,0,Kenya,1663.0
4341174,0,0,1,South Africa,693.0
4679446,1,0,0,,82.0
4679444,1,0,0,France,33.0
4679448,1,0,0,,90.0
4679442,1,0,0,Spain,20.0
4341327,0,0,1,South Africa,1293.0
4341226,0,0,1,Morocco,28.0
4341091,1,0,0,Guinea-Bissau,11.0
4341336,1,0,0,Liberia,9.0
4689263,1,0,0,Lithuania,75.0
4341225,0,0,1,Morocco,331.0
4341282,1,0,0,Côte d'Ivoire,12.0
4689400,1,0,0,Albania,113.0
4689264,1,0,0,Poland,98.0
4689299,1,0,0,Bosnia and Herzegovina,317.0
4689300,1,0,0,San Marino,99.0
4689401,1,0,0,United Kingdom,46.0
4341093,0,0,1,Morocco,6.0
4341326,1,0,0,Tunisia,8.0
4523729,1,0,0,Japan,2.0
4523730,1,0,0,China,6.0
4523719,1,0,0,South Korea,56.0
ng2753507,1,0,0,,
4523653,1,0,0,Kyrgyzstan,747.0
4523731,1,0,0,Indonesia,46.0
4341130,1,0,0,Rwanda,1520.0
4341357,1,0,0,Uganda,1183.0
4341131,1,0,0,Nigeria,64.0
4341176,1,0,0,Angola,81.0
4523654,1,0,0,Iran,1267.0
4341132,0,0,1,Côte d'Ivoire,12.0
ng2754371,1,0,0,,
4689457,1,0,0,Moldova,110.0
ng2753517,1,0,0,,
ng2753518,1,0,0,,
4523720,0,0,1,Jordan,924.0
4523652,0,0,1,Saudi Arabia,594.0
4523721,1,0,0,Kuwait,24.0
4341092,1,0,0,Egypt,41.0
4341175,1,0,0,Cameroon,767.0
4341281,0,0,1,Morocco,540.0
4341355,1,0,0,Botswana,998.0
4341160,0,0,1,Libya,125.0
4689422,1,0,0,Macedonia [FYROM],250.0
4689456,0,0,1,Hungary,124.0
4689365,1,0,0,,47.0
4689421,1,0,0,Liechtenstein,459.0
4689366,1,0,0,Montenegro,635.0
ng2756181,1,0,0,,
4196577,1,0,0,Bolivia,4084.0
4341356,1,0,0,Algeria,110.0
4341227,0,0,1,Morocco,153.0
4341162,1,0,0,Mauritania,2.0
4341161,1,0,0,Senegal,8.0
4341243,1,0,0,Morocco,548.0
ng2753524,1,0,0,,
4196576,1,0,0,Venezuela,102.0
ng2754268,1,0,0,,
4196578,1,0,0,Argentina,10.0
4196575,1,0,0,Colombia,51.0
4196579,1,0,0,,563.0
ng2766586,1,0,0,,
ng2766961,1,0,0,,
ng2773897,1,0,0,,
ng2774924,1,0,0,,
ng2778480,1,0,0,,
ng2776984,1,0,0,,
ng2779714,1,0,0,,
ng2778818,1,0,0,,
ng2779348,1,0,0,,
ng2780723,1,0,0,,
ng2779397,1,0,0,,
ng2779567,1,0,0,,
ng2779682,1,0,0,,
ng2779661,1,0,0,,
ng2781122,1,0,0,,
ng2781123,1,0,0,,
ng2780583,1,0,0,,
ng2780589,1,0,0,,
ng2780593,1,0,0,,
ng2781597,1,0,0,,
ng2781714,1,0,0,,
ng2781952,1,0,0,,
ng2782537,1,0,0,,
4454401,1,0,0,Dominica,12.0
4679451,1,0,0,,491.0
4416457,1,0,0,Barbados,80.0
4416467,1,0,0,,30.0
4416437,1,0,0,,2.0
4454404,1,0,0,,3.0
4416447,1,0,0,,36.0
ng2782554,1,0,0,,
4523732,1,0,0,Australia,7.0
ng2781983,1,0,0,,
ng2781984,1,0,0,,
ng2781985,1,0,0,,
4523734,1,0,0,Indonesia,46.0
4523733,1,0,0,Bahrain,15.0
ng2781992,1,0,0,,
4523723,1,0,0,Oman,21.0
4523650,1,0,0,United Arab Emirates,13.0
ng2781988,1,0,0,,
ng2781989,1,0,0,,
ng2781990,1,0,0,,
4523724,1,0,0,Kuwait,24.0
4523722,1,0,0,Iraq,-1.0
4523649,0,0,1,Saudi Arabia,594.0
4523651,1,0,0,Qatar,13.0
4679452,1,0,0,,219.0
4196564,1,0,0,,97.0
4196553,1,0,0,Ecuador,11.0
4196563,1,0,0,,563.0
ng2782648,1,0,0,,
ng2784029,1,0,0,,
ng2784030,1,0,0,,
ng2782651,1,0,0,,
ng2782470,1,0,0,,
ng2782637,1,0,0,,
ng2782480,1,0,0,,
ng2782638,1,0,0,,
ng2782393,1,0,0,,
ng2782652,1,0,0,,
4689479,1,0,0,Estonia,14.0
4689438,1,0,0,Macedonia [FYROM],250.0
4689367,1,0,0,Czech Republic,310.0
4689480,1,0,0,Norway,102.0
4689368,1,0,0,,47.0
ng2782481,1,0,0,,
4689439,1,0,0,United Kingdom,11.0
ng2782395,1,0,0,,
ng2782394,1,0,0,,
ng2782650,1,0,0,,
4416446,1,0,0,Antigua and Barbuda,18.0
ng2782649,1,0,0,,
ng2782647,1,0,0,,
4196580,1,0,0,Colombia,51.0
4416481,1,0,0,Suriname,2.0
4196565,1,0,0,Venezuela,102.0
4416436,1,0,0,,5.0
4416458,1,0,0,,25.0
4416468,1,0,0,,187.0
4416475,1,0,0,,1447.0
4689301,1,0,0,Bosnia and Herzegovina,317.0
ng2782674,1,0,0,,
ng2782694,1,0,0,,
4689265,1,0,0,Malta,103.0
4689402,0,0,1,Spain,18.0
ng2782482,1,0,0,,
4689403,1,0,0,Albania,113.0
4689302,1,0,0,Austria,175.0
4689266,1,0,0,Finland,12.0
ng2782396,1,0,0,,
4454402,1,0,0,,5.0
4454405,1,0,0,Anguilla,13.0
4416445,1,0,0,,4.0
ng2782692,1,0,0,,
ng2782693,1,0,0,,
ng2782397,1,0,0,,
4416459,1,0,0,,7.0
4416435,0,0,1,Barbados,80.0
ng2782398,1,0,0,,
4416469,1,0,0,Belize,56.0
4679453,1,0,0,,219.0
ng2782955,1,0,0,,
ng2782826,1,0,0,,
4679454,1,0,0,,491.0
4689440,1,0,0,Kazakhstan,376.0
ng2782862,1,0,0,,
ng2782863,1,0,0,,
ng2785116,1,0,0,,
ng2782864,1,0,0,,
4689441,1,0,0,Belgium,52.0
4689481,1,0,0,Estonia,14.0
4689369,1,0,0,Faroe Islands,51.0
4689482,1,0,0,Italy,43.0
4689370,1,0,0,,86.0
ng2785117,1,0,0,,
ng2785115,1,0,0,,
ng2782865,1,0,0,,
ng2782866,1,0,0,,
4523735,1,0,0,Japan,42.0
4523725,1,0,0,South Korea,16.0
4523737,1,0,0,China,290.0
4523677,1,0,0,Kyrgyzstan,747.0
4523676,1,0,0,Uzbekistan,433.0
ng2786113,1,0,0,,
4523675,1,0,0,Iran,1267.0
ng2783626,1,0,0,,
ng2783625,1,0,0,,
ng2784867,1,0,0,,
ng2784865,1,0,0,,
ng2783630,1,0,0,,
ng2783632,1,0,0,,
ng2783631,1,0,0,,
ng2786114,1,0,0,,
4523726,1,0,0,Jordan,924.0
4523727,0,0,1,Jordan,890.0
4523736,1,0,0,Saudi Arabia,7.0
4689303,1,0,0,Romania,73.0
4689405,1,0,0,Serbia,227.0
4689404,1,0,0,Latvia,3.0
4689267,1,0,0,Finland,12.0
4689304,1,0,0,San Marino,99.0
ng2783635,1,0,0,,
ng2783634,1,0,0,,
ng2783636,1,0,0,,
ng2783637,1,0,0,,
4689268,1,0,0,,19.0
ng2783633,1,0,0,,
4416434,1,0,0,Saint Kitts and Nevis,21.0
4416444,1,0,0,Cuba,38.0
4196549,1,0,0,Bolivia,4084.0
ng2783638,1,0,0,,
4416461,1,0,0,,7.0
4416460,1,0,0,,8.0
4416476,0,0,1,Dominican Rep.,50.0
4196552,1,0,0,,24.0
4416477,1,0,0,Jamaica,88.0
4196548,1,0,0,Argentina,10.0
4416470,1,0,0,Guyana,1.0
4416471,1,0,0,Panama,15.0
ng2783689,1,0,0,,
ng2783691,1,0,0,,
4196550,1,0,0,Brazil,792.0
ng2783690,1,0,0,,
4416433,1,0,0,,1118.0
4416483,1,0,0,El Salvador,764.0
4416482,1,0,0,,3.0
4196551,1,0,0,Peru,139.0
4416443,1,0,0,,953.0
4772410,0,0,1,United States,44.0
4772437,1,0,0,United States,18.0
4772438,0,0,1,United States,19.0
4772411,0,0,1,United States,19.0
4772431,0,0,1,United States,23.0
4772432,0,0,1,United States,23.0
4772422,0,0,1,United States,18.0
4772423,1,0,0,Canada,18.0
4772412,0,0,1,United States,193.0
4772413,0,0,1,United States,193.0
4772439,0,0,1,United States,12.0
4772440,0,1,0,United States,233.0
4772433,0,0,1,United States,18.0
4772434,0,0,1,United States,233.0
4772424,0,0,1,United States,12.0
4772425,0,0,1,United States,12.0
4772441,0,0,1,United States,665.0
4772442,1,0,0,United States,193.0
4772414,0,0,1,United States,193.0
4772415,0,0,1,United States,665.0
4772435,0,0,1,United States,12.0
4772436,0,0,1,United States,233.0
4772427,0,0,1,United States,18.0
4772426,0,0,1,United States,12.0
4772522,0,0,1,United States,324.0
4772521,0,0,1,United States,324.0
4772526,0,0,1,United States,254.0
4772520,1,0,0,United States,254.0
4772523,1,0,0,United States,146.0
4772524,0,0,1,United States,3.0
ng2810634,1,0,0,,
4772525,1,0,0,United States,18.0
ng2815208,1,0,0,,
ng2833433,1,0,0,,
ng2828022,1,0,0,,
ng2833938,1,0,0,,
ng2833089,1,0,0,,
ng2833946,1,0,0,,
ng2833960,1,0,0,,
ng2836986,1,0,0,,
ng2855610,1,0,0,,
4341279,0,0,1,Mauritius,415.0
ng2861747,1,0,0,,
ng2861793,1,0,0,,
4341229,1,0,0,Chad,294.0
4689442,1,0,0,Kazakhstan,376.0
ng2861796,1,0,0,,
ng2861801,1,0,0,,
ng2861375,1,0,0,,
4341094,1,0,0,Guinea-Bissau,11.0
4341173,1,0,0,Angola,81.0
4341228,0,0,1,Morocco,28.0
4341172,1,0,0,Mauritius,415.0
4341347,0,0,1,Morocco,548.0
4689339,1,0,0,Georgia,414.0
4689269,1,0,0,Lithuania,75.0
ng2861798,1,0,0,,
ng2861803,1,0,0,,
4689443,1,0,0,Liechtenstein,459.0
4689340,1,0,0,,546.0
4689250,1,0,0,Slovakia,136.0
4689270,1,0,0,,3.0
4689249,1,0,0,Luxembourg,297.0
4341352,1,0,0,Algeria,110.0
4341171,1,0,0,Cameroon,767.0
4341230,0,0,1,Morocco,153.0
4341346,1,0,0,Tunisia,8.0
4822523,1,0,0,Suriname,2.0
4196554,1,0,0,,24.0
4196557,1,0,0,,97.0
4196555,1,0,0,Colombia,51.0
4196558,1,0,0,Argentina,10.0
4196556,1,0,0,Brazil,15.0
4822522,1,0,0,,1447.0
ng2861863,1,0,0,,
4341353,0,0,1,Uganda,1183.0
4341337,0,0,1,Botswana,998.0
4341158,0,0,1,South Sudan,463.0
4341280,1,0,0,Kenya,1607.0
ng2866201,1,0,0,,
4341095,0,0,1,Guinea-Bissau,11.0
4341117,0,0,1,Côte d'Ivoire,103.0
4341214,0,1,0,South Africa,1382.0
4341354,1,0,0,Uganda,1183.0
4341245,1,0,0,Congo [Republic],308.0
ng2861825,1,0,0,,
4689327,1,0,0,Iceland,9.0
4689484,1,0,0,Italy,267.0
4689483,1,0,0,Moldova,110.0
4689281,1,0,0,Slovenia,293.0
4689282,1,0,0,,266.0
4689293,1,0,0,,0.0
4689294,1,0,0,,9.0
4689372,1,0,0,Montenegro,49.0
4689371,1,0,0,Faroe Islands,51.0
4689328,0,0,1,Poland,114.0
4341159,1,0,0,Mauritania,2.0
4341157,1,0,0,Senegal,8.0
4341096,1,0,0,Egypt,41.0
4341278,1,0,0,Côte d'Ivoire,12.0
4341247,1,0,0,Morocco,15.0
4822534,1,0,0,,36.0
4822548,1,0,0,,25.0
4822535,1,0,0,,5.0
4822547,1,0,0,,187.0
ng2866196,1,0,0,,
ng2866195,1,0,0,,
4689406,1,0,0,Latvia,13.0
4341201,1,0,0,Nigeria,64.0
4689407,1,0,0,United Kingdom,106.0
4689351,1,0,0,Armenia,997.0
4689305,1,0,0,Austria,324.0
4689306,1,0,0,San Marino,99.0
4689352,1,0,0,Ireland,0.0
ng2862866,1,0,0,,
ng2864921,1,0,0,,
4689341,1,0,0,Georgia,414.0
4689444,1,0,0,Macedonia [FYROM],250.0
4689271,1,0,0,Lithuania,75.0
4341233,0,0,1,Morocco,540.0
4689342,1,0,0,Turkey,1033.0
4689445,1,0,0,Belgium,42.0
4689272,1,0,0,Poland,283.0
4689251,1,0,0,Luxembourg,297.0
4689252,1,0,0,,58.0
ng2868111,1,0,0,,
4341248,1,0,0,Zambia,1291.0
4341345,1,0,0,Equatorial Guinea,74.0
4341360,1,0,0,Mozambique,36.0
ng2868112,1,0,0,,
4341350,1,0,0,Uganda,1183.0
4341351,0,0,1,Morocco,30.0
4341343,1,0,0,Malawi,1061.0
4341109,1,0,0,Guinea-Bissau,11.0
4341232,0,0,1,Morocco,28.0
ng2869425,1,0,0,,
ng2868115,1,0,0,,
ng2867355,1,0,0,,
4689296,1,0,0,,0.0
4689373,1,0,0,,31.0
4689485,0,0,1,Hungary,124.0
4689295,0,0,1,Hungary,149.0
4689283,1,0,0,,584.0
4689284,1,0,0,,266.0
4689374,1,0,0,,124.0
4341231,1,0,0,Ghana,18.0
4341168,1,0,0,Libya,4.0
4822525,1,0,0,El Salvador,764.0
4822524,1,0,0,Panama,15.0
ng2865941,1,0,0,,
ng2869426,1,0,0,,
ng2868074,1,0,0,,
4341198,0,0,1,South Africa,1654.0
4341344,0,0,1,Botswana,998.0
4341285,1,0,0,Kenya,1607.0
4341110,0,0,1,Liberia,9.0
4341276,1,0,0,,31.0
4689353,1,0,0,Armenia,997.0
4341108,1,0,0,Burkina Faso,306.0
4341156,1,0,0,Congo [DRC],287.0
4341200,1,0,0,South Africa,1382.0
4341142,1,0,0,Togo,31.0
4689329,1,0,0,Azerbaijan,20.0
4341170,1,0,0,Cape Verde,209.0
ng2867627,1,0,0,,
ng2868087,1,0,0,,
4689408,1,0,0,Albania,113.0
4689307,1,0,0,Bosnia and Herzegovina,317.0
4689308,1,0,0,Cyprus,181.0
4689330,1,0,0,France,32.0
ng2867356,1,0,0,,
4689354,1,0,0,Hungary,112.0
4689486,1,0,0,Norway,102.0
4689409,1,0,0,Serbia,121.0
4341155,1,0,0,Mauritania,2.0
ng2868089,1,0,0,,
4341286,0,0,1,Kenya,1663.0
4341277,1,0,0,Gabon,392.0
4341169,1,0,0,Angola,81.0
4341199,0,0,1,Côte d'Ivoire,12.0
4196581,1,0,0,Ecuador,11.0
4196561,1,0,0,Bolivia,4084.0
4196562,1,0,0,,563.0
4196559,1,0,0,Peru,139.0
4196560,1,0,0,Venezuela,102.0
ng2867629,1,0,0,,
4822536,1,0,0,Jamaica,88.0
4822537,1,0,0,,25.0
ng2867628,1,0,0,,
4822550,1,0,0,,953.0
4822549,1,0,0,,1118.0
ng2885314,1,0,0,,
4341113,0,0,1,Rwanda,1520.0
4341167,1,0,0,Mauritius,415.0
4341178,1,0,0,Swaziland,703.0
4341177,1,0,0,Libya,19.0
4877424,0,1,0,Qatar,13.0
4341235,0,0,1,Morocco,540.0
4341234,1,0,0,Chad,294.0
4341236,0,0,1,Côte d'Ivoire,12.0
4341111,0,0,1,Morocco,28.0
4341112,0,0,1,Liberia,9.0
4877427,0,1,0,Saudi Arabia,7.0
4341302,0,0,1,Burkina Faso,306.0
4341303,1,0,0,,31.0
ng2885435,1,0,0,,
ng2887035,1,0,0,,
4341292,1,0,0,Burundi,818.0
ng2886098,1,0,0,,
4341361,0,1,0,Algeria,168.0
4341370,1,0,0,Botswana,998.0
4341341,1,0,0,Malawi,1061.0
4341340,1,0,0,Liberia,9.0
4689273,1,0,0,Finland,12.0
4341371,1,0,0,Mozambique,36.0
ng2886099,1,0,0,,
4689317,0,0,1,Hungary,149.0
4689375,1,0,0,Czech Republic,217.0
4689310,1,0,0,Cyprus,31.0
4689309,1,0,0,Austria,175.0
4689318,1,0,0,United Kingdom,35.0
ng2886100,1,0,0,,
4689274,1,0,0,Malta,103.0
4689376,1,0,0,Faroe Islands,51.0
ng2886101,1,0,0,,
ng2886097,1,0,0,,
ng2886327,1,0,0,,
4822552,1,0,0,Nicaragua,187.0
4822551,1,0,0,Honduras,109.0
ng2860065,1,0,0,,
ng2886310,1,0,0,,
4341293,0,0,1,Kenya,1607.0
4341294,0,0,1,Mauritius,415.0
4341141,0,0,1,South Sudan,463.0
4341127,0,0,1,Tanzania,26.0
4341140,1,0,0,Togo,31.0
4689446,1,0,0,Kazakhstan,376.0
4341195,1,0,0,Rwanda,1520.0
4341196,0,1,0,South Africa,10.0
4341342,0,1,0,Tunisia,8.0
ng2886250,1,0,0,,
4341197,0,0,1,South Africa,1293.0
ng2886312,1,0,0,,
4689253,1,0,0,United Kingdom,11.0
4689254,1,0,0,Germany,192.0
4689332,1,0,0,France,32.0
4689447,1,0,0,Belgium,7.0
4689331,1,0,0,Iceland,9.0
4689286,1,0,0,Sweden,9.0
4689285,1,0,0,Kosovo,584.0
4822527,1,0,0,Suriname,2.0
4822539,1,0,0,Bermuda,36.0
ng2886317,1,0,0,,
4822538,1,0,0,,25.0
ng2886318,1,0,0,,
ng2885472,1,0,0,,
ng2885471,1,0,0,,
4822526,1,0,0,El Salvador,764.0
4689410,1,0,0,Latvia,13.0
4689355,1,0,0,Hungary,112.0
4689487,1,0,0,Norway,102.0
4877425,0,0,1,Qatar,13.0
4689343,1,0,0,Bulgaria,546.0
4689488,1,0,0,Estonia,14.0
4689356,1,0,0,Portugal,82.0
4689344,1,0,0,Spain,78.0
4689411,1,0,0,Serbia,227.0
4877428,0,0,1,Saudi Arabia,7.0
ng2887092,1,0,0,,
ng2887079,1,0,0,,
4689311,1,0,0,San Marino,99.0
4341301,1,0,0,Zambia,1291.0
4689377,1,0,0,Faroe Islands,51.0
4689319,1,0,0,United Kingdom,35.0
4341238,1,0,0,Chad,294.0
4689276,1,0,0,Netherlands,17.0
ng2887734,1,0,0,,
4689275,1,0,0,Lithuania,75.0
4689312,1,0,0,Romania,73.0
4689378,1,0,0,Croatia,170.0
4689320,1,0,0,Denmark,9.0
4341116,1,0,0,Egypt,41.0
4341259,1,0,0,Mali,341.0
4341237,1,0,0,Ghana,18.0
4341114,1,0,0,Burkina Faso,306.0
4341115,0,0,1,Morocco,28.0
ng2887751,1,0,0,,
4341325,1,0,0,Tunisia,8.0
4341339,1,0,0,Equatorial Guinea,74.0
4341338,0,0,1,Tunisia,41.0
4341125,0,0,1,South Sudan,463.0
4341186,1,0,0,Cameroon,767.0
4341188,1,0,0,Cape Verde,209.0
4341193,0,0,1,South Africa,1293.0
4341187,1,0,0,Mauritius,415.0
ng2887752,1,0,0,,
ng2888233,1,0,0,,
4689334,0,0,1,Poland,206.0
4689287,1,0,0,Slovenia,293.0
4689255,1,0,0,United Kingdom,11.0
4689256,1,0,0,Slovakia,145.0
4689288,1,0,0,Sweden,4.0
4689333,1,0,0,Iceland,9.0
4689448,1,0,0,Macedonia [FYROM],250.0
4689449,1,0,0,United Kingdom,11.0
4822554,1,0,0,Honduras,953.0
4822553,1,0,0,Costa Rica,1118.0
ng2860067,1,0,0,,
4341290,0,0,1,Mauritius,415.0
ng2889427,1,0,0,,
4689489,1,0,0,Estonia,14.0
4341368,0,0,1,Algeria,168.0
ng2887803,1,0,0,,
4341369,0,0,1,Morocco,30.0
4341367,1,0,0,Algeria,110.0
4341192,1,0,0,Nigeria,65.0
4341194,1,0,0,South Africa,693.0
ng2887804,1,0,0,,
4877426,1,0,0,Qatar,13.0
ng2887802,1,0,0,,
4689490,1,0,0,Italy,112.0
4689358,1,0,0,Portugal,82.0
4689413,1,0,0,Latvia,13.0
4877429,1,0,0,Saudi Arabia,7.0
4689346,1,0,0,Spain,710.0
4689345,1,0,0,Turkey,27.0
4689357,1,0,0,Ireland,0.0
4689412,1,0,0,Andorra,1242.0
4341126,1,0,0,Congo [DRC],287.0
4341124,1,0,0,Senegal,8.0
4341299,1,0,0,Morocco,15.0
4341291,1,0,0,Gabon,392.0
4341289,1,0,0,Côte d'Ivoire,103.0
4822541,1,0,0,,25.0
4822540,1,0,0,Jamaica,88.0
ng2888684,1,0,0,,
ng2887718,1,0,0,,
4822528,1,0,0,Panama,15.0
ng2887830,1,0,0,,
4822529,1,0,0,El Salvador,764.0
ng2887831,1,0,0,,
ng2897686,1,0,0,,
ng2897714,1,0,0,,
ng2897712,1,0,0,,
ng2899356,1,0,0,,
ng2898640,1,0,0,,
ng2897943,1,0,0,,
ng2898641,1,0,0,,
5013626,0,0,1,Morocco,87.0
5013623,1,0,0,United Arab Emirates,6.0
ng2899113,1,0,0,,
ng2897940,1,0,0,,
ng2897939,1,0,0,,
4689335,1,0,0,Azerbaijan,45.0
4689491,1,0,0,Norway,102.0
ng2897936,1,0,0,,
ng2897937,1,0,0,,
4689359,1,0,0,Armenia,997.0
5013627,0,0,1,Morocco,35.0
4689415,1,0,0,Andorra,1242.0
4689360,1,0,0,Ireland,0.0
4689336,1,0,0,France,32.0
4689416,1,0,0,United Kingdom,46.0
4689492,1,0,0,Moldova,110.0
4822531,1,0,0,Suriname,2.0
4822542,1,0,0,Trinidad and Tobago,5.0
4822543,1,0,0,Bermuda,36.0
ng2897973,1,0,0,,
4822530,1,0,0,Guatemala,1522.0
4822555,1,0,0,,25.0
4822556,1,0,0,Nicaragua,187.0
ng2894260,1,0,0,,
ng2899141,1,0,0,,
ng2899271,1,0,0,,
ng2897976,1,0,0,,
ng2899142,1,0,0,,
ng2899085,1,0,0,,
ng2898993,1,0,0,,
ng2897975,1,0,0,,
4689277,1,0,0,Finland,12.0
ng2899086,1,0,0,,
ng2899307,1,0,0,,
4689258,1,0,0,Slovakia,238.0
4689257,1,0,0,Luxembourg,297.0
4689278,1,0,0,Poland,98.0
4689380,1,0,0,Croatia,188.0
4689379,1,0,0,,31.0
ng2899087,1,0,0,,
ng2899291,1,0,0,,
ng2899280,1,0,0,,
4689450,1,0,0,Kazakhstan,376.0
ng2899276,1,0,0,,
ng2899278,1,0,0,,
ng2899290,1,0,0,,
ng2899144,1,0,0,,
ng2898997,1,0,0,,
4689348,1,0,0,Turkey,102.0
4689451,1,0,0,Liechtenstein,459.0
4689313,1,0,0,Cyprus,143.0
4689347,1,0,0,Georgia,414.0
4689289,1,0,0,Slovenia,293.0
4689290,1,0,0,Switzerland,379.0
4689321,1,0,0,Greece,0.0
4689314,1,0,0,Bosnia and Herzegovina,317.0
4689322,1,0,0,Denmark,9.0
ng2899163,1,0,0,,
ng2899424,1,0,0,,
ng2899162,1,0,0,,
4689361,1,0,0,Hungary,112.0
4689362,1,0,0,Portugal,128.0
4689418,1,0,0,Serbia,227.0
4689338,0,0,1,Poland,90.0
4689337,1,0,0,Azerbaijan,20.0
4689417,1,0,0,Albania,113.0
5013628,0,0,1,Morocco,15.0
4689493,0,1,0,Moldova,110.0
4689494,1,0,0,Italy,139.0
ng2900048,1,0,0,,
ng2899452,1,0,0,,
ng2900046,1,0,0,,
ng2900047,1,0,0,,
ng2900962,1,0,0,,
ng2899998,1,0,0,,
ng2899453,1,0,0,,
4689280,1,0,0,Netherlands,17.0
4689381,1,0,0,Czech Republic,215.0
4689259,1,0,0,United Kingdom,11.0
4689260,1,0,0,Germany,117.0
4689382,1,0,0,Montenegro,49.0
4689279,1,0,0,Malta,103.0
ng2894261,1,0,0,,
ng2900884,1,0,0,,
ng2899759,1,0,0,,
ng2899997,1,0,0,,
ng2900000,1,0,0,,
ng2899760,1,0,0,,
5013624,1,0,0,Iraq,-1.0
ng2900888,1,0,0,,
ng2899996,1,0,0,,
ng2899995,1,0,0,,
ng2899761,1,0,0,,
ng2899991,1,0,0,,
ng2899994,1,0,0,,
ng2899762,1,0,0,,
ng2899763,1,0,0,,
ng2899764,1,0,0,,
ng2899765,1,0,0,,
4689324,1,0,0,United Kingdom,35.0
4689453,1,0,0,United Kingdom,11.0
4689292,1,0,0,Sweden,9.0
4689316,1,0,0,Romania,150.0
4689350,1,0,0,Spain,2.0
4689349,1,0,0,Bulgaria,546.0
4689452,1,0,0,Belgium,59.0
4689291,1,0,0,Kosovo,584.0
4689323,0,0,1,Hungary,149.0
4689315,1,0,0,Austria,175.0
ng2899753,1,0,0,,
4822532,1,0,0,Panama,15.0
4822544,1,0,0,Jamaica,88.0
4822558,1,0,0,,25.0
4822557,1,0,0,Costa Rica,1118.0
4822545,1,0,0,Trinidad and Tobago,5.0
4822533,1,0,0,Guatemala,1522.0
ng2899754,1,0,0,,
ng2899755,1,0,0,,
ng2899993,1,0,0,,
ng2901095,1,0,0,,
ng2909019,1,0,0,,
ng2909017,1,0,0,,
ng2908256,1,0,0,,
ng2909041,1,0,0,,
ng2910588,1,0,0,,
4721983,1,0,0,Morocco,15.0
ng2910619,1,0,0,,
4721984,0,0,1,Morocco,30.0
4721990,0,0,1,Morocco,407.0
4721989,0,0,1,Morocco,139.0
4722002,0,0,1,Morocco,35.0
4722001,0,0,1,Morocco,74.0
4721995,0,0,1,Morocco,468.0
4721996,0,0,1,Morocco,44.0
4722008,0,0,1,Morocco,30.0
4722007,0,0,1,Morocco,87.0
4722013,0,0,1,Morocco,407.0
4722014,0,0,1,Morocco,139.0
4721992,0,0,1,Morocco,407.0
4721991,0,0,1,Morocco,139.0
4721986,0,0,1,Morocco,30.0
4721985,1,0,0,Morocco,15.0
4722004,0,0,1,Morocco,44.0
4722003,0,0,1,Morocco,74.0
4721998,0,0,1,Morocco,35.0
4721997,0,0,1,Morocco,468.0
4722016,0,0,1,Morocco,139.0
4722010,0,0,1,Morocco,30.0
4722009,0,0,1,Morocco,87.0
4722015,0,0,1,Morocco,407.0
4721994,0,0,1,Morocco,407.0
4721993,0,0,1,Morocco,139.0
4721987,0,1,0,Morocco,15.0
4721988,0,0,1,Morocco,30.0
4721999,0,0,1,Morocco,468.0
4722000,0,0,1,Morocco,44.0
4722006,0,0,1,Morocco,35.0
4722005,0,0,1,Morocco,74.0
4722011,0,0,1,Morocco,87.0
4722012,0,0,1,Morocco,30.0
4722018,0,0,1,Morocco,139.0
4722017,0,0,1,Morocco,407.0
5073456,0,0,1,Morocco,74.0
5073457,0,0,1,Morocco,30.0
5073458,1,0,0,Morocco,15.0
5073459,0,0,1,Morocco,35.0
5073460,0,0,1,Morocco,139.0
5073461,0,0,1,Morocco,468.0
5073462,0,0,1,Morocco,87.0
5073463,0,0,1,Morocco,407.0
5073471,0,0,1,Morocco,74.0
5073472,0,1,0,Morocco,15.0
5073473,0,0,1,Morocco,407.0
5073474,0,0,1,Morocco,139.0
5073475,0,0,1,Morocco,74.0
5073476,0,1,0,Morocco,15.0
5073477,0,0,1,Morocco,30.0
5120889,0,0,1,United States,63.0
ng2921818,1,0,0,,
5073478,0,1,0,Morocco,15.0
5142515,1,0,0,Grenada,2.0
ng2921819,1,0,0,,
5120890,1,0,0,Bolivia,1869.0
ng2922974,1,0,0,,
5102655,1,0,0,,
ng2923233,1,0,0,,
ng2927901,1,0,0,,
5102656,1,0,0,,
ng2929814,1,0,0,,
5154229,0,0,1,United Arab Emirates,0.0
ng2945534,1,0,0,,
ng2948179,1,0,0,,
5159787,1,0,0,Mexico,1873.0
5246472,1,0,0,,
ng2958619,1,0,0,,
5267182,1,0,0,Kazakhstan,376.0
5272290,0,0,1,Turkey,7.0
ng2964049,1,0,0,,
5210338,0,0,1,Puerto Rico,15.0
5272311,1,0,0,,
ng2964052,1,0,0,,
5210339,1,0,0,Puerto Rico,15.0
5210342,0,0,1,Rwanda,1625.0
5272727,1,0,0,Vietnam,11.0
ng2964202,1,0,0,,
5210343,0,0,1,Rwanda,1625.0
5124808,1,0,0,Moldova,110.0
ng2965245,1,0,0,,
ng2965248,1,0,0,,
5159758,1,0,0,Cyprus,181.0
5067289,1,0,0,Turkey,10.0
ng2965247,1,0,0,,
5099917,1,0,0,Georgia,480.0
5067287,1,0,0,Italy,267.0
5067288,0,0,1,Spain,16.0
5067294,1,0,0,Czech Republic,217.0
5067292,1,0,0,Poland,98.0
5067291,1,0,0,United Kingdom,11.0
5067293,1,0,0,Slovakia,136.0
5067290,1,0,0,Denmark,9.0
5089476,0,0,1,United States,84.0
ng2962796,1,0,0,,
5276126,1,0,0,,
5276127,1,0,0,,
5276128,0,0,1,Cayman Islands,4.0
5147840,0,0,1,United States,35.0
ng2965178,1,0,0,,
5276130,0,0,1,Dominican Rep.,195.0
5276129,1,0,0,Cayman Islands,4.0
5276131,1,0,0,,
5187284,0,0,1,New Zealand,49.0
5187278,0,0,1,Australia,3.0
5187285,1,0,0,New Zealand,49.0
5187272,0,0,1,Indonesia,46.0
5187279,1,0,0,Australia,3.0
5187288,0,0,1,Uzbekistan,443.0
5277213,0,0,1,Turkey,10.0
ng2965253,1,0,0,,
5187273,1,0,0,Indonesia,46.0
5187289,1,0,0,Uzbekistan,433.0
5277215,1,0,0,,
5277214,1,0,0,,
ng2968777,1,0,0,,
5210337,1,0,0,Azerbaijan,-19.0
ng2968776,1,0,0,,
5210340,0,0,1,Rwanda,1520.0
5277128,1,0,0,Russia,27.0
ng2964103,1,0,0,,
5267352,1,0,0,South Africa,10.0
5166907,1,0,0,Montenegro,49.0
5154117,1,0,0,Austria,175.0
ng2962797,1,0,0,,
ng2965260,1,0,0,,
ng2962798,1,0,0,,
5267632,1,0,0,Saudi Arabia,7.0
5277217,0,0,1,Turkey,10.0
ng2965261,1,0,0,,
ng2967285,1,0,0,,
ng2965263,1,0,0,,
5276132,1,0,0,,
5278189,1,0,0,,
5210341,1,0,0,Rwanda,1520.0
ng2962799,1,0,0,,
5213030,1,0,0,Greece,0.0
ng2965264,1,0,0,,
5250866,0,0,1,Italy,23.0
ng2962800,1,0,0,,
5098972,1,0,0,Switzerland,266.0
ng2962801,1,0,0,,
5124809,1,0,0,United Kingdom,46.0
ng2962802,1,0,0,,
5110541,1,0,0,Netherlands,17.0
ng2963964,1,0,0,,
5249576,1,0,0,Spain,54.0
5217275,0,0,1,Spain,665.0
ng2965265,1,0,0,,
5276133,1,0,0,,
ng2964801,1,0,0,,
5264689,1,0,0,Argentina,10.0
5267183,0,0,1,Kazakhstan,376.0
5276833,0,0,1,Botswana,998.0
ng2965062,1,0,0,,
ng2967135,1,0,0,,
5267218,1,0,0,San Marino,99.0
5272291,0,0,1,Turkey,3.0
ng2967136,1,0,0,,
5267317,0,0,1,United Kingdom,63.0
5276834,1,0,0,Botswana,998.0
5266832,0,0,1,France,33.0
ng2967107,1,0,0,,
ng2967123,1,0,0,,
ng2966700,1,0,0,,
5147837,1,0,0,United Kingdom,35.0
5159759,1,0,0,Hungary,112.0
ng2965064,1,0,0,,
5159760,1,0,0,Canada,83.0
ng2966701,1,0,0,,
ng2967132,1,0,0,,
5276835,1,0,0,Burkina Faso,306.0
5124810,1,0,0,United States,316.0
ng2965199,1,0,0,,
5276694,1,0,0,,
5154124,0,0,1,Canada,83.0
5276695,1,0,0,,
ng2967078,1,0,0,,
5083233,1,0,0,Mexico,2245.0
ng2965198,1,0,0,,
5099918,1,0,0,Lithuania,75.0
ng2967080,1,0,0,,
5277240,0,0,1,Rwanda,1625.0
ng2967079,1,0,0,,
5159761,1,0,0,Armenia,997.0
5277241,0,0,1,Rwanda,1625.0
5276134,1,0,0,,
ng2966699,1,0,0,,
5089478,0,0,1,United States,68.0
5276135,1,0,0,,
5276136,1,0,0,,
5276137,1,0,0,,
5276138,1,0,0,,
5276139,1,0,0,,
5187286,0,0,1,New Zealand,49.0
5187287,1,0,0,New Zealand,49.0
5279321,0,0,1,Indonesia,46.0
5187290,0,0,1,Uzbekistan,443.0
5279322,1,0,0,Indonesia,46.0
5187291,1,0,0,Uzbekistan,433.0
5279687,0,0,1,Rwanda,1520.0
5278490,1,0,0,Azerbaijan,-19.0
5159766,1,0,0,Cyprus,181.0
ng2967076,1,0,0,,
5279688,1,0,0,Rwanda,1520.0
ng2967072,1,0,0,,
5100790,1,0,0,Germany,219.0
5276140,1,0,0,,
5276141,1,0,0,,
5187280,0,0,1,Australia,8.0
5284838,1,0,0,,
ng2969078,1,0,0,,
5187281,1,0,0,Australia,8.0
5187282,1,0,0,Kazakhstan,376.0
5285781,1,0,0,,
5286256,1,0,0,,
ng2969077,1,0,0,,
ng2970918,1,0,0,,
5278190,0,0,1,Morocco,28.0
5285788,1,0,0,,
ng2967044,1,0,0,,
ng2969079,1,0,0,,
5124811,1,0,0,Norway,102.0
5213032,1,0,0,San Marino,99.0
ng2967046,1,0,0,,
5285782,1,0,0,,
5166908,1,0,0,Montenegro,49.0
ng2966702,1,0,0,,
5159765,1,0,0,Serbia,94.0
ng2966687,1,0,0,,
ng2966685,1,0,0,,
5159767,1,0,0,Hungary,112.0
5277129,1,0,0,,
ng2966703,1,0,0,,
ng2966688,1,0,0,,
5159768,0,0,1,Canada,83.0
5284835,1,0,0,,
5267353,1,0,0,South Africa,16.0
ng2969080,1,0,0,,
ng2967028,1,0,0,,
ng2967027,1,0,0,,
5266833,0,0,1,Spain,664.0
5277216,1,0,0,,
5217276,0,0,1,France,42.0
ng2966691,1,0,0,,
ng2967029,1,0,0,,
ng2969081,1,0,0,,
5156668,0,1,0,United Kingdom,1.0
5271629,0,0,1,Italy,281.0
ng2966689,1,0,0,,
ng2966704,1,0,0,,
5067302,1,0,0,Czech Republic,230.0
5067301,1,0,0,Kosovo,584.0
5067299,1,0,0,Bosnia and Herzegovina,317.0
5279525,1,1,0,United Kingdom,11.0
5124812,1,0,0,United Kingdom,46.0
5154118,1,0,0,Austria,175.0
5067300,1,0,0,Sweden,13.0
5110542,1,0,0,Netherlands,14.0
5279747,0,0,1,Spain,16.0
5279749,1,0,0,Slovakia,136.0
ng2965065,1,0,0,,
ng2966690,1,0,0,,
5279748,1,0,0,Ireland,0.0
ng2965063,1,0,0,,
ng2970619,1,0,0,,
ng2966686,1,0,0,,
5285787,1,0,0,Senegal,8.0
5285789,1,0,0,,
5137675,1,0,0,Spain,18.0
ng2968669,1,0,0,,
ng2966692,1,0,0,,
5083234,1,0,0,United States,316.0
ng2966693,1,0,0,,
5266496,1,0,0,Argentina,10.0
ng2966695,1,0,0,,
5110104,0,0,1,United States,35.0
ng2966697,1,0,0,,
5154125,1,0,0,Canada,83.0
ng2966698,1,0,0,,
5124813,0,0,1,United States,186.0
ng2966696,1,0,0,,
ng2985880,1,0,0,,
5449531,0,0,1,Spain,110.0
5217284,1,0,0,Mexico,2220.0
ng2987498,1,0,0,,
ng2989544,1,0,0,,
5604659,1,0,0,,
5628896,0,0,1,United Kingdom,6.0
ng2988766,1,0,0,,
5293168,0,0,1,United Kingdom,6.0
ng2989105,1,0,0,,
ng2989559,1,0,0,,
5451193,1,0,0,Egypt,41.0
ng2990343,1,0,0,,
5213041,1,0,0,Ireland,0.0
5628832,0,0,1,Turkey,10.0
ng2989590,1,0,0,,
ng2989591,1,0,0,,
5628898,0,0,1,Spain,103.0
ng2989592,1,0,0,,
5628897,1,0,0,South Africa,1654.0
ng2989594,1,0,0,,
5648176,1,0,0,Bosnia and Herzegovina,572.0
5147838,1,0,0,United Kingdom,35.0
ng2990195,1,0,0,,
ng2991460,1,0,0,,
5702911,0,0,1,United Kingdom,6.0
ng2991461,1,0,0,,
5702912,0,0,1,United Kingdom,6.0
5628899,0,0,1,United States,5.0
ng2991032,1,0,0,,
5628900,0,0,1,United States,1404.0
ng2990196,1,0,0,,
5217285,0,0,1,United States,251.0
ng2989242,1,0,0,,
5418293,1,0,0,Japan,35.0
ng2989238,1,0,0,,
ng2990731,1,0,0,,
5629004,1,0,0,Singapore,10.0
5418294,1,0,0,Switzerland,656.0
ng2990636,1,0,0,,
5629006,1,0,0,Czech Republic,230.0
ng2990733,1,0,0,,
5667645,0,0,1,Portugal,45.0
ng2990732,1,0,0,,
5648177,1,0,0,Poland,114.0
ng2990735,1,0,0,,
ng2990342,1,0,0,,
5084826,1,0,0,Germany,130.0
5098971,1,0,0,United States,220.0
ng2990737,1,0,0,,
5629007,1,0,0,Brazil,15.0
ng2990736,1,0,0,,
5477263,1,0,0,Slovakia,116.0
5729574,1,0,0,Maldives,5.0
5343851,1,0,0,Bulgaria,155.0
ng2990751,1,0,0,,
ng2990752,1,0,0,,
ng2990753,1,0,0,,
5269692,1,0,0,Norway,102.0
ng2990754,1,0,0,,
ng2990755,1,0,0,,
5483930,1,0,0,Turkey,4.0
5154119,1,0,0,Austria,175.0
ng2990756,1,0,0,,
5629008,1,0,0,Colombia,2555.0
ng2987710,1,0,0,,
5142040,1,0,0,Canada,652.0
ng2990758,1,0,0,,
ng2990964,1,0,0,,
5147839,1,0,0,Croatia,188.0
5604660,1,0,0,Morocco,15.0
ng2991065,1,0,0,,
ng2991066,1,0,0,,
5288934,1,0,0,Georgia,480.0
ng2990965,1,0,0,,
5226683,1,0,0,United Kingdom,11.0
ng2991224,1,0,0,,
5629010,0,0,1,United States,5.0
5729569,1,0,0,Philippines,4.0
5648186,1,0,0,,31.0
ng2991298,1,0,0,,
5477264,1,0,0,Albania,113.0
ng2987708,1,0,0,,
ng2991300,1,0,0,,
5425678,0,0,1,Belgium,59.0
5477265,1,0,0,Luxembourg,297.0
ng2973387,1,0,0,,
ng2990966,1,0,0,,
ng2991302,1,0,0,,
5293169,1,0,0,Poland,98.0
5212021,1,0,0,Netherlands,3.0
ng2991309,1,0,0,,
5729607,1,0,0,Panama,15.0
5628901,0,0,1,United States,1404.0
ng2991310,1,0,0,,
5729576,1,0,0,Maldives,5.0
ng2992313,1,0,0,,
5729608,1,0,0,Cambodia,10.0
ng2991482,1,0,0,,
ng2991713,1,0,0,,
5729609,1,0,0,,
5418295,1,0,0,Slovenia,293.0
5451162,0,0,1,Spain,4.0
ng2991488,1,0,0,,
ng2991709,1,0,0,,
5739432,0,0,1,Turkey,10.0
ng2992819,1,0,0,,
ng2991711,1,0,0,,
5418296,1,0,0,Sweden,13.0
ng2991516,1,0,0,,
5648187,1,0,0,Andorra,1242.0
ng2990967,1,0,0,,
5451161,1,0,0,Spain,23.0
5246832,1,0,0,France,30.0
ng2960519,1,0,0,,
ng2991736,1,0,0,,
5406267,0,0,1,United States,5.0
5217286,1,0,0,Mexico,2678.0
ng2991515,1,0,0,,
5629005,1,0,0,Singapore,10.0
ng2987712,1,0,0,,
ng2992317,1,0,0,,
5737466,1,0,0,Hong Kong,28.0
5737468,1,0,0,Thailand,2.0
ng2992320,1,0,0,,
5737469,1,0,0,Indonesia,46.0
ng2991741,1,0,0,,
5737470,1,0,0,Tajikistan,713.0
ng2991744,1,0,0,,
ng2991745,1,0,0,,
ng2991746,1,0,0,,
5648188,1,0,0,,
5418298,1,0,0,Georgia,480.0
5477266,1,0,0,Slovakia,238.0
ng2991749,1,0,0,,
5477267,1,0,0,San Marino,99.0
5451191,1,0,0,Russia,26.0
ng2991750,1,0,0,,
5296858,1,0,0,Moldova,110.0
ng2991751,1,0,0,,
ng2992659,1,0,0,,
ng2991753,1,0,0,,
5418299,1,0,0,Hungary,112.0
5737464,1,0,0,,
5744890,1,0,0,,
5477268,0,0,1,Hungary,213.0
ng2991754,1,0,0,,
ng2992316,1,0,0,,
ng2993028,1,0,0,,
5737472,0,0,1,Morocco,28.0
ng2993029,1,0,0,,
5729928,1,0,0,Paraguay,97.0
ng2991758,1,0,0,,
5737559,0,0,1,United States,233.0
ng2991759,1,0,0,,
ng2991518,1,0,0,,
5418305,1,0,0,Canada,41.0
ng2991399,1,0,0,,
5729844,0,0,1,United States,2.0
5737560,1,0,0,,
ng2992745,1,0,0,,
5729570,1,0,0,,
5154126,1,0,0,Belgium,52.0
5418301,1,0,0,Lithuania,75.0
ng2991521,1,0,0,,
5280710,1,0,0,Armenia,997.0
ng2992173,1,0,0,,
5729572,1,0,0,,
ng2993033,1,0,0,,
5418302,1,0,0,Estonia,4.0
5737562,1,0,0,,
ng2993567,1,0,0,,
5737566,1,0,0,Sierra Leone,82.0
ng2992181,1,0,0,,
5748881,1,0,0,,
5648189,1,0,0,,31.0
ng2992182,1,0,0,,
ng2992183,1,0,0,,
ng2991517,1,0,0,,
ng2992184,1,0,0,,
5338000,1,0,0,Romania,88.0
5418304,1,0,0,Portugal,45.0
5477269,1,0,0,Albania,113.0
ng2992185,1,0,0,,
5084645,1,0,0,United States,186.0
ng2991519,1,0,0,,
5418306,0,0,1,United States,19.0
5737313,0,0,1,United States,146.0
ng2992594,1,0,0,,
ng2992186,1,0,0,,
5418303,0,0,1,United States,5.0
5213042,0,0,1,United States,15.0
5406266,0,0,1,United States,63.0
5737568,0,0,1,United States,10.0
ng2991520,1,0,0,,
ng2992187,1,0,0,,
ng2992188,1,0,0,,
ng2991395,1,0,0,,
5745231,1,0,0,,
ng2993385,1,0,0,,
5483931,1,0,0,,
5667813,0,0,1,United States,180.0
ng2992192,1,0,0,,
ng2992498,1,0,0,,
5656195,0,0,1,United States,108.0
5737596,1,0,0,,25.0
ng2992191,1,0,0,,
ng2992205,1,0,0,,
ng2993061,1,0,0,,
5729579,0,0,1,Maldives,5.0
5737597,0,0,1,Indonesia,46.0
5648190,1,0,0,Liechtenstein,459.0
ng2992756,1,0,0,,
ng2993068,1,0,0,,
5729610,0,0,1,South Africa,1422.0
ng2993067,1,0,0,,
ng2992881,1,0,0,,
5662444,1,0,0,Kosovo,584.0
5159769,1,0,0,Croatia,170.0
ng2991936,1,0,0,,
5477270,1,0,0,Greece,10.0
5333656,0,0,1,United States,5.0
ng2991589,1,0,0,,
ng2991937,1,0,0,,
ng2992561,1,0,0,,
5349852,0,0,1,United States,218.0
ng2987711,1,0,0,,
5629009,0,0,1,United States,19.0
5751716,1,0,0,,
ng2994471,1,0,0,,
5648191,0,0,1,United States,4.0
ng2992781,1,0,0,,
5737473,0,0,1,Morocco,52.0
ng2992318,1,0,0,,
5344896,1,0,0,France,43.0
ng2991406,1,0,0,,
ng2991398,1,0,0,,
5293453,0,0,1,Mexico,2220.0
5737561,1,0,0,Vanuatu,38.0
ng2993578,1,0,0,,
ng2992888,1,0,0,,
5729571,1,0,0,Philippines,4.0
ng2993100,1,0,0,,
ng2987713,1,0,0,,
5737634,1,0,0,China,48.0
5737467,1,0,0,Cambodia,10.0
ng2993101,1,0,0,,
5747553,1,0,0,Indonesia,46.0
ng2993103,1,0,0,,
ng2993119,1,0,0,,
5729573,1,0,0,Kyrgyzstan,747.0
5737563,1,0,0,,
ng2992891,1,0,0,,
ng2992893,1,0,0,,
5280711,1,0,0,Armenia,997.0
5754083,1,0,0,Latvia,7.0
ng2994594,1,0,0,,
5737471,1,0,0,Tajikistan,850.0
ng2992885,1,0,0,,
5754084,1,0,0,Estonia,14.0
5737637,0,0,1,France,107.0
ng2993104,1,0,0,,
ng2994595,1,0,0,,
ng2992883,1,0,0,,
5662445,1,0,0,,
ng2992890,1,0,0,,
5418308,1,0,0,Hungary,124.0
5737465,1,0,0,,
5451192,1,0,0,Russia,1.0
ng2992894,1,0,0,,
ng2992884,1,0,0,,
5477271,0,0,1,Hungary,213.0
5754959,1,0,0,,
ng2992898,1,0,0,,
ng2992886,1,0,0,,
5737567,1,0,0,Liberia,9.0
ng2993113,1,0,0,,
5737639,1,0,0,,
ng2992887,1,0,0,,
ng2992897,1,0,0,,
5418307,0,0,1,United States,195.0
5737640,1,0,0,,
ng2992899,1,0,0,,
ng2994706,1,0,0,,
5765484,1,0,0,,
5293170,1,0,0,Portugal,32.0
ng2992900,1,0,0,,
5213043,0,0,1,United States,31.0
ng2991396,1,0,0,,
5736393,0,0,1,United States,298.0
ng2994713,1,0,0,,
4667751,1,0,0,Mexico,2245.0
4667752,0,0,1,Mexico,1675.0
4667757,1,0,0,Canada,83.0
4667771,1,0,0,United States,44.0
4667758,0,0,1,United States,3.0
4667764,0,0,1,United States,4.0
4667765,0,0,1,United States,84.0
4667772,0,0,1,Canada,18.0
4667777,0,0,1,United States,18.0
4667783,0,0,1,United States,193.0
4667778,0,0,1,United States,0.0
4667784,0,0,1,Mexico,494.0
4667798,0,0,1,United States,316.0
4667790,0,0,1,United States,11.0
4667799,0,0,1,United States,5.0
4667791,0,0,1,United States,44.0
4667804,0,0,1,United States,4.0
4667805,0,0,1,United States,84.0
4667812,0,0,1,United States,259.0
4667813,0,0,1,United States,3.0
4667819,0,0,1,United States,18.0
4667825,0,0,1,United States,193.0
4667826,0,0,1,Canada,83.0
4667820,0,0,1,Mexico,2245.0
4667753,0,0,1,United States,316.0
4667759,0,0,1,United States,44.0
4667760,1,0,0,Canada,18.0
4667754,1,0,0,Mexico,1675.0
4667774,1,0,0,United States,11.0
4667766,0,0,1,United States,84.0
4667767,0,0,1,United States,0.0
4667773,0,0,1,United States,3.0
4667786,0,0,1,United States,18.0
4667780,0,0,1,Canada,83.0
4667779,0,0,1,United States,259.0
4667785,0,0,1,Mexico,494.0
4667801,0,0,1,United States,316.0
4667793,0,0,1,United States,44.0
4667800,0,0,1,United States,5.0
4667792,0,0,1,Canada,18.0
4667815,0,0,1,United States,193.0
4667807,0,0,1,United States,0.0
4667806,0,0,1,United States,4.0
4667814,0,0,1,United States,3.0
4667822,0,0,1,United States,18.0
4667828,0,0,1,United States,84.0
4667827,0,0,1,Canada,83.0
4667821,0,0,1,Mexico,1675.0
4667762,0,0,1,United States,11.0
4667761,0,1,0,Canada,18.0
4667769,0,0,1,United States,316.0
4667768,0,0,1,United States,5.0
4667756,0,0,1,Mexico,494.0
4667755,0,1,0,Mexico,2245.0
4667782,0,0,1,United States,0.0
4667781,0,0,1,United States,4.0
4667788,0,0,1,United States,193.0
4667787,0,0,1,United States,259.0
4667775,0,1,0,United States,44.0
4667776,0,0,1,United States,3.0
4667808,0,0,1,United States,84.0
4667809,0,0,1,Canada,83.0
4667802,0,0,1,Mexico,1675.0
4667803,0,0,1,United States,18.0
4667795,0,0,1,United States,11.0
4667794,0,0,1,Canada,18.0
4667830,0,0,1,United States,0.0
4667829,0,0,1,United States,4.0
4667823,0,0,1,United States,5.0
4667824,0,0,1,United States,316.0
4667817,0,0,1,United States,259.0
4667816,0,0,1,United States,193.0
4653705,0,0,1,United States,44.0
4653711,0,0,1,United States,18.0
4653703,0,0,1,United States,84.0
4653706,0,0,1,Mexico,494.0
4653712,0,0,1,United States,193.0
4653704,0,0,1,United States,4.0
4653713,1,0,0,Mexico,2245.0
4653714,0,0,1,United States,316.0
4653710,0,0,1,United States,11.0
4653709,1,0,0,United States,3.0
4653708,0,0,1,United States,44.0
4653707,0,0,1,Canada,83.0
4653717,0,0,1,Canada,18.0
4653716,0,0,1,United States,193.0
4653715,0,0,1,United States,5.0
4653718,0,0,1,United States,259.0
4653843,0,0,1,United States,18.0
4653842,0,0,1,United States,0.0
4653846,0,0,1,United States,4.0
4653847,1,0,0,Mexico,2245.0
4653844,0,0,1,United States,193.0
4653845,1,0,0,United States,11.0
4653848,0,0,1,United States,316.0
4653849,0,0,1,Canada,18.0
4653851,0,0,1,United States,84.0
4653853,0,0,1,United States,44.0
4653852,0,0,1,United States,5.0
4653854,0,0,1,United States,259.0
4653855,0,0,1,United States,193.0
4653856,0,0,1,United States,316.0
5924775,1,0,0,Vietnam,30.0
ng3034962,1,0,0,,
4653857,0,0,1,United States,5.0
4653858,0,0,1,United States,4.0
6280187,1,0,0,,
6280188,1,0,0,,
ng3092615,1,0,0,,
