mid,temp,rhum,rain,rain_pre,wind,gust,coco,station,km
3609929,19.549999999999997,72.0,,,9.2,29.6,3.0,03672,11.0
3609960,22.450000000000003,49.5,,,17.5,31.5,3.0,03672,11.0
3609980,17.9,84.5,,,1.8,16.7,4.0,03672,11.0
3610001,15.45,81.5,,,7.6,14.8,3.0,03672,11.0
3610010,15.05,62.0,,,22.3,33.3,4.0,03672,11.0
3610030,12.6,71.0,,,28.6,40.8,4.0,03672,11.0
3610050,3.1500000000000004,55.0,,,14.8,27.8,2.0,03672,11.0
3610081,4.0,78.5,,,17.5,22.2,2.0,03672,11.0
3610121,12.55,86.5,,,14.799999999999999,31.5,4.0,03672,11.0
3610131,11.35,90.5,,,18.55,37.0,7.0,03672,11.0
3610091,4.05,82.0,,,13.9,16.7,2.0,03672,11.0
3610151,5.85,75.5,,,13.9,22.2,4.0,03672,11.0
3610170,7.800000000000001,63.0,,,24.1,40.8,3.0,03672,11.0
3610191,10.15,46.0,,,22.3,31.5,2.0,03672,11.0
3610211,11.85,56.0,,,25.9,40.8,3.0,03672,11.0
3610247,13.399999999999999,41.5,,,13.0,25.9,3.0,03672,11.0
3610268,14.85,57.0,,,29.7,50.0,3.0,03672,11.0
3610288,17.85,60.5,,,13.0,25.9,3.0,03672,11.0
3610301,22.4,42.0,,,13.0,24.1,3.0,03672,11.0
3900944,33.45,20.0,0.0,0.0,16.6,24.1,2.0,03672,11.0
3900964,24.35,42.0,0.0,0.0,14.8,20.4,2.0,03672,11.0
3900983,21.6,77.5,0.0,0.0,12.1,29.6,3.0,03672,11.0
3901003,16.2,53.5,0.0,0.0,20.35,33.3,4.0,03672,11.0
3901033,12.0,94.0,0.0,0.2,10.3,14.8,3.0,03672,11.0
3901044,14.6,80.5,0.0,0.0,26.8,40.8,3.0,03672,11.0
3901064,21.3,68.5,0.0,0.0,14.8,27.8,3.0,03672,11.0
3901094,7.699999999999999,69.5,0.0,0.2,18.4,33.3,2.0,03672,11.0
3901114,3.75,82.5,0.0,0.0,1.8,13.0,2.0,03672,11.0
3901123,7.65,72.0,0.0,1.4,25.9,44.5,3.0,03672,11.0
3901143,9.25,67.5,0.0,0.0,10.3,22.2,4.0,03672,11.0
3901163,13.0,73.5,0.0,0.0,31.7,44.5,4.0,03672,11.0
3901184,5.6,92.0,0.0,2.0,11.2,24.1,7.0,03672,11.0
3901204,13.6,67.0,0.0,1.5999999999999999,6.5,18.5,7.0,03672,11.0
3901223,15.100000000000001,45.0,0.0,0.0,8.3,14.8,3.0,03672,11.0
3901244,12.600000000000001,58.0,0.0,0.0,11.2,25.9,4.0,03672,11.0
3901264,18.25,47.5,0.0,0.0,5.4,14.8,3.0,03672,11.0
3901284,19.25,58.0,0.0,0.0,6.5,20.4,3.0,03672,11.0
3901304,21.1,42.0,0.0,0.0,25.9,40.8,3.0,03672,11.0
4193457,21.5,55.5,0.0,0.0,25.9,37.0,3.0,03672,11.0
4193482,18.15,60.0,0.0,0.0,19.45,25.9,18.0,03672,11.0
4193491,23.700000000000003,57.5,0.0,0.0,17.5,24.1,3.0,03672,11.0
4193511,16.55,53.5,0.0,0.0,13.0,25.9,4.0,03672,11.0
4193542,14.6,85.5,0.0,1.6,13.850000000000001,22.2,7.0,03672,11.0
4193560,12.2,80.5,0.2,1.2,17.5,24.1,18.0,03672,11.0
4193651,2.25,78.0,0.0,0.0,7.4,14.8,1.0,03672,11.0
4193663,-0.9,96.0,0.0,0.0,7.6,13.0,5.0,03672,11.0
4193693,10.6,73.5,0.0,0.0,24.1,35.2,3.0,03672,11.0
4193713,10.2,85.0,0.0,2.0,21.4,44.5,7.0,03672,11.0
4193733,4.9,63.5,0.0,0.0,19.45,31.5,4.0,03672,11.0
4193753,11.05,74.5,0.0,0.0,27.7,40.8,4.0,03672,11.0
4193771,12.75,89.0,0.0,0.4,13.0,24.1,7.0,03672,11.0
4193791,7.65,73.5,0.2,9.0,18.55,25.9,17.0,03672,11.0
4193823,6.5,76.0,0.0,0.0,4.0,18.5,2.0,03672,11.0
4193833,11.75,67.5,0.0,0.6,23.25,42.6,3.0,03672,11.0
4193853,20.4,43.0,0.0,0.0,26.8,44.5,3.0,03672,11.0
4193882,16.85,55.5,0.0,0.0,10.3,16.7,3.0,03672,11.0
4193902,22.05,46.5,0.0,0.0,18.4,35.2,2.0,03672,11.0
4506270,22.6,42.0,0.0,0.0,14.8,29.6,2.0,03672,11.0
4506284,19.950000000000003,55.0,0.0,0.0,27.7,24.1,2.0,03672,11.0
4506315,14.35,50.0,0.0,0.0,13.0,22.2,3.0,03672,11.0
4506325,17.05,51.5,0.0,0.0,19.45,33.3,3.0,03672,11.0
4506405,14.8,86.5,0.0,0.0,6.5,13.0,4.0,03672,11.0
4506473,8.05,73.5,0.0,0.0,8.5,11.1,4.0,03672,11.0
4506408,14.0,85.5,0.0,0.0,11.2,24.1,4.0,03672,11.0
4506434,6.6,84.5,0.2,5.6000000000000005,41.75,70.4,7.0,03672,11.0
4506454,12.0,88.0,0.2,0.2,26.8,50.0,7.0,03672,11.0
4506494,5.95,92.5,0.6000000000000001,8.6,21.2,31.5,8.0,03672,11.0
4506514,8.35,91.0,0.0,0.0,4.15,14.8,5.0,03672,11.0
4506524,2.4000000000000004,85.5,0.0,0.0,7.0,14.8,5.0,03672,11.0
4506615,9.0,60.5,0.0,0.0,11.7,20.4,1.0,03672,11.0
4506333,4.95,88.0,0.0,2.5,8.1,24.1,3.0,03672,11.0
4506343,15.05,52.0,0.0,0.0,13.65,29.6,1.0,03672,11.0
4506374,15.0,33.5,0.0,0.0,22.0,35.2,1.0,03672,11.0
4506544,16.15,50.0,,,17.6,29.6,3.0,03672,11.0
4506565,13.0,45.5,0.0,0.0,25.0,35.2,4.0,03672,11.0
4506585,17.0,50.0,0.0,0.0,14.0,22.2,3.0,03672,11.0
4813387,22.0,45.0,0.0,0.0,3.0,14.8,4.0,03672,11.0
4813407,12.0,79.5,0.0,0.7,11.0,25.9,2.0,03672,11.0
4813426,18.0,54.0,0.0,0.0,18.0,27.8,2.0,03672,11.0
4813438,15.5,59.0,0.0,0.0,23.0,38.9,4.0,03672,11.0
4813458,7.0,76.0,0.0,0.0,16.0,25.9,1.0,03672,11.0
4813476,14.0,74.5,0.0,0.0,17.0,27.8,4.0,03672,11.0
4813496,6.5,90.0,0.0,7.1000000000000005,12.0,31.5,7.0,03672,11.0
4813526,9.5,87.0,0.0,0.0,17.0,35.2,4.0,03672,11.0
4813546,7.0,78.5,0.0,0.0,24.5,42.6,4.0,03672,11.0
4813556,3.5,78.0,0.0,0.0,18.5,29.6,2.0,03672,11.0
4813577,2.0,84.0,0.0,0.0,11.0,22.2,4.0,03672,11.0
4813597,7.5,84.0,0.2,0.6000000000000001,19.0,29.6,7.0,03672,11.0
4813626,6.65,89.5,,1.1,11.1,20.4,7.0,03672,11.0
4813636,14.0,79.5,0.0,0.0,20.0,37.0,7.0,03672,11.0
4813666,,,,,,,,03672,11.0
4813686,,,,,,,,03672,11.0
4813696,,,,,,,,03672,11.0
4813718,,,,,,,,03672,11.0
4813738,,,,,,,,03672,11.0
3609934,17.0,72.5,,,13.0,22.2,4.0,03334,12.2
3609966,18.5,75.5,,,17.5,31.5,4.0,03334,12.2
3609986,18.0,97.0,,,6.5,16.7,4.0,03334,12.2
3609995,10.5,87.5,,,12.1,46.3,7.0,03334,12.2
3610016,13.0,88.0,,,12.1,37.0,4.0,03334,12.2
3610036,13.0,77.0,,,21.4,38.9,5.0,03334,12.2
3610065,1.0,83.5,,,5.4,16.7,4.0,03334,12.2
3610072,6.5,76.0,,,11.2,33.3,3.0,03334,12.2
3610128,14.0,82.0,,,19.45,44.5,7.0,03334,12.2
3610137,8.5,84.5,,,13.0,27.8,2.0,03334,12.2
3610157,6.5,96.5,,,11.2,14.8,4.0,03334,12.2
3610175,6.0,81.0,,,17.65,51.8,7.0,03334,12.2
3610103,6.5,81.0,,,9.4,27.8,7.0,03334,12.2
3610197,9.0,62.0,,,14.8,46.3,3.0,03334,12.2
3610217,10.0,62.0,,,13.0,44.5,3.0,03334,12.2
3610233,8.0,44.5,,,12.100000000000001,20.4,2.0,03334,12.2
3610256,20.0,56.0,,,14.8,33.3,3.0,03334,12.2
3610296,9.0,64.0,,,5.6,18.5,4.0,03334,12.2
3610276,12.0,91.0,,,13.0,16.7,4.0,03334,12.2
3900940,20.5,52.5,0.0,0.0,20.35,29.6,3.0,03334,12.2
3900958,18.0,94.0,0.1,3.6,3.6,20.4,4.0,03334,12.2
3900987,23.0,63.0,0.0,0.0,11.2,38.9,3.0,03334,12.2
3901038,12.0,64.5,0.0,0.0,4.5,25.9,2.0,03334,12.2
3901051,12.0,77.0,0.1,11.5,19.45,46.3,7.0,03334,12.2
3901070,14.0,72.0,0.0,1.5,13.9,37.0,3.0,03334,12.2
3901100,8.0,93.0,0.8999999999999999,4.5,18.55,40.8,8.0,03334,12.2
3901120,12.0,91.0,2.3,1.2000000000000002,17.5,42.6,8.0,03334,12.2
3901127,7.0,81.0,0.2,2.0,23.2,35.2,7.0,03334,12.2
3901147,8.0,87.0,0.0,0.0,12.1,22.2,4.0,03334,12.2
3901007,4.0,75.0,0.0,0.0,11.2,25.9,3.0,03334,12.2
3901167,10.5,71.5,0.0,0.0,16.75,29.6,3.0,03334,12.2
3901198,12.0,67.0,0.0,0.0,26.799999999999997,37.0,4.0,03334,12.2
3901178,9.5,97.0,0.6000000000000001,1.3,8.5,24.1,7.0,03334,12.2
3901228,13.5,41.0,0.0,0.0,7.4,22.2,3.0,03334,12.2
3901270,12.0,91.0,0.1,1.3,11.2,31.5,7.0,03334,12.2
3901290,18.0,54.0,0.0,0.0,6.5,13.0,2.0,03334,12.2
3901250,16.0,46.5,0.0,0.1,9.399999999999999,18.5,3.0,03334,12.2
3901310,18.5,58.0,0.0,0.30000000000000004,17.5,27.8,4.0,03334,12.2
4193459,16.0,91.0,0.0,2.1,18.55,27.8,4.0,03334,12.2
4193487,17.0,72.0,0.3,0.30000000000000004,13.0,22.2,17.0,03334,12.2
4193504,17.0,83.0,0.0,0.0,21.4,27.8,4.0,03334,12.2
4193524,13.0,85.0,2.4000000000000004,1.9,8.3,27.8,8.0,03334,12.2
4193537,20.0,73.0,0.0,0.0,9.4,25.9,3.0,03334,12.2
4193557,13.0,72.0,0.0,0.0,5.6,22.2,3.0,03334,12.2
4193577,8.5,73.5,0.0,0.0,0.9,11.1,2.0,03334,12.2
4193680,4.0,78.0,0.0,0.0,13.0,33.3,7.0,03334,12.2
4193687,9.0,87.0,2.8,4.0,29.7,46.3,8.0,03334,12.2
4193718,5.0,87.0,0.0,0.0,3.6,16.7,4.0,03334,12.2
4193738,3.5,78.0,0.0,0.2,12.1,18.5,3.0,03334,12.2
4193758,13.0,77.0,0.4,0.2,27.7,44.5,4.0,03334,12.2
4193788,7.5,73.5,0.5,0.0,7.6,16.7,3.0,03334,12.2
4193808,8.5,81.5,0.0,0.2,18.55,38.9,4.0,03334,12.2
4193847,13.5,72.0,3.8,0.6000000000000001,27.0,59.3,7.0,03334,12.2
4193818,8.5,57.0,0.0,0.0,14.799999999999999,20.4,2.0,03334,12.2
4193875,11.0,56.0,0.1,0.0,15.700000000000001,25.9,4.0,03334,12.2
4193895,23.5,50.0,1.0,0.1,9.4,33.3,7.0,03334,12.2
4193867,14.0,91.0,0.0,1.4000000000000001,5.4,24.1,4.0,03334,12.2
4506263,16.0,63.0,0.0,0.0,9.2,20.4,2.0,03334,12.2
4506289,19.0,83.0,,,10.100000000000001,29.6,3.0,03334,12.2
4506319,13.5,65.0,0.0,0.0,13.9,46.3,4.0,03334,12.2
4506397,14.5,65.0,0.0,0.30000000000000004,10.3,22.2,2.0,03334,12.2
4506467,10.0,82.0,0.0,0.0,3.6,18.5,4.0,03334,12.2
4506478,12.0,97.0,0.0,0.0,6.5,18.5,4.0,03334,12.2
4506418,13.0,88.0,0.1,4.7,11.0,31.5,7.0,03334,12.2
4506440,6.0,87.0,1.0,0.8,37.1,64.8,7.0,03334,12.2
4506460,7.0,76.0,0.1,8.700000000000001,29.7,53.7,7.0,03334,12.2
4506500,8.5,84.5,0.0,0.0,12.100000000000001,29.6,4.0,03334,12.2
4506522,4.0,84.0,0.0,0.0,8.5,24.1,4.0,03334,12.2
4506529,2.0,84.0,0.0,0.0,10.3,24.1,4.0,03334,12.2
4506619,7.0,71.0,0.0,0.0,9.399999999999999,33.3,4.0,03334,12.2
4506342,6.0,84.0,0.0,3.4,20.5,20.4,7.0,03334,12.2
4506348,15.5,48.0,0.0,0.0,11.2,29.6,2.0,03334,12.2
4506380,15.0,34.5,0.0,0.0,11.0,31.5,1.0,03334,12.2
4506550,14.1,58.5,,,13.9,25.9,4.0,03334,12.2
4506577,23.0,29.0,0.0,0.0,12.0,27.8,1.0,03334,12.2
4506597,12.5,77.0,0.3,0.8,26.0,46.3,4.0,03334,12.2
4813382,21.5,62.5,0.0,0.0,14.0,29.6,1.0,03334,12.2
4813400,17.5,80.5,0.6,0.0,12.0,42.6,7.0,03334,12.2
4813421,11.5,94.0,5.3,8.5,26.0,22.2,9.0,03334,12.2
4813442,13.0,77.0,2.4,6.3999999999999995,38.0,53.7,7.0,03334,12.2
4813462,8.0,64.0,0.0,0.0,14.0,38.9,2.0,03334,12.2
4813492,5.5,81.0,0.0,0.0,12.0,27.8,4.0,03334,12.2
4813512,4.5,87.0,0.0,8.6,6.0,20.4,7.0,03334,12.2
4813531,7.0,90.0,0.4,7.999999999999999,6.0,14.8,7.0,03334,12.2
4813551,4.0,81.0,0.0,0.0,11.0,24.1,1.0,03334,12.2
4813561,3.0,78.0,0.0,0.0,6.5,13.0,4.0,03334,12.2
4813590,8.0,78.5,0.0,0.0,9.0,24.1,4.0,03334,12.2
4813610,8.0,84.0,0.3,0.0,6.0,14.8,7.0,03334,12.2
4813622,9.0,84.5,3.0,0.0,11.0,31.5,7.0,03334,12.2
4813652,12.45,73.5,0.0,0.0,27.8,42.6,4.0,03334,12.2
4813671,,,,,,,,03334,12.2
4813691,,,,,,,,03334,12.2
4813711,,,,,,,,03334,12.2
4813722,,,,,,,,03334,12.2
4813742,,,,,,,,03334,12.2
3609930,16.5,70.0,0.0,0.0,24.1,,,EGNM0,39.0
3609951,15.0,72.0,0.0,0.0,17.5,,,EGNM0,39.0
3609971,20.0,60.0,0.0,0.0,13.9,,,EGNM0,39.0
3609990,9.0,100.0,1.0,0.5,20.35,,,EGNM0,39.0
3610020,10.0,79.0,0.0,3.3,25.0,,,EGNM0,39.0
3610040,10.0,90.5,0.1,0.0,21.25,,,EGNM0,39.0
3610083,12.0,85.0,0.0,0.0,19.45,,,EGNM0,39.0
3610093,7.0,93.0,3.0999999999999996,4.0,44.6,,,EGNM0,39.0
3610162,9.0,97.0,0.30000000000000004,0.4,24.1,,,EGNM0,39.0
3610171,7.0,93.0,2.7,2.8000000000000003,24.1,,,EGNM0,39.0
3610052,7.5,84.0,0.5,0.0,32.4,,,EGNM0,39.0
3610142,3.0,90.0,0.0,0.0,14.8,,,EGNM0,39.0
3610201,4.5,84.0,0.0,0.0,30.6,,,EGNM0,39.0
3610238,6.0,59.0,0.2,0.30000000000000004,13.0,,,EGNM0,39.0
3610112,8.5,76.0,0.0,1.2000000000000002,25.9,,,EGNM0,39.0
3610221,11.0,60.0,0.0,0.0,19.450000000000003,,,EGNM0,39.0
3610266,12.0,62.5,0.0,0.0,25.0,,,EGNM0,39.0
3610286,13.0,72.0,0.6000000000000001,0.1,13.9,,,EGNM0,39.0
3610303,17.5,66.0,0.0,0.0,23.200000000000003,,,EGNM0,39.0
4193450,19.0,58.5,0.0,0.0,15.700000000000001,,3.0,EGNM0,39.0
4193484,16.0,74.5,1.8,0.4,31.7,,9.0,EGNM0,39.0
4193493,21.0,58.0,0.2,0.0,7.6,,7.0,EGNM0,39.0
4193513,10.5,73.5,0.0,0.0,9.4,,3.0,EGNM0,39.0
4193532,20.0,73.0,0.0,0.1,21.25,,3.0,EGNM0,39.0
4193561,7.0,100.0,0.5,0.4,16.6,,8.0,EGNM0,39.0
4193652,2.5,81.0,0.0,0.0,13.0,,3.0,EGNM0,39.0
4193664,1.0,78.0,0.0,0.0,6.5,,3.0,EGNM0,39.0
4193694,9.0,87.0,0.0,0.0,35.3,,3.0,EGNM0,39.0
4193715,3.5,90.0,0.0,0.0,10.3,,3.0,EGNM0,39.0
4193735,1.0,93.0,0.0,0.0,21.4,,2.0,EGNM0,39.0
4193755,8.5,68.5,0.0,0.0,29.5,,3.0,EGNM0,39.0
4193772,12.0,88.0,0.3,0.1,16.6,,8.0,EGNM0,39.0
4193792,6.5,65.5,0.0,0.0,5.4,,3.0,EGNM0,39.0
4193813,9.0,68.5,0.0,0.0,21.4,,3.0,EGNM0,39.0
4193834,8.5,81.5,0.0,0.0,10.0,,3.0,EGNM0,39.0
4193854,13.0,77.0,0.2,0.1,28.799999999999997,,17.0,EGNM0,39.0
4193884,11.0,88.0,0.0,0.0,13.9,,3.0,EGNM0,39.0
4193904,18.0,62.0,0.0,0.0,12.1,,1.0,EGNM0,39.0
4813388,19.0,64.0,0.0,0.0,8.0,,3.0,EGNM0,39.0
4813408,12.0,82.5,0.2,0.0,22.0,,7.0,EGNM0,39.0
4813418,9.0,100.0,4.4,8.3,27.0,,9.0,EGNM0,39.0
4813446,10.0,79.0,0.0,0.0,8.0,,3.0,EGNM0,39.0
4813466,9.0,79.0,0.0,0.0,10.0,,3.0,EGNM0,39.0
4813488,5.5,93.0,0.0,0.8,6.5,,3.0,EGNM0,39.0
4813508,3.0,96.5,0.0,0.0,12.0,,3.0,EGNM0,39.0
4813527,8.0,81.0,0.0,0.0,27.0,,3.0,EGNM0,39.0
4813547,6.550000000000001,93.5,0.0,0.0,21.05,,3.0,EGNM0,39.0
4813557,,,,,,,,EGNM0,39.0
4813578,,,,,,,,EGNM0,39.0
4813598,,,,,,,,EGNM0,39.0
4813618,,,,,,,,EGNM0,39.0
4813648,,,,,,,,EGNM0,39.0
4813667,,,,,,,,EGNM0,39.0
4813687,,,,,,,,EGNM0,39.0
4813708,,,,,,,,EGNM0,39.0
4813726,,,,,,,,EGNM0,39.0
4813746,,,,,,,,EGNM0,39.0
3609931,23.85,55.0,,,20.35,31.5,3.0,03672,17.5
3609961,21.35,55.5,,,17.65,29.6,3.0,03672,17.5
3609981,17.95,84.5,,,7.4,16.7,4.0,03672,17.5
3609991,14.350000000000001,93.5,,,22.3,37.0,9.0,03672,17.5
3610012,13.0,60.5,,,10.100000000000001,24.1,3.0,03672,17.5
3610032,12.6,71.0,,,28.6,40.8,4.0,03672,17.5
3610053,2.5,59.0,,,12.1,18.5,3.0,03672,17.5
3610084,7.699999999999999,81.5,,,13.0,20.4,7.0,03672,17.5
3610097,9.75,77.0,,,2.7,11.1,4.0,03672,17.5
3610122,11.85,84.0,,,16.6,33.3,4.0,03672,17.5
3610132,10.850000000000001,82.5,,,25.9,40.8,7.0,03672,17.5
3610152,5.75,73.5,,,6.5,9.3,4.0,03672,17.5
3610213,10.899999999999999,73.0,,,20.5,35.2,4.0,03672,17.5
3610237,7.4,49.5,,,19.45,27.8,3.0,03672,17.5
3610172,14.25,40.5,,,18.4,33.3,2.0,03672,17.5
3610265,17.6,40.5,,,24.1,37.0,2.0,03672,17.5
3610285,17.85,60.5,,,13.0,25.9,3.0,03672,17.5
3610193,18.15,54.5,,,8.3,24.1,3.0,03672,17.5
3610304,22.4,42.0,,,13.0,24.1,3.0,03672,17.5
3900946,32.05,22.0,0.0,0.0,7.4,22.2,3.0,03672,17.5
3900966,24.35,42.0,0.0,0.0,14.8,20.4,2.0,03672,17.5
3900985,21.6,77.5,0.0,0.0,12.1,29.6,3.0,03672,17.5
3901025,16.1,49.5,0.0,0.0,13.9,25.9,2.0,03672,17.5
3901053,16.35,79.5,0.0,0.0,11.2,22.2,4.0,03672,17.5
3901073,13.4,92.0,0.4,16.0,14.8,27.8,7.0,03672,17.5
3901095,8.600000000000001,90.5,1.8,0.4,21.4,42.6,7.0,03672,17.5
3901115,11.8,80.5,0.0,0.0,22.15,40.8,7.0,03672,17.5
3901125,8.0,65.0,0.0,0.0,24.1,38.9,3.0,03672,17.5
3901145,9.3,84.0,0.0,0.0,8.3,20.4,3.0,03672,17.5
3901165,13.0,73.5,0.0,0.0,31.7,44.5,4.0,03672,17.5
3901186,6.449999999999999,63.0,0.0,0.0,9.399999999999999,22.2,4.0,03672,17.5
3901206,13.2,68.5,0.0,0.2,13.0,18.5,7.0,03672,17.5
3901215,9.6,76.0,0.0,0.0,19.45,27.8,4.0,03672,17.5
3901005,9.75,50.5,0.0,0.0,7.4,16.7,1.0,03672,17.5
3901233,13.25,60.0,0.0,0.0,9.4,22.2,4.0,03672,17.5
3901259,10.45,56.0,0.0,0.0,14.8,22.2,4.0,03672,17.5
3901285,12.8,78.5,0.0,0.0,14.8,27.8,3.0,03672,17.5
3901305,21.1,42.0,0.0,0.0,25.9,40.8,3.0,03672,17.5
4193458,21.0,58.0,0.0,0.0,22.3,37.0,4.0,03672,17.5
4193485,16.6,71.0,0.0,0.0,16.75,25.9,4.0,03672,17.5
4193494,23.700000000000003,57.5,0.0,0.0,17.5,24.1,3.0,03672,17.5
4193514,20.299999999999997,69.0,0.0,0.0,27.9,44.5,4.0,03672,17.5
4193543,11.649999999999999,94.0,1.0,1.4,16.75,24.1,7.0,03672,17.5
4193554,14.75,75.5,0.0,0.0,17.5,31.5,18.0,03672,17.5
4193574,9.0,89.0,0.2,0.4,13.0,18.5,7.0,03672,17.5
4193665,8.0,93.5,0.4,1.0,12.1,14.8,7.0,03672,17.5
4193695,11.05,90.0,0.0,0.0,18.4,29.6,4.0,03672,17.5
4193716,10.2,85.0,0.0,2.0,21.4,44.5,7.0,03672,17.5
4193736,3.55,82.0,0.0,0.0,7.6,18.5,4.0,03672,17.5
4193756,12.3,90.0,0.0,0.2,25.0,46.3,7.0,03672,17.5
4193805,7.7,88.0,0.0,0.0,5.4,14.8,5.0,03672,17.5
4193824,15.0,43.0,0.0,0.0,15.0,25.9,4.0,03672,17.5
4193837,12.5,83.5,0.2,1.0,16.6,33.3,7.0,03672,17.5
4193855,7.8,61.5,0.0,0.4,33.3,48.2,2.0,03672,17.5
4193785,13.45,86.5,0.0,0.0,18.55,31.5,7.0,03672,17.5
4193885,16.0,59.0,0.0,0.0,14.8,22.2,4.0,03672,17.5
4193905,22.05,46.5,0.0,0.0,18.4,35.2,2.0,03672,17.5
4506271,23.0,40.5,0.0,0.0,19.45,31.5,2.0,03672,17.5
4506285,26.65,60.5,0.0,0.0,17.5,24.1,2.0,03672,17.5
4506316,14.35,50.0,0.0,0.0,13.0,22.2,3.0,03672,17.5
4506327,14.0,82.5,0.0,0.0,16.6,29.6,7.0,03672,17.5
4506407,15.55,60.5,0.0,0.0,5.6,14.8,2.0,03672,17.5
4506475,10.6,94.0,0.0,0.2,2.7,13.0,5.0,03672,17.5
4506412,13.0,97.0,0.0,0.6,14.0,27.8,7.0,03672,17.5
4506446,11.15,85.5,0.0,0.0,23.200000000000003,33.3,4.0,03672,17.5
4506486,5.949999999999999,93.0,0.0,0.0,4.5,9.3,5.0,03672,17.5
4506520,8.35,91.0,0.0,0.0,4.15,14.8,5.0,03672,17.5
4506525,3.35,95.5,0.0,0.0,2.7,11.1,5.0,03672,17.5
4506616,5.35,93.5,0.0,0.0,9.55,18.5,4.0,03672,17.5
4506340,6.4,76.5,0.0,0.0,12.75,16.7,2.0,03672,17.5
4506345,18.85,39.0,0.0,0.0,21.75,31.5,2.0,03672,17.5
4506368,13.5,59.0,0.0,0.0,17.0,29.6,4.0,03672,17.5
4506386,12.0,85.0,1.0,0.1,22.5,35.2,4.0,03672,17.5
4506556,16.5,59.0,0.0,0.0,10.0,20.4,5.0,03672,17.5
4506566,12.5,48.5,0.0,0.0,24.0,37.0,4.0,03672,17.5
4506587,12.5,69.5,0.0,0.0,17.0,29.6,1.0,03672,17.5
4813381,25.5,35.5,0.0,0.0,16.0,27.8,2.0,03672,17.5
4813397,20.0,64.0,0.0,0.0,24.0,35.2,7.0,03672,17.5
4813427,16.5,59.0,0.0,0.0,18.0,29.6,4.0,03672,17.5
4813439,13.0,67.0,0.0,0.30000000000000004,32.5,59.3,17.0,03672,17.5
4813459,10.0,64.0,0.0,0.0,26.0,38.9,2.0,03672,17.5
4813477,6.0,96.5,0.0,0.0,3.0,11.1,5.0,03672,17.5
4813497,6.0,76.0,0.0,0.0,10.0,25.9,1.0,03672,17.5
4813528,8.5,78.5,0.0,0.0,7.0,18.5,3.0,03672,17.5
4813548,7.0,84.0,0.0,0.0,21.5,38.9,4.0,03672,17.5
4813558,2.0,90.0,0.0,0.0,7.0,16.7,2.0,03672,17.5
4813587,9.5,84.5,0.0,0.0,9.0,18.5,7.0,03672,17.5
4813607,8.0,81.0,0.2,0.4,13.0,18.5,7.0,03672,17.5
4813627,9.350000000000001,97.0,0.0,2.3000000000000003,7.4,16.7,7.0,03672,17.5
4813637,14.0,79.5,0.0,0.0,20.0,37.0,7.0,03672,17.5
4813668,,,,,,,,03672,17.5
4813688,,,,,,,,03672,17.5
4813697,,,,,,,,03672,17.5
4813719,,,,,,,,03672,17.5
4813739,,,,,,,,03672,17.5
3609932,17.65,73.0,,,4.7,16.7,7.0,03321,30.4
3609963,15.2,90.0,,,1.8,16.7,7.0,03321,30.4
3609983,21.75,70.0,,,10.3,20.4,4.0,03321,30.4
3610002,17.4,76.0,,,16.6,27.8,4.0,03321,30.4
3610014,12.3,75.0,,,10.25,33.3,4.0,03321,30.4
3610034,11.55,65.0,,,21.4,40.8,3.0,03321,30.4
3610060,1.65,79.5,,,3.6,24.1,2.0,03321,30.4
3610070,5.300000000000001,70.0,,,16.6,25.9,17.0,03321,30.4
3610134,10.2,78.0,,,10.3,46.0,4.0,03321,30.4
3610154,7.65,76.5,,,12.1,22.2,3.0,03321,30.4
3610173,7.8,88.0,0.2,0.6000000000000001,27.9,49.0,4.0,03321,30.4
3610195,9.2,63.5,0.0,0.0,20.7,47.0,1.0,03321,30.4
3610215,11.649999999999999,64.0,0.0,0.0,33.5,53.0,4.0,03321,30.4
3610125,10.15,79.5,0.0,0.0,18.55,33.0,2.0,03321,30.4
3610246,8.05,67.5,0.4,0.0,14.799999999999999,36.0,4.0,03321,30.4
3610101,15.3,48.5,0.0,0.0,13.9,24.0,4.0,03321,30.4
3610278,14.05,70.5,0.0,0.0,6.5,21.0,7.0,03321,30.4
3610298,19.55,58.5,0.0,0.0,24.1,50.0,4.0,03321,30.4
3610258,16.6,50.0,0.0,0.0,13.9,27.0,1.0,03321,30.4
3900939,18.85,53.0,0.0,0.0,18.4,31.0,1.0,03321,30.4
3900954,20.9,50.5,0.0,0.0,30.599999999999998,56.0,3.0,03321,30.4
3900986,20.25,71.0,0.0,0.0,13.0,28.0,4.0,03321,30.4
3901006,15.25,69.5,0.0,0.0,24.1,42.0,4.0,03321,30.4
3901027,14.05,71.5,0.0,0.0,15.700000000000001,23.0,7.0,03321,30.4
3901054,16.3,67.5,0.0,0.0,17.5,31.0,3.0,03321,30.4
3901074,10.05,91.0,0.2,2.2,8.5,14.0,3.0,03321,30.4
3901097,6.699999999999999,66.5,0.0,0.2,21.4,41.0,2.0,03321,30.4
3901117,11.35,95.0,0.8,0.0,19.45,35.0,7.0,03321,30.4
3901126,6.25,70.0,0.0,0.0,26.799999999999997,47.0,17.0,03321,30.4
3901146,9.350000000000001,78.0,0.0,0.0,11.2,19.0,4.0,03321,30.4
3901166,12.55,73.0,0.0,0.0,12.1,28.0,4.0,03321,30.4
3901174,6.55,61.0,0.0,0.0,14.8,31.0,4.0,03321,30.4
3901194,3.05,92.0,2.0,0.2,17.5,38.0,8.0,03321,30.4
3901217,7.0,71.0,0.0,0.0,5.6,18.0,1.0,03321,30.4
3901234,14.15,52.5,0.0,0.0,6.5,22.0,1.0,03321,30.4
3901252,9.85,83.5,0.0,0.0,17.65,37.0,8.0,03321,30.4
3901287,18.200000000000003,52.0,0.0,0.0,12.100000000000001,28.0,3.0,03321,30.4
3901307,16.85,58.5,0.0,0.0,18.4,33.0,1.0,03321,30.4
4193454,20.6,60.0,0.0,0.0,33.5,60.0,1.0,03321,30.4
4193486,17.0,68.5,0.0,1.6,20.35,34.0,1.0,03321,30.4
4193502,19.5,72.5,0.0,0.0,13.9,28.0,4.0,03321,30.4
4193522,12.15,96.0,4.0,1.2000000000000002,10.3,39.0,8.0,03321,30.4
4193534,21.9,56.5,0.0,0.0,17.65,44.0,8.0,03321,30.4
4193562,7.9,97.0,0.8,3.1999999999999997,17.5,28.0,8.0,03321,30.4
4193653,5.5,94.0,0.0,0.0,12.1,21.0,4.0,03321,30.4
4193673,6.9,97.0,0.2,8.2,19.450000000000003,40.0,8.0,03321,30.4
4193684,11.649999999999999,78.0,0.0,1.2,16.6,34.0,7.0,03321,30.4
4193717,8.6,70.0,0.0,4.0,32.4,67.0,7.0,03321,30.4
4193737,5.3,74.0,0.0,2.4000000000000004,19.45,43.0,8.0,03321,30.4
4193757,10.4,87.5,0.0,0.0,13.9,21.0,7.0,03321,30.4
4193773,9.2,80.5,0.0,0.0,12.1,21.0,4.0,03321,30.4
4193793,4.45,93.5,0.0,5.199999999999999,13.9,27.0,8.0,03321,30.4
4193844,16.95,56.0,0.0,0.0,44.45,73.0,4.0,03321,30.4
4193864,11.6,61.5,0.0,0.0,9.4,22.0,4.0,03321,30.4
4193815,7.25,61.5,0.0,0.0,8.3,20.0,1.0,03321,30.4
4193873,9.75,69.5,0.0,0.0,4.5,17.0,8.0,03321,30.4
4193893,23.0,46.0,0.0,0.0,19.45,34.0,1.0,03321,30.4
4506266,18.9,54.5,0.0,0.0,14.8,31.0,4.0,03321,30.4
4506286,20.6,51.0,0.0,0.0,19.45,31.5,3.0,03321,30.4
4506317,13.3,66.0,0.0,2.8,10.3,21.0,7.0,03321,30.4
4506329,14.850000000000001,65.5,0.0,0.0,19.450000000000003,38.0,1.0,03321,30.4
4506410,13.4,69.5,0.0,0.0,7.6,16.0,4.0,03321,30.4
4506536,12.8,97.0,1.4,4.4,14.8,25.0,8.0,03321,30.4
4506426,8.6,94.0,0.2,0.4,25.0,40.0,7.0,03321,30.4
4506456,7.1,77.5,1.4,5.0,36.2,82.0,8.0,03321,30.4
4506496,9.45,79.0,0.0,0.0,11.0,32.0,4.0,03321,30.4
4506515,2.3,94.5,0.0,0.0,4.5,10.0,1.0,03321,30.4
4506526,3.4,84.5,0.0,0.0,9.399999999999999,16.0,4.0,03321,30.4
4506617,6.95,73.5,0.0,0.2,17.65,31.0,3.0,03321,30.4
4506436,4.4,84.0,0.0,0.0,7.6,19.0,4.0,03321,30.4
4506636,12.5,62.5,0.0,0.0,15.700000000000001,33.0,1.0,03321,30.4
4506356,7.6,62.0,0.0,0.0,14.8,22.2,4.0,03321,30.4
4506376,14.0,52.5,0.0,0.0,19.5,32.0,1.0,03321,30.4
4506546,14.2,63.5,,,16.7,29.6,7.0,03321,30.4
4506568,13.850000000000001,53.5,0.0,0.0,21.5,40.0,4.0,03321,30.4
4506589,16.25,51.5,0.0,0.0,8.5,25.0,1.0,03321,30.4
3609933,17.5,86.0,0.6,0.6,12.100000000000001,,,EGNX0,27.1
3609965,21.0,54.5,0.1,0.4,25.9,,,EGNX0,27.1
3609985,22.0,61.0,0.0,0.1,9.2,,,EGNX0,27.1
3610003,15.0,67.0,0.0,0.1,13.0,,,EGNX0,27.1
3610021,11.0,85.5,0.1,10.9,25.9,,,EGNX0,27.1
3610041,11.0,67.0,0.0,0.0,21.4,,,EGNX0,27.1
3610055,0.0,84.5,1.8,0.2,7.4,,,EGNX0,27.1
3610086,12.5,85.0,0.0,0.0,25.9,,,EGNX0,27.1
3610127,6.5,93.0,0.0,0.0,14.8,,,EGNX0,27.1
3610094,3.0,93.0,0.0,0.0,18.55,,,EGNX0,27.1
3610156,3.0,90.0,0.0,0.0,14.0,,,EGNX0,27.1
3610174,8.0,93.0,0.6,3.6,36.2,,,EGNX0,27.1
3610202,7.0,63.5,0.0,0.0,27.7,,,EGNX0,27.1
3610222,9.0,50.0,0.0,0.0,15.7,,,EGNX0,27.1
3610245,11.0,41.5,0.0,0.0,13.9,,,EGNX0,27.1
3610263,14.5,57.0,0.0,0.5,29.7,,,EGNX0,27.1
3610283,15.5,61.0,0.0,0.0,11.2,,,EGNX0,27.1
3610136,13.0,58.0,0.0,2.6,23.2,,,EGNX0,27.1
3610306,19.5,58.0,0.0,0.0,22.3,,,EGNX0,27.1
3900936,22.5,40.5,0.0,0.0,18.55,,3.0,EGNX0,27.1
3900957,22.0,48.5,0.0,0.0,26.8,,3.0,EGNX0,27.1
3900976,18.0,62.0,0.0,0.0,14.9,,3.0,EGNX0,27.1
3901017,14.0,77.0,0.0,0.0,13.0,,3.0,EGNX0,27.1
3901036,13.5,63.0,0.0,0.2,29.7,,3.0,EGNX0,27.1
3901047,12.5,94.0,0.0,1.1,11.2,,3.0,EGNX0,27.1
3901068,14.5,94.0,0.0,5.1,15.700000000000001,,3.0,EGNX0,27.1
3901099,5.5,72.5,0.0,0.0,25.9,,2.0,EGNX0,27.1
3901119,11.5,91.0,0.4,2.2,31.5,,8.0,EGNX0,27.1
3901137,1.5,96.5,0.0,0.0,4.7,,5.0,EGNX0,27.1
3901157,9.0,76.0,0.0,0.0,12.100000000000001,,3.0,EGNX0,27.1
3901177,6.0,65.5,0.0,0.0,18.55,,3.0,EGNX0,27.1
3901197,5.0,63.0,0.1,0.0,13.9,,7.0,EGNX0,27.1
3900997,11.5,44.0,0.0,0.0,9.399999999999999,,2.0,EGNX0,27.1
3901226,14.0,46.0,0.0,0.0,12.1,,3.0,EGNX0,27.1
3901248,11.5,50.5,0.0,0.0,22.3,,3.0,EGNX0,27.1
3901268,12.0,74.0,0.0,0.6000000000000001,18.55,,3.0,EGNX0,27.1
3901289,12.0,58.0,0.0,0.0,20.35,,2.0,EGNX0,27.1
3901309,15.5,74.5,0.0,0.0,20.35,,3.0,EGNX0,27.1
4506272,17.5,72.5,0.0,0.0,25.0,,3.0,EGNX0,27.1
4506288,18.5,54.0,,,24.1,,,EGNX0,27.1
4506307,22.0,60.5,0.30000000000000004,0.4,19.45,,17.0,EGNX0,27.1
4506330,16.0,55.0,0.0,0.0,22.3,,3.0,EGNX0,27.1
4506413,13.0,94.0,0.0,0.4,7.6,,3.0,EGNX0,27.1
4506539,10.5,94.0,1.5,6.8,38.900000000000006,,9.0,EGNX0,27.1
4506429,2.5,93.0,0.0,0.0,14.0,,3.0,EGNX0,27.1
4506439,6.0,90.0,0.2,3.5,33.5,,7.0,EGNX0,27.1
4506459,4.5,90.0,0.4,1.7999999999999998,36.15,,8.0,EGNX0,27.1
4506499,8.5,81.5,0.0,0.0,25.9,,2.0,EGNX0,27.1
4506517,5.5,100.0,0.0,0.0,6.5,,1.0,EGNX0,27.1
4506528,1.0,90.0,0.0,0.0,8.5,,3.0,EGNX0,27.1
4506627,3.0,100.0,0.5,4.3999999999999995,13.9,,7.0,EGNX0,27.1
4506639,12.5,85.0,0.0,1.1,26.8,,3.0,EGNX0,27.1
4506359,7.0,78.5,,,13.0,,,EGNX0,27.1
4506379,8.5,62.0,0.0,0.0,14.8,,1.0,EGNX0,27.1
4506549,14.0,49.5,,,15.7,,,EGNX0,27.1
4506569,14.0,59.0,0.0,0.0,11.2,,3.0,EGNX0,27.1
4506590,17.0,52.0,0.0,0.0,14.0,,2.0,EGNX0,27.1
3609938,23.85,55.0,,,20.35,31.5,3.0,03672,11.2
3609968,22.450000000000003,49.5,,,17.5,31.5,3.0,03672,11.2
3609988,18.25,83.0,,,6.5,16.7,4.0,03672,11.2
3610008,13.95,85.5,,,5.4,16.7,3.0,03672,11.2
3610027,14.45,62.0,,,21.4,35.2,3.0,03672,11.2
3610047,10.350000000000001,77.0,,,10.3,18.5,4.0,03672,11.2
3610062,5.800000000000001,79.5,,,21.25,29.6,2.0,03672,11.2
3610076,5.95,66.5,,,24.1,44.5,2.0,03672,11.2
3610123,10.95,74.0,,,24.1,44.5,4.0,03672,11.2
3610139,13.65,82.5,,,20.35,35.2,4.0,03672,11.2
3610159,4.7,78.0,,,7.4,14.8,4.0,03672,11.2
3610179,7.800000000000001,63.0,,,24.1,40.8,3.0,03672,11.2
3610107,8.25,76.0,,,24.1,33.3,4.0,03672,11.2
3610208,7.05,55.5,,,25.0,38.9,4.0,03672,11.2
3610240,10.25,37.5,,,23.200000000000003,33.3,3.0,03672,11.2
3610252,19.4,41.5,,,18.55,24.1,2.0,03672,11.2
3610272,17.05,38.5,,,6.5,13.0,3.0,03672,11.2
3610228,15.05,76.0,,,15.700000000000001,31.5,3.0,03672,11.2
3610292,16.65,79.5,,,13.0,33.3,7.0,03672,11.2
3609936,22.0,71.0,,,13.0,31.5,3.0,03492,1.6
3609955,18.5,73.0,,,22.3,38.9,3.0,03492,1.6
3609975,22.5,51.5,,,17.5,29.6,3.0,03492,1.6
3610006,14.5,72.0,,,14.8,27.8,3.0,03492,1.6
3610025,14.0,77.0,,,19.45,61.1,17.0,03492,1.6
3610045,10.0,87.0,,,15.700000000000001,27.8,2.0,03492,1.6
3610058,7.0,87.0,,,26.799999999999997,51.8,18.0,03492,1.6
3610089,6.0,87.0,,,11.2,33.3,7.0,03492,1.6
3610095,12.0,88.0,,,17.5,29.6,4.0,03492,1.6
3610116,6.0,100.0,,,13.0,27.8,7.0,03492,1.6
3610146,5.5,87.0,,,12.1,22.2,5.0,03492,1.6
3610163,8.0,93.0,,,4.5,16.7,4.0,03492,1.6
3610177,6.5,59.0,,,22.3,50.0,4.0,03492,1.6
3610206,6.0,90.0,,,14.8,31.5,7.0,03492,1.6
3610226,9.0,76.0,,,16.6,33.3,2.0,03492,1.6
3610242,12.0,44.0,,,13.0,25.9,3.0,03492,1.6
3610260,13.5,67.0,,,37.099999999999994,57.4,2.0,03492,1.6
3610280,14.0,59.0,,,13.0,25.9,2.0,03492,1.6
3610309,21.0,49.0,,,14.8,35.2,3.0,03492,1.6
3609935,14.0,91.0,0.7,1.9,6.5,,,03243,7.8
3609954,21.5,46.5,0.0,0.0,5.6,,,03243,7.8
3609974,15.5,80.0,0.0,0.0,4.5,,,03243,7.8
3610005,16.0,79.5,0.0,0.1,5.4,,,03243,7.8
3610024,11.0,73.5,0.0,5.799999999999999,24.1,,,03243,7.8
3610044,11.0,85.0,0.0,0.0,21.25,,,03243,7.8
3610066,10.0,84.5,1.1,0.2,17.4,,,03243,7.8
3610073,4.0,87.0,0.0,0.5,9.2,,,03243,7.8
3610104,4.0,100.0,0.0,0.0,4.5,,5.0,03243,7.8
3610115,6.5,100.0,0.2,0.0,6.5,,5.0,03243,7.8
3610145,3.0,93.0,0.0,0.0,1.8,,,03243,7.8
3610166,7.5,78.5,0.0,0.0,11.2,,,03243,7.8
3610176,8.0,90.0,1.7000000000000002,6.1,14.0,,,03243,7.8
3610205,6.5,70.5,0.2,0.1,30.6,,,03243,7.8
3610243,2.0,75.0,0.0,1.1,9.2,,,03243,7.8
3610255,18.0,49.0,0.0,0.0,11.1,,,03243,7.8
3610225,8.0,84.5,0.0,0.0,9.399999999999999,,,03243,7.8
3610275,16.5,38.5,0.0,0.0,12.100000000000001,,,03243,7.8
3610295,12.5,94.0,0.0,0.2,6.5,,,03243,7.8
3900937,18.0,60.0,0.0,0.0,29.85,,3.0,03243,7.8
3900959,19.0,49.0,0.0,0.0,21.25,,3.0,03243,7.8
3900988,19.5,78.0,0.0,0.0,18.55,,3.0,03243,7.8
3901008,15.5,48.0,0.0,0.0,22.3,,3.0,03243,7.8
3901029,13.5,67.5,0.0,0.0,24.15,,3.0,03243,7.8
3901049,11.0,82.0,0.0,0.0,18.55,,3.0,03243,7.8
3901071,11.0,97.0,0.4,3.4000000000000004,13.9,,8.0,03243,7.8
3901087,10.5,84.5,0.0,0.0,6.5,,1.0,03243,7.8
3901107,5.5,96.5,0.8,0.4,7.6,,8.0,03243,7.8
3901128,5.0,78.0,0.0,0.0,19.450000000000003,,3.0,03243,7.8
3901148,9.0,73.5,0.0,0.0,15.700000000000001,,3.0,03243,7.8
3901168,7.0,100.0,0.5,2.1999999999999997,11.1,,8.0,03243,7.8
3901199,10.5,71.0,0.9,0.0,25.0,,8.0,03243,7.8
3901219,8.0,59.0,0.0,0.0,13.0,,2.0,03243,7.8
3901251,10.0,76.0,0.2,0.7000000000000001,17.65,,17.0,03243,7.8
3901271,13.0,88.0,1.4,1.7,12.0,,9.0,03243,7.8
3901277,17.5,72.5,0.2,0.1,11.2,,17.0,03243,7.8
3901179,14.0,67.0,0.0,0.0,14.9,,3.0,03243,7.8
3901297,10.5,73.5,0.0,0.0,6.5,,3.0,03243,7.8
4193456,19.0,68.0,0.0,0.8999999999999999,18.7,,3.0,03243,7.8
4193488,15.0,97.0,0.5,3.5999999999999996,3.6,,17.0,03243,7.8
4193505,12.5,91.0,0.0,0.0,13.9,,3.0,03243,7.8
4193525,14.5,79.5,0.1,0.0,7.6,,7.0,03243,7.8
4193546,10.0,84.5,0.0,0.0,14.8,,3.0,03243,7.8
4193566,7.5,93.0,0.3,0.0,10.3,,8.0,03243,7.8
4193657,2.5,87.0,0.0,0.0,11.2,,3.0,03243,7.8
4193668,-2.0,100.0,0.0,1.0999999999999999,1.8,,3.0,03243,7.8
4193698,10.5,79.0,0.0,0.0,33.3,,3.0,03243,7.8
4193719,4.5,78.0,0.0,0.0,21.25,,1.0,03243,7.8
4193739,2.5,93.0,0.0,0.0,12.1,,3.0,03243,7.8
4193759,8.5,73.5,0.0,0.0,27.7,,3.0,03243,7.8
4193777,11.0,88.0,0.3,0.0,11.2,,8.0,03243,7.8
4193797,5.5,96.5,0.4,0.7999999999999999,16.6,,7.0,03243,7.8
4193827,12.0,56.0,0.0,0.0,10.0,,3.0,03243,7.8
4193838,7.0,93.0,0.1,0.7,4.0,,17.0,03243,7.8
4193858,13.0,77.0,0.0,0.0,22.15,,3.0,03243,7.8
4193876,8.5,64.0,0.5,0.30000000000000004,17.5,,17.0,03243,7.8
4193896,21.5,56.5,0.0,0.0,13.0,,3.0,03243,7.8
4506267,18.0,56.0,0.0,0.0,14.8,,3.0,03243,7.8
4506290,15.0,94.0,,,13.9,,,03243,7.8
4506320,11.5,62.0,0.0,0.0,16.6,,3.0,03243,7.8
4506398,15.0,67.0,0.0,0.0,14.9,,1.0,03243,7.8
4506468,11.5,94.0,0.0,0.0,9.4,,3.0,03243,7.8
4506541,6.5,78.5,0.0,0.0,25.0,,3.0,03243,7.8
4506431,6.5,93.0,1.1,2.9,23.200000000000003,,8.0,03243,7.8
4506449,5.0,90.0,0.0,0.0,15.7,,3.0,03243,7.8
4506489,7.5,90.0,0.0,0.0,4.5,,3.0,03243,7.8
4506521,5.5,93.0,0.0,0.0,7.6,,2.0,03243,7.8
4506530,4.0,93.5,0.0,0.0,6.5,,5.0,03243,7.8
4506620,7.0,71.0,0.0,0.0,11.2,,1.0,03243,7.8
4506641,10.5,79.0,3.4,2.9,28.6,,9.0,03243,7.8
4506370,7.5,71.5,0.0,0.0,9.0,,1.0,03243,7.8
4506389,10.5,48.5,0.0,0.0,22.0,,3.0,03243,7.8
4506361,9.149999999999999,78.5,0.0,0.5,20.55,,3.0,03243,7.8
4506559,15.5,59.0,0.0,0.0,11.0,,3.0,03243,7.8
4506578,18.5,52.0,0.0,0.0,12.0,,3.0,03243,7.8
4506598,14.5,55.0,0.0,0.5,34.0,,3.0,03243,7.8
4813393,20.5,58.5,0.0,0.0,4.0,,1.0,03243,7.8
4813413,15.0,63.0,0.1,0.0,18.5,,7.0,03243,7.8
4813432,14.5,69.5,0.0,0.0,5.5,,2.0,03243,7.8
4813443,14.5,63.0,0.0,0.0,35.0,,3.0,03243,7.8
4813463,,,,,,,,03243,7.8
4813493,,,,,,,,03243,7.8
4813513,,,,,,,,03243,7.8
4813522,,,,,,,,03243,7.8
4813542,,,,,,,,03243,7.8
4813572,,,,,,,,03243,7.8
4813583,,,,,,,,03243,7.8
4813603,,,,,,,,03243,7.8
4813623,,,,,,,,03243,7.8
4813653,,,,,,,,03243,7.8
4813662,,,,,,,,03243,7.8
4813682,,,,,,,,03243,7.8
4813702,,,,,,,,03243,7.8
4813723,,,,,,,,03243,7.8
4813743,,,,,,,,03243,7.8
3609937,21.8,54.0,,,23.200000000000003,37.0,3.0,03672,24.6
3609956,18.1,59.0,,,14.8,27.8,3.0,03672,24.6
3609976,17.35,83.5,,,12.1,18.5,4.0,03672,24.6
3609996,15.45,64.5,,,32.6,44.5,3.0,03672,24.6
3610026,12.15,69.5,,,9.2,25.9,2.0,03672,24.6
3610046,6.9,67.5,,,23.2,33.3,2.0,03672,24.6
3610068,0.65,77.0,,,9.4,14.8,2.0,03672,24.6
3610075,6.0,90.0,,,25.0,38.9,4.0,03672,24.6
3610106,3.25,96.5,,,15.700000000000001,24.1,5.0,03672,24.6
3610117,9.3,95.0,,,2.7,13.0,7.0,03672,24.6
3610167,9.6,91.0,,,7.3999999999999995,16.7,7.0,03672,24.6
3610178,7.75,92.0,,,25.0,50.0,9.0,03672,24.6
3610207,4.1,61.5,,,27.7,33.3,1.0,03672,24.6
3610227,11.350000000000001,37.5,,,6.5,14.8,2.0,03672,24.6
3610232,8.75,43.5,,,13.0,24.1,3.0,03672,24.6
3610253,18.3,54.5,,,13.0,22.2,2.0,03672,24.6
3610273,12.5,67.5,,,11.2,22.2,7.0,03672,24.6
3610147,15.3,50.0,,,23.2,37.0,2.0,03672,24.6
3610293,18.0,69.5,,,12.1,31.5,7.0,03672,24.6
3900938,22.8,26.5,0.0,0.0,9.4,20.4,2.0,03672,24.6
3900960,22.6,49.5,0.0,0.0,18.4,31.5,4.0,03672,24.6
3900990,21.6,77.5,0.0,0.0,12.1,29.6,3.0,03672,24.6
3901010,16.6,39.5,0.0,0.0,16.6,29.6,1.0,03672,24.6
3901040,14.350000000000001,67.0,0.0,0.0,25.9,38.9,4.0,03672,24.6
3901059,17.45,80.5,6.0,15.8,14.799999999999999,25.9,18.0,03672,24.6
3901079,11.55,86.0,0.0,4.800000000000001,15.7,29.6,18.0,03672,24.6
3901089,16.45,74.0,0.0,0.0,13.9,22.2,2.0,03672,24.6
3901109,11.7,78.0,0.0,0.6,18.4,33.3,4.0,03672,24.6
3901130,5.85,73.0,0.0,0.0,13.9,31.5,1.0,03672,24.6
3901150,6.800000000000001,64.0,0.0,0.0,10.3,18.5,1.0,03672,24.6
3901170,13.25,56.0,0.0,0.0,12.100000000000001,25.9,1.0,03672,24.6
3901180,7.050000000000001,43.0,0.0,0.0,24.1,35.2,4.0,03672,24.6
3901200,7.55,54.5,0.0,0.0,17.5,27.8,7.0,03672,24.6
3901230,15.100000000000001,45.0,0.0,0.0,8.3,14.8,3.0,03672,24.6
3901239,13.25,60.0,0.0,0.0,9.4,22.2,4.0,03672,24.6
3901255,9.649999999999999,93.0,2.2,3.4,21.25,27.8,7.0,03672,24.6
3901279,13.649999999999999,93.5,2.0,3.6,16.6,27.8,7.0,03672,24.6
3901299,17.95,52.5,0.0,0.0,22.3,33.3,2.0,03672,24.6
4193477,22.5,60.0,0.0,0.0,24.1,37.0,4.0,03672,24.6
4193507,25.65,46.5,0.0,0.0,10.3,27.8,3.0,03672,24.6
4193527,17.9,62.5,0.0,0.0,20.5,29.6,4.0,03672,24.6
4193549,12.7,83.0,0.0,0.2,17.5,22.2,7.0,03672,24.6
4193569,8.15,87.5,0.0,0.0,14.9,22.2,2.0,03672,24.6
4193660,4.5,94.5,0.2,0.0,4.5,16.7,5.0,03672,24.6
4193677,7.4,96.5,1.4,3.5999999999999996,13.0,22.2,7.0,03672,24.6
4193689,11.05,80.5,0.0,3.2,28.8,33.3,7.0,03672,24.6
4193708,11.399999999999999,72.5,0.0,0.0,28.6,44.5,4.0,03672,24.6
4193728,9.5,78.5,0.4,0.2,20.35,44.5,17.0,03672,24.6
4193745,11.55,82.0,0.0,0.0,23.200000000000003,37.0,4.0,03672,24.6
4193768,11.399999999999999,70.5,0.0,0.2,7.6,14.8,7.0,03672,24.6
4193780,12.8,81.5,0.0,0.2,19.450000000000003,27.8,7.0,03672,24.6
4193800,7.65,73.5,0.2,9.0,18.55,25.9,17.0,03672,24.6
4193830,15.0,43.0,0.0,0.0,15.0,25.9,4.0,03672,24.6
4193849,15.2,56.0,0.0,0.0,29.7,50.0,3.0,03672,24.6
4193878,9.05,83.5,0.4,2.6,23.2,37.0,7.0,03672,24.6
4193898,23.55,46.0,0.0,0.0,24.1,33.3,3.0,03672,24.6
4193869,15.45,74.5,0.0,0.0,16.6,29.6,4.0,03672,24.6
4506281,15.45,91.0,3.2,6.8,16.6,29.6,7.0,03672,24.6
4506301,18.9,58.0,0.0,0.0,17.65,27.8,3.0,03672,24.6
4506311,23.15,51.5,0.0,0.0,16.6,27.8,18.0,03672,24.6
4506401,15.350000000000001,83.5,0.0,3.8000000000000003,17.5,24.1,7.0,03672,24.6
4506471,12.45,77.0,0.0,0.0,12.1,22.2,4.0,03672,24.6
4506480,10.3,96.0,0.2,0.0,6.5,16.7,5.0,03672,24.6
4506420,13.0,97.0,0.0,0.6,14.0,27.8,7.0,03672,24.6
4506441,6.85,87.5,1.8,2.4000000000000004,31.5,46.3,7.0,03672,24.6
4506461,5.5,77.0,0.2,0.0,30.6,51.8,4.0,03672,24.6
4506501,5.9,99.0,0.0,0.0,10.3,22.2,5.0,03672,24.6
4506511,1.35,97.0,0.0,0.0,2.35,14.8,4.0,03672,24.6
4506611,5.5,93.0,5.3,2.6,31.0,50.0,8.0,03672,24.6
4506631,3.1500000000000004,64.5,0.0,0.0,20.5,29.6,4.0,03672,24.6
4506336,4.95,88.0,0.0,2.5,8.1,24.1,3.0,03672,24.6
4506350,18.85,39.0,0.0,0.0,21.75,31.5,2.0,03672,24.6
4506381,15.0,33.5,0.0,0.0,22.0,35.2,1.0,03672,24.6
4506551,12.7,62.5,,,15.75,25.9,4.0,03672,24.6
4506581,24.5,36.0,0.0,0.0,25.0,33.3,2.0,03672,24.6
4506601,18.5,41.0,0.0,0.1,32.5,50.0,3.0,03672,24.6
4813379,20.5,62.0,0.0,0.0,19.0,31.5,2.0,03672,24.6
4813403,18.5,78.0,0.0,0.0,26.0,35.2,8.0,03672,24.6
4813434,12.5,77.0,0.0,0.0,7.5,20.4,4.0,03672,24.6
4813453,15.0,94.0,0.7,0.0,19.0,35.2,8.0,03672,24.6
4813473,10.0,91.0,1.7,0.4,13.0,25.9,7.0,03672,24.6
4813483,13.5,79.5,0.0,0.0,12.0,20.4,4.0,03672,24.6
4813503,5.0,87.0,0.0,0.0,18.0,22.2,2.0,03672,24.6
4813523,11.0,82.0,0.0,0.4,21.5,44.5,7.0,03672,24.6
4813543,7.7,81.0,0.0,0.0,15.75,25.9,3.0,03672,24.6
4813573,2.5,67.5,0.0,0.0,12.0,22.2,2.0,03672,24.6
4813593,9.5,84.5,0.0,0.0,9.0,18.5,7.0,03672,24.6
4813613,8.5,90.0,0.7,1.1,7.0,16.7,7.0,03672,24.6
4813633,9.350000000000001,97.0,0.0,2.3000000000000003,7.4,16.7,7.0,03672,24.6
4813643,12.850000000000001,65.5,0.0,0.30000000000000004,21.299999999999997,38.9,3.0,03672,24.6
4813663,10.65,75.0,,,9.3,18.5,4.0,03672,24.6
4813683,,,,,,,,03672,24.6
4813704,,,,,,,,03672,24.6
4813733,,,,,,,,03672,24.6
4813753,,,,,,,,03672,24.6
3609944,17.85,90.5,,,16.6,25.9,8.0,03321,29.3
3609952,19.1,62.0,,,14.8,24.1,2.0,03321,29.3
3609972,20.95,65.5,,,13.9,20.4,4.0,03321,29.3
3609994,15.149999999999999,63.5,,,17.5,33.3,17.0,03321,29.3
3610022,13.0,60.5,,,17.5,27.8,2.0,03321,29.3
3610042,10.75,85.0,,,11.2,24.1,7.0,03321,29.3
3610056,4.2,53.0,,,29.5,57.0,2.0,03321,29.3
3610087,8.5,94.5,,,18.55,31.5,7.0,03321,29.3
3610098,8.2,87.5,,,1.8,9.3,4.0,03321,29.3
3610143,7.45,71.0,,,15.7,27.8,3.0,03321,29.3
3610168,5.15,80.5,0.6,0.4,14.95,35.0,8.0,03321,29.3
3610185,4.45,87.0,0.0,3.8,23.95,51.0,4.0,03321,29.3
3610113,10.350000000000001,71.0,0.0,0.0,35.3,64.0,4.0,03321,29.3
3610203,8.0,51.0,0.0,0.0,17.299999999999997,31.0,4.0,03321,29.3
3610234,7.15,59.5,0.0,0.0,6.5,18.0,4.0,03321,29.3
3610223,9.899999999999999,72.5,0.0,0.0,14.8,28.0,4.0,03321,29.3
3610262,16.25,41.0,0.0,0.0,19.45,36.0,2.0,03321,29.3
3610282,13.6,72.0,0.0,0.0,12.100000000000001,24.0,2.0,03321,29.3
3610307,18.05,66.0,0.0,0.0,15.700000000000001,32.0,4.0,03321,29.3
3900947,19.1,74.5,0.0,0.4,6.5,18.0,8.0,03321,29.3
3900967,20.8,52.5,0.0,0.0,19.45,30.0,1.0,03321,29.3
3900980,18.700000000000003,52.5,0.0,0.0,15.7,31.0,1.0,03321,29.3
3901018,17.35,56.0,0.0,0.0,17.5,39.0,4.0,03321,29.3
3901037,12.3,67.0,0.0,0.0,13.9,27.0,4.0,03321,29.3
3901050,12.1,76.5,0.0,0.0,10.3,22.0,4.0,03321,29.3
3901069,15.799999999999999,79.0,0.0,0.0,14.799999999999999,31.0,7.0,03321,29.3
3901085,12.8,84.5,0.0,0.0,13.9,31.0,4.0,03321,29.3
3901105,9.649999999999999,75.0,0.0,0.0,15.700000000000001,40.0,3.0,03321,29.3
3901138,1.25,94.5,0.0,0.0,17.65,31.0,4.0,03321,29.3
3901158,2.75,90.0,0.0,0.0,9.399999999999999,15.0,1.0,03321,29.3
3900998,6.25,86.0,0.0,0.2,11.2,22.0,8.0,03321,29.3
3901187,6.5,76.0,0.0,0.2,13.0,30.0,7.0,03321,29.3
3901227,13.149999999999999,67.5,0.0,0.0,23.200000000000003,39.0,3.0,03321,29.3
3901249,12.0,65.0,0.0,0.0,13.0,28.0,4.0,03321,29.3
3901269,15.2,80.5,0.0,1.4,13.0,23.0,4.0,03321,29.3
3901207,12.4,62.0,0.0,0.0,14.8,30.0,3.0,03321,29.3
3901275,15.0,79.5,0.0,0.0,14.8,27.0,7.0,03321,29.3
3901295,19.6,38.0,0.0,0.0,13.0,27.0,1.0,03321,29.3
4193473,22.2,54.5,0.0,0.0,28.799999999999997,53.0,2.0,03321,29.3
4193496,23.25,56.5,0.0,0.0,7.3999999999999995,19.0,2.0,03321,29.3
4193516,18.9,82.0,0.0,0.0,34.2,54.0,7.0,03321,29.3
4193544,11.3,79.5,0.0,0.0,10.3,21.0,8.0,03321,29.3
4193556,12.8,78.5,0.0,0.0,15.700000000000001,27.0,4.0,03321,29.3
4193576,7.35,98.5,0.6000000000000001,4.0,21.4,34.0,8.0,03321,29.3
4193666,2.0,100.0,1.0,0.0,4.5,11.0,8.0,03321,29.3
4193696,12.05,74.5,0.0,0.0,31.5,58.0,3.0,03321,29.3
4193704,11.0,79.0,0.0,0.0,28.799999999999997,64.0,7.0,03321,29.3
4193724,7.15,98.5,4.0,1.4,18.4,33.0,8.0,03321,29.3
4193749,7.85,81.5,0.2,2.8,24.1,49.0,8.0,03321,29.3
4193764,9.7,79.5,0.0,0.0,11.2,24.0,2.0,03321,29.3
4193787,11.399999999999999,80.0,0.0,0.0,12.1,31.0,4.0,03321,29.3
4193807,7.800000000000001,95.0,2.6,2.6000000000000005,13.0,26.0,8.0,03321,29.3
4193825,12.1,65.0,0.0,0.1,28.0,42.0,4.0,03321,29.3
4193839,11.45,91.5,0.6,0.0,9.399999999999999,18.0,8.0,03321,29.3
4193856,11.8,56.5,0.0,0.0,20.5,39.0,4.0,03321,29.3
4193887,18.799999999999997,48.0,0.0,0.0,8.3,21.0,4.0,03321,29.3
4193907,21.1,51.5,0.0,0.0,17.5,29.0,1.0,03321,29.3
4506278,17.450000000000003,63.0,0.0,0.0,30.6,46.3,7.0,03321,29.3
4506298,18.45,56.5,0.0,0.0,18.4,30.0,4.0,03321,29.3
4506308,19.9,67.5,0.0,0.0,15.700000000000001,25.0,4.0,03321,29.3
4506396,16.1,54.5,0.0,3.0,37.1,68.0,2.0,03321,29.3
4506466,12.2,82.0,0.0,0.0,11.2,20.0,4.0,03321,29.3
4506477,7.15,87.0,0.0,0.0,7.6,14.0,4.0,03321,29.3
4506416,11.649999999999999,92.5,0.4,0.0,11.0,22.0,8.0,03321,29.3
4506447,7.95,78.5,0.0,0.4,16.6,31.0,8.0,03321,29.3
4506487,4.5,99.0,0.0,0.2,6.5,10.0,4.0,03321,29.3
4506508,1.05,98.5,2.0,8.2,3.6,8.0,8.0,03321,29.3
4506608,6.800000000000001,55.5,0.0,0.0,13.9,30.0,1.0,03321,29.3
4506628,4.05,81.5,0.0,0.0,20.35,32.0,4.0,03321,29.3
4506341,6.050000000000001,80.0,0.0,0.6000000000000001,10.3,31.0,8.0,03321,29.3
4506347,16.45,50.5,0.0,0.0,21.4,33.0,1.0,03321,29.3
4506372,11.2,52.5,0.0,0.0,15.0,34.0,1.0,03321,29.3
4506387,11.1,61.5,0.0,0.0,10.5,21.0,4.0,03321,29.3
4506557,19.5,50.0,0.0,0.0,15.5,31.0,4.0,03321,29.3
4506576,23.5,30.5,0.0,0.0,13.5,32.0,1.0,03321,29.3
4506596,15.600000000000001,53.0,0.0,0.0,25.0,46.0,4.0,03321,29.3
4813374,17.65,76.5,0.0,0.0,11.5,26.0,1.0,03321,29.3
4813399,21.1,44.5,0.0,0.2,28.5,52.0,2.0,03321,29.3
4813420,13.75,92.5,0.4,3.1000000000000005,9.5,18.0,8.0,03321,29.3
4813449,14.8,92.5,1.2,2.4,20.0,36.0,8.0,03321,29.3
4813469,5.6,88.5,0.0,0.2,9.0,17.0,3.0,03321,29.3
4813491,8.5,87.5,0.0,1.8,6.0,12.0,3.0,03321,29.3
4813511,5.1,92.0,0.0,0.0,16.0,27.0,1.0,03321,29.3
4813530,10.15,68.0,0.0,0.0,15.5,34.0,3.0,03321,29.3
4813550,6.2,79.0,0.0,0.0,6.0,17.0,4.0,03321,29.3
4813560,5.65,75.0,0.2,1.8,23.0,50.0,7.0,03321,29.3
4813589,7.6,83.5,0.0,0.0,8.0,24.0,3.0,03321,29.3
4813609,6.800000000000001,95.0,0.0,1.4,8.0,12.0,4.0,03321,29.3
4813621,9.7,81.5,0.0,0.1,11.0,26.0,4.0,03321,29.3
4813651,9.1,57.0,0.0,0.2,7.0,24.0,4.0,03321,29.3
4813670,,,,,,,,03321,29.3
4813690,,,,,,,,03321,29.3
4813710,,,,,,,,03321,29.3
4813729,,,,,,,,03321,29.3
4813749,,,,,,,,03321,29.3
3609940,17.0,91.0,,,10.3,18.5,8.0,03534,12.0
3609949,20.0,53.0,,,12.1,20.4,3.0,03534,12.0
3609969,21.5,62.5,,,6.5,16.7,3.0,03534,12.0
3610000,15.0,74.5,,,10.3,16.7,3.0,03534,12.0
3610019,11.0,71.0,,,23.2,53.7,2.0,03534,12.0
3610039,10.5,73.5,,,10.3,22.2,2.0,03534,12.0
3610059,2.5,81.0,,,22.3,25.9,2.0,03534,12.0
3610069,5.0,87.0,,,21.4,29.6,4.0,03534,12.0
3610110,7.0,100.0,,,3.6,11.1,5.0,03534,12.0
3610140,4.0,93.0,,,7.6,14.8,3.0,03534,12.0
3610160,7.5,73.5,,,10.3,13.0,4.0,03534,12.0
3610181,8.5,73.5,,,27.7,40.8,7.0,03534,12.0
3610200,7.5,57.0,,,27.7,38.9,4.0,03534,12.0
3610220,13.5,49.5,,,26.799999999999997,46.3,2.0,03534,12.0
3610248,8.5,57.0,,,10.1,27.8,2.0,03534,12.0
3610279,16.0,43.5,,,9.4,18.5,3.0,03534,12.0
3610259,15.5,49.5,,,12.100000000000001,31.5,2.0,03534,12.0
3610299,18.0,70.5,,,24.1,35.2,4.0,03534,12.0
3610100,16.5,57.0,,,6.5,18.5,2.0,03534,12.0
3900943,28.5,39.5,0.0,0.0,13.9,25.9,2.0,03534,12.0
3900963,22.0,47.0,0.0,0.0,10.3,22.2,3.0,03534,12.0
3900982,21.0,69.0,0.0,0.4,11.2,24.1,3.0,03534,12.0
3901002,10.5,54.5,0.0,0.0,14.8,18.5,2.0,03534,12.0
3901032,15.0,53.0,0.0,0.0,11.2,24.1,2.0,03534,12.0
3901052,17.0,80.0,2.0,5.999999999999999,15.700000000000001,20.4,7.0,03534,12.0
3901072,11.0,91.0,0.2,0.6,11.2,25.9,17.0,03534,12.0
3901093,5.0,75.0,0.0,0.0,11.2,27.8,2.0,03534,12.0
3901113,11.0,76.0,0.0,0.0,19.450000000000003,33.3,3.0,03534,12.0
3901122,6.5,73.5,0.0,0.0,12.100000000000001,25.9,3.0,03534,12.0
3901142,9.0,76.0,0.0,0.0,10.3,22.2,4.0,03534,12.0
3901162,13.5,72.0,0.0,0.0,16.75,38.9,3.0,03534,12.0
3901183,4.5,67.5,0.0,0.0,10.3,16.7,3.0,03534,12.0
3901203,13.5,72.0,0.2,1.3,13.0,16.7,18.0,03534,12.0
3901222,14.0,46.0,0.0,0.0,12.1,18.5,3.0,03534,12.0
3901232,10.0,71.5,0.2,0.0,6.5,18.5,3.0,03534,12.0
3901258,8.0,48.5,0.0,0.0,4.5,14.8,3.0,03534,12.0
3901283,14.0,69.5,0.0,0.0,7.6,18.5,2.0,03534,12.0
3901303,18.5,64.0,0.0,0.0,19.45,29.6,3.0,03534,12.0
4193470,22.0,57.0,0.0,0.1,15.700000000000001,27.8,2.0,03534,12.0
4193501,19.0,78.0,0.0,0.0,16.6,27.8,3.0,03534,12.0
4193521,15.5,79.5,0.2,0.0,12.1,18.5,4.0,03534,12.0
4193541,13.5,72.0,0.0,0.1,8.3,18.5,2.0,03534,12.0
4193552,12.5,79.5,0.0,0.0,13.9,25.9,2.0,03534,12.0
4193572,8.0,93.0,0.2,1.4999999999999998,19.45,24.1,7.0,03534,12.0
4193671,3.0,90.0,0.0,0.0,19.45,24.1,4.0,03534,12.0
4193681,10.0,62.0,0.0,0.0,32.6,59.3,7.0,03534,12.0
4193701,10.0,76.0,0.0,0.30000000000000004,20.35,35.2,7.0,03534,12.0
4193721,11.0,82.0,0.30000000000000004,0.0,23.200000000000003,40.8,7.0,03534,12.0
4193741,-0.5,89.5,0.0,0.0,4.7,14.8,2.0,03534,12.0
4193761,8.5,73.5,0.0,0.0,9.4,25.9,3.0,03534,12.0
4193783,8.0,63.5,0.0,0.1,13.0,16.7,2.0,03534,12.0
4193803,8.0,93.0,1.9,2.7,15.700000000000001,27.8,8.0,03534,12.0
4193822,11.0,61.0,0.0,0.1,10.0,24.1,2.0,03534,12.0
4193841,17.0,59.0,0.1,0.1,33.5,53.7,3.0,03534,12.0
4193861,11.5,43.5,0.0,0.0,18.4,29.6,3.0,03534,12.0
4193872,8.0,78.5,0.0,0.1,13.9,31.5,7.0,03534,12.0
4193892,14.0,91.0,0.0,0.0,17.5,31.5,7.0,03534,12.0
4506274,18.5,47.5,0.0,2.4,20.35,29.6,3.0,03534,12.0
4506294,18.0,54.0,0.0,0.0,13.9,25.9,2.0,03534,12.0
4506303,21.5,60.5,0.6000000000000001,0.4,19.450000000000003,27.8,7.0,03534,12.0
4506324,13.0,97.0,0.1,0.3,15.700000000000001,25.9,4.0,03534,12.0
4506404,15.0,72.0,0.0,0.0,8.5,16.7,3.0,03534,12.0
4506535,14.0,97.0,1.1,6.0,23.2,55.5,7.0,03534,12.0
4506425,8.0,100.0,1.1,0.6,19.45,37.0,7.0,03534,12.0
4506433,6.0,87.0,0.4,3.1999999999999997,56.5,72.2,7.0,03534,12.0
4506453,11.0,100.0,0.0,0.0,20.35,46.3,7.0,03534,12.0
4506493,8.0,90.0,0.0,0.0,13.9,25.9,4.0,03534,12.0
4506504,1.5,93.5,0.0,0.0,10.3,16.7,4.0,03534,12.0
4506604,5.5,100.0,0.4,4.5,27.9,50.0,8.0,03534,12.0
4506623,4.0,100.0,0.30000000000000004,5.4,12.100000000000001,20.4,7.0,03534,12.0
4506355,6.5,93.0,0.0,0.1,14.8,24.1,4.0,03534,12.0
4506635,11.5,60.0,0.0,0.0,7.3999999999999995,24.1,2.0,03534,12.0
4506373,13.5,36.5,0.0,0.0,23.0,42.6,1.0,03534,12.0
4506543,13.25,60.5,,,17.6,35.2,4.0,03534,12.0
4506564,13.5,61.0,0.0,0.0,26.0,29.6,4.0,03534,12.0
4506584,17.0,44.0,0.0,0.0,20.5,27.8,1.0,03534,12.0
4813375,20.0,64.0,0.0,0.0,16.0,27.8,4.0,03534,12.0
4813395,16.0,65.5,0.0,1.4,9.0,35.2,3.0,03534,12.0
4813425,16.0,53.5,0.0,0.0,14.0,18.5,3.0,03534,12.0
4813437,15.0,59.0,0.0,0.0,19.5,38.9,4.0,03534,12.0
4813457,8.5,78.5,0.7,0.0,13.0,35.2,7.0,03534,12.0
4813475,13.0,82.0,0.0,0.0,16.0,27.8,4.0,03534,12.0
4813495,6.5,78.5,0.0,0.0,6.0,25.9,1.0,03534,12.0
4813516,11.5,82.5,0.30000000000000004,0.4,17.0,38.9,7.0,03534,12.0
4813536,7.199999999999999,100.0,0.0,0.0,14.8,27.8,7.0,03534,12.0
4813566,2.0,62.5,0.0,0.0,27.0,29.6,1.0,03534,12.0
4813585,6.0,100.0,0.2,0.7,4.5,14.8,5.0,03534,12.0
4813605,8.0,93.0,1.3,1.1,7.0,16.7,7.0,03534,12.0
4813625,7.85,91.5,0.0,2.2,7.4,16.7,7.0,03534,12.0
4813635,12.5,85.0,1.4,0.0,11.0,29.6,7.0,03534,12.0
4813656,10.0,80.0,,,13.0,24.1,2.0,03534,12.0
4813676,,,,,,,,03534,12.0
4813695,,,,,,,,03534,12.0
4813717,,,,,,,,03534,12.0
4813737,,,,,,,,03534,12.0
3609942,18.85,81.5,,,11.0,22.2,7.0,03781,11.1
3609962,18.1,76.5,,,13.0,25.9,3.0,03781,11.1
3609982,11.5,77.0,,,14.0,27.8,2.0,03781,11.1
3609992,14.3,63.0,,,29.0,50.0,2.0,03781,11.1
3610013,11.8,71.0,,,10.0,24.1,3.0,03781,11.1
3610033,11.2,78.0,,,23.0,40.8,4.0,03781,11.1
3610054,3.2,86.0,,,35.0,59.0,7.0,03781,11.1
3610085,10.85,95.0,,,17.5,29.6,4.0,03781,11.1
3610096,10.6,78.5,,,8.5,18.5,4.0,03781,11.1
3610124,9.75,79.5,,,27.0,50.0,4.0,03781,11.1
3610133,11.45,93.5,,,23.5,35.2,4.0,03781,11.1
3610153,4.65,77.0,,,4.5,13.0,4.0,03781,11.1
3610183,7.6,92.0,,,30.5,63.0,8.0,03781,11.1
3610194,8.399999999999999,51.0,,,14.0,29.6,2.0,03781,11.1
3610214,7.050000000000001,90.5,,,6.5,16.7,2.0,03781,11.1
3610236,12.149999999999999,82.0,,,17.5,35.2,7.0,03781,11.1
3610264,8.2,81.5,,,5.0,20.4,2.0,03781,11.1
3610284,17.25,68.0,,,15.0,20.4,4.0,03781,11.1
3610305,19.950000000000003,35.5,,,15.0,25.9,2.0,03781,11.1
3900932,18.35,36.5,0.0,0.0,9.0,22.2,2.0,03781,11.1
3900953,22.200000000000003,48.0,0.0,0.0,17.5,33.0,4.0,03781,11.1
3900978,18.7,62.0,0.0,0.0,10.5,26.0,4.0,03781,11.1
3901014,17.0,63.0,0.0,0.0,23.0,40.0,4.0,03781,11.1
3901026,15.55,54.0,0.0,0.0,15.5,32.0,1.0,03781,11.1
3901048,11.850000000000001,87.0,0.0,0.0,9.5,20.0,1.0,03781,11.1
3901066,19.4,76.5,0.0,0.0,11.5,28.0,1.0,03781,11.1
3901096,5.45,75.0,0.0,0.0,16.0,38.0,2.0,03781,11.1
3901116,10.3,77.5,0.0,0.0,31.0,52.0,1.0,03781,11.1
3900994,0.6499999999999999,88.0,0.0,0.0,15.0,26.0,1.0,03781,11.1
3901134,0.45,87.5,0.0,0.0,3.0,7.0,1.0,03781,11.1
3901154,8.399999999999999,79.5,0.0,0.0,8.5,15.0,4.0,03781,11.1
3901173,3.65,71.5,0.0,0.0,17.5,35.0,4.0,03781,11.1
3901193,4.0,75.5,0.2,0.0,11.5,31.0,8.0,03781,11.1
3901216,9.35,81.0,0.0,0.2,19.5,30.0,4.0,03781,11.1
3901246,11.0,62.5,0.0,0.0,11.5,24.0,4.0,03781,11.1
3901266,14.350000000000001,67.5,0.0,0.0,6.0,18.0,3.0,03781,11.1
3901286,13.7,77.5,0.0,0.0,16.0,33.0,4.0,03781,11.1
3901306,18.5,42.0,0.0,0.0,19.5,41.0,1.0,03781,11.1
4193471,18.450000000000003,74.5,0.0,0.0,11.5,20.0,4.0,03781,11.1
4193495,23.1,64.0,0.0,0.0,4.0,14.0,1.0,03781,11.1
4193515,15.1,53.0,0.0,0.0,16.5,30.0,4.0,03781,11.1
4193533,20.25,63.5,0.0,0.0,18.0,29.0,4.0,03781,11.1
4193555,9.2,92.5,0.0,0.2,10.5,22.0,3.0,03781,11.1
4193575,7.75,78.0,0.0,0.0,6.0,16.0,4.0,03781,11.1
4193679,3.5,91.0,0.0,0.2,10.5,21.0,4.0,03781,11.1
4193683,12.4,94.0,0.0,9.6,27.5,44.0,7.0,03781,11.1
4193702,9.55,69.5,0.0,0.0,29.0,53.0,3.0,03781,11.1
4193722,10.3,88.5,0.2,0.30000000000000004,31.0,51.0,8.0,03781,11.1
4193748,5.95,86.0,0.0,0.0,8.0,11.0,4.0,03781,11.1
4193762,4.550000000000001,75.0,0.0,0.0,13.0,23.0,1.0,03781,11.1
4193786,5.949999999999999,84.0,0.0,0.30000000000000004,7.5,20.0,8.0,03781,11.1
4193806,11.25,62.5,0.0,0.0,16.0,36.0,4.0,03781,11.1
4193843,16.75,64.0,0.0,0.0,28.5,49.0,1.0,03781,11.1
4193863,9.350000000000001,56.5,0.0,0.0,17.5,33.0,4.0,03781,11.1
4193814,6.5,58.0,0.0,0.0,10.5,21.0,4.0,03781,11.1
4193886,12.05,92.5,0.0,2.6,11.5,26.0,4.0,03781,11.1
4193906,20.35,50.0,0.0,0.0,9.0,27.0,2.0,03781,11.1
4506276,14.7,95.0,2.2,4.800000000000001,13.5,34.0,8.0,03781,11.1
4506296,16.6,55.5,0.0,0.0,15.5,29.0,2.0,03781,11.1
4506305,20.95,63.5,0.0,0.0,9.0,20.0,1.0,03781,11.1
4506328,14.2,62.5,0.0,0.0,13.0,28.0,4.0,03781,11.1
4506409,14.1,68.0,0.0,0.0,9.5,18.0,8.0,03781,11.1
4506476,7.05,89.5,0.0,0.0,6.0,10.0,4.0,03781,11.1
4506414,11.75,96.5,0.0,0.0,9.5,21.0,4.0,03781,11.1
4506435,5.25,91.0,0.4,4.7,37.5,64.0,7.0,03781,11.1
4506455,9.6,80.5,0.0,0.4,25.0,55.0,8.0,03781,11.1
4506495,3.3499999999999996,100.0,0.0,0.0,11.0,18.0,5.0,03781,11.1
4506506,2.4,81.5,0.0,0.0,9.5,22.0,4.0,03781,11.1
4506606,4.55,95.5,4.800000000000001,3.3,27.5,60.0,8.0,03781,11.1
4506625,2.8,87.0,0.4,0.0,9.0,22.0,8.0,03781,11.1
4506339,5.9,76.5,0.0,0.0,10.0,18.0,3.0,03781,11.1
4506346,15.05,48.0,0.0,0.0,14.0,27.0,1.0,03781,11.1
4506375,14.7,41.0,0.0,0.0,20.0,47.0,1.0,03781,11.1
4506545,14.3,58.0,,,13.0,25.9,2.0,03781,11.1
4506567,8.55,60.0,0.0,0.7999999999999999,15.75,31.5,4.0,03781,11.1
4506588,16.95,51.0,0.0,0.0,7.0,19.0,4.0,03781,11.1
4813389,22.3,44.0,0.0,0.0,11.0,23.0,3.0,03781,11.1
4813409,15.5,67.0,5.5,0.2,19.45,35.2,7.0,03781,11.1
4813428,14.8,64.5,0.0,0.0,11.5,26.0,2.0,03781,11.1
4813447,13.45,69.0,0.0,0.0,11.1,20.4,4.0,03781,11.1
4813467,,,,,,,,03781,11.1
4813478,,,,,,,,03781,11.1
4813498,,,,,,,,03781,11.1
4813529,,,,,,,,03781,11.1
4813549,,,,,,,,03781,11.1
4813559,,,,,,,,03781,11.1
4813579,,,,,,,,03781,11.1
4813599,,,,,,,,03781,11.1
4813628,,,,,,,,03781,11.1
4813638,,,,,,,,03781,11.1
4813669,,,,,,,,03781,11.1
4813689,,,,,,,,03781,11.1
4813698,,,,,,,,03781,11.1
4813727,,,,,,,,03781,11.1
4813747,,,,,,,,03781,11.1
3609943,17.0,94.0,1.1,2.3,4.5,,,EGNM0,11.0
3609964,15.0,74.5,0.4,0.0,7.6,,,EGNM0,11.0
3609984,19.0,80.5,0.0,0.0,10.3,,,EGNM0,11.0
3609993,9.0,100.0,1.0,0.5,20.35,,,EGNM0,11.0
3610015,11.5,74.0,0.0,0.0,24.1,,,EGNM0,11.0
3610035,9.5,71.0,0.0,0.0,39.8,,,EGNM0,11.0
3610061,9.0,90.5,1.2999999999999998,0.1,25.0,,,EGNM0,11.0
3610071,5.0,87.0,0.1,0.1,20.5,,,EGNM0,11.0
3610102,3.0,100.0,0.0,0.0,6.5,,5.0,EGNM0,11.0
3610135,8.0,87.0,0.1,0.0,25.0,,,EGNM0,11.0
3610155,6.5,84.0,0.0,0.0,25.9,,,EGNM0,11.0
3610184,10.0,94.0,4.5,8.700000000000001,38.0,,,EGNM0,11.0
3610196,7.0,76.0,0.0,0.0,25.0,,,EGNM0,11.0
3610126,11.0,76.0,0.1,0.1,20.35,,,EGNM0,11.0
3610216,11.0,58.0,0.1,0.5,30.6,,,EGNM0,11.0
3610235,6.0,59.0,0.2,0.30000000000000004,13.0,,,EGNM0,11.0
3610277,12.5,52.5,0.0,0.0,23.200000000000003,,,EGNM0,11.0
3610257,12.0,65.0,0.0,0.0,28.8,,,EGNM0,11.0
3610297,17.0,61.0,0.0,0.7000000000000001,21.4,,,EGNM0,11.0
3900935,18.0,58.0,0.0,0.0,24.1,,3.0,EGNM0,11.0
3900956,18.5,45.5,0.0,0.0,19.450000000000003,,2.0,EGNM0,11.0
3900975,13.5,74.5,0.0,0.0,17.5,,3.0,EGNM0,11.0
3901016,14.0,67.0,0.0,0.0,19.450000000000003,,3.0,EGNM0,11.0
3901035,12.0,62.0,0.0,0.0,19.45,,3.0,EGNM0,11.0
3901055,13.5,97.0,0.9,7.2,15.85,,8.0,EGNM0,11.0
3901075,11.0,94.0,0.0,1.8,15.700000000000001,,3.0,EGNM0,11.0
3901098,8.5,81.5,0.0,0.0,29.5,,3.0,EGNM0,11.0
3901118,8.5,90.0,0.1,0.30000000000000004,34.4,,7.0,EGNM0,11.0
3901136,1.0,93.0,0.0,0.0,6.5,,5.0,EGNM0,11.0
3901156,7.5,68.5,0.0,0.0,12.100000000000001,,3.0,EGNM0,11.0
3901176,5.0,63.0,0.0,0.0,20.5,,3.0,EGNM0,11.0
3901196,3.0,52.0,0.0,0.0,13.0,,3.0,EGNM0,11.0
3900996,11.5,34.0,0.0,0.0,11.2,,3.0,EGNM0,11.0
3901225,11.0,66.5,0.0,0.0,18.55,,3.0,EGNM0,11.0
3901235,9.0,73.5,0.0,0.2,11.2,,1.0,EGNM0,11.0
3901253,7.0,55.0,0.0,0.0,13.899999999999999,,3.0,EGNM0,11.0
3901288,10.0,79.0,0.0,0.0,5.4,,3.0,EGNM0,11.0
3901308,14.5,63.0,0.0,0.4,15.700000000000001,,3.0,EGNM0,11.0
4813383,15.0,82.0,0.0,0.0,8.0,,3.0,EGNM0,11.0
4813398,15.0,97.0,0.5,0.0,24.0,,8.0,EGNM0,11.0
4813430,13.5,69.5,0.0,0.0,20.0,,3.0,EGNM0,11.0
4813441,10.0,87.5,0.5,3.1,40.5,,8.0,EGNM0,11.0
4813461,7.0,93.0,0.0,0.0,28.0,,3.0,EGNM0,11.0
4813490,6.0,90.0,0.0,0.2,24.0,,3.0,EGNM0,11.0
4813510,3.0,93.0,0.0,0.0,7.5,,3.0,EGNM0,11.0
4813520,9.0,94.0,0.5,0.4,21.0,,17.0,EGNM0,11.0
4813540,3.8499999999999996,99.0,0.0,0.0,13.149999999999999,,3.0,EGNM0,11.0
4813570,,,,,,,,EGNM0,11.0
4813588,,,,,,,,EGNM0,11.0
4813608,,,,,,,,EGNM0,11.0
4813620,,,,,,,,EGNM0,11.0
4813650,,,,,,,,EGNM0,11.0
4813660,,,,,,,,EGNM0,11.0
4813680,,,,,,,,EGNM0,11.0
4813700,,,,,,,,EGNM0,11.0
4813721,,,,,,,,EGNM0,11.0
4813741,,,,,,,,EGNM0,11.0
3609945,18.0,88.0,,,6.5,25.9,8.0,03334,15.5
3609953,18.5,62.0,,,2.7,14.8,2.0,03334,15.5
3609973,21.0,58.5,,,10.3,20.4,3.0,03334,15.5
3610004,15.0,77.0,,,6.5,22.2,4.0,03334,15.5
3610023,12.5,67.5,,,13.0,29.6,2.0,03334,15.5
3610043,7.0,61.0,,,20.35,29.6,2.0,03334,15.5
3610057,0.0,93.0,,,4.7,13.0,14.0,03334,15.5
3610088,6.5,87.0,,,9.399999999999999,25.9,8.0,03334,15.5
3610099,9.5,90.5,,,9.399999999999999,20.4,3.0,03334,15.5
3610114,6.0,93.0,,,3.6,24.1,4.0,03334,15.5
3610144,5.0,84.0,,,5.4,18.5,4.0,03334,15.5
3610169,5.0,78.0,,,6.5,16.7,4.0,03334,15.5
3610186,3.0,87.0,,,8.5,22.2,3.0,03334,15.5
3610204,7.0,53.0,,,14.799999999999999,24.1,2.0,03334,15.5
3610244,11.0,40.0,,,7.4,25.9,4.0,03334,15.5
3610224,12.0,47.5,,,9.399999999999999,31.5,3.0,03334,15.5
3610261,15.0,51.0,,,30.6,46.3,3.0,03334,15.5
3610281,17.0,63.0,,,8.3,25.9,3.0,03334,15.5
3610308,18.5,66.0,,,15.7,33.3,4.0,03334,15.5
3900948,30.0,35.0,0.0,0.0,9.399999999999999,25.9,2.0,03334,15.5
3900968,21.0,58.0,0.0,0.4,6.5,14.8,3.0,03334,15.5
3900981,19.0,56.5,0.0,0.0,16.6,31.5,2.0,03334,15.5
3901019,15.0,61.0,0.0,0.0,19.45,27.8,3.0,03334,15.5
3901028,14.5,59.0,0.0,0.30000000000000004,15.700000000000001,25.9,2.0,03334,15.5
3901056,15.5,74.5,0.0,0.0,11.2,29.6,3.0,03334,15.5
3901076,12.0,91.0,0.4,1.6,14.799999999999999,33.3,7.0,03334,15.5
3901086,12.0,82.0,0.0,0.0,10.3,29.6,3.0,03334,15.5
3901106,10.5,87.5,2.0,0.5,7.4,24.1,7.0,03334,15.5
3900999,3.5,81.0,0.0,0.0,10.100000000000001,18.5,2.0,03334,15.5
3901139,3.0,81.0,0.0,0.0,7.6,22.2,4.0,03334,15.5
3901159,8.0,68.5,0.0,0.0,5.4,20.4,3.0,03334,15.5
3901188,5.0,65.0,0.0,0.0,4.7,16.7,3.0,03334,15.5
3901218,9.0,66.0,0.1,0.0,13.0,25.9,4.0,03334,15.5
3901236,13.0,58.0,0.0,0.0,7.4,16.7,3.0,03334,15.5
3901261,10.0,50.0,0.0,0.0,4.5,20.4,2.0,03334,15.5
3901208,12.0,58.0,0.0,0.0,12.1,37.0,4.0,03334,15.5
3901276,16.0,72.0,0.2,0.2,7.6,24.1,7.0,03334,15.5
3901296,20.0,32.5,0.0,0.0,11.2,22.2,2.0,03334,15.5
4193475,18.5,68.0,0.0,0.0,13.0,33.3,3.0,03334,15.5
4193498,21.5,60.5,0.0,0.0,5.4,14.8,5.0,03334,15.5
4193518,15.0,59.0,0.0,0.30000000000000004,11.2,25.9,2.0,03334,15.5
4193545,11.5,74.0,0.0,0.0,14.8,20.4,4.0,03334,15.5
4193565,8.0,87.0,0.9,2.3000000000000003,13.9,25.9,7.0,03334,15.5
4193656,4.0,75.5,0.0,0.0,1.8,11.1,1.0,03334,15.5
4193667,2.5,96.5,0.5,0.4,6.5,14.8,7.0,03334,15.5
4193697,10.5,79.0,0.0,0.0,11.2,27.8,4.0,03334,15.5
4193726,10.5,84.5,0.7,3.5,15.7,38.9,8.0,03334,15.5
4193750,8.5,93.5,1.8,2.0999999999999996,22.3,40.8,7.0,03334,15.5
4193766,9.0,87.0,0.0,0.0,4.5,16.7,4.0,03334,15.5
4193776,12.0,94.0,2.1,1.2999999999999998,13.0,38.9,7.0,03334,15.5
4193706,9.5,94.0,0.0,0.5,11.2,31.5,5.0,03334,15.5
4193796,8.5,64.0,0.0,0.0,9.4,16.7,3.0,03334,15.5
4193826,11.0,66.5,0.0,0.0,21.0,37.0,4.0,03334,15.5
4193840,9.0,82.0,0.0,0.8,17.65,27.8,3.0,03334,15.5
4193857,13.5,79.5,0.4,0.0,25.0,44.5,7.0,03334,15.5
4193889,13.0,77.0,0.1,0.0,10.3,20.4,4.0,03334,15.5
4193909,22.0,38.0,0.0,0.0,7.6,24.1,1.0,03334,15.5
4506279,17.0,57.0,0.0,0.1,25.0,35.2,7.0,03334,15.5
4506299,18.5,58.0,0.0,0.0,19.450000000000003,33.3,3.0,03334,15.5
4506309,15.0,88.0,0.7,1.4,23.200000000000003,33.3,7.0,03334,15.5
4506331,15.5,61.0,0.0,0.0,12.1,42.6,3.0,03334,15.5
4506415,14.0,67.0,0.0,0.0,13.0,24.1,2.0,03334,15.5
4506540,13.0,94.0,0.2,6.499999999999999,14.8,42.6,7.0,03334,15.5
4506430,8.5,90.0,1.1,0.8999999999999999,12.1,44.5,7.0,03334,15.5
4506448,11.0,88.0,0.0,0.0,9.2,29.6,4.0,03334,15.5
4506488,7.0,100.0,0.0,0.0,3.6,13.0,5.0,03334,15.5
4506509,2.0,87.0,0.0,0.0,4.5,18.5,4.0,03334,15.5
4506609,3.0,75.0,0.0,0.0,5.6,20.4,1.0,03334,15.5
4506629,4.5,90.0,0.4,1.2,7.4,22.2,7.0,03334,15.5
4506640,11.0,85.0,3.3,5.1,23.200000000000003,59.3,7.0,03334,15.5
4506360,8.0,51.0,,,10.3,22.2,4.0,03334,15.5
4506369,10.0,56.0,0.0,0.0,14.0,37.0,1.0,03334,15.5
4506388,19.0,40.0,0.0,0.0,11.0,27.8,1.0,03334,15.5
4506558,12.0,62.0,0.0,0.0,6.5,24.1,4.0,03334,15.5
4506570,12.5,67.5,0.0,0.0,8.0,25.9,1.0,03334,15.5
4506591,16.0,50.0,0.0,0.2,10.0,20.4,2.0,03334,15.5
4813392,20.0,60.0,0.0,0.0,6.5,13.0,4.0,03334,15.5
4813412,13.5,88.0,5.0,1.5,18.0,48.2,8.0,03334,15.5
4813431,14.5,69.5,0.0,0.0,10.0,33.3,4.0,03334,15.5
4813450,13.0,72.0,0.0,0.0,11.0,31.5,4.0,03334,15.5
4813470,8.5,68.5,0.0,0.0,11.0,25.9,2.0,03334,15.5
4813480,12.0,88.0,0.0,0.0,7.0,33.3,7.0,03334,15.5
4813500,6.0,87.0,0.8,1.6,4.0,13.0,18.0,03334,15.5
4813521,10.0,87.0,0.5,0.8999999999999999,16.0,33.3,7.0,03334,15.5
4813541,6.6,88.0,0.0,0.0,20.4,33.3,2.0,03334,15.5
4813571,-1.0,89.5,0.0,0.0,7.0,13.0,3.0,03334,15.5
4813582,1.0,80.5,0.0,0.0,6.0,16.7,4.0,03334,15.5
4813602,8.0,66.0,0.0,0.0,14.0,53.7,3.0,03334,15.5
4813630,8.35,91.5,0.4,4.0,10.2,18.5,7.0,03334,15.5
4813640,11.0,94.0,0.6,4.199999999999999,18.0,35.2,7.0,03334,15.5
4813661,9.95,80.0,,,13.0,24.1,1.0,03334,15.5
4813701,,,,,,,,03334,15.5
4813730,,,,,,,,03334,15.5
4813681,,,,,,,,03334,15.5
4813750,,,,,,,,03334,15.5
3609941,20.0,78.0,,,13.0,20.4,7.0,03776,33.0
3609950,19.0,64.0,,,17.5,33.3,3.0,03776,33.0
3609970,16.5,91.0,,,9.399999999999999,16.7,7.0,03776,33.0
3609989,15.5,94.0,,,25.049999999999997,42.6,9.0,03776,33.0
3610011,13.0,72.0,,,5.4,18.5,3.0,03776,33.0
3610031,12.0,82.0,,,16.6,27.8,4.0,03776,33.0
3610051,3.5,78.0,,,36.2,53.7,7.0,03776,33.0
3610092,11.5,82.0,,,7.6,11.1,4.0,03776,33.0
3610111,9.0,94.0,,,5.4,9.3,4.0,03776,33.0
3610141,0.5,93.0,,,4.5,13.0,1.0,03776,33.0
3610161,1.5,96.5,,,1.8,9.3,5.0,03776,33.0
3610182,9.0,87.5,,,30.6,46.3,8.0,03776,33.0
3610192,9.0,48.0,,,17.5,27.8,2.0,03776,33.0
3610212,10.5,71.5,,,18.4,37.0,3.0,03776,33.0
3610082,8.5,90.0,,,21.25,20.4,7.0,03776,33.0
3610239,8.0,43.0,,,18.4,29.6,2.0,03776,33.0
3610267,17.0,42.0,,,25.0,40.8,2.0,03776,33.0
3610287,16.5,70.0,,,16.6,24.1,3.0,03776,33.0
3610302,20.5,30.0,,,13.0,18.5,2.0,03776,33.0
3900945,32.0,21.0,0.0,0.0,12.100000000000001,24.1,1.0,03776,33.0
3900965,23.0,48.5,0.0,0.1,14.799999999999999,16.7,3.0,03776,33.0
3900984,21.5,67.0,0.0,0.0,13.9,25.9,4.0,03776,33.0
3901024,15.0,55.5,0.0,0.0,11.2,14.8,2.0,03776,33.0
3901045,13.0,88.0,0.0,0.0,13.9,24.1,2.0,03776,33.0
3901065,20.0,73.5,0.0,0.0,11.2,25.9,3.0,03776,33.0
3901083,15.5,82.0,0.0,0.0,7.6,20.4,2.0,03776,33.0
3901103,13.0,82.0,0.4,6.4,24.1,46.3,7.0,03776,33.0
3901124,9.5,84.5,0.0,3.0999999999999996,27.0,37.0,7.0,03776,33.0
3901144,9.0,66.0,0.0,0.0,11.2,18.5,3.0,03776,33.0
3901164,12.0,88.0,0.9,0.4,18.4,33.3,7.0,03776,33.0
3901185,6.0,65.0,0.0,0.0,13.0,24.1,4.0,03776,33.0
3901004,7.0,87.0,0.4,0.2,8.5,22.2,7.0,03776,33.0
3901214,11.5,71.5,0.0,0.1,16.6,31.5,7.0,03776,33.0
3901265,17.5,55.5,0.0,0.0,6.5,14.8,3.0,03776,33.0
3901205,13.5,91.0,0.0,0.0,6.5,20.4,17.0,03776,33.0
3901273,13.0,91.0,0.0,0.7000000000000001,13.0,25.9,7.0,03776,33.0
3901293,17.5,52.0,0.0,0.0,22.3,33.3,3.0,03776,33.0
3901245,18.0,55.5,0.0,0.0,16.6,20.4,2.0,03776,33.0
4193453,19.0,78.0,0.3,0.4,21.4,38.9,3.0,03776,33.0
4193483,18.5,64.0,0.4,1.3,14.8,22.2,18.0,03776,33.0
4193492,23.0,57.5,0.0,0.2,15.700000000000001,22.2,2.0,03776,33.0
4193512,19.0,73.0,0.0,0.0,21.25,48.2,3.0,03776,33.0
4193531,23.5,51.5,0.0,0.0,11.2,24.1,2.0,03776,33.0
4193553,11.5,91.0,0.0,5.0,9.399999999999999,35.2,7.0,03776,33.0
4193573,9.0,87.0,0.2,0.0,10.3,24.1,7.0,03776,33.0
4193672,2.0,96.5,0.0,0.0,8.5,20.4,4.0,03776,33.0
4193682,11.0,71.0,0.0,1.3,37.1,51.8,2.0,03776,33.0
4193714,10.5,91.0,0.0,0.0,24.1,53.7,7.0,03776,33.0
4193734,8.0,71.0,0.0,0.0,20.35,46.3,2.0,03776,33.0
4193754,12.0,88.0,0.0,0.0,9.4,37.0,4.0,03776,33.0
4193784,7.0,81.0,0.3,0.8999999999999999,4.5,22.2,18.0,03776,33.0
4193804,9.0,88.0,0.8999999999999999,4.1000000000000005,7.4,16.7,7.0,03776,33.0
4193842,15.0,74.5,0.0,0.0,17.5,46.3,17.0,03776,33.0
4193812,7.0,96.5,0.9,1.6,4.5,20.4,7.0,03776,33.0
4193883,14.0,79.5,0.2,0.0,13.0,27.8,3.0,03776,33.0
4193862,18.0,49.0,0.0,0.0,8.5,22.2,2.0,03776,33.0
4193903,21.5,46.0,0.0,0.0,15.700000000000001,25.9,2.0,03776,33.0
4506275,16.0,100.0,3.1,6.9,8.5,25.9,8.0,03776,33.0
4506295,18.0,52.0,0.0,0.0,12.1,25.9,3.0,03776,33.0
4506304,19.0,88.0,3.0999999999999996,1.5,12.1,25.9,7.0,03776,33.0
4506326,14.0,97.0,0.0,0.2,10.3,31.5,7.0,03776,33.0
4506406,14.0,91.0,0.0,0.0,6.5,14.8,7.0,03776,33.0
4506474,8.0,87.0,0.0,0.0,6.5,13.0,4.0,03776,33.0
4506411,8.5,73.5,0.0,0.0,9.399999999999999,29.6,1.0,03776,33.0
4506445,12.5,91.0,0.0,0.0,16.6,33.3,3.0,03776,33.0
4506485,5.0,100.0,0.0,0.0,4.5,14.8,5.0,03776,33.0
4506505,1.0,96.5,0.1,0.0,11.2,29.6,4.0,03776,33.0
4506605,6.5,55.0,0.0,0.0,4.5,18.5,3.0,03776,33.0
4506624,1.5,80.5,0.0,0.0,10.3,24.1,4.0,03776,33.0
4506334,6.0,78.5,0.0,0.0,6.5,20.4,2.0,03776,33.0
4506344,15.5,53.5,0.0,0.0,19.45,29.6,3.0,03776,33.0
4506365,11.0,67.0,0.0,0.0,22.0,42.6,2.0,03776,33.0
4506385,20.5,30.5,0.0,0.0,11.0,27.8,3.0,03776,33.0
4506555,17.5,48.5,0.0,0.0,18.0,25.9,3.0,03776,33.0
4506572,13.0,47.0,0.0,0.0,21.0,37.0,4.0,03776,33.0
4506586,12.5,65.0,0.0,0.0,16.0,29.6,2.0,03776,33.0
4813376,20.0,70.5,0.0,0.0,20.5,33.3,2.0,03776,33.0
4813396,19.5,64.0,0.0,0.4,19.5,38.9,18.0,03776,33.0
4813417,20.0,75.5,0.0,0.0,22.0,38.9,7.0,03776,33.0
4813445,14.8,64.0,0.0,0.0,18.5,31.5,4.0,03776,33.0
4813465,,,,,,,,03776,33.0
4813487,,,,,,,,03776,33.0
4813507,,,,,,,,03776,33.0
4813517,,,,,,,,03776,33.0
4813537,,,,,,,,03776,33.0
4813567,,,,,,,,03776,33.0
4813586,,,,,,,,03776,33.0
4813606,,,,,,,,03776,33.0
4813617,,,,,,,,03776,33.0
4813647,,,,,,,,03776,33.0
4813657,,,,,,,,03776,33.0
4813677,,,,,,,,03776,33.0
4813707,,,,,,,,03776,33.0
4813725,,,,,,,,03776,33.0
4813745,,,,,,,,03776,33.0
3609946,21.0,60.0,,,16.6,22.2,3.0,03865,1.3
3609967,20.5,60.0,,,13.0,25.9,3.0,03865,1.3
3609987,20.0,62.0,,,23.200000000000003,25.9,3.0,03865,1.3
3610007,17.0,68.0,,,13.0,16.7,3.0,03865,1.3
3610017,14.0,61.0,,,15.700000000000001,22.2,3.0,03865,1.3
3610037,9.5,87.0,,,0.9,14.8,4.0,03865,1.3
3610067,5.5,90.0,,,12.1,25.9,3.0,03865,1.3
3610074,7.5,63.5,,,18.4,38.9,2.0,03865,1.3
3610129,10.5,79.0,,,19.450000000000003,44.5,3.0,03865,1.3
3610105,10.0,97.0,,,7.3999999999999995,16.7,7.0,03865,1.3
3610158,5.0,78.0,,,6.5,14.8,2.0,03865,1.3
3610187,11.0,79.0,,,22.15,48.2,7.0,03865,1.3
3610198,2.5,87.0,,,0.9,14.8,2.0,03865,1.3
3610138,11.0,82.0,,,10.3,20.4,7.0,03865,1.3
3610218,12.5,60.0,,,20.35,31.5,17.0,03865,1.3
3610241,11.5,42.0,,,16.6,27.8,2.0,03865,1.3
3610254,18.0,52.0,,,11.2,20.4,2.0,03865,1.3
3610274,16.5,50.0,,,8.3,13.0,3.0,03865,1.3
3610294,16.5,80.0,,,12.1,22.2,3.0,03865,1.3
3900950,31.5,36.0,0.0,0.0,13.9,22.2,1.0,03865,1.3
3900970,23.0,48.5,1.0,0.1,0.0,14.8,2.0,03865,1.3
3900979,21.0,53.0,0.0,0.0,6.5,31.5,3.0,03865,1.3
3901020,19.5,54.5,0.0,0.1,21.25,40.8,3.0,03865,1.3
3901039,16.5,63.5,0.0,0.0,7.6,22.2,3.0,03865,1.3
3901058,18.5,75.5,0.3,2.8000000000000003,7.4,22.2,18.0,03865,1.3
3901078,13.0,85.0,0.2,2.5,12.100000000000001,31.5,18.0,03865,1.3
3901101,7.5,68.5,0.0,0.0,9.4,27.8,2.0,03865,1.3
3901121,12.0,77.0,0.0,0.0,10.3,31.5,3.0,03865,1.3
3901140,6.0,61.0,0.0,0.0,2.7,16.7,2.0,03865,1.3
3901160,10.5,71.5,0.0,0.0,1.8,13.0,3.0,03865,1.3
3901190,5.5,63.0,0.0,0.0,10.3,20.4,3.0,03865,1.3
3901000,8.0,93.0,1.7999999999999998,0.9000000000000001,9.4,25.9,7.0,03865,1.3
3901210,13.5,74.5,0.2,2.0,11.2,18.5,17.0,03865,1.3
3901229,13.0,58.0,0.0,0.0,7.6,16.7,3.0,03865,1.3
3901238,13.5,61.0,0.0,0.0,11.2,22.2,3.0,03865,1.3
3901260,11.5,94.0,0.5,1.7000000000000002,7.4,24.1,7.0,03865,1.3
3901291,16.0,70.0,0.0,0.0,14.8,25.9,2.0,03865,1.3
3901311,22.0,38.0,0.0,0.0,16.6,38.9,2.0,03865,1.3
4506280,17.0,80.5,0.2,10.200000000000001,7.4,37.0,7.0,03865,1.3
4506300,17.5,55.5,0.0,0.0,12.1,20.4,3.0,03865,1.3
4506310,21.5,62.5,1.6,0.0,8.5,33.3,18.0,03865,1.3
4506400,17.5,57.5,0.0,0.0,10.3,25.9,2.0,03865,1.3
4506470,14.0,82.0,0.0,0.0,5.6,33.3,4.0,03865,1.3
4506542,17.0,70.0,2.6,0.5,38.900000000000006,63.0,8.0,03865,1.3
4506432,11.0,79.0,0.3,0.0,17.5,29.6,4.0,03865,1.3
4506451,12.0,85.0,0.0,0.0,6.5,27.8,4.0,03865,1.3
4506491,8.0,93.0,0.0,0.0,0.0,11.1,4.0,03865,1.3
4506510,5.0,58.5,0.0,0.0,7.6,27.8,4.0,03865,1.3
4506610,6.5,65.5,0.0,0.0,0.9,16.7,3.0,03865,1.3
4506630,7.0,73.5,0.0,0.0,11.2,24.1,7.0,03865,1.3
4506642,11.0,73.5,0.0,0.0,14.799999999999999,27.8,4.0,03865,1.3
4506362,9.0,43.0,,,18.4,40.8,4.0,03865,1.3
4506371,12.5,56.0,0.0,0.0,14.0,51.8,2.0,03865,1.3
4506391,17.0,52.0,0.0,0.0,7.5,22.2,4.0,03865,1.3
4506561,17.5,52.0,0.0,0.0,5.0,20.4,4.0,03865,1.3
4506580,20.5,39.0,0.0,0.0,17.0,38.9,2.0,03865,1.3
4506600,18.0,45.0,0.0,0.0,20.5,46.3,3.0,03865,1.3
3609948,19.5,78.0,,,15.700000000000001,20.4,3.0,03534,31.0
3609958,17.0,61.0,,,16.6,24.1,2.0,03534,31.0
3609978,20.5,68.5,,,6.5,16.7,3.0,03534,31.0
3609998,12.0,100.0,,,14.95,24.1,9.0,03534,31.0
3610028,6.0,93.0,,,9.4,16.7,2.0,03534,31.0
3610048,10.5,73.5,,,10.3,22.2,2.0,03534,31.0
3610064,3.0,84.0,,,20.35,25.9,2.0,03534,31.0
3610078,7.0,66.0,,,24.1,46.3,17.0,03534,31.0
3610109,2.0,100.0,,,12.1,14.8,5.0,03534,31.0
3610149,3.5,100.0,,,6.5,16.7,5.0,03534,31.0
3610165,5.0,70.0,,,13.899999999999999,24.1,2.0,03534,31.0
3610189,9.5,90.5,,,32.4,59.3,8.0,03534,31.0
3610209,7.5,57.0,,,27.7,38.9,4.0,03534,31.0
3610119,10.5,84.5,,,15.7,27.8,4.0,03534,31.0
3610229,10.5,69.0,,,12.1,25.9,2.0,03534,31.0
3610230,7.0,55.5,,,19.45,22.2,2.0,03534,31.0
3610270,16.0,43.5,,,9.4,18.5,3.0,03534,31.0
3610250,13.5,65.0,,,11.2,25.9,2.0,03534,31.0
3610290,18.0,70.5,,,24.1,35.2,4.0,03534,31.0
3900951,31.5,29.5,0.0,0.0,15.700000000000001,25.9,2.0,03534,31.0
3900971,22.0,47.0,0.0,0.0,10.3,22.2,3.0,03534,31.0
3900991,21.5,62.5,0.0,0.4,16.6,25.9,3.0,03534,31.0
3901011,14.5,51.5,0.0,0.0,20.35,24.1,2.0,03534,31.0
3901041,15.0,55.0,0.0,0.0,17.5,38.9,2.0,03534,31.0
3901061,17.0,80.0,2.0,5.999999999999999,15.700000000000001,20.4,7.0,03534,31.0
3901081,13.0,85.0,0.0,1.6,20.35,29.6,4.0,03534,31.0
3901091,11.5,94.0,0.0,0.0,13.9,22.2,2.0,03534,31.0
3901111,12.0,88.0,0.0,1.3,12.1,31.5,8.0,03534,31.0
3901131,7.0,66.0,0.0,0.6,22.3,38.9,3.0,03534,31.0
3901151,9.0,76.0,0.0,0.0,10.3,22.2,4.0,03534,31.0
3901171,12.5,72.0,0.0,0.0,18.55,37.0,3.0,03534,31.0
3901191,4.5,67.5,0.0,0.0,10.3,16.7,3.0,03534,31.0
3901211,13.5,72.0,0.2,1.3,13.0,16.7,18.0,03534,31.0
3901231,14.0,46.0,0.0,0.0,12.1,18.5,3.0,03534,31.0
3901241,11.5,66.5,0.0,0.2,6.5,14.8,3.0,03534,31.0
3901257,8.0,48.5,0.0,0.0,4.5,14.8,3.0,03534,31.0
3901281,14.0,88.0,0.1,1.3,19.45,20.4,7.0,03534,31.0
3901301,18.0,48.5,0.0,0.0,17.5,29.6,2.0,03534,31.0
4193479,22.0,59.0,0.0,0.2,15.7,38.9,2.0,03534,31.0
4193509,17.0,83.0,0.0,0.0,15.700000000000001,25.9,3.0,03534,31.0
4193529,16.0,74.5,0.8,0.8,16.6,22.2,7.0,03534,31.0
4193539,21.5,56.5,0.0,0.0,11.2,18.5,3.0,03534,31.0
4193559,12.5,82.5,0.8999999999999999,0.0,15.700000000000001,25.9,7.0,03534,31.0
4193579,10.0,68.5,0.0,0.0,11.2,16.7,2.0,03534,31.0
4193678,4.0,87.0,0.0,0.0,11.2,16.7,3.0,03534,31.0
4193690,11.0,64.5,0.0,1.5,25.0,59.3,7.0,03534,31.0
4193710,14.0,79.5,0.0,0.4,22.3,51.8,7.0,03534,31.0
4193730,11.0,82.0,0.30000000000000004,0.0,23.200000000000003,40.8,7.0,03534,31.0
4193747,5.0,81.0,0.0,0.0,10.3,22.2,3.0,03534,31.0
4193770,9.5,79.0,0.0,0.0,13.9,18.5,4.0,03534,31.0
4193790,7.0,76.0,0.0,0.0,18.55,38.9,3.0,03534,31.0
4193810,12.0,62.0,0.0,0.0,22.3,44.5,3.0,03534,31.0
4193850,17.0,59.0,0.1,0.1,33.5,53.7,3.0,03534,31.0
4193870,11.0,50.5,0.0,0.0,11.2,16.7,4.0,03534,31.0
4193820,7.5,57.0,0.0,0.0,9.4,16.7,3.0,03534,31.0
4193880,8.5,76.0,0.0,0.8999999999999999,13.9,31.5,7.0,03534,31.0
4193900,21.5,53.0,0.0,0.0,16.6,29.6,3.0,03534,31.0
4506282,15.0,75.5,0.0,0.0,15.700000000000001,44.5,4.0,03534,31.0
4506302,15.0,85.0,2.5,3.7,8.5,24.1,7.0,03534,31.0
4506322,13.0,58.0,0.0,0.0,7.4,14.8,3.0,03534,31.0
4506402,14.5,91.0,0.0,4.699999999999999,19.450000000000003,50.0,7.0,03534,31.0
4506472,13.0,88.0,0.0,0.0,7.6,18.5,4.0,03534,31.0
4506482,7.0,81.0,0.0,0.0,5.6,11.1,4.0,03534,31.0
4506422,14.0,88.0,0.0,0.0,12.1,24.1,4.0,03534,31.0
4506452,7.0,76.0,0.0,0.0,11.2,24.1,4.0,03534,31.0
4506492,5.5,100.0,0.0,0.0,5.6,11.1,5.0,03534,31.0
4506512,3.0,87.0,0.0,0.0,13.0,27.8,4.0,03534,31.0
4506612,6.0,61.0,0.0,0.0,10.3,25.9,1.0,03534,31.0
4506622,5.0,93.0,0.0,0.0,12.100000000000001,24.1,4.0,03534,31.0
4506338,6.5,68.0,0.0,0.0,10.3,20.4,2.0,03534,31.0
4506352,11.5,69.0,0.0,0.0,10.3,25.9,4.0,03534,31.0
4506367,11.0,49.0,0.0,0.0,18.5,37.0,1.0,03534,31.0
4506392,14.0,41.0,0.0,0.3,16.0,29.6,4.0,03534,31.0
4506562,15.5,65.0,0.0,0.0,9.0,16.7,4.0,03534,31.0
4506582,21.0,29.0,0.0,0.0,19.5,31.5,1.0,03534,31.0
4506602,17.0,42.0,0.0,0.0,21.0,46.3,4.0,03534,31.0
4813380,20.0,60.0,0.0,0.0,17.0,29.6,2.0,03534,31.0
4813404,17.5,91.5,0.3,0.0,21.5,38.9,7.0,03534,31.0
4813424,17.5,83.0,0.0,2.7,15.0,29.6,7.0,03534,31.0
4813444,15.0,59.0,0.0,0.0,19.5,38.9,4.0,03534,31.0
4813464,8.5,78.5,0.7,0.0,13.0,35.2,7.0,03534,31.0
4813494,8.5,97.0,1.6,1.0,6.5,22.2,7.0,03534,31.0
4813514,5.0,93.0,0.0,0.0,12.0,20.4,2.0,03534,31.0
4813524,9.5,94.0,0.0,0.3,7.0,24.1,4.0,03534,31.0
4813544,7.1,82.0,0.0,0.0,14.8,27.8,1.0,03534,31.0
4813574,1.0,64.0,0.0,0.0,21.5,27.8,1.0,03534,31.0
4813594,6.0,100.0,0.2,1.0,6.5,16.7,5.0,03534,31.0
4813614,8.0,87.0,0.5,0.0,11.0,25.9,7.0,03534,31.0
4813624,9.0,94.0,0.4,2.6,21.0,29.6,7.0,03534,31.0
4813684,2.0,93.0,0.5,0.0,19.5,50.0,8.0,03534,31.0
4813654,7.4,80.5,,,18.5,35.2,3.0,03534,31.0
4813664,7.6,90.5,0.0,0.0,13.0,24.1,4.0,03534,31.0
4813714,,,,,,,,03534,31.0
4813724,,,,,,,,03534,31.0
4813744,,,,,,,,03534,31.0
3609939,22.1,61.0,,,18.4,29.6,3.0,03672,21.2
3609959,22.450000000000003,49.5,,,17.5,31.5,3.0,03672,21.2
3609979,21.549999999999997,61.0,,,19.450000000000003,29.6,3.0,03672,21.2
3609999,15.850000000000001,95.0,,,15.700000000000001,25.9,7.0,03672,21.2
3610009,10.35,81.5,,,10.3,16.7,3.0,03672,21.2
3610029,12.05,55.0,,,24.1,37.0,3.0,03672,21.2
3610049,3.8,89.5,,,27.7,53.7,7.0,03672,21.2
3610080,7.699999999999999,81.5,,,13.0,20.4,7.0,03672,21.2
3610090,12.05,72.5,,,8.5,16.7,4.0,03672,21.2
3610130,14.850000000000001,72.5,,,19.45,37.0,4.0,03672,21.2
3610150,6.300000000000001,74.0,,,5.6,13.0,4.0,03672,21.2
3610180,9.7,80.5,,,31.7,55.5,7.0,03672,21.2
3610120,4.1,61.5,,,17.5,37.0,1.0,03672,21.2
3610210,11.1,70.5,,,19.45,29.6,4.0,03672,21.2
3610190,7.4,90.0,,,19.450000000000003,27.8,7.0,03672,21.2
3610249,10.25,37.5,,,23.200000000000003,33.3,3.0,03672,21.2
3610269,15.100000000000001,56.5,,,33.5,46.3,4.0,03672,21.2
3610289,18.4,41.5,,,13.0,24.1,2.0,03672,21.2
3610300,22.4,42.0,,,13.0,24.1,3.0,03672,21.2
3900942,32.85,26.0,0.0,0.0,10.3,24.1,1.0,03672,21.2
3900962,24.35,41.0,0.0,0.0,17.5,24.1,1.0,03672,21.2
3900972,20.65,49.5,0.0,0.0,21.4,35.2,3.0,03672,21.2
3901012,17.15,64.0,0.0,0.2,29.5,40.8,2.0,03672,21.2
3901022,16.45,51.0,0.0,0.0,18.55,31.5,2.0,03672,21.2
3901062,16.4,75.0,0.2,1.0,22.3,37.0,4.0,03672,21.2
3901092,4.449999999999999,85.5,0.0,0.0,17.5,25.9,2.0,03672,21.2
3901112,11.1,93.0,0.0,0.8,27.7,42.6,7.0,03672,21.2
3901132,-0.35,94.0,0.0,0.0,2.7,9.3,5.0,03672,21.2
3901152,9.7,71.0,0.0,0.0,6.5,16.7,4.0,03672,21.2
3901042,11.15,75.0,0.0,0.0,16.6,22.2,7.0,03672,21.2
3900992,6.5,78.0,0.0,0.0,14.8,24.1,4.0,03672,21.2
3901182,6.449999999999999,63.0,0.0,0.0,9.399999999999999,22.2,4.0,03672,21.2
3901202,10.7,62.5,0.0,0.0,13.0,25.9,4.0,03672,21.2
3901212,10.15,77.5,0.0,0.0,19.45,33.3,17.0,03672,21.2
3901242,8.9,70.0,0.0,0.0,6.5,18.5,5.0,03672,21.2
3901262,11.2,65.5,0.0,0.0,17.65,25.9,4.0,03672,21.2
3901282,20.25,52.5,0.0,0.0,10.3,24.1,3.0,03672,21.2
3901302,21.1,42.0,0.0,0.0,25.9,40.8,3.0,03672,21.2
4193451,20.4,67.5,0.0,0.0,24.1,40.8,17.0,03672,21.2
4193481,18.15,60.0,0.0,0.0,19.45,25.9,18.0,03672,21.2
4193490,25.35,47.5,0.0,0.0,6.5,16.7,2.0,03672,21.2
4193510,20.299999999999997,69.0,0.0,0.0,27.9,44.5,4.0,03672,21.2
4193530,24.1,46.5,0.0,0.0,12.1,22.2,3.0,03672,21.2
4193551,14.0,82.0,0.2,0.0,13.9,31.5,18.0,03672,21.2
4193571,9.0,72.0,0.0,0.2,5.6,14.8,2.0,03672,21.2
4193662,-0.9,96.0,0.0,0.0,7.6,13.0,5.0,03672,21.2
4193692,10.6,73.5,0.0,0.0,24.1,35.2,3.0,03672,21.2
4193712,10.350000000000001,81.5,0.0,2.4,25.0,40.8,4.0,03672,21.2
4193732,6.0,69.0,0.0,0.0,21.25,35.2,4.0,03672,21.2
4193752,12.7,80.0,0.0,0.0,23.95,42.6,7.0,03672,21.2
4193782,1.7999999999999998,92.0,0.0,0.0,1.8,11.1,5.0,03672,21.2
4193802,10.9,69.0,0.0,0.0,20.5,37.0,7.0,03672,21.2
4193832,11.75,67.5,0.0,0.6,23.25,42.6,3.0,03672,21.2
4193852,13.5,47.0,0.0,0.0,18.55,42.6,3.0,03672,21.2
4193811,8.55,65.5,0.0,0.0,13.0,22.2,3.0,03672,21.2
4193881,16.4,54.0,0.0,0.0,7.6,22.2,2.0,03672,21.2
4193901,22.05,46.5,0.0,0.0,18.4,35.2,2.0,03672,21.2
4506265,21.75,40.5,0.0,0.0,6.5,22.2,2.0,03672,21.2
4506283,19.15,66.5,0.0,0.0,26.8,22.2,3.0,03672,21.2
4506314,14.35,50.0,0.0,0.0,13.0,22.2,3.0,03672,21.2
4506323,17.05,51.5,0.0,0.0,19.45,33.3,3.0,03672,21.2
4506403,13.75,68.5,0.0,0.0,2.7,14.8,1.0,03672,21.2
4506534,11.35,94.5,1.2,0.4,29.7,50.0,8.0,03672,21.2
4506424,9.5,86.0,0.8,0.0,15.700000000000001,27.8,7.0,03672,21.2
4506444,6.7,75.0,0.0,0.0,15.7,25.9,3.0,03672,21.2
4506484,5.300000000000001,99.0,0.0,0.0,2.7,7.4,5.0,03672,21.2
4506513,5.7,91.5,0.0,0.0,4.15,9.3,5.0,03672,21.2
4506523,2.45,88.0,0.0,0.0,8.3,16.7,5.0,03672,21.2
4506614,6.95,65.5,0.0,0.0,8.85,16.7,1.0,03672,21.2
4506634,13.75,61.5,0.0,0.0,18.9,31.5,4.0,03672,21.2
4506354,7.8,55.5,0.0,0.0,22.3,31.5,4.0,03672,21.2
4506364,10.0,58.0,0.0,0.0,25.0,38.9,1.0,03672,21.2
4506384,20.5,33.0,0.0,0.0,12.0,29.6,1.0,03672,21.2
4506554,10.5,76.5,0.0,0.0,3.0,22.2,4.0,03672,21.2
4506563,13.5,61.0,0.0,0.0,27.0,33.3,3.0,03672,21.2
4506583,17.0,48.0,0.0,0.0,15.0,27.8,2.0,03672,21.2
4813386,21.0,53.5,0.0,0.0,10.5,13.0,4.0,03672,21.2
4813406,17.0,70.5,0.0,0.0,21.0,33.3,17.0,03672,21.2
4813416,15.5,40.5,0.0,0.0,18.0,27.8,2.0,03672,21.2
4813436,14.0,59.0,0.2,0.1,39.0,61.1,17.0,03672,21.2
4813456,10.0,66.0,0.0,0.0,25.0,33.3,7.0,03672,21.2
4813486,7.5,76.0,0.0,0.0,16.0,35.2,2.0,03672,21.2
4813506,6.0,93.0,1.6,0.0,8.0,18.5,3.0,03672,21.2
4813525,6.0,93.0,0.0,0.0,9.0,20.4,3.0,03672,21.2
4813545,7.0,78.5,0.0,0.0,24.5,42.6,4.0,03672,21.2
4813555,1.5,90.0,0.0,0.0,7.0,16.7,2.0,03672,21.2
4813576,6.5,100.0,1.8,10.399999999999999,17.5,31.5,8.0,03672,21.2
4813596,6.0,90.0,0.0,0.8,22.5,29.6,4.0,03672,21.2
4813616,10.0,94.0,0.1,3.0999999999999996,15.5,31.5,7.0,03672,21.2
4813646,12.149999999999999,80.5,0.0,1.5000000000000002,22.2,37.0,7.0,03672,21.2
4813665,,,,,,,,03672,21.2
4813685,,,,,,,,03672,21.2
4813706,,,,,,,,03672,21.2
4813716,,,,,,,,03672,21.2
4813736,,,,,,,,03672,21.2
3609947,16.1,69.0,,,10.5,20.4,2.0,03781,27.0
3609957,18.1,68.5,,,12.0,27.8,4.0,03781,27.0
3609977,15.55,93.5,,,8.5,16.7,7.0,03781,27.0
3609997,14.3,63.0,,,29.0,50.0,2.0,03781,27.0
3610018,12.5,72.5,,,17.0,35.2,3.0,03781,27.0
3610038,8.649999999999999,66.5,,,11.5,27.8,3.0,03781,27.0
3610063,4.95,86.5,,,20.5,33.3,7.0,03781,27.0
3610077,6.0,73.5,,,27.0,42.6,2.0,03781,27.0
3610118,8.55,98.0,,,6.5,14.8,7.0,03781,27.0
3610108,3.55,97.5,,,3.0,9.3,2.0,03781,27.0
3610148,7.550000000000001,87.5,,,10.0,22.2,3.0,03781,27.0
3610164,9.05,83.5,,,17.0,31.5,4.0,03781,27.0
3610188,5.95,83.0,,,34.0,61.0,7.0,03781,27.0
3610199,8.3,47.5,,,16.5,31.5,1.0,03781,27.0
3610219,8.95,78.0,,,15.5,33.3,4.0,03781,27.0
3610231,7.5,50.5,,,13.0,22.2,3.0,03781,27.0
3610251,16.65,29.0,,,16.0,29.6,2.0,03781,27.0
3610271,11.75,70.5,,,15.0,20.4,7.0,03781,27.0
3610291,14.75,88.5,,,5.0,25.9,4.0,03781,27.0
3900941,25.85,33.0,0.0,0.0,13.0,22.2,2.0,03781,27.0
3900961,21.1,49.0,0.0,0.0,9.0,21.0,4.0,03781,27.0
3900977,17.65,60.5,0.0,0.0,14.0,39.0,1.0,03781,27.0
3901021,16.55,61.0,0.0,0.0,24.5,44.0,2.0,03781,27.0
3901031,15.55,54.0,0.0,0.0,15.5,32.0,1.0,03781,27.0
3901060,12.45,93.0,0.0,0.0,16.5,27.0,2.0,03781,27.0
3901080,11.25,93.0,2.6,11.4,20.5,44.0,8.0,03781,27.0
3901090,13.5,88.5,0.0,0.0,11.5,27.0,1.0,03781,27.0
3901110,10.95,90.0,0.0,0.4,25.0,44.0,4.0,03781,27.0
3901141,3.7,75.0,0.0,0.0,6.0,15.0,2.0,03781,27.0
3901161,8.75,82.0,0.0,0.0,10.5,21.0,4.0,03781,27.0
3901181,5.9,61.5,0.0,0.0,22.0,39.0,4.0,03781,27.0
3901201,10.3,80.0,0.0,0.0,29.0,49.0,4.0,03781,27.0
3901221,8.95,61.0,0.0,0.0,16.5,33.0,3.0,03781,27.0
3901001,7.949999999999999,90.5,0.2,0.0,13.5,22.0,8.0,03781,27.0
3901240,13.7,56.0,0.0,0.0,8.0,16.0,8.0,03781,27.0
3901256,9.55,57.5,0.0,0.0,8.5,19.0,4.0,03781,27.0
3901280,16.3,67.5,0.0,0.1,7.0,16.0,2.0,03781,27.0
3901300,16.35,55.0,0.0,0.0,20.0,36.0,4.0,03781,27.0
4193478,22.45,59.0,0.0,0.0,18.5,34.0,4.0,03781,27.0
4193508,24.4,48.0,0.0,0.0,9.0,19.0,2.0,03781,27.0
4193528,17.15,67.0,0.0,0.0,18.0,30.0,4.0,03781,27.0
4193538,22.9,53.0,0.0,0.0,11.0,18.0,1.0,03781,27.0
4193558,9.7,96.0,3.8,5.300000000000001,12.5,35.0,8.0,03781,27.0
4193578,8.45,88.0,0.0,0.2,12.5,27.0,8.0,03781,27.0
4193670,6.9,96.5,0.4,1.3,18.0,39.0,8.0,03781,27.0
4193700,8.6,86.5,0.0,0.0,21.0,45.0,4.0,03781,27.0
4193709,10.149999999999999,77.0,0.0,0.0,24.0,44.0,4.0,03781,27.0
4193729,9.75,78.5,0.0,2.6,36.0,78.0,7.0,03781,27.0
4193746,4.75,75.0,0.0,0.0,10.0,17.0,1.0,03781,27.0
4193769,9.45,76.5,0.0,0.0,19.0,32.0,4.0,03781,27.0
4193789,4.199999999999999,80.0,0.0,0.0,22.5,46.0,4.0,03781,27.0
4193809,7.699999999999999,97.0,2.0,2.6,5.0,9.0,8.0,03781,27.0
4193819,12.65,91.5,0.0,3.6,14.5,25.0,4.0,03781,27.0
4193836,9.2,95.0,2.5999999999999996,1.5999999999999999,26.0,49.0,8.0,03781,27.0
4193860,12.2,48.5,0.0,0.0,17.5,31.0,1.0,03781,27.0
4193879,8.25,94.0,0.0,0.6,10.5,21.0,4.0,03781,27.0
4193899,20.450000000000003,60.0,0.0,0.0,11.0,26.0,1.0,03781,27.0
4506269,20.85,47.0,0.0,0.0,10.5,22.0,1.0,03781,27.0
4506292,19.4,61.5,,,12.05,24.1,2.0,03781,27.0
4506312,19.55,73.5,0.0,0.0,5.0,12.0,8.0,03781,27.0
4506332,15.35,57.5,0.0,0.0,14.0,29.0,4.0,03781,27.0
4506417,14.1,68.0,0.0,0.0,9.5,18.0,8.0,03781,27.0
4506481,7.05,89.5,0.0,0.0,6.0,10.0,4.0,03781,27.0
4506421,11.6,97.5,0.0,0.0,10.5,24.0,8.0,03781,27.0
4506442,5.15,82.5,0.2,0.0,20.4,38.9,4.0,03781,27.0
4506462,11.25,91.5,0.4,0.6000000000000001,30.0,54.0,8.0,03781,27.0
4506502,3.95,100.0,0.0,0.0,11.0,21.0,5.0,03781,27.0
4506519,7.65,97.5,0.0,0.0,11.0,19.0,4.0,03781,27.0
4506532,0.8500000000000001,96.0,0.0,0.0,5.5,14.0,4.0,03781,27.0
4506632,4.1,78.0,0.0,0.0,10.0,23.0,8.0,03781,27.0
4506337,4.0,73.0,0.0,0.0,6.5,18.0,2.0,03781,27.0
4506351,8.100000000000001,81.5,0.0,0.0,16.5,32.0,8.0,03781,27.0
4506382,14.7,41.0,0.0,0.0,20.0,47.0,1.0,03781,27.0
4506552,14.3,58.0,,,13.0,25.9,2.0,03781,27.0
4506571,11.3,51.0,0.0,0.0,22.0,37.0,4.0,03781,27.0
4506592,13.6,56.5,0.0,0.0,10.5,24.0,4.0,03781,27.0
4813394,17.6,54.0,0.0,0.0,8.5,22.0,4.0,03781,27.0
4813414,14.85,67.5,0.0,5.700000000000001,16.7,33.3,2.0,03781,27.0
4813423,18.6,77.0,0.0,0.0,25.0,46.0,8.0,03781,27.0
4813454,11.5,89.0,,,20.4,35.2,7.0,03781,27.0
4813474,,,,,,,,03781,27.0
4813484,,,,,,,,03781,27.0
4813504,,,,,,,,03781,27.0
4813534,,,,,,,,03781,27.0
4813554,,,,,,,,03781,27.0
4813564,,,,,,,,03781,27.0
4813584,,,,,,,,03781,27.0
4813604,,,,,,,,03781,27.0
4813634,,,,,,,,03781,27.0
4813644,,,,,,,,03781,27.0
4813674,,,,,,,,03781,27.0
4813694,,,,,,,,03781,27.0
4813713,,,,,,,,03781,27.0
4813734,,,,,,,,03781,27.0
4813754,,,,,,,,03781,27.0
3900933,21.25,35.5,0.0,0.0,9.2,18.5,2.0,03772,16.0
3900955,24.4,41.5,0.0,0.0,22.3,37.0,3.0,03772,16.0
3900974,21.35,59.0,0.0,0.0,14.8,25.9,3.0,03772,16.0
3901015,18.3,58.5,0.0,0.0,25.9,39.0,4.0,03772,16.0
3901034,16.55,62.5,0.0,0.0,27.0,49.0,2.0,03772,16.0
3901046,14.05,85.0,0.0,10.1,9.399999999999999,18.0,2.0,03772,16.0
3901067,18.799999999999997,78.0,0.0,0.0,13.9,29.0,1.0,03772,16.0
3901084,12.45,88.0,0.0,0.0,8.5,17.0,1.0,03772,16.0
3901104,12.85,88.0,0.4,3.8,37.1,60.0,8.0,03772,16.0
3900995,8.350000000000001,72.5,0.0,3.2,35.3,69.0,2.0,03772,16.0
3901135,3.45,78.0,0.0,0.0,5.4,13.0,4.0,03772,16.0
3901155,10.0,68.5,0.0,0.0,7.4,22.0,4.0,03772,16.0
3901175,5.35,78.5,0.0,0.0,9.4,18.0,3.0,03772,16.0
3901195,13.45,65.5,0.0,0.0,27.7,45.0,4.0,03772,16.0
3901224,13.95,43.5,0.0,0.0,11.2,22.0,8.0,03772,16.0
3901247,12.05,61.0,0.0,0.0,9.399999999999999,18.0,8.0,03772,16.0
3901267,17.05,51.5,0.0,0.0,14.8,26.0,4.0,03772,16.0
3901274,14.7,80.0,0.0,0.2,17.5,31.0,4.0,03772,16.0
3901294,18.85,45.5,0.0,0.0,17.5,33.0,4.0,03772,16.0
4193472,24.1,54.0,0.0,0.0,29.7,44.0,4.0,03772,16.0
4193503,26.5,43.5,0.0,0.0,7.6,21.0,4.0,03772,16.0
4193523,18.15,96.0,0.0,1.2,6.5,13.0,4.0,03772,16.0
4193535,24.299999999999997,52.0,0.0,0.0,21.4,32.0,2.0,03772,16.0
4193563,13.600000000000001,81.5,0.0,4.2,21.25,40.0,3.0,03772,16.0
4193654,5.65,88.5,0.0,0.4,16.6,29.0,4.0,03772,16.0
4193674,2.85,95.0,0.0,0.0,8.5,16.0,4.0,03772,16.0
4193685,11.25,93.0,0.2,1.8,19.45,54.0,7.0,03772,16.0
4193703,11.25,74.5,0.0,0.0,34.4,54.0,4.0,03772,16.0
4193723,10.149999999999999,71.5,0.0,0.0,29.7,53.0,7.0,03772,16.0
4193742,7.75,76.0,0.0,0.0,7.4,12.0,4.0,03772,16.0
4193763,11.15,72.0,0.0,0.2,12.1,18.0,4.0,03772,16.0
4193774,12.75,82.0,0.0,0.2,21.25,40.0,4.0,03772,16.0
4193794,8.0,69.0,0.2,10.399999999999999,17.65,42.0,8.0,03772,16.0
4193816,10.8,65.5,0.0,0.0,17.5,29.0,4.0,03772,16.0
4193845,17.5,56.0,0.0,0.0,39.8,66.0,2.0,03772,16.0
4193865,11.6,47.5,0.0,0.0,17.5,36.0,4.0,03772,16.0
4193874,11.5,75.0,0.0,0.0,13.9,27.0,4.0,03772,16.0
4193894,20.700000000000003,60.0,0.0,0.0,19.450000000000003,36.0,8.0,03772,16.0
4506277,15.55,91.0,2.4,7.0,13.9,31.0,8.0,03772,16.0
4506297,19.450000000000003,46.5,0.0,0.0,17.5,32.0,2.0,03772,16.0
4506306,23.25,55.5,0.0,0.0,12.100000000000001,26.0,8.0,03772,16.0
4506394,17.2,61.0,0.0,1.2,19.45,28.0,1.0,03772,16.0
4506464,9.6,91.5,0.0,0.0,4.5,10.0,3.0,03772,16.0
4506537,11.65,93.0,1.2000000000000002,0.2,29.5,58.0,8.0,03772,16.0
4506427,13.05,89.0,3.0,0.2,42.650000000000006,68.0,8.0,03772,16.0
4506437,7.25,86.0,0.6000000000000001,0.8,25.0,48.2,7.0,03772,16.0
4506457,6.25,70.0,0.0,0.0,28.799999999999997,49.0,8.0,03772,16.0
4506497,6.15,96.0,0.0,0.0,10.3,22.0,4.0,03772,16.0
4506507,12.8,95.0,1.4,4.2,25.0,41.0,8.0,03772,16.0
4506607,8.35,87.5,0.0,7.0,18.55,33.0,8.0,03772,16.0
4506626,5.6,75.0,0.0,0.0,17.1,26.0,8.0,03772,16.0
4506637,12.85,66.0,0.0,0.0,16.200000000000003,35.0,1.0,03772,16.0
4506357,8.4,51.5,0.0,0.0,17.5,25.9,4.0,03772,16.0
4506377,15.85,36.0,0.0,0.0,19.0,36.0,1.0,03772,16.0
4506547,15.9,51.5,,,13.9,25.9,4.0,03772,16.0
4506574,22.95,24.0,0.0,0.0,22.5,42.0,1.0,03772,16.0
4506594,19.299999999999997,40.0,0.0,0.0,32.0,50.0,4.0,03772,16.0
4813391,24.45,37.0,0.0,0.0,13.5,30.0,4.0,03772,16.0
4813411,17.55,59.0,0.2,0.6,25.0,55.0,8.0,03772,16.0
4813419,16.35,73.0,0.0,0.0,36.0,62.0,3.0,03772,16.0
4813448,13.5,61.5,0.0,0.0,21.0,30.0,4.0,03772,16.0
4813468,12.8,81.0,0.2,0.0,17.5,53.0,8.0,03772,16.0
4813489,7.1,90.5,2.2,1.2,22.0,47.0,8.0,03772,16.0
4813509,7.65,93.0,1.4,0.0,11.0,19.0,8.0,03772,16.0
4813519,14.399999999999999,86.0,0.0,2.1999999999999997,32.5,53.0,7.0,03772,16.0
4813539,9.4,91.0,0.0,0.0,8.0,17.0,4.0,03772,16.0
4813569,2.7,66.5,0.0,0.0,12.5,27.0,3.0,03772,16.0
4813581,2.35,81.0,0.0,0.0,14.0,22.0,1.0,03772,16.0
4813601,9.2,68.0,0.0,0.0,27.5,47.0,4.0,03772,16.0
4813619,10.35,89.5,0.2,1.0,18.0,37.0,8.0,03772,16.0
4813649,12.45,80.5,0.4,1.0,24.1,38.9,7.0,03772,16.0
4813659,11.9,70.5,,,13.0,24.1,2.0,03772,16.0
4813679,,,,,,,,03772,16.0
4813709,,,,,,,,03772,16.0
4813728,,,,,,,,03772,16.0
4813748,,,,,,,,03772,16.0
3900934,23.75,26.5,0.0,0.0,13.0,25.9,2.0,03862,4.8
3900952,21.25,61.0,0.0,0.0,22.3,38.9,3.0,03862,4.8
3900973,21.0,51.5,0.0,0.0,9.4,25.9,2.0,03862,4.8
3901013,18.2,60.5,0.0,0.0,26.799999999999997,44.5,3.0,03862,4.8
3901023,15.85,52.0,0.0,0.0,10.3,18.5,2.0,03862,4.8
3901043,16.4,87.0,0.1,0.0,27.0,37.0,3.0,03862,4.8
3901063,18.35,83.0,0.0,0.0,17.5,29.6,7.0,03862,4.8
3901082,15.85,84.0,0.0,0.0,22.3,31.5,2.0,03862,4.8
3901102,12.35,91.0,1.6,6.6000000000000005,34.4,55.5,8.0,03862,4.8
3901133,5.25,64.5,0.0,0.0,9.399999999999999,16.7,2.0,03862,4.8
3901153,9.95,77.5,0.0,0.0,3.6,13.0,4.0,03862,4.8
3901172,6.15,62.0,0.0,0.0,16.6,33.3,3.0,03862,4.8
3901192,6.15,73.0,0.0,0.0,21.25,31.5,7.0,03862,4.8
3901213,11.8,83.0,0.2,3.4,17.65,27.8,7.0,03862,4.8
3900993,7.75,70.5,0.0,0.0,7.3999999999999995,18.5,1.0,03862,4.8
3901243,13.8,52.5,0.0,0.0,20.5,33.3,3.0,03862,4.8
3901263,12.45,74.5,0.0,0.4,10.3,24.1,7.0,03862,4.8
3901272,13.2,96.0,0.0,13.2,15.7,27.8,5.0,03862,4.8
3901292,19.75,47.0,0.0,0.0,20.35,35.2,2.0,03862,4.8
4193452,19.65,75.0,0.0,0.0,26.799999999999997,46.3,3.0,03862,4.8
4193480,16.25,83.0,1.0,0.2,7.4,27.8,3.0,03862,4.8
4193500,18.9,95.5,4.0,19.6,20.35,31.5,7.0,03862,4.8
4193520,17.85,73.5,0.0,0.0,20.35,31.5,4.0,03862,4.8
4193540,12.05,88.0,0.0,2.0,22.3,29.6,7.0,03862,4.8
4193550,13.55,88.5,2.2,1.2,19.45,38.9,9.0,03862,4.8
4193570,7.5,88.0,0.0,0.0,7.4,13.0,3.0,03862,4.8
4193661,9.3,85.5,1.0,1.6,14.8,24.1,7.0,03862,4.8
4193691,10.899999999999999,96.0,0.0,0.0,13.899999999999999,25.9,4.0,03862,4.8
4193711,8.4,83.0,0.0,0.0,4.5,9.3,4.0,03862,4.8
4193731,11.6,82.0,0.0,0.0,38.0,63.0,17.0,03862,4.8
4193751,12.4,83.5,0.0,0.0,16.6,40.8,4.0,03862,4.8
4193781,5.55,76.0,0.0,0.2,12.100000000000001,20.4,2.0,03862,4.8
4193801,9.75,76.5,0.0,0.0,24.1,35.2,7.0,03862,4.8
4421797,10.4,89.5,0.0,0.0,13.0,27.8,4.0,03862,4.8
4193821,11.5,62.0,0.0,0.1,16.5,31.5,2.0,03862,4.8
4193831,10.0,100.0,0.5,4.6,35.0,38.9,8.0,03862,4.8
4193851,14.95,74.5,0.0,0.0,14.8,31.5,2.0,03862,4.8
4193871,12.6,56.5,0.0,0.2,18.55,33.3,7.0,03862,4.8
4193891,23.25,47.0,0.0,0.0,16.6,29.6,2.0,03862,4.8
4506273,18.75,58.0,0.0,0.0,24.1,46.3,4.0,03862,4.8
4506293,11.8,79.5,0.0,0.0,5.6,14.8,1.0,03862,4.8
4506313,12.3,83.5,0.0,0.0,20.5,37.0,2.0,03862,4.8
4506393,14.6,77.0,0.0,0.0,10.3,22.2,2.0,03862,4.8
4506463,13.2,83.5,0.0,0.0,12.1,22.2,4.0,03862,4.8
4506533,14.100000000000001,98.0,2.6,4.4,33.5,61.1,9.0,03862,4.8
4506423,10.8,78.5,1.0,2.2,35.3,50.0,7.0,03862,4.8
4506443,8.3,95.5,0.2,0.0,2.7,14.8,5.0,03862,4.8
4506483,7.6,95.5,0.0,0.2,5.4,11.1,4.0,03862,4.8
4506503,4.75,62.5,0.0,0.0,16.6,25.9,7.0,03862,4.8
4506603,6.15,70.0,0.0,0.0,2.7,14.8,4.0,03862,4.8
4506613,7.4,83.5,0.0,0.0,16.6,27.8,4.0,03862,4.8
4506633,12.75,75.0,0.0,0.2,18.55,29.6,4.0,03862,4.8
4506353,7.75,45.0,0.0,0.0,22.3,27.8,4.0,03862,4.8
4506363,12.5,56.0,0.0,0.0,21.0,40.8,2.0,03862,4.8
4506383,10.5,84.5,0.0,0.5,5.0,20.4,7.0,03862,4.8
4506553,19.0,50.5,0.0,0.0,13.0,25.9,3.0,03862,4.8
4506573,20.0,40.0,0.0,0.0,18.5,40.8,1.0,03862,4.8
4506593,18.0,43.5,0.0,0.0,30.0,46.3,4.0,03862,4.8
4813385,23.0,48.5,0.0,0.0,12.0,24.1,3.0,03862,4.8
4813405,17.5,59.5,0.0,0.0,19.5,38.9,7.0,03862,4.8
4813415,15.0,59.0,0.0,0.0,18.5,27.8,3.0,03862,4.8
4813435,17.0,100.0,2.4000000000000004,3.1000000000000005,29.0,53.7,7.0,03862,4.8
4813455,9.5,76.5,0.0,0.0,16.5,38.9,4.0,03862,4.8
4813485,9.0,97.0,1.9,4.2,30.0,40.8,8.0,03862,4.8
4813505,5.5,93.0,0.5,4.9,5.5,16.7,7.0,03862,4.8
4813515,11.5,76.5,0.0,0.0,24.0,46.3,7.0,03862,4.8
4813535,9.05,75.5,0.0,0.0,19.45,33.3,3.0,03862,4.8
4813565,-1.0,77.5,0.0,0.0,11.0,22.2,1.0,03862,4.8
4813575,3.0,93.0,0.0,0.0,3.0,11.1,4.0,03862,4.8
4813595,8.0,93.0,1.9,0.7000000000000001,24.0,48.2,7.0,03862,4.8
4813615,10.5,91.0,1.4,3.4000000000000004,17.0,40.8,7.0,03862,4.8
4813645,10.15,76.0,,,25.0,44.5,3.0,03862,4.8
4813655,9.75,84.5,0.0,0.0,7.4,16.7,2.0,03862,4.8
4813675,,,,,,,,03862,4.8
4813705,,,,,,,,03862,4.8
4813715,,,,,,,,03862,4.8
4813735,,,,,,,,03862,4.8
3900949,30.700000000000003,25.5,0.0,0.0,10.5,22.0,1.0,03354,10.4
3900969,22.05,49.0,0.0,0.0,8.0,20.0,1.0,03354,10.4
3900989,22.6,56.0,0.0,0.0,16.0,32.0,4.0,03354,10.4
3901009,10.25,55.0,0.0,0.0,7.5,19.0,1.0,03354,10.4
3901030,8.4,78.5,0.0,0.0,7.5,15.0,1.0,03354,10.4
3901057,14.6,78.5,0.0,0.2,18.0,39.0,2.0,03354,10.4
3901077,11.9,89.5,0.0,0.2,17.5,42.0,7.0,03354,10.4
3901088,13.7,81.0,0.0,0.0,10.0,21.0,1.0,03354,10.4
3901108,8.45,81.0,0.0,0.0,11.0,32.0,3.0,03354,10.4
3901129,6.15,75.5,0.0,0.8,19.0,47.0,17.0,03354,10.4
3901149,7.0,56.5,0.0,0.0,5.5,11.0,2.0,03354,10.4
3901169,11.95,74.0,0.0,0.0,13.5,35.0,4.0,03354,10.4
3901189,4.05,68.5,0.0,0.0,8.0,17.0,4.0,03354,10.4
3901209,10.2,87.0,0.0,0.4,9.0,18.0,1.0,03354,10.4
3901220,8.75,72.0,0.0,0.0,13.5,29.0,4.0,03354,10.4
3901237,11.8,74.0,0.0,0.0,10.0,17.0,4.0,03354,10.4
3901254,10.25,55.5,0.0,0.0,11.5,19.0,4.0,03354,10.4
3901278,13.55,97.5,1.6,1.4000000000000001,10.5,24.0,8.0,03354,10.4
3901298,17.35,44.5,0.0,0.0,18.5,34.0,1.0,03354,10.4
4193476,18.4,83.0,0.0,0.0,19.0,39.0,4.0,03354,10.4
4193506,13.4,69.0,0.0,3.1,19.5,37.0,2.0,03354,10.4
4193526,18.2,94.0,2.2,0.0,10.5,23.0,8.0,03354,10.4
4193547,10.7,88.0,0.0,1.0,7.5,14.0,8.0,03354,10.4
4193567,10.5,75.5,0.0,0.0,14.0,28.0,8.0,03354,10.4
4193658,4.949999999999999,66.5,0.0,0.0,6.5,18.0,1.0,03354,10.4
4193669,-1.85,96.5,0.0,0.0,5.0,10.0,4.0,03354,10.4
4193699,7.6000000000000005,85.5,0.0,0.0,8.5,26.0,4.0,03354,10.4
4193707,10.3,78.0,0.0,0.0,28.0,52.0,4.0,03354,10.4
4193727,10.35,86.5,0.0,0.4,23.5,49.0,8.0,03354,10.4
4193744,3.2,80.0,0.0,0.0,8.5,15.0,1.0,03354,10.4
4193767,8.15,91.5,0.0,0.4,5.0,11.0,8.0,03354,10.4
4193778,12.5,86.5,0.0,0.0,17.0,34.0,7.0,03354,10.4
4193798,5.75,72.0,0.2,0.4,17.5,36.0,8.0,03354,10.4
4193828,13.3,50.0,0.0,0.0,10.5,26.0,4.0,03354,10.4
4193835,11.1,72.0,0.0,0.0,9.5,24.0,8.0,03354,10.4
4193859,14.85,68.0,0.0,0.0,21.0,47.0,4.0,03354,10.4
4193877,10.7,51.0,0.0,6.6,22.5,40.0,4.0,03354,10.4
4193897,21.4,56.0,0.0,0.0,14.0,32.0,4.0,03354,10.4
4506268,18.55,54.5,0.0,0.0,13.0,28.0,4.0,03354,10.4
4506291,19.6,58.5,,,13.9,27.8,3.0,03354,10.4
4506321,13.3,60.5,0.0,0.0,14.5,27.0,3.0,03354,10.4
4506399,10.0,91.0,0.0,0.0,9.0,19.0,1.0,03354,10.4
4506469,12.45,86.5,0.0,0.4,6.5,14.0,4.0,03354,10.4
4506479,11.65,86.0,0.0,0.0,9.0,19.0,7.0,03354,10.4
4506419,13.350000000000001,84.5,0.0,0.0,11.0,24.0,4.0,03354,10.4
4506450,6.3,87.5,0.0,0.0,15.5,26.0,4.0,03354,10.4
4506490,5.6,100.0,0.0,0.0,6.0,15.0,5.0,03354,10.4
4506518,8.95,92.5,0.0,0.0,8.5,15.0,4.0,03354,10.4
4506531,1.9,83.0,0.0,0.0,10.0,24.0,4.0,03354,10.4
4506621,5.3,90.0,0.0,0.0,10.5,22.0,4.0,03354,10.4
4506335,5.35,79.5,0.0,0.4,13.5,28.0,8.0,03354,10.4
4506349,16.049999999999997,47.5,0.0,0.0,18.5,30.0,1.0,03354,10.4
4506366,8.05,65.5,0.0,0.0,23.5,40.0,1.0,03354,10.4
4506390,20.0,40.0,0.0,0.0,13.5,34.0,1.0,03354,10.4
4506560,24.4,31.5,0.0,0.0,9.0,21.0,4.0,03354,10.4
4506579,23.299999999999997,30.0,0.0,0.0,15.5,36.0,1.0,03354,10.4
4506599,17.45,44.5,0.0,0.0,24.0,50.0,4.0,03354,10.4
4813377,19.45,64.0,0.0,0.0,14.5,26.0,4.0,03354,10.4
4813401,18.7,66.0,0.0,0.0,16.0,47.0,8.0,03354,10.4
4813433,14.3,69.0,0.0,0.0,11.5,27.0,7.0,03354,10.4
4813451,11.95,78.0,0.0,0.0,12.05,24.1,4.0,03354,10.4
4813471,,,,,,,,03354,10.4
4813481,,,,,,,,03354,10.4
4813501,,,,,,,,03354,10.4
4813532,,,,,,,,03354,10.4
4813552,,,,,,,,03354,10.4
4813562,,,,,,,,03354,10.4
4813591,,,,,,,,03354,10.4
4813611,,,,,,,,03354,10.4
4813631,,,,,,,,03354,10.4
4813641,,,,,,,,03354,10.4
4813672,,,,,,,,03354,10.4
4813692,,,,,,,,03354,10.4
4813703,,,,,,,,03354,10.4
4813731,,,,,,,,03354,10.4
4813751,,,,,,,,03354,10.4
4193455,19.700000000000003,77.0,0.2,0.0,19.0,44.0,8.0,03354,43.7
4193489,16.2,76.0,0.4,6.2,18.5,40.0,8.0,03354,43.7
4193499,20.15,62.5,0.0,0.0,8.5,18.0,1.0,03354,43.7
4193519,18.75,74.5,0.0,0.0,20.0,48.0,4.0,03354,43.7
4193548,7.15,94.5,0.0,0.0,6.5,12.0,1.0,03354,43.7
4193568,7.4,99.5,0.6000000000000001,6.3,13.5,34.0,8.0,03354,43.7
4193659,4.949999999999999,66.5,0.0,0.0,6.5,18.0,1.0,03354,43.7
4193676,1.15,95.5,0.0,0.0,10.0,17.0,4.0,03354,43.7
4193688,9.100000000000001,83.0,0.4,4.8,26.5,63.0,8.0,03354,43.7
4193720,5.9,82.0,0.0,0.0,6.5,19.0,4.0,03354,43.7
4193740,11.2,72.0,0.0,0.0,36.5,69.0,4.0,03354,43.7
4193760,9.1,95.0,1.2000000000000002,0.0,9.0,23.0,8.0,03354,43.7
4193779,12.7,73.0,0.0,2.0,18.0,41.0,4.0,03354,43.7
4193799,7.25,64.5,0.0,0.0,19.0,49.0,8.0,03354,43.7
4193829,13.3,50.0,0.0,0.0,10.5,26.0,4.0,03354,43.7
4193848,13.5,71.5,0.8,0.0,23.0,67.0,8.0,03354,43.7
4193868,11.55,46.0,0.0,0.0,11.5,30.0,4.0,03354,43.7
4193890,16.45,49.0,0.0,0.0,14.5,30.0,3.0,03354,43.7
4193910,20.95,46.0,0.0,0.0,12.5,24.0,1.0,03354,43.7
4193497,18.25,83.5,0.0,0.0,6.5,14.8,3.0,03672,36.7
4193517,17.700000000000003,49.5,0.0,0.0,16.75,29.6,2.0,03672,36.7
4193474,14.55,70.0,0.0,1.0,15.7,29.6,1.0,03672,36.7
4193536,20.5,65.5,0.0,0.0,19.45,37.0,2.0,03672,36.7
4193564,10.850000000000001,80.0,1.0,0.0,17.65,37.0,3.0,03672,36.7
4193655,5.05,63.5,0.0,0.0,12.1,18.5,2.0,03672,36.7
4193675,5.25,90.5,0.0,0.2,11.2,16.7,3.0,03672,36.7
4193686,10.8,95.0,0.6000000000000001,2.6,16.6,37.0,7.0,03672,36.7
4193705,11.399999999999999,72.5,0.0,0.0,28.6,44.5,4.0,03672,36.7
4193725,10.899999999999999,88.5,0.2,0.2,24.1,42.6,7.0,03672,36.7
4193743,7.0,80.5,0.0,0.0,2.7,13.0,4.0,03672,36.7
4193765,11.399999999999999,70.5,0.0,0.2,7.6,14.8,7.0,03672,36.7
4193775,13.8,69.5,0.0,0.0,15.7,35.2,2.0,03672,36.7
4193795,6.65,77.5,0.0,2.2,12.100000000000001,22.2,3.0,03672,36.7
4193817,12.55,54.5,0.0,0.0,15.700000000000001,27.8,4.0,03672,36.7
4193846,17.85,55.0,0.0,0.0,34.4,51.8,3.0,03672,36.7
4193866,10.4,50.0,0.0,0.0,19.45,33.3,3.0,03672,36.7
4193888,12.2,79.0,0.0,0.4,9.4,24.1,3.0,03672,36.7
4193908,22.05,46.5,0.0,0.0,18.4,35.2,2.0,03672,36.7
4506264,19.85,53.0,0.0,0.0,7.6,22.0,3.0,03590,14.6
4506287,19.6,58.5,0.0,0.0,26.799999999999997,27.8,3.0,03590,14.6
4506318,13.350000000000001,56.5,0.0,0.0,25.9,42.0,2.0,03590,14.6
4506395,14.25,88.5,0.2,3.6,16.75,31.0,7.0,03590,14.6
4506465,12.45,87.0,0.0,1.2,9.4,21.0,8.0,03590,14.6
4506538,15.85,65.0,0.0,0.0,38.9,78.0,2.0,03590,14.6
4506428,2.25,96.0,0.0,0.0,5.5,13.0,4.0,03590,14.6
4506438,7.1,91.0,0.0,1.7999999999999998,34.4,50.0,7.0,03590,14.6
4506458,10.7,88.5,0.0,0.2,30.6,54.0,7.0,03590,14.6
4506498,5.2,91.0,0.0,0.0,25.0,40.0,1.0,03590,14.6
4506516,6.0,89.5,0.0,0.0,8.5,17.0,4.0,03590,14.6
4506527,2.2,81.0,0.0,0.0,9.399999999999999,18.0,4.0,03590,14.6
4506618,4.6,76.0,0.0,0.0,11.2,26.0,4.0,03590,14.6
4506638,11.6,76.0,0.0,0.0,17.5,27.0,2.0,03590,14.6
4506358,6.55,49.5,0.0,0.0,26.799999999999997,33.3,3.0,03590,14.6
4506378,13.8,31.0,0.0,0.0,29.5,43.0,1.0,03590,14.6
4506548,13.95,60.0,,,16.7,25.9,3.0,03590,14.6
4506575,19.55,29.0,0.0,0.0,23.0,39.0,1.0,03590,14.6
4506595,18.4,39.5,0.0,0.4,33.5,54.0,3.0,03590,14.6
4813378,20.5,58.0,0.0,0.0,8.0,,3.0,03243,24.1
4813402,18.5,62.0,0.0,0.0,19.0,,3.0,03243,24.1
4813422,13.5,47.5,0.1,0.0,14.0,,17.0,03243,24.1
4813452,12.100000000000001,74.0,0.0,0.0,15.3,,3.0,03243,24.1
4813472,,,,,,,,03243,24.1
4813482,,,,,,,,03243,24.1
4813502,,,,,,,,03243,24.1
4813533,,,,,,,,03243,24.1
4813553,,,,,,,,03243,24.1
4813563,,,,,,,,03243,24.1
4813592,,,,,,,,03243,24.1
4813612,,,,,,,,03243,24.1
4813632,,,,,,,,03243,24.1
4813642,,,,,,,,03243,24.1
4813673,,,,,,,,03243,24.1
4813693,,,,,,,,03243,24.1
4813712,,,,,,,,03243,24.1
4813732,,,,,,,,03243,24.1
4813752,,,,,,,,03243,24.1
4813390,24.85,40.0,0.0,0.0,15.0,26.0,4.0,03321,28.2
4813410,16.9,53.5,0.0,0.4,19.5,39.0,8.0,03321,28.2
4813429,11.45,87.0,0.0,0.0,4.5,9.0,4.0,03321,28.2
4813440,14.350000000000001,63.5,0.0,0.0,22.5,44.0,8.0,03321,28.2
4813460,11.05,82.5,0.2,0.4,18.0,45.0,7.0,03321,28.2
4813479,13.25,63.5,0.0,0.2,8.5,30.0,1.0,03321,28.2
4813499,5.3,85.0,0.0,0.0,5.0,20.0,8.0,03321,28.2
4813518,11.399999999999999,78.0,0.0,0.4,21.0,42.0,8.0,03321,28.2
4813538,5.5,87.0,0.0,0.0,18.5,31.5,4.0,03321,28.2
4813568,1.8,87.5,0.8,0.8,14.0,34.0,7.0,03321,28.2
4813580,4.5,67.0,0.0,0.0,10.5,23.0,4.0,03321,28.2
4813600,4.45,84.5,0.0,0.0,27.5,51.0,8.0,03321,28.2
4813629,7.550000000000001,95.0,1.7999999999999998,3.1,10.2,18.5,7.0,03321,28.2
4813639,11.05,87.5,0.0,0.0,12.0,24.0,8.0,03321,28.2
4813658,8.600000000000001,78.0,0.0,0.0,7.4,18.5,4.0,03321,28.2
4813678,,,,,,,,03321,28.2
4813699,,,,,,,,03321,28.2
4813720,,,,,,,,03321,28.2
4813740,,,,,,,,03321,28.2
3629099,27.0,81.0,,,8.3,,7.0,08284,9.7
3629121,27.799999999999997,59.5,,,5.6,,7.0,08284,9.7
3629141,21.85,64.5,,,6.5,,2.0,08284,9.7
3629162,25.65,77.5,,,9.2,,2.0,08284,9.7
3629192,21.85,51.5,,,9.4,,2.0,08284,9.7
3629211,22.2,73.0,,,17.65,,7.0,08284,9.7
3629222,20.299999999999997,21.5,,,7.4,,1.0,08284,9.7
3629242,10.149999999999999,65.5,,,15.700000000000001,,2.0,08284,9.7
3629262,19.15,42.5,,,25.9,,2.0,08284,9.7
3629281,19.299999999999997,45.5,,,8.5,,1.0,08284,9.7
3629302,5.0,84.0,,,9.399999999999999,,1.0,08284,9.7
3629322,16.3,55.0,,,12.100000000000001,,2.0,08284,9.7
3629342,15.85,53.5,,,18.4,,2.0,08284,9.7
3629362,13.45,69.0,,,10.3,,3.0,08284,9.7
3629393,11.35,42.5,,,18.4,,2.0,08284,9.7
3629412,24.299999999999997,42.5,,,13.9,,2.0,08284,9.7
3629431,22.4,55.0,,,13.0,,3.0,08284,9.7
3629451,22.8,51.0,,,14.8,,2.0,08284,9.7
3629471,29.25,35.0,,,13.9,,2.0,08284,9.7
3918017,34.75,37.5,0.0,0.0,19.450000000000003,,7.0,08284,9.7
3917955,27.65,75.0,0.0,0.0,8.3,,7.0,08284,9.7
3917964,27.25,76.0,0.0,0.0,10.3,,7.0,08284,9.7
3917981,26.25,57.0,0.0,0.1,15.700000000000001,,2.0,08284,9.7
3918023,25.799999999999997,62.0,0.0,0.0,14.8,,1.0,08284,9.7
3918044,23.05,77.0,0.0,0.0,11.2,,3.0,08284,9.7
3918053,18.299999999999997,87.0,0.0,0.0,4.5,,2.0,08284,9.7
3918074,17.0,80.5,1.8,0.0,12.1,,7.0,08284,9.7
3918096,7.050000000000001,86.0,0.0,0.0,5.6,,1.0,08284,9.7
3918116,5.0,60.0,0.0,0.0,6.5,,2.0,08284,9.7
3918142,5.0,85.5,0.0,0.0,8.5,,2.0,08284,9.7
3918159,9.3,59.5,0.0,0.0,12.100000000000001,,2.0,08284,9.7
3918187,21.549999999999997,44.5,0.0,0.0,13.0,,2.0,08284,9.7
3918207,14.0,67.0,0.0,0.0,7.4,,2.0,08284,9.7
3918227,16.7,54.0,0.0,0.0,8.5,,1.0,08284,9.7
3918244,20.45,68.5,0.0,0.0,13.9,,2.0,08284,9.7
3918262,21.5,53.0,0.0,0.0,15.700000000000001,,2.0,08284,9.7
3918288,22.45,46.5,0.0,0.0,16.6,,3.0,08284,9.7
3918307,20.25,75.5,0.0,1.1,7.4,,7.0,08284,9.7
4205362,27.9,76.5,0.0,0.0,8.5,,2.0,08284,9.7
4205371,28.200000000000003,23.5,0.0,0.0,35.3,,2.0,08284,9.7
4205389,26.4,73.0,0.0,0.0,13.9,,3.0,08284,9.7
4205410,23.5,76.0,0.0,0.0,11.2,,2.0,08284,9.7
4205438,19.1,79.5,0.1,0.0,12.100000000000001,,3.0,08284,9.7
4205462,20.5,34.5,0.0,0.0,27.7,,2.0,08284,9.7
4205481,16.7,65.5,0.0,0.0,14.799999999999999,,3.0,08284,9.7
4205508,6.35,92.0,0.0,0.0,8.5,,1.0,08284,9.7
4205524,16.9,54.5,0.0,0.0,16.75,,2.0,08284,9.7
4205547,11.7,69.0,0.0,0.0,10.3,,4.0,08284,9.7
4205569,18.85,46.0,0.0,0.0,10.100000000000001,,1.0,08284,9.7
4205591,11.899999999999999,70.5,0.0,0.0,4.5,,2.0,08284,9.7
4205609,15.85,46.5,0.4,0.0,18.55,,3.0,08284,9.7
4205622,9.8,78.5,0.0,1.4,13.0,,7.0,08284,9.7
4205642,14.5,76.0,1.3,0.2,10.5,,17.0,08284,9.7
4205659,19.35,40.5,0.0,0.0,18.55,,2.0,08284,9.7
4205682,26.5,28.0,0.0,0.0,18.55,,2.0,08284,9.7
4205690,22.95,49.0,0.0,0.0,16.6,,2.0,08284,9.7
4205711,20.85,66.5,0.0,0.2,16.6,,4.0,08284,9.7
4506750,29.0,66.5,0.0,0.0,12.100000000000001,,7.0,08284,9.7
4506779,26.9,71.0,,,12.1,,2.0,08284,9.7
4506803,21.75,83.0,0.2,5.499999999999999,18.4,,18.0,08284,9.7
4506815,27.1,31.5,0.0,0.0,20.35,,3.0,08284,9.7
4506853,20.799999999999997,79.0,0.0,0.0,5.4,,2.0,08284,9.7
4506891,19.0,64.5,0.0,0.0,7.6,13.0,3.0,08284,9.7
4506912,18.45,45.5,0.0,0.0,17.65,51.8,2.0,08284,9.7
4506933,20.049999999999997,37.0,0.0,0.0,19.450000000000003,38.9,1.0,08284,9.7
4506872,14.0,55.5,0.0,0.0,12.100000000000001,35.2,2.0,08284,9.7
4506952,6.25,82.5,0.0,0.0,7.6,13.0,1.0,08284,9.7
4506973,14.05,47.0,0.0,0.0,15.700000000000001,24.1,2.0,08284,9.7
4506983,15.75,51.0,0.0,0.0,14.8,24.1,2.0,08284,9.7
4506999,14.95,80.0,0.5,0.0,13.0,25.9,4.0,08284,9.7
4507020,15.350000000000001,90.0,5.6,5.199999999999999,19.450000000000003,37.0,8.0,08284,9.7
4507043,19.0,36.0,0.0,0.0,16.0,33.3,1.0,08284,9.7
4507063,15.0,94.0,0.0,1.9,10.5,20.4,3.0,08284,9.7
4507085,16.1,83.0,0.3,9.0,7.0,25.9,8.0,08284,9.7
4507103,20.5,69.5,1.2,1.0,20.5,33.3,8.0,08284,9.7
4507119,23.75,45.0,0.0,0.0,16.0,33.3,2.0,08284,9.7
4837117,30.0,47.0,0.0,0.0,7.5,38.9,2.0,08284,9.7
4837137,28.0,51.0,0.0,0.0,22.0,38.9,1.0,08284,9.7
4837154,,,,,,,,08284,9.7
4837179,,,,,,,,08284,9.7
4837203,,,,,,,,08284,9.7
4837227,,,,,,,,08284,9.7
4837238,,,,,,,,08284,9.7
4837259,,,,,,,,08284,9.7
4837279,,,,,,,,08284,9.7
4837297,,,,,,,,08284,9.7
4837316,,,,,,,,08284,9.7
4837338,,,,,,,,08284,9.7
4837369,,,,,,,,08284,9.7
4837374,,,,,,,,08284,9.7
4837407,,,,,,,,08284,9.7
4837429,,,,,,,,08284,9.7
4837446,,,,,,,,08284,9.7
4837467,,,,,,,,08284,9.7
4837488,,,,,,,,08284,9.7
3629096,38.8,33.5,,,13.0,27.8,1.0,08451,33.2
3629119,25.950000000000003,59.5,,,20.5,35.2,1.0,08451,33.2
3629126,35.05,23.5,,,14.8,31.5,1.0,08451,33.2
3629146,22.75,83.0,,,15.7,22.2,2.0,08451,33.2
3629168,26.85,44.5,,,15.700000000000001,31.5,1.0,08451,33.2
3629189,25.8,41.5,,,7.4,20.4,2.0,08451,33.2
3629207,22.65,87.5,,,27.7,40.8,4.0,08451,33.2
3629238,11.1,51.5,,,9.399999999999999,25.9,1.0,08451,33.2
3629258,11.149999999999999,85.0,,,7.4,14.8,1.0,08451,33.2
3629279,10.75,97.5,,,0.0,9.3,5.0,08451,33.2
3629301,8.55,81.5,,,1.8,11.1,1.0,08451,33.2
3629327,19.1,53.0,,,7.6,20.4,2.0,08451,33.2
3629337,17.200000000000003,57.0,,,11.2,25.9,2.0,08451,33.2
3629358,18.299999999999997,42.0,,,4.5,24.1,2.0,08451,33.2
3629377,16.9,70.0,,,40.85,48.2,8.0,08451,33.2
3629395,21.35,55.0,,,8.5,24.1,1.0,08451,33.2
3629418,16.3,68.5,,,24.1,38.9,2.0,08451,33.2
3629440,28.15,40.5,,,21.4,31.5,2.0,08451,33.2
3629460,24.1,57.0,,,17.5,33.3,2.0,08451,33.2
3918012,32.0,27.0,0.0,0.0,25.0,38.9,2.0,08451,33.2
3917954,26.549999999999997,63.5,0.0,0.0,12.1,25.9,2.0,08451,33.2
3917976,31.5,42.0,0.0,0.0,16.6,31.5,2.0,08451,33.2
3917989,29.15,25.0,0.0,0.0,10.3,25.9,2.0,08451,33.2
3918002,29.25,49.5,0.5,0.30000000000000004,12.100000000000001,25.9,2.0,08451,33.2
3918034,22.9,74.0,0.0,0.0,15.700000000000001,22.2,2.0,08451,33.2
3918052,28.75,44.5,0.0,0.0,21.25,31.5,2.0,08451,33.2
3918087,13.85,83.0,0.0,0.0,6.5,11.1,1.0,08451,33.2
3918099,13.7,88.5,0.0,0.0,15.7,25.9,3.0,08451,33.2
3918118,11.95,38.0,0.0,0.0,30.6,37.0,1.0,08451,33.2
3918139,12.45,52.5,0.0,0.0,23.200000000000003,33.3,2.0,08451,33.2
3918162,14.1,53.0,0.0,0.0,19.45,33.3,3.0,08451,33.2
3918183,14.0,94.0,0.0,0.0,7.4,14.8,1.0,08451,33.2
3918202,22.65,54.0,0.0,0.0,26.8,37.0,1.0,08451,33.2
3918222,21.6,50.5,0.0,0.0,13.9,22.2,1.0,08451,33.2
3918243,31.65,27.5,0.0,0.0,14.8,29.6,1.0,08451,33.2
3918251,28.35,40.0,0.0,0.0,7.3999999999999995,25.9,2.0,08451,33.2
3918282,20.049999999999997,57.0,0.0,0.1,13.0,29.6,2.0,08451,33.2
3918303,23.15,54.5,0.0,0.0,32.4,38.9,2.0,08451,33.2
4205352,32.8,29.0,0.0,0.0,15.700000000000001,31.5,1.0,08451,33.2
4205367,28.1,49.0,0.0,0.0,28.8,38.9,3.0,08451,33.2
4205376,26.200000000000003,64.5,0.0,0.0,25.9,33.3,1.0,08451,33.2
4205404,23.9,59.5,0.0,0.0,7.6,,1.0,08451,33.2
4205424,34.25,29.0,0.0,0.0,14.8,,2.0,08451,33.2
4205447,17.450000000000003,86.0,0.0,0.0,7.4,,2.0,08451,33.2
4205475,16.0,65.5,0.0,0.0,7.6,,2.0,08451,33.2
4205495,16.049999999999997,82.5,0.0,0.0,13.0,,1.0,08451,33.2
4205516,10.8,64.5,0.0,0.0,9.399999999999999,,1.0,08451,33.2
4205538,23.0,35.5,0.0,0.0,25.9,,2.0,08451,33.2
4205558,19.0,65.0,0.0,0.0,4.5,,2.0,08451,33.2
4205579,15.2,80.5,0.1,2.2,26.799999999999997,,7.0,08451,33.2
4205595,18.549999999999997,69.0,0.4,0.1,35.3,,3.0,08451,33.2
4205620,12.05,84.5,0.5,3.3000000000000003,16.75,,7.0,08451,33.2
4205635,11.5,91.0,0.8999999999999999,1.0,12.0,,8.0,08451,33.2
4205650,19.6,42.0,0.0,0.0,9.399999999999999,,1.0,08451,33.2
4205666,19.8,42.0,0.0,0.0,12.1,,2.0,08451,33.2
4205686,27.25,43.0,0.0,0.0,13.9,,1.0,08451,33.2
4205707,20.75,55.5,0.0,0.0,26.799999999999997,,2.0,08451,33.2
3629095,30.0,52.0,0.0,0.0,11.0,,,LESB0,6.3
3629118,26.5,81.5,0.0,0.0,12.0,,,LESB0,6.3
3629139,27.5,48.0,0.0,0.0,13.0,,,LESB0,6.3
3629158,30.0,62.0,0.2,0.0,17.5,,,LESB0,6.3
3629166,25.0,69.0,0.0,0.0,20.5,,,LESB0,6.3
3629197,16.5,74.5,0.0,0.0,5.0,,,LESB0,6.3
3629218,15.0,48.0,0.0,0.0,7.0,,,LESB0,6.3
3629237,10.0,76.0,0.0,2.4999999999999996,19.5,,,LESB0,6.3
3629257,15.5,51.5,0.0,0.0,35.0,,,LESB0,6.3
3629277,10.0,91.0,0.0,0.0,6.0,,,LESB0,6.3
3629318,14.5,65.0,0.0,0.1,10.0,,,LESB0,6.3
3629326,8.5,71.0,0.0,0.1,7.0,,,LESB0,6.3
3629346,14.5,49.5,0.0,0.0,27.0,,,LESB0,6.3
3629299,11.5,83.0,0.8,0.0,7.0,,,LESB0,6.3
3629367,15.5,77.0,0.0,0.0,29.0,,,LESB0,6.3
3629394,19.0,37.0,0.0,0.0,20.5,,,LESB0,6.3
3629417,19.0,62.0,0.0,0.0,11.0,,,LESB0,6.3
3629438,25.0,26.0,0.0,0.0,18.5,,,LESB0,6.3
3629458,24.0,40.0,0.0,0.0,8.5,,,LESB0,6.3
3917944,28.0,53.0,0.0,0.0,14.0,,1.0,LESB0,6.3
3917967,30.0,62.5,0.0,0.0,7.0,,3.0,LESB0,6.3
3917986,25.5,52.5,0.0,0.0,29.0,,3.0,LESB0,6.3
3917993,19.0,68.5,0.0,0.0,6.5,,3.0,LESB0,6.3
3918020,23.5,61.5,0.0,0.0,6.5,,3.0,LESB0,6.3
3918055,20.0,88.0,0.0,0.0,6.5,,3.0,LESB0,6.3
3918072,17.5,77.5,0.0,0.0,7.0,,3.0,LESB0,6.3
3918090,13.5,67.0,0.0,0.0,9.0,,2.0,LESB0,6.3
3918114,5.5,84.0,0.0,0.0,5.0,,3.0,LESB0,6.3
3918133,16.0,43.5,0.0,0.0,21.0,,1.0,LESB0,6.3
3918151,11.5,85.0,0.0,0.0,4.0,,1.0,LESB0,6.3
3918176,12.5,57.5,0.0,0.0,12.0,,1.0,LESB0,6.3
3918182,22.0,57.0,0.0,0.0,9.5,,3.0,LESB0,6.3
3918201,18.0,64.0,0.0,0.0,7.5,,3.0,LESB0,6.3
3918235,20.0,73.5,0.0,0.0,23.0,,3.0,LESB0,6.3
3918254,21.0,57.0,0.0,0.1,18.5,,1.0,LESB0,6.3
3918275,17.0,68.0,0.0,1.2,19.5,,3.0,LESB0,6.3
3918292,19.5,80.5,0.0,8.7,13.0,,3.0,LESB0,6.3
3918310,22.5,65.0,1.5,8.0,8.5,,18.0,LESB0,6.3
4205355,28.5,77.0,0.0,0.0,10.0,,1.0,LESB0,6.3
4205379,28.5,64.0,0.0,0.0,36.0,,3.0,LESB0,6.3
4205407,21.0,66.5,0.0,0.0,9.0,,1.0,LESB0,6.3
4205426,26.0,57.5,0.0,0.0,10.0,,3.0,LESB0,6.3
4205451,20.5,64.0,0.0,0.0,17.5,,1.0,LESB0,6.3
4205468,16.5,82.5,0.0,0.0,12.0,,3.0,LESB0,6.3
4205492,15.0,48.0,0.0,0.0,13.0,,1.0,LESB0,6.3
4205497,14.0,79.5,0.0,0.0,6.0,,3.0,LESB0,6.3
4205517,13.5,58.5,0.0,0.0,10.0,,2.0,LESB0,6.3
4205541,13.5,69.5,0.0,0.0,18.5,,3.0,LESB0,6.3
4205559,11.0,82.0,0.0,0.0,8.0,,3.0,LESB0,6.3
4205575,13.15,46.0,0.0,0.0,32.05,,3.0,LESB0,6.3
4205585,14.0,82.0,0.0,0.0,9.0,,3.0,LESB0,6.3
4205608,12.5,47.0,0.0,0.0,13.0,,3.0,LESB0,6.3
4205631,18.0,75.5,0.0,0.0,18.0,,1.0,LESB0,6.3
4205646,21.5,35.5,0.0,0.0,11.0,,1.0,LESB0,6.3
4205676,16.5,88.0,0.0,0.0,5.5,,1.0,LESB0,6.3
4205692,23.0,47.0,0.0,0.0,29.0,,3.0,LESB0,6.3
4205709,20.5,71.0,0.0,2.0,13.0,,3.0,LESB0,6.3
4506747,26.5,79.0,0.0,0.4,6.5,,3.0,LESB0,6.3
4506769,26.4,57.0,0.0,0.0,9.899999999999999,,1.0,LESB0,6.3
4506789,24.0,52.0,0.0,0.0,18.5,,3.0,LESB0,6.3
4506809,21.5,62.5,0.0,0.0,22.0,,3.0,LESB0,6.3
4506849,25.5,51.0,0.0,0.0,18.0,,3.0,LESB0,6.3
4506857,21.0,80.5,0.0,0.0,16.0,,3.0,LESB0,6.3
4506880,17.5,77.5,0.0,0.7,7.0,,2.0,LESB0,6.3
4506896,12.0,94.0,0.0,0.0,6.5,,5.0,LESB0,6.3
4506941,14.5,83.0,0.0,0.0,5.5,,3.0,LESB0,6.3
4506922,13.5,58.5,0.0,0.0,13.0,,3.0,LESB0,6.3
4506960,17.5,75.0,0.0,0.0,22.0,,1.0,LESB0,6.3
4506976,10.0,82.0,0.0,0.0,8.0,,3.0,LESB0,6.3
4506993,13.5,85.0,0.0,0.0,4.0,,3.0,LESB0,6.3
4507013,14.0,79.5,0.0,0.2,20.5,,3.0,LESB0,6.3
4507034,,,,,,,,LESB0,6.3
4507051,20.0,49.0,0.0,0.0,14.0,,1.0,LESB0,6.3
4507075,,,,,,,,LESB0,6.3
4507101,22.0,65.0,0.0,0.4,19.5,,3.0,LESB0,6.3
4507120,23.5,45.5,0.0,0.0,12.0,,3.0,LESB0,6.3
4837114,29.5,79.5,0.0,0.0,10.0,,1.0,LESB0,6.3
4837125,28.5,64.0,0.2,0.30000000000000004,21.0,,17.0,LESB0,6.3
4837155,27.5,68.0,0.0,0.0,26.0,,3.0,LESB0,6.3
4837175,23.5,73.5,0.0,0.0,17.0,,3.0,LESB0,6.3
4837209,15.0,94.0,6.0,6.3,18.5,,9.0,LESB0,6.3
4837228,14.5,79.5,0.0,0.0,5.0,,1.0,LESB0,6.3
4837243,16.5,68.0,0.0,0.0,21.0,,3.0,LESB0,6.3
4837266,15.5,79.5,0.0,0.0,17.0,,3.0,LESB0,6.3
4837288,,,,,,,,LESB0,6.3
4837307,,,,,,,,LESB0,6.3
4837322,,,,,,,,LESB0,6.3
4837348,,,,,,,,LESB0,6.3
4837363,,,,,,,,LESB0,6.3
4837387,,,,,,,,LESB0,6.3
4837404,,,,,,,,LESB0,6.3
4837414,,,,,,,,LESB0,6.3
4837433,,,,,,,,LESB0,6.3
4837454,,,,,,,,LESB0,6.3
4837485,,,,,,,,LESB0,6.3
3629092,19.55,90.5,,,15.700000000000001,22.2,3.0,08080,5.3
3629104,26.15,48.5,,,28.6,33.3,2.0,08080,5.3
3629134,13.75,74.5,,,7.4,14.8,3.0,08080,5.3
3629154,22.9,49.5,,,24.1,33.3,2.0,08080,5.3
3629174,18.799999999999997,73.0,,,4.7,16.7,2.0,08080,5.3
3629194,13.850000000000001,74.5,,,13.0,16.7,2.0,08080,5.3
3629214,6.35,78.0,,,18.55,25.9,3.0,08080,5.3
3629234,3.1500000000000004,92.5,,,14.8,38.9,8.0,08080,5.3
3629254,11.149999999999999,100.0,,,5.6,16.7,7.0,08080,5.3
3629274,11.6,78.0,,,12.100000000000001,20.4,2.0,08080,5.3
3629284,8.55,100.0,,,12.100000000000001,24.1,9.0,08080,5.3
3629304,0.35,85.5,,,6.5,11.1,1.0,08080,5.3
3629324,13.85,48.5,,,24.1,37.0,3.0,08080,5.3
3629354,3.75,91.0,,,10.3,22.2,4.0,08080,5.3
3629374,15.15,50.0,,,23.200000000000003,29.6,2.0,08080,5.3
3629404,20.6,43.5,,,19.45,31.5,2.0,08080,5.3
3629424,19.0,60.5,,,16.75,25.9,3.0,08080,5.3
3629444,18.950000000000003,66.0,,,20.35,29.6,3.0,08080,5.3
3629464,18.25,93.5,,,12.1,27.8,25.0,08080,5.3
4205357,30.65,57.5,0.0,0.0,17.65,29.6,1.0,08080,5.3
4205378,17.9,75.0,0.0,10.899999999999999,15.7,22.2,18.0,08080,5.3
4205400,13.5,77.0,0.0,0.6000000000000001,11.0,20.4,3.0,08080,5.3
4205419,34.25,26.0,0.0,0.0,8.3,25.9,1.0,08080,5.3
4205427,28.85,31.0,0.0,0.0,14.8,24.1,1.0,08080,5.3
4205455,14.9,53.0,0.0,0.0,32.6,50.0,3.0,08080,5.3
4205477,9.149999999999999,87.0,0.0,0.0,1.8,14.8,3.0,08080,5.3
4205498,14.05,74.5,0.0,0.0,27.0,42.6,3.0,08080,5.3
4205520,10.5,80.0,0.2,0.4,9.4,18.5,7.0,08080,5.3
4205545,-1.35,75.5,0.0,0.0,12.1,22.2,2.0,08080,5.3
4205568,11.350000000000001,70.0,0.0,0.0,10.3,13.0,1.0,08080,5.3
4205577,7.8999999999999995,74.5,0.2,0.8,14.05,29.6,2.0,08080,5.3
4205601,7.5,64.5,0.0,0.0,12.100000000000001,25.9,3.0,08080,5.3
4205618,10.0,68.0,0.7,0.3,25.9,44.5,7.0,08080,5.3
4205638,9.5,71.5,0.5,6.8,15.0,27.8,3.0,08080,5.3
4205657,12.1,45.0,0.0,0.0,27.7,38.9,1.0,08080,5.3
4205668,12.45,59.0,1.1,3.5,25.049999999999997,38.9,17.0,08080,5.3
4205688,19.65,68.5,0.0,0.0,12.1,14.8,2.0,08080,5.3
4205708,10.95,96.0,0.7,4.0,5.6,14.8,18.0,08080,5.3
4506761,17.65,68.0,0.0,0.0,21.4,25.9,3.0,08080,5.3
4506780,26.6,60.5,,,16.75,24.1,2.0,08080,5.3
4506800,17.15,86.5,0.0,0.1,9.2,18.5,3.0,08080,5.3
4506837,21.5,72.5,0.4,0.0,17.65,42.6,7.0,08080,5.3
4506850,13.35,85.0,0.6000000000000001,0.0,1.8,14.8,3.0,08080,5.3
4506870,10.75,97.0,0.0,0.0,1.8,9.3,2.0,08080,5.3
4506897,17.1,70.0,0.0,0.0,10.3,20.4,2.0,08080,5.3
4506918,8.15,82.5,0.0,0.4,8.5,22.2,4.0,08080,5.3
4506939,12.3,74.0,0.0,0.0,23.200000000000003,37.0,7.0,08080,5.3
4506959,7.05,74.5,0.0,3.4,31.5,48.2,3.0,08080,5.3
4506979,12.0,75.0,0.0,0.0,18.55,27.8,3.0,08080,5.3
4506998,12.25,60.0,0.1,0.2,11.2,24.1,2.0,08080,5.3
4507021,13.399999999999999,76.0,1.1,0.2,38.0,55.5,7.0,08080,5.3
4507041,8.0,68.5,0.0,0.2,23.0,38.9,3.0,08080,5.3
4507059,13.0,82.0,0.0,3.6,18.5,27.8,7.0,08080,5.3
4507083,12.5,79.5,0.0,0.0,7.5,20.4,3.0,08080,5.3
4507088,21.5,53.0,0.0,0.1,10.5,29.6,2.0,08080,5.3
4507106,13.0,94.0,0.30000000000000004,9.3,14.0,24.1,18.0,08080,5.3
4507129,14.0,77.0,0.0,0.0,13.0,16.7,1.0,08080,5.3
4837109,23.5,78.0,0.0,0.0,15.0,18.5,2.0,08080,5.3
4837129,30.5,31.0,0.0,0.0,10.0,25.9,2.0,08080,5.3
4837149,,,,,,,,08080,5.3
4837180,,,,,,,,08080,5.3
4837190,,,,,,,,08080,5.3
4837210,,,,,,,,08080,5.3
4837230,,,,,,,,08080,5.3
4837250,,,,,,,,08080,5.3
4837260,,,,,,,,08080,5.3
4837280,,,,,,,,08080,5.3
4837310,,,,,,,,08080,5.3
4837330,,,,,,,,08080,5.3
4837350,,,,,,,,08080,5.3
4837380,,,,,,,,08080,5.3
4837400,,,,,,,,08080,5.3
4837420,,,,,,,,08080,5.3
4837440,,,,,,,,08080,5.3
4837460,,,,,,,,08080,5.3
4837480,,,,,,,,08080,5.3
3629097,21.55,83.0,0.0,0.0,23.2,,,08085,3.7
3629112,17.25,76.0,0.0,0.0,22.3,,,08085,3.7
3629130,30.65,27.0,0.0,0.1,9.399999999999999,,,08085,3.7
3629150,20.450000000000003,66.0,0.0,0.0,12.1,,,08085,3.7
3629171,24.55,39.5,0.0,0.0,25.0,,,08085,3.7
3629190,9.850000000000001,74.0,0.0,0.0,19.450000000000003,,,08085,3.7
3629220,8.45,88.5,0.1,0.0,14.8,,,08085,3.7
3629240,4.65,92.5,0.5,1.0000000000000002,5.6000000000000005,,,08085,3.7
3629260,12.399999999999999,72.0,0.0,0.0,3.6,,,08085,3.7
3629280,6.2,95.5,0.0,0.0,5.4,,,08085,3.7
3629288,7.4,97.5,5.1,9.799999999999999,4.5,,,08085,3.7
3629320,3.1500000000000004,74.5,0.0,0.0,20.35,,,08085,3.7
3629340,8.350000000000001,56.0,0.0,0.0,22.3,,,08085,3.7
3629360,9.55,53.0,0.0,0.2,21.25,,,08085,3.7
3629379,12.45,58.5,0.0,0.0,17.5,,,08085,3.7
3629398,19.7,38.0,0.0,0.0,21.25,,,08085,3.7
3629421,6.85,82.0,0.4,2.4,15.7,,,08085,3.7
3629447,27.3,41.5,0.0,0.0,14.95,,,08085,3.7
3629467,27.55,32.0,0.0,0.0,17.65,,,08085,3.7
3918013,29.450000000000003,52.5,0.0,0.0,16.6,,3.0,08085,3.7
3917946,33.35,29.0,0.0,0.0,17.65,,2.0,08085,3.7
3917959,31.7,26.0,0.0,1.3000000000000003,26.799999999999997,,3.0,08085,3.7
3917982,26.65,36.0,0.0,0.0,6.5,,3.0,08085,3.7
3918003,18.95,73.5,0.0,0.0,13.0,,3.0,08085,3.7
3918037,17.0,63.0,1.2,0.5,42.65,,8.0,08085,3.7
3918050,18.4,65.5,0.0,0.0,3.6,,3.0,08085,3.7
3918073,14.95,70.5,0.0,0.0,17.5,,3.0,08085,3.7
3918105,7.4,86.5,0.0,0.0,6.5,,3.0,08085,3.7
3918122,2.1,65.5,0.0,0.0,20.5,,3.0,08085,3.7
3918153,5.05,70.5,0.0,0.0,8.5,,1.0,08085,3.7
3918175,6.05,68.5,0.0,0.0,9.399999999999999,,2.0,08085,3.7
3918193,14.5,50.5,0.0,0.0,17.5,,3.0,08085,3.7
3918216,23.200000000000003,24.0,0.0,0.0,8.5,,3.0,08085,3.7
3918233,16.1,71.5,0.0,4.6000000000000005,6.5,,3.0,08085,3.7
3918253,21.45,69.5,0.0,0.0,4.7,,3.0,08085,3.7
3918277,13.0,75.0,0.1,0.4,23.200000000000003,,17.0,08085,3.7
3918293,12.7,70.0,0.0,0.1,14.8,,3.0,08085,3.7
3918318,23.45,56.0,0.0,1.3,13.899999999999999,,3.0,08085,3.7
4205358,28.25,57.5,0.0,0.0,13.9,,1.0,08085,3.7
4205380,21.1,84.0,0.0,0.0,2.7,,3.0,08085,3.7
4205398,20.0,49.0,0.0,0.0,12.1,,3.0,08085,3.7
4205406,21.65,63.5,0.0,0.0,1.8,,1.0,08085,3.7
4205441,11.399999999999999,90.5,0.3,0.2,2.7,,17.0,08085,3.7
4205460,14.5,88.0,0.3,1.2999999999999998,28.8,,8.0,08085,3.7
4205471,13.3,96.5,0.0,0.4,3.6,,3.0,08085,3.7
4205486,4.5,94.0,0.0,0.4,5.6,,3.0,08085,3.7
4205506,7.05,85.0,0.0,0.0,12.1,,3.0,08085,3.7
4205525,8.25,84.0,0.0,0.0,4.7,,3.0,08085,3.7
4205550,8.5,60.5,0.0,0.0,4.5,,2.0,08085,3.7
4205572,16.0,54.0,0.0,0.0,2.7,,1.0,08085,3.7
4205589,13.65,52.0,0.0,0.0,21.25,,2.0,08085,3.7
4205612,5.949999999999999,88.5,0.0,4.6,8.5,,2.0,08085,3.7
4205625,20.5,41.5,0.0,0.0,12.1,,3.0,08085,3.7
4205647,10.4,68.5,0.0,0.0,21.25,,3.0,08085,3.7
4205678,21.85,52.0,2.5,0.2,23.200000000000003,,9.0,08085,3.7
4205700,11.25,83.0,0.0,1.0,13.9,,3.0,08085,3.7
4205717,25.5,49.0,0.0,0.0,9.4,,3.0,08085,3.7
4506753,24.1,64.0,0.0,0.0,23.200000000000003,,3.0,08085,3.7
4506765,24.9,64.5,3.5,4.0,34.4,,18.0,08085,3.7
4506784,27.450000000000003,51.5,,,7.3999999999999995,,,08085,3.7
4506805,20.2,72.5,3.9000000000000004,0.5,24.1,,9.0,08085,3.7
4506822,11.0,79.0,0.0,0.0,11.1,,3.0,08085,3.7
4506851,19.6,67.5,0.0,0.0,0.9,,3.0,08085,3.7
4506869,16.5,80.5,0.0,0.0,0.9,,3.0,08085,3.7
4506887,17.0,60.5,0.0,0.0,29.7,,3.0,08085,3.7
4506913,3.95,97.0,3.5,14.5,18.55,,9.0,08085,3.7
4506931,8.65,90.5,0.0,0.0,1.8,,3.0,08085,3.7
4506946,4.85,69.0,0.0,0.0,6.5,,1.0,08085,3.7
4506968,9.3,66.0,0.0,0.0,16.6,,2.0,08085,3.7
4506988,16.9,55.0,0.0,0.0,11.2,,3.0,08085,3.7
4507007,5.25,96.5,0.1,0.0,4.5,,7.0,08085,3.7
4507031,6.25,62.0,,,15.7,,,08085,3.7
4507061,15.5,70.0,0.0,0.0,18.5,,3.0,08085,3.7
4507082,16.5,63.0,0.0,0.0,20.0,,1.0,08085,3.7
4507109,13.5,79.5,0.0,1.5,28.0,,3.0,08085,3.7
4507125,24.5,49.5,0.0,0.0,6.5,,3.0,08085,3.7
4837121,32.5,34.0,0.0,0.0,8.0,,3.0,08085,3.7
4837144,,,,,,,,08085,3.7
4837168,,,,,,,,08085,3.7
4837187,,,,,,,,08085,3.7
4837207,,,,,,,,08085,3.7
4837234,,,,,,,,08085,3.7
4837257,,,,,,,,08085,3.7
4837275,,,,,,,,08085,3.7
4837283,,,,,,,,08085,3.7
4837305,,,,,,,,08085,3.7
4837323,,,,,,,,08085,3.7
4837357,,,,,,,,08085,3.7
4837378,,,,,,,,08085,3.7
4837398,,,,,,,,08085,3.7
4837417,,,,,,,,08085,3.7
4837423,,,,,,,,08085,3.7
4837447,,,,,,,,08085,3.7
4837466,,,,,,,,08085,3.7
4837478,,,,,,,,08085,3.7
3629094,27.85,49.0,,,17.5,33.3,1.0,08045,8.8
3629117,20.75,70.5,,,15.700000000000001,22.2,3.0,08045,8.8
3629138,16.65,81.0,,,13.9,18.5,2.0,08045,8.8
3629157,15.25,84.5,,,11.2,16.7,2.0,08045,8.8
3629176,18.7,95.5,,,12.100000000000001,18.5,3.0,08045,8.8
3629196,14.7,98.0,,,23.200000000000003,35.2,9.0,08045,8.8
3629217,14.45,57.5,,,2.7,13.0,1.0,08045,8.8
3629226,17.55,59.5,,,5.4,11.1,2.0,08045,8.8
3629246,9.3,89.5,,,7.4,14.8,3.0,08045,8.8
3629266,6.550000000000001,77.5,,,7.6,13.0,1.0,08045,8.8
3629298,9.7,76.5,,,6.5,13.0,1.0,08045,8.8
3629317,11.65,57.0,,,15.700000000000001,22.2,2.0,08045,8.8
3629336,12.100000000000001,59.0,,,13.9,16.7,1.0,08045,8.8
3629357,9.85,59.0,,,24.1,24.1,2.0,08045,8.8
3629376,17.6,49.5,,,11.2,20.4,3.0,08045,8.8
3629388,14.5,32.0,,,13.9,27.8,1.0,08045,8.8
3629416,12.55,50.0,,,20.35,29.6,1.0,08045,8.8
3629437,21.4,48.5,,,8.3,29.6,2.0,08045,8.8
3629457,16.85,77.0,,,31.5,35.2,4.0,08045,8.8
3918011,21.0,67.0,0.0,0.0,21.4,27.8,2.0,08045,8.8
3917940,19.65,80.0,0.0,0.0,9.399999999999999,18.5,1.0,08045,8.8
3917965,17.95,70.5,0.0,0.6000000000000001,16.6,20.4,2.0,08045,8.8
3917994,24.2,57.0,0.0,0.0,7.6,14.8,2.0,08045,8.8
3918019,15.85,98.0,2.4,6.2,18.4,33.3,5.0,08045,8.8
3918038,15.7,92.5,0.6,0.8,11.2,20.4,7.0,08045,8.8
3918060,12.85,85.5,0.0,0.0,6.5,14.8,2.0,08045,8.8
3918080,15.350000000000001,79.5,1.5,3.0,41.6,44.5,7.0,08045,8.8
3918098,11.75,85.0,0.6,0.5,12.1,22.2,4.0,08045,8.8
3918121,9.1,61.0,0.0,0.0,3.6,14.8,1.0,08045,8.8
3918143,14.7,35.0,0.0,0.0,6.5,16.7,2.0,08045,8.8
3918161,12.2,50.5,0.0,0.0,18.55,22.2,3.0,08045,8.8
3918180,14.15,94.5,0.4,3.0999999999999996,11.2,18.5,5.0,08045,8.8
3918208,16.5,48.0,0.0,0.0,3.6,14.8,1.0,08045,8.8
3918221,19.4,46.5,0.0,0.0,9.399999999999999,18.5,2.0,08045,8.8
3918242,14.8,88.5,0.0,0.0,12.100000000000001,13.0,2.0,08045,8.8
3918270,20.15,52.0,0.0,0.0,13.9,31.5,2.0,08045,8.8
3918290,24.05,50.0,0.0,0.0,18.55,31.5,3.0,08045,8.8
3918314,17.6,80.5,0.0,0.1,7.6,16.7,2.0,08045,8.8
4205346,22.299999999999997,60.5,0.0,0.0,21.4,29.6,1.0,08045,8.8
4205364,18.9,71.5,0.0,0.0,19.45,24.1,2.0,08045,8.8
4205385,19.35,83.0,0.1,2.6999999999999997,12.1,29.6,7.0,08045,8.8
4205412,20.1,87.0,0.0,0.0,7.3,22.2,3.0,08045,8.8
4205425,26.05,52.5,0.0,0.0,4.5,16.7,1.0,08045,8.8
4205436,12.85,91.5,0.0,1.2,9.399999999999999,11.1,5.0,08045,8.8
4205454,12.8,77.0,3.0999999999999996,4.2,24.1,40.8,18.0,08045,8.8
4205489,6.4,92.0,0.0,0.0,3.6,11.1,2.0,08045,8.8
4205505,11.5,73.0,0.0,0.0,8.5,11.1,1.0,08045,8.8
4205529,11.4,91.0,0.30000000000000004,0.0,5.6,14.8,4.0,08045,8.8
4205543,6.3,88.0,0.0,0.0,9.4,16.7,2.0,08045,8.8
4205555,16.7,62.0,0.0,0.0,17.65,27.8,2.0,08045,8.8
4205588,14.5,79.5,0.0,0.0,9.2,13.0,2.0,08045,8.8
4205606,9.35,94.0,3.3,11.3,13.1,25.9,9.0,08045,8.8
4205636,9.85,76.5,1.6,1.5999999999999999,21.0,29.6,8.0,08045,8.8
4205655,23.35,47.0,0.0,0.0,10.100000000000001,20.4,2.0,08045,8.8
4205673,13.5,92.5,0.5,17.7,13.9,22.2,17.0,08045,8.8
4205696,10.55,81.5,0.0,1.7,4.7,18.5,3.0,08045,8.8
4205714,17.1,63.0,0.0,0.0,20.35,27.8,3.0,08045,8.8
4506752,28.1,54.5,0.0,0.0,15.7,24.1,1.0,08045,8.8
4506757,21.3,81.0,0.0,0.0,14.8,24.1,2.0,08045,8.8
4506788,28.0,36.0,0.0,0.0,3.6,14.8,1.0,08045,8.8
4506813,15.850000000000001,87.5,0.4,1.4000000000000001,7.4,22.2,3.0,08045,8.8
4506820,19.25,49.0,0.0,0.0,11.2,24.1,4.0,08045,8.8
4506847,16.200000000000003,98.0,1.1,5.6,17.5,25.9,8.0,08045,8.8
4506867,15.95,86.5,0.3,0.4,11.2,16.7,3.0,08045,8.8
4506890,18.6,56.0,0.0,0.0,31.5,40.8,2.0,08045,8.8
4506907,13.350000000000001,96.0,0.4,0.0,4.5,14.8,5.0,08045,8.8
4506926,12.45,82.0,0.0,0.0,2.7,9.3,4.0,08045,8.8
4506948,7.15,98.0,3.1999999999999997,1.9000000000000001,20.5,27.8,8.0,08045,8.8
4506982,8.2,80.5,0.0,0.0,11.2,18.5,3.0,08045,8.8
4506996,11.350000000000001,91.0,6.2,19.599999999999998,10.3,16.7,8.0,08045,8.8
4507018,11.15,73.0,1.0,10.9,13.9,27.8,8.0,08045,8.8
4507038,17.2,48.0,0.0,0.0,5.7,16.7,1.0,08045,8.8
4507064,15.0,94.0,0.7,5.0,10.0,20.4,7.0,08045,8.8
4507080,19.7,58.0,0.0,0.0,14.0,25.9,1.0,08045,8.8
4507099,12.5,77.0,1.8,6.0,16.0,24.1,3.0,08045,8.8
4507118,17.25,65.0,0.1,4.5,19.5,20.4,3.0,08045,8.8
4837111,22.0,69.0,0.0,0.0,22.0,29.6,1.0,08045,8.8
4837167,18.0,88.0,1.0,0.6000000000000001,13.0,18.5,5.0,08045,8.8
4837130,17.5,78.0,0.9,1.0,15.5,29.6,3.0,08045,8.8
4837141,,,,,,,,08045,8.8
4837184,,,,,,,,08045,8.8
4837193,,,,,,,,08045,8.8
4837226,,,,,,,,08045,8.8
4837241,,,,,,,,08045,8.8
4837264,,,,,,,,08045,8.8
4837281,,,,,,,,08045,8.8
4837301,,,,,,,,08045,8.8
4837334,,,,,,,,08045,8.8
4837355,,,,,,,,08045,8.8
4837372,,,,,,,,08045,8.8
4837396,,,,,,,,08045,8.8
4837412,,,,,,,,08045,8.8
4837442,,,,,,,,08045,8.8
4837462,,,,,,,,08045,8.8
4837482,,,,,,,,08045,8.8
3629093,27.1,79.0,,,9.399999999999999,22.2,2.0,08181,11.6
3629115,26.35,56.0,,,15.7,25.9,3.0,08181,11.6
3629136,18.25,81.5,,,21.4,31.5,7.0,08181,11.6
3629155,28.05,53.5,,,23.200000000000003,29.6,2.0,08181,11.6
3629175,19.25,80.5,,,10.3,14.8,2.0,08181,11.6
3629186,21.9,51.0,,,12.1,18.5,2.0,08181,11.6
3629205,19.1,88.5,,,8.5,16.7,3.0,08181,11.6
3629225,13.05,78.5,,,10.3,16.7,3.0,08181,11.6
3629245,16.0,52.5,,,10.3,31.5,2.0,08181,11.6
3629265,11.0,79.5,,,2.7,14.8,1.0,08181,11.6
3629315,14.3,55.0,,,19.45,24.1,2.0,08181,11.6
3629345,10.0,69.5,,,6.5,16.7,2.0,08181,11.6
3629365,12.85,83.5,,,28.8,27.8,2.0,08181,11.6
3629386,8.55,67.5,,,17.5,25.9,3.0,08181,11.6
3629407,16.05,79.5,,,8.3,16.7,2.0,08181,11.6
3629296,16.2,70.0,,,17.65,29.6,2.0,08181,11.6
3629426,18.049999999999997,66.0,,,6.5,18.5,2.0,08181,11.6
3629445,19.2,72.5,,,13.9,24.1,2.0,08181,11.6
3629465,22.200000000000003,82.5,,,9.4,24.1,2.0,08181,11.6
3918009,29.9,66.5,0.0,0.0,8.3,20.4,3.0,08181,11.6
3917948,29.15,66.0,0.0,0.0,22.3,29.6,2.0,08181,11.6
3917979,25.6,55.5,0.0,0.5,14.8,27.8,2.0,08181,11.6
3917999,20.6,79.0,0.0,0.0,6.5,16.7,2.0,08181,11.6
3918029,23.05,89.0,0.0,0.0,13.0,20.4,3.0,08181,11.6
3918041,22.55,84.0,0.0,0.0,5.6,16.7,2.0,08181,11.6
3918067,13.649999999999999,60.5,0.0,0.0,14.8,16.7,1.0,08181,11.6
3918079,18.85,53.5,0.0,0.0,17.5,22.2,2.0,08181,11.6
3918110,9.45,40.0,0.0,0.0,12.1,25.9,2.0,08181,11.6
3918130,8.95,65.5,0.0,0.0,4.5,18.5,1.0,08181,11.6
3918148,10.35,85.5,0.0,0.0,4.5,14.8,1.0,08181,11.6
3918170,13.45,64.0,0.0,0.0,31.5,35.2,1.0,08181,11.6
3918190,13.6,78.0,0.0,0.0,5.4,16.7,2.0,08181,11.6
3918209,15.3,88.5,0.0,0.0,9.4,16.7,2.0,08181,11.6
3918232,19.05,75.0,0.0,0.0,35.3,35.2,2.0,08181,11.6
3918249,19.25,73.0,0.6,0.0,10.3,18.5,3.0,08181,11.6
3918261,19.75,65.5,0.0,0.0,18.75,29.6,2.0,08181,11.6
3918281,17.8,65.5,0.0,1.5,9.4,16.7,3.0,08181,11.6
3918301,21.450000000000003,66.5,0.0,0.0,25.9,31.5,2.0,08181,11.6
3629098,34.35,25.0,,,11.2,24.1,1.0,08391,7.4
3629152,28.15,42.0,,,15.700000000000001,24.1,2.0,08391,7.4
3629161,27.1,40.5,,,13.0,27.8,2.0,08391,7.4
3629191,25.25,38.0,,,9.399999999999999,20.4,1.0,08391,7.4
3629210,19.95,95.0,,,38.900000000000006,42.6,9.0,08391,7.4
3629231,16.8,81.5,,,7.4,20.4,7.0,08391,7.4
3629251,15.350000000000001,53.5,,,6.5,20.4,1.0,08391,7.4
3629272,12.35,71.0,,,15.700000000000001,25.9,2.0,08391,7.4
3629132,15.55,92.0,,,5.6,18.5,7.0,08391,7.4
3629291,14.8,49.0,,,9.4,16.7,1.0,08391,7.4
3629311,14.7,56.0,,,17.5,29.6,2.0,08391,7.4
3629331,14.899999999999999,78.0,,,10.3,13.0,1.0,08391,7.4
3629351,19.9,49.0,,,10.3,20.4,2.0,08391,7.4
3629381,14.95,89.5,,,11.2,22.2,9.0,08391,7.4
3629400,16.95,67.5,,,16.75,27.8,2.0,08391,7.4
3629411,23.549999999999997,45.0,,,13.9,25.9,2.0,08391,7.4
3629430,21.15,54.5,,,4.5,18.5,1.0,08391,7.4
3629450,28.2,30.0,,,8.5,25.9,2.0,08391,7.4
3629470,21.5,70.0,,,16.6,33.3,1.0,08391,7.4
3917942,31.7,26.5,0.0,0.0,16.6,20.4,1.0,08391,7.4
3917961,23.35,56.0,0.0,0.0,19.45,35.2,1.0,08391,7.4
3917992,28.35,20.0,0.0,0.0,14.799999999999999,27.8,1.0,08391,7.4
3918006,30.35,30.5,0.0,0.0,13.0,20.4,2.0,08391,7.4
3918031,27.4,49.5,0.0,0.0,16.6,27.8,2.0,08391,7.4
3918056,28.35,36.5,0.0,0.0,1.8,14.8,2.0,08391,7.4
3918077,17.95,89.5,0.0,0.1,5.6,13.0,2.0,08391,7.4
3918095,17.15,86.5,0.0,2.3,21.4,37.0,7.0,08391,7.4
3918115,11.2,90.5,0.0,0.0,5.6,11.1,2.0,08391,7.4
3918125,10.5,42.5,0.0,0.0,9.399999999999999,20.4,1.0,08391,7.4
3918146,14.8,37.0,0.0,0.0,21.25,31.5,2.0,08391,7.4
3918158,10.9,58.0,0.0,0.0,13.0,18.5,2.0,08391,7.4
3918188,25.450000000000003,44.0,0.0,0.0,4.5,18.5,2.0,08391,7.4
3918215,21.75,26.0,0.0,0.0,11.2,22.2,1.0,08391,7.4
3918230,24.7,31.0,0.0,0.0,12.1,20.4,1.0,08391,7.4
3918258,27.700000000000003,31.0,0.0,0.0,12.1,27.8,1.0,08391,7.4
3918267,28.55,27.0,0.0,0.0,15.850000000000001,33.3,1.0,08391,7.4
3918285,16.95,69.5,0.0,3.5,7.4,14.8,7.0,08391,7.4
3918308,18.8,93.0,0.0,2.6,8.5,22.2,18.0,08391,7.4
4205347,31.9,25.5,0.0,0.0,14.8,29.6,1.0,08391,7.4
4205370,30.1,26.0,0.0,0.0,25.9,31.5,3.0,08391,7.4
4205391,24.15,50.0,0.0,0.2,22.3,,2.0,08391,7.4
4205405,30.25,28.0,0.0,0.0,5.6,,2.0,08391,7.4
4205431,28.7,37.0,0.0,0.0,9.200000000000001,,1.0,08391,7.4
4205440,20.45,50.0,0.0,0.0,5.4,,2.0,08391,7.4
4205467,21.15,70.0,0.0,0.0,3.6,,2.0,08391,7.4
4205487,12.45,79.0,0.0,0.0,8.5,,2.0,08391,7.4
4205511,13.85,58.0,0.0,0.0,17.5,,1.0,08391,7.4
4205526,15.2,100.0,6.0,2.1,10.3,,8.0,08391,7.4
4205542,9.55,97.0,0.0,0.0,11.2,,1.0,08391,7.4
4205560,17.6,65.5,0.0,0.0,2.7,,3.0,08391,7.4
4205578,11.75,96.0,0.0,5.5,9.4,,7.0,08391,7.4
4205610,17.55,48.0,0.0,0.1,29.7,,3.0,08391,7.4
4205629,25.55,47.0,0.0,0.0,6.5,,2.0,08391,7.4
4205661,21.45,65.5,0.0,0.0,9.4,,2.0,08391,7.4
4205680,20.049999999999997,71.0,0.0,0.0,14.8,,3.0,08391,7.4
4205699,23.4,29.0,0.0,0.0,23.200000000000003,,2.0,08391,7.4
4205720,29.200000000000003,36.0,0.0,0.0,16.6,,1.0,08391,7.4
4506760,31.549999999999997,39.0,0.0,0.0,13.0,,1.0,08391,7.4
4506785,31.2,42.5,,,23.049999999999997,,1.0,08391,7.4
4506792,31.85,35.0,0.0,0.0,20.35,,2.0,08391,7.4
4506810,24.200000000000003,50.0,0.0,0.0,24.1,,4.0,08391,7.4
4506842,28.4,45.5,0.0,0.0,16.6,,2.0,08391,7.4
4506873,20.6,64.5,0.0,0.0,13.9,,4.0,08391,7.4
4506892,20.5,67.5,0.0,0.0,12.100000000000001,,4.0,08391,7.4
4506904,12.8,93.5,0.0,0.0,5.6,,2.0,08391,7.4
4506921,12.05,78.0,0.0,0.0,9.399999999999999,,3.0,08391,7.4
4506938,11.95,99.5,0.0,0.0,1.8,,5.0,08391,7.4
4506964,15.85,90.0,0.0,1.6,8.5,,2.0,08391,7.4
4506981,10.95,89.5,0.0,0.0,1.85,,2.0,08391,7.4
4507003,13.45,76.0,0.0,0.0,1.8,,1.0,08391,7.4
4507028,16.549999999999997,65.0,,,27.7,,3.0,08391,7.4
4507050,20.5,54.5,0.0,0.0,14.0,,3.0,08391,7.4
4507074,20.5,43.5,,,18.5,,2.0,08391,7.4
4507095,18.5,71.0,0.4,0.5,29.0,,3.0,08391,7.4
4507114,19.5,56.5,0.0,0.0,19.0,,2.0,08391,7.4
4507122,24.6,38.5,0.0,0.0,28.0,,2.0,08391,7.4
4837127,28.5,56.5,0.0,0.0,12.0,,1.0,08391,7.4
4837147,28.25,40.0,,,13.9,,1.0,08391,7.4
4837164,,,,,,,,08391,7.4
4837185,,,,,,,,08391,7.4
4837199,,,,,,,,08391,7.4
4837229,,,,,,,,08391,7.4
4837248,,,,,,,,08391,7.4
4837269,,,,,,,,08391,7.4
4837289,,,,,,,,08391,7.4
4837296,,,,,,,,08391,7.4
4837313,,,,,,,,08391,7.4
4837337,,,,,,,,08391,7.4
4837344,,,,,,,,08391,7.4
4837379,,,,,,,,08391,7.4
4837395,,,,,,,,08391,7.4
4837416,,,,,,,,08391,7.4
4837449,,,,,,,,08391,7.4
4837457,,,,,,,,08391,7.4
4837479,,,,,,,,08391,7.4
3629100,26.950000000000003,74.5,,,12.1,,2.0,08284,58.1
3629153,22.0,67.5,,,13.0,,7.0,08284,58.1
3629172,25.8,46.0,,,25.0,,7.0,08284,58.1
3629183,20.2,77.0,,,7.6,,3.0,08284,58.1
3629203,17.299999999999997,82.5,,,10.3,,2.0,08284,58.1
3629223,20.35,18.5,,,9.4,,1.0,08284,58.1
3629243,7.65,53.5,,,11.2,,2.0,08284,58.1
3629263,18.8,45.0,,,11.2,,1.0,08284,58.1
3629133,13.15,90.5,,,9.399999999999999,,2.0,08284,58.1
3629282,10.5,91.5,,,4.5,,5.0,08284,58.1
3629293,14.85,55.0,,,23.2,,2.0,08284,58.1
3629313,12.7,59.5,,,9.4,,2.0,08284,58.1
3629333,15.1,68.5,,,15.700000000000001,,2.0,08284,58.1
3629353,14.35,67.5,,,12.1,,2.0,08284,58.1
3629373,18.35,35.0,,,22.3,,2.0,08284,58.1
3629402,18.45,63.0,,,25.9,,2.0,08284,58.1
3629423,15.399999999999999,83.0,,,11.2,,8.0,08284,58.1
3629443,23.45,47.0,,,20.5,,2.0,08284,58.1
3629463,23.3,56.5,,,11.2,,2.0,08284,58.1
4205350,29.15,64.5,0.0,0.0,17.5,,7.0,08284,58.1
4205369,28.65,25.0,0.0,0.0,38.900000000000006,,2.0,08284,58.1
4205388,28.55,65.0,0.0,0.6,18.55,,18.0,08284,58.1
4205409,25.049999999999997,59.0,0.0,0.0,11.2,,2.0,08284,58.1
4205432,27.7,55.5,0.0,0.0,9.4,,2.0,08284,58.1
4205442,20.25,57.0,0.0,0.0,15.700000000000001,,7.0,08284,58.1
4205456,18.049999999999997,41.0,0.0,0.0,17.65,,2.0,08284,58.1
4205482,18.0,56.0,0.0,0.0,11.2,,2.0,08284,58.1
4205502,16.15,61.5,0.0,0.0,15.700000000000001,,2.0,08284,58.1
4205522,12.1,41.5,0.0,0.0,17.65,,2.0,08284,58.1
4205551,13.15,58.0,0.0,0.0,3.6,,3.0,08284,58.1
4205571,19.75,36.0,0.0,0.0,9.2,,1.0,08284,58.1
4205590,13.15,90.5,0.0,0.0,5.4,,2.0,08284,58.1
4205611,15.75,28.5,0.0,0.0,38.0,,2.0,08284,58.1
4205630,21.8,50.0,0.0,0.0,13.9,,2.0,08284,58.1
4205640,16.25,44.0,0.0,0.0,23.2,,2.0,08284,58.1
4205671,20.1,40.5,0.0,0.0,23.200000000000003,,3.0,08284,58.1
4205691,23.85,37.0,0.0,0.0,16.6,,2.0,08284,58.1
4205712,20.85,66.5,0.0,0.2,16.6,,4.0,08284,58.1
4506749,26.85,67.0,0.0,0.0,11.2,,18.0,08284,58.1
4506772,26.450000000000003,69.0,0.0,0.0,9.399999999999999,,8.0,08284,58.1
4506802,25.65,69.5,0.0,0.0,16.6,,2.0,08284,58.1
4506824,22.25,70.0,0.0,0.0,6.5,,1.0,08284,58.1
4506852,23.35,58.0,0.0,0.0,12.1,,2.0,08284,58.1
4506884,21.299999999999997,55.5,0.2,0.0,12.1,27.8,3.0,08284,58.1
4506903,18.5,70.5,0.0,0.0,5.5,13.0,2.0,08284,58.1
4506920,12.1,56.0,0.0,0.0,4.7,18.5,1.0,08284,58.1
4506871,16.6,40.0,0.0,0.0,15.700000000000001,29.6,2.0,08284,58.1
4506951,11.0,83.0,0.0,1.8,7.6,16.7,3.0,08284,58.1
4506969,13.35,49.5,1.6,1.3,22.15,35.2,7.0,08284,58.1
4506992,12.149999999999999,90.5,0.0,0.0,2.7,13.0,3.0,08284,58.1
4507032,15.049999999999999,37.5,,,7.3999999999999995,42.6,2.0,08284,58.1
4507049,19.0,54.5,0.0,0.0,6.0,16.7,2.0,08284,58.1
4507073,18.049999999999997,40.0,,,25.9,42.6,2.0,08284,58.1
4507014,22.0,35.5,0.0,0.0,21.0,33.3,2.0,08284,58.1
4507094,24.0,59.0,0.0,0.0,22.5,35.2,2.0,08284,58.1
4507115,20.35,66.5,0.0,0.3,15.0,24.1,3.0,08284,58.1
4507135,26.5,37.0,0.0,0.0,16.0,38.9,1.0,08284,58.1
4837118,30.0,58.5,0.0,0.0,8.0,31.5,1.0,08284,58.1
4837128,28.15,73.0,0.0,0.0,15.0,38.9,3.0,08284,58.1
4837158,,,,,,,,08284,58.1
4837176,,,,,,,,08284,58.1
4837197,,,,,,,,08284,58.1
4837219,,,,,,,,08284,58.1
4837239,,,,,,,,08284,58.1
4837256,,,,,,,,08284,58.1
4837277,,,,,,,,08284,58.1
4837293,,,,,,,,08284,58.1
4837319,,,,,,,,08284,58.1
4837336,,,,,,,,08284,58.1
4837358,,,,,,,,08284,58.1
4837376,,,,,,,,08284,58.1
4837399,,,,,,,,08284,58.1
4837427,,,,,,,,08284,58.1
4837448,,,,,,,,08284,58.1
4837468,,,,,,,,08284,58.1
4837487,,,,,,,,08284,58.1
3629101,26.75,92.5,,,25.9,,2.0,08360,9.7
3629123,27.5,77.0,,,9.2,,1.0,08360,9.7
3629143,26.549999999999997,72.5,,,17.65,,1.0,08360,9.7
3629173,27.3,57.5,,,16.6,,2.0,08360,9.7
3629193,20.0,69.0,,,18.55,,2.0,08360,9.7
3629213,21.5,69.0,,,3.6,,7.0,08360,9.7
3629233,16.55,73.0,,,7.6,,2.0,08360,9.7
3629253,16.799999999999997,29.5,,,38.9,,2.0,08360,9.7
3629283,15.65,70.0,,,7.4,,1.0,08360,9.7
3629303,14.600000000000001,44.0,,,10.3,,1.0,08360,9.7
3629323,15.9,71.5,,,19.450000000000003,,3.0,08360,9.7
3629343,11.25,87.5,,,0.0,,1.0,08360,9.7
3629363,12.15,79.5,,,24.1,,7.0,08360,9.7
3629383,15.15,79.0,,,23.200000000000003,,4.0,08360,9.7
3629403,16.0,82.5,,,24.1,,2.0,08360,9.7
3629413,25.05,44.0,,,14.8,,1.0,08360,9.7
3629433,20.9,62.5,,,13.9,,2.0,08360,9.7
3629453,17.85,84.5,,,6.5,,1.0,08360,9.7
3629473,28.25,50.5,,,9.399999999999999,,2.0,08360,9.7
3917947,27.1,74.5,0.0,0.0,11.2,,2.0,08360,9.7
3917950,29.7,62.5,0.0,0.7,19.45,,2.0,08360,9.7
3917975,29.1,67.0,0.0,0.0,14.8,,2.0,08360,9.7
3918000,17.45,96.0,0.9,4.3999999999999995,8.3,,7.0,08360,9.7
3918030,21.799999999999997,93.5,0.0,0.0,6.5,,2.0,08360,9.7
3918049,20.0,88.5,0.0,0.0,4.7,,3.0,08360,9.7
3918069,18.9,89.5,0.0,0.0,3.8,,3.0,08360,9.7
3918094,13.1,80.0,0.0,0.0,2.7,,1.0,08360,9.7
3918111,11.5,26.5,0.0,0.0,16.6,,1.0,08360,9.7
3918132,18.45,38.5,0.0,0.0,15.700000000000001,,1.0,08360,9.7
3918150,15.7,67.0,0.0,0.30000000000000004,14.8,,2.0,08360,9.7
3918166,9.399999999999999,80.5,0.0,0.0,6.5,,3.0,08360,9.7
3918181,28.0,30.5,0.0,0.0,33.3,,2.0,08360,9.7
3918204,17.95,64.0,0.0,0.0,6.5,,2.0,08360,9.7
3918229,28.1,24.5,0.0,0.0,18.4,,1.0,08360,9.7
3918250,33.85,20.5,0.0,0.0,18.55,,2.0,08360,9.7
3918272,22.55,46.0,0.0,0.0,14.8,,2.0,08360,9.7
3918291,20.799999999999997,69.0,0.3,2.6,7.6,,7.0,08360,9.7
3918316,21.549999999999997,77.0,0.0,0.0,2.7,,2.0,08360,9.7
4837115,30.0,72.5,0.0,0.0,14.0,40.8,2.0,08360,9.7
4837131,29.3,48.0,0.0,0.0,19.5,37.0,4.0,08360,9.7
4837152,,,,,,,,08360,9.7
4837177,,,,,,,,08360,9.7
4837196,,,,,,,,08360,9.7
4837222,,,,,,,,08360,9.7
4837232,,,,,,,,08360,9.7
4837252,,,,,,,,08360,9.7
4837272,,,,,,,,08360,9.7
4837282,,,,,,,,08360,9.7
4837302,,,,,,,,08360,9.7
4837326,,,,,,,,08360,9.7
4837340,,,,,,,,08360,9.7
4837362,,,,,,,,08360,9.7
4837392,,,,,,,,08360,9.7
4837413,,,,,,,,08360,9.7
4837436,,,,,,,,08360,9.7
4837455,,,,,,,,08360,9.7
4837473,,,,,,,,08360,9.7
3629107,31.5,39.5,,,15.700000000000001,27.8,1.0,08391,9.5
3629116,24.1,67.5,,,19.45,31.5,1.0,08391,9.5
3629137,31.65,27.5,,,3.6,18.5,1.0,08391,9.5
3629156,25.15,41.5,,,6.5,14.8,2.0,08391,9.5
3629187,25.75,29.5,,,11.2,16.7,1.0,08391,9.5
3629195,21.35,41.0,,,11.2,14.8,1.0,08391,9.5
3629216,9.649999999999999,68.5,,,3.6,13.0,1.0,08391,9.5
3629236,13.25,43.5,,,12.1,27.8,1.0,08391,9.5
3629256,17.1,59.0,,,11.2,20.4,1.0,08391,9.5
3629276,16.75,70.0,,,3.6,11.1,2.0,08391,9.5
3629297,8.2,76.0,,,3.6,11.1,1.0,08391,9.5
3629316,17.35,54.0,,,14.8,22.2,1.0,08391,9.5
3629335,19.6,48.0,,,9.399999999999999,24.1,2.0,08391,9.5
3629356,13.25,56.5,,,11.2,13.0,2.0,08391,9.5
3629366,17.9,43.0,,,3.6,18.5,2.0,08391,9.5
3629387,17.5,29.0,,,23.200000000000003,40.8,2.0,08391,9.5
3629415,18.1,49.5,,,23.200000000000003,33.3,2.0,08391,9.5
3629436,24.9,44.0,,,14.8,29.6,2.0,08391,9.5
3629456,24.75,50.5,,,20.5,37.0,2.0,08391,9.5
3918010,23.6,61.0,0.0,0.0,25.0,35.2,1.0,08391,9.5
3917949,27.950000000000003,35.5,0.0,0.0,15.7,27.8,1.0,08391,9.5
3917969,30.299999999999997,34.5,0.0,0.0,14.8,27.8,2.0,08391,9.5
3917980,34.3,29.5,0.0,0.0,19.45,24.1,2.0,08391,9.5
3918027,25.35,41.5,0.0,0.0,16.75,22.2,3.0,08391,9.5
3918042,24.1,61.0,0.0,0.30000000000000004,16.6,27.8,3.0,08391,9.5
3918059,13.95,57.5,0.0,0.0,6.5,9.3,1.0,08391,9.5
3918083,14.95,92.5,0.0,0.0,11.2,16.7,2.0,08391,9.5
3918104,5.6,71.0,0.0,0.0,0.0,11.1,1.0,08391,9.5
3918131,7.800000000000001,64.0,0.0,0.0,1.8,11.1,1.0,08391,9.5
3918149,21.7,38.5,0.0,0.2,23.200000000000003,35.2,2.0,08391,9.5
3918171,12.9,95.5,0.6000000000000001,2.8,5.4,16.7,5.0,08391,9.5
3918191,22.45,30.5,0.0,0.0,17.5,25.9,1.0,08391,9.5
3918210,29.450000000000003,20.0,0.0,0.0,10.3,25.9,1.0,08391,9.5
3918220,29.65,19.0,0.0,0.0,5.4,24.1,1.0,08391,9.5
3918241,26.75,28.0,0.0,0.0,10.3,24.1,1.0,08391,9.5
3918269,24.15,29.0,0.0,0.0,23.200000000000003,38.9,2.0,08391,9.5
3918289,21.25,62.0,0.0,0.0,23.15,22.2,2.0,08391,9.5
3918309,26.4,47.5,0.5,0.0,15.7,24.1,2.0,08391,9.5
4205359,37.55,21.0,0.0,0.0,16.75,29.6,1.0,08391,9.5
4205375,21.85,68.5,0.9,0.0,19.450000000000003,27.8,7.0,08391,9.5
4205396,32.5,22.0,0.0,0.0,7.4,,1.0,08391,9.5
4205416,28.9,27.0,0.0,0.0,9.399999999999999,,1.0,08391,9.5
4205446,22.35,58.0,0.0,0.7,27.7,,3.0,08391,9.5
4205453,20.85,67.0,0.0,0.0,38.0,,4.0,08391,9.5
4205474,9.85,91.5,0.0,0.0,2.7,,2.0,08391,9.5
4205494,18.05,69.0,0.0,0.0,1.8,,2.0,08391,9.5
4205515,10.0,72.0,0.0,0.0,8.3,,1.0,08391,9.5
4205537,10.0,89.5,0.0,0.0,3.6,,2.0,08391,9.5
4205549,14.600000000000001,71.0,0.0,0.0,10.3,,1.0,08391,9.5
4205564,16.55,58.0,0.0,0.0,3.6,,2.0,08391,9.5
4205592,12.3,84.5,0.0,0.0,3.6,,1.0,08391,9.5
4205602,15.55,87.0,0.0,0.0,31.5,,7.0,08391,9.5
4205615,13.0,75.5,0.0,0.1,15.7,,2.0,08391,9.5
4205645,20.75,55.0,0.0,0.0,7.6,,1.0,08391,9.5
4205665,16.75,51.0,0.0,0.0,20.35,,2.0,08391,9.5
4205689,23.3,61.0,0.0,0.0,19.450000000000003,,2.0,08391,9.5
4205706,22.35,47.0,0.0,0.0,29.7,,2.0,08391,9.5
4506746,34.099999999999994,27.5,0.0,0.0,16.6,,1.0,08391,9.5
4506787,28.3,47.5,0.0,0.0,13.9,,2.0,08391,9.5
4506767,28.0,50.5,0.0,0.0,17.5,,2.0,08391,9.5
4506798,22.450000000000003,55.0,0.0,0.0,17.5,,2.0,08391,9.5
4506827,30.35,32.0,0.0,0.0,11.2,,1.0,08391,9.5
4506858,16.95,53.5,0.0,0.0,13.0,,3.0,08391,9.5
4506875,22.5,42.5,0.0,0.0,13.9,,1.0,08391,9.5
4506911,19.75,63.5,0.0,0.0,10.3,,2.0,08391,9.5
4506925,8.65,76.0,0.0,0.0,3.6,,1.0,08391,9.5
4506954,14.6,53.0,0.0,0.0,5.4,,1.0,08391,9.5
4506972,14.149999999999999,86.0,0.0,0.2,8.5,,3.0,08391,9.5
4506987,14.0,87.5,0.0,0.0,11.2,,1.0,08391,9.5
4507006,15.65,71.5,0.0,0.0,14.8,,4.0,08391,9.5
4507017,11.8,88.5,0.8999999999999999,3.1999999999999997,16.6,,7.0,08391,9.5
4507037,16.0,57.0,0.0,0.0,12.0,,1.0,08391,9.5
4507057,21.5,58.5,1.2,0.30000000000000004,8.5,,2.0,08391,9.5
4507079,24.0,46.0,0.0,0.0,9.5,,1.0,08391,9.5
4507098,20.0,39.0,0.0,0.0,13.0,,1.0,08391,9.5
4507127,22.5,67.0,0.0,0.5,11.0,,2.0,08391,9.5
3629110,27.65,76.0,,,22.3,27.8,2.0,08181,7.5
3629128,28.3,70.0,,,16.75,25.9,3.0,08181,7.5
3629148,23.8,62.5,,,26.8,38.9,2.0,08181,7.5
3629170,26.2,70.0,,,27.7,38.9,3.0,08181,7.5
3629178,19.7,82.5,,,3.6,11.1,2.0,08181,7.5
3629199,17.55,77.5,,,12.1,18.5,2.0,08181,7.5
3629219,18.15,29.0,,,13.0,24.1,1.0,08181,7.5
3629239,10.85,44.5,,,29.5,40.8,2.0,08181,7.5
3629259,14.1,61.0,,,12.100000000000001,22.2,2.0,08181,7.5
3629286,10.5,85.5,,,13.0,20.4,7.0,08181,7.5
3629307,7.0,65.5,,,12.100000000000001,18.5,3.0,08181,7.5
3629328,13.7,82.0,,,25.9,31.5,3.0,08181,7.5
3629339,14.3,54.5,,,20.35,24.1,1.0,08181,7.5
3629359,14.85,53.0,,,17.5,24.1,2.0,08181,7.5
3629378,15.1,80.0,,,20.5,37.0,3.0,08181,7.5
3629396,16.45,62.5,,,22.3,27.8,2.0,08181,7.5
3629419,13.8,88.5,,,5.4,22.2,7.0,08181,7.5
3629441,20.95,57.0,,,9.399999999999999,24.1,2.0,08181,7.5
3629461,22.299999999999997,65.0,,,16.6,25.9,2.0,08181,7.5
3917941,27.35,53.5,0.0,0.0,7.4,16.7,1.0,08181,7.5
3917952,26.9,75.0,0.0,0.0,11.2,20.4,2.0,08181,7.5
3917971,28.0,59.5,0.3,0.2,18.4,27.8,2.0,08181,7.5
3917990,25.35,57.5,0.0,0.0,37.099999999999994,38.9,1.0,08181,7.5
3918021,24.1,80.0,0.0,0.0,9.399999999999999,16.7,2.0,08181,7.5
3918043,24.95,73.5,0.0,0.0,10.3,20.4,2.0,08181,7.5
3918070,20.3,49.5,0.0,0.0,12.1,20.4,2.0,08181,7.5
3918091,12.35,58.5,0.0,0.0,25.0,27.8,1.0,08181,7.5
3918113,10.35,22.0,0.0,0.0,24.1,38.9,1.0,08181,7.5
3918134,19.85,26.5,0.0,0.0,13.0,18.5,1.0,08181,7.5
3918140,8.35,82.0,0.0,0.0,6.5,16.7,1.0,08181,7.5
3918163,12.6,52.5,0.0,0.0,12.100000000000001,22.2,3.0,08181,7.5
3918196,14.6,83.5,0.0,0.0,19.450000000000003,22.2,2.0,08181,7.5
3918213,15.649999999999999,57.0,0.0,0.0,22.3,33.3,2.0,08181,7.5
3918236,16.05,87.0,0.0,0.0,7.4,24.1,2.0,08181,7.5
3918252,19.1,77.5,0.0,0.0,10.3,27.8,2.0,08181,7.5
3918273,16.6,81.0,0.0,0.8,8.5,16.7,2.0,08181,7.5
3918294,19.0,77.0,0.0,0.0,10.3,14.8,2.0,08181,7.5
3918317,21.0,76.0,0.0,0.0,4.5,16.7,2.0,08181,7.5
4506763,27.1,78.5,0.0,0.0,6.5,16.7,2.0,08181,7.5
4506782,27.6,73.0,,,13.0,31.5,2.0,08181,7.5
4506795,24.85,35.0,0.0,0.0,23.2,33.3,1.0,08181,7.5
4506811,26.15,73.5,0.0,0.0,20.35,40.8,2.0,08181,7.5
4506839,23.45,40.5,0.0,0.0,25.0,27.8,2.0,08181,7.5
4506856,21.0,80.5,0.7,0.4,9.399999999999999,14.8,8.0,08181,7.5
4506898,16.2,80.0,0.0,0.0,5.4,7.4,3.0,08181,7.5
4506919,13.85,59.5,0.0,0.0,6.5,25.9,2.0,08181,7.5
4506878,11.1,74.0,0.0,0.0,4.5,24.1,2.0,08181,7.5
4506940,15.25,75.0,0.0,0.0,12.95,31.5,2.0,08181,7.5
4506947,8.05,57.5,0.0,0.0,13.0,22.2,2.0,08181,7.5
4506971,6.4,91.0,0.0,0.0,16.6,14.8,2.0,08181,7.5
4506989,15.399999999999999,73.0,0.0,0.0,21.4,24.1,2.0,08181,7.5
4507022,12.0,87.0,0.0,0.0,5.4,18.5,2.0,08181,7.5
4507042,18.5,21.5,0.0,0.0,23.0,40.8,2.0,08181,7.5
4507068,14.649999999999999,84.0,,,12.05,24.1,2.0,08181,7.5
4507089,20.0,71.0,0.0,0.6000000000000001,28.0,37.0,2.0,08181,7.5
4507107,19.5,75.5,0.0,0.0,24.0,24.1,2.0,08181,7.5
4507131,20.5,75.5,0.0,0.1,14.0,31.5,2.0,08181,7.5
4837113,28.0,79.0,0.0,0.0,8.0,14.8,1.0,08181,7.5
4837132,27.2,76.5,0.0,0.30000000000000004,10.0,27.8,4.0,08181,7.5
4837142,,,,,,,,08181,7.5
4837162,,,,,,,,08181,7.5
4837186,,,,,,,,08181,7.5
4837208,,,,,,,,08181,7.5
4837223,,,,,,,,08181,7.5
4837233,,,,,,,,08181,7.5
4837253,,,,,,,,08181,7.5
4837285,,,,,,,,08181,7.5
4837303,,,,,,,,08181,7.5
4837324,,,,,,,,08181,7.5
4837349,,,,,,,,08181,7.5
4837373,,,,,,,,08181,7.5
4837393,,,,,,,,08181,7.5
4837422,,,,,,,,08181,7.5
4837443,,,,,,,,08181,7.5
4837465,,,,,,,,08181,7.5
4837483,,,,,,,,08181,7.5
3629109,35.05,29.0,,,14.8,,2.0,08419,16.7
3629127,24.35,49.5,,,10.3,,3.0,08419,16.7
3629147,25.55,51.5,,,13.899999999999999,,2.0,08419,16.7
3629169,16.3,91.0,,,10.3,,7.0,08419,16.7
3629198,17.3,57.5,,,9.4,,2.0,08419,16.7
3629228,13.25,81.0,,,2.7,,7.0,08419,16.7
3629248,4.35,78.0,,,8.3,,1.0,08419,16.7
3629268,16.9,43.0,,,9.200000000000001,,2.0,08419,16.7
3629177,11.25,91.0,,,5.4,,2.0,08419,16.7
3629285,8.149999999999999,72.0,,,2.7,,2.0,08419,16.7
3629306,14.149999999999999,44.0,,,19.45,,2.0,08419,16.7
3629338,15.85,60.5,,,8.5,,3.0,08419,16.7
3629348,10.149999999999999,74.5,,,2.7,,2.0,08419,16.7
3629369,15.8,52.5,,,20.35,,3.0,08419,16.7
3629390,13.35,41.0,,,13.9,,3.0,08419,16.7
3629409,26.25,37.0,,,11.2,,1.0,08419,16.7
3629428,25.5,39.5,,,17.5,,2.0,08419,16.7
3629446,23.85,32.5,,,16.6,,2.0,08419,16.7
3629466,25.15,37.5,,,23.2,,2.0,08419,16.7
4205356,31.55,29.0,0.0,0.0,5.6,,1.0,08419,16.7
4205365,34.7,18.5,0.0,0.0,22.15,,3.0,08419,16.7
4205390,20.8,47.5,0.0,0.0,5.6,,2.0,08419,16.7
4205408,29.85,34.5,0.0,0.0,20.65,,1.0,08419,16.7
4205429,22.85,46.0,0.0,0.0,6.5,,2.0,08419,16.7
4205449,11.5,79.0,0.0,0.0,9.399999999999999,,2.0,08419,16.7
4205469,16.2,67.5,0.0,0.0,13.9,,2.0,08419,16.7
4205500,8.7,91.0,0.0,0.0,0.0,,2.0,08419,16.7
4205519,2.3,81.5,0.0,0.0,4.5,,1.0,08419,16.7
4205530,16.6,43.0,0.0,0.0,11.2,,2.0,08419,16.7
4205548,6.4,91.0,0.0,0.0,3.6,,1.0,08419,16.7
4205567,17.7,42.0,0.0,0.0,11.0,,1.0,08419,16.7
4205587,19.55,39.5,0.0,0.0,1.8,,1.0,08419,16.7
4205617,4.6,92.0,0.4,7.4,8.5,,9.0,08419,16.7
4205599,20.299999999999997,50.0,0.0,0.0,13.0,,2.0,08419,16.7
4205652,26.35,25.0,0.0,0.0,5.4,,1.0,08419,16.7
4205667,17.25,43.0,1.0,0.0,15.7,,2.0,08419,16.7
4205687,30.9,22.5,0.0,0.0,18.55,,2.0,08419,16.7
4205710,22.2,24.0,0.0,0.0,22.15,,2.0,08419,16.7
3629105,19.950000000000003,83.5,,,0.0,9.3,2.0,08025,4.6
3629124,21.1,80.5,,,9.399999999999999,14.8,2.0,08025,4.6
3629144,16.950000000000003,90.0,,,7.6,13.0,7.0,08025,4.6
3629164,17.75,78.5,,,5.6,9.3,3.0,08025,4.6
3629184,11.1,85.0,,,4.5,11.1,1.0,08025,4.6
3629215,7.0,95.5,,,7.4,14.8,7.0,08025,4.6
3629235,10.2,78.5,,,16.6,44.5,8.0,08025,4.6
3629255,12.7,95.0,,,9.399999999999999,24.1,7.0,08025,4.6
3629264,14.149999999999999,54.5,,,12.100000000000001,27.8,1.0,08025,4.6
3629294,13.85,65.0,,,13.9,37.0,2.0,08025,4.6
3629314,9.7,95.0,,,5.6000000000000005,11.1,4.0,08025,4.6
3629334,8.8,97.5,,,6.5,18.5,3.0,08025,4.6
3629355,11.3,64.5,,,14.8,22.2,2.0,08025,4.6
3629375,9.899999999999999,85.0,,,11.2,11.1,4.0,08025,4.6
3629384,6.35,78.5,,,11.2,20.4,4.0,08025,4.6
3629405,14.8,77.5,,,13.9,27.8,3.0,08025,4.6
3629425,13.55,86.0,,,7.4,13.0,2.0,08025,4.6
3629434,20.45,59.5,,,16.75,22.2,2.0,08025,4.6
3629454,20.6,74.5,,,13.0,31.5,2.0,08025,4.6
3918008,25.75,56.5,0.0,0.0,16.6,25.9,2.0,08025,4.6
3917938,24.4,66.0,0.0,0.0,13.0,24.1,3.0,08025,4.6
3917958,33.5,25.5,0.0,0.0,15.85,24.1,2.0,08025,4.6
3917978,16.6,67.0,0.0,0.0,0.0,18.5,2.0,08025,4.6
3917997,14.6,92.5,0.0,0.5,3.8,16.7,4.0,08025,4.6
3918018,18.450000000000003,90.5,0.0,0.0,3.6,11.1,3.0,08025,4.6
3918048,17.65,83.0,0.0,0.4,8.5,16.7,7.0,08025,4.6
3918068,20.3,50.5,0.0,0.0,5.6,25.9,3.0,08025,4.6
3918088,7.05,91.0,0.0,0.5,7.4,24.1,3.0,08025,4.6
3918108,4.0,77.0,0.0,0.0,3.6,27.8,3.0,08025,4.6
3918128,3.75,86.5,0.0,0.0,2.7,11.1,1.0,08025,4.6
3918160,8.9,51.0,0.0,0.2,25.0,38.9,4.0,08025,4.6
3918179,17.25,78.0,0.0,0.0,16.6,25.9,2.0,08025,4.6
3918199,11.45,73.0,4.4,2.5999999999999996,31.5,48.2,7.0,08025,4.6
3918219,12.4,90.0,0.6000000000000001,2.2,13.9,35.2,7.0,08025,4.6
3918239,17.25,85.0,0.0,0.0,3.6,13.0,3.0,08025,4.6
3918259,17.6,61.0,0.0,0.0,7.6,16.7,3.0,08025,4.6
3918279,18.3,62.5,1.3,0.2,20.5,29.6,3.0,08025,4.6
3918299,19.3,83.5,0.0,0.0,8.5,25.9,3.0,08025,4.6
4205344,19.8,88.0,0.0,1.2,5.6,16.7,4.0,08025,4.6
4205363,18.35,74.0,0.6,3.0,20.35,37.0,7.0,08025,4.6
4205383,26.799999999999997,55.5,0.0,0.0,14.8,31.5,2.0,08025,4.6
4205403,22.6,61.0,0.0,0.0,8.5,18.5,2.0,08025,4.6
4205428,19.950000000000003,89.5,0.0,0.0,4.5,11.1,1.0,08025,4.6
4205444,17.15,80.5,0.0,2.9000000000000004,13.0,24.1,7.0,08025,4.6
4205464,12.5,95.0,0.2,1.0,8.3,14.8,7.0,08025,4.6
4205484,9.25,85.0,1.0,2.6,8.3,18.5,7.0,08025,4.6
4205504,11.8,62.0,0.0,0.0,13.0,18.5,2.0,08025,4.6
4205513,10.6,91.5,0.6,2.6999999999999997,13.9,33.3,7.0,08025,4.6
4205534,15.899999999999999,42.0,0.0,0.0,5.4,25.9,3.0,08025,4.6
4205563,11.45,94.5,0.0,0.2,3.6,11.1,4.0,08025,4.6
4205583,11.8,71.5,0.0,0.0,7.4,11.1,4.0,08025,4.6
4205603,6.85,84.0,0.0,1.4,9.4,27.8,7.0,08025,4.6
4205632,21.75,40.5,0.0,0.0,14.8,20.4,3.0,08025,4.6
4205643,16.6,77.5,0.0,0.0,15.7,27.8,5.0,08025,4.6
4205654,14.05,58.0,0.0,0.0,11.2,14.8,1.0,08025,4.6
4205683,15.75,89.5,0.0,0.2,6.5,18.5,7.0,08025,4.6
4205703,14.75,85.5,0.0,0.8999999999999999,9.399999999999999,25.9,7.0,08025,4.6
4506745,23.5,58.0,0.0,0.1,10.3,18.5,2.0,08025,4.6
4506766,22.05,75.0,,,9.399999999999999,20.4,4.0,08025,4.6
4506776,19.85,95.0,,,9.399999999999999,18.5,2.0,08025,4.6
4506797,19.25,81.5,0.8,0.2,13.0,27.8,3.0,08025,4.6
4506818,28.05,31.5,0.0,0.0,13.9,22.2,2.0,08025,4.6
4506854,19.85,76.5,0.0,0.0,14.95,14.8,3.0,08025,4.6
4506865,18.75,66.5,0.0,0.0,11.2,16.7,2.0,08025,4.6
4506885,19.9,55.0,0.0,0.0,36.2,59.3,3.0,08025,4.6
4506935,8.5,88.0,0.0,0.0,13.899999999999999,13.0,2.0,08025,4.6
4506905,8.4,88.5,3.0,6.0,33.3,70.4,8.0,08025,4.6
4506955,18.2,48.0,1.8,1.7,25.9,61.1,3.0,08025,4.6
4506975,10.65,69.0,0.0,0.0,2.7,20.4,3.0,08025,4.6
4506995,19.95,40.0,0.0,0.0,12.100000000000001,22.2,1.0,08025,4.6
4507015,16.75,39.5,0.0,0.0,13.0,27.8,3.0,08025,4.6
4507035,15.0,55.0,0.0,0.0,10.0,22.2,2.0,08025,4.6
4507055,13.5,85.0,0.0,0.0,4.5,9.3,4.0,08025,4.6
4507076,16.5,79.5,0.0,0.1,20.0,27.8,4.0,08025,4.6
4507104,15.5,72.5,0.1,1.0,19.5,33.3,3.0,08025,4.6
4507126,18.0,85.5,0.0,0.0,5.5,16.7,3.0,08025,4.6
4837110,23.0,89.0,0.0,0.0,15.0,18.5,5.0,08025,4.6
4837119,23.0,86.0,0.0,0.0,12.0,20.4,4.0,08025,4.6
4837145,,,,,,,,08025,4.6
4837160,,,,,,,,08025,4.6
4837181,,,,,,,,08025,4.6
4837200,,,,,,,,08025,4.6
4837220,,,,,,,,08025,4.6
4837290,,,,,,,,08025,4.6
4837251,,,,,,,,08025,4.6
4837270,,,,,,,,08025,4.6
4837320,,,,,,,,08025,4.6
4837331,,,,,,,,08025,4.6
4837351,,,,,,,,08025,4.6
4837370,,,,,,,,08025,4.6
4837390,,,,,,,,08025,4.6
4837410,,,,,,,,08025,4.6
4837430,,,,,,,,08025,4.6
4837450,,,,,,,,08025,4.6
4837470,,,,,,,,08025,4.6
3629113,23.3,69.5,0.0,0.0,16.6,29.6,4.0,07602,39.9
3629120,21.85,66.0,0.0,0.0,16.6,25.9,2.0,07602,39.9
3629140,18.1,82.5,0.0,2.2,13.9,31.5,4.0,07602,39.9
3629160,22.25,57.5,0.0,0.0,8.5,16.7,3.0,07602,39.9
3629181,14.0,81.5,0.0,0.0,6.5,9.3,4.0,07602,39.9
3629209,14.3,97.0,0.2,3.4,7.3999999999999995,31.5,8.0,07602,39.9
3629230,10.65,82.0,0.0,0.0,4.5,18.5,7.0,07602,39.9
3629250,11.3,70.5,0.6,1.4,29.7,46.3,8.0,07602,39.9
3629271,12.149999999999999,58.5,0.0,0.0,5.4,16.7,2.0,07602,39.9
3629290,12.05,59.5,0.0,0.8,20.5,37.0,4.0,07602,39.9
3629310,7.4,64.0,0.0,0.0,13.9,18.5,2.0,07602,39.9
3629330,17.200000000000003,44.5,0.0,0.0,16.6,33.3,4.0,07602,39.9
3629350,12.6,81.5,0.0,0.0,9.399999999999999,16.7,4.0,07602,39.9
3629371,12.9,53.0,0.0,0.0,18.4,38.9,2.0,07602,39.9
3629392,7.5,59.5,0.0,0.0,5.6,18.5,3.0,07602,39.9
3629410,12.55,91.5,0.0,0.2,11.2,20.4,4.0,07602,39.9
3629422,10.75,93.5,0.0,1.4,3.6,24.1,4.0,07602,39.9
3629449,17.1,79.5,0.0,0.0,9.4,18.5,4.0,07602,39.9
3629469,17.4,89.0,0.0,0.0,28.6,46.3,4.0,07602,39.9
3917943,21.25,82.5,0.0,0.0,8.5,16.7,4.0,07602,39.9
3917960,22.75,74.0,0.0,0.0,11.2,18.5,4.0,07602,39.9
3917984,24.6,28.0,0.0,0.0,13.9,22.2,2.0,07602,39.9
3918004,26.15,50.0,0.0,0.0,5.6,7.4,2.0,07602,39.9
3918036,24.55,53.5,0.0,0.0,10.3,29.6,4.0,07602,39.9
3918054,16.25,96.5,1.2999999999999998,1.7999999999999998,5.4,16.7,7.0,07602,39.9
3918061,17.9,60.5,0.0,0.0,15.700000000000001,20.4,3.0,07602,39.9
3918084,20.549999999999997,30.5,0.0,0.0,11.2,37.0,2.0,07602,39.9
3918103,14.55,55.0,0.0,0.0,13.9,25.9,4.0,07602,39.9
3918135,9.35,78.5,0.0,0.0,7.4,13.0,4.0,07602,39.9
3918156,19.450000000000003,32.5,0.0,0.0,14.8,22.2,2.0,07602,39.9
3918177,5.6,79.0,0.0,0.0,5.8,11.1,5.0,07602,39.9
3918197,13.65,72.0,0.2,3.0,14.8,29.6,4.0,07602,39.9
3918218,18.2,39.0,0.0,0.0,15.700000000000001,27.8,2.0,07602,39.9
3918237,17.8,58.5,0.0,0.0,7.4,22.2,3.0,07602,39.9
3918268,17.85,56.5,0.0,0.0,18.4,20.4,4.0,07602,39.9
3918278,16.7,70.0,0.2,3.4,21.25,29.6,7.0,07602,39.9
3918298,17.05,89.0,0.3,0.0,18.4,20.4,4.0,07602,39.9
3918311,22.450000000000003,69.5,0.0,0.0,15.700000000000001,27.8,3.0,07602,39.9
4205351,23.799999999999997,82.5,0.0,0.0,18.55,25.9,4.0,07602,39.9
4205360,28.4,58.0,0.0,0.0,16.6,27.8,2.0,07602,39.9
4205382,18.2,95.0,5.8,14.4,9.399999999999999,24.1,7.0,07602,39.9
4205401,25.049999999999997,51.0,0.0,0.0,13.0,18.5,2.0,07602,39.9
4205420,22.85,81.5,0.0,0.0,11.2,14.8,2.0,07602,39.9
4205439,17.8,43.5,0.0,0.0,23.200000000000003,29.6,2.0,07602,39.9
4205458,16.0,50.5,0.0,3.5,19.45,57.4,4.0,07602,39.9
4205476,10.3,77.0,0.0,0.0,11.2,29.6,3.0,07602,39.9
4205509,11.3,66.5,0.0,0.0,5.4,13.0,2.0,07602,39.9
4205532,16.0,61.5,0.5,0.0,13.9,38.9,4.0,07602,39.9
4205561,14.3,71.0,0.0,0.0,19.45,20.4,2.0,07602,39.9
4205582,11.95,63.0,0.5,10.799999999999999,41.75,63.0,18.0,07602,39.9
4205598,5.95,90.0,3.4000000000000004,6.5,19.45,51.8,8.0,07602,39.9
4205628,13.65,80.0,0.0,0.0,3.6,14.8,3.0,07602,39.9
4205649,13.850000000000001,94.0,0.0,0.0,23.200000000000003,20.4,3.0,07602,39.9
4205672,11.75,89.5,0.0,1.6,10.3,22.2,7.0,07602,39.9
4205681,22.0,51.0,0.1,1.2,12.1,27.8,4.0,07602,39.9
4205695,12.95,77.5,1.1,0.0,6.5,11.1,4.0,07602,39.9
4205719,25.8,49.0,0.0,0.0,19.45,25.9,2.0,07602,39.9
4506751,20.15,66.0,0.0,0.0,12.1,24.1,4.0,07602,39.9
4506773,22.05,81.0,0.0,0.0,13.9,18.5,4.0,07602,39.9
4506794,17.45,53.5,0.0,0.0,6.5,14.8,2.0,07602,39.9
4506821,16.700000000000003,60.0,0.8,1.4,8.5,18.5,3.0,07602,39.9
4506841,18.3,89.5,0.0,0.0,10.3,14.8,4.0,07602,39.9
4506862,11.0,95.0,0.0,0.0,9.399999999999999,9.3,4.0,07602,39.9
4506881,14.55,95.0,0.0,0.0,5.6,9.3,4.0,07602,39.9
4506901,13.0,94.0,0.0,0.0,8.0,13.0,4.0,07602,39.9
4506924,8.55,81.0,0.0,0.0,5.4,9.3,4.0,07602,39.9
4506937,2.0,90.0,0.0,0.0,5.4,11.1,4.0,07602,39.9
4506961,16.0,46.5,0.0,1.8,21.25,74.1,4.0,07602,39.9
4506984,12.5,79.5,0.5,3.6000000000000005,7.6,18.5,7.0,07602,39.9
4507004,11.5,74.0,0.0,0.0,8.5,16.7,4.0,07602,39.9
4507019,13.0,54.0,0.0,0.1,8.5,22.2,4.0,07602,39.9
4507040,12.5,60.0,0.0,0.4,23.0,40.8,4.0,07602,39.9
4507062,19.5,58.0,0.0,0.0,13.0,27.8,4.0,07602,39.9
4507090,15.0,91.0,0.5,1.8,19.5,22.2,4.0,07602,39.9
4507111,16.5,82.5,0.0,1.2,6.0,16.7,4.0,07602,39.9
4507121,26.0,51.0,0.0,0.0,13.0,22.2,3.0,07602,39.9
4837126,26.0,52.5,0.0,0.0,9.0,20.4,2.0,07602,39.9
4837148,,,,,,,,07602,39.9
4837169,,,,,,,,07602,39.9
4837189,,,,,,,,07602,39.9
4837202,,,,,,,,07602,39.9
4837216,,,,,,,,07602,39.9
4837245,,,,,,,,07602,39.9
4837268,,,,,,,,07602,39.9
4837284,,,,,,,,07602,39.9
4837308,,,,,,,,07602,39.9
4837314,,,,,,,,07602,39.9
4837335,,,,,,,,07602,39.9
4837359,,,,,,,,07602,39.9
4837389,,,,,,,,07602,39.9
4837409,,,,,,,,07602,39.9
4837415,,,,,,,,07602,39.9
4837439,,,,,,,,07602,39.9
4837456,,,,,,,,07602,39.9
4837476,,,,,,,,07602,39.9
3629106,36.0,17.0,,,7.4,,2.0,08221,4.4
3629114,27.3,37.0,,,21.4,,2.0,08221,4.4
3629135,25.75,38.0,,,18.4,,2.0,08221,4.4
3629165,21.2,45.0,,,8.5,,2.0,08221,4.4
3629185,12.8,46.5,,,3.6,,1.0,08221,4.4
3629204,18.3,89.0,,,25.95,,8.0,08221,4.4
3629224,11.3,76.5,,,4.5,,4.0,08221,4.4
3629244,9.4,80.0,,,17.5,,2.0,08221,4.4
3629275,14.1,60.0,,,6.5,,2.0,08221,4.4
3629305,2.25,78.5,,,5.6,,1.0,08221,4.4
3629325,10.3,55.5,,,3.6,,2.0,08221,4.4
3629295,11.05,66.0,,,5.6,,2.0,08221,4.4
3629344,8.95,81.5,,,8.3,,4.0,08221,4.4
3629364,8.0,90.0,,,9.200000000000001,,7.0,08221,4.4
3629385,5.65,48.5,,,18.4,,2.0,08221,4.4
3629406,25.15,29.5,,,5.6,,2.0,08221,4.4
3629414,11.45,46.0,,,32.6,,3.0,08221,4.4
3629435,22.05,29.0,,,12.1,,2.0,08221,4.4
3629455,23.6,37.5,,,21.25,,2.0,08221,4.4
3917939,35.95,13.5,0.0,0.0,20.5,,1.0,08221,4.4
3917968,30.5,26.5,0.0,0.0,5.6000000000000005,,1.0,08221,4.4
3917987,25.35,47.5,0.0,0.0,6.5,,2.0,08221,4.4
3917998,26.950000000000003,30.0,0.0,0.0,7.4,,2.0,08221,4.4
3918028,21.35,52.0,0.0,0.0,5.6,,2.0,08221,4.4
3918058,17.700000000000003,40.0,0.0,0.0,6.5,,1.0,08221,4.4
3918078,11.3,88.5,0.0,0.2,15.700000000000001,,7.0,08221,4.4
3918089,12.45,94.0,1.5,1.8,22.3,,3.0,08221,4.4
3918109,7.300000000000001,47.5,0.0,0.0,21.4,,1.0,08221,4.4
3918129,15.0,32.5,0.0,0.0,6.5,,1.0,08221,4.4
3918155,16.8,43.0,0.0,0.0,4.5,,2.0,08221,4.4
3918169,6.6,49.5,0.0,0.0,1.8,,1.0,08221,4.4
3918189,11.2,62.5,0.0,0.0,9.399999999999999,,2.0,08221,4.4
3918200,13.100000000000001,28.5,0.0,0.0,13.9,,1.0,08221,4.4
3918228,25.5,15.5,0.0,0.0,7.6,,1.0,08221,4.4
3918240,28.8,18.0,0.0,0.0,21.4,,2.0,08221,4.4
3918260,26.25,20.0,0.0,0.0,18.55,,2.0,08221,4.4
3918280,21.25,36.5,0.6,0.0,14.95,,3.0,08221,4.4
3918300,17.55,73.5,0.5,0.5,25.0,,17.0,08221,4.4
4205345,32.3,12.0,0.0,0.0,13.0,,1.0,08221,4.4
4205394,19.8,48.5,0.0,0.0,4.5,11.1,1.0,08221,4.4
4205414,23.05,50.0,0.0,0.0,4.5,11.1,1.0,08221,4.4
4205423,31.0,23.5,0.0,0.0,0.9,13.0,1.0,08221,4.4
4205452,14.45,86.0,1.4,3.0,13.9,20.4,8.0,08221,4.4
4205465,15.850000000000001,85.0,0.0,0.0,17.65,16.7,2.0,08221,4.4
4205473,6.55,84.5,0.0,0.0,1.8,9.3,1.0,08221,4.4
4205499,11.85,96.5,0.0,0.1,0.0,11.1,4.0,08221,4.4
4205514,2.6500000000000004,91.0,0.0,0.0,3.6,11.1,1.0,08221,4.4
4205374,13.05,53.0,0.0,0.0,1.8,11.1,1.0,08221,4.4
4205553,9.65,79.5,0.0,0.0,9.399999999999999,11.1,2.0,08221,4.4
4205535,4.699999999999999,99.0,0.0,0.0,3.6,9.3,5.0,08221,4.4
4205584,16.85,36.5,0.0,0.0,6.5,11.1,1.0,08221,4.4
4205604,8.8,52.0,0.1,0.7,25.95,37.0,3.0,08221,4.4
4205623,15.05,72.5,0.0,0.0,1.8,11.1,2.0,08221,4.4
4205644,24.15,39.5,0.0,0.0,2.7,11.1,1.0,08221,4.4
4205669,11.7,61.5,0.0,1.1,22.3,22.2,2.0,08221,4.4
4205684,28.85,26.5,0.0,0.0,10.3,18.5,2.0,08221,4.4
4205704,19.35,31.5,0.0,0.8,20.35,24.1,3.0,08221,4.4
4506756,29.85,37.0,0.0,0.0,12.950000000000001,18.5,2.0,08221,4.4
4506775,32.0,27.0,,,7.6,16.7,2.0,08221,4.4
4506786,24.2,20.5,0.0,0.0,8.3,13.0,1.0,08221,4.4
4506819,19.15,30.5,0.0,0.0,0.0,11.1,1.0,08221,4.4
4506845,21.5,56.5,0.0,0.0,5.4,11.1,2.0,08221,4.4
4506866,18.8,60.0,0.0,0.0,5.6,14.8,2.0,08221,4.4
4506893,14.2,84.0,0.0,0.1,6.5,13.0,4.0,08221,4.4
4506906,5.15,56.0,0.0,0.0,12.950000000000001,9.3,2.0,08221,4.4
4506915,11.1,51.5,0.0,0.0,2.7,11.1,1.0,08221,4.4
4506936,14.4,35.0,0.0,0.0,22.3,29.6,1.0,08221,4.4
4506956,12.3,75.0,0.0,1.6,17.5,27.8,4.0,08221,4.4
4506965,10.85,49.5,0.0,0.0,16.75,9.3,2.0,08221,4.4
4506985,13.6,59.5,0.0,0.0,2.7,13.0,3.0,08221,4.4
4507009,5.1,96.0,0.9,1.8,11.2,20.4,7.0,08221,4.4
4507025,7.300000000000001,55.0,,,8.5,13.0,2.0,08221,4.4
4507056,11.5,77.0,0.0,0.0,23.5,29.6,7.0,08221,4.4
4507077,21.5,42.0,0.0,0.0,7.2,13.0,1.0,08221,4.4
4507096,14.0,57.0,0.0,0.2,17.0,25.9,2.0,08221,4.4
4507116,26.8,26.0,0.0,0.0,19.0,27.8,3.0,08221,4.4
4837120,32.75,21.5,0.0,0.0,12.0,16.7,2.0,08221,4.4
4837139,,,,,,,,08221,4.4
4837161,,,,,,,,08221,4.4
4837170,,,,,,,,08221,4.4
4837191,,,,,,,,08221,4.4
4837211,,,,,,,,08221,4.4
4837221,,,,,,,,08221,4.4
4837240,,,,,,,,08221,4.4
4837261,,,,,,,,08221,4.4
4837306,,,,,,,,08221,4.4
4837311,,,,,,,,08221,4.4
4837332,,,,,,,,08221,4.4
4837352,,,,,,,,08221,4.4
4837371,,,,,,,,08221,4.4
4837381,,,,,,,,08221,4.4
4837401,,,,,,,,08221,4.4
4837425,,,,,,,,08221,4.4
4837451,,,,,,,,08221,4.4
4837471,,,,,,,,08221,4.4
3629111,26.1,83.5,,,9.4,,7.0,08284,9.2
3629129,27.450000000000003,66.0,,,13.9,,7.0,08284,9.2
3629149,19.45,60.0,,,10.3,,8.0,08284,9.2
3629179,21.7,70.0,,,13.0,,3.0,08284,9.2
3629200,16.15,83.5,,,7.6,,3.0,08284,9.2
3629208,18.65,55.0,,,15.7,,2.0,08284,9.2
3629229,14.2,90.5,,,5.6,,3.0,08284,9.2
3629249,11.55,50.5,,,13.899999999999999,,2.0,08284,9.2
3629269,9.5,91.5,,,7.6,,2.0,08284,9.2
3629287,16.6,24.5,,,9.200000000000001,,2.0,08284,9.2
3629308,13.4,54.5,,,6.5,,2.0,08284,9.2
3629329,17.3,52.0,,,18.55,,2.0,08284,9.2
3629349,12.45,83.5,,,3.6,,4.0,08284,9.2
3629370,19.65,31.0,,,24.1,,2.0,08284,9.2
3629391,16.45,21.0,,,22.3,,2.0,08284,9.2
3629397,14.45,84.5,,,8.5,,4.0,08284,9.2
3629420,17.2,62.0,,,13.0,,2.0,08284,9.2
3629442,17.85,61.5,,,7.3999999999999995,,2.0,08284,9.2
3629462,23.3,56.5,,,11.2,,2.0,08284,9.2
3917963,29.65,62.5,0.0,0.0,16.6,,2.0,08284,9.2
3917985,23.75,79.5,0.1,1.0,13.0,,3.0,08284,9.2
3918026,22.049999999999997,88.5,0.0,0.0,6.5,,2.0,08284,9.2
3918047,24.3,75.5,0.0,0.0,10.3,,3.0,08284,9.2
3918065,19.299999999999997,47.0,0.0,0.0,15.700000000000001,,1.0,08284,9.2
3918086,21.85,24.5,0.0,0.0,13.9,,2.0,08284,9.2
3918097,17.65,42.5,0.0,0.0,19.450000000000003,,2.0,08284,9.2
3918117,13.149999999999999,16.5,0.0,0.0,8.5,,1.0,08284,9.2
3918127,6.15,84.0,0.0,0.0,9.4,,1.0,08284,9.2
3918144,5.7,89.5,0.0,0.0,6.5,,2.0,08284,9.2
3918167,4.8,42.0,0.0,0.0,19.45,,2.0,08284,9.2
3918185,23.15,45.0,0.0,0.0,17.65,,2.0,08284,9.2
3918206,22.95,20.0,0.0,0.0,37.1,,1.0,08284,9.2
3918223,27.9,16.0,0.0,0.0,20.35,,2.0,08284,9.2
3918247,20.45,68.5,0.0,0.0,13.9,,2.0,08284,9.2
3918256,23.4,55.0,0.0,0.0,23.2,,2.0,08284,9.2
3918271,16.95,69.0,0.0,0.6,14.05,,2.0,08284,9.2
3918296,23.35,49.0,0.0,2.3,6.5,,2.0,08284,9.2
3918313,23.15,65.5,0.0,1.1,14.8,,2.0,08284,9.2
4837124,27.0,74.0,0.0,0.1,10.0,31.5,2.0,08284,9.2
4837146,,,,,,,,08284,9.2
4837163,,,,,,,,08284,9.2
4837195,,,,,,,,08284,9.2
4837217,,,,,,,,08284,9.2
4837247,,,,,,,,08284,9.2
4837273,,,,,,,,08284,9.2
4837298,,,,,,,,08284,9.2
4837315,,,,,,,,08284,9.2
4837325,,,,,,,,08284,9.2
4837342,,,,,,,,08284,9.2
4837263,,,,,,,,08284,9.2
4837364,,,,,,,,08284,9.2
4837377,,,,,,,,08284,9.2
4837394,,,,,,,,08284,9.2
4837418,,,,,,,,08284,9.2
4837432,,,,,,,,08284,9.2
4837453,,,,,,,,08284,9.2
4837474,,,,,,,,08284,9.2
3629108,30.049999999999997,28.0,,,11.2,,2.0,08221,19.0
3629125,19.950000000000003,69.5,,,9.399999999999999,,18.0,08221,19.0
3629145,21.3,30.5,,,12.1,,2.0,08221,19.0
3629167,17.0,66.5,,,10.3,,3.0,08221,19.0
3629188,12.649999999999999,52.5,,,4.7,,1.0,08221,19.0
3629206,17.65,93.0,,,20.35,,8.0,08221,19.0
3629227,13.600000000000001,73.0,,,8.5,,3.0,08221,19.0
3629247,9.05,72.0,,,6.5,,2.0,08221,19.0
3629267,8.25,77.5,,,4.5,,3.0,08221,19.0
3629278,12.35,61.5,,,0.9,,2.0,08221,19.0
3629300,7.1499999999999995,55.0,,,6.5,,1.0,08221,19.0
3629319,9.45,59.5,,,3.6,,3.0,08221,19.0
3629347,9.100000000000001,88.5,,,4.7,,4.0,08221,19.0
3629368,9.95,71.5,,,13.9,,7.0,08221,19.0
3629389,9.35,36.0,,,16.6,,2.0,08221,19.0
3629408,20.200000000000003,39.0,,,15.700000000000001,,1.0,08221,19.0
3629427,12.5,80.0,,,7.4,,8.0,08221,19.0
3629439,24.4,25.5,,,6.5,,2.0,08221,19.0
3629459,23.6,37.5,,,21.25,,2.0,08221,19.0
3918015,31.299999999999997,18.5,0.0,0.0,19.45,,1.0,08221,19.0
3917951,34.95,22.0,0.0,0.0,18.55,,2.0,08221,19.0
3917970,35.1,18.5,0.0,0.0,13.9,,2.0,08221,19.0
3917988,24.05,26.0,0.0,0.0,8.5,,1.0,08221,19.0
3918001,20.299999999999997,44.5,0.0,0.0,8.5,,2.0,08221,19.0
3918033,23.05,46.0,0.0,0.0,7.6,,2.0,08221,19.0
3918066,16.700000000000003,41.5,0.0,0.0,5.6,,1.0,08221,19.0
3918081,13.0,66.5,0.0,0.0,14.799999999999999,,2.0,08221,19.0
3918106,9.75,81.5,0.0,0.0,7.3999999999999995,,4.0,08221,19.0
3918124,3.6999999999999997,56.0,0.0,0.0,12.100000000000001,,1.0,08221,19.0
3918138,10.75,52.0,0.0,0.0,5.4,,2.0,08221,19.0
3918152,13.25,36.0,0.0,0.0,1.8,,2.0,08221,19.0
3918172,11.5,42.0,0.0,0.0,6.5,,1.0,08221,19.0
3918192,17.95,31.5,0.0,0.0,3.6,,1.0,08221,19.0
3918224,24.05,18.0,0.0,0.0,8.5,,1.0,08221,19.0
3918248,28.8,18.0,0.0,0.0,21.4,,2.0,08221,19.0
3918266,26.25,20.0,0.0,0.0,18.55,,2.0,08221,19.0
3918286,21.6,26.5,0.0,0.0,12.1,,3.0,08221,19.0
3918302,17.55,73.5,0.5,0.5,25.0,,17.0,08221,19.0
4205349,33.6,17.0,0.0,0.0,21.25,,1.0,08221,19.0
4205372,28.15,23.5,0.0,0.0,13.0,,2.0,08221,19.0
4205386,17.1,90.0,2.5,4.7,17.5,20.4,7.0,08221,19.0
4205417,28.450000000000003,40.0,0.0,0.0,4.5,11.1,1.0,08221,19.0
4205437,15.3,57.0,0.0,0.0,11.2,16.7,2.0,08221,19.0
4205459,8.2,72.5,0.0,0.0,13.0,16.7,2.0,08221,19.0
4205478,11.149999999999999,70.0,0.0,0.0,0.0,9.3,1.0,08221,19.0
4205496,8.15,66.0,0.0,0.0,11.2,16.7,2.0,08221,19.0
4205523,7.0,94.0,0.0,0.0,4.5,14.8,5.0,08221,19.0
4205556,9.3,82.5,0.0,0.0,6.5,9.3,2.0,08221,19.0
4205539,8.850000000000001,76.0,0.0,0.0,7.4,11.1,1.0,08221,19.0
4205580,8.5,69.5,0.8,0.3,19.45,20.4,4.0,08221,19.0
4205605,2.75,92.5,4.7,1.8,7.6,37.0,8.0,08221,19.0
4205624,17.55,56.5,0.0,0.0,11.2,16.7,3.0,08221,19.0
4205637,11.5,60.0,0.0,3.2,23.0,27.8,7.0,08221,19.0
4205656,20.75,31.0,0.0,0.0,4.5,11.1,1.0,08221,19.0
4205675,16.1,49.0,0.0,0.0,18.4,20.4,2.0,08221,19.0
4205697,15.35,41.0,0.0,0.0,21.25,20.4,3.0,08221,19.0
4205715,29.1,23.0,0.0,0.0,16.6,24.1,3.0,08221,19.0
4506758,32.349999999999994,22.5,0.0,0.0,17.5,20.4,2.0,08221,19.0
4506778,31.0,31.0,,,9.399999999999999,18.5,2.0,08221,19.0
4506799,24.35,39.5,0.0,0.0,17.5,18.5,2.0,08221,19.0
4506825,19.95,28.5,0.0,0.0,9.399999999999999,18.5,1.0,08221,19.0
4506835,26.799999999999997,40.0,0.0,0.0,16.6,24.1,2.0,08221,19.0
4506855,13.2,53.5,0.0,0.0,16.6,22.2,3.0,08221,19.0
4506876,15.649999999999999,70.5,0.0,0.0,15.85,13.0,3.0,08221,19.0
4506886,9.4,74.5,0.0,0.0,2.7,11.1,2.0,08221,19.0
4506914,6.550000000000001,61.5,0.0,0.0,18.4,9.3,2.0,08221,19.0
4506927,9.85,50.5,0.0,0.0,4.5,9.3,1.0,08221,19.0
4506950,2.45,69.5,0.0,0.0,7.4,9.3,1.0,08221,19.0
4506966,11.6,49.5,0.0,0.0,7.4,13.0,2.0,08221,19.0
4507001,14.8,40.5,0.0,0.0,7.6,11.1,3.0,08221,19.0
4507023,10.399999999999999,71.0,0.0,2.4000000000000004,21.4,27.8,7.0,08221,19.0
4507039,17.7,24.5,0.0,0.0,13.0,18.5,1.0,08221,19.0
4507058,14.5,91.0,0.6,0.1,11.0,20.4,7.0,08221,19.0
4507081,18.5,50.5,0.0,0.0,7.5,13.0,1.0,08221,19.0
4507108,14.5,74.5,0.1,2.5,13.0,18.5,3.0,08221,19.0
4507133,22.0,34.0,0.0,0.0,6.5,13.0,2.0,08221,19.0
4837143,,,,,,,,08221,19.0
4837165,,,,,,,,08221,19.0
4837173,,,,,,,,08221,19.0
4837194,,,,,,,,08221,19.0
4837214,,,,,,,,08221,19.0
4837237,,,,,,,,08221,19.0
4837249,,,,,,,,08221,19.0
4837267,,,,,,,,08221,19.0
4837291,,,,,,,,08221,19.0
4837304,,,,,,,,08221,19.0
4837327,,,,,,,,08221,19.0
4837341,,,,,,,,08221,19.0
4837356,,,,,,,,08221,19.0
4837375,,,,,,,,08221,19.0
4837406,,,,,,,,08221,19.0
4837426,,,,,,,,08221,19.0
4837444,,,,,,,,08221,19.0
4837463,,,,,,,,08221,19.0
4837484,,,,,,,,08221,19.0
3629122,30.9,27.5,,,17.5,,2.0,08221,11.5
3629142,25.65,39.5,,,20.35,,2.0,08221,11.5
3629163,23.6,42.5,,,8.5,,2.0,08221,11.5
3629182,20.6,55.5,,,6.5,,2.0,08221,11.5
3629202,17.7,42.5,,,8.5,,1.0,08221,11.5
3629212,14.25,52.5,,,17.5,,2.0,08221,11.5
3629232,4.800000000000001,94.5,,,4.5,,7.0,08221,11.5
3629252,11.350000000000001,48.0,,,29.7,,2.0,08221,11.5
3629273,10.399999999999999,62.0,,,8.3,,3.0,08221,11.5
3629292,13.6,57.0,,,33.3,,3.0,08221,11.5
3629312,7.9,65.5,,,3.6,,3.0,08221,11.5
3629332,13.65,43.5,,,8.3,,2.0,08221,11.5
3629352,9.350000000000001,84.5,,,7.4,,4.0,08221,11.5
3629372,13.5,39.5,,,11.2,,2.0,08221,11.5
3629382,10.85,70.5,,,13.0,,3.0,08221,11.5
3629401,18.5,46.5,,,24.1,,7.0,08221,11.5
3629432,23.8,35.5,,,8.5,,2.0,08221,11.5
3629452,25.8,28.0,,,10.3,,2.0,08221,11.5
3629472,29.0,31.5,,,14.8,,2.0,08221,11.5
3917957,32.75,23.5,0.0,0.0,4.7,,2.0,08221,11.5
3917972,32.0,26.5,0.0,0.0,13.0,,1.0,08221,11.5
3917995,21.75,31.0,0.0,0.0,2.7,,2.0,08221,11.5
3918024,19.799999999999997,46.0,0.0,0.0,2.7,,1.0,08221,11.5
3918045,20.2,63.0,0.0,0.30000000000000004,15.700000000000001,,3.0,08221,11.5
3918062,11.25,70.5,0.0,0.0,3.6,,2.0,08221,11.5
3918075,12.1,74.0,0.0,0.0,3.6,,1.0,08221,11.5
3918093,13.7,90.0,0.0,2.3000000000000003,31.5,,7.0,08221,11.5
3918112,10.0,42.5,0.0,0.0,11.2,,1.0,08221,11.5
3918137,7.0,65.0,0.1,1.9000000000000001,5.4,,2.0,08221,11.5
3918154,19.4,33.5,0.0,0.0,4.5,,3.0,08221,11.5
3918174,6.699999999999999,85.0,1.6,0.1,7.3999999999999995,,7.0,08221,11.5
3918198,15.8,45.0,0.0,0.0,13.9,,4.0,08221,11.5
3918214,22.75,23.5,0.0,0.0,13.0,,1.0,08221,11.5
3918226,17.4,45.5,0.0,0.0,31.5,,2.0,08221,11.5
3918246,22.35,28.0,0.0,0.0,6.5,,2.0,08221,11.5
3918263,21.3,24.5,0.0,0.0,14.8,,2.0,08221,11.5
3918287,20.75,34.5,0.0,0.0,6.5,,3.0,08221,11.5
3918304,17.55,73.5,0.5,0.5,25.0,,17.0,08221,11.5
4205368,25.6,28.0,0.0,0.0,11.2,,1.0,08221,11.5
4205392,22.6,63.0,0.0,0.6000000000000001,8.5,13.0,18.0,08221,11.5
4205399,26.049999999999997,33.5,0.0,0.0,4.7,11.1,1.0,08221,11.5
4205422,30.95,36.5,0.0,0.0,3.6,11.1,1.0,08221,11.5
4205448,17.05,69.5,0.1,0.2,18.55,24.1,8.0,08221,11.5
4205470,17.9,78.5,0.0,0.0,29.5,35.2,3.0,08221,11.5
4205480,16.4,45.5,0.0,0.0,3.6,9.3,1.0,08221,11.5
4205501,8.45,94.5,0.0,0.0,0.0,9.3,3.0,08221,11.5
4205518,5.5,84.5,0.0,0.0,1.8,11.1,1.0,08221,11.5
4205552,10.6,62.0,0.0,0.0,4.5,9.3,1.0,08221,11.5
4205566,7.7,79.0,0.0,0.0,3.6,11.1,2.0,08221,11.5
4205586,16.0,43.0,0.0,0.0,0.0,13.0,2.0,08221,11.5
4205607,8.15,86.5,1.4,0.6000000000000001,37.099999999999994,42.6,8.0,08221,11.5
4205627,19.75,57.0,0.0,0.0,6.5,14.8,4.0,08221,11.5
4205651,26.55,20.5,0.0,0.0,2.7,13.0,1.0,08221,11.5
4205662,24.15,20.5,0.0,0.0,8.5,14.8,2.0,08221,11.5
4205674,16.85,73.5,1.0,0.7,15.7,29.6,3.0,08221,11.5
4205701,17.55,29.5,0.0,0.0,16.6,25.9,3.0,08221,11.5
4205718,30.299999999999997,11.0,0.0,0.0,21.25,29.6,2.0,08221,11.5
4506771,32.25,20.0,0.0,0.0,12.100000000000001,18.5,1.0,08221,11.5
4506793,23.4,23.5,0.0,0.0,13.0,20.4,1.0,08221,11.5
4506801,21.4,45.0,0.0,0.0,12.100000000000001,20.4,2.0,08221,11.5
4506826,21.5,23.5,0.0,0.0,8.5,13.0,1.0,08221,11.5
4506864,12.8,50.0,0.0,0.0,20.35,20.4,3.0,08221,11.5
4506883,11.3,97.0,0.0,0.0,6.5,9.3,2.0,08221,11.5
4506899,13.4,80.0,0.0,0.0,3.0,7.4,4.0,08221,11.5
4506917,1.4500000000000002,98.0,0.0,0.0,3.6,7.4,1.0,08221,11.5
4506943,7.449999999999999,94.0,0.0,0.0,4.5,13.0,2.0,08221,11.5
4506962,10.3,81.5,0.0,0.0,18.55,27.8,5.0,08221,11.5
4506977,6.85,92.5,0.0,2.6,7.6,16.7,4.0,08221,11.5
4506997,13.3,50.0,0.0,0.4,0.9,13.0,3.0,08221,11.5
4507008,6.6,91.0,0.1,1.9000000000000004,10.3,22.2,8.0,08221,11.5
4507027,10.05,57.5,,,7.4,20.4,2.0,08221,11.5
4507054,12.0,82.0,0.2,10.1,16.0,22.2,7.0,08221,11.5
4507067,12.2,66.5,,,15.75,31.5,3.0,08221,11.5
4507093,14.0,91.0,0.0,0.4,5.7,16.7,2.0,08221,11.5
4507110,18.2,57.0,0.1,2.5,15.0,20.4,3.0,08221,11.5
4507134,22.0,34.0,0.0,0.0,6.5,13.0,2.0,08221,11.5
4837136,23.5,33.5,0.0,0.0,23.0,31.5,2.0,08221,11.5
4837156,,,,,,,,08221,11.5
4837174,,,,,,,,08221,11.5
4837204,,,,,,,,08221,11.5
4837224,,,,,,,,08221,11.5
4837244,,,,,,,,08221,11.5
4837265,,,,,,,,08221,11.5
4837287,,,,,,,,08221,11.5
4837299,,,,,,,,08221,11.5
4837318,,,,,,,,08221,11.5
4837346,,,,,,,,08221,11.5
4837365,,,,,,,,08221,11.5
4837339,,,,,,,,08221,11.5
4837388,,,,,,,,08221,11.5
4837408,,,,,,,,08221,11.5
4837438,,,,,,,,08221,11.5
4837424,,,,,,,,08221,11.5
4837459,,,,,,,,08221,11.5
4837475,,,,,,,,08221,11.5
3629131,24.95,34.0,,,6.5,,2.0,08221,11.8
3629151,16.65,75.5,,,8.5,,2.0,08221,11.8
3629159,19.15,62.0,,,10.3,,2.0,08221,11.8
3629201,12.95,55.5,,,1.8,,1.0,08221,11.8
3629221,7.85,55.5,,,18.4,,1.0,08221,11.8
3629241,7.35,62.0,,,22.3,,3.0,08221,11.8
3629180,7.95,75.5,,,12.1,,3.0,08221,11.8
3629261,5.300000000000001,90.5,,,7.4,,1.0,08221,11.8
3629270,4.6,88.5,,,5.4,,2.0,08221,11.8
3629289,2.0,89.5,,,6.5,,2.0,08221,11.8
3629309,9.6,59.0,,,3.6,,3.0,08221,11.8
3629321,5.95,57.5,,,9.399999999999999,,1.0,08221,11.8
3629341,7.1,53.5,,,8.3,,2.0,08221,11.8
3629361,7.25,55.0,,,5.4,,2.0,08221,11.8
3629380,11.2,66.0,,,9.2,,3.0,08221,11.8
3629399,14.5,72.5,,,11.2,,2.0,08221,11.8
3629429,21.6,43.5,,,13.0,,2.0,08221,11.8
3629448,24.15,32.0,,,8.5,,2.0,08221,11.8
3629468,29.0,31.5,,,14.8,,2.0,08221,11.8
3917962,28.3,27.0,0.0,0.0,14.799999999999999,,2.0,08221,11.8
3917977,32.8,26.0,0.0,0.0,14.799999999999999,,1.0,08221,11.8
3917996,20.8,26.0,0.0,0.0,7.4,,1.0,08221,11.8
3918022,25.9,33.5,0.0,0.0,13.0,,2.0,08221,11.8
3918039,15.7,82.5,1.6,3.0,27.75,,7.0,08221,11.8
3918057,20.1,56.5,0.0,0.0,5.4,,3.0,08221,11.8
3918076,9.65,84.5,0.0,0.0,4.5,,1.0,08221,11.8
3918119,1.9500000000000002,63.5,0.0,0.0,4.5,,1.0,08221,11.8
3918100,4.35,68.0,0.0,0.0,5.4,,1.0,08221,11.8
3918145,6.65,69.5,0.0,0.0,6.5,,2.0,08221,11.8
3918165,6.0,67.0,0.0,0.0,11.899999999999999,,2.0,08221,11.8
3918186,20.2,51.0,0.0,0.0,16.6,,2.0,08221,11.8
3918203,17.9,26.0,0.0,0.0,21.4,,1.0,08221,11.8
3918211,22.0,19.5,0.0,0.0,13.0,,1.0,08221,11.8
3918234,16.950000000000003,38.5,0.0,0.0,14.8,,2.0,08221,11.8
3918257,27.45,25.5,0.0,2.4000000000000004,18.55,,2.0,08221,11.8
3918274,18.65,31.0,0.0,0.4,14.95,,2.0,08221,11.8
3918297,17.25,76.5,0.0,0.0,11.2,,17.0,08221,11.8
3918312,24.9,47.0,0.4,1.2,12.1,,18.0,08221,11.8
4205381,17.9,78.5,3.4,2.5000000000000004,15.700000000000001,,9.0,08221,11.8
4205387,16.799999999999997,84.0,0.0,2.0,13.0,16.7,2.0,08221,11.8
4205411,25.950000000000003,38.0,0.0,0.0,9.399999999999999,14.8,2.0,08221,11.8
4205430,31.15,25.0,0.0,0.0,4.5,11.1,1.0,08221,11.8
4205461,11.100000000000001,73.5,0.0,0.0,19.45,20.4,2.0,08221,11.8
4205466,14.85,85.0,0.0,0.0,25.0,31.5,2.0,08221,11.8
4205491,6.6,73.5,0.0,0.0,5.6,9.3,2.0,08221,11.8
4205507,3.2,84.5,0.0,0.0,6.5,9.3,1.0,08221,11.8
4205531,11.7,93.5,0.0,1.7,5.6,13.0,4.0,08221,11.8
4205546,12.7,58.0,0.0,0.0,3.6,11.1,2.0,08221,11.8
4205570,6.9,73.0,0.0,0.0,5.6,9.3,1.0,08221,11.8
4205581,8.15,55.5,0.0,0.5,25.0,29.6,18.0,08221,11.8
4205597,11.6,83.5,0.2,0.0,32.6,37.0,7.0,08221,11.8
4205621,12.0,52.5,0.0,2.7,25.0,33.3,3.0,08221,11.8
4205639,6.5,76.0,0.0,2.5999999999999996,11.0,31.5,3.0,08221,11.8
4205658,18.85,33.0,0.0,0.0,9.399999999999999,14.8,1.0,08221,11.8
4205679,23.45,27.0,0.0,0.0,30.6,31.5,2.0,08221,11.8
4205702,16.1,40.0,0.0,0.0,21.4,24.1,2.0,08221,11.8
4205721,25.6,16.5,0.0,0.0,17.65,20.4,1.0,08221,11.8
4506759,35.1,21.5,0.0,0.0,10.3,16.7,2.0,08221,11.8
4506783,27.85,38.5,,,7.4,13.0,2.0,08221,11.8
4506806,21.35,51.5,0.0,0.30000000000000004,12.1,14.8,2.0,08221,11.8
4506816,18.45,48.0,0.0,0.0,17.5,22.2,3.0,08221,11.8
4506836,22.35,62.5,0.0,0.0,21.25,22.2,2.0,08221,11.8
4506859,7.95,87.0,0.3,0.1,6.5,16.7,3.0,08221,11.8
4506882,15.95,76.5,0.0,0.0,5.6,13.0,3.0,08221,11.8
4506902,15.5,72.0,0.0,0.0,4.5,7.4,3.0,08221,11.8
4506929,12.8,54.5,0.0,0.0,6.5,11.1,1.0,08221,11.8
4506953,10.55,49.0,0.0,0.0,11.2,18.5,2.0,08221,11.8
4506980,7.0,80.5,0.0,0.0,8.3,9.3,2.0,08221,11.8
4507002,16.9,36.0,0.0,0.0,1.8,13.0,2.0,08221,11.8
4507024,9.8,69.5,0.2,2.2,19.450000000000003,27.8,7.0,08221,11.8
4507044,9.5,50.0,0.0,0.0,21.0,18.5,1.0,08221,11.8
4507046,15.5,55.0,0.0,0.1,11.0,22.2,3.0,08221,11.8
4507069,12.600000000000001,65.0,,,14.8,18.5,2.0,08221,11.8
4507092,16.0,62.5,0.2,0.1,19.0,31.5,7.0,08221,11.8
4507113,14.1,72.0,0.3,5.3,8.350000000000001,14.8,18.0,08221,11.8
4507128,25.5,26.0,0.0,0.0,6.5,13.0,1.0,08221,11.8
4837116,27.0,24.5,0.0,0.0,13.0,27.8,2.0,08221,11.8
4837138,28.5,25.0,0.0,0.0,17.0,27.8,1.0,08221,11.8
4837157,,,,,,,,08221,11.8
4837183,,,,,,,,08221,11.8
4837206,,,,,,,,08221,11.8
4837215,,,,,,,,08221,11.8
4837255,,,,,,,,08221,11.8
4837274,,,,,,,,08221,11.8
4837286,,,,,,,,08221,11.8
4837309,,,,,,,,08221,11.8
4837329,,,,,,,,08221,11.8
4837343,,,,,,,,08221,11.8
4837368,,,,,,,,08221,11.8
4837386,,,,,,,,08221,11.8
4837397,,,,,,,,08221,11.8
4837419,,,,,,,,08221,11.8
4837435,,,,,,,,08221,11.8
4837469,,,,,,,,08221,11.8
4837486,,,,,,,,08221,11.8
3918016,29.700000000000003,26.0,0.0,0.30000000000000004,16.4,,2.0,08141,1.2
3917966,22.45,38.5,0.0,0.0,10.2,,2.0,08141,1.2
3917983,20.549999999999997,52.5,0.0,0.0,5.5,,2.0,08141,1.2
3918007,24.049999999999997,36.5,0.0,0.0,7.7,,2.0,08141,1.2
3918035,14.4,82.5,2.3,2.5,6.2,,8.0,08141,1.2
3918046,18.549999999999997,63.0,0.0,0.0,13.0,,7.0,08141,1.2
3918064,14.95,45.5,0.0,0.0,3.7,,1.0,08141,1.2
3918085,10.75,83.5,0.0,0.0,7.4,,3.0,08141,1.2
3918107,9.7,79.0,0.0,0.0,7.4,,3.0,08141,1.2
3918126,5.4,59.5,0.0,0.0,9.3,,3.0,08141,1.2
3918147,8.95,44.5,0.0,0.0,4.75,,2.0,08141,1.2
3918178,7.2,63.5,0.0,0.0,4.6,,7.0,08141,1.2
3918195,9.05,80.0,0.2,0.5,9.3,,2.0,08141,1.2
3918217,22.8,23.5,0.0,0.0,7.15,,1.0,08141,1.2
3918238,17.3,40.0,0.0,0.0,13.0,,2.0,08141,1.2
3918255,17.799999999999997,46.0,0.0,0.0,5.5,,2.0,08141,1.2
3918276,18.549999999999997,36.0,0.0,0.0,6.45,,2.0,08141,1.2
3918295,15.5,74.0,0.0,0.6,9.3,,2.0,08141,1.2
3918315,19.05,67.0,1.6,7.9,5.5,,18.0,08141,1.2
4506754,30.8,24.5,0.0,0.0,6.2,13.0,1.0,08141,1.2
4506774,31.400000000000002,18.5,,,11.1,20.4,2.0,08141,1.2
4506804,18.55,75.5,0.7,0.8999999999999999,6.2,,3.0,08141,1.2
4506823,12.899999999999999,48.0,0.0,0.0,10.2,18.5,2.0,08141,1.2
4506844,22.1,65.5,0.0,0.0,11.1,20.4,3.0,08141,1.2
4506863,9.899999999999999,66.5,0.0,0.2,4.75,14.8,3.0,08141,1.2
4506879,13.55,95.5,0.3,1.4,4.35,9.3,7.0,08141,1.2
4506900,10.399999999999999,90.0,0.0,0.0,2.75,9.3,2.0,08141,1.2
4506923,3.45,92.0,0.0,0.0,3.7,9.3,2.0,08141,1.2
4506942,15.700000000000001,61.0,0.0,0.0,9.3,16.7,3.0,08141,1.2
4506963,7.8,78.5,0.0,0.0,7.4,14.8,2.0,08141,1.2
4506991,15.85,46.0,0.0,0.0,8.350000000000001,18.5,2.0,08141,1.2
4507012,8.05,74.0,0.0,0.0,5.5,14.8,3.0,08141,1.2
4507030,7.95,48.0,,,5.5,13.0,3.0,08141,1.2
4507052,17.200000000000003,49.0,0.0,0.0,5.5,11.1,2.0,08141,1.2
4507072,12.95,54.5,,,10.2,,3.0,08141,1.2
4507091,14.2,69.5,0.0,1.3,4.6,11.1,3.0,08141,1.2
4507112,15.299999999999999,63.5,0.0,0.2,9.2,14.8,3.0,08141,1.2
4507123,24.1,33.0,0.0,0.3,9.55,20.4,2.0,08141,1.2
3918014,28.05,71.0,0.0,0.0,24.1,,2.0,08487,5.2
3917953,27.85,64.0,0.0,0.0,22.3,,1.0,08487,5.2
3917973,30.95,50.0,0.0,0.0,14.799999999999999,,3.0,08487,5.2
3918005,29.25,44.5,0.0,0.0,30.6,,2.0,08487,5.2
3918032,22.450000000000003,82.5,0.0,0.0,5.4,,3.0,08487,5.2
3918051,25.0,61.5,0.0,0.0,15.7,,2.0,08487,5.2
3918071,19.45,87.0,0.0,0.0,4.7,,3.0,08487,5.2
3918092,18.35,76.5,0.0,0.0,53.8,,3.0,08487,5.2
3918101,17.95,74.5,0.0,0.0,8.5,,2.0,08487,5.2
3918120,11.15,42.5,0.0,0.0,10.100000000000001,,1.0,08487,5.2
3918141,15.2,45.5,0.0,0.0,40.7,,2.0,08487,5.2
3918164,16.25,48.5,0.0,0.0,13.9,,2.0,08487,5.2
3918173,15.8,59.5,0.0,0.0,17.65,,2.0,08487,5.2
3918194,18.95,76.0,2.9000000000000004,0.0,14.8,,2.0,08487,5.2
3918212,19.5,72.0,0.0,0.0,10.3,,1.0,08487,5.2
3918231,22.75,56.0,0.0,0.0,30.6,,2.0,08487,5.2
3918264,26.549999999999997,38.0,0.0,0.0,24.1,,2.0,08487,5.2
3918283,20.6,58.5,0.2,1.1,9.4,,2.0,08487,5.2
3918305,21.75,80.5,0.3,2.1999999999999997,18.55,,2.0,08487,5.2
4205343,29.9,77.5,0.0,0.0,11.2,,1.0,08487,5.2
4205353,32.25,42.5,0.0,0.0,6.5,,2.0,08487,5.2
4205373,25.5,70.5,0.0,0.0,16.6,,2.0,08487,5.2
4205393,24.0,63.0,0.0,0.0,14.799999999999999,,1.0,08487,5.2
4205413,28.35,61.0,0.0,0.0,17.5,,1.0,08487,5.2
4205443,19.35,64.0,0.0,0.0,13.9,,1.0,08487,5.2
4205463,18.5,75.5,0.0,0.0,7.4,,2.0,08487,5.2
4205483,15.85,60.0,0.0,0.0,10.3,,2.0,08487,5.2
4205503,18.2,42.5,0.0,0.0,25.9,,1.0,08487,5.2
4205533,17.4,78.5,0.0,0.0,16.6,,2.0,08487,5.2
4205562,16.950000000000003,50.5,0.0,0.0,15.700000000000001,,1.0,08487,5.2
4205573,15.0,91.5,0.0,0.0,10.3,,2.0,08487,5.2
4205593,15.75,34.5,0.0,0.0,18.55,,2.0,08487,5.2
4205613,13.35,69.5,0.0,0.0,13.0,,1.0,08487,5.2
4205633,13.0,77.0,6.1,6.0,7.5,,8.0,08487,5.2
4205653,22.05,43.5,0.0,0.0,22.3,,2.0,08487,5.2
4205663,20.8,61.0,0.0,0.0,40.85,,2.0,08487,5.2
4205693,18.3,79.0,0.0,0.0,13.9,,1.0,08487,5.2
4205713,22.85,69.5,0.0,0.0,11.2,,1.0,08487,5.2
3917945,24.4,69.0,0.0,0.2,7.6,14.8,2.0,08184,8.5
3917956,26.0,75.0,0.0,0.5,7.4,18.5,2.0,08184,8.5
3917974,20.5,67.0,0.0,0.0,8.3,16.7,3.0,08184,8.5
3917991,25.45,56.5,0.0,0.0,13.0,24.1,1.0,08184,8.5
3918025,25.95,66.5,0.0,0.0,24.1,33.3,2.0,08184,8.5
3918040,23.35,67.5,0.0,0.0,10.1,16.7,3.0,08184,8.5
3918063,11.899999999999999,57.5,0.0,0.0,7.6,18.5,2.0,08184,8.5
3918082,13.149999999999999,69.5,0.0,0.0,2.7,13.0,3.0,08184,8.5
3918102,15.8,41.5,0.0,0.0,3.6,20.4,2.0,08184,8.5
3918123,5.1,64.0,0.0,0.0,27.700000000000003,33.3,3.0,08184,8.5
3918136,16.6,43.5,0.0,0.0,14.8,25.9,1.0,08184,8.5
3918157,6.75,76.5,0.0,0.0,1.8,11.1,1.0,08184,8.5
3918184,16.5,68.0,0.0,0.0,30.6,29.6,2.0,08184,8.5
3918205,17.85,62.5,0.0,0.0,18.55,18.5,3.0,08184,8.5
3918225,22.3,21.5,0.0,0.0,25.9,37.0,2.0,08184,8.5
3918245,17.35,74.5,0.0,0.3,10.3,24.1,3.0,08184,8.5
3918265,22.35,49.0,0.0,0.0,22.15,38.9,2.0,08184,8.5
3918284,22.05,42.0,0.0,0.0,15.7,27.8,3.0,08184,8.5
3918306,24.35,44.5,0.0,0.0,15.7,29.6,2.0,08184,8.5
4205361,32.7,51.0,0.0,0.0,14.8,25.9,2.0,08184,8.5
4205377,27.5,41.0,0.0,0.0,26.799999999999997,42.6,2.0,08184,8.5
4205397,23.55,59.5,0.0,0.0,18.55,22.2,2.0,08184,8.5
4205418,28.55,47.0,0.0,0.0,16.6,33.3,1.0,08184,8.5
4205434,21.65,37.5,0.0,0.0,23.200000000000003,20.4,3.0,08184,8.5
4205450,16.55,59.5,0.0,0.0,2.7,18.5,2.0,08184,8.5
4205479,7.0,88.5,0.0,0.0,6.5,14.8,3.0,08184,8.5
4205485,12.0,52.0,0.0,0.0,18.549999999999997,16.7,2.0,08184,8.5
4205512,3.2,82.0,0.0,0.0,0.9,9.3,1.0,08184,8.5
4205527,9.6,75.0,0.0,0.0,0.9,13.0,2.0,08184,8.5
4205544,4.2,89.5,0.0,0.0,0.0,9.3,2.0,08184,8.5
4205565,9.85,78.5,0.0,0.0,4.5,13.0,1.0,08184,8.5
4205596,7.05,94.5,2.5,8.700000000000001,10.3,18.5,3.0,08184,8.5
4205616,9.35,96.0,0.0,7.3999999999999995,20.35,31.5,7.0,08184,8.5
4205641,11.0,94.0,4.5,0.0,12.0,44.5,7.0,08184,8.5
4205660,14.3,62.5,0.0,0.0,3.6,22.2,2.0,08184,8.5
4205677,21.95,54.0,0.0,0.0,10.3,27.8,2.0,08184,8.5
4205694,13.7,88.5,0.0,1.3,7.6,13.0,4.0,08184,8.5
4205716,15.35,88.5,0.0,0.4,12.100000000000001,16.7,3.0,08184,8.5
4506768,27.85,53.0,,,14.8,18.5,2.0,08184,8.5
4506791,27.1,38.0,0.0,0.0,16.6,27.8,1.0,08184,8.5
4506808,22.5,71.5,0.0,0.0,26.8,40.8,2.0,08184,8.5
4506840,24.75,56.5,0.0,0.0,12.1,20.4,3.0,08184,8.5
4506848,19.9,55.0,0.0,0.0,9.399999999999999,11.1,2.0,08184,8.5
4506868,16.15,93.5,0.4,0.3,13.0,27.8,7.0,08184,8.5
4506894,14.0,73.5,0.0,0.0,24.1,35.2,2.0,08184,8.5
4506908,8.05,65.0,0.0,1.3,13.0,14.8,2.0,08184,8.5
4506928,3.35,79.0,0.0,0.0,3.6,11.1,1.0,08184,8.5
4506945,14.25,31.5,0.0,0.0,14.8,14.8,2.0,08184,8.5
4506967,4.7,88.5,0.0,0.0,0.9,9.3,1.0,08184,8.5
4506990,9.85,90.5,0.0,0.0,4.7,11.1,3.0,08184,8.5
4507010,12.85,54.0,0.0,0.0,23.200000000000003,35.2,3.0,08184,8.5
4507026,4.8,94.0,,,0.9,16.7,3.0,08184,8.5
4507053,19.0,58.0,0.1,0.7,7.5,27.8,3.0,08184,8.5
4507071,11.6,92.0,,,10.2,18.5,3.0,08184,8.5
4507086,11.0,100.0,0.8,4.4,5.0,13.0,8.0,08184,8.5
4507100,17.0,80.0,1.0,1.1,14.0,33.3,3.0,08184,8.5
4507132,25.8,41.0,0.0,0.0,12.0,22.2,2.0,08184,8.5
4837112,31.65,38.0,0.0,0.0,13.0,20.4,1.0,08184,8.5
4837133,21.8,70.0,0.0,0.0,13.0,25.9,3.0,08184,8.5
4837153,,,,,,,,08184,8.5
4837178,,,,,,,,08184,8.5
4837182,,,,,,,,08184,8.5
4837201,,,,,,,,08184,8.5
4837225,,,,,,,,08184,8.5
4837242,,,,,,,,08184,8.5
4837276,,,,,,,,08184,8.5
4837292,,,,,,,,08184,8.5
4837317,,,,,,,,08184,8.5
4837347,,,,,,,,08184,8.5
4837367,,,,,,,,08184,8.5
4837385,,,,,,,,08184,8.5
4837403,,,,,,,,08184,8.5
4837437,,,,,,,,08184,8.5
4837445,,,,,,,,08184,8.5
4837464,,,,,,,,08184,8.5
4837489,,,,,,,,08184,8.5
4205348,29.4,62.0,0.0,0.0,44.45,,1.0,60030,20.0
4205366,28.4,68.0,0.3,0.0,17.65,,4.0,60030,20.0
4205402,26.9,53.5,0.0,0.0,41.6,40.8,2.0,60030,20.0
4205421,25.5,75.5,0.0,0.0,26.799999999999997,,1.0,60030,20.0
4205433,25.549999999999997,61.5,1.0,0.0,29.7,,7.0,60030,20.0
4205457,22.05,67.5,0.0,0.0,25.9,42.6,2.0,60030,20.0
4205490,20.75,86.5,0.0,0.2,17.5,27.8,3.0,60030,20.0
4205510,19.75,44.5,0.0,0.0,14.8,29.6,1.0,60030,20.0
4205528,19.8,83.0,0.0,0.0,16.6,27.8,2.0,60030,20.0
4205540,26.6,34.0,0.0,0.0,23.200000000000003,,2.0,60030,20.0
4205557,23.0,55.5,0.0,0.0,18.4,29.6,1.0,60030,20.0
4205576,20.75,74.5,0.0,0.0,25.9,22.2,3.0,60030,20.0
4205600,20.6,62.5,0.0,0.0,45.35,,2.0,60030,20.0
4205619,23.5,54.0,0.0,0.0,41.6,40.8,3.0,60030,20.0
4205626,23.85,66.5,0.0,0.0,26.8,,2.0,60030,20.0
4205648,25.45,60.0,0.0,0.0,13.899999999999999,,2.0,60030,20.0
4205670,22.5,52.5,0.7,0.3,12.1,,3.0,60030,20.0
4205698,22.35,58.5,0.0,0.0,36.2,,3.0,60030,20.0
4205722,25.299999999999997,58.0,0.0,0.0,51.8,,1.0,60030,20.0
4506748,26.05,72.5,0.0,0.0,28.8,40.8,1.0,60030,20.0
4506770,24.8,69.0,,,34.4,,2.0,60030,20.0
4506790,26.25,61.0,0.0,0.0,43.55,40.8,2.0,60030,20.0
4506814,24.9,72.0,0.0,0.0,37.1,40.8,2.0,60030,20.0
4506843,25.75,69.0,0.0,0.0,38.0,42.6,2.0,60030,20.0
4506861,23.35,55.0,0.0,3.5,46.400000000000006,,3.0,60030,20.0
4506888,25.200000000000003,68.0,0.0,0.0,20.35,33.3,4.0,60030,20.0
4506909,23.35,64.0,0.0,0.0,6.5,25.9,3.0,60030,20.0
4506934,20.15,56.0,0.0,1.3,25.0,40.8,2.0,60030,20.0
4506944,22.7,63.0,0.0,0.0,36.2,35.2,2.0,60030,20.0
4506958,18.9,79.5,0.0,0.0,23.200000000000003,33.3,2.0,60030,20.0
4506978,19.6,68.0,0.2,0.0,9.4,24.1,2.0,60030,20.0
4507000,19.4,72.0,0.0,0.0,26.799999999999997,38.9,2.0,60030,20.0
4507033,19.0,59.5,,1.8,17.65,25.9,3.0,60030,20.0
4507047,22.450000000000003,67.5,0.0,0.0,20.35,25.9,2.0,60030,20.0
4507070,19.0,64.5,,,41.7,,3.0,60030,20.0
4507087,22.5,63.0,0.0,0.0,38.0,38.9,2.0,60030,20.0
4507102,22.5,65.0,0.0,0.0,8.5,,3.0,60030,20.0
4507124,22.95,59.5,0.0,0.0,42.0,,2.0,60030,20.0
4205354,31.35,57.0,0.0,0.0,9.4,22.2,1.0,08181,11.6
4205384,25.15,82.5,0.0,0.0,4.5,14.8,2.0,08181,11.6
4205395,23.7,47.0,0.0,0.0,12.1,24.1,2.0,08181,11.6
4205415,23.3,77.0,0.0,0.0,7.4,13.0,2.0,08181,11.6
4205435,19.2,58.5,0.0,0.0,23.200000000000003,25.9,3.0,08181,11.6
4205445,21.9,61.0,0.0,0.0,22.3,44.5,2.0,08181,11.6
4205472,17.6,80.0,0.0,0.0,14.8,24.1,3.0,08181,11.6
4205488,7.8,80.5,0.0,0.0,3.6,13.0,2.0,08181,11.6
4205493,15.35,73.0,0.0,0.0,12.100000000000001,18.5,2.0,08181,11.6
4205521,10.2,53.5,0.0,0.0,9.399999999999999,16.7,1.0,08181,11.6
4205554,13.399999999999999,86.5,0.0,0.0,4.5,13.0,4.0,08181,11.6
4205536,11.6,77.5,0.0,0.0,13.0,16.7,1.0,08181,11.6
4205574,11.149999999999999,50.5,0.0,0.0,7.6,35.2,2.0,08181,11.6
4205594,13.75,48.0,1.8,0.7,23.049999999999997,31.5,2.0,08181,11.6
4205614,12.6,81.5,0.0,0.0,5.6,31.5,2.0,08181,11.6
4205634,13.0,79.5,2.5,0.0,28.5,31.5,8.0,08181,11.6
4205664,14.2,92.0,8.7,32.0,31.5,50.0,9.0,08181,11.6
4205685,19.15,83.5,0.0,0.0,13.0,14.8,2.0,08181,11.6
4205705,19.3,81.5,0.0,0.0,13.0,25.9,4.0,08181,11.6
4506764,28.1,73.5,0.0,0.0,11.2,24.1,2.0,08181,11.6
4506777,28.35,66.5,,,16.6,35.2,2.0,08181,11.6
4506807,23.35,79.5,0.0,0.0,25.9,27.8,2.0,08181,11.6
4506846,18.85,71.0,0.0,0.0,3.6,9.3,2.0,08181,11.6
4506874,19.7,91.0,0.0,0.8,23.200000000000003,38.9,7.0,08181,11.6
4506895,16.85,72.5,0.0,0.0,9.4,5.5,2.0,08181,11.6
4506916,7.45,84.0,0.0,0.0,16.6,11.1,1.0,08181,11.6
4506932,8.7,73.5,0.0,0.0,8.3,18.5,2.0,08181,11.6
4506957,12.85,78.0,0.0,0.0,13.9,38.9,2.0,08181,11.6
4506974,14.0,56.0,0.0,0.0,13.0,14.8,2.0,08181,11.6
4506986,13.7,81.0,0.0,0.0,7.6,13.0,2.0,08181,11.6
4507005,14.399999999999999,59.0,0.0,0.0,39.8,44.5,4.0,08181,11.6
4507016,13.85,76.0,0.0,0.0,7.7,11.1,2.0,08181,11.6
4507036,17.5,48.5,0.0,0.0,17.0,31.5,1.0,08181,11.6
4507045,13.5,94.0,0.0,0.1,4.0,20.4,5.0,08181,11.6
4507066,17.700000000000003,70.5,,,19.45,37.0,3.0,08181,11.6
4507078,16.0,88.0,0.0,0.0,10.0,13.0,2.0,08181,11.6
4507097,20.0,61.0,0.3,0.2,19.5,44.5,2.0,08181,11.6
4507117,21.05,74.5,0.0,0.0,20.0,27.8,2.0,08181,11.6
4506762,35.05,19.5,0.0,0.0,8.5,16.7,2.0,08221,21.6
4506781,22.15,83.0,,,7.6,14.8,2.0,08221,21.6
4506812,15.75,94.0,0.0,0.4,5.6,16.7,7.0,08221,21.6
4506838,20.65,47.0,0.0,0.0,10.3,13.0,2.0,08221,21.6
4506860,14.05,50.5,0.0,0.0,13.9,16.7,2.0,08221,21.6
4506877,11.600000000000001,72.5,0.0,0.0,10.3,13.0,2.0,08221,21.6
4506889,13.05,79.5,0.0,0.0,3.8,11.1,3.0,08221,21.6
4506910,10.8,39.0,0.0,0.0,34.4,40.8,2.0,08221,21.6
4506930,8.7,68.0,0.0,0.0,4.5,9.3,4.0,08221,21.6
4506949,11.899999999999999,38.5,0.0,0.0,4.5,11.1,1.0,08221,21.6
4506970,4.3,60.5,0.0,0.0,2.0,11.1,1.0,08221,21.6
4506994,14.65,57.5,0.0,0.0,2.7,14.8,2.0,08221,21.6
4507011,4.85,96.5,1.5,2.5,6.5,24.1,8.0,08221,21.6
4507029,9.75,65.0,,,8.5,22.2,3.0,08221,21.6
4507048,17.0,51.0,0.0,0.0,4.5,11.1,2.0,08221,21.6
4507060,13.5,85.0,0.6,0.6,7.5,16.7,17.0,08221,21.6
4507084,24.95,38.0,0.0,0.0,2.0,11.1,1.0,08221,21.6
4507105,17.7,33.0,0.0,0.0,17.0,27.8,2.0,08221,21.6
4507130,26.0,27.0,0.0,0.0,4.0,14.8,2.0,08221,21.6
4837123,29.0,42.5,0.0,0.0,11.0,,1.0,08391,8.8
4837135,32.4,36.0,0.0,0.0,25.0,,4.0,08391,8.8
4837151,,,,,,,,08391,8.8
4837172,,,,,,,,08391,8.8
4837205,,,,,,,,08391,8.8
4837213,,,,,,,,08391,8.8
4837231,,,,,,,,08391,8.8
4837254,,,,,,,,08391,8.8
4837271,,,,,,,,08391,8.8
4837300,,,,,,,,08391,8.8
4837321,,,,,,,,08391,8.8
4837354,,,,,,,,08391,8.8
4837361,,,,,,,,08391,8.8
4837383,,,,,,,,08391,8.8
4837402,,,,,,,,08391,8.8
4837421,,,,,,,,08391,8.8
4837441,,,,,,,,08391,8.8
4837461,,,,,,,,08391,8.8
4837481,,,,,,,,08391,8.8
4837122,20.0,91.0,0.0,0.0,4.0,,3.0,08011,24.9
4837134,23.5,61.0,0.0,0.0,5.0,,3.0,08011,24.9
4837166,,,,,,,,08011,24.9
4837188,,,,,,,,08011,24.9
4837198,,,,,,,,08011,24.9
4837218,,,,,,,,08011,24.9
4837235,,,,,,,,08011,24.9
4837258,,,,,,,,08011,24.9
4837278,,,,,,,,08011,24.9
4837295,,,,,,,,08011,24.9
4837328,,,,,,,,08011,24.9
4837345,,,,,,,,08011,24.9
4837366,,,,,,,,08011,24.9
4837384,,,,,,,,08011,24.9
4837405,,,,,,,,08011,24.9
4837434,,,,,,,,08011,24.9
4837428,,,,,,,,08011,24.9
4837458,,,,,,,,08011,24.9
4837477,,,,,,,,08011,24.9
4837140,23.0,83.0,0.0,0.7,5.0,,3.0,LELL0,16.8
4837150,18.5,91.0,0.9,9.9,4.0,,17.0,LELL0,16.8
4837171,21.5,75.5,0.0,0.0,11.0,,3.0,LELL0,16.8
4837192,20.5,80.5,0.2,0.2,13.0,,17.0,LELL0,16.8
4837212,16.5,79.5,0.0,0.8,6.0,,3.0,LELL0,16.8
4837236,8.5,37.0,0.0,0.0,8.0,,3.0,LELL0,16.8
4837246,14.5,51.0,0.0,0.0,9.0,,3.0,LELL0,16.8
4837294,10.0,62.0,0.0,0.0,9.0,,3.0,LELL0,16.8
4837262,10.0,82.0,0.0,0.0,6.5,,3.0,LELL0,16.8
4837312,,,,,,,,LELL0,16.8
4837333,,,,,,,,LELL0,16.8
4837353,,,,,,,,LELL0,16.8
4837360,,,,,,,,LELL0,16.8
4837382,,,,,,,,LELL0,16.8
4837391,,,,,,,,LELL0,16.8
4837411,,,,,,,,LELL0,16.8
4837431,,,,,,,,LELL0,16.8
4837452,,,,,,,,LELL0,16.8
4837472,,,,,,,,LELL0,16.8
3656994,31.5,36.0,,,7.6,,1.0,16090,10.2
3657004,19.1,75.0,,,4.5,,2.0,16090,10.2
3657023,18.0,84.5,,,21.4,,3.0,16090,10.2
3657048,22.1,55.5,,,7.4,,2.0,16090,10.2
3657077,16.5,43.5,,,8.0,,2.0,16090,10.2
3657099,13.5,72.0,,,7.6,,4.0,16090,10.2
3657119,10.25,97.5,,,6.5,,7.0,16090,10.2
3657139,5.0,52.0,,,6.5,,1.0,16090,10.2
3657164,10.2,41.5,,,20.35,,1.0,16090,10.2
3657184,1.35,91.5,,,5.7,,1.0,16090,10.2
3657215,-0.5,93.0,,,5.4,,5.0,16090,10.2
3657236,0.0,96.5,,,5.4,,5.0,16090,10.2
3657256,8.9,37.0,,,5.4,,2.0,16090,10.2
3657316,11.1,19.5,,,7.4,,1.0,16090,10.2
3657335,10.3,35.5,,,13.0,,1.0,16090,10.2
3657265,12.0,42.5,,,9.399999999999999,,2.0,16090,10.2
3657286,13.9,89.5,,,17.5,,8.0,16090,10.2
3657355,18.8,54.0,,,5.6,,3.0,16090,10.2
3657366,28.0,41.0,,,3.6,,3.0,16090,10.2
3919069,31.0,43.0,0.0,0.0,5.4,,2.0,16090,10.2
3919101,27.5,58.5,0.0,0.0,5.4,,2.0,16090,10.2
3919121,27.5,53.0,0.0,0.0,5.4,,2.0,16090,10.2
3919161,18.25,82.0,0.0,0.0,5.4,,2.0,16090,10.2
3919181,15.85,80.5,0.0,0.0,3.6,,2.0,16090,10.2
3919141,15.45,73.0,0.0,0.0,3.6,,1.0,16090,10.2
3919191,11.5,94.5,0.0,0.0,4.5,,5.0,16090,10.2
3919202,13.55,59.5,0.0,0.0,10.3,,2.0,16090,10.2
3919211,7.6,87.5,0.0,0.0,22.15,,3.0,16090,10.2
3919231,8.25,46.5,0.0,0.0,16.6,,2.0,16090,10.2
3919475,3.7,64.5,0.0,0.0,11.2,,3.0,16090,10.2
3919251,8.05,60.5,0.0,0.0,6.5,,1.0,16090,10.2
3919272,7.25,44.5,0.0,0.0,12.1,,3.0,16090,10.2
3919292,16.0,40.0,0.0,0.0,5.4,,2.0,16090,10.2
3919321,14.0,51.5,0.5,0.0,9.200000000000001,,4.0,16090,10.2
3919341,15.2,65.5,0.0,0.0,6.5,,3.0,16090,10.2
3919421,16.5,67.5,0.0,0.0,3.6,,2.0,16090,10.2
3919361,14.0,88.0,0.1,2.2,10.3,,7.0,16090,10.2
3919381,24.5,50.5,0.0,0.0,8.5,,2.0,16090,10.2
4230543,29.1,51.5,0.0,0.0,6.5,,2.0,16090,10.2
4230568,22.85,83.5,0.0,2.3,6.5,,3.0,16090,10.2
4230588,27.0,36.0,0.0,0.0,11.2,,2.0,16090,10.2
4230613,22.0,65.0,0.0,5.3,8.5,,3.0,16090,10.2
4230638,15.5,65.0,0.0,0.0,18.4,,1.0,16090,10.2
4230659,5.5,76.0,0.0,0.1,3.6,,3.0,16090,10.2
4230678,4.6,93.5,0.0,0.0,13.9,,5.0,16090,10.2
4230699,14.6,38.5,0.0,0.0,11.0,,1.0,16090,10.2
4230708,6.6,88.5,0.0,0.0,1.8,,3.0,16090,10.2
4230732,0.9,99.0,0.0,0.0,10.100000000000001,,5.0,16090,10.2
4230752,8.15,78.0,0.0,0.0,6.5,,2.0,16090,10.2
4230777,11.0,84.5,0.0,0.0,2.7,,5.0,16090,10.2
4230796,13.5,67.5,0.0,0.0,20.5,,3.0,16090,10.2
4230826,17.8,59.0,0.0,0.0,7.6,,3.0,16090,10.2
4230818,22.5,59.0,0.0,0.0,10.3,,2.0,16090,10.2
4230857,10.85,60.0,0.1,0.4,2.7,,2.0,16090,10.2
4230878,22.0,47.0,0.0,0.0,13.0,,2.0,16090,10.2
4230888,26.5,32.0,0.0,0.0,8.5,,2.0,16090,10.2
4230908,23.7,44.5,0.0,0.0,2.7,,2.0,16090,10.2
4535248,27.0,62.0,0.2,8.2,10.3,,18.0,16090,10.2
4535262,28.2,53.5,0.0,0.2,6.5,,18.0,16090,10.2
4535293,18.8,66.5,0.0,0.0,3.6,,2.0,16090,10.2
4535353,13.15,93.0,0.0,0.0,2.7,,4.0,16090,10.2
4535364,18.35,84.5,0.0,0.0,2.7,,2.0,16090,10.2
4535372,12.05,80.5,0.0,0.0,4.5,,1.0,16090,10.2
4535393,9.75,34.0,0.0,0.0,11.15,,1.0,16090,10.2
4535535,7.55,76.0,2.3,10.5,9.399999999999999,,9.0,16090,10.2
4535555,6.0,81.0,0.0,0.0,8.3,,3.0,16090,10.2
4535575,2.5,84.0,0.0,0.0,7.6,,3.0,16090,10.2
4535325,6.95,80.5,0.0,1.5,4.5,,7.0,16090,10.2
4535433,8.3,60.5,0.0,0.1,4.7,,8.0,16090,10.2
4535453,10.7,75.5,0.0,0.0,4.5,,5.0,16090,10.2
4535473,13.45,51.5,0.0,0.0,7.6,,3.0,16090,10.2
4535495,15.0,58.5,0.0,0.0,2.9,,2.0,16090,10.2
4535515,14.5,85.0,0.0,4.4,7.0,,7.0,16090,10.2
4535585,17.0,66.0,0.0,0.0,4.0,,1.0,16090,10.2
4535625,23.5,44.0,0.0,0.0,6.0,,2.0,16090,10.2
4535595,19.5,56.5,0.0,0.0,14.0,,2.0,16090,10.2
4803066,24.0,65.0,0.0,0.0,5.5,,1.0,16090,10.2
4803070,25.5,59.5,0.0,0.0,6.0,,1.0,16090,10.2
4803097,11.0,76.0,0.0,0.0,6.0,,2.0,16090,10.2
4803109,15.5,59.0,0.0,0.0,12.0,,2.0,16090,10.2
4803137,16.5,94.0,2.1,2.8000000000000003,6.5,,8.0,16090,10.2
4803148,9.2,71.0,,,11.1,,2.0,16090,10.2
4803177,,,,,,,,16090,10.2
4803217,,,,,,,,16090,10.2
4803237,,,,,,,,16090,10.2
4803197,,,,,,,,16090,10.2
4803257,,,,,,,,16090,10.2
4803268,,,,,,,,16090,10.2
4803303,,,,,,,,16090,10.2
4803327,,,,,,,,16090,10.2
4803347,,,,,,,,16090,10.2
4803366,,,,,,,,16090,10.2
4803377,,,,,,,,16090,10.2
4803388,,,,,,,,16090,10.2
4803417,,,,,,,,16090,10.2
3656995,31.0,39.0,,0.0,7.6,14.8,1.0,16080,13.8
3657007,22.3,51.0,,0.0,6.5,16.7,2.0,16080,13.8
3657015,28.5,32.0,,0.0,9.4,14.8,1.0,16080,13.8
3657024,25.0,65.0,,0.0,7.6,16.7,3.0,16080,13.8
3657038,20.45,62.5,,0.0,6.5,13.0,2.0,16080,13.8
3657056,23.0,67.0,,0.0,3.6,9.3,3.0,16080,13.8
3657069,10.5,87.0,,0.0,1.8,7.4,1.0,16080,13.8
3657078,11.9,75.0,,0.0,4.5,5.5,2.0,16080,13.8
3657088,10.75,71.5,,0.0,2.7,7.4,1.0,16080,13.8
3657100,12.25,91.5,,0.0,4.5,7.4,5.0,16080,13.8
3657109,6.5,87.0,,0.0,4.7,3.7,1.0,16080,13.8
3657120,7.6,99.5,,0.0,11.2,13.0,5.0,16080,13.8
3657128,7.75,65.5,0.0,0.0,13.899999999999999,20.4,3.0,16080,13.8
3657140,6.9,67.5,,0.0,5.6,14.8,3.0,16080,13.8
3657156,3.95,81.5,0.0,0.0,3.6,11.1,3.0,16080,13.8
3657165,2.5,81.0,,0.0,4.5,7.4,1.0,16080,13.8
3657177,-1.0,100.0,,0.0,6.5,7.4,5.0,16080,13.8
3657185,1.85,100.0,,0.0,8.5,7.4,5.0,16080,13.8
3657207,3.8,89.0,,0.0,3.6,11.1,1.0,16080,13.8
3657216,0.5,93.0,,0.0,2.7,9.3,5.0,16080,13.8
3657227,10.6,41.5,,0.0,17.65,14.8,1.0,16080,13.8
3657237,4.75,75.5,,0.0,2.7,14.8,2.0,16080,13.8
3657239,0.5,96.5,,0.0,3.6,5.5,5.0,16080,13.8
3657246,4.2,100.0,,0.0,5.6000000000000005,11.1,5.0,16080,13.8
3657258,8.1,49.0,,0.0,8.3,13.0,1.0,16080,13.8
3657306,12.15,69.0,,0.0,2.7,13.0,2.0,16080,13.8
3657318,12.4,15.5,,0.0,31.5,42.6,1.0,16080,13.8
3657327,7.5,57.0,,0.0,10.3,29.6,1.0,16080,13.8
3657337,8.0,43.0,,0.0,7.4,16.7,2.0,16080,13.8
3657196,12.3,35.0,,0.0,17.65,24.1,1.0,16080,13.8
3657268,9.6,58.0,,0.0,5.4,13.0,2.0,16080,13.8
3657277,15.65,15.5,,0.0,29.7,53.7,1.0,16080,13.8
3657298,20.5,41.5,,0.0,13.0,24.1,1.0,16080,13.8
3657287,15.8,80.0,,0.0,17.65,29.6,7.0,16080,13.8
3657347,20.75,40.5,0.0,0.0,11.2,25.9,2.0,16080,13.8
3657356,14.1,90.5,0.0,0.0,5.4,11.1,7.0,16080,13.8
3657368,28.3,44.5,0.0,0.0,7.4,14.8,2.0,16080,13.8
3657376,28.65,47.5,0.0,0.0,2.7,16.7,2.0,16080,13.8
3919071,28.950000000000003,31.0,0.0,0.0,9.4,18.5,1.0,16080,13.8
3919092,28.1,42.5,0.0,0.0,5.4,18.5,1.0,16080,13.8
3919105,25.2,57.5,0.0,0.0,10.3,16.7,2.0,16080,13.8
3919112,26.15,65.0,0.0,0.0,8.5,16.7,25.0,16080,13.8
3919123,25.6,55.5,0.0,0.0,11.2,14.8,3.0,16080,13.8
3919446,26.8,39.5,0.0,0.0,4.5,14.8,2.0,16080,13.8
3919457,18.4,34.5,0.0,0.0,4.5,24.1,1.0,16080,13.8
3919162,19.6,59.5,0.0,0.0,8.3,24.1,2.0,16080,13.8
3919172,21.7,59.0,0.0,0.0,2.7,13.0,1.0,16080,13.8
3919182,21.15,65.0,0.0,0.0,2.7,13.0,2.0,16080,13.8
3919134,18.9,84.5,0.0,0.0,0.9,7.4,2.0,16080,13.8
3919142,14.85,91.0,0.0,0.0,0.9,3.7,1.0,16080,13.8
3919153,9.8,84.5,0.0,0.0,4.5,11.1,1.0,16080,13.8
3919192,11.8,100.0,0.0,1.1,1.8,11.1,8.0,16080,13.8
3919204,10.5,85.0,0.0,0.0,1.8,11.1,2.0,16080,13.8
3919401,7.5,100.0,0.0,0.0,3.6,9.3,5.0,16080,13.8
3919214,8.0,100.0,0.0,2.1,7.6,14.8,8.0,16080,13.8
3919222,5.0,90.0,0.0,0.0,1.8,5.5,2.0,16080,13.8
3919232,4.5,72.5,0.0,0.0,8.5,14.8,3.0,16080,13.8
3919246,6.5,56.0,0.0,0.0,4.7,14.8,1.0,16080,13.8
3919476,6.0,67.5,0.0,0.0,11.2,29.6,2.0,16080,13.8
3919255,1.0,60.0,0.0,0.0,2.7,5.5,1.0,16080,13.8
3919261,11.0,71.0,0.0,0.0,11.2,16.7,1.0,16080,13.8
3919276,3.5,84.0,0.0,0.0,11.2,27.8,4.0,16080,13.8
3919281,13.3,54.0,0.0,0.0,5.4,14.8,1.0,16080,13.8
3919295,13.5,63.0,0.0,0.0,7.4,18.5,3.0,16080,13.8
3919301,13.0,65.0,0.0,0.0,8.5,13.0,3.0,16080,13.8
3919312,21.0,19.0,0.0,0.0,9.399999999999999,24.1,2.0,16080,13.8
3919324,9.5,73.5,0.0,0.0,3.6,20.4,3.0,16080,13.8
3919332,14.55,46.5,0.0,0.0,13.0,20.4,3.0,16080,13.8
3919344,21.5,40.5,0.0,0.0,9.399999999999999,18.5,3.0,16080,13.8
3919412,19.0,62.0,0.0,0.0,18.55,37.0,3.0,16080,13.8
3919424,18.0,60.0,0.0,0.0,7.4,20.4,2.0,16080,13.8
3919353,26.0,43.5,0.0,0.0,6.5,18.5,2.0,16080,13.8
3919362,16.2,70.0,1.5,0.0,15.700000000000001,22.2,3.0,16080,13.8
3919373,15.9,94.0,0.9,0.0,13.0,18.5,7.0,16080,13.8
3919382,24.55,52.5,0.0,0.0,13.9,20.4,2.0,16080,13.8
3919393,19.5,73.0,0.0,0.0,17.65,18.5,25.0,16080,13.8
4230533,31.65,49.5,0.0,0.0,6.5,14.8,1.0,16080,13.8
4230544,23.05,92.0,1.4,0.0,4.5,18.5,25.0,16080,13.8
4230555,29.5,45.5,0.0,0.0,6.5,14.8,1.0,16080,13.8
4230564,25.5,57.5,0.0,0.0,5.6,11.1,2.0,16080,13.8
4230578,18.5,64.0,0.0,0.9,13.0,22.2,2.0,16080,13.8
4230584,20.45,66.0,0.0,0.0,3.6,13.0,1.0,16080,13.8
4230599,27.0,44.0,0.0,0.0,3.6,11.1,1.0,16080,13.8
4230609,25.5,52.5,0.0,0.0,9.4,16.7,1.0,16080,13.8
4230617,15.6,83.0,0.0,0.0,2.7,7.4,2.0,16080,13.8
4230623,15.6,86.0,0.1,0.0,10.3,16.7,4.0,16080,13.8
4230639,10.0,94.0,0.0,2.0,13.9,24.1,8.0,16080,13.8
4230652,7.5,90.0,0.0,0.0,7.4,11.1,2.0,16080,13.8
4230661,8.0,25.0,0.0,0.0,9.399999999999999,42.6,1.0,16080,13.8
4230669,8.5,28.0,0.0,0.0,21.4,51.8,1.0,16080,13.8
4230679,4.0,93.0,0.0,0.0,6.5,13.0,3.0,16080,13.8
4230688,3.55,87.0,0.0,0.0,7.6,13.0,5.0,16080,13.8
4230696,12.6,48.5,0.0,0.0,4.5,25.9,1.0,16080,13.8
4230710,8.65,83.0,0.0,0.0,1.8,9.3,3.0,16080,13.8
4230720,5.45,97.5,0.0,0.0,6.5,13.0,7.0,16080,13.8
4230729,1.5,93.0,0.0,0.0,5.4,7.4,5.0,16080,13.8
4230750,6.5,93.0,0.0,0.0,8.5,14.8,5.0,16080,13.8
4230758,7.0,93.0,0.0,0.0,3.6,9.3,1.0,16080,13.8
4230768,9.0,97.0,0.0,0.0,2.7,9.3,5.0,16080,13.8
4230778,8.45,85.5,0.0,0.0,0.9,5.5,5.0,16080,13.8
4230789,10.0,71.0,0.0,0.0,4.5,18.5,7.0,16080,13.8
4230736,12.0,88.0,0.0,0.0,3.6,11.1,3.0,16080,13.8
4230801,9.5,90.5,0.0,0.0,4.5,14.8,2.0,16080,13.8
4230817,7.8,89.5,0.0,5.0,8.5,18.5,9.0,16080,13.8
4230827,14.0,80.0,0.0,0.0,2.7,13.0,2.0,16080,13.8
4230840,11.3,80.5,0.0,0.0,13.0,20.4,2.0,16080,13.8
4230824,21.5,51.5,0.0,0.0,6.5,18.5,1.0,16080,13.8
4230848,24.65,37.5,0.0,0.0,10.3,16.7,1.0,16080,13.8
4230862,5.8,94.5,0.3,2.0,6.5,14.8,8.0,16080,13.8
4230868,15.5,77.0,0.0,0.0,14.8,25.9,4.0,16080,13.8
4230879,21.5,56.5,0.0,0.0,10.3,20.4,2.0,16080,13.8
4230892,23.1,46.5,0.0,0.0,6.5,16.7,1.0,16080,13.8
4230896,23.5,53.5,0.0,0.0,9.4,16.7,2.0,16080,13.8
4230911,20.35,58.0,0.0,0.3,1.8,14.8,2.0,16080,13.8
4535252,27.9,56.0,0.0,0.0,5.4,18.5,1.0,16080,13.8
4535263,27.95,64.5,0.0,0.0,2.7,14.8,1.0,16080,13.8
4535273,27.3,65.0,,,3.6,14.8,1.0,16080,13.8
4535286,19.75,35.5,0.0,0.0,9.399999999999999,33.3,2.0,16080,13.8
4535294,18.65,77.0,0.0,0.0,0.9,11.1,2.0,16080,13.8
4535304,20.95,61.0,0.0,0.0,5.4,18.5,2.0,16080,13.8
4535354,12.6,80.0,0.0,0.0,3.6,14.8,2.0,16080,13.8
4535367,16.0,94.0,0.0,1.8,5.6,13.0,18.0,16080,13.8
4535413,15.55,99.0,0.0,0.1,2.7,7.4,2.0,16080,13.8
4535427,13.5,100.0,0.0,0.0,1.8,3.7,1.0,16080,13.8
4535373,10.5,94.0,0.0,0.0,2.7,3.7,1.0,16080,13.8
4535384,7.0,100.0,0.0,0.0,3.6,3.7,5.0,16080,13.8
4535395,7.2,46.5,0.0,0.0,2.7,7.4,2.0,16080,13.8
4535405,4.95,100.0,0.0,0.0,2.7,7.4,5.0,16080,13.8
4535536,4.45,87.0,0.0,0.0,9.399999999999999,20.4,1.0,16080,13.8
4535549,0.5,96.5,0.0,0.0,5.6,7.4,5.0,16080,13.8
4535556,10.0,31.0,0.0,0.0,18.4,44.5,1.0,16080,13.8
4535568,2.0,90.0,0.0,0.0,1.8,5.5,1.0,16080,13.8
4535314,1.0,87.0,0.0,0.0,1.8,9.3,1.0,16080,13.8
4535576,-0.5,86.0,0.0,0.0,2.7,13.0,1.0,16080,13.8
4535326,7.0,81.0,0.0,0.0,10.3,11.1,3.0,16080,13.8
4535335,7.3,96.0,0.0,2.6,4.7,11.1,8.0,16080,13.8
4535345,9.7,82.0,0.0,0.0,5.6,9.3,1.0,16080,13.8
4535434,8.0,93.0,0.0,0.0,2.7,7.4,4.0,16080,13.8
4535445,6.0,70.0,0.0,0.0,8.5,11.1,1.0,16080,13.8
4535454,8.0,90.0,0.0,0.0,3.6,9.3,5.0,16080,13.8
4535465,7.25,74.5,0.0,0.0,1.9,11.1,1.0,16080,13.8
4535474,10.5,54.0,0.0,0.0,3.6,11.1,1.0,16080,13.8
4535486,11.85,89.0,,,13.9,22.2,8.0,16080,13.8
4535496,21.0,35.0,0.0,0.0,7.4,20.4,1.0,16080,13.8
4535507,18.65,52.0,0.0,0.0,5.0,20.4,1.0,16080,13.8
4535516,20.2,50.0,0.0,0.0,4.5,16.7,2.0,16080,13.8
4535527,15.8,71.5,,,8.350000000000001,24.1,7.0,16080,13.8
4535586,20.35,58.0,0.0,0.1,4.5,24.1,3.0,16080,13.8
4535616,21.1,40.5,0.0,0.0,7.0,25.9,2.0,16080,13.8
4535627,18.05,58.0,0.0,0.0,3.5,20.4,2.0,16080,13.8
4535596,20.5,49.0,0.0,0.0,11.0,27.8,1.0,16080,13.8
4535607,19.9,46.5,0.0,0.0,8.0,16.7,1.0,16080,13.8
4803043,25.6,60.0,0.0,0.0,7.0,13.0,2.0,16080,13.8
4803041,23.15,64.5,0.0,0.0,3.0,9.3,2.0,16080,13.8
4803050,23.95,58.0,0.0,0.0,5.0,9.3,1.0,16080,13.8
4803062,20.15,78.5,0.0,0.0,3.0,13.0,1.0,16080,13.8
4803074,25.0,57.0,0.0,0.0,13.0,13.0,2.0,16080,13.8
4803083,13.850000000000001,84.0,0.0,0.0,1.0,11.1,1.0,16080,13.8
4803091,13.850000000000001,96.5,0.0,0.0,4.0,13.0,5.0,16080,13.8
4803104,11.95,80.0,0.0,0.0,1.0,7.4,2.0,16080,13.8
4803113,12.05,51.5,0.0,0.0,3.0,13.0,1.0,16080,13.8
4803123,11.95,94.0,0.0,0.9,8.0,13.0,9.0,16080,13.8
4803131,13.0,94.0,0.0,1.1,7.0,16.7,8.0,16080,13.8
4803142,6.4,93.0,0.0,0.0,1.0,5.5,1.0,16080,13.8
4803152,5.65,86.5,,,3.7,11.1,2.0,16080,13.8
4803164,,,,,,,,16080,13.8
4803170,,,,,,,,16080,13.8
4803183,,,,,,,,16080,13.8
4803201,,,,,,,,16080,13.8
4803213,,,,,,,,16080,13.8
4803222,,,,,,,,16080,13.8
4803232,,,,,,,,16080,13.8
4803192,,,,,,,,16080,13.8
4803240,,,,,,,,16080,13.8
4803252,,,,,,,,16080,13.8
4803281,,,,,,,,16080,13.8
4803277,,,,,,,,16080,13.8
4803295,,,,,,,,16080,13.8
4803299,,,,,,,,16080,13.8
4803316,,,,,,,,16080,13.8
4803320,,,,,,,,16080,13.8
4803335,,,,,,,,16080,13.8
4803339,,,,,,,,16080,13.8
4803354,,,,,,,,16080,13.8
4803358,,,,,,,,16080,13.8
4803373,,,,,,,,16080,13.8
4803382,,,,,,,,16080,13.8
4803394,,,,,,,,16080,13.8
4803402,,,,,,,,16080,13.8
4803413,,,,,,,,16080,13.8
3656993,29.05,45.0,,,10.3,22.2,2.0,16170,21.5
3657014,31.5,25.0,,,7.4,18.5,2.0,16170,21.5
3657021,20.0,94.0,,,5.6000000000000005,18.5,25.0,16170,21.5
3657054,28.5,58.0,,,13.0,18.5,8.0,16170,21.5
3657065,22.0,33.0,,,13.0,16.7,1.0,16170,21.5
3657085,15.95,51.0,,,5.6,11.1,1.0,16170,21.5
3657106,14.0,53.0,,,14.05,9.3,3.0,16170,21.5
3657126,11.0,82.5,,,13.0,29.6,7.0,16170,21.5
3657154,7.1,50.5,,,13.0,18.5,1.0,16170,21.5
3657182,6.0,81.5,,,3.6,5.5,2.0,16170,21.5
3657213,7.0,68.5,,,12.1,16.7,7.0,16170,21.5
3657234,4.5,82.0,,,1.8,7.4,2.0,16170,21.5
3657254,13.75,41.5,,,1.8,16.7,3.0,16170,21.5
3657314,9.6,36.5,,,17.5,33.3,2.0,16170,21.5
3657194,15.55,34.5,,,20.5,27.8,2.0,16170,21.5
3657275,17.05,44.5,,,20.35,37.0,3.0,16170,21.5
3657284,12.9,87.5,,,5.6,27.8,7.0,16170,21.5
3657345,17.549999999999997,55.5,,,10.3,18.5,3.0,16170,21.5
3657365,26.5,46.0,,,6.5,22.2,2.0,16170,21.5
3919091,29.35,52.0,0.0,0.2,10.3,16.7,2.0,16170,21.5
3919111,28.25,52.5,0.0,5.4,10.3,16.7,4.0,16170,21.5
3919445,25.549999999999997,47.5,0.0,0.0,5.6,14.8,1.0,16170,21.5
3919160,17.25,67.0,0.0,0.0,7.3999999999999995,14.8,2.0,16170,21.5
3919180,22.15,66.5,0.0,0.0,0.9,14.8,2.0,16170,21.5
3919140,22.05,52.0,0.0,0.0,1.8,13.0,2.0,16170,21.5
3919151,17.85,41.5,0.0,0.0,12.1,29.6,2.0,16170,21.5
3919201,14.45,64.5,0.0,0.0,9.399999999999999,9.3,1.0,16170,21.5
3919221,10.5,73.5,3.2,9.3,12.1,24.1,7.0,16170,21.5
3919242,6.95,53.5,0.0,0.0,30.6,24.1,2.0,16170,21.5
3919250,12.6,18.5,0.0,0.0,3.6,13.0,2.0,16170,21.5
3919271,12.1,98.0,1.1,1.1,5.6,11.1,7.0,16170,21.5
3919291,17.75,72.0,0.0,0.0,10.3,22.2,3.0,16170,21.5
3919311,13.0,36.5,0.0,0.0,11.2,25.9,1.0,16170,21.5
3919340,21.0,39.0,0.0,0.0,4.5,14.8,2.0,16170,21.5
3919420,21.4,47.5,0.0,0.0,6.5,13.0,2.0,16170,21.5
3919351,22.5,55.0,0.7,4.1,17.65,18.5,3.0,16170,21.5
3919371,20.15,67.0,0.0,0.0,4.7,13.0,2.0,16170,21.5
3919391,19.5,80.5,0.0,5.300000000000001,8.5,14.8,3.0,16170,21.5
4230531,36.5,28.0,0.0,0.0,17.65,20.4,2.0,16170,21.5
4230553,26.95,48.0,0.0,0.0,6.5,14.8,2.0,16170,21.5
4230573,24.0,42.5,0.0,0.0,21.4,29.6,2.0,16170,21.5
4230582,26.5,42.0,0.0,0.0,19.450000000000003,25.9,1.0,16170,21.5
4230602,27.5,41.0,0.0,0.0,13.9,14.8,1.0,16170,21.5
4230626,22.85,63.0,0.0,0.3,21.25,29.6,8.0,16170,21.5
4230657,11.55,35.0,0.0,0.0,4.5,9.3,1.0,16170,21.5
4230676,10.95,99.5,0.6000000000000001,2.0,4.7,11.1,4.0,16170,21.5
4230694,9.75,88.0,0.0,0.0,6.5,13.0,2.0,16170,21.5
4230715,8.8,77.5,0.8,1.2999999999999998,11.2,24.1,7.0,16170,21.5
4230735,12.0,21.5,0.0,0.0,6.5,13.0,1.0,16170,21.5
4230756,14.8,64.0,0.0,0.0,2.7,7.4,2.0,16170,21.5
4230775,19.75,37.0,0.0,0.0,6.5,14.8,1.0,16170,21.5
4230799,14.3,69.0,0.5,0.2,13.9,31.5,7.0,16170,21.5
4230829,12.0,94.0,0.1,0.0,8.3,11.1,3.0,16170,21.5
4230807,19.85,49.0,0.0,0.0,8.3,13.0,2.0,16170,21.5
4230855,14.0,53.0,0.4,2.9,25.05,25.9,3.0,16170,21.5
4230875,22.0,42.0,0.0,0.0,20.5,20.4,2.0,16170,21.5
4230906,22.4,55.0,0.0,0.0,13.0,20.4,2.0,16170,21.5
4535246,27.0,54.5,0.0,0.0,6.5,14.8,2.0,16170,21.5
4535283,22.5,33.0,0.0,0.0,11.2,18.5,4.0,16170,21.5
4535302,22.5,41.0,0.0,0.0,6.5,14.8,2.0,16170,21.5
4535362,24.0,61.0,0.0,0.0,13.899999999999999,20.4,3.0,16170,21.5
4535423,16.45,82.5,0.0,0.0,4.5,7.4,1.0,16170,21.5
4535371,13.0,82.5,0.0,0.0,2.8,7.4,1.0,16170,21.5
4535391,10.7,78.0,0.0,0.0,6.5,,3.0,16170,21.5
4535545,8.0,87.0,0.30000000000000004,4.2,4.5,,8.0,16170,21.5
4535565,13.95,45.5,0.0,0.0,1.8,,1.0,16170,21.5
4535311,10.45,50.5,0.0,0.0,6.5,,3.0,16170,21.5
4535331,11.0,82.0,0.0,0.0,6.5,,3.0,16170,21.5
4535432,9.65,79.0,1.6,2.5,5.4,,9.0,16170,21.5
4535452,14.05,77.0,0.0,0.0,3.6,,7.0,16170,21.5
4535472,17.1,59.0,0.5,0.4,10.3,,7.0,16170,21.5
4535504,20.5,46.0,0.0,0.0,9.5,,2.0,16170,21.5
4535524,18.75,57.5,,,9.3,,3.0,16170,21.5
4535614,21.5,56.5,0.0,0.0,9.0,,3.0,16170,21.5
4535624,19.5,64.0,0.0,0.2,5.5,,2.0,16170,21.5
4535605,19.5,60.5,0.0,0.0,10.0,,2.0,16170,21.5
3656999,26.7,55.0,,,6.5,20.4,1.0,16059,19.6
3657020,28.0,37.0,,,8.2,20.4,1.0,16059,19.6
3657043,21.5,54.5,,,6.5,14.8,2.0,16059,19.6
3657053,19.5,66.0,,,7.6,14.8,3.0,16059,19.6
3657083,17.0,52.0,,,2.7,16.7,1.0,16059,19.6
3657104,10.0,89.5,,,3.6,7.4,4.0,16059,19.6
3657124,8.0,100.0,,,1.8,9.3,7.0,16059,19.6
3657144,4.9,80.0,,,5.6,18.5,1.0,16059,19.6
3657169,6.8,45.0,,,3.6,18.5,1.0,16059,19.6
3657181,5.75,62.5,,,1.8,11.1,1.0,16059,19.6
3657219,6.5,51.0,,,9.4,22.2,1.0,16059,19.6
3657242,8.0,53.0,,,4.5,14.8,1.0,16059,19.6
3657262,3.5,75.0,,,7.4,14.8,2.0,16059,19.6
3657322,9.35,31.0,,,8.3,24.1,1.0,16059,19.6
3657341,7.0,61.0,,,4.5,13.0,4.0,16059,19.6
3657281,12.899999999999999,26.0,,,3.6,18.5,1.0,16059,19.6
3657291,12.649999999999999,95.0,,,13.9,25.9,8.0,16059,19.6
3657361,20.15,57.0,,,8.5,18.5,3.0,16059,19.6
3657381,25.049999999999997,50.0,,,7.6,22.2,2.0,16059,19.6
3919097,30.549999999999997,37.5,0.0,0.0,8.3,25.9,1.0,16059,19.6
3919127,24.35,65.0,0.0,1.0,7.4,18.5,2.0,16059,19.6
3919463,16.75,36.5,0.0,0.0,8.3,29.6,1.0,16059,19.6
3919177,16.0,98.5,1.4,10.600000000000001,8.3,14.8,8.0,16059,19.6
3919188,19.4,68.0,0.0,0.0,2.7,13.0,4.0,16059,19.6
3919148,15.7,74.5,0.0,0.0,5.4,11.1,1.0,16059,19.6
3919198,11.05,92.5,0.5,0.30000000000000004,3.6,9.3,7.0,16059,19.6
3919407,12.5,69.5,0.0,0.0,4.5,13.0,2.0,16059,19.6
3919227,7.9,76.0,0.0,0.0,6.5,14.8,2.0,16059,19.6
3919482,8.45,56.5,0.0,0.0,10.3,24.1,1.0,16059,19.6
3919268,6.5,96.5,0.0,0.0,6.5,11.1,5.0,16059,19.6
3919288,10.0,66.0,0.0,0.0,5.4,16.7,1.0,16059,19.6
3919307,14.7,54.0,0.0,0.0,2.7,20.4,3.0,16059,19.6
3919327,18.5,23.5,0.0,0.0,4.5,18.5,1.0,16059,19.6
3919338,20.5,26.5,0.0,0.0,8.3,24.1,2.0,16059,19.6
3919418,20.95,56.0,0.0,0.0,6.5,16.7,3.0,16059,19.6
3919357,22.0,53.0,5.7,0.0,7.6,20.4,3.0,16059,19.6
3919377,17.0,77.5,0.0,0.5,17.5,25.9,4.0,16059,19.6
3919397,20.5,66.5,13.9,2.6,12.1,22.2,25.0,16059,19.6
4230536,34.5,40.5,0.0,0.0,5.4,20.4,1.0,16059,19.6
4230557,29.5,40.5,0.0,0.0,7.4,16.7,2.0,16059,19.6
4230580,18.3,52.5,0.0,0.0,10.3,16.7,1.0,16059,19.6
4230597,25.5,55.5,0.0,0.0,3.6,13.0,2.0,16059,19.6
4230616,18.0,73.0,2.2,0.8,5.4,14.8,3.0,16059,19.6
4230643,9.0,79.0,0.0,0.0,9.0,14.8,1.0,16059,19.6
4230665,1.0,100.0,0.1,1.1,3.6,9.3,5.0,16059,19.6
4230690,3.0,90.0,0.0,0.0,7.4,11.1,1.0,16059,19.6
4230697,17.6,34.0,0.0,0.0,4.5,35.2,1.0,16059,19.6
4230723,10.3,62.0,0.0,0.0,2.7,22.2,4.0,16059,19.6
4230763,15.85,43.0,0.0,0.0,8.5,18.5,1.0,16059,19.6
4230782,10.9,67.5,0.0,0.0,4.5,9.3,1.0,16059,19.6
4230741,8.0,100.0,0.4,0.8999999999999999,8.5,14.8,7.0,16059,19.6
4230800,9.0,91.0,2.3,3.4000000000000004,14.95,22.2,7.0,16059,19.6
4230843,10.0,93.5,3.3,9.5,7.5,20.4,25.0,16059,19.6
4230851,25.5,54.0,0.0,0.0,4.5,14.8,1.0,16059,19.6
4230861,16.0,23.5,0.0,0.0,8.3,31.5,2.0,16059,19.6
4230877,15.3,59.0,0.1,1.5,18.55,22.2,2.0,16059,19.6
4230903,15.85,73.0,0.0,4.7,12.1,20.4,3.0,16059,19.6
4535268,31.0,46.0,0.0,0.0,5.4,25.9,2.0,16059,19.6
4535289,26.0,28.0,0.0,0.0,10.3,24.1,1.0,16059,19.6
4535308,19.0,46.0,0.0,0.0,4.5,18.5,2.0,16059,19.6
4535418,15.05,94.5,2.8,1.7000000000000002,2.7,9.3,5.0,16059,19.6
4535378,16.85,73.0,0.0,0.0,7.6,13.0,1.0,16059,19.6
4535398,9.6,29.0,0.0,0.0,3.6,11.1,2.0,16059,19.6
4535408,10.0,50.0,0.0,0.0,5.0,13.0,1.0,16059,19.6
4535560,8.85,35.0,0.0,0.0,3.6,18.5,1.0,16059,19.6
4535580,2.95,81.0,0.0,0.0,4.5,7.4,5.0,16059,19.6
4535317,3.3,75.5,0.0,0.0,4.7,13.0,3.0,16059,19.6
4535337,6.0,87.0,0.0,0.0,8.5,11.1,2.0,16059,19.6
4535437,3.0,93.0,1.2,1.8000000000000003,1.8,14.8,9.0,16059,19.6
4535458,7.7,89.0,0.0,0.0,3.6,11.1,5.0,16059,19.6
4535489,9.0,94.0,,,12.1,18.5,8.0,16059,19.6
4535511,23.0,37.0,0.0,0.0,18.5,29.6,1.0,16059,19.6
4535531,18.0,68.5,0.0,0.2,14.0,25.9,18.0,16059,19.6
4535621,22.5,50.0,0.0,0.0,7.0,20.4,1.0,16059,19.6
4535629,17.5,68.5,5.2,0.1,13.0,20.4,25.0,16059,19.6
4535609,21.0,53.0,0.0,0.0,6.0,18.5,3.0,16059,19.6
4803056,24.5,57.5,0.0,0.0,11.0,16.7,1.0,16059,19.6
4803068,24.0,69.5,0.6000000000000001,0.2,11.0,20.4,25.0,16059,19.6
4803107,16.15,62.0,0.0,0.0,5.5,13.0,1.0,16059,19.6
4803117,16.4,67.5,,,3.7,18.5,2.0,16059,19.6
4803135,,,,,,,,16059,19.6
4803156,,,,,,,,16059,19.6
4803175,,,,,,,,16059,19.6
4803186,,,,,,,,16059,19.6
4803205,,,,,,,,16059,19.6
4803227,,,,,,,,16059,19.6
4803244,,,,,,,,16059,19.6
4803266,,,,,,,,16059,19.6
4803286,,,,,,,,16059,19.6
4803305,,,,,,,,16059,19.6
4803325,,,,,,,,16059,19.6
4803357,,,,,,,,16059,19.6
4803376,,,,,,,,16059,19.6
4803397,,,,,,,,16059,19.6
4803416,,,,,,,,16059,19.6
3656991,34.0,31.0,,,10.3,,2.0,16140,4.9
3657012,26.1,36.5,,,12.1,,1.0,16140,4.9
3657035,21.5,58.5,,,13.0,,2.0,16140,4.9
3657045,24.5,59.0,,,16.6,,2.0,16140,4.9
3657075,13.85,89.5,,,7.3999999999999995,,3.0,16140,4.9
3657096,12.0,94.0,,,18.55,,8.0,16140,4.9
3657116,7.75,100.0,,,13.0,,5.0,16140,4.9
3657136,5.05,87.0,,,4.5,,4.0,16140,4.9
3657152,7.6,82.0,,,9.4,,7.0,16140,4.9
3657173,0.9,100.0,,,9.4,,5.0,16140,4.9
3657224,7.5,55.5,,,5.6,,1.0,16140,4.9
3657244,7.3,90.0,,,5.6,,5.0,16140,4.9
3657303,7.85,43.0,,,5.4,,1.0,16140,4.9
3657323,7.95,37.0,,,14.8,,2.0,16140,4.9
3657192,8.0,71.0,,,9.2,,1.0,16140,4.9
3657273,14.100000000000001,50.5,,,11.2,,2.0,16140,4.9
3657283,14.4,77.5,,,11.2,,3.0,16140,4.9
3657203,16.25,61.0,,,13.9,,1.0,16140,4.9
3657363,26.2,54.0,,,5.4,,2.0,16140,4.9
3919090,27.85,46.5,0.0,0.0,14.8,,2.0,16140,4.9
3919110,21.450000000000003,80.0,0.0,0.9000000000000001,11.2,,2.0,16140,4.9
3919443,27.25,42.0,0.0,0.0,5.6,,2.0,16140,4.9
3919454,16.65,63.5,0.0,12.099999999999998,10.3,,7.0,16140,4.9
3919169,19.5,74.0,0.0,0.0,11.2,,2.0,16140,4.9
3919130,21.75,73.5,0.0,0.0,5.4,,3.0,16140,4.9
3919150,15.9,48.5,0.0,0.0,4.5,,2.0,16140,4.9
3919200,10.7,93.5,0.0,0.0,2.7,,4.0,16140,4.9
3919209,7.5,81.5,0.0,2.2,4.5,,3.0,16140,4.9
3919229,4.9,80.5,0.0,2.6999999999999997,12.100000000000001,,4.0,16140,4.9
3919240,3.45,66.0,0.0,0.0,8.5,,3.0,16140,4.9
3919249,12.45,34.0,0.0,0.0,7.4,,1.0,16140,4.9
3919269,4.85,75.5,2.3,8.4,31.5,,8.0,16140,4.9
3919289,12.5,65.0,0.0,0.0,16.75,,1.0,16140,4.9
3919309,13.5,85.5,0.6,0.1,14.8,,5.0,16140,4.9
3919329,18.0,41.0,0.0,0.0,12.1,,2.0,16140,4.9
3919409,18.2,61.5,0.0,0.1,13.0,,3.0,16140,4.9
3919359,15.5,79.5,0.0,5.699999999999999,9.2,,4.0,16140,4.9
3919379,26.0,48.0,0.0,0.0,10.3,,2.0,16140,4.9
4230530,30.55,44.0,0.0,0.0,6.5,,1.0,16140,4.9
4230552,29.5,46.0,0.0,0.0,13.0,,2.0,16140,4.9
4230572,21.0,53.0,0.0,0.30000000000000004,13.9,,1.0,16140,4.9
4230592,24.5,47.0,0.0,0.0,6.5,,1.0,16140,4.9
4230612,23.0,45.5,0.0,0.0,8.5,,2.0,16140,4.9
4230635,10.5,73.5,0.0,0.0,4.5,,2.0,16140,4.9
4230655,5.0,78.0,0.0,0.0,3.6,,4.0,16140,4.9
4230685,4.6,79.5,0.0,0.0,6.5,,1.0,16140,4.9
4230698,21.55,23.0,0.0,0.0,17.65,,2.0,16140,4.9
4230714,9.5,90.5,1.0,1.8,16.75,,7.0,16140,4.9
4230755,7.5,73.5,0.0,0.0,3.6,,1.0,16140,4.9
4230764,11.6,89.0,1.2999999999999998,4.5,12.100000000000001,,7.0,16140,4.9
4230734,8.25,80.0,0.0,0.0,3.6,,1.0,16140,4.9
4230784,9.5,68.5,0.0,1.5,7.6,,3.0,16140,4.9
4230804,11.4,83.5,0.4,0.0,5.4,,3.0,16140,4.9
4230834,16.5,63.5,0.6000000000000001,0.5,15.0,,4.0,16140,4.9
4230845,22.4,55.5,0.0,0.0,2.7,,1.0,16140,4.9
4230865,21.0,60.0,0.0,0.0,15.700000000000001,,3.0,16140,4.9
4230894,18.25,98.0,0.4,5.7,8.5,,8.0,16140,4.9
4535244,26.0,61.0,0.0,2.3,7.4,,3.0,16140,4.9
4535270,32.5,43.5,,,6.5,,2.0,16140,4.9
4535300,19.15,60.0,0.0,2.8000000000000003,16.6,,2.0,16140,4.9
4535351,18.5,64.0,0.0,0.0,9.4,,3.0,16140,4.9
4535370,19.7,58.5,0.0,0.0,7.6,,1.0,16140,4.9
4535400,4.5,96.5,0.0,0.0,8.5,,5.0,16140,4.9
4535542,3.1,99.0,0.0,0.0,6.5,,5.0,16140,4.9
4535562,5.0,78.5,0.0,0.0,5.4,,1.0,16140,4.9
4535310,2.8,72.5,0.0,0.0,5.4,,1.0,16140,4.9
4535321,7.5,57.5,0.0,0.0,11.0,,3.0,16140,4.9
4535341,9.0,87.0,0.0,0.6,4.5,,4.0,16140,4.9
4535440,5.0,90.0,1.9000000000000001,3.5,12.100000000000001,,9.0,16140,4.9
4535411,7.5,87.0,0.0,0.0,13.9,,1.0,16140,4.9
4535461,11.7,58.5,0.0,0.0,6.5,,2.0,16140,4.9
4535483,15.3,40.0,,,13.0,,3.0,16140,4.9
4535503,8.5,57.0,0.0,0.0,18.0,,1.0,16140,4.9
4535522,17.1,65.0,,,9.3,,7.0,16140,4.9
4535612,20.5,58.0,0.0,0.0,12.0,,3.0,16140,4.9
4535603,20.0,37.5,0.0,0.0,17.0,,2.0,16140,4.9
4803047,23.5,57.5,0.0,6.199999999999999,10.0,,2.0,16140,4.9
4803071,30.5,44.5,0.0,0.0,6.5,,1.0,16140,4.9
4803089,14.0,72.0,0.0,1.5,13.0,,18.0,16140,4.9
4803119,15.5,79.5,0.0,0.0,6.0,,3.0,16140,4.9
4803139,12.5,62.5,0.0,0.0,7.0,,3.0,16140,4.9
4803159,,,,,,,,16140,4.9
4803179,,,,,,,,16140,4.9
4803198,,,,,,,,16140,4.9
4803218,,,,,,,,16140,4.9
4803246,,,,,,,,16140,4.9
4803258,,,,,,,,16140,4.9
4803272,,,,,,,,16140,4.9
4803289,,,,,,,,16140,4.9
4803317,,,,,,,,16140,4.9
4803329,,,,,,,,16140,4.9
4803349,,,,,,,,16140,4.9
4803368,,,,,,,,16140,4.9
4803379,,,,,,,,16140,4.9
4803408,,,,,,,,16140,4.9
3657000,30.5,46.0,0.0,0.0,7.6,,,16108,36.6
3657010,23.5,50.0,0.0,0.0,9.2,,,16108,36.6
3657029,15.35,67.5,0.0,0.0,7.4,,,16108,36.6
3657061,23.0,76.0,0.0,0.1,2.7,,,16108,36.6
3657072,20.0,38.5,0.0,0.0,2.7,,,16108,36.6
3657092,15.0,53.0,0.0,0.0,8.5,,,16108,36.6
3657113,13.7,67.5,0.0,0.3,7.3999999999999995,,,16108,36.6
3657133,10.95,75.5,0.8,0.7,3.6,,,16108,36.6
3657170,-1.0,93.0,0.0,0.0,5.4,,,16108,36.6
3657220,3.3,80.0,0.0,0.6,6.5,,,16108,36.6
3657251,7.05,93.0,0.0,0.0,4.5,,5.0,16108,36.6
3657311,7.5,93.0,0.0,0.0,8.5,,5.0,16108,36.6
3657331,8.95,27.5,0.0,0.0,31.7,,,16108,36.6
3657342,7.7,49.5,0.0,0.0,8.3,,,16108,36.6
3657272,12.5,33.0,0.0,0.0,9.399999999999999,,,16108,36.6
3657302,21.35,27.0,0.0,0.0,26.8,,,16108,36.6
3657190,14.0,53.0,0.0,0.0,16.75,,,16108,36.6
3657352,15.4,66.0,0.0,2.4,15.7,,,16108,36.6
3657372,24.55,53.5,0.0,0.0,9.399999999999999,,,16108,36.6
3919098,27.15,57.5,0.0,1.1,12.95,,3.0,16108,36.6
3919118,25.65,60.5,0.1,2.3,8.5,,17.0,16108,36.6
3919128,23.1,72.5,0.0,0.0,3.6,,1.0,16108,36.6
3919464,19.9,55.0,0.0,0.0,7.6,,2.0,16108,36.6
3919178,21.8,50.0,0.0,0.0,21.4,,3.0,16108,36.6
3919138,20.450000000000003,87.0,0.2,1.4,2.7,,7.0,16108,36.6
3919158,11.600000000000001,90.0,0.0,0.0,5.6,,3.0,16108,36.6
3919408,10.0,97.0,0.0,0.0,6.5,,5.0,16108,36.6
3919228,8.95,95.0,0.9,0.4,8.3,,8.0,16108,36.6
3919248,1.0,90.0,0.0,0.0,6.5,,5.0,16108,36.6
3919258,10.7,44.5,0.0,0.0,4.7,,3.0,16108,36.6
3919278,5.8,49.0,0.1,0.0,13.899999999999999,,7.0,16108,36.6
3919308,8.0,64.0,0.0,0.0,5.4,,1.0,16108,36.6
3919328,14.5,40.0,0.0,0.0,6.5,,3.0,16108,36.6
3919348,20.0,46.0,0.0,0.0,12.1,,3.0,16108,36.6
3919428,16.6,74.0,0.0,0.0,11.2,,3.0,16108,36.6
3919358,18.0,73.0,0.1,0.0,12.1,,7.0,16108,36.6
3919378,24.4,43.5,0.0,0.0,11.2,,2.0,16108,36.6
3919398,22.0,76.0,1.9,0.5,6.5,,9.0,16108,36.6
4230538,29.7,50.0,0.0,0.0,6.5,,1.0,16108,36.6
4230556,26.0,70.0,0.0,0.0,8.5,,1.0,16108,36.6
4230575,20.0,56.5,0.0,0.0,8.5,,3.0,16108,36.6
4230596,27.0,40.5,0.0,0.0,7.6,,1.0,16108,36.6
4230619,17.0,88.5,0.0,0.2,5.6,,3.0,16108,36.6
4230648,14.6,64.0,0.0,0.9,4.5,,3.0,16108,36.6
4230670,6.0,54.5,0.0,0.0,18.4,,2.0,16108,36.6
4230693,11.7,49.0,0.0,0.0,5.4,,2.0,16108,36.6
4230711,11.65,78.5,0.0,0.0,5.4,,3.0,16108,36.6
4230722,9.85,76.5,0.0,0.0,6.5,,3.0,16108,36.6
4230742,-1.0,74.0,0.0,0.0,7.4,,1.0,16108,36.6
4230762,12.25,51.5,0.0,0.0,3.6,,3.0,16108,36.6
4230780,15.85,57.0,0.0,2.2,8.3,,3.0,16108,36.6
4230803,13.2,76.5,0.0,1.3,10.100000000000001,,3.0,16108,36.6
4230833,17.05,59.0,0.0,0.0,11.2,,3.0,16108,36.6
4230820,18.2,81.0,0.0,0.0,3.6,,3.0,16108,36.6
4230853,9.15,71.5,0.0,0.0,9.4,,1.0,16108,36.6
4230883,17.0,83.5,0.0,0.0,6.5,,3.0,16108,36.6
4230899,24.0,59.0,0.0,0.0,10.3,,3.0,16108,36.6
4535269,31.0,57.0,0.0,0.0,10.3,,1.0,16108,36.6
4535278,27.35,56.0,,,5.6,,,16108,36.6
4535309,21.0,53.0,0.0,1.0,21.4,,3.0,16108,36.6
4535359,16.0,65.5,0.0,3.4999999999999996,7.6,,3.0,16108,36.6
4535419,18.5,85.5,0.0,0.1,4.5,,3.0,16108,36.6
4535379,16.75,57.5,0.0,0.0,13.0,,5.0,16108,36.6
4535409,14.5,46.5,0.0,0.0,31.0,,1.0,16108,36.6
4535551,4.65,82.5,0.0,0.0,3.6,,3.0,16108,36.6
4535571,14.8,36.5,0.0,0.0,2.7,,1.0,16108,36.6
4535318,8.2,31.0,0.0,0.0,9.4,,2.0,16108,36.6
4535338,11.85,94.5,2.2,3.8,8.5,,9.0,16108,36.6
4535349,12.75,53.0,0.0,0.0,13.0,,3.0,16108,36.6
4535448,6.2,47.5,0.0,0.0,22.3,,3.0,16108,36.6
4535469,9.0,51.5,0.0,0.0,9.4,,1.0,16108,36.6
4535490,12.75,84.5,,,7.4,,,16108,36.6
4535520,12.0,82.5,0.0,0.0,3.0,,1.0,16108,36.6
4535590,20.0,66.0,0.0,0.0,13.0,,3.0,16108,36.6
4535630,22.5,45.5,0.0,0.0,7.5,,1.0,16108,36.6
4535610,16.5,67.5,0.0,0.0,4.0,,3.0,16108,36.6
4803046,23.5,55.5,0.0,0.0,6.5,,3.0,16108,36.6
4803069,19.0,100.0,0.0,0.0,4.0,,5.0,16108,36.6
4803096,9.5,84.5,3.1,34.8,6.5,,9.0,16108,36.6
4803108,17.5,62.0,0.1,0.4,11.0,,17.0,16108,36.6
4803136,17.0,97.0,0.0,0.0,8.5,,3.0,16108,36.6
4803157,,,,,,,,16108,36.6
4803176,,,,,,,,16108,36.6
4803187,,,,,,,,16108,36.6
4803206,,,,,,,,16108,36.6
4803236,,,,,,,,16108,36.6
4803245,,,,,,,,16108,36.6
4803267,,,,,,,,16108,36.6
4803287,,,,,,,,16108,36.6
4803304,,,,,,,,16108,36.6
4803326,,,,,,,,16108,36.6
4803346,,,,,,,,16108,36.6
4803365,,,,,,,,16108,36.6
4803387,,,,,,,,16108,36.6
4803407,,,,,,,,16108,36.6
3656997,25.4,78.5,,,9.4,20.4,1.0,16242,23.0
3657006,26.5,56.0,,,18.4,29.6,2.0,16242,23.0
3657017,23.9,75.5,,,13.0,18.5,2.0,16242,23.0
3657026,25.5,69.5,,,26.8,35.2,3.0,16242,23.0
3657039,21.8,72.5,,,10.3,16.7,2.0,16242,23.0
3657058,25.5,81.5,,,19.45,27.8,2.0,16242,23.0
3657049,23.5,71.5,,,20.35,33.3,2.0,16242,23.0
3657068,18.0,64.0,,,7.4,14.8,3.0,16242,23.0
3657079,22.0,48.0,,,16.6,18.5,2.0,16242,23.0
3657087,15.35,85.0,,,2.7,9.3,2.0,16242,23.0
3657101,18.0,78.0,,,13.0,14.8,7.0,16242,23.0
3657108,21.4,65.0,,,16.6,29.6,2.0,16242,23.0
3657121,12.9,90.0,,,1.8,11.1,1.0,16242,23.0
3657130,12.3,52.5,,,24.1,37.0,3.0,16242,23.0
3657141,14.0,69.5,,,24.1,35.2,8.0,16242,23.0
3657158,14.95,75.0,,,26.1,20.4,18.0,16242,23.0
3657167,6.5,73.5,,,8.3,13.0,1.0,16242,23.0
3657176,8.8,85.0,,,4.5,9.3,1.0,16242,23.0
3657188,8.35,90.5,,,3.8,16.7,5.0,16242,23.0
3657206,12.0,54.0,,,9.200000000000001,33.3,3.0,16242,23.0
3657218,5.9,82.0,,,18.55,33.3,7.0,16242,23.0
3657228,10.15,82.5,,,9.4,14.8,1.0,16242,23.0
3657238,3.5,73.0,,,6.5,13.0,1.0,16242,23.0
3657248,14.05,76.0,,,11.2,14.8,3.0,16242,23.0
3657257,14.8,55.5,,,12.1,16.7,2.0,16242,23.0
3657308,13.6,83.5,,,13.0,25.9,3.0,16242,23.0
3657317,6.5,63.0,,,21.25,31.5,2.0,16242,23.0
3657330,9.0,43.0,,,26.799999999999997,31.5,2.0,16242,23.0
3657336,10.0,76.5,,,4.5,13.0,2.0,16242,23.0
3657199,12.65,47.0,,,13.0,20.4,2.0,16242,23.0
3657267,9.0,66.0,,,37.099999999999994,51.8,18.0,16242,23.0
3657279,14.75,40.5,,,24.1,37.0,1.0,16242,23.0
3657297,17.2,53.0,,,5.6000000000000005,14.8,2.0,16242,23.0
3657288,15.6,80.5,,,13.9,31.5,7.0,16242,23.0
3657349,14.55,72.5,,,5.6,16.7,2.0,16242,23.0
3657357,16.1,81.5,,,5.4,13.0,4.0,16242,23.0
3657370,19.0,73.0,,,12.1,20.4,1.0,16242,23.0
3657377,20.1,92.0,,,7.3999999999999995,20.4,1.0,16242,23.0
3919074,27.2,56.5,0.0,0.0,13.0,24.1,2.0,16242,23.0
3919094,27.6,74.0,0.0,0.0,10.3,22.2,2.0,16242,23.0
3919103,26.049999999999997,84.5,0.0,0.0,13.0,16.7,2.0,16242,23.0
3919115,25.950000000000003,85.5,0.0,0.0,14.799999999999999,22.2,2.0,16242,23.0
3919122,25.65,73.0,0.0,0.1,11.2,24.1,2.0,16242,23.0
3919448,26.049999999999997,58.0,0.0,0.0,21.4,33.3,2.0,16242,23.0
3919460,22.15,41.0,0.0,0.0,13.0,24.1,1.0,16242,23.0
3919164,23.85,51.5,0.0,0.0,4.5,20.4,2.0,16242,23.0
3919174,18.6,85.0,0.0,0.0,3.6,14.8,3.0,16242,23.0
3919183,22.55,75.0,0.0,0.0,13.0,18.5,2.0,16242,23.0
3919135,19.5,92.0,0.0,0.0,11.2,22.2,2.0,16242,23.0
3919143,17.450000000000003,88.0,0.0,0.0,2.7,14.8,1.0,16242,23.0
3919155,14.35,61.0,0.0,0.0,7.6,22.2,1.0,16242,23.0
3919193,14.25,98.5,0.0,0.3,1.8,7.4,2.0,16242,23.0
3919207,17.0,61.5,0.0,0.0,11.2,14.8,3.0,16242,23.0
3919403,14.55,87.0,0.0,0.0,8.5,13.0,2.0,16242,23.0
3919213,15.85,70.0,0.0,0.2,13.0,25.9,3.0,16242,23.0
3919225,13.0,82.5,0.0,0.3,13.0,27.8,3.0,16242,23.0
3919234,6.0,81.5,0.0,0.0,7.6,14.8,2.0,16242,23.0
3919244,7.25,69.5,0.0,0.0,8.5,16.7,1.0,16242,23.0
3919478,11.35,80.0,0.0,0.0,6.5,24.1,1.0,16242,23.0
3919253,5.5,70.0,0.0,0.0,9.2,11.1,1.0,16242,23.0
3919263,10.0,100.0,0.0,0.0,4.5,13.0,5.0,16242,23.0
3919274,9.5,90.5,0.0,0.0,13.0,18.5,3.0,16242,23.0
3919284,11.5,85.0,0.0,0.0,6.5,16.7,1.0,16242,23.0
3919297,15.0,84.0,0.0,0.0,16.75,22.2,1.0,16242,23.0
3919302,14.6,81.0,0.2,0.1,10.3,20.4,4.0,16242,23.0
3919316,15.0,77.0,0.0,0.0,13.0,16.7,3.0,16242,23.0
3919322,10.85,78.5,0.0,0.0,7.6,13.0,3.0,16242,23.0
3919335,13.3,57.5,0.0,0.30000000000000004,23.2,25.9,3.0,16242,23.0
3919343,18.5,66.0,0.0,0.0,14.8,22.2,2.0,16242,23.0
3919415,18.5,75.5,0.0,0.0,12.1,25.9,3.0,16242,23.0
3919423,16.5,75.0,0.0,1.2000000000000002,5.6,14.8,3.0,16242,23.0
3919355,20.5,66.5,0.0,0.0,14.8,24.1,1.0,16242,23.0
3919364,17.25,61.0,0.0,0.0,11.2,24.1,2.0,16242,23.0
3919375,20.0,73.0,0.0,0.1,8.3,20.4,2.0,16242,23.0
3919384,23.5,57.0,0.0,0.0,11.2,22.2,2.0,16242,23.0
3919395,20.0,88.0,0.1,1.7999999999999998,12.100000000000001,18.5,7.0,16242,23.0
4230534,34.0,39.0,0.0,0.0,23.2,25.9,1.0,16242,23.0
4230550,28.25,53.5,0.0,0.0,12.1,29.6,2.0,16242,23.0
4230560,21.6,76.0,0.0,0.0,4.5,13.0,2.0,16242,23.0
4230569,24.6,72.5,0.0,0.0,6.5,,2.0,16242,23.0
4230574,21.8,57.5,0.0,0.2,12.1,,2.0,16242,23.0
4230586,21.7,79.0,0.0,0.0,6.5,,1.0,16242,23.0
4230595,21.1,85.0,0.0,0.0,2.7,,1.0,16242,23.0
4230608,25.0,65.0,0.0,0.0,17.5,,1.0,16242,23.0
4230620,23.0,53.5,0.0,0.0,14.8,,3.0,16242,23.0
4230628,24.0,61.0,0.0,0.2,36.2,,8.0,16242,23.0
4230641,19.05,64.0,0.0,0.0,28.6,,1.0,16242,23.0
4230645,15.3,95.0,0.0,1.2999999999999998,8.5,,2.0,16242,23.0
4230660,8.05,65.5,0.0,0.0,4.5,,2.0,16242,23.0
4230667,13.75,52.0,0.0,0.0,38.9,,2.0,16242,23.0
4230682,11.5,66.5,0.0,0.0,13.9,,1.0,16242,23.0
4230692,7.5,63.5,0.0,0.0,4.7,,1.0,16242,23.0
4230703,14.5,77.0,0.0,0.0,11.2,,2.0,16242,23.0
4230712,13.5,74.5,0.0,0.0,6.5,,3.0,16242,23.0
4230717,10.0,97.0,0.0,1.5,10.3,,7.0,16242,23.0
4230728,13.8,62.5,0.0,0.0,8.3,,2.0,16242,23.0
4230739,7.25,42.5,0.0,0.0,27.7,,1.0,16242,23.0
4230748,11.75,82.5,0.0,0.0,6.5,,1.0,16242,23.0
4230759,13.5,88.0,0.0,0.0,9.399999999999999,,3.0,16242,23.0
4230773,13.2,93.0,6.0,6.7,19.450000000000003,,9.0,16242,23.0
4230779,15.8,71.0,0.0,0.0,7.3999999999999995,,1.0,16242,23.0
4230788,10.95,88.5,4.3,3.0999999999999996,30.6,,8.0,16242,23.0
4230797,11.0,82.0,0.8999999999999999,1.1,13.0,,7.0,16242,23.0
4230811,11.0,82.0,0.0,4.5,4.5,,7.0,16242,23.0
4230828,14.65,86.0,0.0,0.0,11.2,,2.0,16242,23.0
4230842,18.0,60.0,0.0,0.0,18.5,,4.0,16242,23.0
4230822,17.5,66.0,0.0,0.0,14.8,,2.0,16242,23.0
4230847,17.65,79.5,0.0,0.0,5.4,,1.0,16242,23.0
4230859,14.0,77.0,0.0,1.1,6.5,,3.0,16242,23.0
4230873,16.55,58.0,0.0,0.0,6.5,,1.0,16242,23.0
4230881,16.45,78.0,0.0,0.0,9.399999999999999,,1.0,16242,23.0
4230893,23.5,50.0,0.0,0.0,15.700000000000001,,1.0,16242,23.0
4230901,19.6,85.0,0.0,2.3,8.5,,3.0,16242,23.0
4230910,20.15,79.0,0.0,0.0,21.4,,2.0,16242,23.0
4535250,23.4,82.0,0.0,4.0,13.9,,7.0,16242,23.0
4535267,27.2,80.5,0.0,0.0,17.5,,1.0,16242,23.0
4535275,26.4,87.5,,,5.4,,2.0,16242,23.0
4535285,20.35,75.0,0.2,0.2,1.8,,2.0,16242,23.0
4535298,22.5,78.5,0.0,0.1,11.2,,4.0,16242,23.0
4535307,25.0,35.0,0.0,0.0,17.5,,1.0,16242,23.0
4535356,20.0,60.0,0.0,0.0,11.2,,2.0,16242,23.0
4535368,19.35,86.5,5.9,3.5,5.4,,2.0,16242,23.0
4535414,22.15,72.0,0.0,0.6,14.8,,3.0,16242,23.0
4535428,16.0,97.0,0.0,0.0,5.4,,5.0,16242,23.0
4535374,14.0,100.0,0.0,0.0,9.2,,1.0,16242,23.0
4535388,19.65,57.0,0.0,0.0,4.5,,2.0,16242,23.0
4535394,7.5,78.5,0.0,0.0,10.3,,1.0,16242,23.0
4535407,7.5,90.0,0.0,0.0,3.6,,1.0,16242,23.0
4535540,11.0,82.0,0.3,0.0,14.8,,8.0,16242,23.0
4535547,5.5,93.0,0.0,0.0,5.6,,1.0,16242,23.0
4535559,9.55,72.5,0.0,0.0,15.7,,3.0,16242,23.0
4535567,5.5,87.0,0.0,0.0,3.6,,1.0,16242,23.0
4535579,13.0,82.0,0.2,0.0,21.4,,3.0,16242,23.0
4535313,10.0,87.0,0.0,0.0,5.6,,2.0,16242,23.0
4535329,11.5,56.0,0.0,0.0,21.4,,2.0,16242,23.0
4535333,13.0,65.0,0.0,0.0,11.2,,2.0,16242,23.0
4535348,10.0,71.5,0.0,0.0,8.5,,2.0,16242,23.0
4535439,15.15,71.5,0.3,2.8,15.7,,8.0,16242,23.0
4535444,10.05,60.5,0.0,0.6,25.0,,2.0,16242,23.0
4535457,12.0,88.0,0.4,2.8,8.5,,7.0,16242,23.0
4535468,13.9,61.0,0.0,0.0,11.2,,2.0,16242,23.0
4535476,15.5,91.0,0.0,0.0,9.399999999999999,,8.0,16242,23.0
4535488,14.1,56.0,,,29.7,,2.0,16242,23.0
4535498,13.5,38.5,0.0,0.0,19.3,,2.0,16242,23.0
4535510,14.5,55.0,0.0,0.4,17.0,,2.0,16242,23.0
4535518,18.0,34.5,0.8999999999999999,0.0,8.5,,7.0,16242,23.0
4535530,15.3,76.5,,,8.350000000000001,,3.0,16242,23.0
4535588,16.5,79.5,0.0,1.8,9.0,,3.0,16242,23.0
4535620,18.5,66.5,0.2,0.6,24.5,,3.0,16242,23.0
4535626,19.5,62.0,0.0,0.0,14.0,,2.0,16242,23.0
4535601,18.5,64.0,0.0,0.0,12.0,,2.0,16242,23.0
4535606,18.5,66.0,0.0,0.0,20.0,,1.0,16242,23.0
4803044,24.0,76.0,0.0,0.0,6.5,,2.0,16242,23.0
4803051,22.5,71.0,0.0,0.0,5.5,,1.0,16242,23.0
4803064,26.5,61.5,0.0,0.0,14.5,,2.0,16242,23.0
4803075,28.0,56.5,0.0,0.0,14.0,,1.0,16242,23.0
4803086,25.0,35.0,0.0,0.0,24.0,,2.0,16242,23.0
4803093,20.0,46.0,0.0,0.0,15.0,,1.0,16242,23.0
4803106,14.5,74.5,0.0,0.0,4.5,,1.0,16242,23.0
4803112,18.0,66.0,0.0,0.0,20.5,,3.0,16242,23.0
4803127,18.0,73.0,0.0,0.0,17.0,,2.0,16242,23.0
4803130,14.5,63.0,0.0,0.0,7.5,,1.0,16242,23.0
4803147,15.0,63.0,0.0,0.0,9.0,,2.0,16242,23.0
4803153,12.0,75.0,,,13.0,,7.0,16242,23.0
4803167,,,,,,,,16242,23.0
4803171,,,,,,,,16242,23.0
4803185,,,,,,,,16242,23.0
4803194,,,,,,,,16242,23.0
4803204,,,,,,,,16242,23.0
4803215,,,,,,,,16242,23.0
4803220,,,,,,,,16242,23.0
4803235,,,,,,,,16242,23.0
4803239,,,,,,,,16242,23.0
4803255,,,,,,,,16242,23.0
4803262,,,,,,,,16242,23.0
4803270,,,,,,,,16242,23.0
4803282,,,,,,,,16242,23.0
4803296,,,,,,,,16242,23.0
4803302,,,,,,,,16242,23.0
4803314,,,,,,,,16242,23.0
4803321,,,,,,,,16242,23.0
4803337,,,,,,,,16242,23.0
4803341,,,,,,,,16242,23.0
4803356,,,,,,,,16242,23.0
4803363,,,,,,,,16242,23.0
4803372,,,,,,,,16242,23.0
4803385,,,,,,,,16242,23.0
4803392,,,,,,,,16242,23.0
4803405,,,,,,,,16242,23.0
4803411,,,,,,,,16242,23.0
3656996,26.4,84.5,0.0,0.0,9.55,,,16253,26.6
3657016,28.0,27.5,0.0,0.0,13.0,,,16253,26.6
3657063,23.6,88.5,0.0,0.0,2.9000000000000004,,,16253,26.6
3657070,19.5,54.5,0.0,0.0,10.8,,,16253,26.6
3657089,15.4,67.0,0.0,0.0,11.0,,,16253,26.6
3657110,18.2,60.5,0.0,0.0,8.3,,,16253,26.6
3657129,9.5,81.5,0.0,2.2,14.4,,,16253,26.6
3657157,9.7,92.5,1.4000000000000001,0.3,3.8,,,16253,26.6
3657166,6.7,69.0,0.0,0.0,8.3,,,16253,26.6
3657187,8.1,77.5,0.0,0.1,9.4,,,16253,26.6
3657217,7.0,92.5,0.30000000000000004,3.5000000000000004,20.35,,,16253,26.6
3657240,11.6,49.0,0.0,0.0,13.9,,,16253,26.6
3657259,12.4,55.0,0.0,0.0,16.6,,,16253,26.6
3657329,7.5,77.5,0.1,1.1,7.3999999999999995,,,16253,26.6
3657198,12.899999999999999,35.5,0.0,0.0,25.9,,,16253,26.6
3657278,14.8,56.0,0.30000000000000004,0.30000000000000004,14.8,,,16253,26.6
3657299,13.5,66.0,0.0,0.0,13.0,,,16253,26.6
3657348,22.0,39.0,0.0,0.0,22.3,,,16253,26.6
3657369,23.1,56.5,0.0,0.0,17.5,,,16253,26.6
3919093,29.200000000000003,56.5,0.0,0.1,9.399999999999999,,3.0,16253,26.6
3919114,26.1,82.5,0.0,0.0,6.5,,3.0,16253,26.6
3919450,28.2,52.5,1.2999999999999998,0.7,22.3,,17.0,16253,26.6
3919166,21.6,47.5,0.0,0.7999999999999999,27.7,,2.0,16253,26.6
3919185,20.6,67.5,0.0,0.0,7.4,,3.0,16253,26.6
3919146,26.2,18.5,0.0,0.0,5.4,,1.0,16253,26.6
3919195,14.600000000000001,79.0,0.0,0.0,4.5,,1.0,16253,26.6
3919206,15.399999999999999,75.5,0.0,0.0,4.5,,3.0,16253,26.6
3919224,8.899999999999999,93.5,0.0,0.0,3.6,,3.0,16253,26.6
3919247,4.699999999999999,69.0,0.0,0.0,13.0,,1.0,16253,26.6
3919256,8.3,52.0,0.0,0.0,6.5,,3.0,16253,26.6
3919283,10.3,70.5,1.1,0.8,23.95,,8.0,16253,26.6
3919296,13.9,86.5,0.0,0.0,9.200000000000001,,3.0,16253,26.6
3919315,12.0,80.0,0.0,0.30000000000000004,13.0,,3.0,16253,26.6
3919334,13.0,82.5,1.3,12.7,22.3,,8.0,16253,26.6
3919414,20.7,53.5,0.0,0.1,23.200000000000003,,3.0,16253,26.6
3919354,21.200000000000003,72.5,0.0,0.0,12.1,,3.0,16253,26.6
3919374,19.6,83.0,0.2,1.3,13.0,,17.0,16253,26.6
3919394,23.6,74.0,0.0,0.7,10.3,,3.0,16253,26.6
4230545,26.7,82.5,0.0,0.0,5.4,,3.0,16253,26.6
4230559,23.0,89.0,0.0,0.0,9.4,,3.0,16253,26.6
4230587,22.5,90.0,0.0,0.0,9.399999999999999,,2.0,16253,26.6
4230610,21.4,89.0,0.0,0.0,5.4,,1.0,16253,26.6
4230630,16.4,95.0,0.0,0.0,4.5,,1.0,16253,26.6
4230651,15.7,95.0,1.4000000000000001,0.0,3.6,,9.0,16253,26.6
4230671,9.600000000000001,77.5,0.0,0.0,10.3,,3.0,16253,26.6
4230689,7.8999999999999995,55.0,0.0,0.0,9.399999999999999,,3.0,16253,26.6
4230713,13.2,87.5,0.0,0.0,3.6,,3.0,16253,26.6
4230730,12.1,36.0,0.0,0.0,6.5,,1.0,16253,26.6
4230761,15.399999999999999,59.0,0.0,0.0,1.8,,3.0,16253,26.6
4230781,17.0,61.5,0.0,0.0,13.0,,1.0,16253,26.6
4230802,12.0,80.5,0.2,0.0,5.4,,7.0,16253,26.6
4230813,10.1,86.0,0.2,0.0,6.5,,7.0,16253,26.6
4230839,22.5,37.0,0.0,0.0,32.5,,2.0,16253,26.6
4230850,25.8,56.5,0.0,0.0,8.3,,1.0,16253,26.6
4230871,22.9,52.5,0.0,0.0,12.1,,1.0,16253,26.6
4230891,22.5,60.0,0.0,0.0,16.6,,1.0,16253,26.6
4230913,23.3,60.0,0.0,0.0,17.65,,3.0,16253,26.6
4535265,27.2,78.0,0.0,0.0,11.2,,3.0,16253,26.6
4535277,26.6,80.5,,,6.5,,,16253,26.6
4535305,18.299999999999997,72.5,0.0,0.0,6.5,,1.0,16253,26.6
4535358,20.0,58.0,0.0,0.1,11.2,,2.0,16253,26.6
4535416,24.0,64.5,0.3,0.0,7.3999999999999995,,8.0,16253,26.6
4535376,22.7,25.5,0.0,0.0,8.5,,1.0,16253,26.6
4535396,8.5,67.0,0.0,0.0,4.7,,1.0,16253,26.6
4535539,8.7,95.0,0.2,5.5,12.100000000000001,,7.0,16253,26.6
4535569,15.7,42.5,0.0,0.0,3.6,,1.0,16253,26.6
4535316,7.5,35.5,0.0,1.5999999999999999,13.9,,3.0,16253,26.6
4535336,11.100000000000001,88.0,0.0,0.0,3.6,,5.0,16253,26.6
4535436,8.1,90.0,0.0,0.0,6.5,,3.0,16253,26.6
4535467,10.3,91.0,0.4,0.7,14.8,,8.0,16253,26.6
4535478,19.0,41.5,0.0,0.0,15.700000000000001,,3.0,16253,26.6
4535500,13.0,89.0,0.0,0.3,4.5,,1.0,16253,26.6
4535519,18.0,68.0,1.2000000000000002,6.9,16.0,,8.0,16253,26.6
4535589,16.5,88.0,0.0,0.30000000000000004,5.0,,3.0,16253,26.6
4535628,15.5,91.0,0.0,2.4000000000000004,5.5,,3.0,16253,26.6
4535608,16.5,79.5,0.0,0.0,5.0,,2.0,16253,26.6
4803053,22.0,71.0,0.2,1.8000000000000003,10.0,,17.0,16253,26.6
4803077,21.5,88.0,0.0,0.5,4.0,,3.0,16253,26.6
4803094,18.5,73.0,0.0,1.0,8.5,,2.0,16253,26.6
4803114,19.5,80.5,0.5,0.3,13.0,,8.0,16253,26.6
4803132,17.0,94.0,0.0,0.0,8.0,,1.0,16253,26.6
4803154,,,,,,,,16253,26.6
4803172,,,,,,,,16253,26.6
4803223,,,,,,,,16253,26.6
4803195,,,,,,,,16253,26.6
4803241,,,,,,,,16253,26.6
4803263,,,,,,,,16253,26.6
4803283,,,,,,,,16253,26.6
4803308,,,,,,,,16253,26.6
4803322,,,,,,,,16253,26.6
4803343,,,,,,,,16253,26.6
4803361,,,,,,,,16253,26.6
4803374,,,,,,,,16253,26.6
4803395,,,,,,,,16253,26.6
4803414,,,,,,,,16253,26.6
3656992,31.5,42.5,,,26.799999999999997,35.2,1.0,16560,8.4
3657013,28.5,55.0,,,15.7,22.2,2.0,16560,8.4
3657036,24.3,67.5,,,13.0,27.8,2.0,16560,8.4
3657046,22.85,69.5,,,5.4,18.5,2.0,16560,8.4
3657064,21.0,56.0,,,6.5,18.5,2.0,16560,8.4
3657084,18.3,66.5,,,15.700000000000001,14.8,2.0,16560,8.4
3657105,14.0,88.0,,,16.6,24.1,7.0,16560,8.4
3657125,12.0,85.0,,,6.5,24.1,2.0,16560,8.4
3657153,9.5,66.5,,,23.2,29.6,1.0,16560,8.4
3657174,8.5,84.5,,,9.4,11.1,1.0,16560,8.4
3657212,7.0,71.0,,,6.5,20.4,2.0,16560,8.4
3657233,12.25,61.5,,,5.6,14.8,2.0,16560,8.4
3657304,14.2,58.5,,,39.05,51.8,2.0,16560,8.4
3657324,11.0,62.0,,,3.6,14.8,2.0,16560,8.4
3657193,14.0,82.0,,,22.3,31.5,7.0,16560,8.4
3657274,13.35,53.0,,,24.1,42.6,1.0,16560,8.4
3657294,22.0,38.0,,,9.4,18.5,1.0,16560,8.4
3657344,20.5,44.5,,,18.55,29.6,2.0,16560,8.4
3657364,20.1,81.5,,,12.1,20.4,1.0,16560,8.4
4230541,22.75,61.5,0.0,1.3000000000000003,18.4,48.2,3.0,16560,8.4
4230561,28.0,76.5,0.0,0.0,27.7,33.3,2.0,16560,8.4
4230581,25.5,63.0,0.0,0.0,22.3,25.9,1.0,16560,8.4
4230601,24.0,69.5,0.0,0.0,12.100000000000001,22.2,1.0,16560,8.4
4230621,25.35,73.5,0.0,0.0,22.3,31.5,2.0,16560,8.4
4230636,22.15,52.5,0.0,0.0,30.6,50.0,2.0,16560,8.4
4230656,15.1,48.0,0.0,0.0,13.9,24.1,2.0,16560,8.4
4230675,15.0,88.0,0.0,0.0,13.9,16.7,2.0,16560,8.4
4230705,15.7,74.0,0.0,0.2,4.5,9.3,3.0,16560,8.4
4230731,15.95,61.5,0.0,0.0,6.5,24.1,3.0,16560,8.4
4230745,14.0,79.5,0.0,0.0,23.2,20.4,2.0,16560,8.4
4230765,15.15,81.5,3.6,8.8,3.6,29.6,7.0,16560,8.4
4230785,15.95,41.5,0.0,0.0,25.0,29.6,2.0,16560,8.4
4230805,15.45,74.0,0.0,0.0,19.45,33.3,2.0,16560,8.4
4230835,14.5,77.0,1.2,1.9,10.0,44.5,3.0,16560,8.4
4230812,19.5,56.5,0.0,0.0,16.6,31.5,1.0,16560,8.4
4230854,14.75,48.5,0.0,0.0,17.5,25.9,2.0,16560,8.4
4230874,21.5,50.0,0.0,0.0,15.700000000000001,24.1,1.0,16560,8.4
4230905,21.25,67.5,0.0,0.0,10.3,22.2,2.0,16560,8.4
4535245,26.85,56.5,0.0,0.2,24.1,25.9,2.0,16560,8.4
4535260,32.5,34.0,0.0,0.0,25.9,22.2,2.0,16560,8.4
4535281,22.0,50.0,0.0,0.0,25.0,35.2,2.0,16560,8.4
4535291,23.5,63.0,0.0,0.0,16.6,24.1,2.0,16560,8.4
4535360,20.5,75.5,0.1,0.4,9.399999999999999,16.7,7.0,16560,8.4
4535421,20.55,74.5,0.0,0.0,12.100000000000001,27.8,2.0,16560,8.4
4535381,18.6,84.5,0.0,2.9,2.7,11.1,3.0,16560,8.4
4535401,15.0,82.0,0.0,0.0,8.5,16.7,2.0,16560,8.4
4535543,15.85,66.0,0.0,0.2,17.65,25.9,2.0,16560,8.4
4535563,10.5,81.5,0.0,0.0,10.3,11.1,1.0,16560,8.4
4535322,14.05,69.5,0.9,0.2,3.6,18.5,3.0,16560,8.4
4535342,11.5,91.0,0.0,0.0,5.6,7.4,5.0,16560,8.4
4535430,15.5,60.5,0.0,0.1,20.35,18.5,2.0,16560,8.4
4535450,14.5,79.5,0.0,0.0,17.5,20.4,2.0,16560,8.4
4535470,13.5,69.5,0.0,0.0,12.1,20.4,2.0,16560,8.4
4535492,16.5,61.0,0.2,0.1,19.45,29.6,3.0,16560,8.4
4535523,18.0,62.0,0.0,0.0,27.0,40.8,3.0,16560,8.4
4535613,22.5,63.0,0.0,0.0,20.5,33.3,2.0,16560,8.4
4535592,19.0,88.0,0.0,0.0,11.0,24.1,1.0,16560,8.4
4803038,27.5,66.0,0.0,0.0,15.0,33.3,2.0,16560,8.4
4803058,28.0,60.0,0.0,0.0,23.0,27.8,1.0,16560,8.4
4803078,21.0,69.0,0.0,0.0,16.5,16.7,2.0,16560,8.4
4803099,22.5,53.0,0.0,0.0,15.0,18.5,2.0,16560,8.4
4803120,19.0,88.0,3.3000000000000003,1.5,5.5,18.5,7.0,16560,8.4
4803149,14.95,68.0,,,22.2,29.6,7.0,16560,8.4
4803168,,,,,,,,16560,8.4
4803188,,,,,,,,16560,8.4
4803209,,,,,,,,16560,8.4
4803247,,,,,,,,16560,8.4
4803259,,,,,,,,16560,8.4
4803278,,,,,,,,16560,8.4
4803290,,,,,,,,16560,8.4
4803310,,,,,,,,16560,8.4
4803330,,,,,,,,16560,8.4
4803350,,,,,,,,16560,8.4
4803369,,,,,,,,16560,8.4
4803389,,,,,,,,16560,8.4
4803399,,,,,,,,16560,8.4
3656998,25.3,85.5,,0.0,5.4,18.5,2.0,16120,8.0
3657003,24.5,59.0,,0.0,10.3,24.1,2.0,16120,8.0
3657018,24.5,71.5,,0.0,12.1,18.5,1.0,16120,8.0
3657022,24.5,86.5,,0.0,20.35,24.1,2.0,16120,8.0
3657041,23.0,57.0,,0.0,7.4,16.7,1.0,16120,8.0
3657055,24.2,63.5,,0.0,8.3,14.8,3.0,16120,8.0
3657051,23.0,86.0,,0.0,29.5,27.8,7.0,16120,8.0
3657066,20.0,51.0,,0.0,7.6,18.5,1.0,16120,8.0
3657081,17.5,80.0,,0.0,5.6,22.2,2.0,16120,8.0
3657090,17.5,46.5,,,24.1,16.7,1.0,16120,8.0
3657098,14.0,72.0,,0.0,32.6,14.8,7.0,16120,8.0
3657111,13.85,51.5,0.0,0.0,35.3,16.7,2.0,16120,8.0
3657118,14.0,97.0,,0.0,16.6,18.5,8.0,16120,8.0
3657131,14.1,71.5,0.0,0.0,34.2,38.9,4.0,16120,8.0
3657138,15.0,65.0,,0.0,17.65,18.5,3.0,16120,8.0
3657159,10.55,31.5,,0.0,15.700000000000001,9.3,2.0,16120,8.0
3657163,4.0,78.0,,0.0,16.75,13.0,3.0,16120,8.0
3657179,11.35,77.5,,0.0,8.3,13.0,2.0,16120,8.0
3657183,8.0,66.0,,0.0,24.1,13.0,3.0,16120,8.0
3657209,10.6,42.5,,0.0,16.75,20.4,3.0,16120,8.0
3657214,8.8,38.0,,0.0,14.8,13.0,2.0,16120,8.0
3657230,13.7,74.5,0.0,0.0,3.6,14.8,2.0,16120,8.0
3657235,12.0,62.0,0.0,0.0,7.4,14.8,2.0,16120,8.0
3657250,13.15,89.5,0.0,0.0,18.55,35.2,3.0,16120,8.0
3657255,13.45,34.5,0.0,0.0,10.3,11.1,2.0,16120,8.0
3657310,13.95,98.5,0.0,0.0,18.55,27.8,4.0,16120,8.0
3657315,12.6,13.5,0.0,0.0,32.4,20.4,1.0,16120,8.0
3657326,11.05,30.5,,0.0,20.35,24.1,1.0,16120,8.0
3657339,10.5,44.0,,0.0,19.45,16.7,3.0,16120,8.0
3657195,14.4,33.0,0.0,0.0,13.0,20.4,2.0,16120,8.0
3657270,11.5,62.0,,0.0,10.3,24.1,2.0,16120,8.0
3657276,16.0,34.5,,0.0,15.85,24.1,1.0,16120,8.0
3657300,17.95,75.0,,0.0,6.5,20.4,2.0,16120,8.0
3657285,13.149999999999999,77.0,,0.0,14.799999999999999,24.1,3.0,16120,8.0
3657350,17.6,61.0,0.0,0.0,5.6,20.4,3.0,16120,8.0
3657354,17.0,64.5,0.0,0.0,12.100000000000001,16.7,4.0,16120,8.0
3657371,20.25,76.0,0.0,0.0,6.5,20.4,1.0,16120,8.0
3657375,21.05,87.0,0.0,0.0,14.8,25.9,3.0,16120,8.0
3919073,26.4,65.5,0.0,0.0,7.4,22.2,1.0,16120,8.0
3919095,25.85,79.5,0.0,0.0,3.8,13.0,1.0,16120,8.0
3919116,25.8,76.5,0.0,0.0,11.2,20.4,3.0,16120,8.0
3919451,24.700000000000003,65.0,0.0,0.0,4.5,16.7,2.0,16120,8.0
3919167,20.75,79.0,0.0,0.0,17.65,27.8,2.0,16120,8.0
3919186,21.3,80.0,0.0,0.0,2.7,13.0,2.0,16120,8.0
3919157,19.35,41.0,0.0,0.0,7.6,22.2,1.0,16120,8.0
3919208,18.9,43.0,0.0,0.0,13.9,18.5,2.0,16120,8.0
3919217,13.15,91.5,2.0,2.1,8.3,25.9,9.0,16120,8.0
3919237,7.9,43.0,0.0,0.0,14.8,25.9,2.0,16120,8.0
3919257,10.5,73.5,0.0,0.0,7.4,13.0,1.0,16120,8.0
3919265,13.05,71.0,0.0,0.0,14.8,31.5,4.0,16120,8.0
3919285,13.1,80.5,0.0,0.0,18.4,25.9,2.0,16120,8.0
3919305,14.7,64.0,0.0,0.0,2.7,22.2,3.0,16120,8.0
3919326,15.65,63.5,0.0,0.0,18.4,27.8,2.0,16120,8.0
3919347,16.05,81.0,0.0,0.0,2.7,16.7,2.0,16120,8.0
3919427,22.5,50.0,0.0,0.0,13.9,22.2,1.0,16120,8.0
3919367,18.75,59.5,0.0,0.0,8.5,14.8,2.0,16120,8.0
3919387,21.4,74.0,0.0,0.0,4.5,14.8,1.0,16120,8.0
4230537,27.95,82.5,0.0,0.0,5.4,13.0,1.0,16120,8.0
4230563,21.25,81.0,0.2,0.0,9.399999999999999,14.8,25.0,16120,8.0
4230583,23.25,65.5,0.0,0.0,6.5,18.5,1.0,16120,8.0
4230604,22.05,83.0,0.0,0.0,3.6,11.1,1.0,16120,8.0
4230622,19.35,71.0,0.0,0.0,13.0,31.5,1.0,16120,8.0
4230644,11.0,69.0,0.0,0.0,27.7,22.2,2.0,16120,8.0
4230668,14.05,59.0,0.0,0.0,7.4,22.2,2.0,16120,8.0
4230687,12.0,35.0,0.0,0.0,18.55,16.7,1.0,16120,8.0
4230707,13.0,94.0,0.0,0.1,8.5,18.5,4.0,16120,8.0
4230726,12.1,73.5,0.0,0.0,22.15,20.4,3.0,16120,8.0
4230747,14.1,49.0,0.0,0.0,13.899999999999999,24.1,1.0,16120,8.0
4230770,12.65,76.0,0.0,0.0,5.4,13.0,2.0,16120,8.0
4230787,10.0,82.0,0.0,2.0,4.5,22.2,7.0,16120,8.0
4230809,11.0,79.0,0.0,0.0,14.799999999999999,20.4,7.0,16120,8.0
4230841,16.9,72.0,0.0,0.0,37.5,33.3,7.0,16120,8.0
4230856,15.0,55.0,0.0,0.0,13.0,31.5,1.0,16120,8.0
4230872,20.6,54.5,0.0,0.0,13.9,27.8,3.0,16120,8.0
4230887,20.0,73.0,0.0,0.0,9.4,22.2,2.0,16120,8.0
4230912,18.9,76.5,0.0,0.5,12.1,29.6,4.0,16120,8.0
4535247,27.0,72.0,0.0,0.0,11.2,22.2,2.0,16120,8.0
4535272,30.0,64.5,,,5.4,22.2,2.0,16120,8.0
4535284,23.5,44.0,0.0,0.0,8.5,18.5,1.0,16120,8.0
4535303,21.5,56.5,0.0,0.0,4.5,18.5,1.0,16120,8.0
4535363,19.5,71.0,0.0,0.4,18.55,25.9,7.0,16120,8.0
4535424,20.65,63.5,0.0,0.0,13.0,18.5,1.0,16120,8.0
4535383,14.0,55.0,0.0,0.0,27.7,25.9,1.0,16120,8.0
4535392,8.85,88.5,1.4,0.0,15.700000000000001,24.1,4.0,16120,8.0
4535534,13.35,79.5,0.6,0.0,30.6,27.8,7.0,16120,8.0
4535554,8.4,38.0,0.0,0.0,6.5,11.1,1.0,16120,8.0
4535312,9.8,30.0,0.0,0.0,13.0,22.2,1.0,16120,8.0
4535332,14.0,91.0,0.0,2.5,7.3999999999999995,27.8,9.0,16120,8.0
4535442,7.5,59.0,0.0,0.0,27.7,18.5,1.0,16120,8.0
4535463,15.95,29.0,0.0,0.0,25.9,29.6,1.0,16120,8.0
4535485,12.5,82.5,,0.4,3.6,16.7,7.0,16120,8.0
4535505,16.65,55.0,0.0,0.0,4.5,14.8,1.0,16120,8.0
4535525,16.5,78.5,0.0,0.0,11.0,24.1,3.0,16120,8.0
4535615,17.15,86.0,0.2,1.7,15.0,29.6,25.0,16120,8.0
4535594,17.75,58.0,0.0,0.0,8.5,16.7,1.0,16120,8.0
4803040,25.5,72.5,0.0,0.0,4.5,18.5,2.0,16120,8.0
4803049,24.05,75.0,0.0,0.0,14.0,22.2,2.0,16120,8.0
4803080,19.049999999999997,67.5,0.0,0.0,6.0,11.1,1.0,16120,8.0
4803102,19.0,63.5,0.0,0.0,4.5,20.4,2.0,16120,8.0
4803122,19.0,86.5,0.0,0.9,16.5,29.6,8.0,16120,8.0
4803141,15.05,50.5,0.0,0.0,20.0,27.8,1.0,16120,8.0
4803161,,,,,,,,16120,8.0
4803181,,,,,,,,16120,8.0
4803191,,,,,,,,16120,8.0
4803212,,,,,,,,16120,8.0
4803231,,,,,,,,16120,8.0
4803251,,,,,,,,16120,8.0
4803274,,,,,,,,16120,8.0
4803292,,,,,,,,16120,8.0
4803312,,,,,,,,16120,8.0
4803333,,,,,,,,16120,8.0
4803353,,,,,,,,16120,8.0
4803371,,,,,,,,16120,8.0
4803401,,,,,,,,16120,8.0
3657001,21.0,60.0,,,4.5,20.4,2.0,16076,5.1
3657011,22.5,57.5,,,4.7,18.5,2.0,16076,5.1
3657034,17.15,77.0,,,5.6,14.8,1.0,16076,5.1
3657044,17.0,92.5,,,7.6,13.0,7.0,16076,5.1
3657074,13.0,69.5,,,8.5,13.0,3.0,16076,5.1
3657095,13.0,74.5,,,10.3,11.1,5.0,16076,5.1
3657115,10.05,82.0,,,7.4,9.3,1.0,16076,5.1
3657135,5.75,43.0,,,13.9,20.4,1.0,16076,5.1
3657172,4.95,84.5,,,6.5,11.1,5.0,16076,5.1
3657223,4.0,75.5,,,6.5,14.8,1.0,16076,5.1
3657243,7.0,76.0,,,10.3,18.5,5.0,16076,5.1
3657253,2.5,67.5,,,8.5,14.8,1.0,16076,5.1
3657313,6.0,51.0,,,14.799999999999999,25.9,1.0,16076,5.1
3657333,7.6,45.0,,,6.5,13.0,1.0,16076,5.1
3657263,9.5,56.0,,,14.799999999999999,20.4,4.0,16076,5.1
3657293,12.0,47.0,,,10.3,20.4,1.0,16076,5.1
3657202,15.75,54.0,,,5.6,20.4,1.0,16076,5.1
3657343,17.15,56.5,,,7.6,22.2,2.0,16076,5.1
3657373,28.15,46.5,,,7.3999999999999995,24.1,1.0,16076,5.1
3919089,25.95,45.0,0.0,0.0,6.5,18.5,1.0,16076,5.1
3919109,21.799999999999997,72.0,0.0,2.4,7.4,14.8,2.0,16076,5.1
3919442,23.1,56.5,0.0,0.0,9.4,18.5,1.0,16076,5.1
3919159,21.85,58.5,0.0,0.0,10.3,20.4,1.0,16076,5.1
3919179,15.3,82.0,0.0,0.0,4.5,11.1,2.0,16076,5.1
3919129,19.0,86.0,0.0,0.30000000000000004,2.7,16.7,3.0,16076,5.1
3919149,10.600000000000001,79.5,0.0,0.0,7.6,18.5,1.0,16076,5.1
3919199,15.2,54.0,0.0,0.0,7.6,14.8,1.0,16076,5.1
3919219,5.25,99.5,0.7,0.0,5.6000000000000005,13.0,7.0,16076,5.1
3919239,1.5,72.5,0.0,0.0,8.5,13.0,1.0,16076,5.1
3919259,13.05,64.5,0.0,0.0,17.65,29.6,2.0,16076,5.1
3919279,11.25,64.0,0.0,0.0,4.7,16.7,1.0,16076,5.1
3919299,9.0,55.0,0.0,0.0,2.7,11.1,1.0,16076,5.1
3919319,16.85,39.0,0.0,0.0,7.4,27.8,2.0,16076,5.1
3919339,16.05,54.0,0.0,0.0,5.6,27.8,1.0,16076,5.1
3919419,20.0,53.0,0.0,0.5,10.3,20.4,2.0,16076,5.1
3919349,21.5,54.5,0.5,0.3,4.5,16.7,3.0,16076,5.1
3919369,16.0,91.0,0.1,0.6000000000000001,4.5,13.0,7.0,16076,5.1
3919389,16.5,91.0,0.0,8.5,16.6,18.5,25.0,16076,5.1
4230551,24.35,54.5,0.0,0.0,5.6,14.8,1.0,16076,5.1
4230571,23.0,34.5,0.0,0.0,9.399999999999999,18.5,1.0,16076,5.1
4230591,25.0,47.0,0.0,0.0,6.5,14.8,1.0,16076,5.1
4230611,17.5,68.5,0.0,0.5,4.5,13.0,2.0,16076,5.1
4230634,9.5,88.0,2.9,0.3,4.5,18.5,8.0,16076,5.1
4230654,7.0,24.0,0.0,0.0,13.9,44.5,1.0,16076,5.1
4230674,3.75,99.5,0.0,0.0,2.7,11.1,5.0,16076,5.1
4230684,4.5,81.0,0.0,0.0,6.5,11.1,1.0,16076,5.1
4230704,9.1,81.0,0.0,0.0,5.6,9.3,3.0,16076,5.1
4230724,2.0,96.5,0.0,0.0,3.6,11.1,5.0,16076,5.1
4230744,13.0,52.5,0.0,0.0,6.5,13.0,1.0,16076,5.1
4230754,9.1,86.0,0.0,0.0,1.8,13.0,1.0,16076,5.1
4230774,9.5,79.0,0.0,0.0,6.5,11.1,5.0,16076,5.1
4230794,12.45,55.5,0.2,0.4,20.35,31.5,7.0,16076,5.1
4230844,19.5,66.0,0.0,0.30000000000000004,12.1,24.1,2.0,16076,5.1
4230864,17.0,68.0,0.0,0.0,10.3,14.8,3.0,16076,5.1
4230884,23.0,45.5,0.0,0.4,5.6,18.5,3.0,16076,5.1
4230904,24.0,50.0,0.0,0.0,7.4,20.4,2.0,16076,5.1
4230823,16.0,85.5,0.0,3.3,14.95,22.2,7.0,16076,5.1
4535280,23.5,41.5,0.0,0.0,5.6,20.4,1.0,16076,5.1
4535290,16.5,74.5,0.0,1.0,14.8,14.8,3.0,16076,5.1
4535350,16.5,63.5,0.0,1.0,9.399999999999999,18.5,2.0,16076,5.1
4535410,15.5,100.0,1.6,5.8,7.4,11.1,7.0,16076,5.1
4535420,14.0,88.0,0.0,0.0,5.6,11.1,1.0,16076,5.1
4535380,14.8,61.5,0.0,0.0,5.6,9.3,1.0,16076,5.1
4535532,2.5,90.0,0.0,0.0,7.4,16.7,1.0,16076,5.1
4535552,2.9,93.5,0.5,2.6,2.7,11.1,5.0,16076,5.1
4535572,0.0,80.5,0.0,0.0,3.6,13.0,1.0,16076,5.1
4535320,5.0,70.0,0.0,0.0,4.5,14.8,1.0,16076,5.1
4535340,7.7,95.0,0.0,3.4,7.4,9.3,7.0,16076,5.1
4535449,8.05,59.5,0.0,0.0,6.5,16.7,1.0,16076,5.1
4535460,10.75,64.5,0.0,0.0,6.5,16.7,3.0,16076,5.1
4535482,10.0,64.0,,,11.2,22.2,3.0,16076,5.1
4535502,12.5,58.0,0.0,0.0,24.0,33.3,1.0,16076,5.1
4535512,15.0,72.0,0.9,3.8,5.5,13.0,7.0,16076,5.1
4535582,16.5,70.5,0.0,3.0999999999999996,6.0,18.5,3.0,16076,5.1
4535622,17.5,66.0,0.0,2.5999999999999996,6.5,18.5,18.0,16076,5.1
4535602,20.0,58.5,0.0,0.0,5.5,16.7,1.0,16076,5.1
4803037,19.5,80.5,0.0,0.2,4.0,13.0,2.0,16076,5.1
4803057,24.5,54.0,0.0,0.0,12.0,24.1,2.0,16076,5.1
4803088,14.0,91.0,0.0,0.0,5.5,14.8,3.0,16076,5.1
4803098,13.5,66.0,0.0,0.0,5.5,13.0,1.0,16076,5.1
4803118,10.0,79.0,0.0,0.0,10.0,14.8,1.0,16076,5.1
4803138,13.0,63.0,0.0,0.0,6.5,13.0,1.0,16076,5.1
4803158,,,,,,,,16076,5.1
4803178,,,,,,,,16076,5.1
4803207,,,,,,,,16076,5.1
4803208,,,,,,,,16076,5.1
4803228,,,,,,,,16076,5.1
4803248,,,,,,,,16076,5.1
4803271,,,,,,,,16076,5.1
4803288,,,,,,,,16076,5.1
4803309,,,,,,,,16076,5.1
4803328,,,,,,,,16076,5.1
4803348,,,,,,,,16076,5.1
4803378,,,,,,,,16076,5.1
4803398,,,,,,,,16076,5.1
3657002,21.8,49.5,,,7.4,18.5,2.0,16170,6.8
3657037,20.55,61.5,,,2.7,13.0,1.0,16170,6.8
3657047,25.0,59.5,,,7.4,16.7,3.0,16170,6.8
3657076,18.5,45.5,,,18.55,27.8,2.0,16170,6.8
3657097,20.35,49.0,,,14.799999999999999,9.3,3.0,16170,6.8
3657117,9.0,100.0,,,2.7,5.5,5.0,16170,6.8
3657137,6.05,62.5,,,2.7,16.7,1.0,16170,6.8
3657162,9.45,51.0,,,13.0,29.6,2.0,16170,6.8
3657175,8.1,54.0,,,2.7,9.3,1.0,16170,6.8
3657225,3.5,100.0,,,4.5,5.5,1.0,16170,6.8
3657245,8.5,93.5,,,3.6,7.4,2.0,16170,6.8
3657305,16.45,64.5,,,7.6,18.5,1.0,16170,6.8
3657325,8.0,41.5,,,11.2,31.5,2.0,16170,6.8
3657334,13.55,34.0,,,3.6,18.5,2.0,16170,6.8
3657264,12.0,54.0,,,9.4,18.5,2.0,16170,6.8
3657295,24.15,35.5,,,30.599999999999998,31.5,2.0,16170,6.8
3657204,22.3,41.0,,,15.700000000000001,14.8,2.0,16170,6.8
3657353,21.1,53.0,,,6.5,16.7,2.0,16170,6.8
3657374,22.8,66.0,,,13.0,18.5,2.0,16170,6.8
3919075,31.400000000000002,27.0,0.0,0.0,12.1,18.5,2.0,16170,6.8
3919100,23.75,73.0,0.0,0.2,4.5,16.7,2.0,16170,6.8
3919120,24.65,70.0,0.3,1.3,2.7,20.4,7.0,16170,6.8
3919456,24.15,33.5,0.0,0.0,9.2,18.5,1.0,16170,6.8
3919171,19.5,77.5,0.0,0.0,2.7,5.5,4.0,16170,6.8
3919132,20.65,79.5,0.4,1.4000000000000004,5.4,14.8,3.0,16170,6.8
3919190,16.6,77.0,0.0,0.0,7.6,9.3,3.0,16170,6.8
3919400,10.25,94.5,0.0,0.0,3.6,7.4,2.0,16170,6.8
3919210,11.1,90.0,0.0,0.0,4.7,7.4,4.0,16170,6.8
3919230,5.0,61.0,0.0,0.0,13.0,14.8,3.0,16170,6.8
3919474,6.6,49.5,0.0,0.0,14.799999999999999,18.5,2.0,16170,6.8
3919260,14.8,68.5,0.0,0.8,17.5,16.7,3.0,16170,6.8
3919280,10.5,44.0,0.0,0.0,11.2,9.3,1.0,16170,6.8
3919300,13.0,87.5,1.0,1.5,6.5,20.4,7.0,16170,6.8
3919320,17.7,40.0,0.0,0.1,17.5,25.9,2.0,16170,6.8
3919331,15.3,49.5,0.0,0.0,9.4,16.7,3.0,16170,6.8
3919411,21.0,52.5,0.0,0.0,24.1,20.4,3.0,16170,6.8
3919360,17.5,70.5,0.2,3.4,4.5,22.2,3.0,16170,6.8
3919380,26.0,48.0,0.0,0.0,12.1,20.4,2.0,16170,6.8
4230542,32.5,37.0,0.0,0.0,13.0,24.1,3.0,16170,6.8
4230567,30.5,44.5,0.0,0.0,5.4,13.0,1.0,16170,6.8
4230594,25.55,43.0,0.0,0.0,4.5,11.1,1.0,16170,6.8
4230615,18.05,88.5,0.0,4.0,1.8,9.3,3.0,16170,6.8
4230637,17.0,68.0,0.4,0.8,18.55,25.9,2.0,16170,6.8
4230649,12.2,86.0,0.0,0.3,6.5,9.3,3.0,16170,6.8
4230664,10.85,51.0,0.0,0.0,12.95,14.8,2.0,16170,6.8
4230686,15.35,32.5,0.0,0.0,7.6,13.0,1.0,16170,6.8
4230706,11.75,89.5,0.0,0.1,6.5,9.3,7.0,16170,6.8
4230725,8.25,97.0,0.0,0.6000000000000001,7.6,11.1,7.0,16170,6.8
4230746,5.5,65.5,0.0,0.0,3.6,7.4,1.0,16170,6.8
4230766,12.5,75.5,0.4,0.30000000000000004,14.8,16.7,4.0,16170,6.8
4230786,10.5,87.5,1.9000000000000001,1.7,10.3,18.5,9.0,16170,6.8
4230806,10.0,94.0,0.0,2.8,5.4,16.7,7.0,16170,6.8
4230836,18.0,64.0,0.0,0.0,5.5,22.2,4.0,16170,6.8
4230846,22.5,39.5,0.0,0.0,17.65,27.8,2.0,16170,6.8
4230866,22.3,48.0,0.0,0.0,4.5,14.8,2.0,16170,6.8
4230885,21.95,53.0,0.4,0.3,9.4,14.8,2.0,16170,6.8
4230895,19.65,59.5,0.0,0.0,7.6,20.4,2.0,16170,6.8
4535261,33.0,35.0,0.0,0.0,18.4,20.4,1.0,16170,6.8
4535271,34.5,28.0,,,12.100000000000001,22.2,2.0,16170,6.8
4535292,23.0,61.0,0.0,0.0,1.8,13.0,3.0,16170,6.8
4535352,14.7,82.5,0.0,0.0,1.8,9.3,2.0,16170,6.8
4535412,19.0,83.0,0.0,0.0,3.6,7.4,2.0,16170,6.8
4535382,19.45,40.5,0.0,0.0,7.3999999999999995,,1.0,16170,6.8
4535533,9.0,63.0,0.0,2.3000000000000003,13.850000000000001,,9.0,16170,6.8
4535553,2.9,65.0,0.0,0.0,4.5,,2.0,16170,6.8
4535574,4.2,79.0,0.0,0.0,4.5,,2.0,16170,6.8
4535324,13.1,49.5,0.0,0.0,10.3,,3.0,16170,6.8
4535343,13.4,55.0,0.0,0.0,23.2,,2.0,16170,6.8
4535403,8.0,49.0,0.0,0.0,5.6,,1.0,16170,6.8
4535441,10.4,46.0,0.0,0.0,2.7,,2.0,16170,6.8
4535462,12.0,67.0,0.0,0.0,7.3,,7.0,16170,6.8
4535484,11.4,46.5,,,12.100000000000001,,3.0,16170,6.8
4535494,19.5,41.5,0.0,0.0,15.85,,2.0,16170,6.8
4535514,14.0,82.0,1.6,1.7000000000000002,4.0,,9.0,16170,6.8
4535584,22.0,51.5,1.5,0.6000000000000001,25.0,,3.0,16170,6.8
4535593,18.5,70.5,0.0,0.2,11.0,,2.0,16170,6.8
4803060,22.0,75.5,0.0,0.0,4.0,,7.0,16170,6.8
4803073,28.0,46.5,0.0,0.0,11.0,,2.0,16170,6.8
4803090,17.0,53.5,0.0,4.3,20.0,,2.0,16170,6.8
4803111,15.5,70.0,0.4,0.8999999999999999,10.0,,3.0,16170,6.8
4803129,19.5,80.5,0.4,0.7,5.0,,7.0,16170,6.8
4803151,10.25,79.0,,,8.350000000000001,,7.0,16170,6.8
4803180,,,,,,,,16170,6.8
4803190,,,,,,,,16170,6.8
4803211,,,,,,,,16170,6.8
4803230,,,,,,,,16170,6.8
4803250,,,,,,,,16170,6.8
4803273,,,,,,,,16170,6.8
4803291,,,,,,,,16170,6.8
4803311,,,,,,,,16170,6.8
4803332,,,,,,,,16170,6.8
4803352,,,,,,,,16170,6.8
4803370,,,,,,,,16170,6.8
4803391,,,,,,,,16170,6.8
4803410,,,,,,,,16170,6.8
3657005,20.7,52.0,,,6.5,25.9,2.0,16059,11.9
3657025,16.2,75.5,,,4.5,25.9,1.0,16059,11.9
3657057,19.5,85.5,,,5.4,16.7,4.0,16059,11.9
3657067,12.7,69.5,,,9.4,13.0,1.0,16059,11.9
3657086,16.0,46.5,,,4.5,13.0,1.0,16059,11.9
3657107,8.55,60.0,,,5.6,16.7,1.0,16059,11.9
3657127,5.85,89.0,,,4.5,14.8,5.0,16059,11.9
3657155,2.0,58.0,,,9.399999999999999,14.8,1.0,16059,11.9
3657186,4.5,84.0,,,2.7,9.3,2.0,16059,11.9
3657205,2.5,52.5,,,5.6000000000000005,13.0,1.0,16059,11.9
3657226,5.5,54.5,,,5.4,11.1,1.0,16059,11.9
3657247,3.0,100.0,,,4.5,13.0,5.0,16059,11.9
3657307,7.0,93.0,,,2.7,13.0,5.0,16059,11.9
3657328,6.65,40.5,,,4.5,16.7,1.0,16059,11.9
3657197,12.9,28.0,,,5.4,16.7,1.0,16059,11.9
3657266,8.15,66.0,,,12.1,20.4,3.0,16059,11.9
3657296,23.5,29.0,,,12.100000000000001,25.9,1.0,16059,11.9
3657346,18.6,42.5,,,8.3,22.2,2.0,16059,11.9
3657367,24.35,62.0,,,9.4,22.2,1.0,16059,11.9
3919070,26.299999999999997,47.5,0.0,0.0,6.5,24.1,2.0,16059,11.9
3919102,27.55,59.0,0.0,1.3,13.9,24.1,2.0,16059,11.9
3919113,24.299999999999997,71.5,0.0,0.2,4.5,22.2,3.0,16059,11.9
3919447,23.1,45.5,0.0,0.0,6.5,18.5,1.0,16059,11.9
3919163,19.1,68.5,0.0,0.0,8.5,18.5,1.0,16059,11.9
3919133,16.25,100.0,1.2999999999999998,2.4000000000000004,5.6,13.0,7.0,16059,11.9
3919152,9.65,60.0,0.0,0.0,6.5,11.1,1.0,16059,11.9
3919203,9.8,85.0,0.0,0.0,6.5,11.1,2.0,16059,11.9
3919212,7.0,88.5,0.0,0.0,6.5,7.4,4.0,16059,11.9
3919233,1.0,60.0,0.0,0.0,3.6,14.8,2.0,16059,11.9
3919243,7.7,43.0,0.0,0.0,6.5,18.5,1.0,16059,11.9
3919252,11.05,40.5,0.0,0.0,10.3,13.0,1.0,16059,11.9
3919273,3.5,72.5,0.0,0.0,4.5,14.8,3.0,16059,11.9
3919293,12.5,65.0,0.0,0.0,6.5,14.8,1.0,16059,11.9
3919313,16.3,18.0,0.0,0.1,12.1,40.8,2.0,16059,11.9
3919342,15.55,73.0,0.0,0.3,17.5,22.2,4.0,16059,11.9
3919422,21.5,45.0,0.0,0.0,10.3,18.5,1.0,16059,11.9
3919363,18.1,54.0,0.0,0.0,5.6000000000000005,20.4,2.0,16059,11.9
3919383,21.65,56.5,0.0,4.5,20.35,22.2,3.0,16059,11.9
4230548,21.5,80.5,6.199999999999999,26.200000000000003,7.4,20.4,9.0,16059,11.9
4230565,22.0,78.0,0.0,0.1,1.8,14.8,3.0,16059,11.9
4230585,20.15,59.5,0.0,0.0,8.5,14.8,1.0,16059,11.9
4230605,24.5,54.0,0.0,0.0,6.5,14.8,1.0,16059,11.9
4230629,12.65,72.0,0.0,0.0,10.3,14.8,2.0,16059,11.9
4230650,9.8,62.0,0.0,0.0,6.5,18.5,1.0,16059,11.9
4230662,4.0,45.0,0.0,0.0,13.0,13.0,2.0,16059,11.9
4230680,2.0,100.0,0.0,2.8000000000000003,4.5,9.3,5.0,16059,11.9
4230709,5.5,81.0,0.0,0.0,6.5,11.1,1.0,16059,11.9
4230727,1.5,93.0,0.0,0.0,4.5,9.3,5.0,16059,11.9
4230751,14.1,33.5,0.0,0.0,6.5,13.0,1.0,16059,11.9
4230767,7.5,100.0,0.0,0.0,4.5,14.8,5.0,16059,11.9
4230791,9.7,62.0,0.0,0.0,7.6,14.8,2.0,16059,11.9
4230815,7.65,96.0,0.0,5.0,9.4,18.5,3.0,16059,11.9
4230831,14.9,59.0,0.0,0.0,8.5,16.7,3.0,16059,11.9
4230816,20.3,61.5,0.0,0.0,5.4,14.8,1.0,16059,11.9
4230869,10.5,88.0,0.0,1.3,2.7,13.0,7.0,16059,11.9
4230889,22.0,57.0,0.9,0.0,15.649999999999999,20.4,3.0,16059,11.9
4230909,20.0,54.5,0.0,0.0,9.4,20.4,2.0,16059,11.9
4535249,26.25,55.5,0.0,0.0,10.3,24.1,2.0,16059,11.9
4535274,26.75,47.5,,,8.3,16.7,1.0,16059,11.9
4535295,20.5,62.0,0.0,0.0,5.4,16.7,3.0,16059,11.9
4535355,13.5,79.5,0.0,0.0,3.6,11.1,4.0,16059,11.9
4535365,15.6,90.5,0.0,0.0,0.9,11.1,4.0,16059,11.9
4535425,15.0,79.5,0.0,0.0,7.6,11.1,1.0,16059,11.9
4535385,7.5,87.0,0.0,0.0,3.6,9.3,5.0,16059,11.9
4535537,1.8,94.0,0.0,0.30000000000000004,5.6000000000000005,13.0,4.0,16059,11.9
4535546,-1.0,96.5,0.0,0.0,9.4,13.0,5.0,16059,11.9
4535566,8.25,45.0,0.0,0.0,4.5,9.3,1.0,16059,11.9
4535327,4.6,65.5,0.0,0.0,6.5,11.1,2.0,16059,11.9
4535344,10.45,69.0,0.0,0.0,5.4,14.8,1.0,16059,11.9
4535443,5.0,75.0,0.0,0.0,6.5,14.8,3.0,16059,11.9
4535464,9.5,49.5,0.0,0.0,8.5,13.0,1.0,16059,11.9
4535475,9.0,76.0,1.5,1.8,14.8,18.5,9.0,16059,11.9
4535497,15.45,58.5,0.0,0.1,8.5,18.5,3.0,16059,11.9
4535517,15.5,74.5,0.0,0.0,8.0,14.8,4.0,16059,11.9
4535587,19.0,56.0,0.4,3.0,4.5,20.4,18.0,16059,11.9
4535597,19.0,62.0,0.0,0.1,6.0,20.4,1.0,16059,11.9
4803042,20.0,80.5,0.0,0.30000000000000004,6.5,18.5,2.0,16059,11.9
4803061,20.5,76.0,0.8,0.0,5.5,14.8,4.0,16059,11.9
4803081,14.5,74.5,0.0,0.0,6.5,18.5,3.0,16059,11.9
4803092,13.5,74.5,0.0,0.0,8.5,24.1,1.0,16059,11.9
4803124,,,,,,,,16059,11.9
4803143,,,,,,,,16059,11.9
4803162,,,,,,,,16059,11.9
4803193,,,,,,,,16059,11.9
4803214,,,,,,,,16059,11.9
4803233,,,,,,,,16059,11.9
4803253,,,,,,,,16059,11.9
4803275,,,,,,,,16059,11.9
4803293,,,,,,,,16059,11.9
4803313,,,,,,,,16059,11.9
4803334,,,,,,,,16059,11.9
4803340,,,,,,,,16059,11.9
4803359,,,,,,,,16059,11.9
4803383,,,,,,,,16059,11.9
4803403,,,,,,,,16059,11.9
3657009,26.0,26.0,,,4.5,,2.0,16140,55.1
3657028,24.35,73.0,,,9.4,,2.0,16140,55.1
3657059,20.0,97.0,,,13.0,,7.0,16140,55.1
3657052,19.5,76.0,,,10.3,,2.0,16140,55.1
3657082,16.0,77.0,,,0.9,,3.0,16140,55.1
3657103,13.15,80.0,,,5.4,,5.0,16140,55.1
3657123,6.45,100.0,,,5.4,,5.0,16140,55.1
3657143,5.5,84.0,,,4.5,,4.0,16140,55.1
3657168,4.5,64.5,,,8.5,,1.0,16140,55.1
3657189,6.65,74.5,,,5.4,,4.0,16140,55.1
3657210,6.35,85.5,,,9.4,,3.0,16140,55.1
3657231,8.55,68.5,,,8.5,,1.0,16140,55.1
3657260,7.15,52.5,,,7.6,,2.0,16140,55.1
3657320,7.0,53.0,,,9.4,,1.0,16140,55.1
3657200,10.7,56.0,,,9.200000000000001,,4.0,16140,55.1
3657280,15.25,26.5,,,4.7,,1.0,16140,55.1
3657290,16.7,54.0,,,6.5,,3.0,16140,55.1
3657359,16.4,88.5,,,4.5,,4.0,16140,55.1
3657379,27.450000000000003,57.0,,,13.0,,3.0,16140,55.1
3919096,27.85,48.0,0.0,0.0,1.8,,2.0,16140,55.1
3919117,21.5,90.5,0.1,0.0,15.850000000000001,,4.0,16140,55.1
3919453,27.25,42.0,0.0,0.0,5.6,,2.0,16140,55.1
3919168,24.3,52.5,0.0,0.0,5.4,,2.0,16140,55.1
3919176,24.299999999999997,50.0,0.0,0.0,6.5,,2.0,16140,55.1
3919137,22.450000000000003,57.5,0.0,0.0,10.3,,3.0,16140,55.1
3919196,12.45,83.0,0.0,0.0,1.8,,2.0,16140,55.1
3919405,11.4,86.0,0.0,0.0,8.5,,4.0,16140,55.1
3919226,7.2,86.0,0.0,0.0,3.6,,5.0,16140,55.1
3919480,6.5,84.0,0.0,0.0,10.3,,1.0,16140,55.1
3919266,11.0,62.0,0.0,0.0,9.4,,1.0,16140,55.1
3919286,12.1,54.0,0.0,0.1,17.5,,2.0,16140,55.1
3919306,11.2,48.5,0.0,0.0,16.6,,2.0,16140,55.1
3919317,10.05,55.5,0.0,0.0,11.2,,1.0,16140,55.1
3919336,16.5,42.0,0.0,0.0,13.0,,2.0,16140,55.1
3919416,20.0,60.0,0.0,0.1,18.4,,3.0,16140,55.1
3919356,18.9,65.5,0.0,0.6,10.3,,3.0,16140,55.1
3919376,15.05,90.5,0.0,2.3999999999999995,3.6,,7.0,16140,55.1
3919396,22.85,54.5,0.0,2.0,11.2,,3.0,16140,55.1
4230535,33.5,40.0,0.0,0.0,13.9,,1.0,16140,55.1
4230558,28.0,43.5,0.0,0.0,9.4,,1.0,16140,55.1
4230579,22.5,54.5,1.7,1.0,13.0,,3.0,16140,55.1
4230600,27.0,42.5,0.0,0.0,7.4,,1.0,16140,55.1
4230618,16.1,77.0,0.0,2.4,8.5,,3.0,16140,55.1
4230627,23.0,37.0,0.0,0.0,9.4,,2.0,16140,55.1
4230653,10.05,94.5,0.0,0.8,4.8,,4.0,16140,55.1
4230673,4.6,74.0,0.0,0.0,5.4,,2.0,16140,55.1
4230701,13.15,45.0,0.0,0.0,12.1,,1.0,16140,55.1
4230719,7.0,100.0,1.9,3.0,16.6,,9.0,16140,55.1
4230769,11.0,94.0,3.0,4.2,21.4,,7.0,16140,55.1
4230790,14.35,48.5,0.0,0.0,14.8,,3.0,16140,55.1
4230743,11.95,95.5,1.1,7.000000000000001,6.5,,7.0,16140,55.1
4230819,11.25,78.5,0.0,0.0,7.3999999999999995,,3.0,16140,55.1
4230838,17.0,47.0,0.0,1.0,13.0,,4.0,16140,55.1
4230852,29.0,37.0,0.0,0.0,6.5,,1.0,16140,55.1
4230863,15.5,36.0,0.0,0.0,7.4,,2.0,16140,55.1
4230880,18.35,64.5,0.0,0.0,2.7,,3.0,16140,55.1
4230898,21.5,67.0,0.0,0.0,7.4,,3.0,16140,55.1
4803045,25.0,63.0,0.0,3.5,9.0,,3.0,16140,55.1
4803065,25.0,57.0,0.0,0.0,13.0,,2.0,16140,55.1
4803087,20.5,56.0,0.0,0.0,11.0,,2.0,16140,55.1
4803116,17.0,61.5,0.0,1.6,5.0,,2.0,16140,55.1
4803134,12.0,85.0,0.0,0.0,7.5,,1.0,16140,55.1
4803155,6.15,90.5,,,5.5,,7.0,16140,55.1
4803174,,,,,,,,16140,55.1
4803196,,,,,,,,16140,55.1
4803216,,,,,,,,16140,55.1
4803226,,,,,,,,16140,55.1
4803256,,,,,,,,16140,55.1
4803269,,,,,,,,16140,55.1
4803297,,,,,,,,16140,55.1
4803306,,,,,,,,16140,55.1
4803324,,,,,,,,16140,55.1
4803345,,,,,,,,16140,55.1
4803364,,,,,,,,16140,55.1
4803386,,,,,,,,16140,55.1
4803406,,,,,,,,16140,55.1
3657008,23.5,61.0,0.2,0.1,14.55,,,LIRI0,9.0
3657027,24.15,92.5,0.2,0.2,3.2,,,LIRI0,9.0
3657040,26.0,34.0,0.0,0.0,24.1,,,LIRI0,9.0
3657050,25.0,57.0,0.2,0.0,12.1,,,LIRI0,9.0
3657080,22.0,71.0,0.0,0.0,5.6,,,LIRI0,9.0
3657102,16.6,91.5,0.2,1.7999999999999998,6.5,,,LIRI0,9.0
3657122,16.5,79.5,0.0,0.0,4.8,,,LIRI0,9.0
3657142,6.15,84.0,0.0,0.0,14.0,,,LIRI0,9.0
3657178,10.3,72.5,0.0,0.0,5.75,,,LIRI0,9.0
3657229,9.5,85.0,0.0,0.0,5.2,,,LIRI0,9.0
3657249,10.25,52.5,0.0,0.4,17.6,,,LIRI0,9.0
3657309,11.350000000000001,86.0,0.0,0.0,4.5,,,LIRI0,9.0
3657319,8.0,81.0,5.300000000000001,9.1,16.75,,,LIRI0,9.0
3657338,13.0,31.5,0.0,0.0,24.1,,,LIRI0,9.0
3657269,7.75,86.0,4.4,8.1,8.8,,,LIRI0,9.0
3657289,18.0,75.5,0.0,0.0,17.65,,,LIRI0,9.0
3657208,21.450000000000003,61.0,0.0,0.0,6.65,,,LIRI0,9.0
3657358,18.85,70.5,0.0,14.000000000000002,2.9000000000000004,,,LIRI0,9.0
3657378,19.2,94.5,0.0,0.0,2.7,,,LIRI0,9.0
3919078,25.1,71.5,0.0,0.0,7.0,,1.0,LIRI0,9.0
3919107,24.5,74.0,0.0,0.9999999999999999,9.4,,3.0,LIRI0,9.0
3919125,28.5,64.0,0.0,0.0,12.100000000000001,,1.0,LIRI0,9.0
3919461,21.15,93.0,0.3,53.6,3.8,,8.0,LIRI0,9.0
3919175,23.0,61.0,0.0,0.0,5.4,,3.0,LIRI0,9.0
3919136,22.0,73.0,0.0,0.0,11.2,,3.0,LIRI0,9.0
3919156,17.0,77.5,2.0,7.6,4.5,,9.0,LIRI0,9.0
3919404,16.5,63.5,0.0,0.0,5.6,,1.0,LIRI0,9.0
3919216,15.0,82.5,0.3,0.0,3.6,,8.0,LIRI0,9.0
3919236,6.75,78.5,0.8,1.0,11.3,,8.0,LIRI0,9.0
3919479,2.7,67.5,0.0,0.0,24.3,,1.0,LIRI0,9.0
3919264,13.0,88.0,0.1,0.4,9.4,,7.0,LIRI0,9.0
3919277,14.5,69.5,1.3,26.3,23.200000000000003,,18.0,LIRI0,9.0
3919304,12.5,75.0,0.0,0.0,7.949999999999999,,2.0,LIRI0,9.0
3919325,14.35,59.5,0.0,0.2,16.200000000000003,,3.0,LIRI0,9.0
3919346,19.5,70.5,0.0,0.0,12.1,,2.0,LIRI0,9.0
3919426,19.35,58.5,0.0,0.1,22.15,,3.0,LIRI0,9.0
3919366,17.5,88.0,0.0,0.5,15.850000000000001,,3.0,LIRI0,9.0
3919386,24.5,63.0,0.30000000000000004,0.30000000000000004,12.100000000000001,,17.0,LIRI0,9.0
4230546,25.5,71.5,0.0,1.7,13.9,,3.0,LIRI0,9.0
4230566,26.5,74.5,0.0,0.0,4.5,,3.0,LIRI0,9.0
4230576,28.5,51.5,0.0,0.0,6.5,,3.0,LIRI0,9.0
4230598,21.3,76.0,0.0,0.0,9.5,,2.0,LIRI0,9.0
4230614,24.5,67.0,0.5,0.0,18.55,,8.0,LIRI0,9.0
4230642,18.5,64.0,0.0,0.30000000000000004,14.8,,3.0,LIRI0,9.0
4230663,9.5,48.0,0.0,1.1,22.3,,2.0,LIRI0,9.0
4230681,13.100000000000001,61.5,0.0,0.0,24.65,,3.0,LIRI0,9.0
4230702,10.75,86.5,0.0,0.0,10.3,,1.0,LIRI0,9.0
4230721,10.45,91.0,5.0,13.1,22.85,,9.0,LIRI0,9.0
4230738,8.35,57.5,0.0,0.0,18.0,,1.0,LIRI0,9.0
4230753,6.300000000000001,79.0,0.0,0.0,14.75,,1.0,LIRI0,9.0
4230771,11.899999999999999,62.0,0.0,0.0,9.5,,3.0,LIRI0,9.0
4230793,11.55,83.5,0.0,1.8,13.850000000000001,,3.0,LIRI0,9.0
4230832,13.350000000000001,88.5,2.7,1.7,15.1,,17.0,LIRI0,9.0
4230810,14.2,92.0,0.0,0.0,5.4,,1.0,LIRI0,9.0
4230860,17.5,48.0,0.0,0.0,18.0,,3.0,LIRI0,9.0
4230876,19.35,76.0,0.0,0.0,4.15,,3.0,LIRI0,9.0
4230902,27.25,60.0,0.0,0.0,6.65,,1.0,LIRI0,9.0
3657019,27.0,53.0,,,5.4,,1.0,16125,14.0
3657042,22.4,55.0,,,5.5,,1.0,16125,14.0
3657060,24.5,52.5,,,7.4,,2.0,16125,14.0
3657071,20.2,39.5,,,5.5,,1.0,16125,14.0
3657091,16.0,77.0,,,8.350000000000001,,1.0,16125,14.0
3657112,15.65,42.0,,,17.6,,2.0,16125,14.0
3657132,10.45,55.0,,,7.4,,2.0,16125,14.0
3657160,11.3,65.5,,,5.5,,2.0,16125,14.0
3657180,11.5,71.5,,,3.7,,1.0,16125,14.0
3657211,10.75,44.0,,,17.6,,2.0,16125,14.0
3657241,10.3,70.5,,,5.5,,2.0,16125,14.0
3657261,8.7,96.0,,,9.3,,9.0,16125,14.0
3657321,9.5,21.0,,,14.85,,1.0,16125,14.0
3657340,12.25,49.5,,,7.4,,3.0,16125,14.0
3657271,10.6,55.0,,,10.2,,3.0,16125,14.0
3657301,20.0,37.5,,,2.75,,1.0,16125,14.0
3657351,17.45,44.5,,,6.45,,2.0,16125,14.0
3657360,20.2,54.5,,,7.4,,2.0,16125,14.0
3657380,23.5,70.0,,,7.4,,2.0,16125,14.0
3919076,26.7,46.5,0.0,0.0,3.65,,2.0,16125,14.0
3919108,26.15,77.0,0.0,0.8,4.6,,2.0,16125,14.0
3919126,27.0,61.0,0.0,0.0,6.45,,2.0,16125,14.0
3919462,21.799999999999997,45.5,0.0,0.0,10.2,,1.0,16125,14.0
3919187,22.0,76.0,0.0,0.0,4.6,,3.0,16125,14.0
3919147,23.4,61.5,0.0,0.0,4.6,,1.0,16125,14.0
3919197,16.7,96.0,0.0,0.2,3.7,,2.0,16125,14.0
3919406,15.6,76.0,0.0,0.0,8.5,,2.0,16125,14.0
3919218,12.850000000000001,96.0,1.9000000000000001,4.6,13.9,,9.0,16125,14.0
3919238,6.6,35.5,0.0,0.0,18.5,,3.0,16125,14.0
3919481,10.25,65.0,0.0,0.0,5.5,,2.0,16125,14.0
3919267,12.0,100.0,0.0,1.9000000000000001,2.75,,3.0,16125,14.0
3919287,12.55,69.0,0.0,0.0,10.2,,2.0,16125,14.0
3919298,13.5,84.5,0.0,0.0,7.4,,2.0,16125,14.0
3919318,15.75,56.5,2.4,1.3,9.3,,2.0,16125,14.0
3919337,12.850000000000001,72.5,0.0,0.0,6.45,,2.0,16125,14.0
3919417,17.200000000000003,85.0,0.0,0.0,5.5,,3.0,16125,14.0
3919368,17.25,68.5,0.0,4.0,5.5,,3.0,16125,14.0
3919388,26.05,46.0,0.0,0.0,7.4,,2.0,16125,14.0
4185671,24.05,76.0,0.0,0.1,3.65,,2.0,16125,14.0
3657030,23.75,71.0,,,6.45,,25.0,16138,0.9
3657062,19.25,95.5,,,0.9,,2.0,16138,0.9
3657073,13.350000000000001,77.5,,,0.0,,1.0,16138,0.9
3657093,14.5,69.5,,,0.0,,2.0,16138,0.9
3657114,10.35,81.0,,,3.7,,4.0,16138,0.9
3657134,9.2,79.0,,,4.6,,2.0,16138,0.9
3657161,7.4,63.5,,,7.4,,2.0,16138,0.9
3657171,4.4,80.0,,,0.0,,2.0,16138,0.9
3657191,5.7,73.0,,,0.0,,4.0,16138,0.9
3657221,0.4,85.0,,,8.3,,5.0,16138,0.9
3657232,9.1,66.5,,,2.7,,1.0,16138,0.9
3657252,8.05,84.0,,,0.9,,4.0,16138,0.9
3657312,13.35,70.0,,,3.7,,2.0,16138,0.9
3657332,9.399999999999999,42.5,,,12.1,,2.0,16138,0.9
3657201,14.7,42.0,,,2.7,,1.0,16138,0.9
3657282,16.0,28.0,,,2.7,,1.0,16138,0.9
3657292,19.5,62.0,,,3.8,,3.0,16138,0.9
3657362,24.2,56.0,,,8.5,,3.0,16138,0.9
3657382,26.15,68.5,,,5.5,,2.0,16138,0.9
3919077,22.200000000000003,83.5,0.0,0.0,2.7,,7.0,16320,38.1
3919104,24.85,81.0,0.0,0.0,9.399999999999999,,3.0,16320,38.1
3919449,26.950000000000003,68.5,0.0,0.0,13.9,,1.0,16320,38.1
3919165,21.950000000000003,69.5,0.0,0.0,16.6,,1.0,16320,38.1
3919184,19.35,88.5,0.0,0.0,14.8,,2.0,16320,38.1
3919144,19.4,84.0,0.0,0.0,17.5,,3.0,16320,38.1
3919194,15.600000000000001,86.0,0.0,0.0,5.4,,2.0,16320,38.1
3919402,14.95,75.5,0.0,0.1,20.35,,3.0,16320,38.1
3919223,11.65,77.0,0.0,5.3,13.899999999999999,,2.0,16320,38.1
3919245,8.5,84.5,0.0,0.0,14.799999999999999,,2.0,16320,38.1
3919254,10.2,68.0,0.0,0.0,15.7,,2.0,16320,38.1
3919275,15.0,82.0,0.0,0.0,30.6,,3.0,16320,38.1
3919294,14.15,60.5,0.0,0.5,27.7,,2.0,16320,38.1
3919323,11.4,46.0,0.0,0.0,7.4,,2.0,16320,38.1
3919333,13.0,88.0,0.0,0.0,22.15,,25.0,16320,38.1
3919413,17.0,57.0,0.0,0.0,4.5,,2.0,16320,38.1
3919352,20.2,57.0,0.0,0.0,13.9,,1.0,16320,38.1
3919372,18.5,83.0,0.0,0.2,13.0,,4.0,16320,38.1
3919392,22.5,69.0,0.0,0.0,11.2,,2.0,16320,38.1
4230539,25.95,79.0,0.0,0.0,25.9,,1.0,16320,38.1
4230554,24.9,75.0,0.0,0.0,25.0,,1.0,16320,38.1
4230577,26.5,68.0,0.0,0.0,20.35,,1.0,16320,38.1
4230593,23.5,80.5,0.0,0.0,25.9,,2.0,16320,38.1
4230606,21.85,82.0,0.0,0.0,15.700000000000001,,2.0,16320,38.1
4230624,22.0,58.5,0.0,0.0,7.4,,2.0,16320,38.1
4230646,17.6,52.5,0.0,0.0,8.3,,2.0,16320,38.1
4230666,16.2,48.0,0.0,0.0,12.1,,2.0,16320,38.1
4230691,12.1,60.5,0.0,0.0,47.3,,3.0,16320,38.1
4230718,13.3,80.0,0.2,5.6,25.05,,25.0,16320,38.1
4230740,11.0,76.0,0.0,0.0,38.900000000000006,,1.0,16320,38.1
4230760,13.0,77.0,0.0,0.0,25.0,,2.0,16320,38.1
4230792,12.0,81.5,0.3,0.9,18.4,,8.0,16320,38.1
4230821,17.0,80.0,0.0,0.0,31.5,,3.0,16320,38.1
4230837,20.1,65.0,0.0,0.0,30.5,,1.0,16320,38.1
4230849,19.5,70.5,0.0,0.0,25.0,,1.0,16320,38.1
4230870,18.5,66.0,0.0,0.0,19.45,,1.0,16320,38.1
4230890,23.5,43.0,0.0,0.0,12.1,,2.0,16320,38.1
4230897,21.5,81.0,0.0,0.0,25.9,,4.0,16320,38.1
4535251,28.0,66.0,0.0,0.0,16.6,,7.0,16320,38.1
4535276,29.0,58.5,,,22.3,,1.0,16320,38.1
4535296,21.85,79.0,0.0,0.0,11.2,,2.0,16320,38.1
4535366,21.0,62.0,0.0,0.0,21.25,,4.0,16320,38.1
4535426,19.65,79.5,0.0,0.0,18.4,,2.0,16320,38.1
4535386,17.0,61.0,0.0,0.0,9.399999999999999,,1.0,16320,38.1
4535404,14.75,64.0,0.0,0.0,34.0,,2.0,16320,38.1
4535548,13.95,65.5,0.3,0.0,13.0,40.8,2.0,16320,38.1
4535557,10.0,66.5,0.0,0.0,17.5,,2.0,16320,38.1
4535577,14.65,70.5,0.0,0.0,13.9,20.4,2.0,16320,38.1
4535334,14.4,86.0,0.0,0.0,16.6,29.6,3.0,16320,38.1
4535435,10.0,73.0,0.0,0.0,2.7,16.7,1.0,16320,38.1
4535455,7.5,78.5,0.0,0.0,8.3,,1.0,16320,38.1
4535477,12.45,92.0,0.0,0.0,13.9,18.5,2.0,16320,38.1
4535499,12.5,85.0,0.0,0.4,1.8,,3.0,16320,38.1
4535506,16.85,56.5,0.0,0.0,15.0,25.9,3.0,16320,38.1
4535526,18.45,55.0,,,14.8,27.8,2.0,16320,38.1
4535617,24.9,40.0,0.0,0.0,13.0,24.1,1.0,16320,38.1
4535598,18.85,78.0,0.0,0.0,20.0,33.3,2.0,16320,38.1
4803052,27.200000000000003,77.5,0.0,0.0,17.5,27.8,2.0,16320,38.1
4803076,24.0,75.0,0.0,0.0,17.0,27.8,1.0,16320,38.1
4803082,21.4,69.5,0.0,0.0,13.0,29.6,3.0,16320,38.1
4803103,18.85,80.0,0.0,0.8,15.0,20.4,3.0,16320,38.1
4803125,16.85,70.5,0.0,0.0,8.0,18.5,1.0,16320,38.1
4803144,17.95,78.0,0.0,0.0,9.5,20.4,2.0,16320,38.1
4803163,,,,,,,,16320,38.1
4803182,,,,,,,,16320,38.1
4803200,,,,,,,,16320,38.1
4803221,,,,,,,,16320,38.1
4803234,,,,,,,,16320,38.1
4803254,,,,,,,,16320,38.1
4803276,,,,,,,,16320,38.1
4803294,,,,,,,,16320,38.1
4803315,,,,,,,,16320,38.1
4803342,,,,,,,,16320,38.1
4803360,,,,,,,,16320,38.1
4803393,,,,,,,,16320,38.1
4803412,,,,,,,,16320,38.1
3919072,25.95,40.0,0.0,0.0,7.3999999999999995,18.5,1.0,16080,16.4
3919106,28.700000000000003,53.0,0.0,0.0,9.4,18.5,2.0,16080,16.4
3919124,29.049999999999997,43.5,0.0,0.0,6.5,13.0,1.0,16080,16.4
3919458,23.9,20.0,0.0,0.0,13.0,29.6,1.0,16080,16.4
3919173,18.85,85.5,0.0,0.5,11.2,18.5,7.0,16080,16.4
3919145,13.100000000000001,90.5,0.0,0.0,1.8,3.7,1.0,16080,16.4
3919154,14.95,51.0,0.0,0.0,1.8,11.1,2.0,16080,16.4
3919205,14.399999999999999,63.0,0.0,0.0,3.6,14.8,2.0,16080,16.4
3919215,8.0,100.0,0.0,0.0,3.6,7.4,5.0,16080,16.4
3919235,6.35,60.0,0.0,0.0,9.4,16.7,2.0,16080,16.4
3919477,3.8,70.0,0.0,0.0,14.9,33.3,3.0,16080,16.4
3919262,12.95,63.0,0.0,0.0,13.0,20.4,1.0,16080,16.4
3919282,14.5,52.0,0.0,0.0,6.5,20.4,1.0,16080,16.4
3919303,16.1,33.5,0.0,0.0,4.5,14.8,2.0,16080,16.4
3919314,17.5,48.5,0.0,0.0,11.2,25.9,2.0,16080,16.4
3919345,21.0,46.0,0.0,0.0,10.3,20.4,2.0,16080,16.4
3919425,18.0,60.0,0.0,0.0,7.4,20.4,2.0,16080,16.4
3919365,19.5,52.5,0.0,0.0,11.2,24.1,3.0,16080,16.4
3919385,26.5,43.5,0.0,0.0,7.6,18.5,2.0,16080,16.4
4230549,23.0,86.0,0.0,0.0,10.3,20.4,25.0,16080,16.4
4230570,26.0,63.0,0.0,0.0,9.4,13.0,3.0,16080,16.4
4230589,25.55,43.0,0.0,0.0,7.2,11.1,1.0,16080,16.4
4230607,25.0,49.5,0.0,0.0,13.9,20.4,1.0,16080,16.4
4230625,15.9,83.5,0.0,0.0,10.3,18.5,3.0,16080,16.4
4230647,8.0,73.5,0.0,0.0,3.6,14.8,1.0,16080,16.4
4230672,7.0,93.0,0.0,0.3,4.5,14.8,9.0,16080,16.4
4230683,9.55,72.0,0.0,0.0,13.0,29.6,2.0,16080,16.4
4230700,11.5,48.5,0.0,0.0,7.4,35.2,1.0,16080,16.4
4230733,0.5,96.5,0.0,0.0,5.4,9.3,5.0,16080,16.4
4230749,5.05,99.0,0.0,0.0,5.4,11.1,5.0,16080,16.4
4230772,11.05,87.0,0.0,0.3,7.4,14.8,3.0,16080,16.4
4230783,11.0,79.5,0.0,0.0,4.5,9.3,5.0,16080,16.4
4230798,10.95,94.0,1.7,0.2,13.9,22.2,4.0,16080,16.4
4230830,19.4,50.0,0.0,0.0,11.2,22.2,1.0,16080,16.4
4230808,23.5,51.5,0.0,0.0,10.3,16.7,1.0,16080,16.4
4230858,9.35,74.5,0.0,0.0,25.9,35.2,7.0,16080,16.4
4230882,20.5,52.5,0.0,0.0,6.5,13.0,2.0,16080,16.4
4230900,23.0,51.5,0.0,0.0,9.4,18.5,2.0,16080,16.4
4535264,27.95,64.5,0.0,0.0,2.7,14.8,1.0,16080,16.4
4535287,20.95,58.5,0.0,0.0,6.5,18.5,1.0,16080,16.4
4535297,23.0,57.0,0.0,0.0,6.5,13.0,3.0,16080,16.4
4535357,16.0,67.5,0.0,0.0,3.6,13.0,2.0,16080,16.4
4535415,19.2,76.5,0.0,0.1,1.8,11.1,7.0,16080,16.4
4535375,11.0,100.0,0.0,0.0,1.8,3.7,1.0,16080,16.4
4535387,8.4,96.5,0.0,0.0,1.8,5.5,1.0,16080,16.4
4535538,5.5,90.0,0.0,0.0,4.5,7.4,3.0,16080,16.4
4535558,1.5,90.0,0.0,0.3,2.7,14.8,3.0,16080,16.4
4535578,4.95,81.5,0.0,0.0,6.5,7.4,5.0,16080,16.4
4535315,1.0,67.0,0.0,0.0,8.5,9.3,1.0,16080,16.4
4535346,8.05,98.5,0.0,0.1,5.4,14.8,9.0,16080,16.4
4535446,6.2,63.0,0.0,0.0,7.6,13.0,2.0,16080,16.4
4535466,11.4,51.5,0.0,0.0,9.4,16.7,3.0,16080,16.4
4535487,12.45,83.0,,,16.6,27.8,8.0,16080,16.4
4535508,22.1,38.5,0.0,0.0,10.0,25.9,1.0,16080,16.4
4535528,15.899999999999999,66.5,,,7.4,20.4,3.0,16080,16.4
4535618,22.3,54.0,0.0,0.1,8.0,20.4,18.0,16080,16.4
4535599,20.5,49.0,0.0,0.0,11.0,27.8,1.0,16080,16.4
3919099,26.4,75.5,0.0,1.3,13.0,,2.0,16084,34.1
3919119,25.200000000000003,80.5,0.2,0.1,4.5,,2.0,16084,34.1
3919455,23.6,25.5,0.0,0.0,7.4,,1.0,16084,34.1
3919170,19.6,97.5,2.6,8.3,12.1,,7.0,16084,34.1
3919131,23.4,66.5,0.0,0.0,13.0,,3.0,16084,34.1
3919139,22.9,63.0,0.0,0.0,4.5,,2.0,16084,34.1
3919189,11.850000000000001,96.0,0.0,0.0,3.7,,3.0,16084,34.1
3919399,9.8,100.0,0.0,0.0,0.0,,5.0,16084,34.1
3919220,7.300000000000001,91.5,0.0,0.0,5.6,,2.0,16084,34.1
3919241,1.5,100.0,0.0,0.0,3.6,,2.0,16084,34.1
3919473,15.9,53.0,0.0,0.0,4.5,,1.0,16084,34.1
3919270,6.1,90.0,0.0,0.0,4.5,,2.0,16084,34.1
3919290,15.3,74.0,0.0,0.0,7.6,,2.0,16084,34.1
3919310,20.0,24.5,0.0,0.0,23.200000000000003,,1.0,16084,34.1
3919330,18.1,28.0,0.0,0.0,12.100000000000001,,2.0,16084,34.1
3919410,19.0,85.5,0.0,0.1,21.4,,3.0,16084,34.1
3919350,21.55,80.5,0.0,0.0,8.4,,3.0,16084,34.1
3919370,14.600000000000001,100.0,0.4,1.1,7.4,,7.0,16084,34.1
3919390,19.65,98.0,3.9,2.5,7.4,,3.0,16084,34.1
4803048,26.2,55.5,0.0,0.5,15.0,,7.0,16084,34.1
4803072,29.5,71.0,0.0,0.0,16.0,,1.0,16084,34.1
4803101,12.1,100.0,2.8,6.5,5.25,,9.0,16084,34.1
4803110,12.05,100.0,0.0,0.0,2.75,,3.0,16084,34.1
4803128,15.05,100.0,0.0,0.0,3.7,,4.0,16084,34.1
4803150,8.55,95.5,,,3.7,,3.0,16084,34.1
4803169,,,,,,,,16084,34.1
4803199,,,,,,,,16084,34.1
4803219,,,,,,,,16084,34.1
4803238,,,,,,,,16084,34.1
4803261,,,,,,,,16084,34.1
4803280,,,,,,,,16084,34.1
4803298,,,,,,,,16084,34.1
4803319,,,,,,,,16084,34.1
4803338,,,,,,,,16084,34.1
4803367,,,,,,,,16084,34.1
4803381,,,,,,,,16084,34.1
4803390,,,,,,,,16084,34.1
4803409,,,,,,,,16084,34.1
4230532,29.8,63.0,0.0,0.0,11.2,,25.0,16244,1.7
4230547,34.55,35.5,0.0,0.0,12.05,,1.0,16244,1.7
4230562,31.15,44.0,0.0,0.0,11.15,,2.0,16244,1.7
4230590,24.5,52.0,0.0,0.0,5.0,,2.0,16244,1.7
4230603,28.55,39.0,0.0,0.0,6.45,,2.0,16244,1.7
4230640,14.5,85.0,0.0,0.2,7.5,,3.0,16244,1.7
4230658,11.0,33.5,0.0,0.0,9.3,,1.0,16244,1.7
4230677,12.399999999999999,71.5,0.0,2.4000000000000004,16.65,,2.0,16244,1.7
4230695,12.6,69.0,0.0,0.0,3.7,,2.0,16244,1.7
4230716,12.55,83.5,0.0,10.9,6.45,,7.0,16244,1.7
4230737,9.65,44.5,0.0,0.0,5.5,,1.0,16244,1.7
4230757,12.3,64.5,0.0,0.0,7.4,,1.0,16244,1.7
4230776,14.399999999999999,70.0,0.0,0.0,6.45,,1.0,16244,1.7
4230795,15.1,56.5,0.0,0.4,18.5,,3.0,16244,1.7
4230825,11.05,91.5,0.0,0.0,5.5,,2.0,16244,1.7
4230814,21.55,54.5,0.0,0.0,6.45,,1.0,16244,1.7
4230867,12.95,81.5,0.3,0.7,6.55,,3.0,16244,1.7
4230886,18.85,81.0,0.0,0.3,5.5,,2.0,16244,1.7
4230907,21.15,60.5,0.0,0.0,8.350000000000001,,2.0,16244,1.7
4535253,29.700000000000003,65.0,0.0,0.1,7.4,,2.0,16084,49.9
4535266,31.35,56.0,0.0,0.0,7.4,,1.0,16084,49.9
4535288,21.1,61.5,0.0,0.0,5.6,,4.0,16084,49.9
4535306,17.9,97.5,0.0,0.0,3.6500000000000004,,3.0,16084,49.9
4535417,18.7,100.0,0.0,0.30000000000000004,9.2,,5.0,16084,49.9
4535377,11.6,100.0,0.0,0.0,1.0,,5.0,16084,49.9
4535397,3.55,83.5,0.0,0.0,5.5,,2.0,16084,49.9
4535406,6.5,100.0,0.0,0.0,5.0,,5.0,16084,49.9
4535550,3.6,100.0,0.0,0.0,0.0,,5.0,16084,49.9
4535570,10.3,60.5,0.0,0.0,3.6,,1.0,16084,49.9
4535328,8.1,79.0,0.0,0.0,0.0,,4.0,16084,49.9
4535347,6.0,100.0,0.3,0.6,8.350000000000001,,8.0,16084,49.9
4535447,3.0,97.5,0.0,0.0,3.8,,5.0,16084,49.9
4535456,8.4,99.5,0.0,0.3,5.6,,5.0,16084,49.9
4535479,16.2,43.5,0.0,0.0,6.5,,1.0,16084,49.9
4535509,21.3,44.0,0.0,0.0,6.0,,1.0,16084,49.9
4535529,17.9,99.5,0.0,0.8,11.5,,25.0,16084,49.9
4535619,26.299999999999997,55.5,0.0,0.0,9.0,,3.0,16084,49.9
4535600,20.25,69.5,0.0,0.2,12.15,,2.0,16084,49.9
4803054,25.0,65.0,0.0,0.0,6.5,,1.0,16084,49.9
4803084,21.2,73.5,0.0,0.0,4.5,,1.0,16084,49.9
4803095,17.799999999999997,76.0,0.0,0.0,4.5,,3.0,16084,49.9
4803115,14.9,86.5,0.0,0.0,1.0,,2.0,16084,49.9
4803133,14.2,100.0,8.4,12.5,4.5,,8.0,16084,49.9
4803145,8.55,100.0,0.0,0.0,5.5,,2.0,16084,49.9
4803165,,,,,,,,16084,49.9
4803184,,,,,,,,16084,49.9
4803202,,,,,,,,16084,49.9
4803224,,,,,,,,16084,49.9
4803242,,,,,,,,16084,49.9
4803264,,,,,,,,16084,49.9
4803284,,,,,,,,16084,49.9
4803300,,,,,,,,16084,49.9
4803336,,,,,,,,16084,49.9
4803355,,,,,,,,16084,49.9
4803375,,,,,,,,16084,49.9
4803396,,,,,,,,16084,49.9
4803415,,,,,,,,16084,49.9
4535279,31.5,55.5,,,8.5,,1.0,16105,8.1
4535299,23.0,57.0,0.0,0.0,11.2,,1.0,16105,8.1
4535369,20.0,58.0,0.0,0.0,7.4,,2.0,16105,8.1
4535429,17.5,83.0,0.0,0.0,3.6,,1.0,16105,8.1
4535389,14.7,63.0,0.0,0.0,6.5,,2.0,16105,8.1
4535399,7.0,71.0,0.0,0.0,3.6,,3.0,16105,8.1
4535541,7.05,77.5,0.5,10.099999999999998,44.45,,7.0,16105,8.1
4535561,4.0,76.0,0.0,0.0,13.9,,4.0,16105,8.1
4535581,7.6,42.5,0.0,0.0,6.5,,2.0,16105,8.1
4535319,6.8,42.5,0.0,0.0,7.4,,1.0,16105,8.1
4535339,9.1,94.5,0.6,0.3,19.45,,7.0,16105,8.1
4535438,8.5,97.0,1.2999999999999998,10.3,17.65,,7.0,16105,8.1
4535459,10.3,62.0,0.0,0.0,9.399999999999999,,3.0,16105,8.1
4535491,15.05,46.0,,,18.4,,2.0,16105,8.1
4535501,13.65,79.0,0.6,1.9000000000000001,7.4,,7.0,16105,8.1
4535521,17.5,64.0,0.0,0.0,12.0,,1.0,16105,8.1
4535591,20.5,54.5,0.0,0.0,13.0,,2.0,16105,8.1
4535631,18.0,78.0,0.0,1.5,14.0,,3.0,16105,8.1
4535611,18.0,66.0,0.0,0.0,11.0,,3.0,16105,8.1
4535282,21.5,25.0,0.0,0.0,34.4,50.0,2.0,16066,33.8
4535301,20.5,44.5,0.0,0.0,4.5,18.5,2.0,16066,33.8
4535361,17.0,85.5,0.7,0.0,10.3,11.1,7.0,16066,33.8
4535422,11.5,97.0,0.0,0.0,6.5,9.3,5.0,16066,33.8
4535390,8.6,52.0,0.0,0.0,9.4,11.1,2.0,16066,33.8
4535402,10.15,73.5,0.0,0.0,6.5,13.0,1.0,16066,33.8
4535544,6.25,67.0,0.0,0.0,9.2,9.3,1.0,16066,33.8
4535564,4.2,75.0,0.0,0.0,3.6,9.3,1.0,16066,33.8
4535573,1.15,72.0,0.0,0.0,4.7,9.3,1.0,16066,33.8
4535323,6.0,100.0,0.0,3.8,8.5,18.5,7.0,16066,33.8
4535330,6.9,94.0,0.30000000000000004,0.1,4.5,9.3,5.0,16066,33.8
4535431,2.0,81.0,0.0,0.0,5.4,13.0,3.0,16066,33.8
4535451,11.4,69.5,0.0,0.0,3.6,11.1,3.0,16066,33.8
4535471,16.9,31.5,0.0,0.0,7.4,14.8,1.0,16066,33.8
4535493,15.45,65.0,0.0,0.1,10.3,25.9,3.0,16066,33.8
4535513,15.5,65.0,0.0,0.0,3.0,13.0,4.0,16066,33.8
4535583,18.0,68.0,0.0,1.2,8.0,16.7,3.0,16066,33.8
4535623,19.5,60.0,0.0,0.0,9.5,11.1,3.0,16066,33.8
4535604,14.5,88.0,0.0,0.0,14.0,25.9,1.0,16066,33.8
4803039,21.5,71.0,0.0,0.30000000000000004,5.5,20.4,2.0,16066,33.8
4803059,21.0,76.0,0.0,0.0,5.5,14.8,2.0,16066,33.8
4803079,15.5,70.0,1.3,3.4,16.5,29.6,7.0,16066,33.8
4803100,17.0,50.0,0.0,0.0,5.0,9.3,1.0,16066,33.8
4803121,11.0,94.0,1.0,0.0,6.5,14.8,8.0,16066,33.8
4803140,13.5,56.5,0.0,0.0,6.5,13.0,1.0,16066,33.8
4803160,,,,,,,,16066,33.8
4803210,,,,,,,,16066,33.8
4803229,,,,,,,,16066,33.8
4803189,,,,,,,,16066,33.8
4803249,,,,,,,,16066,33.8
4803260,,,,,,,,16066,33.8
4803279,,,,,,,,16066,33.8
4803307,,,,,,,,16066,33.8
4803318,,,,,,,,16066,33.8
4803331,,,,,,,,16066,33.8
4803351,,,,,,,,16066,33.8
4803380,,,,,,,,16066,33.8
4803400,,,,,,,,16066,33.8
4803055,23.0,73.0,0.0,0.1,15.0,25.9,3.0,16158,5.4
4803063,25.4,74.5,1.0,8.900000000000002,16.0,25.9,3.0,16158,5.4
4803085,21.7,55.5,0.0,0.0,17.0,25.9,3.0,16158,5.4
4803105,21.0,41.5,0.0,0.0,7.5,18.5,1.0,16158,5.4
4803126,17.4,96.0,1.6,3.9000000000000004,10.0,16.7,7.0,16158,5.4
4803146,12.7,86.0,0.0,0.0,10.0,13.0,4.0,16158,5.4
4803166,,,,,,,,16158,5.4
4803173,,,,,,,,16158,5.4
4803203,,,,,,,,16158,5.4
4803225,,,,,,,,16158,5.4
4803243,,,,,,,,16158,5.4
4803265,,,,,,,,16158,5.4
4803285,,,,,,,,16158,5.4
4803301,,,,,,,,16158,5.4
4803323,,,,,,,,16158,5.4
4803344,,,,,,,,16158,5.4
4803362,,,,,,,,16158,5.4
4803384,,,,,,,,16158,5.4
4803404,,,,,,,,16158,5.4
3624340,20.5,62.5,0.0,0.0,8.3,24.1,2.0,10403,10.4
3624371,18.5,73.5,0.0,0.0,3.6,16.7,3.0,10403,10.4
3624389,22.0,65.0,0.0,0.0,8.3,16.7,5.0,10403,10.4
3624407,9.5,87.5,0.0,0.0,0.9,9.3,3.0,10403,10.4
3624425,17.0,77.5,0.4,0.0,16.6,46.3,7.0,10403,10.4
3624444,10.0,79.0,0.0,0.0,9.4,24.1,4.0,10403,10.4
3624462,3.5,96.5,0.2,0.6,2.7,16.7,7.0,10403,10.4
3624479,9.0,94.0,0.0,0.0,10.3,22.2,4.0,10403,10.4
3624507,2.0,100.0,0.0,0.0,12.1,20.4,5.0,10403,10.4
3624520,6.0,93.0,0.0,0.2,9.4,24.1,5.0,10403,10.4
3624552,7.0,53.0,0.0,0.0,16.6,37.0,2.0,10403,10.4
3624586,7.0,61.0,0.0,0.0,11.2,16.7,2.0,10403,10.4
3624617,12.5,54.0,0.0,0.0,13.0,31.5,3.0,10403,10.4
3624649,7.5,49.0,0.0,0.0,16.6,24.1,3.0,10403,10.4
3624670,16.0,33.5,0.0,0.0,13.0,31.5,2.0,10403,10.4
3624688,16.0,48.0,0.0,0.0,11.2,22.2,2.0,10403,10.4
3624705,21.0,49.5,0.0,0.0,13.0,22.2,2.0,10403,10.4
3903547,20.5,44.5,0.0,0.0,10.3,25.9,2.0,10403,10.4
3903565,22.0,71.5,2.8,0.30000000000000004,8.3,25.9,7.0,10403,10.4
3903583,27.5,39.5,0.0,0.0,4.5,22.2,2.0,10403,10.4
3903603,14.5,59.0,0.0,1.1,22.3,40.8,18.0,10403,10.4
3903620,16.5,50.0,0.0,0.0,16.6,29.6,2.0,10403,10.4
3903639,15.0,83.0,0.0,0.30000000000000004,3.6,24.1,2.0,10403,10.4
3903657,9.5,90.5,0.0,1.0999999999999999,7.4,14.8,7.0,10403,10.4
3903674,6.5,96.5,0.0,0.0,7.4,20.4,2.0,10403,10.4
3903683,1.0,93.0,0.0,0.1,10.3,20.4,14.0,10403,10.4
3903709,7.0,84.0,0.0,0.0,0.0,9.3,4.0,10403,10.4
3903727,10.0,94.0,0.0,1.3,15.700000000000001,46.3,7.0,10403,10.4
3903746,8.0,68.5,0.1,0.0,16.6,27.8,4.0,10403,10.4
3903765,12.5,60.0,0.0,0.0,9.399999999999999,29.6,4.0,10403,10.4
3903783,14.0,46.0,0.0,0.0,11.2,25.9,2.0,10403,10.4
3903801,12.0,91.0,1.7,2.2,8.3,37.0,7.0,10403,10.4
3903819,20.0,56.0,0.6,0.1,4.5,18.5,3.0,10403,10.4
3903845,21.5,39.0,0.0,0.0,9.4,29.6,1.0,10403,10.4
4221734,21.5,51.5,0.0,0.2,10.3,31.5,2.0,10403,10.4
4221743,22.0,78.0,0.0,0.0,9.4,14.8,2.0,10403,10.4
4221762,16.5,67.5,0.7,0.1,12.1,35.2,3.0,10403,10.4
4221780,16.5,72.5,0.0,0.0,9.4,29.6,2.0,10403,10.4
4221800,14.0,74.5,0.0,0.7,16.75,35.2,7.0,10403,10.4
4221953,7.5,96.5,1.2000000000000002,3.9000000000000004,10.3,24.1,7.0,10403,10.4
4221972,0.5,72.0,0.0,0.0,6.5,14.8,3.0,10403,10.4
4221991,8.0,76.0,0.0,0.0,6.5,18.5,3.0,10403,10.4
4221888,1.0,87.0,0.0,0.7,14.8,35.2,12.0,10403,10.4
4221897,3.5,84.0,0.0,0.0,12.1,42.6,4.0,10403,10.4
4222006,13.0,77.0,0.0,0.0,11.2,22.2,3.0,10403,10.4
4222028,6.5,71.0,0.4,0.6000000000000001,14.95,40.8,17.0,10403,10.4
4222133,14.5,46.5,0.0,0.0,17.5,31.5,2.0,10403,10.4
4222151,13.5,67.0,0.0,0.9,17.5,38.9,3.0,10403,10.4
4222169,23.5,52.0,0.0,0.0,15.700000000000001,42.6,2.0,10403,10.4
4222358,16.5,50.0,0.0,0.0,25.0,55.5,3.0,10403,10.4
4222375,23.5,42.5,0.0,0.0,10.3,25.9,2.0,10403,10.4
4534540,21.5,75.5,0.2,0.8,8.5,35.2,7.0,10403,10.4
4534565,16.5,48.0,0.0,0.0,14.8,24.1,2.0,10403,10.4
4534583,14.0,67.5,0.0,0.0,10.3,31.5,17.0,10403,10.4
4534601,17.0,74.5,0.3,4.2,13.9,25.9,7.0,10403,10.4
4534619,8.5,87.5,0.0,0.0,0.9,13.0,4.0,10403,10.4
4534637,16.0,59.0,0.0,0.0,17.5,51.8,3.0,10403,10.4
4534654,8.5,71.0,0.1,0.2,26.799999999999997,51.8,7.0,10403,10.4
4534663,3.5,90.0,0.0,0.1,11.2,33.3,7.0,10403,10.4
4534682,0.0,96.5,0.0,0.0,8.5,16.7,5.0,10403,10.4
4534709,8.0,93.0,0.8,1.1,3.6,11.1,7.0,10403,10.4
4534727,5.0,75.0,0.0,0.0,5.4,22.2,4.0,10403,10.4
4534745,14.0,67.0,0.0,0.0,10.3,37.0,7.0,10403,10.4
4534763,9.0,66.5,0.0,0.0,0.0,14.8,2.0,10403,10.4
4534781,12.5,45.5,0.0,0.0,15.0,29.6,3.0,10403,10.4
4534798,23.0,28.0,0.0,0.0,25.0,37.0,2.0,10403,10.4
4534825,16.5,77.5,0.0,14.799999999999999,10.0,25.9,4.0,10403,10.4
4534844,18.5,40.0,0.0,0.0,18.0,31.5,3.0,10403,10.4
4829225,,,,,,,,10403,10.4
4829335,,,,,,,,10403,10.4
4829352,,,,,,,,10403,10.4
4829362,,,,,,,,10403,10.4
4829380,,,,,,,,10403,10.4
4829397,,,,,,,,10403,10.4
4829416,,,,,,,,10403,10.4
4829434,,,,,,,,10403,10.4
4829452,,,,,,,,10403,10.4
4829479,,,,,,,,10403,10.4
4829496,,,,,,,,10403,10.4
4829524,,,,,,,,10403,10.4
4829541,,,,,,,,10403,10.4
4829559,,,,,,,,10403,10.4
4829578,,,,,,,,10403,10.4
4829596,,,,,,,,10403,10.4
4829614,,,,,,,,10403,10.4
3624342,24.85,39.0,0.0,0.0,13.5,32.0,3.0,10325,17.5
3624359,16.2,89.0,0.5,0.2,8.45,24.0,8.0,10325,17.5
3624377,17.8,68.5,0.0,0.0,4.85,13.0,4.0,10325,17.5
3624395,19.4,63.5,0.0,0.6,19.65,50.0,8.0,10325,17.5
3624414,11.75,61.5,0.0,0.0,8.1,23.0,4.0,10325,17.5
3624421,9.55,82.0,1.6,0.0,5.6,20.0,8.0,10325,17.5
3624439,9.149999999999999,80.5,0.0,0.0,15.649999999999999,33.0,4.0,10325,17.5
3624457,3.55,84.0,0.0,0.0,9.5,22.0,4.0,10325,17.5
3624475,7.3,98.0,0.1,0.0,7.75,15.0,7.0,10325,17.5
3624503,4.55,87.0,0.0,0.0,8.8,23.0,7.0,10325,17.5
3624530,5.4,67.0,0.0,0.0,20.299999999999997,45.0,4.0,10325,17.5
3624563,7.0,51.5,0.0,0.0,22.85,58.0,4.0,10325,17.5
3624597,0.6,75.0,0.0,0.0,8.3,23.0,4.0,10325,17.5
3624642,4.35,47.0,0.0,0.0,12.05,35.0,4.0,10325,17.5
3624665,15.5,27.5,0.0,0.0,8.850000000000001,26.0,4.0,10325,17.5
3624683,11.9,59.0,0.0,0.0,7.75,21.0,4.0,10325,17.5
3624701,19.2,51.5,0.0,0.0,8.1,28.0,3.0,10325,17.5
3624343,28.049999999999997,54.0,0.0,0.0,5.949999999999999,18.0,3.0,10852,13.0
3624360,14.7,71.0,0.0,0.0,12.8,22.0,4.0,10852,13.0
3624379,19.6,47.0,0.0,0.0,6.3,17.0,3.0,10852,13.0
3624404,10.55,82.0,0.0,0.0,5.949999999999999,14.0,4.0,10852,13.0
3624422,16.6,57.5,0.0,0.0,10.45,20.0,4.0,10852,13.0
3624440,2.35,99.5,0.0,0.0,6.8,14.0,5.0,10852,13.0
3624458,7.199999999999999,82.5,0.0,1.3,36.349999999999994,61.0,7.0,10852,13.0
3624476,3.2,93.0,0.0,0.0,6.300000000000001,10.0,7.0,10852,13.0
3624504,2.0,78.0,0.0,0.0,15.5,26.0,4.0,10852,13.0
3624534,5.05,55.0,0.0,0.0,20.15,37.0,3.0,10852,13.0
3624566,7.949999999999999,40.5,0.0,0.0,27.2,43.0,3.0,10852,13.0
3624581,3.5,52.0,0.0,0.0,22.5,37.0,1.0,10852,13.0
3624644,0.35,58.0,0.0,0.0,10.8,20.0,4.0,10852,13.0
3624612,14.25,53.5,0.0,0.0,19.95,32.0,4.0,10852,13.0
3624666,10.95,56.5,0.0,0.0,16.2,31.0,2.0,10852,13.0
3624684,12.95,59.5,0.0,0.1,8.8,19.0,4.0,10852,13.0
3624702,21.15,50.0,0.0,0.0,9.7,27.0,1.0,10852,13.0
3903550,20.299999999999997,58.5,0.0,0.0,10.45,27.0,4.0,10852,13.0
3903569,20.0,77.0,0.1,0.0,10.25,32.0,8.0,10852,13.0
3903587,23.5,46.0,0.0,0.0,7.75,19.0,2.0,10852,13.0
3903605,10.55,76.0,0.4,0.2,21.75,39.0,8.0,10852,13.0
3903622,14.649999999999999,83.5,0.2,0.3,8.3,16.0,8.0,10852,13.0
3903641,17.45,69.0,0.0,0.0,16.55,31.0,3.0,10852,13.0
3903658,8.35,86.5,0.1,0.0,12.75,24.0,8.0,10852,13.0
3903675,5.9,95.5,0.0,0.0,5.6,10.0,4.0,10852,13.0
3903693,-0.6499999999999999,95.5,0.0,0.0,8.8,16.0,10.0,10852,13.0
3903713,5.5,84.0,0.3,0.0,35.3,66.0,8.0,10852,13.0
3903731,10.5,75.5,0.0,0.0,24.3,43.0,4.0,10852,13.0
3903749,1.85,73.0,0.0,0.0,20.0,32.0,1.0,10852,13.0
3903767,17.55,39.0,0.0,0.0,6.1,19.0,4.0,10852,13.0
3903785,5.5,81.5,0.0,0.1,16.6,29.0,8.0,10852,13.0
3903803,12.350000000000001,74.5,0.0,0.0,9.2,18.0,3.0,10852,13.0
3903820,18.75,54.5,0.0,0.0,7.95,23.0,4.0,10852,13.0
3903837,24.75,41.0,0.0,0.0,11.350000000000001,24.0,4.0,10852,13.0
4221728,31.450000000000003,36.5,0.0,0.0,5.95,15.0,1.0,10852,13.0
4221746,25.0,48.5,0.0,0.0,6.3,17.0,2.0,10852,13.0
4221764,15.05,61.5,0.0,0.0,12.8,25.0,4.0,10852,13.0
4221782,18.65,47.5,0.0,0.0,15.850000000000001,27.0,4.0,10852,13.0
4221803,14.5,52.0,0.0,0.0,23.4,47.0,4.0,10852,13.0
4221956,6.65,66.0,0.0,0.5,21.6,45.0,4.0,10852,13.0
4221974,-11.2,96.5,0.0,0.0,3.25,9.0,5.0,10852,13.0
4221993,5.5,82.5,0.0,0.0,4.3,10.0,4.0,10852,13.0
4221891,-4.6,92.5,0.0,0.0,13.0,22.0,4.0,10852,13.0
4221909,5.4,61.0,0.0,0.0,4.7,12.0,1.0,10852,13.0
4222009,10.55,73.0,0.0,0.0,12.25,23.0,4.0,10852,13.0
4222030,6.55,71.0,0.0,0.0,18.7,32.0,1.0,10852,13.0
4222136,13.55,47.5,0.0,0.0,13.5,24.0,4.0,10852,13.0
4222154,17.05,57.0,0.0,0.0,10.45,22.0,4.0,10852,13.0
4222171,13.2,70.5,0.0,0.0,6.15,11.0,4.0,10852,13.0
4222360,18.799999999999997,32.5,0.0,0.0,13.65,31.0,1.0,10852,13.0
4222378,15.1,64.0,0.0,0.0,9.55,20.0,1.0,10852,13.0
4534545,29.5,41.5,0.0,0.0,12.1,22.0,1.0,10852,13.0
4534562,12.7,60.5,0.0,0.0,19.1,32.0,4.0,10852,13.0
4534572,12.8,87.0,0.0,0.0,5.4,12.0,1.0,10852,13.0
4534590,8.55,90.5,0.4,0.4,8.65,15.0,8.0,10852,13.0
4534607,11.5,89.0,0.0,0.0,14.05,29.0,4.0,10852,13.0
4534625,4.1,93.0,0.0,0.0,4.85,14.0,4.0,10852,13.0
4534644,4.2,74.0,0.0,0.0,10.8,19.0,1.0,10852,13.0
4534661,3.55,79.5,0.0,0.0,16.75,29.0,4.0,10852,13.0
4534680,-0.9,66.0,0.0,0.0,10.6,19.0,1.0,10852,13.0
4534706,11.6,57.0,0.0,0.0,3.05,7.0,4.0,10852,13.0
4534734,-1.25,86.5,0.0,0.0,3.05,7.0,7.0,10852,13.0
4534752,5.65,60.5,0.0,0.0,17.65,29.0,1.0,10852,13.0
4534769,5.1,74.0,0.0,0.0,22.35,35.2,4.0,10852,13.0
4534787,10.4,52.5,0.0,0.0,10.8,24.0,1.0,10852,13.0
4534806,21.75,31.5,0.0,0.0,8.45,25.9,4.0,10852,13.0
4534823,10.45,87.0,1.1,5.6000000000000005,8.100000000000001,15.0,7.0,10852,13.0
4534842,16.8,38.0,0.0,0.0,19.799999999999997,59.0,4.0,10852,13.0
4829245,19.1,57.0,0.0,0.0,8.1,19.0,1.0,10852,13.0
4829342,28.5,39.0,0.0,0.0,4.85,14.0,1.0,10852,13.0
4829360,,,,,,,,10852,13.0
4829378,,,,,,,,10852,13.0
4829387,,,,,,,,10852,13.0
4829405,,,,,,,,10852,13.0
4829423,,,,,,,,10852,13.0
4829441,,,,,,,,10852,13.0
4829459,,,,,,,,10852,13.0
4829468,,,,,,,,10852,13.0
4829486,,,,,,,,10852,13.0
4829504,,,,,,,,10852,13.0
4829522,,,,,,,,10852,13.0
4829549,,,,,,,,10852,13.0
4829567,,,,,,,,10852,13.0
4829585,,,,,,,,10852,13.0
4829603,,,,,,,,10852,13.0
3624346,26.9,37.0,0.0,0.0,21.6,46.0,2.0,10385,9.3
3624363,18.5,74.0,0.0,1.6,13.65,22.0,17.0,10385,9.3
3624372,21.65,79.5,0.0,0.4,12.1,21.0,17.0,10385,9.3
3624390,20.25,74.0,0.0,0.0,15.8,25.0,4.0,10385,9.3
3624408,11.5,72.5,0.0,0.1,14.55,22.0,4.0,10385,9.3
3624426,14.85,53.5,0.0,0.0,18.55,30.0,3.0,10385,9.3
3624445,10.8,75.5,0.0,0.0,22.5,39.0,4.0,10385,9.3
3624463,1.85,74.5,0.0,0.0,28.8,48.0,4.0,10385,9.3
3624480,8.55,92.0,0.0,0.0,16.4,24.0,4.0,10385,9.3
3624508,2.3499999999999996,85.5,0.0,0.0,7.199999999999999,17.0,4.0,10385,9.3
3624554,7.6,51.5,0.0,0.0,22.1,35.0,3.0,10385,9.3
3624588,6.35,66.0,0.0,0.0,15.299999999999999,24.0,4.0,10385,9.3
3624619,11.45,19.0,0.0,0.0,23.549999999999997,38.0,1.0,10385,9.3
3624650,4.55,48.0,0.0,0.0,30.2,54.0,4.0,10385,9.3
3624671,14.15,39.5,0.0,0.0,14.600000000000001,32.0,1.0,10385,9.3
3624689,14.45,43.0,0.0,0.0,7.699999999999999,15.0,4.0,10385,9.3
3624706,19.8,44.5,0.0,0.0,26.1,46.0,4.0,10385,9.3
3903545,21.85,33.5,0.0,0.0,16.55,28.0,2.0,10385,9.3
3903564,19.85,90.5,0.7,0.5,10.8,18.0,7.0,10385,9.3
3903582,21.45,35.5,0.0,0.0,24.85,44.0,2.0,10385,9.3
3903600,11.649999999999999,68.5,0.3,0.6,19.8,46.0,18.0,10385,9.3
3903627,17.75,66.0,0.0,0.0,14.6,28.0,3.0,10385,9.3
3903645,20.7,63.0,0.0,0.0,7.9,13.0,2.0,10385,9.3
3903663,11.05,90.5,0.0,0.0,13.0,30.0,3.0,10385,9.3
3903681,3.3499999999999996,69.0,0.0,0.0,35.099999999999994,61.0,14.0,10385,9.3
3903707,3.0,59.5,0.0,0.0,16.75,30.0,3.0,10385,9.3
3903726,6.0,57.0,0.0,0.0,24.3,41.0,2.0,10385,9.3
3903744,5.75,60.5,0.0,0.4,24.65,44.0,4.0,10385,9.3
3903762,15.8,58.0,0.0,2.6,11.55,22.0,17.0,10385,9.3
3903771,8.05,91.5,0.5,1.4000000000000001,23.05,33.0,7.0,10385,9.3
3903789,9.9,88.0,0.30000000000000004,0.30000000000000004,14.2,24.0,7.0,10385,9.3
3903807,12.75,75.0,0.0,0.4,19.1,33.0,7.0,10385,9.3
3903826,21.35,30.5,0.0,0.0,25.0,48.0,2.0,10385,9.3
3903843,20.4,30.5,0.0,0.0,11.15,35.0,2.0,10385,9.3
4221723,28.35,47.0,0.0,0.0,15.3,28.0,2.0,10385,9.3
4221740,20.799999999999997,50.5,0.0,0.0,17.1,30.0,3.0,10385,9.3
4221759,18.4,51.5,0.0,0.0,24.45,36.0,3.0,10385,9.3
4221785,18.2,65.0,0.0,0.0,30.6,53.0,3.0,10385,9.3
4221825,10.55,61.0,0.0,0.0,24.1,41.0,3.0,10385,9.3
4221960,1.4,93.5,0.4,0.1,12.6,20.0,12.0,10385,9.3
4221978,4.75,89.5,0.0,0.0,11.899999999999999,21.0,4.0,10385,9.3
4221876,4.5,86.0,0.0,3.4000000000000004,26.65,44.0,7.0,10385,9.3
4221903,7.5,57.0,0.0,0.0,13.15,21.0,2.0,10385,9.3
4222003,13.0,77.5,0.0,0.0,9.0,17.0,3.0,10385,9.3
4222025,9.850000000000001,57.5,0.0,0.0,25.0,42.0,2.0,10385,9.3
4222120,13.1,63.5,0.0,0.0,8.65,16.0,4.0,10385,9.3
4222139,9.100000000000001,76.0,0.0,1.1,29.5,48.0,17.0,10385,9.3
4222157,22.15,53.0,0.0,0.0,14.0,27.0,3.0,10385,9.3
4222175,7.550000000000001,56.0,0.0,0.2,14.4,28.0,3.0,10385,9.3
4222363,18.5,68.0,0.0,0.0,23.950000000000003,38.0,17.0,10385,9.3
4222381,18.6,56.0,0.0,0.0,18.0,30.0,17.0,10385,9.3
4534555,22.5,67.5,0.0,0.0,21.6,20.4,2.0,10385,9.3
4534573,23.25,38.5,0.0,0.0,16.35,36.0,1.0,10385,9.3
4534591,13.4,63.0,0.0,0.0,9.75,18.0,4.0,10385,9.3
4534609,14.5,82.0,0.0,0.0,17.8,30.0,3.0,10385,9.3
4534627,5.55,82.0,0.0,0.0,20.0,33.0,1.0,10385,9.3
4534646,4.75,72.5,0.0,0.0,13.65,27.0,2.0,10385,9.3
4534664,0.8500000000000001,84.5,0.0,0.0,22.85,36.0,4.0,10385,9.3
4534690,4.65,87.5,0.0,0.0,7.6,15.0,4.0,10385,9.3
4534699,5.35,76.5,0.0,0.0,11.7,17.0,1.0,10385,9.3
4534717,3.3499999999999996,87.0,0.0,0.7,8.45,11.0,4.0,10385,9.3
4534735,0.0,68.0,0.0,0.2,8.8,15.0,4.0,10385,9.3
4534753,8.1,60.5,0.0,0.0,21.6,35.0,4.0,10385,9.3
4534771,8.0,60.5,0.0,0.1,14.0,31.5,2.0,10385,9.3
4534789,7.55,33.0,0.0,0.0,27.2,43.0,2.0,10385,9.3
4534808,9.399999999999999,78.5,0.0,0.4,14.0,29.6,3.0,10385,9.3
4534826,15.55,58.0,0.0,0.0,10.25,20.0,3.0,10385,9.3
4534834,16.9,53.5,0.0,0.0,13.5,26.0,4.0,10385,9.3
4829226,21.6,54.0,,,16.7,27.8,3.0,10385,9.3
4829337,,,,,,,,10385,9.3
4829358,,,,,,,,10385,9.3
4829376,,,,,,,,10385,9.3
4829394,,,,,,,,10385,9.3
4829403,,,,,,,,10385,9.3
4829421,,,,,,,,10385,9.3
4829439,,,,,,,,10385,9.3
4829457,,,,,,,,10385,9.3
4829485,,,,,,,,10385,9.3
4829502,,,,,,,,10385,9.3
4829520,,,,,,,,10385,9.3
4829538,,,,,,,,10385,9.3
4829565,,,,,,,,10385,9.3
4829583,,,,,,,,10385,9.3
4829601,,,,,,,,10385,9.3
4829619,,,,,,,,10385,9.3
3624345,29.200000000000003,47.0,0.0,0.0,6.5,21.0,3.0,10739,5.3
3624362,16.4,62.5,0.0,0.3,9.35,25.0,4.0,10739,5.3
3624381,19.4,60.0,0.0,0.0,9.350000000000001,21.0,1.0,10739,5.3
3624398,21.95,44.0,0.0,0.0,12.95,25.0,4.0,10739,5.3
3624417,13.6,52.0,0.0,0.0,5.9,11.0,1.0,10739,5.3
3624435,6.2,82.5,0.0,0.0,10.1,17.0,1.0,10739,5.3
3624452,2.5,76.0,0.0,0.0,11.5,24.0,4.0,10739,5.3
3624461,4.4,76.5,0.0,0.0,10.1,23.0,8.0,10739,5.3
3624478,5.050000000000001,91.0,0.0,0.0,6.300000000000001,18.0,4.0,10739,5.3
3624506,1.4,82.0,0.0,0.0,6.15,13.0,1.0,10739,5.3
3624537,6.9,50.5,0.0,0.0,20.55,38.0,1.0,10739,5.3
3624570,8.25,38.5,0.0,0.0,20.2,43.0,1.0,10739,5.3
3624603,3.75,41.5,0.0,0.0,13.7,31.0,1.0,10739,5.3
3624635,10.15,34.5,0.0,0.0,17.799999999999997,37.0,2.0,10739,5.3
3624660,5.05,98.0,3.6,12.2,9.7,27.0,8.0,10739,5.3
3624687,9.85,84.0,0.0,1.7999999999999998,16.75,32.0,4.0,10739,5.3
3624704,21.85,37.5,0.0,0.0,10.25,30.0,2.0,10739,5.3
3903551,26.35,25.5,0.0,0.0,11.850000000000001,37.0,1.0,10739,5.3
3903570,20.9,75.0,4.7,0.0,9.55,34.0,8.0,10739,5.3
3903588,19.35,78.5,1.7,0.0,10.8,32.0,8.0,10739,5.3
3903606,11.399999999999999,72.0,0.2,0.30000000000000004,21.05,50.0,8.0,10739,5.3
3903623,13.2,72.0,0.0,0.0,18.55,35.0,3.0,10739,5.3
3903631,17.1,75.5,0.2,0.9,12.95,35.0,8.0,10739,5.3
3903649,23.35,54.0,0.0,0.0,10.25,17.0,4.0,10739,5.3
3903668,12.2,70.5,0.0,0.0,17.6,25.0,4.0,10739,5.3
3903687,-1.45,84.0,0.0,0.0,15.700000000000001,31.0,15.0,10739,5.3
3903714,3.1,93.5,3.3,2.6,11.85,30.0,8.0,10739,5.3
3903732,13.75,56.0,0.0,0.0,25.6,55.0,4.0,10739,5.3
3903750,2.0,71.5,0.0,0.0,8.1,19.0,4.0,10739,5.3
3903768,18.299999999999997,27.5,0.0,0.0,10.1,25.0,4.0,10739,5.3
3903793,9.6,62.0,0.5,0.0,16.2,55.0,8.0,10739,5.3
3903812,14.2,67.5,0.0,0.0,18.15,37.0,4.0,10739,5.3
3903831,16.55,60.5,0.0,0.0,10.95,27.0,8.0,10739,5.3
3903849,22.5,39.0,0.0,0.0,12.399999999999999,31.0,1.0,10739,5.3
4221729,31.349999999999998,42.0,0.0,0.0,12.8,36.0,4.0,10739,5.3
4221747,26.0,47.5,0.0,0.0,7.6,22.0,1.0,10739,5.3
4221765,13.850000000000001,82.5,3.1999999999999997,0.0,13.3,32.0,8.0,10739,5.3
4221783,19.65,44.5,0.0,0.0,7.050000000000001,21.0,8.0,10739,5.3
4221804,14.100000000000001,61.5,0.0,0.0,11.7,30.0,8.0,10739,5.3
4221957,8.0,61.5,0.0,0.4,14.05,31.0,8.0,10739,5.3
4221975,-3.6500000000000004,81.0,0.0,0.1,13.350000000000001,30.0,10.0,10739,5.3
4221984,9.2,67.5,0.0,0.0,14.95,37.0,4.0,10739,5.3
4221882,4.95,76.5,0.0,0.1,14.950000000000001,38.0,7.0,10739,5.3
4221910,7.0,57.0,0.0,0.0,5.6,14.0,2.0,10739,5.3
4222010,9.45,68.5,0.2,0.1,15.15,37.0,8.0,10739,5.3
4222031,8.5,50.0,0.0,0.0,11.850000000000001,23.0,4.0,10739,5.3
4222137,6.2,65.0,0.0,0.0,14.05,24.0,4.0,10739,5.3
4222155,19.2,42.0,0.0,0.0,8.45,25.0,4.0,10739,5.3
4222172,23.65,43.0,0.0,0.0,8.100000000000001,18.0,4.0,10739,5.3
4222369,17.75,46.0,0.0,0.0,16.7,35.0,4.0,10739,5.3
4222387,19.55,53.0,0.0,0.1,14.600000000000001,34.0,4.0,10739,5.3
4534550,30.65,46.5,0.0,0.0,8.65,20.4,3.0,10739,5.3
4534568,21.7,63.5,0.0,0.0,9.899999999999999,20.0,4.0,10739,5.3
4534586,11.95,79.5,0.0,0.0,8.25,15.0,4.0,10739,5.3
4534603,17.1,66.0,0.0,0.0,14.950000000000001,28.0,3.0,10739,5.3
4534621,4.25,96.5,0.0,0.0,3.05,8.0,4.0,10739,5.3
4534631,5.0,56.5,0.0,0.0,17.1,32.0,4.0,10739,5.3
4534649,6.7,66.5,0.0,0.0,31.0,56.0,4.0,10739,5.3
4534667,6.9,71.0,0.0,0.0,15.85,34.0,8.0,10739,5.3
4534685,0.6499999999999999,100.0,0.0,0.0,2.15,5.0,5.0,10739,5.3
4534694,2.05,72.0,0.0,0.0,10.8,19.0,3.0,10739,5.3
4534712,5.35,56.5,0.0,0.0,9.2,21.0,1.0,10739,5.3
4534730,0.25,74.5,0.0,0.0,10.649999999999999,23.0,4.0,10739,5.3
4534747,3.3,87.0,0.0,0.1,5.6,9.0,4.0,10739,5.3
4534765,5.6,70.0,0.0,0.0,4.7,16.7,4.0,10739,5.3
4534793,16.799999999999997,55.5,0.0,0.5,11.85,28.0,4.0,10739,5.3
4534811,10.75,90.0,0.0,1.4,8.45,18.0,4.0,10739,5.3
4534829,21.200000000000003,33.5,0.0,0.0,12.399999999999999,26.0,2.0,10739,5.3
4829243,20.1,61.5,0.0,0.1,8.65,39.0,4.0,10739,5.3
4829349,22.85,50.5,0.0,0.0,7.550000000000001,13.0,1.0,10739,5.3
4829367,,,,,,,,10739,5.3
4829385,,,,,,,,10739,5.3
4829402,,,,,,,,10739,5.3
4829430,,,,,,,,10739,5.3
4829448,,,,,,,,10739,5.3
4829466,,,,,,,,10739,5.3
4829474,,,,,,,,10739,5.3
4829493,,,,,,,,10739,5.3
4829511,,,,,,,,10739,5.3
4829529,,,,,,,,10739,5.3
4829547,,,,,,,,10739,5.3
4829564,,,,,,,,10739,5.3
4829574,,,,,,,,10739,5.3
4829592,,,,,,,,10739,5.3
4829610,,,,,,,,10739,5.3
3624347,25.55,44.0,0.0,0.0,18.55,,,D1278,21.3
3624364,16.4,88.0,4.8,0.6000000000000001,11.35,,,D1278,21.3
3624382,12.55,74.0,0.0,0.0,4.85,,,D1278,21.3
3624399,18.2,59.5,0.0,0.0,15.299999999999999,,,D1278,21.3
3624418,10.4,69.0,0.0,0.0,16.2,,,D1278,21.3
3624436,9.55,71.5,0.0,0.0,15.649999999999999,,,D1278,21.3
3624454,3.45,89.0,1.6,0.2,7.75,,,D1278,21.3
3624472,0.15000000000000002,88.0,0.0,0.0,11.5,,,D1278,21.3
3624482,7.0,92.0,0.1,0.30000000000000004,11.7,,,D1278,21.3
3624509,4.25,86.0,0.0,0.0,5.2,,,D1278,21.3
3624539,4.7,91.0,1.1,0.7999999999999999,25.75,,,D1278,21.3
3624572,5.85,54.0,0.0,0.0,28.799999999999997,,,D1278,21.3
3624605,4.199999999999999,56.5,0.0,0.0,10.45,,,D1278,21.3
3624637,10.0,42.5,0.0,0.0,23.4,,,D1278,21.3
3624662,6.15,75.5,0.6000000000000001,0.1,24.5,,,D1278,21.3
3624680,11.25,74.5,0.0,0.0,14.95,,,D1278,21.3
3624708,20.7,35.0,0.0,0.0,20.35,,,D1278,21.3
3903548,20.85,34.5,0.0,0.0,10.05,,3.0,D1278,21.3
3903567,23.05,61.0,1.4,0.0,10.25,,3.0,D1278,21.3
3903585,22.65,31.0,0.0,0.0,16.2,,1.0,D1278,21.3
3903612,15.55,67.5,0.0,8.1,21.45,,8.0,D1278,21.3
3903630,18.450000000000003,60.0,0.0,0.0,16.2,,2.0,D1278,21.3
3903648,19.3,73.5,0.0,0.0,7.4,,3.0,D1278,21.3
3903666,13.9,60.0,0.0,0.0,16.75,,3.0,D1278,21.3
3903685,1.25,79.0,0.0,0.0,15.3,,3.0,D1278,21.3
3903711,0.15,87.5,0.0,0.0,6.449999999999999,,3.0,D1278,21.3
3903729,9.149999999999999,89.0,0.2,1.9999999999999998,34.2,,7.0,D1278,21.3
3903747,2.85,80.5,0.0,0.1,14.75,,7.0,D1278,21.3
3903756,5.699999999999999,91.5,0.1,0.6,21.6,,8.0,D1278,21.3
3903775,11.3,74.0,2.6,0.4,9.0,,7.0,D1278,21.3
3903792,9.45,84.5,0.0,0.0,10.8,,3.0,D1278,21.3
3903810,12.6,52.5,0.0,0.0,6.3,,1.0,D1278,21.3
3903829,19.7,36.0,0.0,0.0,17.1,,2.0,D1278,21.3
3903847,18.6,49.5,0.0,0.0,9.75,,2.0,D1278,21.3
4221726,31.15,46.0,0.0,0.0,13.15,,3.0,D1278,21.3
4221751,23.7,56.0,0.0,0.0,9.149999999999999,,1.0,D1278,21.3
4221768,18.0,58.0,0.0,0.0,16.4,,3.0,D1278,21.3
4221787,16.65,65.0,0.0,0.4,19.1,,2.0,D1278,21.3
4221827,10.55,83.5,0.1,1.1,18.4,,3.0,D1278,21.3
4221963,3.05,83.0,0.0,1.7,18.9,,3.0,D1278,21.3
4221980,5.6,87.5,0.0,0.0,15.5,,3.0,D1278,21.3
4221879,5.35,93.0,1.1,0.8,21.25,,9.0,D1278,21.3
4221906,5.7,76.0,0.0,0.0,16.95,,1.0,D1278,21.3
4221914,8.55,71.0,0.0,0.0,27.35,,3.0,D1278,21.3
4222016,9.15,72.5,0.0,0.0,17.450000000000003,,3.0,D1278,21.3
4222122,9.2,76.0,0.0,0.0,14.05,,3.0,D1278,21.3
4222141,10.0,58.0,0.0,2.5,24.1,,3.0,D1278,21.3
4222160,21.35,49.0,0.0,0.0,14.8,,3.0,D1278,21.3
4222178,6.35,72.5,0.7,0.0,12.4,,9.0,D1278,21.3
4222365,16.9,51.0,0.0,0.0,6.300000000000001,,3.0,D1278,21.3
4222384,19.200000000000003,58.0,0.0,0.0,6.449999999999999,,3.0,D1278,21.3
4534546,20.4,46.5,0.0,0.0,18.0,,2.0,D1278,21.3
4534563,15.2,47.5,0.0,0.0,23.75,,3.0,D1278,21.3
4534581,12.3,61.5,0.0,0.0,24.5,,17.0,D1278,21.3
4534599,17.3,78.0,0.0,0.0,9.7,,3.0,D1278,21.3
4534618,8.45,66.0,0.0,0.0,3.95,,3.0,D1278,21.3
4534636,3.2,75.0,0.0,0.0,16.55,,3.0,D1278,21.3
4534653,4.35,97.5,0.0,0.0,13.85,,5.0,D1278,21.3
4534672,2.7,84.5,0.0,0.0,19.049999999999997,,3.0,D1278,21.3
4534689,1.2000000000000002,87.5,0.1,0.0,17.8,,12.0,D1278,21.3
4534707,7.300000000000001,79.0,0.1,0.4,20.15,,3.0,D1278,21.3
4534725,5.35,67.0,0.0,0.0,16.75,,3.0,D1278,21.3
4534743,13.649999999999999,58.5,0.0,0.0,10.8,,3.0,D1278,21.3
4534762,13.4,53.0,0.0,0.0,11.7,,1.0,D1278,21.3
4534780,12.3,50.5,0.0,0.0,18.7,,3.0,D1278,21.3
4534797,12.3,75.0,0.0,0.0,12.95,,3.0,D1278,21.3
4534816,15.149999999999999,50.0,0.0,0.0,15.850000000000001,,3.0,D1278,21.3
4534833,12.35,69.0,0.0,0.0,5.2,,1.0,D1278,21.3
4829244,24.25,43.0,0.0,0.0,15.15,,3.0,D1278,21.3
4829336,19.1,56.0,3.0,0.0,19.6,,17.0,D1278,21.3
4829359,16.95,64.5,0.0,0.0,13.65,,3.0,D1278,21.3
4829377,9.7,53.5,0.0,0.0,4.5,,2.0,D1278,21.3
4829395,9.7,92.0,0.0,0.0,8.45,,8.0,D1278,21.3
4829413,1.5,59.5,0.0,0.0,10.05,,3.0,D1278,21.3
4829431,5.7,79.5,0.1,0.7,13.15,,3.0,D1278,21.3
4829449,7.7,78.0,0.0,0.0,11.0,,3.0,D1278,21.3
4829467,2.2,98.0,0.0,0.3,5.2,,3.0,D1278,21.3
4829476,,,,,,,,D1278,21.3
4829503,,,,,,,,D1278,21.3
4829521,,,,,,,,D1278,21.3
4829539,,,,,,,,D1278,21.3
4829557,,,,,,,,D1278,21.3
4829575,,,,,,,,D1278,21.3
4829593,,,,,,,,D1278,21.3
4829611,,,,,,,,D1278,21.3
3624348,23.5,52.0,0.0,0.0,12.1,27.8,2.0,10416,11.9
3624365,15.5,85.0,0.9,3.6999999999999997,6.5,25.9,18.0,10416,11.9
3624383,15.5,67.5,0.0,0.0,19.45,22.2,4.0,10416,11.9
3624400,17.0,72.5,0.0,0.30000000000000004,21.25,35.2,4.0,10416,11.9
3624411,12.0,62.0,0.0,0.0,2.7,16.7,4.0,10416,11.9
3624429,14.0,67.0,0.5,1.8000000000000003,28.6,38.9,7.0,10416,11.9
3624447,9.5,79.0,0.0,0.0,17.5,25.9,4.0,10416,11.9
3624465,3.5,93.0,1.6,1.6,17.5,24.1,7.0,10416,11.9
3624483,9.0,90.5,0.0,0.0,9.399999999999999,20.4,4.0,10416,11.9
3624510,3.0,100.0,0.0,0.0,8.5,11.1,5.0,10416,11.9
3624541,6.0,90.0,3.9000000000000004,8.7,23.25,57.4,9.0,10416,11.9
3624574,9.0,87.0,2.5,6.0,43.55,63.0,8.0,10416,11.9
3624624,15.5,37.5,0.0,0.0,15.7,25.9,4.0,10416,11.9
3624655,4.0,44.5,0.0,0.0,15.700000000000001,31.5,4.0,10416,11.9
3624673,13.5,34.0,0.0,0.0,19.45,33.3,1.0,10416,11.9
3624691,12.5,50.5,0.0,0.0,9.4,24.1,4.0,10416,11.9
3624709,20.0,49.0,0.0,0.0,7.4,22.2,2.0,10416,11.9
3903544,22.0,33.0,0.0,0.0,8.5,22.2,2.0,10416,11.9
3903562,23.5,61.0,0.0,1.6,17.5,24.1,3.0,10416,11.9
3903580,21.5,36.5,0.0,0.0,12.1,20.4,2.0,10416,11.9
3903598,12.0,74.5,0.7,0.0,14.8,37.0,18.0,10416,11.9
3903616,13.0,68.0,0.0,0.1,5.4,24.1,2.0,10416,11.9
3903634,16.0,72.0,0.2,0.0,22.15,29.6,4.0,10416,11.9
3903652,10.0,73.5,0.0,0.0,13.0,27.8,4.0,10416,11.9
3903679,1.0,93.0,0.0,1.6,10.3,25.9,14.0,10416,11.9
3903706,7.0,81.0,0.0,0.0,7.4,13.0,4.0,10416,11.9
3903724,8.0,93.0,0.0,1.8,7.4,18.5,7.0,10416,11.9
3903742,1.0,83.5,0.0,0.0,11.2,13.0,2.0,10416,11.9
3903760,13.0,77.0,0.0,1.7,9.4,22.2,17.0,10416,11.9
3903778,9.0,76.0,0.0,0.0,9.4,22.2,4.0,10416,11.9
3903796,15.5,79.5,0.1,0.1,15.7,31.5,7.0,10416,11.9
3903814,18.0,78.0,0.4,10.100000000000001,11.2,22.2,7.0,10416,11.9
3903824,19.0,50.5,0.0,0.8,14.05,29.6,2.0,10416,11.9
3903841,19.5,47.5,0.0,0.0,14.8,27.8,1.0,10416,11.9
4221722,23.5,83.5,0.8999999999999999,1.3,10.3,20.4,7.0,10416,11.9
4221739,17.0,97.0,0.0,8.0,1.8,11.1,7.0,10416,11.9
4221758,17.0,61.0,0.5,0.8,25.9,29.6,4.0,10416,11.9
4221776,20.5,64.0,0.0,0.0,26.799999999999997,38.9,4.0,10416,11.9
4221784,13.0,94.0,0.0,6.6,12.1,24.1,7.0,10416,11.9
4221824,9.0,82.0,0.0,3.5999999999999996,27.7,48.2,7.0,10416,11.9
4221959,4.5,87.0,0.7,1.9000000000000001,13.9,27.8,7.0,10416,11.9
4221977,7.0,84.0,1.5,2.2,34.4,48.2,8.0,10416,11.9
4221875,7.0,96.5,2.5,6.5,16.6,29.6,9.0,10416,11.9
4221902,11.5,34.0,0.0,0.0,15.700000000000001,25.9,2.0,10416,11.9
4222002,11.0,79.0,0.0,0.0,11.2,24.1,4.0,10416,11.9
4222024,8.0,57.0,0.0,0.4,13.9,24.1,4.0,10416,11.9
4222138,12.0,58.0,0.0,0.0,12.1,22.2,4.0,10416,11.9
4222156,23.5,36.0,0.0,0.0,17.65,35.2,2.0,10416,11.9
4222174,8.0,51.5,0.0,0.1,14.8,38.9,3.0,10416,11.9
4222362,15.0,63.0,0.0,0.30000000000000004,10.3,24.1,4.0,10416,11.9
4222380,18.0,62.0,0.0,1.3,12.1,22.2,4.0,10416,11.9
4534541,29.5,43.0,0.0,0.0,24.1,37.0,2.0,10416,11.9
4534559,10.5,91.0,0.0,1.4,6.0,24.1,3.0,10416,11.9
4534578,11.5,91.0,3.1,1.0,30.6,38.9,7.0,10416,11.9
4534596,16.5,94.0,0.0,0.0,5.6000000000000005,11.1,4.0,10416,11.9
4534614,9.0,76.0,0.0,0.0,8.5,18.5,4.0,10416,11.9
4534633,5.0,72.5,0.0,0.0,25.9,38.9,4.0,10416,11.9
4534640,5.0,61.0,0.0,0.0,11.2,16.7,1.0,10416,11.9
4534658,7.5,96.5,0.0,0.0,28.6,37.0,7.0,10416,11.9
4534676,1.0,90.0,0.0,0.0,15.700000000000001,20.4,4.0,10416,11.9
4534703,8.0,87.0,0.0,1.6,13.9,24.1,7.0,10416,11.9
4534722,7.0,66.0,0.0,0.0,9.399999999999999,16.7,4.0,10416,11.9
4534740,13.0,67.0,0.0,0.0,24.1,29.6,7.0,10416,11.9
4534758,18.5,27.0,0.0,0.0,22.3,24.1,1.0,10416,11.9
4534776,11.0,56.0,0.2,1.5,32.5,46.3,7.0,10416,11.9
4534802,13.8,61.0,,,13.0,25.9,7.0,10416,11.9
4534820,15.5,59.0,0.2,0.0,21.5,25.9,7.0,10416,11.9
4534838,18.5,37.0,0.0,0.0,11.0,25.9,3.0,10416,11.9
4829240,,,,,,,,10416,11.9
4829344,,,,,,,,10416,11.9
4829363,,,,,,,,10416,11.9
4829381,,,,,,,,10416,11.9
4829407,,,,,,,,10416,11.9
4829424,,,,,,,,10416,11.9
4829442,,,,,,,,10416,11.9
4829460,,,,,,,,10416,11.9
4829469,,,,,,,,10416,11.9
4829487,,,,,,,,10416,11.9
4829506,,,,,,,,10416,11.9
4829525,,,,,,,,10416,11.9
4829542,,,,,,,,10416,11.9
4829551,,,,,,,,10416,11.9
4829568,,,,,,,,10416,11.9
4829586,,,,,,,,10416,11.9
4829604,,,,,,,,10416,11.9
3624344,28.15,36.5,0.0,0.0,8.5,25.9,2.0,10633,11.2
3624361,17.25,66.5,0.6,1.7,11.2,22.2,17.0,10633,11.2
3624380,20.75,57.0,0.0,0.0,2.7,20.4,2.0,10633,11.2
3624397,21.0,56.0,0.4,1.3,18.55,37.0,7.0,10633,11.2
3624416,9.5,57.5,0.0,0.0,16.6,40.8,4.0,10633,11.2
3624434,6.3,66.0,0.0,0.0,5.4,16.7,3.0,10633,11.2
3624441,6.15,97.5,0.30000000000000004,0.30000000000000004,2.7,14.8,5.0,10633,11.2
3624459,3.1,99.0,0.8999999999999999,1.2,2.7,18.5,7.0,10633,11.2
3624477,6.199999999999999,82.0,0.0,0.0,0.0,14.8,5.0,10633,11.2
3624505,2.25,99.0,0.0,0.0,11.2,13.0,5.0,10633,11.2
3624535,5.95,67.0,0.0,0.0,22.15,42.6,3.0,10633,11.2
3624568,9.5,51.5,0.0,2.4,48.2,70.4,3.0,10633,11.2
3624601,11.35,70.0,0.0,0.0,16.6,24.1,2.0,10633,11.2
3624633,11.1,29.5,0.0,0.0,34.4,53.7,2.0,10633,11.2
3624667,14.5,33.5,0.0,0.0,16.6,38.9,2.0,10633,11.2
3624685,9.75,93.0,0.1,4.7,12.1,31.5,7.0,10633,11.2
3624703,22.9,39.0,0.0,0.0,3.8,25.9,2.0,10633,11.2
3903556,32.0,26.0,0.0,0.0,11.2,27.8,2.0,10633,11.2
3903575,23.7,64.5,0.3,0.30000000000000004,5.6,27.8,4.0,10633,11.2
3903601,11.3,80.5,0.0,0.30000000000000004,15.7,35.2,2.0,10633,11.2
3903618,15.649999999999999,59.5,0.0,0.1,8.5,29.6,2.0,10633,11.2
3903637,14.85,100.0,0.1,2.7,7.6,20.4,3.0,10633,11.2
3903655,10.35,32.0,0.0,0.0,12.1,25.9,2.0,10633,11.2
3903672,12.0,91.0,0.0,0.0,0.0,18.5,2.0,10633,11.2
3903691,-0.15000000000000002,89.5,0.0,0.0,0.0,13.0,5.0,10633,11.2
3903701,1.3,62.0,0.0,0.0,9.4,27.8,3.0,10633,11.2
3903719,5.45,81.5,0.0,0.0,11.1,22.2,4.0,10633,11.2
3903737,4.4,76.0,0.0,1.4,16.6,29.6,7.0,10633,11.2
3903745,5.85,58.0,0.0,0.0,13.0,27.8,4.0,10633,11.2
3903763,10.5,69.0,0.0,2.3,2.7,22.2,17.0,10633,11.2
3903781,11.35,17.5,0.0,0.0,8.5,27.8,3.0,10633,11.2
3903799,19.05,33.0,0.30000000000000004,0.0,13.9,37.0,3.0,10633,11.2
3903817,16.5,99.0,0.0,2.3,8.5,22.2,17.0,10633,11.2
3903835,25.5,99.0,0.0,0.0,15.7,31.5,2.0,10633,11.2
4221733,18.0,73.0,0.0,0.5,9.2,31.5,17.0,10633,11.2
4221752,25.299999999999997,57.5,0.0,0.0,0.0,16.7,2.0,10633,11.2
4221769,19.35,54.0,0.0,0.0,2.7,16.7,5.0,10633,11.2
4221788,15.350000000000001,61.5,0.0,0.0,11.2,27.8,2.0,10633,11.2
4221828,8.0,93.5,2.0,0.8999999999999999,18.55,40.8,7.0,10633,11.2
4221971,-0.25,70.0,0.0,0.0,11.2,18.5,3.0,10633,11.2
4221990,6.95,70.5,0.0,0.0,10.3,13.0,2.0,10633,11.2
4221887,1.05,74.5,0.0,0.0,13.0,22.2,4.0,10633,11.2
4221915,10.5,71.5,0.0,0.0,19.45,31.5,7.0,10633,11.2
4221896,4.0,89.0,3.7,7.0,16.6,14.8,8.0,10633,11.2
4222017,12.899999999999999,69.5,0.0,0.0,2.7,18.5,3.0,10633,11.2
4222123,13.7,49.5,0.0,0.0,10.3,25.9,3.0,10633,11.2
4222142,12.15,55.5,0.0,0.2,17.5,37.0,17.0,10633,11.2
4222161,24.45,39.5,0.0,0.0,13.0,33.3,2.0,10633,11.2
4222168,22.15,53.0,0.0,0.0,8.5,27.8,3.0,10633,11.2
4222357,15.45,59.5,0.0,0.0,17.5,37.0,4.0,10633,11.2
4222374,23.5,36.0,0.0,0.0,10.3,18.5,2.0,10633,11.2
4534547,31.75,34.0,0.0,0.0,24.1,35.2,2.0,10633,11.2
4534564,18.25,47.0,0.0,0.0,0.0,22.2,3.0,10633,11.2
4534582,15.05,53.0,0.0,0.0,16.6,29.6,3.0,10633,11.2
4534600,16.85,76.5,0.0,0.0,10.3,27.8,3.0,10633,11.2
4534608,13.8,81.5,0.0,0.0,11.0,11.1,2.0,10633,11.2
4534626,7.800000000000001,84.5,0.0,0.0,8.5,11.1,4.0,10633,11.2
4534645,0.0,93.0,0.0,0.0,7.5,18.5,5.0,10633,11.2
4534662,2.2,76.0,0.0,0.0,15.700000000000001,20.4,4.0,10633,11.2
4534681,2.75,63.5,0.0,0.0,12.100000000000001,18.5,4.0,10633,11.2
4534708,11.9,70.5,0.0,0.0,3.8,20.4,7.0,10633,11.2
4534726,7.949999999999999,49.5,0.0,0.0,10.3,18.5,4.0,10633,11.2
4534744,12.6,71.0,0.0,0.0,3.8,22.2,4.0,10633,11.2
4534770,8.4,50.0,,,21.25,31.5,4.0,10633,11.2
4534788,20.5,29.5,0.0,0.0,19.5,25.9,2.0,10633,11.2
4534807,14.3,58.5,,,11.1,20.4,4.0,10633,11.2
4534824,12.5,57.5,0.0,0.0,10.0,24.1,4.0,10633,11.2
4534843,18.5,37.5,0.0,0.0,13.0,25.9,4.0,10633,11.2
4829224,21.5,29.0,0.0,0.0,10.0,24.1,2.0,10633,11.2
4829334,20.0,50.5,0.3,0.2,19.5,37.0,17.0,10633,11.2
4829356,15.95,69.0,,,7.4,18.5,4.0,10633,11.2
4829373,,,,,,,,10633,11.2
4829391,,,,,,,,10633,11.2
4829410,,,,,,,,10633,11.2
4829428,,,,,,,,10633,11.2
4829446,,,,,,,,10633,11.2
4829464,,,,,,,,10633,11.2
4829483,,,,,,,,10633,11.2
4829500,,,,,,,,10633,11.2
4829517,,,,,,,,10633,11.2
4829535,,,,,,,,10633,11.2
4829554,,,,,,,,10633,11.2
4829571,,,,,,,,10633,11.2
4829590,,,,,,,,10633,11.2
4829608,,,,,,,,10633,11.2
3624341,27.4,40.5,0.0,0.0,20.0,31.5,3.0,10502,18.4
3624358,18.2,76.5,1.4,2.3999999999999995,22.0,25.9,7.0,10502,18.4
3624376,19.85,62.0,0.0,0.0,7.0,14.8,2.0,10502,18.4
3624394,14.899999999999999,62.5,0.0,0.0,9.0,16.7,4.0,10502,18.4
3624413,13.7,58.0,0.0,0.0,11.0,20.4,1.0,10502,18.4
3624432,8.6,73.5,0.0,0.0,21.5,38.9,3.0,10502,18.4
3624450,4.1,64.5,0.0,0.0,10.5,18.5,3.0,10502,18.4
3624468,1.65,94.0,0.2,0.9,4.0,14.8,7.0,10502,18.4
3624486,5.55,91.0,0.0,0.0,11.0,22.2,4.0,10502,18.4
3624502,2.2,93.0,0.0,0.0,11.0,18.5,3.0,10502,18.4
3624528,6.949999999999999,58.0,0.0,0.0,27.0,42.6,3.0,10502,18.4
3624561,7.05,52.5,0.0,0.0,18.0,35.2,4.0,10502,18.4
3624595,4.699999999999999,45.0,0.0,0.0,25.0,31.5,3.0,10502,18.4
3624630,9.05,47.0,0.0,0.0,9.0,16.7,4.0,10502,18.4
3624658,8.85,53.5,0.2,0.5,25.2,72.0,3.0,10502,18.4
3624676,17.5,46.0,0.0,0.0,23.5,47.0,3.0,10502,18.4
3624694,20.5,44.0,0.0,0.0,10.5,20.4,4.0,10502,18.4
3903546,25.1,26.0,0.0,0.0,11.0,24.1,2.0,10502,18.4
3903574,22.65,39.0,0.0,0.0,18.0,29.6,2.0,10502,18.4
3903592,20.25,61.0,0.0,0.0,9.0,18.5,3.0,10502,18.4
3903610,18.5,55.0,0.30000000000000004,2.8000000000000003,34.2,58.0,3.0,10502,18.4
3903628,18.9,57.5,0.0,0.0,4.0,20.4,4.0,10502,18.4
3903646,17.049999999999997,64.5,0.0,0.0,7.5,13.0,4.0,10502,18.4
3903664,12.350000000000001,66.0,0.0,0.3,12.5,27.8,4.0,10502,18.4
3903682,-1.25,84.5,0.0,0.0,7.0,18.5,4.0,10502,18.4
3903708,8.5,68.0,0.0,0.0,5.5,14.8,3.0,10502,18.4
3903718,9.05,77.5,0.0,0.0,2.0,13.0,4.0,10502,18.4
3903736,5.85,52.0,0.2,0.7,28.5,29.6,3.0,10502,18.4
3903754,1.25,85.0,0.0,4.800000000000001,36.0,72.0,14.0,10502,18.4
3903773,6.199999999999999,75.5,0.0,1.2,22.0,29.6,4.0,10502,18.4
3903790,11.3,62.0,0.0,0.0,22.0,31.5,4.0,10502,18.4
3903808,11.05,79.0,0.1,0.4,11.0,22.2,4.0,10502,18.4
3903827,16.35,70.5,0.1,0.0,5.5,16.7,3.0,10502,18.4
3903844,21.95,31.5,0.0,0.0,11.0,20.4,1.0,10502,18.4
4221735,21.25,48.0,0.0,0.1,12.5,27.8,2.0,10502,18.4
4221753,25.8,52.0,0.5,0.0,7.5,18.5,4.0,10502,18.4
4221770,18.5,55.5,0.0,0.0,5.5,14.8,4.0,10502,18.4
4221789,12.9,88.0,0.0,0.30000000000000004,7.0,27.8,4.0,10502,18.4
4221829,10.55,75.0,1.3,2.3,28.5,54.0,7.0,10502,18.4
4221964,3.9,84.0,0.7,0.30000000000000004,28.5,50.0,3.0,10502,18.4
4221981,10.149999999999999,64.5,0.0,0.4,16.0,33.3,4.0,10502,18.4
4221889,1.75,86.5,0.0,0.0,16.0,35.2,7.0,10502,18.4
4221898,-0.7,63.0,0.0,0.0,11.0,16.7,3.0,10502,18.4
4221916,9.65,92.0,0.0,0.6000000000000001,21.5,38.9,7.0,10502,18.4
4222018,11.15,89.5,0.0,0.6,14.0,24.1,4.0,10502,18.4
4222124,15.1,55.5,0.0,0.0,11.0,18.5,3.0,10502,18.4
4222143,10.0,85.5,0.0,0.0,11.0,29.6,4.0,10502,18.4
4222164,25.299999999999997,31.0,0.0,0.0,18.0,35.2,3.0,10502,18.4
4222179,7.4,75.0,1.0,1.1,20.0,37.0,17.0,10502,18.4
4222366,12.6,86.0,1.8,1.7999999999999998,7.5,18.5,7.0,10502,18.4
4222376,23.3,39.0,0.0,0.0,18.0,20.4,3.0,10502,18.4
4829247,22.85,60.0,1.5,0.7,7.5,22.2,4.0,10502,18.4
4829353,17.6,59.0,,,7.4,14.8,2.0,10502,18.4
4829370,,,,,,,,10502,18.4
4829389,,,,,,,,10502,18.4
4829408,,,,,,,,10502,18.4
4829425,,,,,,,,10502,18.4
4829443,,,,,,,,10502,18.4
4829461,,,,,,,,10502,18.4
4829470,,,,,,,,10502,18.4
4829489,,,,,,,,10502,18.4
4829497,,,,,,,,10502,18.4
4829514,,,,,,,,10502,18.4
4829532,,,,,,,,10502,18.4
4829552,,,,,,,,10502,18.4
4829569,,,,,,,,10502,18.4
4829587,,,,,,,,10502,18.4
4829605,,,,,,,,10502,18.4
3624356,18.4,76.0,0.0,0.0,1.0,13.0,4.0,10471,5.9
3624375,22.25,70.0,0.0,0.0,8.0,24.0,8.0,10471,5.9
3624393,21.75,61.0,0.0,0.0,4.5,17.0,4.0,10471,5.9
3624401,18.450000000000003,58.5,0.0,0.0,7.5,23.0,4.0,10471,5.9
3624419,10.3,65.5,0.0,0.0,12.5,28.0,8.0,10471,5.9
3624437,7.75,78.0,0.0,0.0,12.5,29.0,2.0,10471,5.9
3624455,1.95,87.0,0.0,0.0,2.5,7.0,4.0,10471,5.9
3624473,0.04999999999999999,97.0,0.0,0.0,5.0,13.0,4.0,10471,5.9
3624491,5.95,99.5,0.5,0.30000000000000004,8.0,22.0,8.0,10471,5.9
3624500,3.35,77.0,0.0,0.0,9.0,22.0,2.0,10471,5.9
3624526,5.35,96.0,0.0,0.6,5.5,15.0,8.0,10471,5.9
3624559,3.5,89.0,0.0,3.0,11.5,31.0,8.0,10471,5.9
3624606,5.15,49.5,0.0,0.0,7.0,17.0,4.0,10471,5.9
3624638,12.6,25.5,0.0,0.0,21.5,43.0,1.0,10471,5.9
3624663,6.800000000000001,62.0,0.1,0.1,12.5,33.0,8.0,10471,5.9
3624681,16.700000000000003,35.5,0.0,0.0,13.5,36.0,1.0,10471,5.9
3624699,18.15,39.0,0.0,0.0,11.5,25.0,1.0,10471,5.9
3903554,24.75,55.5,0.0,0.0,10.0,24.0,4.0,10471,5.9
3903572,21.3,87.5,0.1,5.6,8.0,28.0,8.0,10471,5.9
3903590,19.200000000000003,69.0,0.7,0.0,9.0,26.0,8.0,10471,5.9
3903608,11.95,84.5,0.0,3.5999999999999996,14.5,39.0,8.0,10471,5.9
3903626,17.85,73.0,0.0,0.0,7.5,19.0,4.0,10471,5.9
3903644,20.35,70.0,0.0,0.0,6.0,15.0,4.0,10471,5.9
3903662,13.05,80.0,0.0,0.0,9.0,24.0,4.0,10471,5.9
3903680,-1.7,97.5,0.0,0.0,1.5,4.0,4.0,10471,5.9
3903699,1.65,96.5,0.6000000000000001,0.2,10.5,28.0,8.0,10471,5.9
3903716,6.0,88.0,0.0,0.0,9.0,23.0,7.0,10471,5.9
3903734,2.05,78.5,0.1,0.7,15.5,37.0,15.0,10471,5.9
3903752,2.35,66.5,0.0,0.0,14.5,31.0,15.0,10471,5.9
3903770,11.350000000000001,76.0,0.0,0.30000000000000004,8.0,22.0,8.0,10471,5.9
3903788,9.8,98.0,3.3,6.2,8.0,17.0,8.0,10471,5.9
3903806,12.2,77.0,0.0,0.0,14.5,29.0,4.0,10471,5.9
3903825,18.2,54.5,0.0,0.0,6.5,16.0,4.0,10471,5.9
3903842,19.25,39.5,0.0,0.0,9.0,24.0,1.0,10471,5.9
4221731,17.95,93.5,12.399999999999999,0.0,12.0,78.0,8.0,10471,5.9
4221749,25.25,41.0,0.0,0.0,4.5,14.0,1.0,10471,5.9
4221766,16.7,56.5,0.0,0.0,4.0,19.0,2.0,10471,5.9
4221777,19.1,67.5,0.0,0.0,17.5,44.0,8.0,10471,5.9
4221797,12.3,78.5,0.0,0.1,9.0,23.0,8.0,10471,5.9
4221951,6.75,73.0,0.0,0.0,4.5,10.0,4.0,10471,5.9
4221969,-3.55,85.0,0.0,0.0,10.0,21.0,10.0,10471,5.9
4221987,6.95,73.5,0.0,0.0,13.5,30.0,4.0,10471,5.9
4221885,1.2999999999999998,80.0,0.0,0.0,15.0,38.0,8.0,10471,5.9
4221894,-1.75,73.5,0.0,0.0,10.5,22.0,1.0,10471,5.9
4221912,8.649999999999999,87.0,1.5,2.8,11.5,34.0,8.0,10471,5.9
4222014,8.7,79.0,0.0,0.0,6.0,21.0,3.0,10471,5.9
4222130,11.9,51.5,0.0,0.0,11.0,25.0,4.0,10471,5.9
4222148,23.35,30.5,0.0,0.0,5.0,10.0,4.0,10471,5.9
4222166,21.75,51.5,0.0,0.0,16.5,33.0,4.0,10471,5.9
4222354,20.1,33.0,0.0,0.0,11.0,23.0,3.0,10471,5.9
4222372,21.65,44.0,0.0,0.0,9.5,25.0,3.0,10471,5.9
4534542,33.45,29.5,0.0,0.0,12.5,31.0,1.0,10471,5.9
4534558,15.8,53.0,0.0,0.0,18.5,44.0,4.0,10471,5.9
4534577,14.8,53.0,0.0,0.3,9.5,32.0,8.0,10471,5.9
4534604,19.25,64.0,0.0,0.0,6.0,15.0,4.0,10471,5.9
4534622,1.1,96.5,0.0,0.0,0.0,4.0,4.0,10471,5.9
4534639,5.25,69.5,0.0,0.0,7.0,16.0,1.0,10471,5.9
4534657,6.050000000000001,83.5,0.2,1.0,18.0,43.0,8.0,10471,5.9
4534675,-0.15000000000000002,74.5,0.0,0.0,12.0,27.0,4.0,10471,5.9
4534702,14.0,45.5,0.0,0.1,12.5,27.0,4.0,10471,5.9
4534721,1.25,79.5,0.0,0.0,2.0,11.0,4.0,10471,5.9
4534739,12.3,65.0,0.0,0.0,5.0,17.0,4.0,10471,5.9
4534748,5.4,73.0,0.0,0.0,7.5,18.0,4.0,10471,5.9
4534766,5.35,58.0,,,9.3,24.1,2.0,10471,5.9
4534783,12.1,38.0,0.0,0.0,13.5,33.0,4.0,10471,5.9
4534801,15.4,61.0,,,11.1,25.9,4.0,10471,5.9
4534819,14.3,86.5,0.6,0.0,4.0,14.0,8.0,10471,5.9
4534837,16.450000000000003,45.5,0.0,0.0,15.5,43.0,8.0,10471,5.9
4829241,,,,,,,,10471,5.9
4829348,,,,,,,,10471,5.9
4829374,,,,,,,,10471,5.9
4829392,,,,,,,,10471,5.9
4829411,,,,,,,,10471,5.9
4829429,,,,,,,,10471,5.9
4829447,,,,,,,,10471,5.9
4829465,,,,,,,,10471,5.9
4829473,,,,,,,,10471,5.9
4829492,,,,,,,,10471,5.9
4829510,,,,,,,,10471,5.9
4829518,,,,,,,,10471,5.9
4829536,,,,,,,,10471,5.9
4829555,,,,,,,,10471,5.9
4829572,,,,,,,,10471,5.9
4829591,,,,,,,,10471,5.9
4829609,,,,,,,,10471,5.9
3624350,24.5,53.5,0.0,0.0,5.949999999999999,,,D3696,16.4
3624368,20.4,59.0,0.0,0.0,9.899999999999999,,,D3696,16.4
3624386,23.05,60.0,0.0,0.0,14.6,,,D3696,16.4
3624412,7.15,87.0,0.0,0.0,12.45,,,D3696,16.4
3624431,11.350000000000001,67.5,0.0,0.0,21.45,,,D3696,16.4
3624449,5.050000000000001,63.5,0.0,0.0,10.8,,,D3696,16.4
3624467,3.2,92.0,0.0,0.0,10.25,,,D3696,16.4
3624485,6.15,94.0,0.1,0.1,7.9,,,D3696,16.4
3624494,4.9,82.5,0.0,0.0,14.05,,,D3696,16.4
3624513,5.7,93.5,0.0,0.30000000000000004,10.600000000000001,,,D3696,16.4
3624546,6.9,49.5,0.0,0.0,17.299999999999997,,,D3696,16.4
3624579,9.6,42.0,0.0,0.0,15.85,,,D3696,16.4
3624594,9.2,37.0,0.0,0.0,7.2,,,D3696,16.4
3624628,9.7,64.0,0.0,0.0,13.9,,,D3696,16.4
3624657,9.45,47.0,0.0,0.0,13.85,,,D3696,16.4
3624675,16.15,45.0,0.0,0.0,20.2,,,D3696,16.4
3624693,17.55,56.0,0.0,0.0,6.449999999999999,,,D3696,16.4
3903549,21.35,41.0,0.0,0.0,8.3,,3.0,D3696,16.4
3903568,23.85,44.5,0.0,0.0,10.25,,3.0,D3696,16.4
3903586,25.7,40.0,0.0,0.0,10.8,,3.0,D3696,16.4
3903604,10.85,92.0,0.8999999999999999,11.100000000000001,18.75,,9.0,D3696,16.4
3903621,14.850000000000001,56.0,0.0,0.6,18.75,,17.0,D3696,16.4
3903640,20.0,63.0,0.0,0.0,15.149999999999999,,3.0,D3696,16.4
3903667,15.850000000000001,62.0,0.1,0.1,24.5,,9.0,D3696,16.4
3903686,1.05,80.0,0.0,0.0,15.7,,3.0,D3696,16.4
3903712,8.5,76.0,0.0,0.0,5.75,,3.0,D3696,16.4
3903730,9.8,93.5,1.2,1.5000000000000002,28.45,,3.0,D3696,16.4
3903748,6.75,79.5,0.0,0.0,18.35,,3.0,D3696,16.4
3903766,16.9,53.5,0.0,0.0,16.4,,18.0,D3696,16.4
3903784,13.9,47.0,0.0,0.0,10.45,,3.0,D3696,16.4
3903802,21.25,47.0,0.0,0.0,24.85,,7.0,D3696,16.4
3903811,13.850000000000001,84.0,0.0,0.1,18.0,,17.0,D3696,16.4
3903830,22.299999999999997,43.5,0.0,0.0,15.65,,18.0,D3696,16.4
3903848,20.45,48.0,0.0,0.0,13.7,,3.0,D3696,16.4
4221736,21.4,51.5,0.0,0.0,17.8,,2.0,D3696,16.4
4221754,23.2,76.5,0.0,0.1,4.15,,3.0,D3696,16.4
4221772,19.05,56.0,0.0,0.1,12.2,,3.0,D3696,16.4
4221802,10.850000000000001,95.0,1.1,8.5,16.75,,3.0,D3696,16.4
4221955,7.9,84.0,0.0,0.0,16.6,,2.0,D3696,16.4
4221973,0.05,76.0,0.0,0.0,13.5,,3.0,D3696,16.4
4221992,8.95,79.5,0.0,0.0,20.35,,3.0,D3696,16.4
4221890,1.0,91.0,0.0,0.0,21.950000000000003,,3.0,D3696,16.4
4221899,2.95,56.0,0.0,0.0,14.2,,3.0,D3696,16.4
4221917,10.1,97.0,1.0,1.6999999999999997,22.15,,7.0,D3696,16.4
4222020,8.75,92.5,0.1,3.2,30.4,,8.0,D3696,16.4
4222126,13.7,52.5,0.0,0.0,18.4,,3.0,D3696,16.4
4222135,12.6,59.0,0.0,0.0,21.45,,3.0,D3696,16.4
4222153,13.45,75.0,2.3,0.1,14.75,,3.0,D3696,16.4
4222170,23.25,53.0,0.0,0.0,25.200000000000003,,3.0,D3696,16.4
4222359,10.25,80.5,0.0,0.0,4.5,,3.0,D3696,16.4
4222377,24.35,43.0,0.0,0.0,13.5,,2.0,D3696,16.4
4534556,23.85,57.5,0.0,0.0,,,,D3696,16.4
4534574,24.4,50.0,0.0,0.0,3.25,,1.0,D3696,16.4
4534592,14.8,58.5,0.0,0.0,9.4,,2.0,D3696,16.4
4534610,15.4,83.0,0.0,0.0,9.55,,3.0,D3696,16.4
4534628,8.649999999999999,84.5,0.0,0.0,7.2,,3.0,D3696,16.4
4534655,9.75,78.0,0.0,0.7,20.35,,3.0,D3696,16.4
4534673,4.15,83.5,0.6,3.4000000000000004,20.700000000000003,,17.0,D3696,16.4
4534691,4.1,100.0,0.0,0.0,7.6,,7.0,D3696,16.4
4534700,-1.35,98.5,0.0,0.0,4.85,,2.0,D3696,16.4
4534718,5.8,63.5,0.0,0.0,8.65,,1.0,D3696,16.4
4534736,2.05,65.5,0.0,0.0,4.5,,3.0,D3696,16.4
4534754,6.0,70.0,0.0,0.0,8.8,,3.0,D3696,16.4
4534772,8.75,39.5,0.0,0.0,,,,D3696,16.4
4534790,15.15,38.5,0.0,0.0,18.0,,3.0,D3696,16.4
4534799,22.75,40.5,0.0,0.0,13.65,,3.0,D3696,16.4
4534817,19.15,40.5,0.0,0.0,5.4,,3.0,D3696,16.4
4534835,20.9,31.5,0.0,0.0,12.6,,2.0,D3696,16.4
3624355,26.75,44.5,0.0,0.0,7.0,19.0,4.0,10641,10.0
3624374,22.2,52.5,0.0,0.0,8.3,20.0,4.0,10641,10.0
3624392,22.7,44.0,0.0,0.0,5.4,13.0,1.0,10641,10.0
3624410,13.15,62.5,0.0,0.0,4.7,14.0,1.0,10641,10.0
3624428,8.05,91.5,0.0,0.6000000000000001,6.65,16.0,8.0,10641,10.0
3624453,3.8499999999999996,80.5,0.0,0.0,5.25,12.0,8.0,10641,10.0
3624471,4.35,85.5,0.1,0.0,10.8,24.0,8.0,10641,10.0
3624490,4.25,88.5,0.0,0.0,3.05,7.0,4.0,10641,10.0
3624499,2.0,87.5,0.1,0.0,11.0,23.0,8.0,10641,10.0
3624524,3.55,83.0,0.0,0.0,12.8,26.0,8.0,10641,10.0
3624558,6.35,53.5,0.0,0.0,9.2,20.0,4.0,10641,10.0
3624592,4.65,69.0,0.0,0.0,3.5999999999999996,10.0,3.0,10641,10.0
3624623,14.15,27.0,0.0,0.0,7.05,15.0,4.0,10641,10.0
3624654,3.25,62.5,0.0,0.1,13.1,32.0,4.0,10641,10.0
3624661,10.35,45.0,0.0,0.0,9.0,25.0,4.0,10641,10.0
3624679,15.2,51.0,0.0,0.0,13.0,31.0,4.0,10641,10.0
3624698,19.6,58.5,0.0,0.0,13.350000000000001,30.0,8.0,10641,10.0
3903543,21.3,57.5,0.0,0.1,10.8,31.0,4.0,10641,10.0
3903566,26.65,32.5,0.0,0.0,7.4,20.0,3.0,10641,10.0
3903584,23.200000000000003,53.0,0.0,0.5,6.65,17.0,4.0,10641,10.0
3903594,18.6,76.0,0.9,1.3000000000000003,10.8,30.0,8.0,10641,10.0
3903611,14.4,80.5,0.0,3.6,13.5,39.0,8.0,10641,10.0
3903629,17.2,85.5,0.0,0.1,11.55,27.0,8.0,10641,10.0
3903647,15.95,89.0,0.0,0.0,1.6,8.0,4.0,10641,10.0
3903665,11.9,89.0,0.0,0.4,7.05,17.0,4.0,10641,10.0
3903684,0.4,78.5,0.0,0.0,11.0,27.0,4.0,10641,10.0
3903710,8.149999999999999,59.0,0.0,0.0,7.550000000000001,19.0,4.0,10641,10.0
3903728,11.15,73.0,0.0,0.0,16.4,37.0,4.0,10641,10.0
3903755,4.15,50.0,0.0,0.0,7.35,18.0,4.0,10641,10.0
3903774,10.35,88.0,1.2,8.9,12.05,29.0,8.0,10641,10.0
3903791,8.6,89.5,2.0,2.2,7.9,22.0,8.0,10641,10.0
3903809,14.05,65.5,0.0,0.0,7.2,17.0,4.0,10641,10.0
3903828,16.5,56.0,0.0,0.0,9.9,29.0,7.0,10641,10.0
3903846,22.9,31.0,0.0,0.0,10.45,34.0,1.0,10641,10.0
4221725,30.8,46.0,0.0,0.0,6.3,21.0,1.0,10641,10.0
4221742,23.2,54.0,0.0,0.0,6.85,19.0,4.0,10641,10.0
4221761,19.7,49.5,0.0,0.0,8.45,19.0,1.0,10641,10.0
4221779,16.15,84.0,0.0,0.0,5.6,17.0,8.0,10641,10.0
4221799,12.65,95.5,4.2,1.3,9.75,25.0,8.0,10641,10.0
4221962,4.8,86.0,0.0,0.1,13.5,32.0,7.0,10641,10.0
4221979,8.2,84.0,0.1,0.0,13.1,27.0,8.0,10641,10.0
4221878,6.4,85.5,0.0,0.0,17.85,36.0,8.0,10641,10.0
4221905,7.5,64.5,0.0,0.7,12.05,27.0,4.0,10641,10.0
4222005,12.25,79.0,0.0,0.0,7.95,18.0,4.0,10641,10.0
4222027,9.05,64.0,0.0,0.0,10.95,28.0,4.0,10641,10.0
4222132,11.95,57.5,0.0,0.0,3.8,10.0,4.0,10641,10.0
4222150,14.05,78.5,0.0,0.0,4.5,13.0,4.0,10641,10.0
4222159,18.25,55.5,0.0,0.0,12.6,29.0,4.0,10641,10.0
4222177,7.95,70.0,0.0,3.9000000000000004,14.05,34.0,8.0,10641,10.0
4222364,17.9,59.0,0.0,0.0,9.899999999999999,26.0,4.0,10641,10.0
4222383,17.65,68.5,0.0,0.0,8.45,21.0,4.0,10641,10.0
4534552,29.05,52.5,0.0,0.0,9.149999999999999,18.5,3.0,10641,10.0
4534569,22.1,56.5,0.0,0.0,4.7,13.0,1.0,10641,10.0
4534587,12.25,70.5,0.0,0.0,11.9,24.0,4.0,10641,10.0
4534615,12.95,79.0,0.0,0.0,5.95,13.0,4.0,10641,10.0
4534634,4.95,65.0,0.0,0.0,9.55,23.0,4.0,10641,10.0
4534651,6.050000000000001,96.0,0.0,6.9,7.199999999999999,18.5,7.0,10641,10.0
4534669,6.800000000000001,82.5,0.0,0.3,17.6,38.0,4.0,10641,10.0
4534687,0.75,70.0,0.0,0.0,3.95,10.0,4.0,10641,10.0
4534696,0.5,85.5,0.0,0.0,5.6,15.0,4.0,10641,10.0
4534714,5.8,55.5,0.0,0.0,5.050000000000001,14.0,3.0,10641,10.0
4534731,1.6,57.0,0.0,0.0,3.8,13.0,1.0,10641,10.0
4534749,6.4,68.5,0.0,0.0,7.35,17.0,4.0,10641,10.0
4534759,17.8,31.5,0.0,0.0,5.55,14.0,4.0,10641,10.0
4534777,13.15,44.5,0.0,0.0,10.100000000000001,27.0,1.0,10641,10.0
4534795,19.35,47.5,0.0,0.0,13.7,30.0,4.0,10641,10.0
4534813,18.6,43.0,0.0,0.0,8.25,21.0,4.0,10641,10.0
4534831,23.4,29.5,0.0,0.0,10.8,28.0,3.0,10641,10.0
4829222,17.950000000000003,55.0,0.0,0.0,12.600000000000001,27.0,8.0,10641,10.0
4829345,17.200000000000003,73.5,0.1,5.7,9.75,26.0,8.0,10641,10.0
4829364,,,,,,,,10641,10.0
4829382,,,,,,,,10641,10.0
4829398,,,,,,,,10641,10.0
4829417,,,,,,,,10641,10.0
4829435,,,,,,,,10641,10.0
4829453,,,,,,,,10641,10.0
4829480,,,,,,,,10641,10.0
4829488,,,,,,,,10641,10.0
4829507,,,,,,,,10641,10.0
4829526,,,,,,,,10641,10.0
4829543,,,,,,,,10641,10.0
4829560,,,,,,,,10641,10.0
4829579,,,,,,,,10641,10.0
4829597,,,,,,,,10641,10.0
4829615,,,,,,,,10641,10.0
3624353,27.85,43.5,0.0,0.0,12.600000000000001,30.0,4.0,10803,3.2
3624370,20.5,72.0,0.0,0.0,15.149999999999999,31.0,8.0,10803,3.2
3624388,21.5,62.0,0.0,0.0,11.15,24.0,4.0,10803,3.2
3624406,11.85,77.5,0.0,0.0,10.25,17.0,1.0,10803,3.2
3624424,9.35,87.0,0.4,0.5,3.05,7.0,8.0,10803,3.2
3624443,2.75,91.0,0.0,0.0,6.300000000000001,12.0,4.0,10803,3.2
3624470,4.199999999999999,84.0,0.0,0.3,8.45,18.0,8.0,10803,3.2
3624489,0.15000000000000002,91.0,0.0,0.0,5.4,10.0,4.0,10803,3.2
3624497,5.300000000000001,57.5,0.0,0.0,20.549999999999997,40.0,4.0,10803,3.2
3624519,5.949999999999999,58.5,0.0,0.0,4.9,12.0,4.0,10803,3.2
3624550,5.949999999999999,52.0,0.0,0.0,5.199999999999999,14.0,4.0,10803,3.2
3624585,8.1,42.0,0.0,0.0,9.55,21.0,1.0,10803,3.2
3624615,15.149999999999999,44.0,0.0,0.0,11.0,28.0,4.0,10803,3.2
3624647,1.4,85.5,0.2,0.5,19.1,32.0,15.0,10803,3.2
3624669,16.549999999999997,40.5,0.0,0.0,15.45,35.0,1.0,10803,3.2
3624678,14.55,61.5,0.0,0.0,7.2,19.0,4.0,10803,3.2
3624697,20.65,44.0,0.0,0.0,19.45,39.0,4.0,10803,3.2
3624349,25.85,45.0,0.0,0.0,6.65,19.0,3.0,10763,3.8
3624367,21.5,67.5,0.0,0.0,10.649999999999999,21.0,3.0,10763,3.8
3624385,14.45,83.0,0.0,0.0,5.050000000000001,11.0,1.0,10763,3.8
3624403,12.95,56.0,0.0,0.0,6.15,15.0,2.0,10763,3.8
3624430,7.2,84.5,0.0,0.0,16.6,31.0,4.0,10763,3.8
3624448,4.4,76.0,0.0,0.5,15.85,32.0,7.0,10763,3.8
3624466,3.7,75.0,0.0,0.0,12.6,20.0,4.0,10763,3.8
3624484,2.85,92.0,0.0,0.0,5.949999999999999,11.0,4.0,10763,3.8
3624493,1.15,81.5,0.0,1.2000000000000002,14.75,31.0,4.0,10763,3.8
3624511,3.45,94.0,0.0,0.3,19.799999999999997,31.0,7.0,10763,3.8
3624545,6.05,50.0,0.0,0.0,20.7,36.0,2.0,10763,3.8
3624577,5.15,62.0,0.0,0.0,11.350000000000001,21.0,4.0,10763,3.8
3624610,8.95,27.5,0.0,0.0,13.65,24.0,1.0,10763,3.8
3624626,4.95,77.0,0.0,0.8,14.9,31.0,4.0,10763,3.8
3624656,7.4,54.0,0.0,0.0,28.65,46.0,4.0,10763,3.8
3624674,13.65,56.5,0.0,0.0,21.4,43.0,4.0,10763,3.8
3624692,19.2,40.5,0.0,0.0,11.0,24.0,3.0,10763,3.8
3624351,22.9,50.0,0.0,0.0,9.0,20.4,2.0,10381,6.3
3624378,14.15,70.0,0.0,0.0,12.5,25.9,4.0,10381,6.3
3624396,19.5,50.0,0.0,0.0,16.0,29.6,4.0,10381,6.3
3624415,8.3,77.0,0.0,0.0,11.0,25.9,2.0,10381,6.3
3624433,8.55,84.0,0.0,0.0,22.0,46.3,3.0,10381,6.3
3624451,2.6,91.5,0.6,0.0,9.0,22.2,7.0,10381,6.3
3624469,-0.15000000000000002,97.5,0.0,0.0,7.0,16.7,4.0,10381,6.3
3624487,6.45,96.5,0.0,0.0,16.0,33.3,7.0,10381,6.3
3624495,3.1,74.0,0.0,0.6000000000000001,9.0,22.2,4.0,10381,6.3
3624515,5.95,93.0,0.0,0.0,7.5,20.4,7.0,10381,6.3
3624532,7.45,69.5,0.0,0.0,27.0,50.0,4.0,10381,6.3
3624565,8.3,90.5,0.0,0.0,27.0,58.0,7.0,10381,6.3
3624599,4.4,53.0,0.0,0.0,10.5,20.4,3.0,10381,6.3
3624631,10.3,48.0,0.7,0.0,27.0,46.3,2.0,10381,6.3
3624659,5.15,86.5,0.0,0.0,12.5,72.0,4.0,10381,6.3
3624677,15.9,42.5,0.0,4.8,25.0,44.5,4.0,10381,6.3
3624695,20.55,44.0,0.0,0.0,16.0,27.8,4.0,10381,6.3
3903558,25.65,56.5,0.0,0.0,12.5,33.3,4.0,10381,6.3
3903577,23.1,74.5,0.4,20.9,12.5,22.2,4.0,10381,6.3
3903595,21.799999999999997,50.0,1.2,1.1,14.0,24.1,3.0,10381,6.3
3903613,15.45,73.5,7.0,8.7,22.0,44.5,3.0,10381,6.3
3903624,14.25,57.0,0.0,0.0,9.0,20.4,2.0,10381,6.3
3903642,16.549999999999997,75.5,0.0,0.0,11.0,24.1,4.0,10381,6.3
3903659,11.35,60.5,0.0,1.3,16.0,25.9,1.0,10381,6.3
3903676,12.0,71.5,0.0,0.0,3.5,11.1,2.0,10381,6.3
3903694,1.45,80.5,0.0,0.0,5.5,13.0,4.0,10381,6.3
3903703,1.35,60.0,0.0,0.0,9.0,20.4,4.0,10381,6.3
3903721,8.6,80.5,0.0,0.0,12.5,20.4,4.0,10381,6.3
3903739,1.3,87.0,1.1,0.2,16.5,40.8,21.0,10381,6.3
3903757,2.05,69.5,0.0,0.0,23.5,47.0,3.0,10381,6.3
3903786,12.100000000000001,51.0,0.0,0.2,14.0,27.8,3.0,10381,6.3
3903804,22.1,33.0,0.0,0.0,16.0,33.3,3.0,10381,6.3
3903821,8.55,93.0,0.0,0.0,14.0,25.9,4.0,10381,6.3
3903838,18.5,64.5,0.0,0.0,23.5,37.0,2.0,10381,6.3
3624354,23.85,66.5,0.0,0.0,6.65,,,D1024,13.4
3624373,20.95,67.0,0.0,0.0,14.4,,,D1024,13.4
3624391,21.299999999999997,60.0,0.0,0.0,7.0,,,D1024,13.4
3624409,13.65,56.5,0.0,0.0,5.0,,,D1024,13.4
3624427,12.4,79.5,0.5,3.3,22.1,,,D1024,13.4
3624446,10.4,83.0,0.0,0.0,7.9,,,D1024,13.4
3624464,5.8,93.0,1.5,0.4,7.0,,,D1024,13.4
3624481,7.7,95.0,0.0,0.0,8.45,,,D1024,13.4
3624498,2.75,90.5,0.5,0.0,22.5,,,D1024,13.4
3624522,5.95,91.0,0.1,0.0,12.95,,,D1024,13.4
3624556,2.9,72.0,0.0,0.0,13.65,,,D1024,13.4
3624590,6.7,61.0,0.0,0.0,9.35,,,D1024,13.4
3624621,14.3,51.5,0.0,0.0,19.25,,,D1024,13.4
3624652,5.050000000000001,51.5,0.0,0.0,20.35,,,D1024,13.4
3624672,13.350000000000001,54.0,0.0,0.0,7.95,,,D1024,13.4
3624690,15.05,57.5,0.0,0.0,8.6,,,D1024,13.4
3624707,21.3,46.0,0.0,0.0,5.75,,,D1024,13.4
3903553,31.5,23.5,0.0,0.0,5.4,,1.0,D1024,13.4
3903563,25.049999999999997,42.5,0.0,0.0,14.05,,2.0,D1024,13.4
3903581,25.5,40.0,0.0,0.0,7.35,,2.0,D1024,13.4
3903599,13.100000000000001,70.0,2.0,0.5,22.9,,18.0,D1024,13.4
3903617,15.6,59.0,0.0,0.0,16.549999999999997,,2.0,D1024,13.4
3903635,18.05,67.0,0.0,0.0,14.75,,3.0,D1024,13.4
3903653,12.600000000000001,59.5,0.0,0.0,21.95,,3.0,D1024,13.4
3903670,12.9,73.5,0.0,0.0,12.4,,3.0,D1024,13.4
3903689,-0.75,89.0,0.0,0.0,7.75,,3.0,D1024,13.4
3903698,1.25,71.5,0.0,0.0,11.350000000000001,,3.0,D1024,13.4
3903725,8.0,83.0,0.0,0.1,16.0,,3.0,D1024,13.4
3903743,4.9,79.5,0.0,0.0,12.05,,3.0,D1024,13.4
3903761,12.35,78.5,0.5,0.5,9.35,,3.0,D1024,13.4
3903779,13.3,59.5,0.0,0.0,11.85,,3.0,D1024,13.4
3903797,16.0,55.5,0.5,0.1,16.950000000000003,,8.0,D1024,13.4
3903815,14.399999999999999,82.5,0.2,7.8,9.350000000000001,,3.0,D1024,13.4
3903833,20.049999999999997,78.0,0.0,0.0,14.25,,17.0,D1024,13.4
4221724,27.5,67.5,0.1,0.0,18.35,,7.0,D1024,13.4
4221741,22.8,72.5,0.0,0.0,5.2,,3.0,D1024,13.4
4221760,19.5,52.5,0.0,0.0,13.15,,1.0,D1024,13.4
4221778,20.05,70.5,0.0,0.0,6.449999999999999,,3.0,D1024,13.4
4221798,14.25,74.0,0.0,0.1,23.6,,8.0,D1024,13.4
4221952,8.850000000000001,74.0,0.0,0.0,8.3,,3.0,D1024,13.4
4221970,0.75,68.0,0.0,0.0,19.95,,3.0,D1024,13.4
4221989,5.550000000000001,94.0,0.0,0.0,11.5,,3.0,D1024,13.4
4221877,7.6,84.5,0.0,0.0,24.1,,3.0,D1024,13.4
4221904,2.75,84.0,0.0,0.0,9.15,,3.0,D1024,13.4
4222004,10.25,92.0,0.30000000000000004,0.0,7.550000000000001,,7.0,D1024,13.4
4222026,5.05,83.0,0.0,0.3,18.55,,2.0,D1024,13.4
4222131,11.1,72.5,0.0,0.0,12.600000000000001,,3.0,D1024,13.4
4222149,14.95,69.5,0.0,0.0,18.549999999999997,,8.0,D1024,13.4
4222167,15.4,52.0,0.0,0.0,12.25,,3.0,D1024,13.4
4222356,16.45,63.0,0.0,0.0,16.4,,7.0,D1024,13.4
4222382,18.4,69.0,0.0,0.0,13.350000000000001,,17.0,D1024,13.4
4534549,,,0.0,0.0,,,,D1024,13.4
4534567,23.75,51.5,0.0,0.0,6.1,,3.0,D1024,13.4
4534585,15.4,57.0,0.0,0.0,7.2,,3.0,D1024,13.4
4534594,16.4,79.0,0.0,3.7,12.75,,7.0,D1024,13.4
4534612,10.55,92.0,0.0,0.0,7.35,,3.0,D1024,13.4
4534630,5.65,62.0,0.0,0.0,21.95,,3.0,D1024,13.4
4534648,9.55,71.5,0.0,1.3,17.8,,3.0,D1024,13.4
4534666,7.85,86.5,0.5,1.6,23.05,,9.0,D1024,13.4
4534684,1.5,73.5,0.0,0.0,8.1,,3.0,D1024,13.4
4534693,1.45,81.0,0.0,0.0,8.85,,1.0,D1024,13.4
4534711,1.65,69.5,0.0,0.0,5.0,,3.0,D1024,13.4
4534729,1.95,69.0,0.0,0.0,4.7,,3.0,D1024,13.4
4534756,17.9,40.0,0.0,0.0,9.2,,3.0,D1024,13.4
4534774,9.3,80.5,0.0,0.0,9.7,,3.0,D1024,13.4
4534792,22.15,31.5,0.0,0.0,16.9,,3.0,D1024,13.4
4534810,18.950000000000003,42.0,0.0,0.0,9.0,,1.0,D1024,13.4
4534828,24.2,27.5,0.0,0.0,12.25,,1.0,D1024,13.4
4829221,19.15,49.5,0.0,0.9,13.85,,3.0,D1024,13.4
4829332,14.85,70.5,0.0,0.0,10.05,,1.0,D1024,13.4
4829343,15.05,72.0,0.0,0.0,11.3,,7.0,D1024,13.4
4829361,14.65,56.0,0.0,11.1,30.25,,7.0,D1024,13.4
4829379,9.85,64.5,0.0,0.1,25.0,,3.0,D1024,13.4
4829396,12.0,82.0,0.0,0.0,3.6,,3.0,D1024,13.4
4829414,10.3,85.5,0.0,0.0,19.65,,3.0,D1024,13.4
4829432,7.45,96.0,0.0,0.0,6.8,,3.0,D1024,13.4
4829450,-2.5,76.5,0.0,0.0,12.8,,3.0,D1024,13.4
4829477,,,,,,,,D1024,13.4
4829505,,,,,,,,D1024,13.4
4829523,,,,,,,,D1024,13.4
4829540,,,,,,,,D1024,13.4
4829558,,,,,,,,D1024,13.4
4829576,,,,,,,,D1024,13.4
4829594,,,,,,,,D1024,13.4
4829612,,,,,,,,D1024,13.4
3624352,18.8,90.0,0.1,1.7000000000000002,14.55,25.0,8.0,10733,6.3
3624369,22.9,64.0,0.0,0.0,9.35,22.0,8.0,10733,6.3
3624387,23.4,47.5,0.0,0.0,4.35,13.0,3.0,10733,6.3
3624405,9.7,89.0,0.0,0.0,3.4,11.0,4.0,10733,6.3
3624423,7.550000000000001,95.5,0.0,0.0,12.45,20.0,4.0,10733,6.3
3624442,8.399999999999999,76.5,0.0,0.0,8.3,21.0,4.0,10733,6.3
3624460,3.6,100.0,2.3,7.3999999999999995,3.75,10.0,8.0,10733,6.3
3624488,3.15,90.0,0.0,0.0,7.75,15.0,4.0,10733,6.3
3624496,2.6500000000000004,76.5,0.0,0.1,16.6,41.0,4.0,10733,6.3
3624517,3.9,87.0,0.0,0.0,14.2,26.0,4.0,10733,6.3
3624548,9.55,56.5,0.0,0.0,4.85,11.0,1.0,10733,6.3
3624583,3.9000000000000004,74.0,0.0,0.9,17.5,38.0,8.0,10733,6.3
3624614,13.2,39.5,0.0,0.0,9.35,23.0,4.0,10733,6.3
3624645,0.8999999999999999,81.5,0.0,0.7,16.549999999999997,31.0,15.0,10733,6.3
3624668,14.8,29.5,0.0,0.0,17.299999999999997,36.0,1.0,10733,6.3
3624686,8.6,93.0,0.3,5.0,6.85,18.0,8.0,10733,6.3
3624696,21.1,37.5,0.0,0.0,12.25,28.0,3.0,10733,6.3
3903557,29.45,23.5,0.0,0.0,12.75,37.0,1.0,10733,6.3
3903576,24.15,64.0,0.0,0.0,9.55,19.0,4.0,10733,6.3
3903593,17.25,78.0,0.9,0.1,16.9,45.0,8.0,10733,6.3
3903602,11.85,72.0,0.4,0.0,12.600000000000001,31.0,8.0,10733,6.3
3903619,14.0,90.5,0.0,0.0,2.7,5.0,4.0,10733,6.3
3903638,19.45,64.0,0.0,0.0,10.45,22.0,3.0,10733,6.3
3903656,9.3,81.0,0.0,0.8999999999999999,9.2,21.0,4.0,10733,6.3
3903673,10.05,83.0,0.0,0.0,4.5,10.0,4.0,10733,6.3
3903692,1.4500000000000002,86.0,0.0,0.0,12.05,27.0,4.0,10733,6.3
3903702,2.05,72.0,0.0,0.0,10.8,24.0,4.0,10733,6.3
3903720,6.95,66.5,0.0,0.0,10.95,24.0,4.0,10733,6.3
3903738,4.1,75.0,0.8,0.0,16.4,45.0,8.0,10733,6.3
3903764,17.25,44.5,0.0,0.0,6.15,15.0,4.0,10733,6.3
3903782,12.2,47.0,0.0,0.0,11.15,22.0,2.0,10733,6.3
3903800,19.450000000000003,50.0,0.0,0.0,14.200000000000001,35.0,4.0,10733,6.3
3903818,20.299999999999997,52.0,0.0,0.0,5.2,15.0,4.0,10733,6.3
3903836,20.9,55.0,0.0,0.0,16.0,32.0,4.0,10733,6.3
4221727,28.65,57.0,0.0,0.0,9.55,21.0,4.0,10733,6.3
4221744,25.7,56.0,0.0,0.0,5.2,12.0,1.0,10733,6.3
4221771,18.2,70.5,0.0,0.0,12.8,28.0,4.0,10733,6.3
4221790,17.7,56.0,0.0,0.0,16.4,39.0,4.0,10733,6.3
4221830,7.65,84.0,1.1,0.0,15.3,33.0,8.0,10733,6.3
4221965,3.7,89.5,0.2,0.2,18.700000000000003,32.0,8.0,10733,6.3
4221982,3.25,98.5,0.0,1.4999999999999998,1.95,4.0,7.0,10733,6.3
4221880,4.5,82.5,0.0,0.0,16.75,31.0,8.0,10733,6.3
4221907,6.25,64.5,0.0,0.0,6.449999999999999,13.0,1.0,10733,6.3
4222007,8.7,77.0,0.0,0.0,14.399999999999999,28.0,8.0,10733,6.3
4222019,12.15,71.5,0.0,0.0,6.5,14.0,4.0,10733,6.3
4222125,15.25,53.5,0.0,0.0,15.15,30.0,4.0,10733,6.3
4222144,8.55,85.5,0.0,2.6,6.65,18.0,2.0,10733,6.3
4222162,22.25,49.0,0.0,0.0,6.3,17.0,4.0,10733,6.3
4222180,9.95,58.5,0.0,0.0,17.8,41.0,8.0,10733,6.3
4222367,13.1,64.5,0.0,0.0,5.75,16.0,4.0,10733,6.3
4222385,16.6,74.5,0.0,0.9,6.1,19.0,4.0,10733,6.3
4534543,33.7,34.0,0.0,0.0,9.75,24.0,1.0,10733,6.3
4534560,14.35,62.0,0.0,0.0,12.25,30.0,4.0,10733,6.3
4534579,13.100000000000001,63.5,0.0,0.0,13.9,31.0,4.0,10733,6.3
4534597,16.25,81.0,0.0,0.0,5.4,13.0,4.0,10733,6.3
4534616,11.1,79.0,0.0,0.0,13.3,27.0,4.0,10733,6.3
4534635,5.15,61.0,0.0,0.0,12.2,27.0,4.0,10733,6.3
4534652,4.9,79.5,0.0,0.0,13.15,22.2,4.0,10733,6.3
4534670,6.05,80.0,0.0,0.0,20.85,42.0,4.0,10733,6.3
4534677,1.65,74.5,0.0,0.0,11.7,22.0,3.0,10733,6.3
4534704,6.2,65.0,0.0,0.0,13.15,37.0,3.0,10733,6.3
4534723,7.1,57.5,0.0,0.0,13.149999999999999,25.0,1.0,10733,6.3
4534741,9.7,70.5,0.0,0.0,5.4,11.0,1.0,10733,6.3
4534760,16.65,31.5,0.0,0.0,10.600000000000001,20.0,4.0,10733,6.3
4534778,12.55,57.0,0.0,0.0,13.15,32.0,4.0,10733,6.3
4534796,22.15,31.5,0.0,0.0,14.549999999999999,32.0,4.0,10733,6.3
4534814,15.05,66.5,0.0,0.0,16.75,32.0,8.0,10733,6.3
4534839,17.55,48.0,0.0,0.0,8.850000000000001,25.0,4.0,10733,6.3
4829246,21.6,59.0,0.0,0.2,19.6,37.0,8.0,10733,6.3
4829347,30.25,36.0,0.0,0.0,18.0,41.0,3.0,10733,6.3
4829366,,,,,,,,10733,6.3
4829384,,,,,,,,10733,6.3
4829401,,,,,,,,10733,6.3
4829420,,,,,,,,10733,6.3
4829437,,,,,,,,10733,6.3
4829463,,,,,,,,10733,6.3
4829472,,,,,,,,10733,6.3
4829491,,,,,,,,10733,6.3
4829509,,,,,,,,10733,6.3
4829528,,,,,,,,10733,6.3
4829546,,,,,,,,10733,6.3
4829563,,,,,,,,10733,6.3
4829581,,,,,,,,10733,6.3
4829599,,,,,,,,10733,6.3
4829607,,,,,,,,10733,6.3
3624357,18.45,85.5,5.0,0.0,11.149999999999999,33.0,8.0,10865,10.9
3624366,12.15,86.0,4.0,0.1,12.25,31.0,8.0,10865,10.9
3624384,20.35,42.0,0.0,0.0,7.199999999999999,18.0,2.0,10865,10.9
3624402,25.799999999999997,33.0,0.0,0.0,10.8,24.0,4.0,10865,10.9
3624420,10.85,53.0,0.0,0.0,8.3,20.0,1.0,10865,10.9
3624438,8.600000000000001,60.0,0.0,0.0,8.1,19.0,3.0,10865,10.9
3624456,2.6,80.5,0.0,0.2,12.45,25.0,8.0,10865,10.9
3624474,1.55,83.5,0.0,0.4,14.95,31.0,7.0,10865,10.9
3624492,2.85,86.5,0.0,0.0,6.15,14.0,4.0,10865,10.9
3624501,-0.30000000000000004,92.0,1.2,0.7,11.15,23.0,15.0,10865,10.9
3624543,3.35,60.0,0.0,0.0,7.4,20.0,1.0,10865,10.9
3624576,10.2,47.0,0.0,0.0,30.6,72.0,4.0,10865,10.9
3624608,4.0,38.0,0.0,0.0,16.0,37.0,4.0,10865,10.9
3624640,7.6,45.5,0.0,0.0,12.75,31.0,3.0,10865,10.9
3624664,6.55,47.5,0.0,0.0,21.4,46.0,4.0,10865,10.9
3624682,12.9,65.0,0.0,0.0,16.35,38.0,8.0,10865,10.9
3624700,15.649999999999999,71.0,0.0,0.0,13.7,28.0,4.0,10865,10.9
3903552,29.15,29.0,0.0,0.0,16.0,31.0,1.0,10865,10.9
3903571,22.5,63.5,0.0,0.0,9.9,24.0,4.0,10865,10.9
3903589,18.15,59.5,0.0,6.7,20.85,44.0,8.0,10865,10.9
3903607,11.3,83.0,0.0,0.0,3.6,9.0,4.0,10865,10.9
3903625,17.15,72.5,0.0,0.0,6.85,14.0,4.0,10865,10.9
3903643,25.35,38.0,0.0,0.0,5.050000000000001,11.0,3.0,10865,10.9
3903661,10.3,71.5,0.0,0.0,6.3,12.0,4.0,10865,10.9
3903688,1.2999999999999998,90.5,0.0,0.0,8.45,22.0,4.0,10865,10.9
3903697,-0.5,88.0,0.0,0.0,5.95,12.0,10.0,10865,10.9
3903715,6.7,44.5,0.0,0.0,10.8,24.0,4.0,10865,10.9
3903733,-0.39999999999999997,71.5,0.0,0.2,14.05,33.0,15.0,10865,10.9
3903751,4.45,43.5,0.0,0.0,14.2,33.0,3.0,10865,10.9
3903769,9.3,67.5,0.0,0.8999999999999999,25.75,60.0,8.0,10865,10.9
3903787,8.85,57.0,0.0,0.0,16.05,34.0,8.0,10865,10.9
3903805,15.6,53.0,0.0,0.0,18.15,36.0,4.0,10865,10.9
3903823,12.35,73.5,0.0,0.1,6.85,15.0,4.0,10865,10.9
3903832,20.85,54.5,0.0,0.0,15.5,31.0,4.0,10865,10.9
4221730,15.950000000000001,88.5,0.6000000000000001,8.5,5.199999999999999,12.0,7.0,10865,10.9
4221748,18.95,70.5,0.0,0.0,8.100000000000001,18.0,1.0,10865,10.9
4221757,14.75,56.0,0.0,0.0,9.9,21.0,4.0,10865,10.9
4221775,19.65,51.5,0.0,0.0,7.35,21.0,4.0,10865,10.9
4221796,16.0,43.0,0.0,0.0,17.1,38.0,2.0,10865,10.9
4221950,6.6,65.5,0.0,1.1,14.9,34.0,8.0,10865,10.9
4221986,1.8,88.0,0.0,0.0,2.0,6.0,4.0,10865,10.9
4221884,-5.4,91.0,0.0,0.0,6.3,14.0,4.0,10865,10.9
4221893,4.05,49.0,0.0,0.0,4.35,15.0,4.0,10865,10.9
4221968,9.05,71.0,0.0,3.0,25.700000000000003,52.0,4.0,10865,10.9
4221911,12.649999999999999,48.0,0.0,0.0,20.35,44.0,1.0,10865,10.9
4222023,6.35,62.0,0.0,0.0,5.75,14.0,4.0,10865,10.9
4222129,15.35,40.5,0.0,0.0,12.05,27.0,4.0,10865,10.9
4222147,19.05,25.5,0.0,0.0,13.5,32.0,4.0,10865,10.9
4222165,23.799999999999997,31.0,0.0,0.0,6.85,19.0,4.0,10865,10.9
4222353,20.5,25.5,0.0,0.0,10.1,25.0,3.0,10865,10.9
4222371,22.25,35.5,0.0,0.0,13.1,28.0,1.0,10865,10.9
4534551,28.75,47.0,0.0,0.0,7.75,22.2,2.0,10865,10.9
4534576,11.0,73.0,0.0,2.8,11.7,23.0,8.0,10865,10.9
4534595,15.0,79.0,0.0,0.0,6.8500000000000005,17.0,4.0,10865,10.9
4534613,8.65,76.5,0.0,0.1,8.100000000000001,17.0,4.0,10865,10.9
4534632,-0.3,80.5,0.0,0.1,23.6,52.0,15.0,10865,10.9
4534650,6.55,63.0,0.2,0.0,7.550000000000001,22.2,7.0,10865,10.9
4534668,1.1,87.0,0.1,0.30000000000000004,11.7,28.0,15.0,10865,10.9
4534686,0.45,95.0,0.1,0.5,4.85,10.0,15.0,10865,10.9
4534695,-0.24999999999999997,80.0,0.0,0.0,6.65,14.0,4.0,10865,10.9
4534713,2.7,70.5,0.0,0.0,11.850000000000001,31.0,4.0,10865,10.9
4534720,1.35,76.0,0.0,0.0,6.8,12.0,4.0,10865,10.9
4534738,9.899999999999999,72.5,0.0,0.0,6.449999999999999,15.0,4.0,10865,10.9
4534757,16.700000000000003,23.0,0.0,0.0,7.550000000000001,18.0,1.0,10865,10.9
4534775,8.75,87.5,0.7,1.9000000000000004,10.95,24.0,8.0,10865,10.9
4534794,20.15,35.5,0.0,0.0,13.5,26.0,4.0,10865,10.9
4534812,13.25,65.0,0.0,0.0,16.6,38.0,4.0,10865,10.9
4534830,16.9,32.0,0.0,0.0,10.25,24.0,4.0,10865,10.9
4824901,18.1,61.0,0.0,0.0,8.850000000000001,18.0,4.0,10865,10.9
4829331,19.95,49.0,0.0,0.0,5.2,13.0,4.0,10865,10.9
4829351,11.15,91.0,,,7.4,14.8,7.0,10865,10.9
4829369,,,,,,,,10865,10.9
4829388,,,,,,,,10865,10.9
4829406,,,,,,,,10865,10.9
4829415,,,,,,,,10865,10.9
4829433,,,,,,,,10865,10.9
4829451,,,,,,,,10865,10.9
4829478,,,,,,,,10865,10.9
4829495,,,,,,,,10865,10.9
4829513,,,,,,,,10865,10.9
4829531,,,,,,,,10865,10.9
4829550,,,,,,,,10865,10.9
4829577,,,,,,,,10865,10.9
4829595,,,,,,,,10865,10.9
4829613,,,,,,,,10865,10.9
3903555,28.1,24.5,0.0,0.0,12.05,27.0,1.0,10803,2.7
3903573,24.299999999999997,64.5,0.0,0.0,4.65,12.0,4.0,10803,2.7
3903591,22.5,47.0,0.0,0.0,7.75,23.0,1.0,10803,2.7
3903609,13.8,82.0,0.0,4.6,25.4,43.0,4.0,10803,2.7
3903636,21.3,57.0,0.0,0.0,12.05,26.0,1.0,10803,2.7
3903654,8.65,79.0,0.0,0.0,3.25,12.0,4.0,10803,2.7
3903671,5.95,88.0,0.0,0.1,4.15,16.0,4.0,10803,2.7
3903690,1.55,91.0,0.0,0.0,7.75,17.0,4.0,10803,2.7
3903700,3.55,59.0,0.0,0.0,11.7,31.0,4.0,10803,2.7
3903717,8.7,43.5,0.0,0.0,4.7,13.0,4.0,10803,2.7
3903735,1.55,63.0,0.0,0.0,19.4,40.0,15.0,10803,2.7
3903753,13.9,50.0,0.0,0.0,22.3,44.0,4.0,10803,2.7
3903772,11.0,71.5,0.0,0.0,24.85,40.0,4.0,10803,2.7
3903780,11.95,59.0,0.0,0.4,10.45,22.0,8.0,10803,2.7
3903798,20.1,47.0,0.0,0.0,12.95,30.0,4.0,10803,2.7
3903816,21.450000000000003,52.0,0.0,0.0,6.3,19.0,4.0,10803,2.7
3903834,15.2,57.0,0.0,0.0,8.65,23.0,4.0,10803,2.7
4221732,18.25,83.5,0.9,0.2,9.75,21.0,8.0,10803,2.7
4221750,24.9,58.0,0.0,0.0,6.85,19.0,4.0,10803,2.7
4221767,24.2,49.5,0.0,0.0,7.4,13.0,1.0,10803,2.7
4221786,17.3,53.0,0.0,0.0,18.549999999999997,33.3,3.0,10803,2.7
4221826,12.95,63.0,0.1,0.0,28.65,62.0,8.0,10803,2.7
4221961,5.300000000000001,61.5,0.0,0.0,13.85,32.0,8.0,10803,2.7
4221988,1.9500000000000002,99.0,0.0,0.0,4.0,9.0,5.0,10803,2.7
4221886,-3.4,87.0,0.0,0.0,7.05,15.0,4.0,10803,2.7
4221895,-3.25,87.0,0.0,0.0,5.199999999999999,10.0,4.0,10803,2.7
4221913,9.4,73.5,0.0,0.0,10.600000000000001,20.0,4.0,10803,2.7
4222015,12.0,68.0,0.0,0.0,16.55,37.0,4.0,10803,2.7
4222121,5.449999999999999,80.0,0.0,0.0,4.300000000000001,9.0,4.0,10803,2.7
4222140,12.0,81.5,0.1,0.0,6.65,13.0,8.0,10803,2.7
4222158,28.75,23.5,0.0,0.0,12.25,23.0,3.0,10803,2.7
4222176,5.949999999999999,66.0,0.0,0.6000000000000001,6.449999999999999,18.0,8.0,10803,2.7
4222355,21.4,26.0,0.0,0.0,10.45,29.0,4.0,10803,2.7
4222373,24.35,41.5,0.0,0.0,12.05,24.0,1.0,10803,2.7
4534544,34.95,26.5,0.0,0.0,16.9,40.0,1.0,10803,2.7
4534561,14.4,56.0,0.0,0.0,9.0,22.0,4.0,10803,2.7
4534580,11.899999999999999,77.0,0.4,4.1,8.65,29.0,8.0,10803,2.7
4534598,17.35,72.5,0.0,0.0,5.6000000000000005,16.0,4.0,10803,2.7
4534617,12.55,68.0,0.0,0.0,9.55,17.0,4.0,10803,2.7
4534643,-0.30000000000000004,100.0,0.0,0.0,4.35,10.0,5.0,10803,2.7
4534660,-0.9500000000000001,92.5,0.0,0.0,2.7,5.0,4.0,10803,2.7
4534679,1.5499999999999998,74.5,0.0,0.0,9.7,19.0,3.0,10803,2.7
4534705,16.55,51.0,0.0,0.0,19.25,38.0,4.0,10803,2.7
4534724,6.2,65.0,0.0,0.0,7.55,15.0,4.0,10803,2.7
4534742,8.3,90.5,0.0,0.0,1.6,4.0,4.0,10803,2.7
4534761,14.0,42.0,0.0,0.0,5.4,13.0,1.0,10803,2.7
4534779,14.7,38.0,0.0,0.0,23.05,41.0,4.0,10803,2.7
4534786,21.35,34.5,0.0,0.0,12.8,28.0,2.0,10803,2.7
4534805,17.45,61.5,0.0,0.0,12.8,24.1,4.0,10803,2.7
4534822,10.4,89.5,0.0,4.1000000000000005,13.3,26.0,7.0,10803,2.7
4534841,19.450000000000003,34.0,0.0,0.0,13.65,36.0,2.0,10803,2.7
4829223,19.9,45.5,0.0,0.0,9.9,22.0,3.0,10803,2.7
4829333,20.450000000000003,53.0,0.0,0.0,15.3,33.0,4.0,10803,2.7
4829354,16.950000000000003,61.5,,,9.3,20.4,3.0,10803,2.7
4829371,,,,,,,,10803,2.7
4829399,,,,,,,,10803,2.7
4829418,,,,,,,,10803,2.7
4829436,,,,,,,,10803,2.7
4829454,,,,,,,,10803,2.7
4829481,,,,,,,,10803,2.7
4829498,,,,,,,,10803,2.7
4829515,,,,,,,,10803,2.7
4829533,,,,,,,,10803,2.7
4829544,,,,,,,,10803,2.7
4829561,,,,,,,,10803,2.7
4829580,,,,,,,,10803,2.7
4829598,,,,,,,,10803,2.7
4829616,,,,,,,,10803,2.7
3903560,28.85,44.0,0.0,0.0,10.8,24.8,3.0,D3848,22.2
3903579,19.0,63.0,0.0,0.0,18.15,36.4,2.0,D3848,22.2
3903597,15.3,94.0,0.8,3.7,8.8,37.1,3.0,D3848,22.2
3903615,12.95,92.5,0.0,4.8999999999999995,18.0,40.7,17.0,D3848,22.2
3903633,16.450000000000003,80.5,0.0,0.0,15.100000000000001,31.3,3.0,D3848,22.2
3903651,17.2,78.0,0.0,0.0,11.35,20.9,3.0,D3848,22.2
3903660,7.45,90.5,0.0,0.0,12.75,22.0,3.0,D3848,22.2
3903678,10.35,85.5,0.0,0.0,3.45,9.0,3.0,D3848,22.2
3903696,-1.85,83.5,0.0,0.0,11.9,20.5,3.0,D3848,22.2
3903705,2.05,76.0,0.0,0.0,8.45,16.2,3.0,D3848,22.2
3903723,7.95,94.0,0.0,0.0,19.799999999999997,38.5,3.0,D3848,22.2
3903741,4.25,58.5,0.0,0.0,23.2,42.1,3.0,D3848,22.2
3903759,2.45,100.0,0.4,0.9,13.85,26.6,12.0,D3848,22.2
3903777,7.7,60.5,0.0,0.0,20.7,37.1,3.0,D3848,22.2
3903795,11.649999999999999,79.0,0.0,0.0,14.2,26.6,3.0,D3848,22.2
3903822,14.350000000000001,77.5,0.0,0.0,15.65,29.5,3.0,D3848,22.2
3903840,17.1,61.0,0.0,0.0,17.8,33.8,3.0,D3848,22.2
4221721,23.4,91.0,0.0,0.0,9.35,19.4,2.0,D3848,22.2
4221745,20.200000000000003,69.5,0.0,0.0,7.6,19.1,3.0,D3848,22.2
4221763,15.2,82.0,1.6,0.0,16.2,32.0,3.0,D3848,22.2
4221781,15.8,94.0,0.0,1.7000000000000002,16.0,37.4,7.0,D3848,22.2
4221801,11.2,91.5,0.3,0.8999999999999999,12.25,24.8,3.0,D3848,22.2
4221954,7.0,92.5,0.0,0.0,12.6,22.7,3.0,D3848,22.2
4221966,4.449999999999999,76.0,0.0,0.0,16.55,29.2,1.0,D3848,22.2
4221983,4.800000000000001,94.0,0.0,0.0,20.35,33.1,3.0,D3848,22.2
4221881,7.3,98.0,2.2,5.500000000000001,17.450000000000003,31.0,8.0,D3848,22.2
4221908,6.85,84.0,0.0,0.0,15.5,27.7,3.0,D3848,22.2
4222008,12.05,84.5,0.0,0.0,11.5,20.5,3.0,D3848,22.2
4222029,6.6,84.0,1.2,0.0,19.6,35.6,3.0,D3848,22.2
4222134,5.8,82.0,0.0,0.0,13.85,31.3,2.0,D3848,22.2
4222152,19.35,67.5,0.0,0.0,14.05,34.6,3.0,D3848,22.2
4222181,9.45,51.0,0.0,0.0,13.7,31.0,3.0,D3848,22.2
4222368,18.25,49.5,0.0,0.0,7.75,19.4,3.0,D3848,22.2
4222386,22.25,42.5,0.0,0.0,12.95,28.1,3.0,D3848,22.2
4534554,,,0.0,0.0,,,,D3848,22.2
4534571,21.799999999999997,62.0,0.0,0.0,12.6,23.8,1.0,D3848,22.2
4534589,13.9,66.0,0.0,0.0,7.2,16.2,2.0,D3848,22.2
4534606,13.8,95.0,0.0,0.0,7.35,13.3,2.0,D3848,22.2
4534624,7.1,84.0,0.0,0.0,9.9,18.0,3.0,D3848,22.2
4534642,3.3,88.0,0.0,0.0,10.25,22.0,3.0,D3848,22.2
4534671,6.9,90.5,0.1,0.0,26.65,44.3,3.0,D3848,22.2
4534688,3.4,100.0,0.0,0.0,0.75,2.5,5.0,D3848,22.2
4534698,-0.7,96.5,0.0,0.0,6.3,10.1,1.0,D3848,22.2
4534716,0.15,96.5,0.0,0.0,6.300000000000001,10.8,3.0,D3848,22.2
4534733,0.6,76.5,0.0,0.0,15.3,27.7,3.0,D3848,22.2
4534751,4.9,81.0,0.0,0.0,11.5,29.2,3.0,D3848,22.2
4534768,,,0.0,0.0,,,,D3848,22.2
4534785,10.5,35.5,0.0,0.0,20.9,43.2,1.0,D3848,22.2
4534804,,,0.0,0.0,,,,D3848,22.2
4534815,17.35,37.5,0.0,0.0,9.0,22.3,1.0,D3848,22.2
4534832,16.45,57.0,0.0,0.0,8.25,20.9,3.0,D3848,22.2
4829242,21.299999999999997,61.5,0.0,0.0,14.05,31.3,3.0,D3848,22.2
4829350,26.65,52.0,0.0,0.0,12.6,26.3,3.0,D3848,22.2
4829368,11.45,88.5,1.5,7.3999999999999995,23.799999999999997,70.2,8.0,D3848,22.2
4829386,8.45,82.0,0.0,0.0,29.15,51.8,3.0,D3848,22.2
4829404,7.85,99.0,0.1,0.2,4.15,7.2,3.0,D3848,22.2
4829422,8.5,92.0,0.0,0.0,15.85,29.9,3.0,D3848,22.2
4829440,6.15,92.0,0.0,0.0,16.35,31.0,3.0,D3848,22.2
4829475,4.550000000000001,94.0,0.0,0.0,9.35,16.9,3.0,D3848,22.2
4829458,,,,,,,,D3848,22.2
4829494,,,,,,,,D3848,22.2
4829512,,,,,,,,D3848,22.2
4829530,,,,,,,,D3848,22.2
4829548,,,,,,,,D3848,22.2
4829566,,,,,,,,D3848,22.2
4829584,,,,,,,,D3848,22.2
4829602,,,,,,,,D3848,22.2
4829620,,,,,,,,D3848,22.2
3903559,30.0,29.0,0.0,0.0,12.8,27.0,1.0,10410,18.1
3903578,20.1,63.0,0.0,0.0,8.65,17.0,4.0,10410,18.1
3903596,16.25,93.5,0.1,16.2,7.95,27.0,8.0,10410,18.1
3903614,15.55,67.5,0.0,0.2,8.3,26.0,8.0,10410,18.1
3903632,14.05,99.5,0.0,1.4000000000000001,8.6,18.0,4.0,10410,18.1
3903650,19.05,63.5,0.0,0.0,7.05,19.0,4.0,10410,18.1
3903669,11.2,78.5,0.0,0.0,16.2,37.0,4.0,10410,18.1
3903677,12.0,63.5,0.0,0.0,6.1,15.0,4.0,10410,18.1
3903695,0.7,81.5,0.0,0.0,9.5,21.0,4.0,10410,18.1
3903704,0.05,82.0,0.0,0.0,12.8,27.0,4.0,10410,18.1
3903722,5.75,80.5,0.0,0.0,16.0,32.0,4.0,10410,18.1
3903740,3.1,49.0,0.0,0.30000000000000004,18.7,41.0,1.0,10410,18.1
3903758,3.55,49.0,0.0,0.0,6.45,17.0,4.0,10410,18.1
3903776,9.399999999999999,95.0,6.5,9.9,16.0,32.0,8.0,10410,18.1
3903794,11.8,48.5,0.0,0.0,10.65,31.0,4.0,10410,18.1
3903813,13.350000000000001,61.5,0.0,0.0,5.75,13.0,4.0,10410,18.1
3903839,17.3,57.5,0.0,0.0,18.0,37.0,4.0,10410,18.1
4221738,21.35,61.0,0.0,0.0,11.15,,3.0,D0917,2.4
4221756,27.15,54.5,0.0,0.0,9.7,,3.0,D0917,2.4
4221774,22.55,51.0,0.0,0.0,8.45,,1.0,D0917,2.4
4221792,17.4,55.5,0.0,0.0,20.15,,2.0,D0917,2.4
4221832,6.6,87.0,0.0,0.0,16.4,,3.0,D0917,2.4
4221958,8.4,70.0,0.0,0.2,17.799999999999997,,17.0,D0917,2.4
4221976,-0.30000000000000004,76.0,0.0,0.0,15.1,,3.0,D0917,2.4
4221994,6.9,73.0,0.0,0.0,11.15,,3.0,D0917,2.4
4221892,-0.55,81.0,0.0,0.0,16.2,,3.0,D0917,2.4
4221901,-3.9,88.5,0.0,0.0,3.75,,1.0,D0917,2.4
4221919,9.3,79.0,0.0,0.0,20.2,,3.0,D0917,2.4
4222022,12.149999999999999,76.0,0.0,0.0,8.8,,3.0,D0917,2.4
4222128,14.649999999999999,51.0,0.0,0.0,11.5,,3.0,D0917,2.4
4222146,11.75,60.5,0.0,0.1,19.799999999999997,,3.0,D0917,2.4
4222173,21.75,46.0,0.0,0.0,16.75,,3.0,D0917,2.4
4222361,15.0,63.0,0.0,0.0,14.950000000000001,,8.0,D0917,2.4
4222379,25.450000000000003,38.0,0.0,0.0,12.8,,2.0,D0917,2.4
4221737,20.3,81.5,5.7,0.0,12.8,,9.0,D7331,11.5
4221755,26.8,47.5,0.0,0.0,7.199999999999999,,3.0,D7331,11.5
4221773,19.3,51.5,0.0,0.0,8.3,,3.0,D7331,11.5
4221791,14.35,65.0,0.0,0.0,9.350000000000001,,3.0,D7331,11.5
4221831,9.7,88.5,0.7999999999999999,1.2,29.85,,8.0,D7331,11.5
4221967,1.75,93.5,0.0,1.3,13.5,,3.0,D7331,11.5
4221985,4.0,96.0,0.0,0.0,11.3,,3.0,D7331,11.5
4221883,3.6,79.5,0.0,0.0,21.25,,3.0,D7331,11.5
4221900,-1.2,72.0,0.0,0.0,5.4,,1.0,D7331,11.5
4221918,5.9,83.0,0.0,0.0,20.0,,2.0,D7331,11.5
4222021,12.15,65.5,0.0,0.0,12.4,,3.0,D7331,11.5
4222127,11.35,75.5,0.0,0.0,11.7,,3.0,D7331,11.5
4222145,12.45,72.5,0.0,1.5,23.9,,17.0,D7331,11.5
4222163,24.15,35.5,0.0,0.0,12.95,,3.0,D7331,11.5
4222182,6.75,67.0,0.1,0.0,19.45,,3.0,D7331,11.5
4222370,16.75,72.5,0.0,2.2,6.300000000000001,,3.0,D7331,11.5
4222388,19.25,57.0,0.0,0.0,13.7,,3.0,D7331,11.5
4534553,27.4,57.5,0.0,0.0,,,,D7331,11.5
4534570,20.549999999999997,62.5,0.0,0.0,4.5,,1.0,D7331,11.5
4534588,11.15,76.5,0.0,0.0,9.2,,3.0,D7331,11.5
4534605,11.899999999999999,97.0,0.0,0.0,7.35,,3.0,D7331,11.5
4534623,4.65,94.0,0.0,0.0,6.15,,1.0,D7331,11.5
4534641,-0.8,93.0,0.0,0.0,6.65,,1.0,D7331,11.5
4534659,4.0,70.5,0.0,0.0,17.1,,3.0,D7331,11.5
4534678,-0.30000000000000004,77.5,0.0,0.0,11.35,,3.0,D7331,11.5
4534697,-1.5,90.0,0.0,0.0,7.2,,1.0,D7331,11.5
4534715,3.05,68.0,0.0,0.0,13.149999999999999,,1.0,D7331,11.5
4534732,-2.2,85.5,0.0,0.0,10.8,,3.0,D7331,11.5
4534750,5.05,69.5,0.0,0.0,15.85,,3.0,D7331,11.5
4534767,5.949999999999999,68.5,0.0,0.0,,,,D7331,11.5
4534784,19.25,37.5,0.0,0.0,12.25,,3.0,D7331,11.5
4534803,18.75,42.0,0.0,0.0,,,,D7331,11.5
4534821,18.8,58.0,0.0,0.0,6.85,,3.0,D7331,11.5
4534840,16.35,43.5,0.0,0.0,15.65,,3.0,D7331,11.5
4829228,18.15,48.0,0.0,0.0,14.2,,3.0,D7331,11.5
4829339,20.35,52.5,0.0,0.0,12.399999999999999,,3.0,D7331,11.5
4829355,12.75,84.0,0.0,0.0,8.25,,7.0,D7331,11.5
4829372,11.6,65.5,0.0,0.0,9.0,,3.0,D7331,11.5
4829390,12.45,87.0,0.0,0.0,9.35,,3.0,D7331,11.5
4829409,-0.95,68.5,0.0,0.0,4.85,,1.0,D7331,11.5
4829427,5.4,82.5,0.0,0.5,16.75,,3.0,D7331,11.5
4829445,-0.05,98.0,0.0,0.0,14.2,,1.0,D7331,11.5
4829455,,,,,,,,D7331,11.5
4829482,,,,,,,,D7331,11.5
4829499,,,,,,,,D7331,11.5
4829516,,,,,,,,D7331,11.5
4829534,,,,,,,,D7331,11.5
4829553,,,,,,,,D7331,11.5
4829570,,,,,,,,D7331,11.5
4829589,,,,,,,,D7331,11.5
4829617,,,,,,,,D7331,11.5
4534548,20.95,45.5,0.0,0.0,13.5,32.4,3.0,D1981,9.4
4534575,18.55,76.0,0.0,0.0,5.25,11.2,3.0,D1981,9.4
4534593,13.0,70.0,0.0,0.0,3.8,14.0,2.0,D1981,9.4
4534611,15.25,84.5,0.0,0.0,10.600000000000001,22.3,3.0,D1981,9.4
4534629,5.8,84.5,0.0,0.0,9.899999999999999,21.2,3.0,D1981,9.4
4534647,2.25,86.5,0.0,0.0,8.65,17.6,3.0,D1981,9.4
4534665,4.25,93.5,0.2,0.4,17.65,37.4,8.0,D1981,9.4
4534683,2.15,66.5,0.0,0.0,20.549999999999997,42.1,1.0,D1981,9.4
4534710,3.4,93.5,0.0,0.30000000000000004,2.85,11.2,3.0,D1981,9.4
4534719,1.3,98.0,0.0,0.0,7.75,18.0,3.0,D1981,9.4
4534737,2.35,64.5,0.0,0.0,4.3,13.0,3.0,D1981,9.4
4534755,5.1,82.0,0.0,0.0,10.600000000000001,28.1,3.0,D1981,9.4
4534773,3.7,75.0,0.0,0.0,,,,D1981,9.4
4534791,9.6,35.0,0.0,0.0,5.6,20.9,1.0,D1981,9.4
4534809,12.4,69.0,0.0,0.0,8.3,,,D1981,9.4
4534827,16.299999999999997,44.5,0.0,0.0,10.100000000000001,27.0,3.0,D1981,9.4
4534845,16.35,73.5,0.1,8.3,14.4,44.6,3.0,D1981,9.4
4829227,18.15,48.0,0.0,0.30000000000000004,15.8,33.8,3.0,D1981,9.4
4829338,18.3,56.5,0.0,0.0,13.0,29.5,3.0,D1981,9.4
4829357,17.2,59.0,0.0,0.0,10.45,27.0,3.0,D1981,9.4
4829375,11.0,55.0,0.0,0.0,16.0,34.6,1.0,D1981,9.4
4829393,13.649999999999999,91.0,1.2,0.0,18.15,39.6,7.0,D1981,9.4
4829412,1.2,50.0,0.0,0.0,21.049999999999997,41.8,3.0,D1981,9.4
4829438,8.95,82.5,0.0,0.0,12.45,31.3,3.0,D1981,9.4
4829484,,,,,,,,D1981,9.4
4829456,,,,,,,,D1981,9.4
4829501,,,,,,,,D1981,9.4
4829519,,,,,,,,D1981,9.4
4829537,,,,,,,,D1981,9.4
4829556,,,,,,,,D1981,9.4
4829573,,,,,,,,D1981,9.4
4829582,,,,,,,,D1981,9.4
4829600,,,,,,,,D1981,9.4
4829618,,,,,,,,D1981,9.4
4534557,18.049999999999997,59.5,0.0,0.0,12.1,25.9,3.0,10046,4.2
4534566,14.45,57.5,0.0,0.0,14.95,28.0,2.0,10046,4.2
4534584,13.8,59.5,0.0,0.0,10.600000000000001,23.0,3.0,10046,4.2
4534602,16.3,76.0,0.0,0.0,12.399999999999999,23.0,4.0,10046,4.2
4534620,8.25,61.0,0.0,0.0,8.65,18.0,3.0,10046,4.2
4534638,13.55,70.0,0.0,1.5999999999999999,27.200000000000003,55.0,4.0,10046,4.2
4534656,4.699999999999999,94.5,0.2,0.0,18.4,33.3,7.0,10046,4.2
4534674,7.550000000000001,82.5,0.0,0.0,23.9,47.0,8.0,10046,4.2
4534692,5.25,100.0,0.0,0.4,18.55,30.0,5.0,10046,4.2
4534701,1.0,100.0,0.0,0.0,5.2,12.0,5.0,10046,4.2
4534728,2.8,77.5,0.0,0.0,24.85,37.0,4.0,10046,4.2
4534746,10.85,66.5,0.0,0.0,11.5,24.0,4.0,10046,4.2
4534764,14.6,47.5,0.0,0.0,11.899999999999999,18.0,1.0,10046,4.2
4534782,12.5,49.0,0.0,0.0,21.4,37.0,3.0,10046,4.2
4534800,15.25,61.0,0.0,0.0,10.8,19.0,1.0,10046,4.2
4534818,15.75,55.0,0.0,0.0,20.0,32.0,1.0,10046,4.2
4534836,15.65,61.0,0.0,0.0,14.2,22.0,3.0,10046,4.2
4829248,19.95,64.5,0.0,0.0,11.35,24.8,1.0,D1981,12.5
4829346,27.95,46.5,0.0,0.0,10.25,26.3,3.0,D1981,12.5
4829365,12.399999999999999,84.5,0.8999999999999999,0.0,25.55,55.8,8.0,D1981,12.5
4829383,9.7,92.0,0.9,1.9,23.95,50.0,8.0,D1981,12.5
4829400,8.0,84.0,0.0,0.0,2.5,6.8,3.0,D1981,12.5
4829419,8.25,72.0,0.0,0.0,16.9,36.4,3.0,D1981,12.5
4829426,9.75,88.0,0.0,0.2,9.55,27.0,3.0,D1981,12.5
4829444,4.6,98.5,0.0,0.0,6.3,14.0,5.0,D1981,12.5
4829471,,,,,,,,D1981,12.5
4829490,,,,,,,,D1981,12.5
4829508,,,,,,,,D1981,12.5
4829527,,,,,,,,D1981,12.5
4829462,,,,,,,,D1981,12.5
4829545,,,,,,,,D1981,12.5
4829562,,,,,,,,D1981,12.5
4829588,,,,,,,,D1981,12.5
4829606,,,,,,,,D1981,12.5
3625829,24.25,77.5,0.0,0.0,25.9,22.2,2.0,07690,19.8
3625850,26.65,71.5,0.0,0.0,8.5,22.2,2.0,07690,19.8
3625871,23.35,72.5,0.0,0.0,4.7,13.0,1.0,07690,19.8
3625892,22.25,69.5,0.0,0.0,6.5,16.7,1.0,07690,19.8
3625910,20.15,86.0,6.0,0.4,19.450000000000003,55.5,7.0,07690,19.8
3625930,20.4,61.0,0.0,0.0,25.9,31.0,2.0,07690,19.8
3625961,11.95,79.5,0.0,0.0,14.8,18.0,1.0,07690,19.8
3625971,12.3,38.0,0.0,0.0,33.3,50.0,2.0,07690,19.8
3625991,14.0,34.0,0.0,0.0,16.75,31.0,2.0,07690,19.8
3626011,7.0,70.0,0.0,0.0,17.5,24.0,2.0,07690,19.8
3626028,12.35,53.5,0.0,0.0,3.6,14.8,2.0,07690,19.8
3626049,9.55,82.5,0.0,0.0,13.9,21.0,1.0,07690,19.8
3626062,12.75,42.0,0.0,0.0,10.3,24.1,2.0,07690,19.8
3626081,12.5,33.0,0.0,0.0,17.65,31.0,2.0,07690,19.8
3626111,14.25,44.0,0.0,0.0,39.8,59.0,3.0,07690,19.8
3626133,14.75,51.5,0.0,0.0,17.5,24.1,2.0,07690,19.8
3626152,15.5,73.0,0.0,0.0,21.4,31.5,4.0,07690,19.8
3626171,18.35,70.0,0.0,0.0,21.4,22.2,2.0,07690,19.8
3626189,17.9,83.5,0.0,0.0,3.6,14.8,3.0,07690,19.8
3904401,27.75,54.0,0.0,0.0,15.700000000000001,29.6,2.0,07690,19.8
3904409,27.9,68.5,0.0,0.0,7.6,17.0,2.0,07690,19.8
3904429,26.5,67.0,0.0,0.0,4.5,18.5,3.0,07690,19.8
3904501,24.3,69.5,0.0,0.0,5.6,14.8,2.0,07690,19.8
3904573,21.5,71.0,0.0,0.0,30.6,37.0,2.0,07690,19.8
3904592,21.3,78.5,0.0,0.0,11.2,18.0,3.0,07690,19.8
3904612,21.4,84.0,0.0,0.0,6.5,16.7,2.0,07690,19.8
3904631,16.049999999999997,62.0,0.0,0.0,14.8,25.9,2.0,07690,19.8
3904651,15.45,87.5,0.0,0.0,10.3,16.7,3.0,07690,19.8
3904671,12.5,77.5,0.0,0.0,9.4,40.8,3.0,07690,19.8
3904450,9.6,75.0,0.0,0.0,12.1,18.5,2.0,07690,19.8
3904470,11.4,65.0,0.0,0.0,11.2,14.8,2.0,07690,19.8
3904522,8.899999999999999,64.5,0.8,9.7,23.2,53.7,8.0,07690,19.8
3904543,17.35,61.5,0.0,0.0,5.4,20.4,2.0,07690,19.8
3904562,17.15,55.0,0.0,0.0,13.0,27.8,2.0,07690,19.8
3904692,17.1,54.5,0.0,0.0,7.6,15.0,2.0,07690,19.8
3904711,16.950000000000003,91.0,2.2,4.5,8.5,18.0,8.0,07690,19.8
3904731,18.5,62.5,0.0,0.5,19.450000000000003,24.0,3.0,07690,19.8
3904763,20.85,81.5,0.0,0.0,13.9,18.5,2.0,07690,19.8
4219267,29.45,56.0,0.0,0.0,6.5,18.5,2.0,07690,19.8
4219284,23.9,57.5,0.0,0.0,5.6000000000000005,13.0,2.0,07690,19.8
4219302,21.25,52.5,0.0,0.0,21.4,42.6,2.0,07690,19.8
4219314,21.35,77.5,0.0,0.0,5.6,13.0,2.0,07690,19.8
4219331,19.9,62.0,0.0,0.0,28.799999999999997,42.0,3.0,07690,19.8
4219351,17.2,58.0,0.0,0.0,29.5,55.5,1.0,07690,19.8
4219375,13.5,53.5,0.0,0.0,14.8,24.0,2.0,07690,19.8
4219394,8.9,52.0,0.0,0.0,21.4,33.0,1.0,07690,19.8
4219193,10.7,70.0,0.0,0.0,6.5,18.5,3.0,07690,19.8
4219211,15.35,66.0,0.0,0.0,5.4,13.0,2.0,07690,19.8
4219230,15.350000000000001,67.0,0.0,0.0,8.5,18.5,4.0,07690,19.8
4219248,13.25,83.0,0.0,0.0,10.3,21.0,3.0,07690,19.8
4219420,15.55,78.0,0.0,0.0,9.399999999999999,22.2,3.0,07690,19.8
4219438,17.1,72.0,0.0,0.0,10.3,35.2,4.0,07690,19.8
4219499,12.35,58.0,0.0,0.0,7.6,16.7,2.0,07690,19.8
4219523,17.0,73.5,0.0,0.0,8.5,22.2,3.0,07690,19.8
4219172,18.700000000000003,84.5,0.0,0.0,6.5,13.0,2.0,07690,19.8
4513011,27.0,68.5,0.0,0.0,6.5,18.5,2.0,07690,19.8
4513880,30.8,60.0,0.0,0.0,9.2,20.4,2.0,07690,19.8
4513901,23.35,66.0,0.0,0.0,27.9,29.6,4.0,07690,19.8
4513909,18.0,56.0,0.0,0.0,10.0,20.4,1.0,07690,19.8
4513963,17.2,88.0,0.0,0.0,10.3,18.0,3.0,07690,19.8
4513969,17.05,86.0,0.0,0.0,8.3,15.0,1.0,07690,19.8
4514071,11.15,25.0,0.0,0.0,15.7,37.0,1.0,07690,19.8
4514091,13.7,67.0,0.0,0.0,13.9,37.0,4.0,07690,19.8
4514101,10.1,73.0,0.0,0.0,17.5,28.0,4.0,07690,19.8
4513840,14.0,94.0,0.0,0.0,14.8,24.1,4.0,07690,19.8
4513856,13.0,69.5,0.1,3.8,37.95,63.0,17.0,07690,19.8
4513921,10.5,64.5,0.0,0.0,6.5,11.1,2.0,07690,19.8
4513938,13.0,77.0,0.1,0.0,22.25,14.8,3.0,07690,19.8
4514045,13.95,80.0,0.0,0.0,8.0,16.0,3.0,07690,19.8
4514063,15.95,81.5,0.2,0.0,23.0,34.0,4.0,07690,19.8
4514126,15.3,76.0,,,18.5,33.3,3.0,07690,19.8
4514154,17.5,66.0,0.0,0.0,8.5,11.1,2.0,07690,19.8
4830463,28.85,73.5,0.0,0.0,10.5,20.4,3.0,07690,19.8
4830481,24.35,67.5,0.0,0.0,10.0,19.0,1.0,07690,19.8
4830500,,,,,,,,07690,19.8
4830518,,,,,,,,07690,19.8
4830536,,,,,,,,07690,19.8
4830552,,,,,,,,07690,19.8
4830563,,,,,,,,07690,19.8
4830581,,,,,,,,07690,19.8
4830607,,,,,,,,07690,19.8
4830614,,,,,,,,07690,19.8
4830633,,,,,,,,07690,19.8
4830653,,,,,,,,07690,19.8
4830670,,,,,,,,07690,19.8
4830688,,,,,,,,07690,19.8
4830707,,,,,,,,07690,19.8
4830724,,,,,,,,07690,19.8
4830751,,,,,,,,07690,19.8
3625827,17.799999999999997,90.5,0.4,18.0,16.6,31.5,25.0,07481,9.0
3625848,25.25,54.5,0.0,0.0,9.399999999999999,37.0,3.0,07481,9.0
3625869,22.1,54.0,0.0,0.0,6.5,22.0,2.0,07481,9.0
3625890,15.6,78.5,0.0,0.0,5.6,13.0,1.0,07481,9.0
3625899,21.65,69.0,0.0,0.0,19.45,29.6,3.0,07481,9.0
3625919,8.399999999999999,92.0,0.0,0.0,3.8,11.1,5.0,07481,9.0
3625940,15.2,81.5,0.0,0.4,13.9,40.8,7.0,07481,9.0
3625959,5.65,97.0,0.0,0.0,7.3999999999999995,13.0,5.0,07481,9.0
3625979,5.55,88.0,0.0,0.8,8.3,26.0,4.0,07481,9.0
3626009,-2.6500000000000004,97.5,0.0,0.0,12.100000000000001,24.0,5.0,07481,9.0
3626022,3.85,93.5,0.0,2.0,9.399999999999999,13.0,7.0,07481,9.0
3626041,1.2999999999999998,70.5,0.0,0.0,23.200000000000003,39.0,2.0,07481,9.0
3811468,2.8,98.0,0.8,0.8,15.700000000000001,22.0,7.0,07481,9.0
3626060,7.0,70.5,0.0,0.0,13.0,18.5,2.0,07481,9.0
3626079,6.55,58.5,0.0,0.0,6.5,11.1,1.0,07481,9.0
3626100,10.55,72.0,0.0,0.0,13.0,44.5,7.0,07481,9.0
3626118,5.5,59.0,0.0,0.0,25.0,37.0,4.0,07481,9.0
3626137,18.299999999999997,40.5,0.0,0.0,9.4,31.5,1.0,07481,9.0
3626158,15.25,70.0,4.0,0.2,13.850000000000001,27.8,25.0,07481,9.0
3626187,21.5,54.0,0.0,0.0,7.4,22.2,2.0,07481,9.0
3904388,23.799999999999997,70.5,0.0,1.0,14.95,25.9,25.0,07481,9.0
3904414,21.4,77.0,0.0,0.0,7.6,18.5,2.0,07481,9.0
3904433,25.65,46.5,0.0,0.0,18.55,28.0,2.0,07481,9.0
3904496,21.9,70.5,0.0,0.4,6.5,24.1,25.0,07481,9.0
3904516,14.7,51.0,0.0,0.0,10.3,21.0,1.0,07481,9.0
3904586,18.35,63.5,0.0,0.0,8.3,13.0,3.0,07481,9.0
3904615,17.8,67.5,0.0,0.0,16.6,20.4,2.0,07481,9.0
3904635,11.0,89.5,0.0,0.0,6.5,13.0,2.0,07481,9.0
3904656,15.45,59.0,0.0,0.0,45.5,57.4,2.0,07481,9.0
3904675,10.15,59.5,0.6000000000000001,0.0,20.35,35.0,4.0,07481,9.0
3904455,5.1,68.5,0.0,0.0,10.3,21.0,3.0,07481,9.0
3904477,1.45,84.0,0.0,0.0,4.7,11.1,5.0,07481,9.0
3904533,8.0,52.0,0.0,0.0,14.8,27.8,1.0,07481,9.0
3904554,13.0,37.0,0.0,0.0,21.4,48.0,3.0,07481,9.0
3904687,13.9,51.5,0.0,0.0,5.4,21.0,2.0,07481,9.0
3904708,12.9,78.5,0.0,2.0,15.700000000000001,33.3,3.0,07481,9.0
3904727,16.65,81.5,0.4,4.3,5.4,18.0,25.0,07481,9.0
3904747,15.75,66.0,0.7,0.0,14.799999999999999,24.1,7.0,07481,9.0
3904755,23.1,56.5,0.0,0.0,4.5,20.4,1.0,07481,9.0
4219269,34.5,26.0,0.0,0.0,13.9,24.0,1.0,07481,9.0
4219286,27.35,50.0,0.0,0.0,6.5,21.0,2.0,07481,9.0
4219297,26.9,55.0,0.0,0.0,18.55,39.0,2.0,07481,9.0
4219322,26.25,35.0,0.0,0.0,3.6,24.1,1.0,07481,9.0
4219333,13.95,69.0,0.0,0.0,9.399999999999999,13.0,4.0,07481,9.0
4219352,14.65,61.5,1.4,0.0,25.0,39.0,18.0,07481,9.0
4219368,1.9500000000000002,84.0,0.0,0.0,2.7,13.0,2.0,07481,9.0
4219386,11.399999999999999,64.0,0.2,0.0,19.45,29.6,4.0,07481,9.0
4219403,4.85,89.0,0.0,0.2,6.5,14.8,4.0,07481,9.0
4219204,9.65,98.5,0.2,0.4,8.5,15.0,5.0,07481,9.0
4219213,5.15,89.0,0.0,0.0,6.5,11.1,4.0,07481,9.0
4219232,12.399999999999999,79.0,0.0,0.0,9.399999999999999,21.0,4.0,07481,9.0
4219249,3.6,93.5,1.8,12.0,25.0,37.0,8.0,07481,9.0
4219431,10.95,87.5,0.0,0.0,15.0,46.3,4.0,07481,9.0
4219500,25.9,44.0,0.0,0.0,8.3,16.7,3.0,07481,9.0
4219518,10.3,97.0,5.0,25.7,13.0,46.3,9.0,07481,9.0
4219174,19.15,60.5,0.0,0.0,5.6,16.7,3.0,07481,9.0
4513873,31.4,40.0,0.0,0.0,39.05,87.0,18.0,07481,9.0
4513876,29.7,46.5,0.0,0.0,7.6,14.8,2.0,07481,9.0
4513893,15.6,97.0,3.0,13.2,13.0,22.0,8.0,07481,9.0
4513949,17.1,69.0,0.0,1.0,31.5,33.3,4.0,07481,9.0
4513979,19.25,68.0,0.0,0.0,4.5,17.0,3.0,07481,9.0
4513986,9.1,91.5,0.0,0.0,20.5,14.8,4.0,07481,9.0
4514081,9.0,71.0,0.0,0.0,6.5,11.1,4.0,07481,9.0
4514102,6.05,82.5,0.6000000000000001,3.3,24.1,39.0,7.0,07481,9.0
4513833,-2.0,96.5,0.0,0.0,6.5,13.0,5.0,07481,9.0
4513863,7.0,76.0,0.0,0.0,4.5,13.0,4.0,07481,9.0
4513930,10.5,84.5,0.0,0.0,9.2,9.3,2.0,07481,9.0
4513933,9.5,57.5,0.0,0.0,15.700000000000001,25.0,1.0,07481,9.0
4514032,7.0,59.0,,,6.5,20.4,4.0,07481,9.0
4514050,17.5,48.5,0.0,0.0,11.0,16.7,1.0,07481,9.0
4514136,14.5,69.5,0.0,0.0,7.5,13.0,4.0,07481,9.0
4514137,16.95,83.0,2.6,5.3,19.5,24.1,25.0,07481,9.0
4513018,16.5,53.5,0.0,0.0,8.0,20.4,1.0,07481,9.0
4830470,19.0,52.5,0.0,0.0,14.0,25.9,2.0,07481,9.0
4830480,26.3,41.5,0.0,0.0,38.5,63.0,18.0,07481,9.0
4830498,,,,,,,,07481,9.0
4830516,,,,,,,,07481,9.0
4830535,,,,,,,,07481,9.0
4830560,,,,,,,,07481,9.0
4830578,,,,,,,,07481,9.0
4830596,,,,,,,,07481,9.0
4830613,,,,,,,,07481,9.0
4830632,,,,,,,,07481,9.0
4830650,,,,,,,,07481,9.0
4830678,,,,,,,,07481,9.0
4830694,,,,,,,,07481,9.0
4830713,,,,,,,,07481,9.0
4830732,,,,,,,,07481,9.0
4830739,,,,,,,,07481,9.0
4830758,,,,,,,,07481,9.0
3625835,18.45,68.5,0.0,0.0,23.200000000000003,31.5,4.0,07168,6.7
3625865,18.9,54.0,0.0,0.0,12.1,29.6,4.0,07168,6.7
3625885,16.15,82.0,0.0,0.0,1.8,18.5,4.0,07168,6.7
3625905,20.3,76.0,0.0,0.0,8.3,27.8,4.0,07168,6.7
3625925,14.2,54.5,0.0,0.0,8.5,17.0,2.0,07168,6.7
3625945,19.65,66.5,0.0,0.0,27.0,46.0,7.0,07168,6.7
3625965,4.95,94.0,0.0,0.0,2.7,9.0,4.0,07168,6.7
3625985,7.0,85.5,0.0,0.0,22.3,35.0,4.0,07168,6.7
3626005,9.05,88.0,0.0,0.2,5.6,17.0,4.0,07168,6.7
3626015,-1.1,92.0,0.0,0.0,7.4,13.0,5.0,07168,6.7
3626035,0.8,93.5,0.2,0.0,8.5,16.7,4.0,07168,6.7
3626055,8.95,88.0,0.0,0.8,46.25,76.0,7.0,07168,6.7
3626085,9.95,34.5,0.0,0.0,16.75,29.6,1.0,07168,6.7
3626105,8.0,90.5,1.8,1.0,10.3,25.9,7.0,07168,6.7
3626125,6.4,42.5,0.0,0.0,13.9,33.3,3.0,07168,6.7
3626145,20.049999999999997,25.5,0.0,0.0,17.5,29.6,1.0,07168,6.7
3626155,16.4,37.5,0.0,0.0,11.2,31.5,3.0,07168,6.7
3626175,14.85,49.5,0.0,0.0,13.9,24.0,3.0,07168,6.7
3626195,19.35,51.5,0.0,0.0,5.4,13.0,4.0,07168,6.7
3904408,24.35,63.5,0.3,0.0,22.15,27.8,4.0,07168,6.7
3904428,27.5,46.5,0.0,0.0,13.0,22.2,2.0,07168,6.7
3904499,29.0,35.5,0.0,0.0,12.1,26.0,3.0,07168,6.7
3904580,19.35,77.5,0.2,0.4,30.6,35.2,7.0,07168,6.7
3904600,21.7,74.5,0.0,0.0,10.3,25.9,3.0,07168,6.7
3904610,20.950000000000003,73.5,1.0,0.0,18.55,35.2,3.0,07168,6.7
3904630,9.4,92.5,0.0,0.6000000000000001,17.5,28.0,4.0,07168,6.7
3904650,11.15,76.5,0.0,0.0,25.0,39.0,4.0,07168,6.7
3904670,8.2,83.0,0.0,0.0,27.7,39.0,4.0,07168,6.7
3904449,3.55,75.5,0.0,0.0,13.0,16.7,4.0,07168,6.7
3904469,8.649999999999999,96.0,0.0,0.4,8.3,18.5,4.0,07168,6.7
3904489,12.3,64.0,0.0,0.0,17.65,28.0,4.0,07168,6.7
3904540,6.4,63.0,0.0,0.0,8.5,16.7,4.0,07168,6.7
3904560,10.55,85.0,0.4,6.4,19.450000000000003,55.0,17.0,07168,6.7
3904690,16.3,44.5,0.0,0.0,11.2,20.4,2.0,07168,6.7
3904720,17.2,57.0,0.0,0.0,12.1,25.9,4.0,07168,6.7
3904730,17.45,81.0,0.0,0.8999999999999999,10.3,21.0,4.0,07168,6.7
3904750,22.049999999999997,62.5,0.0,0.0,16.6,25.9,3.0,07168,6.7
3904770,18.95,58.0,0.0,0.0,9.4,20.4,3.0,07168,6.7
3625832,19.0,64.5,,0.2,15.7,35.2,4.0,07130,5.1
3625853,21.65,58.0,0.0,0.0,16.6,33.0,4.0,07130,5.1
3625875,21.95,52.5,0.0,0.2,12.100000000000001,18.5,4.0,07130,5.1
3625895,19.4,61.5,0.0,0.0,13.0,26.0,3.0,07130,5.1
3625914,16.6,60.0,0.0,2.6,21.4,66.7,4.0,07130,5.1
3625934,15.600000000000001,75.0,0.0,0.0,19.45,25.9,4.0,07130,5.1
3625954,8.7,91.0,0.0,0.0,7.6,13.0,4.0,07130,5.1
3625963,6.25,91.5,0.0,0.0,3.6,9.3,4.0,07130,5.1
3625983,5.75,86.5,0.0,0.2,16.6,35.0,4.0,07130,5.1
3626003,12.3,84.0,0.0,0.2,9.4,18.5,4.0,07130,5.1
3626032,5.6,99.5,0.0,0.0,11.2,24.0,4.0,07130,5.1
3626052,12.25,85.0,0.0,0.0,30.6,33.3,7.0,07130,5.1
3626074,12.75,75.5,0.0,0.0,25.9,48.0,4.0,07130,5.1
3626094,9.4,52.5,0.0,0.0,14.8,31.5,4.0,07130,5.1
3626114,13.55,63.0,0.0,0.0,13.9,35.2,4.0,07130,5.1
3626143,17.6,60.0,0.0,0.0,13.0,22.2,4.0,07130,5.1
3626164,17.95,69.0,0.0,0.4,9.399999999999999,22.2,4.0,07130,5.1
3626173,13.9,67.5,0.0,0.0,12.1,22.2,4.0,07130,5.1
3626192,22.3,50.5,0.0,0.0,13.9,20.4,4.0,07130,5.1
3904392,28.15,24.5,0.0,0.0,20.35,46.0,2.0,07130,5.1
3904417,17.65,93.0,1.2000000000000002,1.5999999999999999,6.5,21.0,4.0,07130,5.1
3904437,19.700000000000003,86.5,9.2,0.0,13.9,13.0,4.0,07130,5.1
3904508,25.8,49.0,0.0,0.0,11.2,26.0,3.0,07130,5.1
3904589,20.5,46.5,0.0,0.0,13.0,24.1,2.0,07130,5.1
3904598,17.5,88.5,1.6,5.3999999999999995,11.2,20.4,7.0,07130,5.1
3904620,18.0,73.5,0.0,0.6,21.4,37.0,4.0,07130,5.1
3904640,12.75,92.5,0.0,0.0,8.3,18.0,4.0,07130,5.1
3904659,7.699999999999999,93.5,0.0,0.2,11.2,25.9,4.0,07130,5.1
3904678,6.55,86.5,0.4,0.0,21.4,35.2,8.0,07130,5.1
3904457,8.149999999999999,78.0,0.0,0.0,8.5,18.5,4.0,07130,5.1
3904468,7.85,76.0,0.0,0.0,5.6,18.5,4.0,07130,5.1
3904487,12.65,66.5,0.0,0.0,8.5,17.0,4.0,07130,5.1
3904537,5.5,65.5,0.0,0.0,8.3,16.7,4.0,07130,5.1
3904570,10.350000000000001,79.0,0.0,0.7,15.700000000000001,22.2,4.0,07130,5.1
3904699,14.100000000000001,51.0,0.0,0.0,25.0,44.0,3.0,07130,5.1
3904718,17.049999999999997,76.5,0.0,0.5,11.2,22.2,7.0,07130,5.1
3904739,19.75,64.5,0.0,0.0,14.8,25.9,4.0,07130,5.1
3904759,20.15,67.5,0.0,0.0,14.8,29.6,4.0,07130,5.1
4219153,22.9,53.5,0.0,0.0,15.700000000000001,31.0,4.0,07130,5.1
4219276,20.2,71.0,0.4,0.2,25.0,61.0,4.0,07130,5.1
4219294,23.3,66.0,0.0,0.2,6.5,27.8,4.0,07130,5.1
4219311,22.75,74.5,0.0,0.0,1.8,9.0,2.0,07130,5.1
4219320,18.9,77.0,0.0,0.0,3.6,9.0,1.0,07130,5.1
4219337,11.95,73.0,0.0,1.0,23.25,68.5,4.0,07130,5.1
4219355,14.5,79.5,0.0,4.5,19.45,25.9,4.0,07130,5.1
4219366,6.9,82.0,0.0,0.0,9.4,16.7,4.0,07130,5.1
4219384,12.3,70.0,0.0,0.4,26.8,42.6,4.0,07130,5.1
4219191,-1.55,98.0,0.0,0.0,8.5,18.0,6.0,07130,5.1
4219210,9.8,87.5,0.0,0.0,5.4,14.8,4.0,07130,5.1
4219229,16.15,79.0,0.0,5.6000000000000005,19.45,31.5,4.0,07130,5.1
4219246,10.5,53.5,0.0,0.0,13.9,50.0,4.0,07130,5.1
4219418,15.45,82.0,0.0,0.2,14.8,14.8,4.0,07130,5.1
4219496,17.25,72.5,0.0,0.0,10.3,14.8,2.0,07130,5.1
4219515,14.149999999999999,67.5,0.0,0.4,18.55,48.2,25.0,07130,5.1
4219540,17.25,77.0,0.0,0.0,7.3999999999999995,16.7,4.0,07130,5.1
4513015,19.6,60.0,0.0,0.0,12.100000000000001,26.0,4.0,07130,5.1
4513885,20.2,44.0,0.0,0.0,7.4,20.4,2.0,07130,5.1
4513900,17.0,90.0,0.0,0.4,8.5,20.4,7.0,07130,5.1
4513955,14.1,71.0,0.2,0.0,17.5,22.2,7.0,07130,5.1
4513982,13.6,85.0,0.0,0.0,8.3,17.0,4.0,07130,5.1
4513991,13.3,83.0,0.0,0.0,4.5,7.4,4.0,07130,5.1
4514075,10.75,97.0,0.0,0.0,11.2,22.2,4.0,07130,5.1
4514092,10.6,87.0,0.0,0.0,11.2,20.4,4.0,07130,5.1
4514118,0.95,95.0,0.0,0.0,3.6,5.5,4.0,07130,5.1
4513838,0.0,93.0,0.0,0.0,10.3,23.0,4.0,07130,5.1
4513855,2.0,100.0,0.0,0.0,12.1,16.7,5.0,07130,5.1
4513918,6.5,68.0,0.0,0.0,10.3,13.0,4.0,07130,5.1
4513922,12.5,88.0,1.1,0.0,13.9,31.5,8.0,07130,5.1
4513947,16.0,63.0,0.0,0.0,18.4,37.0,4.0,07130,5.1
4514054,21.15,37.0,0.0,0.0,17.5,33.0,4.0,07130,5.1
4514127,10.9,88.0,,,12.05,20.4,7.0,07130,5.1
4514150,17.0,74.0,0.0,0.0,9.0,22.2,4.0,07130,5.1
4830466,25.450000000000003,53.5,0.0,0.0,16.65,22.2,3.0,07130,5.1
4830492,,,,,,,,07130,5.1
4830509,,,,,,,,07130,5.1
4830528,,,,,,,,07130,5.1
4830538,,,,,,,,07130,5.1
4830555,,,,,,,,07130,5.1
4830573,,,,,,,,07130,5.1
4830600,,,,,,,,07130,5.1
4830617,,,,,,,,07130,5.1
4830628,,,,,,,,07130,5.1
4830655,,,,,,,,07130,5.1
4830672,,,,,,,,07130,5.1
4830690,,,,,,,,07130,5.1
4830699,,,,,,,,07130,5.1
4830717,,,,,,,,07130,5.1
4830735,,,,,,,,07130,5.1
4830753,,,,,,,,07130,5.1
3625826,22.6,46.5,0.0,1.2,18.4,33.3,3.0,07510,13.3
3625846,25.4,54.0,0.0,0.0,9.399999999999999,20.4,3.0,07510,13.3
3625866,27.4,40.5,0.0,0.0,9.399999999999999,24.1,2.0,07510,13.3
3625896,22.950000000000003,65.5,0.0,0.6000000000000001,21.4,37.0,4.0,07510,13.3
3625916,23.05,48.0,0.0,0.0,15.700000000000001,20.4,2.0,07510,13.3
3625937,16.9,88.0,0.4,0.0,18.55,42.0,4.0,07510,13.3
3625946,6.199999999999999,83.0,0.0,0.0,8.5,11.1,3.0,07510,13.3
3625966,7.65,58.5,0.0,0.0,13.9,24.1,4.0,07510,13.3
3625986,6.15,87.0,0.0,1.4000000000000001,14.8,29.6,3.0,07510,13.3
3626006,8.5,85.0,0.0,0.0,15.700000000000001,26.0,3.0,07510,13.3
3626017,8.850000000000001,86.0,0.0,0.2,16.6,35.2,7.0,07510,13.3
3626037,8.649999999999999,57.5,0.0,0.0,11.2,20.4,2.0,07510,13.3
3626066,12.0,87.5,,0.0,21.25,29.6,4.0,07510,13.3
3626086,12.399999999999999,33.0,0.0,0.0,13.9,28.0,3.0,07510,13.3
3626107,17.0,55.5,0.0,0.0,21.4,35.2,3.0,07510,13.3
3626127,15.549999999999999,38.0,0.0,0.0,28.6,44.0,2.0,07510,13.3
3626147,12.55,87.0,0.0,2.4,5.4,29.6,7.0,07510,13.3
3626166,20.5,50.0,0.0,0.0,18.4,37.0,4.0,07510,13.3
3626186,21.7,66.5,0.0,0.0,31.5,16.7,3.0,07510,13.3
3625831,34.15,22.0,0.0,0.0,38.900000000000006,46.3,2.0,07690,6.7
3625852,24.75,87.5,0.0,0.0,7.4,20.4,2.0,07690,6.7
3625862,24.6,58.0,0.0,0.0,8.5,28.0,2.0,07690,6.7
3625880,26.0,42.0,0.0,0.0,42.65,65.0,2.0,07690,6.7
3625913,22.15,79.5,0.0,0.0,13.9,27.8,2.0,07690,6.7
3625932,21.450000000000003,52.5,0.0,0.0,12.950000000000001,33.0,1.0,07690,6.7
3726614,15.65,65.0,0.0,0.0,13.0,25.9,2.0,07690,6.7
3625952,15.850000000000001,60.0,0.0,0.0,17.65,27.8,18.0,07690,6.7
3625973,8.3,65.5,0.0,0.0,12.1,22.2,2.0,07690,6.7
3625993,12.649999999999999,49.0,0.0,0.0,19.450000000000003,16.7,3.0,07690,6.7
3626013,7.0,70.0,0.0,0.0,17.5,24.0,2.0,07690,6.7
3626029,8.1,44.0,0.0,0.0,17.5,22.0,1.0,07690,6.7
3626050,14.55,67.5,0.0,0.0,21.4,26.0,2.0,07690,6.7
3626072,15.5,65.5,0.0,0.0,20.35,24.0,2.0,07690,6.7
3626092,8.7,75.5,0.0,0.0,8.5,18.5,4.0,07690,6.7
3626121,10.6,62.5,0.0,0.0,20.35,30.0,3.0,07690,6.7
3626141,16.9,58.5,0.0,0.0,10.3,22.2,2.0,07690,6.7
3626161,15.25,75.5,0.0,0.4,10.3,35.2,3.0,07690,6.7
3626183,19.2,79.0,0.0,0.0,11.2,20.4,2.0,07690,6.7
3626191,17.9,83.5,0.0,0.0,3.6,14.8,3.0,07690,6.7
3904404,27.45,57.0,0.0,0.0,24.1,31.0,3.0,07690,6.7
3904423,28.15,69.0,0.0,0.0,13.0,18.5,2.0,07690,6.7
3904495,25.75,69.5,0.0,0.0,6.5,22.0,2.0,07690,6.7
3904515,24.1,44.0,0.0,0.0,13.0,24.1,2.0,07690,6.7
3904585,18.1,90.5,1.6,21.200000000000003,10.3,20.4,9.0,07690,6.7
3904606,21.65,89.5,0.0,0.0,14.799999999999999,40.8,2.0,07690,6.7
3904626,19.5,57.0,0.0,0.0,19.450000000000003,30.0,2.0,07690,6.7
3904645,11.95,66.5,0.0,0.0,15.700000000000001,22.2,4.0,07690,6.7
3904666,9.5,76.0,0.0,0.0,13.899999999999999,22.2,2.0,07690,6.7
3904444,11.75,46.5,0.0,0.0,15.700000000000001,21.0,1.0,07690,6.7
3904476,5.0,53.5,0.0,0.0,19.45,28.0,1.0,07690,6.7
3904482,12.7,71.5,0.0,0.0,1.8,29.6,4.0,07690,6.7
3904532,9.65,70.5,0.0,0.0,12.1,21.0,2.0,07690,6.7
3904553,15.05,75.5,0.0,0.0,9.4,20.4,3.0,07690,6.7
3904686,13.2,61.0,0.0,0.0,7.4,16.7,2.0,07690,6.7
3904707,17.4,77.5,0.0,0.0,13.0,22.2,3.0,07690,6.7
3904726,18.15,84.0,0.0,0.0,15.700000000000001,25.9,2.0,07690,6.7
3904746,23.200000000000003,55.5,0.0,0.0,7.6,25.9,4.0,07690,6.7
3904766,20.85,81.5,0.0,0.0,13.9,18.5,2.0,07690,6.7
4219159,25.549999999999997,78.0,0.0,0.0,8.5,11.1,1.0,07690,6.7
4219279,23.65,72.0,0.6,1.8,17.65,35.0,8.0,07690,6.7
4219287,26.95,59.5,0.0,0.0,9.399999999999999,22.2,2.0,07690,6.7
4219315,25.3,59.0,0.0,0.0,5.4,11.1,1.0,07690,6.7
4219334,17.6,59.5,0.0,0.0,13.0,40.8,1.0,07690,6.7
4219353,16.2,57.5,0.0,0.0,24.1,48.2,1.0,07690,6.7
4219369,14.5,37.5,0.0,0.0,5.4,24.1,2.0,07690,6.7
4219387,15.149999999999999,76.5,0.0,0.0,9.2,17.0,2.0,07690,6.7
4219404,8.4,69.0,0.0,0.0,21.25,30.0,2.0,07690,6.7
4219205,13.649999999999999,82.5,0.0,0.0,6.5,16.7,2.0,07690,6.7
4219223,10.4,76.5,0.0,0.0,13.9,18.5,2.0,07690,6.7
4219242,11.649999999999999,70.0,0.0,0.0,18.549999999999997,31.0,4.0,07690,6.7
4219414,8.9,83.0,0.4,8.399999999999999,17.5,37.0,8.0,07690,6.7
4219432,14.0,82.0,0.4,5.9,10.0,64.8,7.0,07690,6.7
4219507,13.85,70.0,0.0,0.0,13.0,18.5,1.0,07690,6.7
4219548,19.7,65.0,0.0,0.0,2.7,18.5,2.0,07690,6.7
4219525,17.75,78.5,0.0,0.0,8.3,18.5,3.0,07690,6.7
4513871,28.049999999999997,64.0,0.0,0.0,11.2,20.4,2.0,07690,6.7
4513894,23.1,56.5,0.0,0.0,19.45,39.0,3.0,07690,6.7
4513950,18.35,71.0,0.0,0.0,6.5,9.3,4.0,07690,6.7
4513976,19.15,79.0,0.0,4.800000000000001,8.5,29.6,4.0,07690,6.7
4513992,18.9,62.5,0.0,0.0,5.6,14.8,3.0,07690,6.7
4514067,11.7,90.5,0.0,0.5,10.3,25.9,3.0,07690,6.7
4514083,11.1,69.5,0.0,0.0,13.0,27.8,4.0,07690,6.7
4514109,9.15,75.5,0.0,0.0,15.700000000000001,31.0,3.0,07690,6.7
4513846,12.0,72.0,0.0,0.0,13.0,37.0,2.0,07690,6.7
4513865,12.5,60.0,0.0,0.0,25.0,38.9,7.0,07690,6.7
4513929,15.0,82.0,0.0,0.0,7.4,16.7,4.0,07690,6.7
4513944,13.0,88.0,6.3,7.1,20.35,61.1,9.0,07690,6.7
4514029,12.0,88.0,,0.4,5.4,29.6,7.0,07690,6.7
4514047,16.95,48.0,0.0,0.0,5.5,18.5,3.0,07690,6.7
4514120,16.25,66.0,,,19.45,44.5,7.0,07690,6.7
4514139,19.95,65.0,0.0,0.0,9.0,22.0,4.0,07690,6.7
4513019,17.5,72.5,0.0,0.0,4.0,20.4,2.0,07690,6.7
4830465,28.0,68.0,0.0,0.0,5.0,14.8,1.0,07690,6.7
4830472,25.65,67.0,0.0,0.0,6.5,16.7,2.0,07690,6.7
4830490,,,,,,,,07690,6.7
4830507,,,,,,,,07690,6.7
4830526,,,,,,,,07690,6.7
4830544,,,,,,,,07690,6.7
4830571,,,,,,,,07690,6.7
4830590,,,,,,,,07690,6.7
4830608,,,,,,,,07690,6.7
4830634,,,,,,,,07690,6.7
4830645,,,,,,,,07690,6.7
4830661,,,,,,,,07690,6.7
4830680,,,,,,,,07690,6.7
4830697,,,,,,,,07690,6.7
4830715,,,,,,,,07690,6.7
4830742,,,,,,,,07690,6.7
4830761,,,,,,,,07690,6.7
3625833,22.95,36.0,0.0,0.0,9.399999999999999,22.2,3.0,07475,10.8
3625854,20.2,85.5,0.2,0.0,2.7,18.5,4.0,07475,10.8
3625883,16.9,92.5,2.6,0.0,11.2,16.7,25.0,07475,10.8
3625903,23.55,58.5,0.0,0.0,20.5,35.2,4.0,07475,10.8
3625915,12.0,91.0,2.0,13.0,10.3,48.2,9.0,07475,10.8
3625935,3.25,85.5,0.0,0.0,4.5,9.3,4.0,07475,10.8
3625955,9.6,70.5,0.0,0.0,13.0,16.7,4.0,07475,10.8
3625975,3.35,76.5,0.2,0.8,16.6,22.2,14.0,07475,10.8
3625995,5.0,69.5,0.0,0.0,14.8,14.8,7.0,07475,10.8
3626014,-0.1,87.0,0.0,0.0,13.899999999999999,20.4,4.0,07475,10.8
3626033,3.9,63.5,0.0,0.0,3.6,7.4,2.0,07475,10.8
3626053,5.65,64.0,0.0,0.0,11.0,31.5,3.0,07475,10.8
3626075,13.350000000000001,48.5,0.0,0.0,7.3999999999999995,20.4,4.0,07475,10.8
3626095,7.1,41.5,0.0,0.0,9.399999999999999,18.5,2.0,07475,10.8
3626115,6.75,94.0,0.0,0.0,4.5,9.3,5.0,07475,10.8
3626123,2.5,68.5,0.0,0.0,18.4,33.3,4.0,07475,10.8
3626144,20.75,27.5,0.0,0.0,29.7,44.5,2.0,07475,10.8
3626165,9.9,77.5,0.8,2.0,19.45,42.6,7.0,07475,10.8
3626193,20.0,57.5,0.0,0.0,5.6,20.4,4.0,07475,10.8
4513869,26.65,51.0,0.0,0.0,13.0,27.8,8.0,07475,10.8
4513890,11.0,69.0,0.0,0.0,7.5,24.1,4.0,07475,10.8
4513952,14.8,64.5,0.0,0.0,3.6,18.5,3.0,07475,10.8
4513964,14.850000000000001,80.5,0.0,0.0,9.399999999999999,7.4,4.0,07475,10.8
4513973,8.5,97.0,0.0,0.0,10.3,7.4,4.0,07475,10.8
4514068,8.55,68.0,0.0,0.0,25.9,29.6,4.0,07475,10.8
4514085,4.550000000000001,93.0,0.5,2.1,10.3,13.0,7.0,07475,10.8
4514104,4.6,90.0,1.4,0.1,13.0,27.8,4.0,07475,10.8
4513834,4.0,75.5,0.0,0.0,4.5,13.0,5.0,07475,10.8
4513861,2.0,93.0,2.1,9.899999999999999,11.2,13.0,13.0,07475,10.8
4513927,8.5,97.0,2.1,6.9,9.399999999999999,18.5,8.0,07475,10.8
4513935,6.0,65.0,0.0,0.0,11.2,22.2,4.0,07475,10.8
4514042,9.0,62.0,0.0,1.3,19.5,38.9,4.0,07475,10.8
4514060,14.0,88.0,1.0,1.3,11.0,25.9,7.0,07475,10.8
4514119,9.05,89.5,,,9.3,24.1,4.0,07475,10.8
4514141,16.0,91.0,0.0,0.3,10.0,20.4,4.0,07475,10.8
4513020,14.0,59.5,0.0,0.0,5.0,16.7,4.0,07475,10.8
3625834,20.95,58.0,0.2,0.0,17.65,33.3,4.0,07190,9.4
3625855,19.95,87.0,1.2000000000000002,4.6,7.4,27.8,4.0,07190,9.4
3625864,16.75,76.5,0.0,0.4,14.8,25.9,7.0,07190,9.4
3625884,14.3,78.5,0.0,0.0,5.6,13.0,4.0,07190,9.4
3625904,20.45,70.0,0.0,0.0,4.5,11.1,4.0,07190,9.4
3625924,10.5,76.0,0.0,0.0,4.5,14.8,4.0,07190,9.4
3625944,19.15,57.0,0.0,0.0,10.3,27.8,4.0,07190,9.4
3625964,4.699999999999999,84.0,0.0,0.0,6.5,13.0,4.0,07190,9.4
3625984,7.9,80.0,0.8,0.2,17.5,33.3,7.0,07190,9.4
3626004,4.95,76.5,0.0,0.0,8.5,11.1,4.0,07190,9.4
3626034,1.9,92.5,0.0,0.0,11.2,20.4,5.0,07190,9.4
3626054,6.6,80.0,0.6000000000000001,0.6,35.3,63.0,7.0,07190,9.4
3626084,6.95,51.5,0.0,0.0,14.8,27.8,3.0,07190,9.4
3626104,14.75,38.5,0.0,0.0,11.2,38.9,4.0,07190,9.4
3626124,5.0,57.0,0.0,0.0,21.4,31.0,4.0,07190,9.4
3626135,10.600000000000001,44.5,0.0,0.0,4.5,14.8,4.0,07190,9.4
3626154,12.65,36.0,0.0,0.0,17.5,31.5,4.0,07190,9.4
3626174,14.45,58.0,0.0,0.0,7.4,22.2,4.0,07190,9.4
3626194,19.4,39.5,0.0,0.0,4.5,16.7,4.0,07190,9.4
3904391,26.9,29.5,0.0,0.0,21.4,37.0,2.0,07190,9.4
3904416,26.65,37.0,0.0,0.0,6.5,30.0,3.0,07190,9.4
3904436,21.6,68.0,0.0,0.0,12.100000000000001,21.0,4.0,07190,9.4
3904507,21.85,58.0,0.0,0.0,11.2,21.0,4.0,07190,9.4
3904578,15.600000000000001,75.0,0.0,1.2,21.25,65.0,4.0,07190,9.4
3904597,15.149999999999999,95.5,3.0,3.8,14.8,24.1,8.0,07190,9.4
3904618,13.9,94.5,0.0,0.0,3.6,20.4,4.0,07190,9.4
3904638,6.2,90.5,0.0,0.0,10.3,16.7,4.0,07190,9.4
3904658,13.65,68.0,0.0,0.0,24.1,40.8,7.0,07190,9.4
3904668,7.25,79.5,0.0,1.9,13.9,28.0,4.0,07190,9.4
3904447,2.85,65.5,0.0,0.0,2.7,11.1,4.0,07190,9.4
3904466,5.4,94.5,0.8,1.8,5.6,21.0,7.0,07190,9.4
3904485,11.45,71.5,0.0,0.0,7.4,35.0,4.0,07190,9.4
3904536,6.1,64.0,0.0,0.0,5.6,16.7,4.0,07190,9.4
3904557,13.55,72.5,0.4,2.2,7.6,31.0,18.0,07190,9.4
3904697,11.55,70.0,0.0,0.0,13.9,25.9,4.0,07190,9.4
3904716,15.9,86.5,0.0,4.8,8.3,16.7,4.0,07190,9.4
3904737,17.7,54.5,0.0,0.0,14.8,37.0,4.0,07190,9.4
3904758,20.65,41.0,0.0,0.0,18.4,27.8,4.0,07190,9.4
4219152,24.45,74.5,0.0,0.0,4.7,15.0,4.0,07190,9.4
4219275,18.65,72.0,0.0,0.8,8.5,24.1,4.0,07190,9.4
4219293,30.799999999999997,34.5,0.0,0.0,9.4,22.2,3.0,07190,9.4
4219310,19.85,65.5,0.0,0.0,12.1,20.4,3.0,07190,9.4
4219319,11.399999999999999,81.0,0.0,0.0,3.6,11.1,2.0,07190,9.4
4219347,12.7,69.0,0.0,0.5,39.8,70.0,4.0,07190,9.4
4219365,5.55,76.5,0.0,0.0,23.200000000000003,39.0,4.0,07190,9.4
4219383,10.3,74.0,0.0,0.0,15.700000000000001,28.0,4.0,07190,9.4
4219401,5.85,82.0,0.0,0.0,22.3,42.0,4.0,07190,9.4
4219209,5.0,92.5,0.0,0.0,3.6,18.5,4.0,07190,9.4
4219228,10.8,78.0,0.0,0.0,8.5,17.0,4.0,07190,9.4
4219238,4.4,82.0,0.0,0.0,11.2,21.0,3.0,07190,9.4
4219410,10.850000000000001,68.0,0.0,0.0,6.5,44.5,7.0,07190,9.4
4219427,16.8,65.0,0.0,0.0,4.5,70.4,4.0,07190,9.4
4219495,26.6,41.0,0.0,0.0,4.5,20.4,3.0,07190,9.4
4219514,14.7,66.5,0.0,0.2,23.200000000000003,57.4,4.0,07190,9.4
4219536,20.950000000000003,61.0,0.0,0.0,7.3999999999999995,13.0,3.0,07190,9.4
4513867,22.299999999999997,46.0,0.0,0.0,10.3,20.4,2.0,07190,9.4
4513889,17.55,50.5,0.0,0.0,6.5,28.0,3.0,07190,9.4
4513902,11.649999999999999,76.5,0.0,0.0,8.3,17.0,4.0,07190,9.4
4513956,14.05,73.0,0.0,0.0,6.5,16.7,4.0,07190,9.4
4513981,16.65,80.0,0.0,0.0,6.5,9.3,3.0,07190,9.4
4513989,9.1,90.0,0.0,0.0,6.5,16.7,4.0,07190,9.4
4514089,6.550000000000001,82.0,0.0,0.0,12.100000000000001,16.7,4.0,07190,9.4
4514108,11.45,85.0,0.0,1.4000000000000001,8.3,31.5,4.0,07190,9.4
4513839,11.5,82.5,0.2,0.0,12.1,25.9,7.0,07190,9.4
4513859,5.5,84.0,0.0,0.0,7.4,16.7,4.0,07190,9.4
4513925,13.5,58.5,0.0,0.0,7.4,11.1,4.0,07190,9.4
4514034,7.5,68.5,,,5.4,27.8,4.0,07190,9.4
4514040,11.0,58.0,0.0,0.0,7.5,9.3,4.0,07190,9.4
4514059,16.5,50.0,0.0,0.0,6.5,22.2,4.0,07190,9.4
4514129,14.4,73.5,0.0,0.0,24.0,39.0,4.0,07190,9.4
4514144,26.35,41.0,0.6,0.0,24.5,37.0,4.0,07190,9.4
4513022,15.5,51.5,0.0,0.0,11.0,13.0,4.0,07190,9.4
4830474,23.3,32.5,0.0,0.0,11.0,25.9,4.0,07190,9.4
4830493,,,,,,,,07190,9.4
4830510,,,,,,,,07190,9.4
4830520,,,,,,,,07190,9.4
4830546,,,,,,,,07190,9.4
4830565,,,,,,,,07190,9.4
4830583,,,,,,,,07190,9.4
4830601,,,,,,,,07190,9.4
4830618,,,,,,,,07190,9.4
4830636,,,,,,,,07190,9.4
4830663,,,,,,,,07190,9.4
4830673,,,,,,,,07190,9.4
4830691,,,,,,,,07190,9.4
4830709,,,,,,,,07190,9.4
4830727,,,,,,,,07190,9.4
4830745,,,,,,,,07190,9.4
4830763,,,,,,,,07190,9.4
3625828,19.2,54.0,0.1,0.2,25.0,,,07093,15.5
3625849,19.5,67.5,0.0,3.3,26.799999999999997,,,07093,15.5
3625870,22.3,52.0,0.0,0.0,9.4,,,07093,15.5
3625891,13.4,74.0,0.0,0.0,17.5,,,07093,15.5
3625921,10.3,79.0,0.0,0.0,5.4,,,07093,15.5
3625941,12.350000000000001,93.5,0.2,5.499999999999999,25.9,,,07093,15.5
3625960,4.6,96.0,0.0,0.30000000000000004,4.5,,,07093,15.5
3625980,5.95,90.5,1.3,3.1999999999999997,20.5,,,07093,15.5
3625999,5.65,96.0,0.0,0.4,14.8,,5.0,07093,15.5
3626023,2.9,93.5,0.0,0.30000000000000004,5.4,,,07093,15.5
3626042,5.35,72.5,0.0,0.0,15.7,,,07093,15.5
3626061,8.05,64.5,0.0,0.0,25.9,,,07093,15.5
3626080,8.85,42.5,0.0,0.0,27.7,,,07093,15.5
3626101,10.95,77.5,0.2,0.7,8.5,,,07093,15.5
3626119,4.85,39.0,0.0,0.0,15.700000000000001,,,07093,15.5
3626138,17.15,26.5,0.0,0.0,25.0,,,07093,15.5
3626159,11.9,84.0,0.6,0.0,6.5,,,07093,15.5
3626181,20.299999999999997,56.5,0.0,0.2,18.4,,,07093,15.5
3626188,18.5,45.0,0.0,0.0,6.5,,,07093,15.5
4219273,25.5,72.5,0.0,0.0,13.9,,3.0,07093,15.5
4219290,25.7,56.5,0.0,0.0,13.0,,3.0,07093,15.5
4219307,17.65,57.0,0.0,0.0,12.1,,1.0,07093,15.5
4219325,21.0,53.5,0.0,0.0,13.9,,1.0,07093,15.5
4219343,12.45,91.0,2.0,11.1,25.0,,8.0,07093,15.5
4219361,6.2,94.0,1.1,0.2,13.0,,8.0,07093,15.5
4219389,9.399999999999999,77.0,0.0,0.0,27.7,,3.0,07093,15.5
4219399,3.55,95.5,0.0,0.0,3.8,,5.0,07093,15.5
4219198,-4.699999999999999,86.5,0.0,0.0,13.0,,5.0,07093,15.5
4219216,8.55,93.5,0.0,0.0,24.1,,3.0,07093,15.5
4219245,4.35,91.5,0.2,2.7,15.700000000000001,,3.0,07093,15.5
4219417,10.7,69.5,0.4,0.0,9.399999999999999,,8.0,07093,15.5
4219435,9.5,94.0,3.5999999999999996,4.6000000000000005,20.5,,9.0,07093,15.5
4219503,15.350000000000001,74.5,0.0,0.0,9.4,,3.0,07093,15.5
4219520,12.7,72.0,0.0,3.7,28.8,,3.0,07093,15.5
4219529,12.75,86.0,0.2,2.9,14.799999999999999,,7.0,07093,15.5
4219178,14.5,82.0,0.0,0.1,6.5,,3.0,07093,15.5
4830462,,,,,,,,07093,15.5
4830489,,,,,,,,07093,15.5
4830506,,,,,,,,07093,15.5
4830517,,,,,,,,07093,15.5
4830542,,,,,,,,07093,15.5
4830562,,,,,,,,07093,15.5
4830580,,,,,,,,07093,15.5
4830598,,,,,,,,07093,15.5
4830625,,,,,,,,07093,15.5
4830643,,,,,,,,07093,15.5
4830652,,,,,,,,07093,15.5
4830669,,,,,,,,07093,15.5
4830687,,,,,,,,07093,15.5
4830706,,,,,,,,07093,15.5
4830723,,,,,,,,07093,15.5
4830740,,,,,,,,07093,15.5
4830750,,,,,,,,07093,15.5
3625830,26.55,35.5,0.0,0.0,16.6,33.0,2.0,07643,13.3
3625851,28.6,56.0,0.0,0.0,16.6,27.8,2.0,07643,13.3
3625872,26.65,52.0,0.0,0.0,11.2,21.0,2.0,07643,13.3
3625893,21.799999999999997,68.0,0.0,0.0,16.6,26.0,2.0,07643,13.3
3625911,21.25,83.5,0.0,0.0,21.25,44.5,4.0,07643,13.3
3625922,19.45,66.5,0.0,0.0,6.65,16.7,2.0,07643,13.3
3625942,18.45,83.0,0.0,0.2,45.5,63.0,4.0,07643,13.3
3625972,7.1,53.5,0.0,0.0,36.2,53.7,4.0,07643,13.3
3625992,10.65,48.0,0.0,0.0,31.7,50.0,3.0,07643,13.3
3626012,9.0,74.5,0.0,0.0,11.2,21.0,4.0,07643,13.3
3626024,7.699999999999999,64.0,0.0,0.0,20.35,39.0,3.0,07643,13.3
3626043,8.3,61.5,0.0,0.0,13.0,20.4,1.0,07643,13.3
3626063,12.15,81.5,0.0,0.0,11.2,14.8,4.0,07643,13.3
3626082,9.35,37.0,0.0,0.0,17.65,30.0,1.0,07643,13.3
3626102,10.8,84.0,,1.2000000000000002,35.1,70.4,9.0,07643,13.3
3626120,9.850000000000001,37.0,0.0,0.0,8.5,29.6,3.0,07643,13.3
3626139,18.9,45.5,0.0,0.0,19.45,27.8,1.0,07643,13.3
3626172,22.35,36.0,0.0,0.0,16.6,25.9,2.0,07643,13.3
3626190,19.799999999999997,84.0,0.0,0.0,10.3,20.4,2.0,07643,13.3
3904387,32.2,32.0,0.0,0.0,17.65,27.8,1.0,07643,13.3
3904413,27.6,54.0,0.0,0.0,16.6,27.8,2.0,07643,13.3
3904432,25.799999999999997,70.5,0.0,0.0,14.8,24.1,3.0,07643,13.3
3904494,27.9,65.0,0.0,0.0,13.9,22.0,3.0,07643,13.3
3904514,21.95,33.5,0.0,0.0,25.9,42.0,1.0,07643,13.3
3904584,20.799999999999997,71.5,0.0,0.0,14.8,24.1,3.0,07643,13.3
3904605,21.549999999999997,89.5,0.0,0.0,17.65,27.8,3.0,07643,13.3
3904634,16.8,76.5,0.0,0.0,5.6,14.8,4.0,07643,13.3
3904655,14.7,89.0,0.1,0.0,24.1,39.0,7.0,07643,13.3
3904674,11.95,52.0,0.0,0.0,28.6,46.0,3.0,07643,13.3
3904454,6.1,56.0,0.0,0.0,6.5,18.5,1.0,07643,13.3
3904475,11.95,48.0,0.0,0.0,9.399999999999999,17.0,1.0,07643,13.3
3904528,10.7,58.5,0.0,0.0,22.15,35.0,4.0,07643,13.3
3904531,14.35,53.5,0.0,0.0,13.0,22.2,1.0,07643,13.3
3904552,15.25,79.0,0.0,0.0,18.4,28.0,3.0,07643,13.3
3904685,18.65,39.5,0.0,0.0,19.450000000000003,27.8,2.0,07643,13.3
3904706,15.0,84.0,2.0,0.0,18.549999999999997,35.0,4.0,07643,13.3
3904733,20.9,48.5,0.0,0.0,11.2,29.6,3.0,07643,13.3
3904754,20.1,81.0,0.0,0.0,14.8,20.4,1.0,07643,13.3
4219157,25.05,81.5,0.0,0.0,13.9,20.4,2.0,07643,13.3
4219282,23.8,48.5,0.0,3.9000000000000004,24.1,35.2,4.0,07643,13.3
4219308,25.9,25.5,0.0,0.0,13.9,31.0,1.0,07643,13.3
4219326,26.35,40.5,0.0,0.0,12.1,20.4,1.0,07643,13.3
4219344,20.0,81.5,0.0,0.0,35.3,52.0,3.0,07643,13.3
4219362,11.55,64.5,0.0,0.0,14.799999999999999,30.0,2.0,07643,13.3
4219372,13.899999999999999,22.0,0.0,0.0,11.2,22.0,2.0,07643,13.3
4356379,8.649999999999999,58.0,0.0,0.0,8.3,18.5,4.0,07643,13.3
4219390,10.65,70.0,0.0,0.0,17.5,26.0,2.0,07643,13.3
4219407,10.0,46.5,0.0,0.0,20.35,37.0,2.0,07643,13.3
4219208,10.850000000000001,84.0,0.0,0.0,9.399999999999999,20.4,4.0,07643,13.3
4219227,13.100000000000001,47.5,0.0,0.0,32.4,51.8,4.0,07643,13.3
4219235,16.0,58.5,0.0,0.0,13.0,21.0,2.0,07643,13.3
4219253,6.85,82.0,8.8,23.2,33.5,67.0,8.0,07643,13.3
4219425,14.05,93.5,0.0,0.0,6.5,11.1,3.0,07643,13.3
4219443,18.75,61.0,0.0,0.0,13.9,27.8,3.0,07643,13.3
4219521,13.95,89.0,0.0,0.0,33.5,37.0,4.0,07643,13.3
4219560,17.75,78.0,0.0,0.0,11.2,16.7,3.0,07643,13.3
4513008,29.8,27.0,0.0,0.0,30.6,54.0,2.0,07643,13.3
4513878,26.200000000000003,63.5,0.0,0.0,7.6,16.7,2.0,07643,13.3
4513898,20.25,88.0,1.0,0.0,16.6,31.0,25.0,07643,13.3
4513962,18.15,73.0,0.0,0.0,5.4,15.0,2.0,07643,13.3
4513980,16.55,95.0,3.0,3.4,7.4,20.4,18.0,07643,13.3
4513987,17.549999999999997,79.0,0.0,0.0,6.5,11.1,4.0,07643,13.3
4514078,14.8,73.0,0.0,0.0,5.5,11.0,4.0,07643,13.3
4514097,12.45,42.0,0.0,0.0,32.4,50.0,4.0,07643,13.3
4514115,6.5,42.0,0.0,0.0,23.200000000000003,37.0,4.0,07643,13.3
4513835,3.5,84.0,0.0,0.0,7.3999999999999995,11.1,4.0,07643,13.3
4513850,6.5,63.0,0.0,0.0,10.3,18.5,4.0,07643,13.3
4513915,12.5,65.0,0.0,0.0,9.399999999999999,17.0,4.0,07643,13.3
4513934,13.5,59.0,0.0,0.0,8.5,20.4,2.0,07643,13.3
4514030,12.5,51.0,,,12.100000000000001,27.8,4.0,07643,13.3
4514049,26.2,35.0,0.0,0.0,8.5,31.0,1.0,07643,13.3
4514131,20.15,58.0,0.0,0.0,20.5,23.0,4.0,07643,13.3
4514151,17.0,83.0,0.0,0.0,19.0,27.8,4.0,07643,13.3
3625841,16.9,79.0,0.0,0.0,9.399999999999999,14.8,4.0,07205,6.3
3625868,15.65,80.5,0.0,0.0,11.2,20.4,4.0,07205,6.3
3625889,15.6,80.5,0.0,0.0,5.6,16.7,2.0,07205,6.3
3625909,16.75,61.0,0.0,0.0,30.6,63.0,4.0,07205,6.3
3625928,14.350000000000001,97.0,2.0,0.0,19.45,29.6,4.0,07205,6.3
3625949,14.25,69.0,0.0,0.0,11.2,25.9,4.0,07205,6.3
3625969,6.3,82.0,,0.0,13.0,29.6,4.0,07205,6.3
3625989,9.85,59.0,0.0,0.0,25.9,48.2,3.0,07205,6.3
3626008,0.7,94.5,0.0,0.0,9.399999999999999,18.5,5.0,07205,6.3
3626026,10.75,87.0,0.0,0.0,18.55,18.5,4.0,07205,6.3
3626047,10.95,92.0,0.0,0.4,27.7,51.8,7.0,07205,6.3
3626069,11.65,88.5,0.0,0.0,41.6,53.7,4.0,07205,6.3
3626089,4.45,77.0,0.0,0.0,8.5,18.5,4.0,07205,6.3
3626109,14.5,64.5,0.0,0.0,16.6,40.8,4.0,07205,6.3
3626131,6.25,82.5,0.0,0.6,9.4,33.3,4.0,07205,6.3
3626150,15.15,69.0,0.0,0.0,8.5,33.3,4.0,07205,6.3
3626169,16.9,53.0,0.0,0.0,15.700000000000001,24.1,4.0,07205,6.3
3626180,20.95,55.5,0.0,0.0,13.9,22.2,3.0,07205,6.3
3626201,18.25,66.0,0.0,0.0,13.0,20.4,4.0,07205,6.3
3904421,25.6,40.0,0.0,0.0,22.3,29.6,3.0,07205,6.3
3904402,17.950000000000003,83.0,0.2,3.4,28.6,33.3,18.0,07205,6.3
3904503,23.299999999999997,60.0,0.0,0.0,18.4,27.8,4.0,07205,6.3
3904575,16.55,96.5,0.5,0.0,28.6,46.3,4.0,07205,6.3
3904593,15.85,83.0,0.0,0.2,17.5,35.2,3.0,07205,6.3
3904613,15.149999999999999,86.5,0.0,3.2,16.6,25.9,4.0,07205,6.3
3904624,15.399999999999999,81.0,0.3,6.8999999999999995,42.5,46.3,18.0,07205,6.3
3904644,8.8,84.5,0.0,0.4,8.5,22.2,3.0,07205,6.3
3904664,11.4,85.5,0.0,0.0,37.099999999999994,46.3,4.0,07205,6.3
3904443,3.1500000000000004,88.5,0.0,0.0,14.8,16.7,4.0,07205,6.3
3904463,11.399999999999999,69.0,0.0,0.0,18.55,20.4,4.0,07205,6.3
3904481,11.4,76.0,0.0,0.0,10.3,14.8,4.0,07205,6.3
3904525,7.4,42.5,0.0,0.0,28.6,48.2,4.0,07205,6.3
3904546,11.45,97.5,3.6,0.0,27.7,33.3,7.0,07205,6.3
3904683,12.15,87.5,0.0,0.0,10.3,22.2,4.0,07205,6.3
3904704,13.0,73.5,0.0,1.1,34.2,44.5,4.0,07205,6.3
3904724,16.85,78.5,0.0,0.0,21.4,35.2,4.0,07205,6.3
3904743,19.200000000000003,61.5,0.0,0.0,23.200000000000003,33.3,4.0,07205,6.3
3904765,17.75,69.0,0.0,0.0,20.35,33.3,1.0,07205,6.3
4219266,22.1,69.5,0.0,0.0,16.6,24.1,4.0,07205,6.3
4219278,19.8,60.0,0.0,0.0,20.35,33.3,4.0,07205,6.3
4219296,22.4,79.5,0.7,1.3,16.6,25.9,4.0,07205,6.3
4219313,21.85,86.0,0.0,0.0,8.5,16.7,3.0,07205,6.3
4219330,15.75,73.0,0.2,0.0,14.8,24.1,3.0,07205,6.3
4219350,12.95,82.5,0.8,8.6,47.3,63.0,25.0,07205,6.3
4219367,11.35,68.0,0.0,0.0,16.6,25.9,4.0,07205,6.3
4219385,13.0,96.5,0.0,0.3,24.1,42.6,4.0,07205,6.3
4219393,5.9,99.0,0.0,0.0,11.2,16.7,5.0,07205,6.3
4219203,10.95,95.5,0.0,0.0,7.6,20.4,4.0,07205,6.3
4219222,11.4,63.0,0.0,0.0,22.3,38.9,3.0,07205,6.3
4219241,9.600000000000001,67.5,0.0,1.5999999999999999,17.65,38.9,4.0,07205,6.3
4219412,9.3,85.0,0.2,3.6999999999999997,12.1,61.1,7.0,07205,6.3
4219429,10.0,87.0,0.5,4.1,24.0,51.8,7.0,07205,6.3
4219498,11.649999999999999,78.0,0.1,0.2,13.0,25.9,4.0,07205,6.3
4219517,13.9,67.5,0.0,3.1,25.0,66.7,4.0,07205,6.3
4219171,14.55,90.0,0.0,1.3,6.5,14.8,3.0,07205,6.3
4830469,26.5,39.0,0.0,0.0,12.0,27.8,3.0,07205,6.3
4830479,19.0,94.0,1.4,3.5,27.0,42.6,7.0,07205,6.3
4830505,,,,,,,,07205,6.3
4830523,,,,,,,,07205,6.3
4830540,,,,,,,,07205,6.3
4830559,,,,,,,,07205,6.3
4830577,,,,,,,,07205,6.3
4830588,,,,,,,,07205,6.3
4830605,,,,,,,,07205,6.3
4830631,,,,,,,,07205,6.3
4830649,,,,,,,,07205,6.3
4830667,,,,,,,,07205,6.3
4830685,,,,,,,,07205,6.3
4830705,,,,,,,,07205,6.3
4830722,,,,,,,,07205,6.3
4830731,,,,,,,,07205,6.3
4830757,,,,,,,,07205,6.3
3625840,25.45,49.5,0.0,0.0,10.3,24.0,2.0,07015,5.3
3625859,17.25,74.0,,0.0,19.45,35.2,4.0,07015,5.3
3625888,18.55,53.0,0.0,0.0,3.6,14.8,2.0,07015,5.3
3625908,14.35,74.0,0.0,6.6,19.45,77.8,4.0,07015,5.3
3625927,8.2,86.5,0.0,0.0,7.6,11.1,4.0,07015,5.3
3625948,10.2,81.5,0.0,0.2,24.1,35.2,4.0,07015,5.3
3625968,2.65,94.5,2.2,2.0,10.3,20.4,7.0,07015,5.3
3625988,4.0,85.5,0.0,0.0,18.4,27.8,4.0,07015,5.3
3625998,10.8,97.0,0.0,0.2,13.9,29.6,4.0,07015,5.3
3626021,5.9,96.0,,0.4,13.0,22.2,4.0,07015,5.3
3626046,9.75,76.5,0.0,0.0,40.7,53.7,4.0,07015,5.3
3626068,6.800000000000001,60.5,0.0,0.0,40.7,89.0,2.0,07015,5.3
3626088,5.85,52.5,0.0,0.0,24.1,33.3,2.0,07015,5.3
3626099,9.600000000000001,89.0,0.8,0.8,16.6,35.2,7.0,07015,5.3
3626117,5.199999999999999,49.5,0.0,0.0,20.35,41.0,3.0,07015,5.3
3626136,13.85,51.0,0.0,0.0,14.8,25.9,1.0,07015,5.3
3626157,18.7,38.0,0.0,0.0,22.3,35.2,2.0,07015,5.3
3626179,17.25,57.0,0.0,0.0,15.700000000000001,16.7,2.0,07015,5.3
3626200,16.45,63.5,0.0,0.0,10.3,20.4,3.0,07015,5.3
3904386,24.65,31.0,0.0,0.0,17.5,27.8,2.0,07015,5.3
3904412,21.85,59.0,0.0,0.0,9.399999999999999,13.0,4.0,07015,5.3
3904431,22.6,54.0,0.0,0.0,15.7,20.4,4.0,07015,5.3
3904513,11.25,69.5,0.0,0.0,13.9,18.5,4.0,07015,5.3
3904583,11.95,71.5,0.0,0.0,5.4,13.0,1.0,07015,5.3
3904604,16.0,83.5,0.0,1.0,14.8,46.3,17.0,07015,5.3
3904625,9.5,93.5,0.0,7.0,29.7,50.0,7.0,07015,5.3
3904633,10.600000000000001,80.5,0.0,0.2,11.2,21.0,2.0,07015,5.3
3904654,9.2,86.0,0.0,0.0,20.35,37.0,4.0,07015,5.3
3904673,6.95,77.0,0.2,1.2,34.4,67.0,4.0,07015,5.3
3904453,8.0,81.5,0.0,0.0,22.3,37.0,4.0,07015,5.3
3904474,8.399999999999999,67.0,0.0,0.0,14.8,22.0,4.0,07015,5.3
3904527,5.4,88.5,0.0,0.0,13.0,25.9,4.0,07015,5.3
3904548,2.45,82.5,0.0,0.8,17.65,33.0,3.0,07015,5.3
3904566,6.6,86.5,0.0,0.0,22.3,38.9,4.0,07015,5.3
3904694,13.05,51.0,0.0,0.0,20.5,42.0,3.0,07015,5.3
3904713,13.9,64.0,0.0,0.0,7.4,25.9,4.0,07015,5.3
3904745,16.85,64.5,0.0,0.0,17.5,24.1,3.0,07015,5.3
3904753,17.6,61.5,0.0,0.0,18.55,25.9,1.0,07015,5.3
4219268,25.9,48.5,0.0,0.0,7.6,21.0,3.0,07015,5.3
4219285,25.299999999999997,61.5,0.0,0.2,9.4,22.2,2.0,07015,5.3
4219303,17.4,82.5,0.0,0.0,4.5,11.1,2.0,07015,5.3
4219332,16.3,67.0,0.0,0.2,24.1,25.9,4.0,07015,5.3
4219339,15.65,64.5,0.0,0.6000000000000001,38.0,74.0,3.0,07015,5.3
4219356,8.65,86.0,0.0,0.0,12.1,18.0,4.0,07015,5.3
4219376,0.85,90.0,0.2,2.5,17.5,42.6,14.0,07015,5.3
4219395,4.1,89.0,0.0,0.0,9.4,20.4,1.0,07015,5.3
4219194,-0.25,95.5,0.0,0.0,16.6,24.1,4.0,07015,5.3
4219212,11.1,89.0,0.0,0.0,30.6,55.0,4.0,07015,5.3
4219231,12.5,80.5,0.0,0.0,13.0,18.5,4.0,07015,5.3
4219413,11.0,72.0,0.6,0.6,6.5,33.3,7.0,07015,5.3
4219430,11.65,78.0,0.0,0.0,27.5,46.0,4.0,07015,5.3
4219439,16.55,81.5,0.0,0.0,21.25,24.1,3.0,07015,5.3
4219506,10.35,49.5,0.0,1.0,27.7,46.3,3.0,07015,5.3
4219524,12.95,85.5,1.0,0.0,8.3,16.7,3.0,07015,5.3
4219173,16.8,62.5,0.0,0.0,14.8,22.2,3.0,07015,5.3
4513870,17.200000000000003,94.0,1.6,6.4,12.1,33.3,8.0,07015,5.3
4513875,27.35,54.5,0.0,0.0,11.2,18.5,3.0,07015,5.3
4513899,24.35,53.0,0.0,0.0,13.0,26.0,3.0,07015,5.3
4513951,11.7,74.5,0.0,0.0,10.3,18.5,3.0,07015,5.3
4513972,10.7,94.0,0.0,0.0,3.6,9.3,4.0,07015,5.3
4514069,16.450000000000003,57.0,0.0,0.0,44.45,83.0,4.0,07015,5.3
4514087,6.1,85.5,0.0,0.0,10.3,29.6,4.0,07015,5.3
4514106,1.15,87.5,0.0,0.0,13.0,20.4,4.0,07015,5.3
4513832,0.0,100.0,0.0,0.0,2.7,11.1,5.0,07015,5.3
4513851,1.0,87.0,0.0,0.0,11.2,14.0,2.0,07015,5.3
4513860,5.0,87.0,0.0,0.0,8.5,18.5,4.0,07015,5.3
4513924,10.5,94.0,0.3,2.5999999999999996,20.35,35.2,7.0,07015,5.3
4513946,14.0,46.0,0.0,0.0,9.399999999999999,20.4,2.0,07015,5.3
4514044,12.0,56.0,0.0,0.0,15.700000000000001,41.0,4.0,07015,5.3
4514122,12.0,91.0,,,7.6,29.6,3.0,07015,5.3
4514138,10.5,58.0,0.0,0.0,26.799999999999997,45.0,4.0,07015,5.3
4513021,13.0,60.5,0.0,0.0,15.7,31.5,2.0,07015,5.3
4830468,19.950000000000003,46.5,0.0,0.0,10.2,16.7,2.0,07015,5.3
4830487,,,,,,,,07015,5.3
4830504,,,,,,,,07015,5.3
4830515,,,,,,,,07015,5.3
4830534,,,,,,,,07015,5.3
4830551,,,,,,,,07015,5.3
4830569,,,,,,,,07015,5.3
4830587,,,,,,,,07015,5.3
4830604,,,,,,,,07015,5.3
4830623,,,,,,,,07015,5.3
4830648,,,,,,,,07015,5.3
4830666,,,,,,,,07015,5.3
4830677,,,,,,,,07015,5.3
4830704,,,,,,,,07015,5.3
4830721,,,,,,,,07015,5.3
4830738,,,,,,,,07015,5.3
4830756,,,,,,,,07015,5.3
3625844,24.55,50.0,0.0,0.0,6.5,14.8,1.0,07149,16.2
3625874,21.85,54.5,0.0,0.0,10.3,24.0,4.0,07149,16.2
3625881,18.65,78.5,0.0,0.0,17.5,41.0,7.0,07149,16.2
3625901,19.05,85.0,,0.0,13.0,14.8,4.0,07149,16.2
3625923,11.350000000000001,89.0,0.0,0.0,7.4,11.1,3.0,07149,16.2
3625943,12.25,96.5,0.0,3.0,10.3,20.4,7.0,07149,16.2
3625962,6.0,97.0,0.0,0.0,2.7,9.3,5.0,07149,16.2
3625982,6.25,87.0,0.0,0.2,12.100000000000001,26.0,3.0,07149,16.2
3626001,9.350000000000001,100.0,0.0,0.2,11.2,13.0,5.0,07149,16.2
3626030,-0.2,93.5,0.0,0.0,13.9,28.0,5.0,07149,16.2
3626045,4.15,79.5,0.0,0.0,13.9,14.8,4.0,07149,16.2
3626065,2.75,80.5,0.0,0.0,1.8,11.1,2.0,07149,16.2
3626083,4.699999999999999,66.0,0.0,0.0,19.45,35.0,1.0,07149,16.2
3626103,10.399999999999999,71.0,0.2,0.0,21.4,44.5,7.0,07149,16.2
3626122,6.25,41.0,0.0,0.0,12.1,33.0,3.0,07149,16.2
3626142,16.9,37.0,0.0,0.0,10.3,22.0,2.0,07149,16.2
3626162,15.35,61.5,0.0,0.0,20.35,27.8,4.0,07149,16.2
3626184,19.35,54.5,0.0,0.0,18.55,35.0,2.0,07149,16.2
3626204,21.05,52.5,0.0,0.0,11.2,14.8,2.0,07149,16.2
3904405,27.6,26.0,0.0,0.0,9.399999999999999,22.2,1.0,07149,16.2
3904424,24.15,48.5,0.0,0.0,13.9,26.0,3.0,07149,16.2
3904505,17.6,90.0,8.4,0.6000000000000001,12.100000000000001,35.0,9.0,07149,16.2
3904576,15.899999999999999,70.0,0.0,0.0,6.5,22.2,3.0,07149,16.2
3904595,18.45,89.5,0.0,0.0,5.4,17.0,3.0,07149,16.2
3904616,22.200000000000003,61.5,0.0,0.0,7.4,22.2,3.0,07149,16.2
3904636,13.850000000000001,78.0,0.0,0.0,5.4,9.3,2.0,07149,16.2
3904647,10.95,89.0,0.0,2.4000000000000004,34.4,61.0,7.0,07149,16.2
3904667,9.05,79.5,0.0,0.0,19.45,46.0,4.0,07149,16.2
3904446,3.8499999999999996,71.0,0.0,0.0,9.399999999999999,18.5,4.0,07149,16.2
3904465,9.0,90.5,0.0,1.0,7.4,27.8,4.0,07149,16.2
3904483,12.2,63.0,0.0,0.0,16.6,31.0,4.0,07149,16.2
3904534,5.65,67.0,0.0,0.0,14.8,28.0,4.0,07149,16.2
3904555,11.1,60.5,0.0,1.2,13.9,25.9,3.0,07149,16.2
3904568,6.9,85.5,0.0,0.0,24.1,39.0,4.0,07149,16.2
3904696,11.3,73.5,0.0,0.0,13.0,25.9,3.0,07149,16.2
3904715,17.049999999999997,54.0,0.0,0.0,7.6,29.6,4.0,07149,16.2
3904735,15.2,63.0,0.0,0.6,17.65,33.3,2.0,07149,16.2
3904767,21.45,42.0,0.0,0.0,17.5,31.5,2.0,07149,16.2
4219151,21.2,54.5,0.0,0.0,9.399999999999999,20.4,2.0,07149,16.2
4219274,18.95,64.0,0.0,0.2,7.6,22.2,3.0,07149,16.2
4219292,21.5,54.5,0.0,0.0,7.4,14.8,2.0,07149,16.2
4219301,16.450000000000003,58.0,0.0,0.0,9.399999999999999,22.0,2.0,07149,16.2
4219328,14.0,77.0,0.6,0.6000000000000001,24.1,70.0,7.0,07149,16.2
4219346,8.4,90.0,0.0,0.0,13.9,26.0,3.0,07149,16.2
4219364,5.2,63.0,0.0,0.2,14.8,28.0,2.0,07149,16.2
4219382,10.75,72.0,0.0,4.8,33.5,55.0,3.0,07149,16.2
4219400,8.75,88.5,0.0,0.0,16.6,27.8,7.0,07149,16.2
4219200,6.2,86.0,0.0,0.0,2.7,13.0,3.0,07149,16.2
4219219,6.8,93.0,0.0,5.3,10.3,37.0,7.0,07149,16.2
4219237,7.5,91.0,1.4,0.6000000000000001,18.4,42.6,8.0,07149,16.2
4219409,9.399999999999999,83.0,0.0,0.0,10.3,42.6,4.0,07149,16.2
4219436,17.9,61.0,0.0,0.0,4.5,27.8,3.0,07149,16.2
4219504,8.5,55.0,0.0,0.2,17.65,37.0,3.0,07149,16.2
4219513,12.35,86.5,2.2,2.8000000000000003,15.700000000000001,35.2,25.0,07149,16.2
4219533,18.299999999999997,77.5,0.0,3.4,11.2,20.4,3.0,07149,16.2
4513866,24.6,65.0,0.0,0.0,16.6,46.0,4.0,07149,16.2
4513892,11.45,68.0,0.0,0.0,5.4,11.1,2.0,07149,16.2
4513903,12.2,88.5,0.0,2.8000000000000003,13.0,22.2,18.0,07149,16.2
4513966,14.649999999999999,95.0,0.2,1.3,10.3,13.0,4.0,07149,16.2
4513975,11.600000000000001,80.5,0.0,0.0,17.65,22.2,4.0,07149,16.2
4514065,2.0,92.0,0.0,0.0,8.3,22.2,3.0,07149,16.2
4514079,1.1,99.0,0.0,0.0,7.4,11.0,5.0,07149,16.2
4514100,8.45,96.5,0.0,0.0,12.1,24.1,7.0,07149,16.2
4514117,2.6,73.5,0.0,0.0,11.2,13.0,4.0,07149,16.2
4513845,8.5,97.0,0.3,3.6000000000000005,7.3999999999999995,20.4,7.0,07149,16.2
4513862,6.2,84.5,0.1,0.3,11.9,29.6,7.0,07149,16.2
4513931,4.0,81.0,0.0,0.0,19.45,34.0,2.0,07149,16.2
4514028,9.0,49.5,,,21.25,22.2,2.0,07149,16.2
4514052,23.65,30.0,0.0,0.0,19.0,32.0,1.0,07149,16.2
4514123,16.05,57.0,,,13.9,29.6,4.0,07149,16.2
4514134,14.2,70.5,0.0,0.0,11.0,19.0,3.0,07149,16.2
4513025,15.5,53.5,0.0,0.0,7.0,27.8,2.0,07149,16.2
4830473,19.4,47.5,0.0,0.0,8.5,23.0,2.0,07149,16.2
4830483,18.15,81.0,0.3,0.0,13.5,29.6,4.0,07149,16.2
4830491,,,,,,,,07149,16.2
4830502,,,,,,,,07149,16.2
4830508,,,,,,,,07149,16.2
4830519,,,,,,,,07149,16.2
4830527,,,,,,,,07149,16.2
4830537,,,,,,,,07149,16.2
4830545,,,,,,,,07149,16.2
4830554,,,,,,,,07149,16.2
4830564,,,,,,,,07149,16.2
4830572,,,,,,,,07149,16.2
4830582,,,,,,,,07149,16.2
4830591,,,,,,,,07149,16.2
4830599,,,,,,,,07149,16.2
4830609,,,,,,,,07149,16.2
4830616,,,,,,,,07149,16.2
4830627,,,,,,,,07149,16.2
4830635,,,,,,,,07149,16.2
4830646,,,,,,,,07149,16.2
4830654,,,,,,,,07149,16.2
4830662,,,,,,,,07149,16.2
4830671,,,,,,,,07149,16.2
4830681,,,,,,,,07149,16.2
4830698,,,,,,,,07149,16.2
4830708,,,,,,,,07149,16.2
4830716,,,,,,,,07149,16.2
4830726,,,,,,,,07149,16.2
4830689,,,,,,,,07149,16.2
4830734,,,,,,,,07149,16.2
4830744,,,,,,,,07149,16.2
4830743,,,,,,,,07149,16.2
4830752,,,,,,,,07149,16.2
4830762,,,,,,,,07149,16.2
3625836,25.0,55.5,0.0,0.0,16.6,,,LFJR0,20.0
3625856,21.5,51.0,0.0,0.0,15.700000000000001,,,LFJR0,20.0
3625876,20.0,62.0,0.2,0.5,12.1,,,LFJR0,20.0
3625886,12.0,82.5,0.0,0.0,0.0,,,LFJR0,20.0
3625906,17.5,52.0,0.0,2.1,25.9,,,LFJR0,20.0
3625936,14.8,91.5,1.8,1.3,22.15,,,LFJR0,20.0
3625956,7.95,96.5,1.0,0.2,11.2,,,LFJR0,20.0
3625976,6.5,87.0,2.0,1.0,6.5,,,LFJR0,20.0
3625996,11.2,95.0,0.1,0.0,9.4,,,LFJR0,20.0
3626036,3.85,87.5,0.0,0.0,18.4,,,LFJR0,20.0
3626016,0.9,94.5,0.0,0.0,3.6,,5.0,LFJR0,20.0
3626056,13.0,66.5,0.0,0.0,24.1,,,LFJR0,20.0
3626076,14.2,40.5,0.0,0.0,15.7,,,LFJR0,20.0
3626096,0.0,79.0,0.0,3.8000000000000003,14.8,,,LFJR0,20.0
3626106,15.1,52.0,0.0,0.0,7.4,,,LFJR0,20.0
3626126,15.0,41.0,0.0,0.0,19.450000000000003,,,LFJR0,20.0
3626146,14.0,74.5,0.0,0.0,1.8,,,LFJR0,20.0
3626176,23.0,44.0,0.0,0.0,10.3,,,LFJR0,20.0
3626196,22.0,56.5,0.0,0.0,12.1,,,LFJR0,20.0
3904384,28.0,24.0,0.0,0.0,19.45,,1.0,LFJR0,20.0
3904410,20.5,75.5,0.4,0.7,16.6,,8.0,LFJR0,20.0
3904430,24.35,55.5,0.6,0.2,15.7,,8.0,LFJR0,20.0
3904502,26.5,36.5,0.0,0.0,13.9,,3.0,LFJR0,20.0
3904574,13.5,85.0,0.6,0.0,17.5,,8.0,LFJR0,20.0
3904581,21.0,53.0,0.0,0.0,13.9,,1.0,LFJR0,20.0
3904602,22.25,61.0,0.4,0.0,22.35,,17.0,LFJR0,20.0
3904622,12.1,87.0,0.0,0.0,11.2,,3.0,LFJR0,20.0
3904652,13.65,78.0,0.8999999999999999,0.4,13.9,,8.0,LFJR0,20.0
3904672,8.8,74.5,0.0,0.0,29.7,,3.0,LFJR0,20.0
3904451,8.3,74.0,0.0,0.0,9.4,,3.0,LFJR0,20.0
3904471,10.25,64.5,0.0,0.0,14.8,,1.0,LFJR0,20.0
3904523,8.0,53.0,0.0,0.0,15.700000000000001,,3.0,LFJR0,20.0
3904544,15.2,70.5,0.0,0.0,23.200000000000003,,3.0,LFJR0,20.0
3904563,12.5,69.5,0.0,0.0,17.5,,3.0,LFJR0,20.0
3904682,16.8,42.5,0.0,0.0,17.5,,2.0,LFJR0,20.0
3904703,11.0,56.0,0.0,0.0,9.4,,3.0,LFJR0,20.0
3904723,18.2,79.0,1.9000000000000001,0.6000000000000001,13.9,,9.0,LFJR0,20.0
3904751,22.0,48.0,0.0,0.0,8.3,,2.0,LFJR0,20.0
4513010,21.1,55.5,0.0,0.1,6.5,,3.0,LFJR0,20.0
4513879,23.25,71.0,,,19.450000000000003,,,LFJR0,20.0
4513897,18.8,95.0,1.1,0.0,7.6,,9.0,LFJR0,20.0
4513910,13.1,81.0,0.0,0.4,13.9,,3.0,LFJR0,20.0
4513983,15.1,85.5,0.0,3.7,7.6,,3.0,LFJR0,20.0
4513993,12.1,99.0,0.0,0.0,3.6,,5.0,LFJR0,20.0
4514086,8.05,79.5,0.0,2.5,21.4,,3.0,LFJR0,20.0
4514105,13.0,77.0,0.0,0.8,25.0,,3.0,LFJR0,20.0
4513837,3.0,84.0,0.0,0.0,13.0,,3.0,LFJR0,20.0
4513853,0.5,96.5,0.0,0.0,5.4,,5.0,LFJR0,20.0
4513864,6.0,100.0,0.8,0.7,9.2,,8.0,LFJR0,20.0
4513939,10.5,52.0,0.0,0.0,15.700000000000001,,1.0,LFJR0,20.0
4514036,6.6,57.0,,,13.3,,,LFJR0,20.0
4514037,16.5,61.5,0.0,0.0,16.0,,3.0,LFJR0,20.0
4514061,16.0,55.0,0.0,0.0,18.0,,3.0,LFJR0,20.0
4514133,20.5,46.0,0.0,0.0,10.0,,3.0,LFJR0,20.0
4514148,18.5,60.0,0.0,0.0,10.0,,3.0,LFJR0,20.0
4830458,29.0,35.0,0.0,0.0,14.0,,1.0,LFJR0,20.0
4830476,20.5,64.0,0.0,0.0,17.0,,3.0,LFJR0,20.0
4830503,20.0,53.0,0.0,0.0,7.5,,3.0,LFJR0,20.0
4830521,12.0,79.5,0.0,0.0,9.0,,3.0,LFJR0,20.0
4830530,11.5,69.0,0.0,0.0,10.0,,3.0,LFJR0,20.0
4830557,12.0,85.5,0.0,0.0,9.0,,3.0,LFJR0,20.0
4830575,4.5,93.5,0.0,0.0,3.0,,2.0,LFJR0,20.0
4830593,7.5,100.0,0.0,0.0,6.0,,5.0,LFJR0,20.0
4830611,7.45,98.0,1.2,0.8,11.7,,8.0,LFJR0,20.0
4830629,,,,,,,,LFJR0,20.0
4830638,,,,,,,,LFJR0,20.0
4830656,,,,,,,,LFJR0,20.0
4830683,,,,,,,,LFJR0,20.0
4830701,,,,,,,,LFJR0,20.0
4830719,,,,,,,,LFJR0,20.0
4830728,,,,,,,,LFJR0,20.0
4830746,,,,,,,,LFJR0,20.0
3625837,17.6,73.0,0.0,0.0,29.7,44.5,4.0,07110,6.4
3625847,16.25,85.5,0.0,0.0,4.5,14.8,4.0,07110,6.4
3625867,22.25,64.0,0.0,0.0,11.2,18.5,3.0,07110,6.4
3625897,19.3,83.5,0.0,0.2,30.6,44.5,4.0,07110,6.4
3625917,18.75,64.5,0.0,0.0,14.8,25.9,3.0,07110,6.4
3625938,12.25,71.0,0.0,0.2,31.5,50.0,18.0,07110,6.4
3625957,11.0,65.5,0.0,0.8,27.7,50.0,4.0,07110,6.4
3625977,6.95,79.0,0.8,1.6,19.45,70.0,18.0,07110,6.4
3625997,12.1,98.5,0.0,0.6,14.8,20.4,7.0,07110,6.4
3626018,10.1,89.5,,1.0,17.5,52.0,7.0,07110,6.4
3626038,7.55,78.0,0.0,0.0,13.9,14.8,4.0,07110,6.4
3626057,10.6,98.0,6.9,11.6,39.8,76.0,9.0,07110,6.4
3626077,12.3,78.5,0.0,0.0,24.1,41.0,3.0,07110,6.4
3626097,7.300000000000001,86.5,0.0,0.0,6.5,33.3,3.0,07110,6.4
3626128,13.149999999999999,49.5,0.0,0.0,30.6,38.9,3.0,07110,6.4
3626148,8.600000000000001,88.0,0.0,0.0,9.4,24.1,3.0,07110,6.4
3626167,14.75,72.0,0.0,0.0,19.45,22.2,4.0,07110,6.4
3626177,17.15,62.0,0.0,0.0,19.45,33.0,3.0,07110,6.4
3626197,13.850000000000001,70.0,0.0,0.0,12.1,24.1,2.0,07110,6.4
3904406,20.4,84.5,0.0,0.0,18.55,28.0,5.0,07110,6.4
3904426,26.1,44.5,0.0,0.0,21.25,31.5,3.0,07110,6.4
3904497,18.15,95.0,3.0,4.1,24.1,50.0,8.0,07110,6.4
3904518,17.2,60.5,0.0,0.0,13.9,25.9,2.0,07110,6.4
3904588,19.15,51.5,0.0,0.0,24.1,33.3,3.0,07110,6.4
3904619,16.15,78.5,0.0,0.0,30.6,50.0,3.0,07110,6.4
3904639,17.55,81.0,0.0,0.0,13.9,35.2,2.0,07110,6.4
3904648,10.35,83.5,0.0,3.3,37.1,65.0,7.0,07110,6.4
3904669,11.100000000000001,82.5,0.3,0.0,32.6,55.0,17.0,07110,6.4
3904448,6.5,79.5,0.0,0.0,15.700000000000001,22.0,4.0,07110,6.4
3904467,10.45,75.5,0.0,0.0,11.2,27.8,4.0,07110,6.4
3904486,10.350000000000001,78.0,0.0,0.0,5.6,21.0,4.0,07110,6.4
3904550,11.0,92.5,0.0,0.4,16.6,31.0,4.0,07110,6.4
3904569,11.9,69.0,0.0,0.0,18.4,31.5,3.0,07110,6.4
3904698,16.3,55.0,0.0,0.0,13.9,18.5,3.0,07110,6.4
3904717,15.45,73.0,0.0,0.0,14.8,27.8,3.0,07110,6.4
3904738,17.0,70.0,0.0,0.0,13.0,24.1,3.0,07110,6.4
3904748,17.25,63.5,0.0,0.0,25.9,38.9,2.0,07110,6.4
3904768,14.3,82.5,0.0,0.0,18.4,35.2,2.0,07110,6.4
4219158,19.75,69.0,0.0,0.0,29.7,42.0,4.0,07110,6.4
4219291,20.6,69.5,0.0,0.0,21.4,35.0,3.0,07110,6.4
4219309,15.649999999999999,84.5,0.0,0.0,21.4,29.6,4.0,07110,6.4
4219327,26.299999999999997,37.5,0.0,0.0,4.7,22.2,1.0,07110,6.4
4219345,13.649999999999999,72.0,0.2,4.2,35.2,55.5,18.0,07110,6.4
4219381,11.0,82.5,0.0,0.0,28.6,46.0,8.0,07110,6.4
4219363,11.1,94.0,0.0,2.4,14.8,27.8,4.0,07110,6.4
4219408,10.6,89.0,0.0,0.6000000000000001,18.55,38.9,4.0,07110,6.4
4219199,4.449999999999999,91.5,0.4,0.2,11.2,17.0,5.0,07110,6.4
4219217,10.0,83.0,0.0,0.0,8.5,14.8,4.0,07110,6.4
4219236,10.8,88.0,0.0,0.1,11.2,20.4,4.0,07110,6.4
4219254,10.149999999999999,58.0,0.0,0.2,17.5,46.3,3.0,07110,6.4
4219426,13.9,80.5,0.0,0.2,17.5,27.8,4.0,07110,6.4
4219444,14.1,74.5,0.0,0.0,40.7,67.0,4.0,07110,6.4
4219512,12.1,61.5,0.0,0.0,30.6,55.0,3.0,07110,6.4
4219530,12.4,94.0,0.1,0.0,13.9,22.2,4.0,07110,6.4
4219564,18.05,69.5,0.0,0.0,14.799999999999999,31.5,3.0,07110,6.4
4513007,18.2,61.0,0.0,0.0,12.1,29.6,4.0,07110,6.4
4513877,22.5,73.5,0.0,0.0,14.8,25.9,4.0,07110,6.4
4513896,17.6,82.5,0.0,0.1,15.700000000000001,25.9,4.0,07110,6.4
4513953,16.299999999999997,81.5,0.0,3.9,22.3,46.0,4.0,07110,6.4
4513965,15.100000000000001,71.5,0.0,0.0,14.8,22.0,4.0,07110,6.4
4513974,10.8,92.5,0.0,0.0,13.0,21.0,4.0,07110,6.4
4514077,13.15,92.0,0.0,0.0,26.799999999999997,41.0,7.0,07110,6.4
4514098,9.9,94.5,0.0,0.2,9.399999999999999,22.2,4.0,07110,6.4
4514116,7.9,97.5,0.0,0.0,6.5,7.4,5.0,07110,6.4
4513849,5.0,90.0,0.0,0.0,18.55,24.1,4.0,07110,6.4
4513917,8.0,96.5,0.0,0.0,22.3,27.8,4.0,07110,6.4
4513945,12.0,91.0,0.8,0.5,7.4,25.9,7.0,07110,6.4
4514031,7.0,76.0,,,25.9,29.6,4.0,07110,6.4
4514048,19.0,55.5,0.0,0.0,15.5,31.5,2.0,07110,6.4
4514121,13.7,69.0,,,19.45,29.6,7.0,07110,6.4
4514140,13.85,65.5,0.0,0.0,40.0,63.0,2.0,07110,6.4
4514153,13.0,94.0,0.0,5.0,10.0,14.8,4.0,07110,6.4
4830460,28.7,50.0,,,16.7,24.1,3.0,07110,6.4
4830486,,,,,,,,07110,6.4
4830495,,,,,,,,07110,6.4
4830513,,,,,,,,07110,6.4
4830532,,,,,,,,07110,6.4
4830549,,,,,,,,07110,6.4
4830567,,,,,,,,07110,6.4
4830585,,,,,,,,07110,6.4
4830602,,,,,,,,07110,6.4
4830621,,,,,,,,07110,6.4
4830640,,,,,,,,07110,6.4
4830658,,,,,,,,07110,6.4
4830675,,,,,,,,07110,6.4
4830702,,,,,,,,07110,6.4
4830729,,,,,,,,07110,6.4
4830711,,,,,,,,07110,6.4
4830755,,,,,,,,07110,6.4
3625838,32.1,39.5,0.0,0.0,13.9,33.3,2.0,07460,5.5
3625857,17.65,64.5,0.0,0.0,9.2,27.8,4.0,07460,5.5
3625877,14.0,85.5,,1.5999999999999999,13.0,24.1,4.0,07460,5.5
3625898,22.1,50.5,0.0,0.0,14.799999999999999,28.0,3.0,07460,5.5
3625918,16.9,52.0,0.0,0.0,5.4,17.0,2.0,07460,5.5
3625939,16.95,77.5,2.0,0.0,18.55,35.2,7.0,07460,5.5
3625958,4.0,97.0,0.0,0.0,13.0,22.2,4.0,07460,5.5
3625978,3.55,81.0,0.0,0.0,6.5,20.4,4.0,07460,5.5
3626019,8.100000000000001,65.0,0.0,0.0,15.7,35.0,4.0,07460,5.5
3626007,1.3,94.0,,0.0,4.5,9.0,4.0,07460,5.5
3626039,4.8,71.0,0.0,0.0,4.5,14.8,4.0,07460,5.5
3626058,13.7,51.5,0.0,0.0,40.7,63.0,3.0,07460,5.5
3626078,12.2,38.0,0.0,0.0,6.5,18.0,1.0,07460,5.5
3626098,8.2,81.5,2.0,0.4,14.799999999999999,50.0,7.0,07460,5.5
3626116,3.25,66.0,0.0,0.0,17.65,29.6,4.0,07460,5.5
3626129,6.35,66.5,0.0,0.0,5.6000000000000005,16.7,3.0,07460,5.5
3626156,14.2,77.0,0.0,0.0,8.3,24.1,7.0,07460,5.5
3626178,21.35,45.0,0.0,0.0,20.5,33.3,2.0,07460,5.5
3626198,25.2,65.5,0.0,0.0,5.4,18.5,2.0,07460,5.5
3904385,24.3,43.5,0.0,0.0,9.4,22.2,2.0,07460,5.5
3904411,24.4,52.5,0.0,0.0,9.399999999999999,20.4,3.0,07460,5.5
3904492,28.9,46.5,0.0,0.0,7.6,20.4,2.0,07460,5.5
3904511,18.85,32.5,0.0,0.0,7.6,20.4,1.0,07460,5.5
3904582,21.9,42.5,0.0,0.0,5.6,11.1,2.0,07460,5.5
3904603,22.700000000000003,48.5,0.0,0.0,28.65,51.8,3.0,07460,5.5
3904623,16.9,33.0,0.0,0.0,26.1,48.0,4.0,07460,5.5
3904643,10.65,65.5,0.0,0.0,15.700000000000001,25.9,4.0,07460,5.5
3904663,6.35,75.0,0.0,0.0,5.6,18.5,4.0,07460,5.5
3904442,2.5999999999999996,62.0,0.0,0.0,6.5,15.0,4.0,07460,5.5
3904462,7.75,74.0,0.0,1.1,21.4,37.0,4.0,07460,5.5
3904472,0.65,67.0,0.0,0.0,1.8,9.3,1.0,07460,5.5
3904524,2.5,41.5,0.0,0.0,40.7,74.0,4.0,07460,5.5
3904545,15.2,63.5,0.0,0.0,9.4,31.0,4.0,07460,5.5
3904564,9.4,76.0,0.0,0.2,17.5,27.8,7.0,07460,5.5
3904693,14.55,36.5,0.0,0.0,24.1,35.2,3.0,07460,5.5
3904712,18.1,57.5,0.0,0.0,18.4,25.9,3.0,07460,5.5
3904732,15.899999999999999,70.5,0.0,0.0,24.1,42.0,4.0,07460,5.5
3904752,22.049999999999997,58.0,0.0,0.0,14.05,18.5,3.0,07460,5.5
4219155,30.4,49.0,0.0,0.0,9.399999999999999,24.1,3.0,07460,5.5
4219280,21.65,42.5,0.0,0.2,15.7,31.5,4.0,07460,5.5
4219298,27.65,48.0,0.2,0.0,24.1,35.2,3.0,07460,5.5
4219316,24.450000000000003,50.5,0.0,0.0,13.0,30.0,2.0,07460,5.5
4219340,12.5,61.5,0.0,1.0999999999999999,18.55,33.3,4.0,07460,5.5
4219357,15.25,64.0,0.0,0.0,16.75,55.0,4.0,07460,5.5
4219370,3.65,77.0,0.0,0.0,2.7,11.1,3.0,07460,5.5
4219388,11.7,62.0,0.4,0.0,19.45,37.0,3.0,07460,5.5
4219405,7.1,72.0,0.0,0.0,7.4,13.0,4.0,07460,5.5
4219206,18.950000000000003,32.5,0.0,0.0,20.35,39.0,3.0,07460,5.5
4219224,11.3,60.5,0.0,0.2,24.1,44.0,3.0,07460,5.5
4219250,10.9,60.5,0.8,0.2,16.75,33.0,7.0,07460,5.5
4219421,17.35,59.0,0.0,0.0,5.6,16.7,4.0,07460,5.5
4219433,11.5,76.5,1.7000000000000002,4.0,19.5,50.0,18.0,07460,5.5
4219501,27.15,43.0,0.0,0.0,10.3,22.2,2.0,07460,5.5
4219519,13.05,73.0,0.0,0.1,13.0,37.0,3.0,07460,5.5
4219552,15.8,92.0,0.4,1.9999999999999998,4.5,13.0,7.0,07460,5.5
3625843,22.0,72.0,0.0,0.0,23.200000000000003,37.0,2.0,07222,12.0
3625861,19.049999999999997,58.0,0.0,0.0,7.6,18.5,2.0,07222,12.0
3625873,24.25,43.5,0.0,0.0,11.2,26.0,2.0,07222,12.0
3625894,21.2,45.0,0.0,0.0,13.899999999999999,31.0,2.0,07222,12.0
3625912,17.700000000000003,52.5,0.0,0.0,25.0,61.1,3.0,07222,12.0
3625931,14.75,52.5,0.0,0.0,15.700000000000001,28.0,2.0,07222,12.0
3625951,16.3,65.5,0.0,0.0,12.1,26.0,4.0,07222,12.0
3625981,7.5,80.5,0.0,0.0,15.700000000000001,26.0,2.0,07222,12.0
3626000,6.85,78.0,0.0,0.0,13.9,30.0,4.0,07222,12.0
3626025,8.85,95.0,0.4,0.2,8.5,16.7,7.0,07222,12.0
3626044,4.2,84.5,0.0,0.0,21.4,37.0,4.0,07222,12.0
3626064,11.45,80.5,0.0,0.0,32.6,57.0,7.0,07222,12.0
3626071,9.45,90.5,0.0,0.6000000000000001,24.1,44.0,4.0,07222,12.0
3626091,8.5,72.5,0.0,0.0,16.6,31.0,5.0,07222,12.0
3626112,11.65,73.5,0.0,0.0,12.1,22.2,3.0,07222,12.0
3626140,20.450000000000003,39.0,0.0,0.0,5.6,20.4,2.0,07222,12.0
3626160,17.25,77.0,0.0,8.0,14.8,27.8,7.0,07222,12.0
3626182,16.45,80.0,0.0,0.0,13.0,25.9,3.0,07222,12.0
3626203,22.75,56.0,0.0,0.0,13.9,22.2,2.0,07222,12.0
3904403,29.65,24.5,0.0,0.0,4.5,20.4,1.0,07222,12.0
3904422,25.5,38.0,0.0,0.0,21.4,35.0,2.0,07222,12.0
3904493,19.45,70.0,0.0,0.0,9.399999999999999,22.2,3.0,07222,12.0
3904512,20.85,37.5,0.0,0.0,13.9,31.0,1.0,07222,12.0
3904594,23.3,62.5,0.0,0.0,20.35,24.1,4.0,07222,12.0
3904614,18.15,75.5,0.0,1.4,16.6,30.0,3.0,07222,12.0
3904632,20.2,59.0,0.2,0.0,13.0,25.9,1.0,07222,12.0
3904653,13.7,77.0,0.9,1.9,18.55,33.0,7.0,07222,12.0
3904665,10.75,83.0,0.0,0.0,14.8,39.0,4.0,07222,12.0
3904452,8.85,70.0,0.0,0.0,5.6000000000000005,17.0,4.0,07222,12.0
3904473,10.3,64.5,0.0,0.0,14.8,22.2,1.0,07222,12.0
3904526,7.699999999999999,40.0,0.0,0.0,26.799999999999997,52.0,2.0,07222,12.0
3904547,13.100000000000001,88.0,0.2,0.0,24.1,42.0,7.0,07222,12.0
3904565,12.15,68.0,0.0,0.0,16.6,27.8,4.0,07222,12.0
3904684,19.049999999999997,47.0,0.0,0.0,11.2,33.3,2.0,07222,12.0
3904705,14.6,78.0,0.2,0.4,30.6,44.5,18.0,07222,12.0
3904725,19.9,66.5,0.0,1.2,18.4,29.6,4.0,07222,12.0
3904744,20.35,43.0,0.0,0.0,16.6,39.0,3.0,07222,12.0
3904764,23.950000000000003,42.5,0.0,0.0,14.8,25.9,1.0,07222,12.0
4219156,23.65,55.0,0.0,0.0,19.45,25.9,3.0,07222,12.0
4219281,16.25,78.5,0.0,0.0,10.3,27.8,2.0,07222,12.0
4219288,18.0,84.5,0.0,1.4,3.6,13.0,4.0,07222,12.0
4219305,19.35,47.5,0.0,0.0,11.2,24.0,3.0,07222,12.0
4219335,18.049999999999997,61.0,0.0,0.1,13.9,22.2,3.0,07222,12.0
4219354,14.5,70.0,0.0,0.4,27.7,46.0,17.0,07222,12.0
4219371,8.15,64.0,0.0,0.2,8.5,25.9,3.0,07222,12.0
4219379,0.8500000000000001,87.5,0.0,0.0,13.9,24.0,3.0,07222,12.0
4219397,2.6,99.0,0.0,0.0,4.5,11.0,5.0,07222,12.0
4219196,3.8499999999999996,76.5,0.0,0.0,4.5,15.0,4.0,07222,12.0
4219215,9.5,88.0,0.0,0.0,3.6,9.3,4.0,07222,12.0
4219234,9.3,95.0,0.0,0.0,7.4,13.0,3.0,07222,12.0
4219252,10.3,56.5,0.0,0.0,17.5,50.0,2.0,07222,12.0
4219424,15.25,78.5,0.0,0.0,14.799999999999999,20.4,4.0,07222,12.0
4219442,12.0,93.5,0.2,3.4,8.3,20.4,4.0,07222,12.0
4219510,14.75,43.5,0.0,0.0,15.700000000000001,33.0,3.0,07222,12.0
4219556,15.05,80.0,0.0,0.0,14.8,18.5,4.0,07222,12.0
4513868,21.05,45.5,0.0,0.0,14.8,24.1,2.0,07222,12.0
4513887,20.4,43.5,0.0,0.0,12.1,26.0,2.0,07222,12.0
4513906,13.55,84.0,0.0,2.8000000000000003,22.3,46.0,7.0,07222,12.0
4513961,20.15,74.5,0.0,0.0,19.45,42.0,4.0,07222,12.0
4513971,9.85,99.0,0.0,0.0,16.75,18.5,5.0,07222,12.0
4514070,16.200000000000003,62.0,0.0,0.30000000000000004,38.0,68.5,4.0,07222,12.0
4514090,6.75,78.0,0.0,0.6000000000000001,22.3,33.3,4.0,07222,12.0
4514111,4.6,98.0,0.0,0.0,9.399999999999999,16.7,5.0,07222,12.0
4513847,10.0,87.0,0.7,6.7,23.2,72.2,8.0,07222,12.0
4513858,2.0,93.0,0.0,1.5,5.4,14.8,4.0,07222,12.0
4513926,13.5,72.0,0.0,0.1,27.7,45.0,4.0,07222,12.0
4513942,12.0,94.0,1.4,2.5,9.399999999999999,18.5,8.0,07222,12.0
4514035,8.0,49.0,,,14.8,27.8,4.0,07222,12.0
4514058,12.7,72.0,0.0,0.0,14.0,35.0,3.0,07222,12.0
4514130,21.2,49.0,0.0,0.0,11.0,27.8,2.0,07222,12.0
4514142,14.5,77.0,0.2,3.3,19.0,37.0,4.0,07222,12.0
4513023,17.0,55.5,0.0,0.0,10.0,22.2,1.0,07222,12.0
4830464,27.95,37.5,0.0,0.0,13.0,28.0,1.0,07222,12.0
4830482,20.25,83.0,0.2,0.30000000000000004,22.5,41.0,8.0,07222,12.0
4830501,,,,,,,,07222,12.0
4830525,,,,,,,,07222,12.0
4830543,,,,,,,,07222,12.0
4830553,,,,,,,,07222,12.0
4830570,,,,,,,,07222,12.0
4830589,,,,,,,,07222,12.0
4830615,,,,,,,,07222,12.0
4830626,,,,,,,,07222,12.0
4830644,,,,,,,,07222,12.0
4830660,,,,,,,,07222,12.0
4830679,,,,,,,,07222,12.0
4830696,,,,,,,,07222,12.0
4830725,,,,,,,,07222,12.0
4830741,,,,,,,,07222,12.0
4830760,,,,,,,,07222,12.0
3625845,29.5,46.5,0.0,0.0,10.3,,,LFQA0,10.9
3625863,16.35,76.5,0.0,0.0,13.9,,,LFQA0,10.9
3625882,17.1,82.0,0.0,0.0,3.6,,,LFQA0,10.9
3625902,21.35,70.5,0.0,0.0,13.0,,,LFQA0,10.9
3625933,13.8,62.5,0.0,0.0,20.35,,,LFQA0,10.9
3625953,12.1,72.5,0.0,0.2,17.65,,,LFQA0,10.9
3625974,2.4,93.0,0.6,0.2,21.4,,,LFQA0,10.9
3625994,4.4,90.5,0.30000000000000004,1.7,8.5,,,LFQA0,10.9
3626002,2.15,93.0,0.0,0.0,2.7,,,LFQA0,10.9
3626031,1.35,95.0,0.6,0.30000000000000004,10.3,,,LFQA0,10.9
3626051,10.3,85.0,0.8,3.1999999999999997,38.0,,,LFQA0,10.9
3626073,11.9,72.5,0.0,0.2,27.7,,,LFQA0,10.9
3626093,7.65,38.0,0.0,0.0,17.5,,,LFQA0,10.9
3626113,7.2,74.0,0.3,0.4,13.0,,,LFQA0,10.9
3626134,8.7,60.0,1.1,1.1,12.1,,,LFQA0,10.9
3626153,14.6,44.5,0.0,0.0,13.9,,,LFQA0,10.9
3626163,13.8,68.0,0.0,0.0,8.5,,,LFQA0,10.9
3626185,20.9,59.0,0.0,0.0,15.700000000000001,,,LFQA0,10.9
3626205,16.8,70.5,0.0,0.0,8.5,,,LFQA0,10.9
3904407,29.1,34.0,0.0,0.0,13.0,,3.0,LFQA0,10.9
3904427,26.700000000000003,42.5,0.0,0.0,12.100000000000001,,3.0,LFQA0,10.9
3904498,27.95,42.0,0.0,0.2,13.0,,3.0,LFQA0,10.9
3904519,16.6,51.0,0.0,0.0,25.0,,3.0,LFQA0,10.9
3904590,7.25,86.5,0.0,0.0,4.5,,1.0,LFQA0,10.9
3904608,19.5,80.0,0.6,0.0,23.2,,9.0,LFQA0,10.9
3904628,9.0,87.5,1.0,0.1,13.0,,8.0,LFQA0,10.9
3904649,8.149999999999999,82.0,0.0,0.0,16.6,,3.0,LFQA0,10.9
3904679,8.399999999999999,66.0,0.0,0.0,25.9,,3.0,LFQA0,10.9
3904458,7.800000000000001,75.5,0.0,0.0,14.8,,3.0,LFQA0,10.9
3904478,9.2,72.5,0.0,0.0,13.9,,3.0,LFQA0,10.9
3904530,4.699999999999999,43.5,0.0,0.0,27.9,,3.0,LFQA0,10.9
3904538,5.550000000000001,71.5,0.0,0.0,11.2,,3.0,LFQA0,10.9
3904558,7.25,89.5,0.0,1.1,9.2,,2.0,LFQA0,10.9
3904689,15.55,48.0,0.0,0.0,6.5,,3.0,LFQA0,10.9
3904710,12.75,89.5,0.30000000000000004,1.0,19.45,,7.0,LFQA0,10.9
3904729,19.1,70.5,0.0,0.0,7.6,,3.0,LFQA0,10.9
3904749,21.7,69.5,0.0,0.0,19.45,,3.0,LFQA0,10.9
3904769,18.9,61.5,0.0,0.0,10.100000000000001,,1.0,LFQA0,10.9
4219270,30.3,49.0,0.0,0.0,7.4,,2.0,LFQA0,10.9
4219299,27.15,59.5,0.0,0.0,15.700000000000001,,3.0,LFQA0,10.9
4219317,23.0,61.5,0.0,0.2,13.0,,3.0,LFQA0,10.9
4219323,11.899999999999999,92.5,0.0,0.0,2.7,,1.0,LFQA0,10.9
4219341,13.149999999999999,88.0,1.5,0.5,18.55,,9.0,LFQA0,10.9
4219358,6.5,88.0,0.2,0.5,5.6,,3.0,LFQA0,10.9
4219377,0.35,75.5,0.0,0.0,10.3,,2.0,LFQA0,10.9
4219406,8.399999999999999,92.5,0.0,0.4,18.55,,7.0,LFQA0,10.9
4219207,10.7,67.5,0.0,0.0,13.9,,3.0,LFQA0,10.9
4219214,10.4,84.0,0.0,0.0,18.55,,3.0,LFQA0,10.9
4219233,9.6,95.0,1.8,2.5,14.8,,3.0,LFQA0,10.9
4219251,10.6,85.5,0.30000000000000004,0.8,15.700000000000001,,7.0,LFQA0,10.9
4219422,12.45,92.5,0.6,1.1,16.6,,3.0,LFQA0,10.9
4219440,19.5,64.5,0.0,0.0,6.5,,3.0,LFQA0,10.9
4219508,9.2,57.5,0.0,2.0,23.200000000000003,,17.0,LFQA0,10.9
4219526,15.7,86.0,0.0,0.4,4.5,,5.0,LFQA0,10.9
4219175,14.2,78.5,0.0,0.1,6.5,,3.0,LFQA0,10.9
4513012,19.4,95.5,1.1,5.6,4.5,,8.0,LFQA0,10.9
4513882,29.2,49.0,0.0,0.0,15.700000000000001,,,LFQA0,10.9
4513895,17.75,85.0,0.0,0.0,10.3,,3.0,LFQA0,10.9
4513957,14.15,88.5,1.3,1.7,19.450000000000003,,9.0,LFQA0,10.9
4513984,15.55,87.5,0.0,0.0,7.6,,3.0,LFQA0,10.9
4514073,8.75,62.5,0.0,0.0,14.799999999999999,,3.0,LFQA0,10.9
4514074,-0.10000000000000003,94.0,0.0,0.0,13.0,,3.0,LFQA0,10.9
4514094,4.05,90.0,0.0,0.0,12.1,,7.0,LFQA0,10.9
4514113,0.15000000000000002,96.5,0.0,0.0,7.6,,3.0,LFQA0,10.9
4513836,-1.0,93.0,0.0,0.0,7.6,,5.0,LFQA0,10.9
4513852,2.5,84.0,0.0,0.0,6.5,,1.0,LFQA0,10.9
4513919,4.0,72.5,0.0,0.0,17.5,,3.0,LFQA0,10.9
4513941,15.0,55.5,0.0,0.0,6.0,,3.0,LFQA0,10.9
4514043,12.0,56.0,0.0,0.0,18.5,,2.0,LFQA0,10.9
4514053,15.5,31.5,0.0,0.0,21.5,,1.0,LFQA0,10.9
4514125,,,,,,,,LFQA0,10.9
4514146,13.0,58.5,0.0,0.0,8.5,,1.0,LFQA0,10.9
3625839,24.15,55.0,0.0,0.0,27.7,44.5,3.0,07015,25.5
3625858,18.1,67.5,0.0,0.0,22.3,35.2,4.0,07015,25.5
3625878,22.7,48.0,0.0,0.0,13.9,31.0,3.0,07015,25.5
3625887,14.05,73.0,0.0,0.0,0.9,7.4,2.0,07015,25.5
3625907,13.95,95.0,0.4,4.6,16.6,27.8,7.0,07015,25.5
3625926,13.5,61.5,0.0,0.0,18.4,27.8,1.0,07015,25.5
3625947,4.35,95.0,0.0,0.0,10.3,17.0,2.0,07015,25.5
3625967,4.9,92.5,0.4,2.4,18.55,31.0,7.0,07015,25.5
3625987,3.2,87.5,0.0,0.0,16.6,29.6,3.0,07015,25.5
3626020,7.1,95.0,3.4,4.6,27.75,81.0,8.0,07015,25.5
3626040,4.55,90.0,0.0,0.0,9.4,17.0,4.0,07015,25.5
3626059,10.100000000000001,68.0,0.0,0.0,32.4,42.6,4.0,07015,25.5
3626067,7.0,72.5,0.2,0.0,42.65,57.4,7.0,07015,25.5
3626087,10.1,74.0,0.0,0.0,17.5,31.5,5.0,07015,25.5
3626108,14.0,34.5,0.0,0.0,28.799999999999997,37.0,1.0,07015,25.5
3626130,11.9,46.0,0.0,0.0,13.0,26.0,4.0,07015,25.5
3626149,13.75,46.0,0.0,0.0,9.399999999999999,24.1,2.0,07015,25.5
3626168,13.7,50.0,0.0,0.0,22.3,41.0,3.0,07015,25.5
3626199,16.45,63.5,0.0,0.0,10.3,20.4,3.0,07015,25.5
3904390,24.65,31.0,0.0,0.0,17.5,27.8,2.0,07015,25.5
3904425,18.95,64.5,0.0,0.0,17.5,22.2,4.0,07015,25.5
3904435,22.6,54.0,0.0,0.0,15.7,20.4,4.0,07015,25.5
3904506,15.4,92.0,0.0,2.0,16.6,31.5,7.0,07015,25.5
3904577,11.55,90.5,0.0,4.800000000000001,7.6,15.0,3.0,07015,25.5
3904596,13.399999999999999,76.0,0.0,0.0,11.2,24.1,3.0,07015,25.5
3904617,15.15,87.5,0.0,0.0,6.5,9.3,4.0,07015,25.5
3904637,9.5,100.0,0.0,0.0,5.6,7.4,5.0,07015,25.5
3904657,10.95,93.0,1.4,2.4,19.450000000000003,31.5,7.0,07015,25.5
3904677,12.0,95.5,0.5,1.7999999999999998,33.5,46.3,7.0,07015,25.5
3904456,7.8,81.5,0.0,0.0,22.3,35.0,4.0,07015,25.5
3904484,9.6,71.5,0.0,0.0,13.0,29.6,4.0,07015,25.5
3904535,6.95,82.0,0.0,0.0,12.1,31.5,4.0,07015,25.5
3904556,12.100000000000001,82.5,0.0,1.0,15.7,26.0,7.0,07015,25.5
3904688,7.85,79.0,0.0,0.0,10.3,22.2,3.0,07015,25.5
3904709,10.3,86.5,0.0,0.0,12.1,18.5,3.0,07015,25.5
3904728,16.4,77.0,0.0,0.0,6.5,14.8,4.0,07015,25.5
3904736,14.8,84.5,0.0,0.7,10.3,29.6,4.0,07015,25.5
3904757,17.6,61.5,0.0,0.0,18.55,25.9,1.0,07015,25.5
4219271,23.200000000000003,61.0,0.0,0.0,15.700000000000001,30.0,3.0,07015,25.5
4219300,21.25,75.5,0.0,0.0,8.5,16.7,7.0,07015,25.5
4219304,19.9,49.5,0.0,0.0,23.200000000000003,33.3,2.0,07015,25.5
4219324,25.55,42.0,0.0,0.0,11.2,18.0,2.0,07015,25.5
4219342,13.05,92.5,1.2000000000000002,1.6,28.6,40.8,7.0,07015,25.5
4219359,7.6,95.5,0.0,0.0,10.3,18.5,7.0,07015,25.5
4219378,1.35,88.0,0.2,0.2,10.100000000000001,14.8,12.0,07015,25.5
4219396,9.75,90.0,0.0,0.0,22.3,37.0,4.0,07015,25.5
4219195,1.1,92.5,0.0,0.0,11.2,18.5,4.0,07015,25.5
4219225,11.7,90.5,1.3,0.0,5.6,46.3,7.0,07015,25.5
4219243,8.5,78.0,0.0,0.0,20.35,31.0,4.0,07015,25.5
4219415,10.5,74.0,0.2,0.0,16.6,44.5,4.0,07015,25.5
4219423,8.5,81.0,0.0,0.0,9.399999999999999,17.0,4.0,07015,25.5
4219441,20.6,50.0,0.0,0.0,27.7,52.0,2.0,07015,25.5
4219509,6.65,82.0,0.4,0.0,20.5,27.8,4.0,07015,25.5
4219527,12.2,65.5,0.0,0.0,4.7,14.8,3.0,07015,25.5
4219176,16.8,62.5,0.0,0.0,14.8,22.2,3.0,07015,25.5
4513872,20.0,50.5,0.0,0.0,22.3,31.5,3.0,07015,25.5
4513886,15.65,70.5,0.0,0.0,11.2,17.0,3.0,07015,25.5
4513905,14.4,51.0,0.0,0.0,14.8,28.0,3.0,07015,25.5
4513977,14.05,96.0,0.1,0.0,9.399999999999999,11.1,4.0,07015,25.5
4513990,8.3,99.0,0.2,0.0,4.5,9.3,5.0,07015,25.5
4514066,7.0,72.5,0.4,0.0,35.3,59.3,7.0,07015,25.5
4514088,7.05,90.0,0.0,0.4,24.1,33.3,7.0,07015,25.5
4514103,11.9,89.5,0.0,2.6,32.6,61.1,7.0,07015,25.5
4513831,0.0,100.0,0.0,0.0,7.6,11.1,5.0,07015,25.5
4513844,5.0,90.0,1.1,0.7,35.3,53.7,7.0,07015,25.5
4513916,2.5,72.5,0.0,0.0,16.6,22.2,3.0,07015,25.5
4513936,4.0,84.0,0.0,0.0,5.4,16.7,4.0,07015,25.5
4514033,4.0,72.5,,,15.700000000000001,22.2,4.0,07015,25.5
4514051,15.0,32.0,0.0,0.0,24.1,38.9,1.0,07015,25.5
4514062,17.0,45.0,0.0,0.0,11.2,21.0,2.0,07015,25.5
4514132,21.0,44.5,0.0,0.0,13.0,25.9,3.0,07015,25.5
4513024,13.0,60.5,0.0,0.0,15.7,31.5,2.0,07015,25.5
4830461,20.9,69.0,0.0,0.0,19.5,38.9,4.0,07015,25.5
4830478,15.45,81.5,,,12.05,18.5,8.0,07015,25.5
4830497,,,,,,,,07015,25.5
4830522,,,,,,,,07015,25.5
4830533,,,,,,,,07015,25.5
4830550,,,,,,,,07015,25.5
4830568,,,,,,,,07015,25.5
4830595,,,,,,,,07015,25.5
4830612,,,,,,,,07015,25.5
4830630,,,,,,,,07015,25.5
4830642,,,,,,,,07015,25.5
4830659,,,,,,,,07015,25.5
4830676,,,,,,,,07015,25.5
4830693,,,,,,,,07015,25.5
4830720,,,,,,,,07015,25.5
4830749,,,,,,,,07015,25.5
4830712,,,,,,,,07015,25.5
3625842,28.0,50.5,0.0,0.0,10.3,21.0,1.0,07650,24.1
3625860,22.4,45.5,0.0,0.0,28.799999999999997,44.5,1.0,07650,24.1
3625879,22.8,44.0,0.0,0.0,28.6,50.0,4.0,07650,24.1
3625900,21.35,78.0,0.0,0.0,5.6000000000000005,15.0,3.0,07650,24.1
3625920,16.1,83.0,0.0,0.0,4.5,11.1,1.0,07650,24.1
3625929,16.200000000000003,72.5,0.0,0.0,12.100000000000001,21.0,2.0,07650,24.1
3625950,14.899999999999999,53.0,0.0,0.0,23.2,33.0,1.0,07650,24.1
3625970,5.95,68.5,0.0,0.0,29.7,42.6,3.0,07650,24.1
3625990,11.45,84.5,0.0,1.4,12.950000000000001,25.9,4.0,07650,24.1
3626010,9.1,73.5,0.0,0.0,12.1,26.0,3.0,07650,24.1
3626027,8.05,39.0,0.0,0.0,22.3,25.9,1.0,07650,24.1
3626048,8.75,79.5,0.0,0.0,15.700000000000001,27.8,3.0,07650,24.1
3626070,11.25,71.0,0.0,0.0,24.1,38.9,2.0,07650,24.1
3626090,7.9,69.0,0.0,0.0,4.7,14.8,2.0,07650,24.1
3626110,13.45,43.0,0.0,0.4,8.3,29.6,4.0,07650,24.1
3626132,10.5,60.5,0.0,0.0,6.5,18.5,1.0,07650,24.1
3626151,14.55,79.0,,1.8,12.1,24.1,7.0,07650,24.1
3626170,19.85,53.5,0.0,0.0,16.75,31.0,2.0,07650,24.1
3626202,21.0,81.0,0.0,0.0,13.0,13.0,2.0,07650,24.1
3904389,28.9,53.0,0.0,0.0,22.3,39.0,1.0,07650,24.1
3904415,27.4,44.5,0.0,0.0,29.7,50.0,1.0,07650,24.1
3904434,26.3,62.5,0.0,0.0,25.9,31.5,2.0,07650,24.1
3904504,22.8,58.0,0.0,0.0,22.3,33.3,2.0,07650,24.1
3904517,23.7,40.0,0.0,0.0,12.100000000000001,27.8,1.0,07650,24.1
3904587,21.4,68.0,0.0,1.4,10.3,18.0,7.0,07650,24.1
3904607,21.15,81.5,0.0,0.0,18.55,27.8,2.0,07650,24.1
3904627,11.65,84.0,0.0,0.0,6.5,11.1,2.0,07650,24.1
3904646,13.75,84.0,0.0,0.0,8.3,22.2,4.0,07650,24.1
3904676,8.600000000000001,76.0,0.0,0.0,5.4,18.5,4.0,07650,24.1
3904445,0.55,78.5,0.0,0.0,8.3,16.7,2.0,07650,24.1
3904464,9.2,61.0,0.0,0.0,21.25,46.3,1.0,07650,24.1
3904529,5.0,61.5,0.0,0.0,21.25,55.5,7.0,07650,24.1
3904549,13.850000000000001,68.0,0.0,0.0,4.7,20.4,2.0,07650,24.1
3904567,15.149999999999999,58.0,0.0,0.0,37.95,46.3,2.0,07650,24.1
3904695,14.0,56.5,0.0,0.0,34.4,63.0,2.0,07650,24.1
3904714,18.6,64.5,0.0,0.0,12.100000000000001,35.0,2.0,07650,24.1
3904734,20.9,45.5,0.0,0.0,35.1,67.0,3.0,07650,24.1
3904756,22.0,67.0,0.0,0.0,12.100000000000001,14.8,2.0,07650,24.1
4219154,27.9,53.5,0.0,0.0,16.6,28.0,2.0,07650,24.1
4219277,25.700000000000003,84.0,1.4,0.1,6.5,24.1,7.0,07650,24.1
4219295,30.950000000000003,43.0,0.0,0.0,31.7,48.0,4.0,07650,24.1
4219321,24.95,42.0,0.0,0.0,5.4,20.4,1.0,07650,24.1
4219349,15.7,86.0,0.0,0.0,26.799999999999997,41.0,4.0,07650,24.1
4219374,1.2999999999999998,80.0,0.0,0.0,2.7,18.5,1.0,07650,24.1
4219338,4.3,77.5,0.0,0.0,11.0,26.0,1.0,07650,24.1
4219392,9.4,70.5,0.0,0.0,2.7,11.1,1.0,07650,24.1
4219192,2.05,81.0,0.0,0.0,13.0,17.0,1.0,07650,24.1
4219202,8.2,85.5,0.0,0.0,6.5,11.0,1.0,07650,24.1
4219221,13.85,88.5,0.0,5.1000000000000005,26.799999999999997,44.0,7.0,07650,24.1
4219240,11.850000000000001,86.0,0.6000000000000001,2.2,19.45,40.8,9.0,07650,24.1
4219411,11.55,81.0,0.0,0.0,10.3,29.6,3.0,07650,24.1
4219428,13.9,90.0,5.800000000000001,0.5,42.5,64.8,9.0,07650,24.1
4219497,11.75,47.0,0.0,0.0,40.85,66.7,2.0,07650,24.1
4219516,14.399999999999999,88.0,0.0,0.0,8.5,29.6,4.0,07650,24.1
4219544,18.950000000000003,60.0,0.0,0.0,9.4,14.8,3.0,07650,24.1
4513874,25.95,46.0,0.0,0.0,20.5,27.8,2.0,07650,24.1
4513891,21.6,40.5,0.0,0.0,37.1,68.5,2.0,07650,24.1
4513954,15.55,60.0,0.0,0.0,35.3,52.0,1.0,07650,24.1
4513978,19.85,72.5,0.0,0.0,13.0,16.7,4.0,07650,24.1
4513985,17.45,67.5,0.0,0.0,6.5,13.0,4.0,07650,24.1
4514080,8.5,87.0,0.0,0.0,11.0,13.0,4.0,07650,24.1
4514099,9.100000000000001,84.0,0.2,0.2,6.5,18.5,2.0,07650,24.1
4514107,14.4,76.0,0.0,0.0,33.5,44.5,4.0,07650,24.1
4513830,10.0,62.0,0.0,0.0,5.6,9.3,4.0,07650,24.1
4513848,7.5,73.5,0.0,0.0,18.4,13.0,4.0,07650,24.1
4513914,12.0,54.5,0.0,0.0,7.3999999999999995,33.3,2.0,07650,24.1
4513932,10.0,64.5,0.0,0.0,8.2,9.3,4.0,07650,24.1
4513948,13.5,54.5,0.0,0.0,24.1,37.0,3.0,07650,24.1
4514046,15.75,79.0,0.0,0.0,14.0,30.0,1.0,07650,24.1
4514124,13.75,78.5,,,21.299999999999997,33.3,7.0,07650,24.1
4514135,16.7,73.5,0.0,1.2,8.0,20.0,4.0,07650,24.1
4513017,18.0,62.0,0.0,0.0,12.0,20.4,1.0,07650,24.1
4830471,30.0,27.5,0.0,0.0,29.5,42.6,1.0,07650,24.1
4830488,19.95,68.0,,,13.9,29.6,2.0,07650,24.1
4830499,,,,,,,,07650,24.1
4830524,,,,,,,,07650,24.1
4830541,,,,,,,,07650,24.1
4830561,,,,,,,,07650,24.1
4830579,,,,,,,,07650,24.1
4830597,,,,,,,,07650,24.1
4830606,,,,,,,,07650,24.1
4830624,,,,,,,,07650,24.1
4830651,,,,,,,,07650,24.1
4830668,,,,,,,,07650,24.1
4830686,,,,,,,,07650,24.1
4830695,,,,,,,,07650,24.1
4830714,,,,,,,,07650,24.1
4830733,,,,,,,,07650,24.1
4830759,,,,,,,,07650,24.1
3904393,31.5,30.5,0.0,0.0,13.9,35.0,1.0,07630,7.8
3904418,28.25,42.5,0.0,0.0,19.45,31.5,3.0,07630,7.8
3904438,25.8,57.0,0.0,0.0,14.8,29.6,3.0,07630,7.8
3904509,32.4,27.0,0.0,0.0,8.5,22.2,1.0,07630,7.8
3904579,22.75,57.0,0.0,0.0,9.399999999999999,16.7,3.0,07630,7.8
3904599,25.45,59.0,0.0,0.0,32.6,59.0,4.0,07630,7.8
3904609,27.7,29.0,0.0,0.0,20.35,35.2,3.0,07630,7.8
3904629,20.3,36.0,0.0,0.0,13.9,30.0,2.0,07630,7.8
3904660,14.45,78.5,0.0,0.0,24.1,52.0,3.0,07630,7.8
3904680,7.6499999999999995,80.5,0.0,1.2000000000000002,16.6,33.3,4.0,07630,7.8
3904459,6.300000000000001,70.5,0.0,0.0,11.2,18.0,4.0,07630,7.8
3904479,12.4,49.5,0.0,0.0,15.700000000000001,33.0,2.0,07630,7.8
3904488,11.65,79.5,0.0,0.0,6.5,16.7,4.0,07630,7.8
3904539,12.95,44.0,0.0,0.0,13.9,30.0,2.0,07630,7.8
3904559,12.55,79.0,4.0,0.0,18.55,27.8,18.0,07630,7.8
3904700,11.5,88.0,2.6,4.4,31.5,44.5,7.0,07630,7.8
3904719,19.15,44.0,0.0,0.0,4.5,11.1,4.0,07630,7.8
3904740,19.6,59.0,0.0,0.1,27.0,48.0,4.0,07630,7.8
3904760,26.0,45.0,0.0,0.0,6.5,20.4,3.0,07630,7.8
4219265,31.2,50.0,0.0,0.0,10.3,16.7,2.0,07630,7.8
4219283,28.6,38.0,0.0,0.0,22.15,57.0,2.0,07630,7.8
4219312,32.35,34.5,0.0,0.0,16.6,29.6,1.0,07630,7.8
4219329,19.1,46.5,0.0,0.0,22.15,31.5,3.0,07630,7.8
4219348,16.0,55.5,0.0,0.0,30.6,54.0,3.0,07630,7.8
4219373,9.0,38.5,0.0,0.0,14.8,26.0,2.0,07630,7.8
4219391,5.8,88.5,0.0,0.0,6.5,14.8,2.0,07630,7.8
4219402,7.199999999999999,85.5,0.0,0.2,20.35,33.3,4.0,07630,7.8
4219201,11.9,79.5,0.0,0.0,34.4,59.3,4.0,07630,7.8
4219220,10.95,66.0,0.0,0.0,32.4,55.0,3.0,07630,7.8
4219239,8.7,93.5,1.8,7.7,18.4,37.0,8.0,07630,7.8
4219247,9.75,64.5,0.0,0.0,29.7,59.3,4.0,07630,7.8
4219419,14.2,74.5,0.0,0.0,10.3,21.0,3.0,07630,7.8
4219437,17.5,69.5,0.0,0.0,38.9,44.5,3.0,07630,7.8
4219505,15.25,35.5,0.0,0.0,30.6,46.0,2.0,07630,7.8
4219522,16.6,54.5,0.0,0.0,11.2,33.3,4.0,07630,7.8
4219170,14.649999999999999,85.5,0.4,0.8,3.6,18.5,18.0,07630,7.8
4513009,25.049999999999997,46.0,0.0,0.0,29.5,46.0,2.0,07630,7.8
4513883,25.75,55.5,0.0,0.0,16.6,13.0,4.0,07630,7.8
4513888,20.65,41.5,0.0,0.0,22.3,35.0,1.0,07630,7.8
4513908,21.7,35.0,0.0,0.0,10.3,20.4,2.0,07630,7.8
4513959,22.6,57.0,0.0,0.0,10.3,18.5,3.0,07630,7.8
4513968,19.75,72.5,0.0,0.0,19.45,37.0,2.0,07630,7.8
4514082,13.0,82.5,0.0,0.0,5.0,14.8,3.0,07630,7.8
4514096,5.75,90.5,0.0,0.0,5.4,22.2,4.0,07630,7.8
4514110,2.1,67.5,0.0,0.0,18.55,33.3,4.0,07630,7.8
4513841,11.0,73.5,0.0,0.0,22.3,40.8,4.0,07630,7.8
4513854,11.0,54.0,0.0,0.0,6.5,19.0,3.0,07630,7.8
4513913,7.5,49.0,0.0,0.0,21.4,39.0,3.0,07630,7.8
4513943,12.0,82.0,0.0,0.0,35.3,57.4,4.0,07630,7.8
4514041,16.0,42.0,0.0,0.0,27.0,33.3,4.0,07630,7.8
4514055,16.9,68.5,0.0,0.0,26.0,45.0,4.0,07630,7.8
4514143,22.65,62.0,0.0,0.0,11.5,29.6,4.0,07630,7.8
4514152,17.0,77.0,0.0,0.0,29.5,51.8,4.0,07630,7.8
4830475,33.0,19.0,0.0,0.0,6.0,23.0,1.0,07630,7.8
4830484,23.0,65.0,0.0,0.0,6.5,13.0,4.0,07630,7.8
4830511,,,,,,,,07630,7.8
4830529,,,,,,,,07630,7.8
4830547,,,,,,,,07630,7.8
4830556,,,,,,,,07630,7.8
4830574,,,,,,,,07630,7.8
4830592,,,,,,,,07630,7.8
4830610,,,,,,,,07630,7.8
4830619,,,,,,,,07630,7.8
4830637,,,,,,,,07630,7.8
4830664,,,,,,,,07630,7.8
4830682,,,,,,,,07630,7.8
4830700,,,,,,,,07630,7.8
4830718,,,,,,,,07630,7.8
4830736,,,,,,,,07630,7.8
4830754,,,,,,,,07630,7.8
3904399,31.4,50.5,0.0,0.0,16.6,27.8,2.0,07761,2.2
3904419,25.25,73.0,0.0,0.0,6.5,13.0,2.0,07761,2.2
3904490,29.95,62.5,0.0,0.0,19.45,25.9,2.0,07761,2.2
3904500,28.75,49.5,0.0,0.0,22.3,29.6,2.0,07761,2.2
3904571,25.55,59.0,0.0,0.0,14.8,20.4,3.0,07761,2.2
3904601,20.85,59.0,0.0,0.0,10.3,20.4,4.0,07761,2.2
3904621,17.75,44.5,0.0,0.0,14.05,24.1,2.0,07761,2.2
3904641,16.9,71.0,0.0,0.0,6.5,15.0,2.0,07761,2.2
3904661,12.6,77.5,0.1,0.0,5.6,20.4,4.0,07761,2.2
3904440,11.3,57.0,0.0,0.0,5.6,14.8,2.0,07761,2.2
3904460,15.95,66.5,0.0,0.0,13.9,22.2,3.0,07761,2.2
3904521,10.0,72.5,0.2,1.7,25.0,35.0,7.0,07761,2.2
3904541,17.9,69.0,0.0,0.0,16.6,25.9,2.0,07761,2.2
3904551,17.65,65.5,0.0,0.0,15.700000000000001,21.0,3.0,07761,2.2
3904681,17.3,64.0,0.0,0.0,19.45,25.9,2.0,07761,2.2
3904701,20.200000000000003,66.5,0.0,0.0,13.0,27.8,3.0,07761,2.2
3904721,21.75,63.5,0.0,0.0,11.899999999999999,31.5,3.0,07761,2.2
3904741,19.5,78.0,0.0,0.0,9.4,22.2,4.0,07761,2.2
3904761,21.549999999999997,66.5,0.0,0.0,5.6,16.7,3.0,07761,2.2
3904400,24.35,63.5,0.3,0.0,22.15,27.8,4.0,07168,68.2
3904420,24.75,42.0,0.0,0.0,13.0,37.0,2.0,07168,68.2
3904491,24.85,54.0,0.0,0.2,18.55,31.0,4.0,07168,68.2
3904510,11.0,78.5,0.0,0.0,10.3,24.1,4.0,07168,68.2
3904572,19.35,77.5,0.2,0.4,30.6,35.2,7.0,07168,68.2
3904591,21.7,74.5,0.0,0.0,10.3,25.9,3.0,07168,68.2
3904611,22.1,47.0,0.0,0.0,11.2,29.6,2.0,07168,68.2
3904642,10.9,78.5,0.0,0.0,24.1,33.3,4.0,07168,68.2
3904662,8.0,82.5,0.0,0.0,21.4,28.0,4.0,07168,68.2
3904441,2.4,73.0,0.0,0.0,13.0,22.0,3.0,07168,68.2
3904461,8.25,65.5,0.0,0.1,29.5,48.0,4.0,07168,68.2
3904480,12.149999999999999,89.5,0.0,0.0,18.4,29.6,4.0,07168,68.2
3904542,8.2,62.5,0.0,0.0,8.5,14.8,4.0,07168,68.2
3904561,13.1,66.5,0.0,1.0,30.6,46.0,17.0,07168,68.2
3904691,9.5,76.5,0.0,0.0,13.9,25.9,4.0,07168,68.2
3904702,15.05,84.0,0.0,2.1,16.6,31.0,7.0,07168,68.2
3904722,19.65,74.5,0.0,0.30000000000000004,13.0,29.6,7.0,07168,68.2
3904742,19.549999999999997,76.0,0.0,0.0,15.700000000000001,28.0,4.0,07168,68.2
3904762,18.95,58.0,0.0,0.0,9.4,20.4,3.0,07168,68.2
4513013,19.15,78.0,0.0,0.0,16.6,29.6,4.0,07168,68.2
4513884,14.85,51.0,0.0,0.0,6.5,24.0,3.0,07168,68.2
4513904,12.35,91.5,2.0,0.2,15.850000000000001,40.8,25.0,07168,68.2
4513958,18.799999999999997,74.5,0.0,0.0,18.4,35.0,4.0,07168,68.2
4513967,9.15,84.5,0.0,0.0,4.5,13.0,4.0,07168,68.2
4514072,16.45,64.0,0.0,0.0,28.8,48.2,3.0,07168,68.2
4514084,5.449999999999999,90.0,0.0,0.0,7.6,20.4,4.0,07168,68.2
4514095,2.3,95.0,0.2,0.0,9.399999999999999,17.0,4.0,07168,68.2
4514112,-0.39999999999999997,96.0,0.0,0.0,1.8,11.1,5.0,07168,68.2
4513843,12.5,67.0,0.0,0.1,25.0,37.0,4.0,07168,68.2
4513857,8.5,66.5,0.0,0.0,8.5,16.7,4.0,07168,68.2
4513928,8.0,90.0,0.0,0.0,10.3,20.4,4.0,07168,68.2
4513937,11.0,47.0,0.0,0.0,12.100000000000001,29.6,2.0,07168,68.2
4514038,13.2,76.5,0.0,0.2,17.5,30.0,4.0,07168,68.2
4514057,10.9,83.5,0.0,0.2,8.0,20.4,4.0,07168,68.2
4514145,16.2,47.0,0.0,0.0,18.0,38.0,4.0,07168,68.2
4514147,15.2,65.5,0.0,0.0,10.2,18.5,4.0,07168,68.2
4830459,26.85,37.5,0.0,0.0,18.0,35.0,2.0,07168,68.2
4830485,,,,,,,,07168,68.2
4830494,,,,,,,,07168,68.2
4830512,,,,,,,,07168,68.2
4830531,,,,,,,,07168,68.2
4830548,,,,,,,,07168,68.2
4830566,,,,,,,,07168,68.2
4830584,,,,,,,,07168,68.2
4830594,,,,,,,,07168,68.2
4830620,,,,,,,,07168,68.2
4830639,,,,,,,,07168,68.2
4830657,,,,,,,,07168,68.2
4830674,,,,,,,,07168,68.2
4830692,,,,,,,,07168,68.2
4830710,,,,,,,,07168,68.2
4830737,,,,,,,,07168,68.2
4830747,,,,,,,,07168,68.2
4219272,20.6,72.0,0.0,0.0,14.8,24.1,2.0,07028,7.7
4219289,28.25,53.0,0.0,0.0,10.3,25.9,2.0,07028,7.7
4219306,19.5,57.0,0.0,0.0,22.3,38.9,2.0,07028,7.7
4219318,25.15,57.0,0.0,0.0,10.3,20.4,2.0,07028,7.7
4219336,14.5,86.5,0.0,0.2,12.1,46.3,3.0,07028,7.7
4219360,8.850000000000001,88.5,0.0,0.6,14.8,31.5,3.0,07028,7.7
4219380,5.949999999999999,85.0,0.0,4.0,33.5,57.4,4.0,07028,7.7
4219398,8.6,86.0,0.0,0.0,9.399999999999999,20.4,4.0,07028,7.7
4219197,1.0499999999999998,94.0,0.0,0.0,8.3,29.6,5.0,07028,7.7
4219226,9.1,91.0,0.4,1.3,26.8,57.4,4.0,07028,7.7
4219244,7.0,93.5,4.5,0.4,32.6,53.7,8.0,07028,7.7
4219416,8.75,84.5,0.0,0.0,5.4,16.7,3.0,07028,7.7
4219434,15.0,61.0,0.7,0.0,19.5,31.5,7.0,07028,7.7
4219502,12.05,82.5,0.0,0.0,8.5,24.1,3.0,07028,7.7
4219511,9.6,64.0,0.0,0.0,24.1,46.3,3.0,07028,7.7
4219528,15.950000000000001,58.5,0.0,0.0,13.0,20.4,2.0,07028,7.7
4219177,15.350000000000001,79.5,0.0,0.0,11.2,24.1,5.0,07028,7.7
4513014,19.15,97.5,0.5,3.1,3.6,24.1,4.0,07028,7.7
4513881,25.1,66.0,0.0,0.0,18.55,24.1,2.0,07028,7.7
4513907,12.75,61.5,0.0,0.0,4.5,16.7,2.0,07028,7.7
4513960,17.049999999999997,93.0,0.2,0.5,41.6,72.2,4.0,07028,7.7
4513970,9.649999999999999,87.5,0.0,0.0,13.0,27.8,4.0,07028,7.7
4513988,11.850000000000001,81.0,0.0,0.0,5.6,13.0,4.0,07028,7.7
4514076,13.0,88.0,0.0,0.5,15.0,40.8,3.0,07028,7.7
4514093,11.0,97.0,0.0,0.7,24.1,38.9,5.0,07028,7.7
4514114,4.35,79.5,0.0,0.2,5.4,11.1,3.0,07028,7.7
4513842,8.5,78.5,1.7999999999999998,1.4000000000000001,37.1,83.3,4.0,07028,7.7
4513920,4.5,75.5,0.0,0.0,13.0,29.6,4.0,07028,7.7
4513923,12.0,72.0,0.0,0.0,23.200000000000003,51.8,4.0,07028,7.7
4513940,14.5,59.0,0.0,0.0,13.9,31.5,4.0,07028,7.7
4514039,11.0,85.0,0.0,0.0,20.35,31.5,2.0,07028,7.7
4514056,12.5,74.5,0.0,0.0,13.0,35.2,4.0,07028,7.7
4514128,14.5,69.5,0.0,0.0,20.35,31.5,4.0,07028,7.7
4514149,18.0,44.0,0.0,0.0,12.1,35.2,2.0,07028,7.7
4830467,22.549999999999997,50.0,0.0,0.0,9.3,22.2,2.0,07028,7.7
4830477,17.45,74.5,,,18.5,40.8,3.0,07028,7.7
4830496,,,,,,,,07028,7.7
4830514,,,,,,,,07028,7.7
4830539,,,,,,,,07028,7.7
4830558,,,,,,,,07028,7.7
4830576,,,,,,,,07028,7.7
4830586,,,,,,,,07028,7.7
4830603,,,,,,,,07028,7.7
4830622,,,,,,,,07028,7.7
4830641,,,,,,,,07028,7.7
4830647,,,,,,,,07028,7.7
4830665,,,,,,,,07028,7.7
4830684,,,,,,,,07028,7.7
4830703,,,,,,,,07028,7.7
4830730,,,,,,,,07028,7.7
4830748,,,,,,,,07028,7.7
3646991,20.5,66.5,,,16.6,37.0,2.0,08536,2.4
3647009,22.0,73.5,,,22.3,37.0,2.0,08536,2.4
3647027,23.0,71.5,,,10.3,20.4,2.0,08536,2.4
3647045,19.5,78.0,,,21.4,20.4,2.0,08536,2.4
3647063,18.5,54.0,,,17.5,20.4,2.0,08536,2.4
3647072,20.5,97.0,,,31.5,40.8,18.0,08536,2.4
3647090,12.5,88.0,,,13.0,31.5,3.0,08536,2.4
3647108,12.5,88.0,,,13.9,22.2,2.0,08536,2.4
3647126,13.149999999999999,93.0,,,4.85,9.3,2.0,08536,2.4
3647154,10.6,62.5,,,16.6,22.2,1.0,08536,2.4
3647175,12.6,56.0,,,12.45,20.4,1.0,08536,2.4
3647195,15.25,46.5,,,13.3,24.1,1.0,08536,2.4
3647215,10.25,88.0,,1.0,15.3,18.5,2.0,08536,2.4
3647235,12.2,52.5,,,11.9,29.6,2.0,08536,2.4
3647252,15.5,74.5,,,27.7,35.2,3.0,08536,2.4
3647273,15.0,69.5,,,25.0,40.8,2.0,08536,2.4
3647290,18.0,83.0,,,25.9,33.3,2.0,08536,2.4
3937365,21.0,69.0,0.0,0.0,21.25,33.3,2.0,08536,2.4
3937387,21.5,71.5,0.0,0.0,15.700000000000001,22.2,2.0,08536,2.4
3937434,28.0,48.0,0.0,0.0,10.3,29.6,2.0,08536,2.4
3937407,17.5,52.0,0.0,0.0,23.200000000000003,31.5,2.0,08536,2.4
3937452,17.0,94.0,0.6,0.3,14.8,31.5,18.0,08536,2.4
3937466,14.5,79.5,0.0,0.0,15.700000000000001,14.8,1.0,08536,2.4
3937484,16.0,91.0,0.0,0.0,20.5,31.5,3.0,08536,2.4
3937500,12.5,97.0,0.0,0.0,8.3,25.9,2.0,08536,2.4
3937541,9.5,76.0,0.0,0.0,10.1,11.1,1.0,08536,2.4
3937515,13.5,69.5,0.0,0.0,13.0,24.1,3.0,08536,2.4
3937582,10.0,73.5,0.0,0.0,11.2,20.4,3.0,08536,2.4
3937589,15.5,74.5,0.0,0.0,6.5,14.8,3.0,08536,2.4
3937570,16.0,91.0,0.0,0.0,15.700000000000001,29.6,3.0,08536,2.4
3937596,22.0,39.5,0.0,0.0,25.0,27.8,1.0,08536,2.4
3937611,19.0,64.0,0.0,0.0,24.1,35.2,2.0,08536,2.4
3937656,17.5,54.0,0.0,0.0,27.7,37.0,1.0,08536,2.4
3937635,19.5,44.5,0.0,2.3000000000000003,20.35,25.9,3.0,08536,2.4
4233282,23.0,52.0,0.0,0.0,22.3,38.9,1.0,08536,2.4
4233267,19.5,60.0,0.0,0.0,38.900000000000006,48.2,2.0,08536,2.4
4233325,19.0,78.0,0.0,0.8999999999999999,8.5,27.8,3.0,08536,2.4
4233332,22.5,65.0,0.0,0.0,20.5,25.9,2.0,08536,2.4
4233311,27.0,38.0,0.0,0.0,13.0,22.2,1.0,08536,2.4
4233364,12.5,85.0,0.0,0.0,4.5,22.2,2.0,08536,2.4
4233353,13.0,82.0,0.0,0.0,8.5,16.7,3.0,08536,2.4
4233395,9.0,87.0,0.0,0.0,4.5,16.7,1.0,08536,2.4
4233414,11.0,79.0,0.0,0.0,7.4,29.6,2.0,08536,2.4
4233440,14.0,94.0,0.0,0.0,2.7,18.5,2.0,08536,2.4
4233428,17.0,97.0,4.5,1.0999999999999999,15.7,38.9,7.0,08536,2.4
4233490,13.0,88.0,0.0,0.0,13.0,27.8,3.0,08536,2.4
4233469,18.5,68.0,0.0,0.0,7.6,14.8,3.0,08536,2.4
4233526,16.0,82.0,0.0,0.5,6.5,14.8,3.0,08536,2.4
4233506,19.0,58.5,0.0,0.0,15.700000000000001,20.4,2.0,08536,2.4
4233511,17.5,94.0,1.4000000000000001,0.0,18.55,27.8,4.0,08536,2.4
4233589,17.5,57.5,0.0,0.0,22.3,38.9,2.0,08536,2.4
4539021,25.5,61.5,0.0,0.0,18.55,25.9,1.0,08536,2.4
4539222,19.5,85.5,,,24.1,27.8,2.0,08536,2.4
4539282,18.5,83.0,0.0,0.0,17.65,25.9,2.0,08536,2.4
4539287,21.5,85.5,0.0,0.0,15.7,22.2,3.0,08536,2.4
4539308,16.0,100.0,0.0,2.4,7.6,22.2,3.0,08536,2.4
4539391,16.0,94.0,0.0,0.0,4.5,14.8,3.0,08536,2.4
4539406,11.5,85.0,0.0,0.0,12.1,22.2,3.0,08536,2.4
4539424,10.0,76.0,0.0,0.0,9.4,18.5,1.0,08536,2.4
4539160,11.0,88.0,0.0,0.0,6.5,14.8,3.0,08536,2.4
4539172,11.5,71.5,0.0,0.0,33.3,42.6,3.0,08536,2.4
4539186,14.5,82.0,0.0,0.2,3.8,22.2,4.0,08536,2.4
4539241,11.5,82.0,0.0,2.3,13.9,22.2,2.0,08536,2.4
4539261,11.0,88.0,,,15.85,22.2,3.0,08536,2.4
4539311,16.5,79.5,0.0,0.0,14.0,20.4,2.0,08536,2.4
4539332,13.75,85.0,,,15.75,33.3,18.0,08536,2.4
4539349,15.5,85.0,0.0,0.8,12.0,33.3,3.0,08536,2.4
4539366,25.5,32.0,0.0,0.0,18.0,25.9,2.0,08536,2.4
4844176,20.799999999999997,75.5,,,17.6,29.6,1.0,08536,2.4
4844195,,,,,,,,08536,2.4
4844213,,,,,,,,08536,2.4
4844231,,,,,,,,08536,2.4
4844246,,,,,,,,08536,2.4
4844264,,,,,,,,08536,2.4
4844281,,,,,,,,08536,2.4
4844302,,,,,,,,08536,2.4
4844314,,,,,,,,08536,2.4
4844332,,,,,,,,08536,2.4
4844353,,,,,,,,08536,2.4
4844368,,,,,,,,08536,2.4
4844408,,,,,,,,08536,2.4
4844426,,,,,,,,08536,2.4
4844394,,,,,,,,08536,2.4
4844445,,,,,,,,08536,2.4
4844460,,,,,,,,08536,2.4
3646999,21.0,64.0,0.0,0.5,13.9,,,LPOV0,33.6
3647017,19.5,75.5,0.0,0.0,10.3,,,LPOV0,33.6
3647044,17.45,78.5,0.0,0.0,21.05,,,LPOV0,33.6
3647062,18.049999999999997,95.0,0.2,1.3,24.1,,,LPOV0,33.6
3647080,16.2,90.0,13.399999999999999,8.3,39.95,,,LPOV0,33.6
3647098,9.55,56.5,0.0,0.0,18.2,,,LPOV0,33.6
3647116,11.0,86.0,0.0,0.0,6.5,,,LPOV0,33.6
3647134,15.3,55.5,0.0,0.0,18.4,,,LPOV0,33.6
3647153,6.5,72.0,0.0,0.0,8.8,,,LPOV0,33.6
3647171,11.5,79.5,0.0,0.0,14.95,,,LPOV0,33.6
3647188,9.85,79.0,0.0,0.0,11.149999999999999,,,LPOV0,33.6
3647202,10.95,79.5,0.0,0.0,6.85,,,LPOV0,33.6
3647217,12.65,91.0,1.2,10.700000000000001,12.45,,,LPOV0,33.6
3647238,14.0,57.0,0.0,0.0,30.6,,,LPOV0,33.6
3647255,17.5,72.5,0.0,0.0,15.700000000000001,,,LPOV0,33.6
3647276,17.5,80.5,0.0,0.0,15.7,,,LPOV0,33.6
3647291,26.0,49.0,0.2,0.5,13.0,,,LPOV0,33.6
3937381,21.5,69.0,0.0,0.0,9.4,,2.0,LPOV0,33.6
3937391,22.5,67.0,0.0,0.0,9.4,,5.0,LPOV0,33.6
3937428,24.0,69.0,0.0,0.0,4.5,,3.0,LPOV0,33.6
3937404,28.5,41.0,0.0,0.0,12.1,,3.0,LPOV0,33.6
3937396,16.700000000000003,96.0,1.3,2.9,4.7,,9.0,LPOV0,33.6
3937442,15.55,92.0,1.7,3.5,13.0,,9.0,LPOV0,33.6
3937482,15.3,86.5,0.0,0.0,4.7,,3.0,LPOV0,33.6
3937487,15.0,94.0,0.7,18.700000000000003,14.8,,8.0,LPOV0,33.6
3937498,12.4,92.5,0.0,0.5,24.450000000000003,,3.0,LPOV0,33.6
3937539,5.5,93.0,0.0,0.0,1.9,,1.0,LPOV0,33.6
3937521,11.45,57.0,0.0,0.0,9.0,,3.0,LPOV0,33.6
3937526,10.0,82.0,0.6,0.4,13.9,,8.0,LPOV0,33.6
3937554,13.5,88.0,0.0,1.0,11.2,,3.0,LPOV0,33.6
3937601,20.5,51.0,0.0,0.0,10.3,,5.0,LPOV0,33.6
3937630,15.9,92.0,0.0,0.2,5.6,,3.0,LPOV0,33.6
3937651,17.25,90.5,0.0,0.0,13.9,,3.0,LPOV0,33.6
3937633,20.5,78.0,0.0,0.0,30.6,,3.0,LPOV0,33.6
4233283,18.5,88.0,0.0,0.0,11.2,,3.0,LPOV0,33.6
4233281,21.0,69.0,0.0,0.0,31.5,,1.0,LPOV0,33.6
4233277,21.0,78.0,3.2,4.3,27.7,,9.0,LPOV0,33.6
4233336,27.5,56.5,0.0,0.0,9.4,,1.0,LPOV0,33.6
4233314,14.649999999999999,92.5,1.5,2.9,20.700000000000003,,8.0,LPOV0,33.6
4233366,18.35,95.0,0.2,2.0,18.75,,7.0,LPOV0,33.6
4233356,16.25,91.5,0.0,0.1,18.75,,3.0,LPOV0,33.6
4233389,9.2,87.0,0.0,0.0,6.6499999999999995,,1.0,LPOV0,33.6
4233397,8.65,83.0,0.0,0.0,8.1,,3.0,LPOV0,33.6
4233443,15.3,62.0,0.0,0.0,17.3,,3.0,LPOV0,33.6
4233446,13.6,90.0,0.0,0.0,14.399999999999999,,3.0,LPOV0,33.6
4233482,9.5,83.0,5.4,11.5,39.75,,9.0,LPOV0,33.6
4233465,14.0,72.0,0.0,1.8000000000000003,16.6,,2.0,LPOV0,33.6
4233531,10.5,91.0,0.4,6.800000000000001,9.0,,7.0,LPOV0,33.6
4233535,20.5,71.0,0.0,0.0,18.4,,3.0,LPOV0,33.6
4233579,17.0,88.0,0.5,7.4,10.3,,17.0,LPOV0,33.6
4233585,16.0,85.0,0.0,1.2,10.3,,3.0,LPOV0,33.6
4539016,21.0,88.0,0.0,0.0,12.1,,3.0,LPOV0,33.6
4539214,21.5,62.5,0.0,0.0,29.7,,1.0,LPOV0,33.6
4539231,20.55,50.5,0.0,0.0,19.1,,1.0,LPOV0,33.6
4539283,20.3,94.0,0.0,1.4,26.1,,3.0,LPOV0,33.6
4539301,20.65,61.5,0.0,0.0,8.1,,3.0,LPOV0,33.6
4539383,16.35,80.5,0.0,0.3,8.5,,3.0,LPOV0,33.6
4539402,15.0,72.0,0.0,0.0,10.3,,3.0,LPOV0,33.6
4539420,8.850000000000001,90.5,0.0,0.0,12.05,,1.0,LPOV0,33.6
4539162,12.149999999999999,85.0,3.1,0.0,46.8,,9.0,LPOV0,33.6
4539179,11.75,90.5,0.0,9.7,19.4,,3.0,LPOV0,33.6
4539197,16.0,59.0,0.0,0.0,11.2,,3.0,LPOV0,33.6
4539245,13.7,52.0,0.0,0.0,13.350000000000001,,1.0,LPOV0,33.6
4539264,,,,,,,,LPOV0,33.6
4539316,16.5,70.0,0.0,0.2,7.5,,3.0,LPOV0,33.6
4539335,11.7,74.0,,,23.8,,,LPOV0,33.6
4539354,18.0,75.5,0.2,13.099999999999998,11.0,,17.0,LPOV0,33.6
4539372,22.5,51.5,0.0,0.0,17.0,,3.0,LPOV0,33.6
4844164,21.0,83.0,0.0,0.0,5.5,,2.0,LPOV0,33.6
4844180,18.5,88.0,0.0,0.0,4.0,,5.0,LPOV0,33.6
4844199,21.5,83.0,0.0,0.0,19.5,,2.0,LPOV0,33.6
4844217,17.5,83.0,0.0,0.0,4.5,,1.0,LPOV0,33.6
4844226,20.0,62.0,0.0,0.0,26.0,,3.0,LPOV0,33.6
4844244,14.5,88.0,0.0,0.0,5.0,,3.0,LPOV0,33.6
4844260,11.4,75.5,1.1,0.0,29.7,,9.0,LPOV0,33.6
4844284,10.75,85.0,0.0,0.0,7.6,,3.0,LPOV0,33.6
4844297,16.0,53.5,0.0,0.0,8.5,,2.0,LPOV0,33.6
4844329,11.2,92.0,,,32.0,,,LPOV0,33.6
4844347,,,,,,,,LPOV0,33.6
4844364,,,,,,,,LPOV0,33.6
4844393,,,,,,,,LPOV0,33.6
4844411,,,,,,,,LPOV0,33.6
4844428,,,,,,,,LPOV0,33.6
4844447,,,,,,,,LPOV0,33.6
4844465,,,,,,,,LPOV0,33.6
3646995,19.55,73.0,0.0,0.0,23.4,37.0,2.0,08545,32.3
3647012,16.8,88.0,0.0,0.0,5.4,14.8,2.0,08545,32.3
3647031,26.200000000000003,59.0,0.0,0.0,9.0,22.2,2.0,08545,32.3
3647049,19.5,86.5,0.1,0.1,14.4,31.5,3.0,08545,32.3
3647075,15.35,74.0,0.0,0.0,5.4,13.0,3.0,08545,32.3
3647093,10.05,85.0,0.0,0.0,9.0,20.4,2.0,08545,32.3
3647112,11.5,93.5,0.0,0.1,5.4,13.0,5.0,08545,32.3
3647130,15.350000000000001,97.0,0.0,0.0,14.4,27.8,5.0,08545,32.3
3647155,13.45,37.5,0.0,0.0,18.0,29.6,1.0,08545,32.3
3647176,12.25,59.0,0.0,0.0,10.8,20.4,1.0,08545,32.3
3647189,10.8,89.0,0.0,0.0,19.8,24.1,2.0,08545,32.3
3647212,13.7,49.0,0.0,0.0,21.6,33.3,2.0,08545,32.3
3647216,10.9,81.5,0.0,0.1,14.4,18.5,3.0,08545,32.3
3647237,13.25,38.0,0.0,0.0,23.4,37.0,1.0,08545,32.3
3647257,16.3,79.5,0.0,0.0,25.200000000000003,29.6,2.0,08545,32.3
3647275,14.399999999999999,73.5,0.0,0.0,21.6,37.0,3.0,08545,32.3
3647296,27.950000000000003,47.5,0.0,0.0,14.4,18.5,2.0,08545,32.3
4233286,21.5,80.5,0.0,0.0,21.4,36.0,2.0,08545,32.3
4233265,21.0,80.5,0.0,4.3,15.700000000000001,25.9,3.0,08545,32.3
4233334,21.0,56.0,0.0,0.0,12.1,24.1,1.0,08545,32.3
4233312,23.0,74.0,0.0,0.0,5.6,18.5,2.0,08545,32.3
4233340,16.5,59.0,1.0,2.4,14.8,33.3,18.0,08545,32.3
4233351,14.0,72.0,1.1,2.2,43.55,50.0,9.0,08545,32.3
4233393,14.0,63.0,0.0,0.0,4.5,14.8,1.0,08545,32.3
4233413,8.0,81.0,0.0,4.0,8.3,24.1,7.0,08545,32.3
4233439,19.5,54.5,0.0,0.0,14.8,24.1,3.0,08545,32.3
4233429,11.0,67.0,0.0,0.6,15.7,33.0,3.0,08545,32.3
4233458,15.5,82.5,0.0,0.0,5.6,16.7,2.0,08545,32.3
4233478,11.0,71.5,1.0,6.7,25.0,44.5,18.0,08545,32.3
4233468,17.0,88.0,0.0,0.0,12.1,22.2,3.0,08545,32.3
4233533,15.0,82.0,0.0,0.0,12.1,24.1,3.0,08545,32.3
4233505,22.0,53.0,0.0,0.0,11.2,29.6,2.0,08545,32.3
4233576,15.0,88.0,0.0,0.3,25.0,44.5,7.0,08545,32.3
4233587,16.0,85.0,0.0,0.0,9.4,24.1,3.0,08545,32.3
4539207,22.5,80.5,0.0,0.0,25.0,38.9,2.0,08545,32.3
4539221,16.0,100.0,,,10.3,20.4,2.0,08545,32.3
4539281,17.0,94.0,0.0,0.0,0.0,13.0,5.0,08545,32.3
4539291,19.5,100.0,0.0,0.4,25.0,38.9,5.0,08545,32.3
4539381,16.0,94.0,0.0,0.2,8.3,18.5,4.0,08545,32.3
4539396,14.5,97.0,0.0,0.0,6.5,9.3,4.0,08545,32.3
4539414,9.5,100.0,0.0,0.0,2.7,35.2,2.0,08545,32.3
4539436,15.0,72.0,0.0,0.0,30.6,44.5,4.0,08545,32.3
4539151,11.0,91.0,1.7000000000000002,3.1,32.6,46.3,8.0,08545,32.3
4539169,9.5,79.0,0.0,0.0,11.2,29.6,1.0,08545,32.3
4539187,17.0,57.0,0.2,0.4,17.65,25.9,4.0,08545,32.3
4539242,13.5,39.5,0.0,0.0,24.1,48.2,2.0,08545,32.3
4539258,10.5,64.5,,,8.5,27.8,7.0,08545,32.3
4539267,16.0,59.0,0.0,0.0,11.0,27.8,1.0,08545,32.3
4539327,13.0,77.0,0.0,0.0,8.5,29.6,3.0,08545,32.3
4539345,23.5,42.5,0.0,0.0,13.0,25.9,1.0,08545,32.3
4539359,15.85,65.0,0.0,0.0,16.5,33.3,3.0,08545,32.3
4844166,21.0,83.0,0.0,0.0,7.5,14.8,1.0,08545,32.3
4844187,23.05,70.0,,,14.8,35.2,2.0,08545,32.3
4844201,,,,,,,,08545,32.3
4844223,,,,,,,,08545,32.3
4844237,,,,,,,,08545,32.3
4844266,,,,,,,,08545,32.3
4844285,,,,,,,,08545,32.3
4844298,,,,,,,,08545,32.3
4844326,,,,,,,,08545,32.3
4844344,,,,,,,,08545,32.3
4844366,,,,,,,,08545,32.3
4844382,,,,,,,,08545,32.3
4844397,,,,,,,,08545,32.3
4844409,,,,,,,,08545,32.3
4844423,,,,,,,,08545,32.3
4844441,,,,,,,,08545,32.3
4844458,,,,,,,,08545,32.3
3646998,21.5,80.5,0.0,0.8,13.9,,,08000,16.0
3647016,24.5,63.0,0.0,0.0,24.1,,,08000,16.0
3647035,23.5,73.5,0.1,1.2,9.399999999999999,,,08000,16.0
3647059,22.5,67.0,0.0,0.0,39.8,,,08000,16.0
3647078,24.0,71.5,0.0,0.0,13.0,,,08000,16.0
3647096,19.5,62.0,0.7,2.2,29.5,,,08000,16.0
3647115,19.0,64.0,0.7,0.9000000000000001,15.700000000000001,,,08000,16.0
3647133,19.0,75.5,0.0,0.0,13.0,,,08000,16.0
3647157,18.0,73.0,0.4,0.1,19.450000000000003,,,08000,16.0
3647178,20.0,78.0,0.0,0.0,7.4,,,08000,16.0
3647192,17.0,68.0,5.5,9.3,38.9,,,08000,16.0
3647198,16.0,74.5,0.7,3.1999999999999997,29.7,,,08000,16.0
3647219,17.0,72.5,0.1,0.5,22.35,,,08000,16.0
3647239,15.0,85.0,10.899999999999999,5.2,21.4,,,08000,16.0
3647258,22.5,41.0,0.0,0.0,23.200000000000003,,,08000,16.0
3647270,21.0,64.0,0.0,0.0,22.3,,,08000,16.0
3647294,22.0,57.0,0.0,0.0,6.5,,,08000,16.0
3937362,25.0,74.0,0.0,0.0,11.2,,3.0,08000,16.0
3937395,24.5,50.5,0.0,1.3,20.35,,2.0,08000,16.0
3937433,25.5,65.0,0.0,0.9,27.9,,3.0,08000,16.0
3937415,22.0,69.0,0.0,0.0,13.0,,2.0,08000,16.0
3937450,23.0,53.0,0.0,0.5,16.75,,3.0,08000,16.0
3937463,21.0,78.0,0.0,0.0,13.0,,2.0,08000,16.0
3937494,19.0,78.0,0.2,1.2000000000000002,7.6,,17.0,08000,16.0
3937504,17.5,63.5,0.1,0.3,34.4,,17.0,08000,16.0
3937551,17.0,65.5,0.0,0.1,18.4,,3.0,08000,16.0
3937523,16.0,79.5,0.0,0.5,8.5,,3.0,08000,16.0
3937578,18.0,73.0,0.8,0.4,16.75,,8.0,08000,16.0
3937561,19.0,83.0,0.0,0.0,9.399999999999999,,3.0,08000,16.0
3937565,20.0,68.0,0.0,0.0,17.5,,2.0,08000,16.0
3937623,21.0,60.0,0.0,0.0,31.5,,2.0,08000,16.0
3937616,23.0,76.0,0.0,0.0,11.2,,3.0,08000,16.0
3937617,23.5,53.5,0.0,0.0,23.200000000000003,,3.0,08000,16.0
3937647,19.0,60.0,0.0,0.0,18.55,,3.0,08000,16.0
3646997,24.799999999999997,42.5,,,19.45,37.0,1.0,08548,51.7
3647014,27.5,53.0,,,13.9,25.9,1.0,08548,51.7
3647033,20.05,89.5,,,7.4,18.5,18.0,08548,51.7
3647051,17.25,94.0,,,4.6,13.0,2.0,08548,51.7
3647068,18.15,62.0,,,6.25,13.0,2.0,08548,51.7
3647086,16.549999999999997,45.0,,,8.350000000000001,20.4,1.0,08548,51.7
3647121,15.15,54.5,,,7.4,18.5,2.0,08548,51.7
3647132,15.600000000000001,89.0,,,4.75,14.8,3.0,08548,51.7
3647104,14.0,89.0,,,15.75,31.5,2.0,08548,51.7
3647162,9.899999999999999,53.5,,,8.15,20.4,1.0,08548,51.7
3647172,13.6,48.5,,,7.4,18.5,1.0,08548,51.7
3647191,10.75,78.5,,,6.45,16.7,1.0,08548,51.7
3647211,9.8,71.0,,,9.25,22.2,3.0,08548,51.7
3647233,20.05,39.5,,,13.0,29.6,2.0,08548,51.7
3647243,14.2,93.0,,,6.45,14.8,3.0,08548,51.7
3647264,13.2,83.0,,0.0,6.45,14.8,2.0,08548,51.7
3647293,27.1,44.5,,,13.0,27.8,2.0,08548,51.7
3646994,21.15,57.5,0.0,0.0,30.6,42.6,1.0,08545,40.1
3647011,18.35,83.5,0.0,0.0,5.4,14.8,1.0,08545,40.1
3647030,20.65,76.5,0.0,0.0,7.2,13.0,3.0,08545,40.1
3647048,18.8,88.0,0.0,0.1,8.100000000000001,24.1,3.0,08545,40.1
3647066,14.75,87.0,0.0,0.0,10.8,20.4,1.0,08545,40.1
3647084,9.05,80.0,0.0,0.0,7.2,16.7,1.0,08545,40.1
3647111,10.9,98.5,0.0,0.0,9.0,13.0,5.0,08545,40.1
3647129,15.399999999999999,81.5,0.0,0.0,7.2,14.8,3.0,08545,40.1
3647163,12.899999999999999,57.5,0.0,0.0,10.8,20.4,1.0,08545,40.1
3647173,10.75,74.0,0.0,0.0,7.2,18.5,1.0,08545,40.1
3647197,8.15,79.0,0.0,0.0,14.4,27.8,1.0,08545,40.1
3647210,7.9,70.0,0.0,0.0,16.2,24.1,2.0,08545,40.1
3647225,15.05,62.5,0.0,0.0,7.2,14.8,2.0,08545,40.1
3647244,16.0,76.0,0.0,0.0,18.0,31.5,3.0,08545,40.1
3647254,13.7,90.5,0.0,0.0,14.4,22.2,2.0,08545,40.1
3647272,14.850000000000001,78.0,0.0,0.0,21.6,33.3,3.0,08545,40.1
3647292,16.85,92.0,0.8,0.0,21.6,33.3,3.0,08545,40.1
3937363,19.049999999999997,86.5,0.0,0.0,14.4,25.9,2.0,08545,40.1
3937388,20.15,81.5,0.0,0.0,3.6,14.8,2.0,08545,40.1
3937437,18.4,89.5,0.0,0.0,12.600000000000001,18.5,2.0,08545,40.1
3937406,15.5,88.0,0.0,0.0,9.399999999999999,16.7,2.0,08545,40.1
3937470,17.0,94.0,0.6000000000000001,7.7,21.25,35.2,18.0,08545,40.1
3937446,14.0,88.0,0.0,0.0,7.6,14.8,2.0,08545,40.1
3937460,18.5,83.0,5.4,1.7,30.6,38.9,18.0,08545,40.1
3937491,13.5,94.0,2.2,2.7,6.5,24.1,8.0,08545,40.1
3937502,10.5,94.0,0.0,0.0,13.9,24.1,2.0,08545,40.1
3937543,5.5,93.0,0.0,0.0,6.5,14.8,1.0,08545,40.1
3937517,10.0,48.0,0.0,0.0,7.4,24.1,1.0,08545,40.1
3937581,6.0,81.5,0.0,0.0,2.7,16.7,1.0,08545,40.1
3937587,15.0,97.0,0.0,0.9,11.2,20.4,4.0,08545,40.1
3937569,15.0,91.0,0.0,0.0,18.55,27.0,4.0,08545,40.1
3937627,15.5,94.0,0.0,0.0,9.399999999999999,14.8,3.0,08545,40.1
3937649,17.5,80.5,0.0,0.0,22.15,42.0,2.0,08545,40.1
3937636,21.5,39.5,0.0,0.0,25.9,35.2,2.0,08545,40.1
4233291,21.0,94.0,0.0,0.1,10.3,22.2,5.0,08545,40.1
4233280,20.5,62.0,0.0,0.0,32.4,48.2,2.0,08545,40.1
4233278,19.0,85.5,1.0,2.2,19.450000000000003,42.6,18.0,08545,40.1
4233301,26.0,46.0,0.0,0.0,4.5,14.8,1.0,08545,40.1
4233339,18.5,83.0,3.4,4.8999999999999995,25.9,48.2,18.0,08545,40.1
4233367,18.0,97.0,2.5,1.7999999999999998,20.35,33.3,8.0,08545,40.1
4233357,17.0,94.0,1.0,2.4000000000000004,14.8,29.6,7.0,08545,40.1
4233386,14.5,67.5,0.0,0.0,6.5,18.5,1.0,08545,40.1
4233399,15.0,94.0,0.0,0.2,0.0,18.5,5.0,08545,40.1
4233418,12.0,79.5,0.0,0.0,12.1,25.9,4.0,08545,40.1
4233427,15.0,97.0,1.6,1.1,18.55,33.3,7.0,08545,40.1
4233479,12.5,91.0,2.2,0.30000000000000004,15.7,33.3,8.0,08545,40.1
4233461,10.5,87.5,2.0,5.8,8.3,40.8,18.0,08545,40.1
4233530,10.0,82.0,0.6,7.4,14.0,29.6,18.0,08545,40.1
4233537,22.0,65.0,0.0,0.0,13.0,24.1,2.0,08545,40.1
4233508,11.0,79.5,0.0,0.1,10.3,29.6,3.0,08545,40.1
4233575,15.0,88.0,0.0,0.0,20.5,38.9,2.0,08545,40.1
4539209,20.0,89.0,0.0,0.0,19.45,37.0,5.0,08545,40.1
4539227,18.5,91.0,,,2.7,20.4,2.0,08545,40.1
4539274,18.5,88.0,0.0,0.0,8.5,16.7,5.0,08545,40.1
4539286,18.5,91.0,6.800000000000001,16.9,9.2,33.3,18.0,08545,40.1
4539302,20.5,64.0,0.0,0.0,12.1,11.1,2.0,08545,40.1
4539384,13.5,91.0,0.0,0.0,13.0,25.9,2.0,08545,40.1
4539411,10.0,76.0,0.0,0.0,11.2,31.5,1.0,08545,40.1
4539429,15.0,77.0,0.0,0.0,22.3,35.2,4.0,08545,40.1
4539150,8.0,81.0,0.0,0.0,6.5,24.1,1.0,08545,40.1
4539173,12.5,97.0,0.0,0.0,9.399999999999999,24.1,4.0,08545,40.1
4539185,9.5,90.5,0.0,0.0,2.7,20.4,2.0,08545,40.1
4539240,13.0,44.5,0.0,0.0,14.8,38.9,1.0,08545,40.1
4539260,10.5,64.5,,,8.5,27.8,7.0,08545,40.1
4539315,14.0,69.5,0.0,0.0,8.0,24.1,3.0,08545,40.1
4539328,12.3,78.0,,,20.4,53.7,3.0,08545,40.1
4539341,21.2,50.0,0.0,0.0,14.5,24.1,1.0,08545,40.1
4539360,15.85,65.0,0.0,0.0,16.5,33.3,3.0,08545,40.1
4844175,20.200000000000003,81.0,0.0,0.0,12.05,27.8,2.0,08545,40.1
4844194,,,,,,,,08545,40.1
4844214,,,,,,,,08545,40.1
4844230,,,,,,,,08545,40.1
4844250,,,,,,,,08545,40.1
4844262,,,,,,,,08545,40.1
4844274,,,,,,,,08545,40.1
4844292,,,,,,,,08545,40.1
4844310,,,,,,,,08545,40.1
4844322,,,,,,,,08545,40.1
4844340,,,,,,,,08545,40.1
4844350,,,,,,,,08545,40.1
4844369,,,,,,,,08545,40.1
4844389,,,,,,,,08545,40.1
4844412,,,,,,,,08545,40.1
4844439,,,,,,,,08545,40.1
4844449,,,,,,,,08545,40.1
3646992,19.3,67.5,0.0,0.0,28.799999999999997,42.6,1.0,08545,11.9
3647018,20.25,77.5,0.0,0.0,14.4,24.1,3.0,08545,11.9
3647036,19.5,72.0,0.0,0.0,23.4,38.9,1.0,08545,11.9
3647054,17.950000000000003,92.5,0.0,1.0,21.6,38.9,7.0,08545,11.9
3647073,17.4,88.5,0.0,0.0,16.2,22.2,7.0,08545,11.9
3647091,12.0,93.0,0.6,2.4,23.4,20.4,7.0,08545,11.9
3647109,11.9,81.0,0.0,0.0,18.0,14.8,2.0,08545,11.9
3647127,11.7,96.5,0.0,0.0,9.0,18.5,1.0,08545,11.9
3647156,8.2,68.5,0.0,0.0,7.2,16.7,1.0,08545,11.9
3647169,9.649999999999999,52.5,0.0,0.0,5.4,14.8,1.0,08545,11.9
3647180,11.100000000000001,92.5,0.0,0.0,10.8,9.3,3.0,08545,11.9
3647203,10.7,92.0,0.0,0.0,1.8,11.1,2.0,08545,11.9
3647221,11.05,82.0,0.0,3.2,9.0,29.0,18.0,08545,11.9
3647236,12.350000000000001,35.5,0.0,0.0,10.8,27.8,1.0,08545,11.9
3647259,13.25,89.0,0.0,0.0,10.8,27.8,2.0,08545,11.9
3647278,15.4,84.5,0.0,0.0,18.0,25.9,2.0,08545,11.9
3647295,22.35,54.5,0.0,0.0,11.9,31.0,2.0,08545,11.9
3937380,18.200000000000003,93.5,0.0,0.0,7.2,14.8,2.0,08545,11.9
3937383,17.15,90.0,0.0,0.0,21.6,27.8,1.0,08545,11.9
3937436,19.049999999999997,93.5,0.0,0.0,3.6,13.0,2.0,08545,11.9
3937397,15.0,91.0,0.0,0.0,9.2,20.4,2.0,08545,11.9
3937451,17.0,94.0,1.0,5.6,25.0,37.0,17.0,08545,11.9
3937467,12.5,85.5,0.0,0.0,1.8,9.3,1.0,08545,11.9
3937485,14.5,97.0,1.3,1.5,15.700000000000001,31.5,8.0,08545,11.9
3937508,12.0,67.0,0.0,0.0,12.1,22.2,3.0,08545,11.9
3937548,14.5,44.5,0.0,0.0,13.9,26.0,1.0,08545,11.9
3937532,14.0,57.0,0.0,0.0,6.5,13.0,2.0,08545,11.9
3937580,9.0,84.5,0.0,0.0,6.5,14.8,1.0,08545,11.9
3937573,14.0,94.0,0.30000000000000004,0.8,23.200000000000003,27.8,4.0,08545,11.9
3937567,13.0,80.0,0.0,0.0,13.0,22.2,2.0,08545,11.9
3937608,14.5,97.0,0.0,0.0,16.6,31.5,2.0,08545,11.9
3937614,19.5,75.5,0.0,0.0,18.4,37.0,2.0,08545,11.9
3937661,15.5,79.5,0.0,0.0,28.799999999999997,38.9,2.0,08545,11.9
3937645,18.5,78.0,0.0,0.0,13.9,24.1,3.0,08545,11.9
4233298,23.0,71.5,0.0,0.0,18.55,31.5,1.0,08545,11.9
4233273,22.0,73.0,0.0,0.0,11.2,20.4,3.0,08545,11.9
4233333,16.5,79.5,0.0,0.0,7.4,16.7,1.0,08545,11.9
4233304,24.5,57.5,0.0,0.0,8.5,16.7,1.0,08545,11.9
4233349,15.5,88.0,0.3,0.5,19.45,33.3,8.0,08545,11.9
4233377,17.0,100.0,0.0,2.6,14.8,29.6,7.0,08545,11.9
4233382,13.0,94.0,0.2,1.2000000000000002,5.6,18.5,5.0,08545,11.9
4233407,15.5,100.0,7.1,13.8,21.25,31.5,8.0,08545,11.9
4233419,7.0,81.0,0.0,0.0,9.399999999999999,14.8,2.0,08545,11.9
4233423,11.5,80.0,0.0,0.0,1.8,16.7,1.0,08545,11.9
4233452,12.5,94.0,0.0,0.0,4.7,14.8,2.0,08545,11.9
4233487,11.5,97.0,1.4,0.6,7.4,29.6,8.0,08545,11.9
4233471,15.0,91.0,0.0,0.0,6.5,24.1,3.0,08545,11.9
4233524,14.0,85.0,0.0,0.0,14.8,27.8,3.0,08545,11.9
4233539,21.0,62.5,0.0,0.0,11.2,22.2,2.0,08545,11.9
4233517,12.5,67.0,0.0,0.1,19.45,44.5,2.0,08545,11.9
4233573,15.5,88.0,0.0,0.0,9.399999999999999,29.6,3.0,08545,11.9
4539022,21.5,80.5,0.0,0.0,8.5,18.5,1.0,08545,11.9
4539212,21.0,66.5,0.0,0.0,25.35,33.3,2.0,08545,11.9
4539237,28.5,30.5,0.0,0.0,15.7,29.6,1.0,08545,11.9
4539444,20.0,32.5,0.0,0.0,3.6,14.8,1.0,08545,11.9
4539285,18.0,100.0,1.3,16.0,12.1,24.1,18.0,08545,11.9
4539307,20.0,64.0,0.0,0.0,9.4,14.8,3.0,08545,11.9
4539388,12.5,91.0,0.0,0.0,5.6,27.8,2.0,08545,11.9
4539408,12.5,54.0,0.0,0.0,15.700000000000001,29.6,3.0,08545,11.9
4539425,9.5,79.0,0.0,0.0,12.100000000000001,24.1,1.0,08545,11.9
4539161,16.0,94.0,3.6,6.4,38.900000000000006,83.3,9.0,08545,11.9
4539177,11.0,76.0,0.0,0.1,14.8,35.2,2.0,08545,11.9
4539193,14.0,100.0,6.1,2.3000000000000003,29.7,38.9,8.0,08545,11.9
4539262,12.0,72.0,,,3.6,27.8,3.0,08545,11.9
4539310,14.5,82.0,0.0,0.7999999999999999,13.0,20.4,3.0,08545,11.9
4539333,13.35,83.0,,,21.299999999999997,37.0,8.0,08545,11.9
4539351,16.0,91.0,3.9,8.700000000000001,16.0,27.8,7.0,08545,11.9
4539370,22.25,51.0,0.0,0.0,14.0,23.0,2.0,08545,11.9
4844169,20.5,85.5,0.0,0.0,6.0,13.0,2.0,08545,11.9
4844184,,,,,,,,08545,11.9
4844205,,,,,,,,08545,11.9
4844232,,,,,,,,08545,11.9
4844249,,,,,,,,08545,11.9
4844263,,,,,,,,08545,11.9
4844283,,,,,,,,08545,11.9
4844299,,,,,,,,08545,11.9
4844325,,,,,,,,08545,11.9
4844348,,,,,,,,08545,11.9
4844365,,,,,,,,08545,11.9
4844370,,,,,,,,08545,11.9
4844390,,,,,,,,08545,11.9
4844407,,,,,,,,08545,11.9
4844429,,,,,,,,08545,11.9
4844442,,,,,,,,08545,11.9
4844461,,,,,,,,08545,11.9
3646993,16.65,78.5,0.0,0.0,19.8,38.9,1.0,08545,24.9
3647008,20.6,80.0,,,13.5,24.1,2.0,08545,24.9
3647010,21.25,76.0,0.0,0.0,6.300000000000001,18.5,1.0,08545,24.9
3647026,20.45,76.5,0.0,0.0,12.600000000000001,24.1,3.0,08545,24.9
3647028,23.3,66.0,0.0,0.0,10.8,20.4,2.0,08545,24.9
3647043,21.55,59.0,0.0,0.0,32.4,40.8,1.0,08545,24.9
3647046,17.5,77.0,0.0,0.0,16.2,20.4,3.0,08545,24.9
3647061,18.05,96.0,0.0,1.0,19.8,35.2,5.0,08545,24.9
3647064,18.5,70.5,,,7.6,16.7,2.0,08545,24.9
3647071,17.0,83.0,,,3.6,11.1,3.0,08545,24.9
3647089,14.65,62.0,0.0,0.0,14.4,22.2,1.0,08545,24.9
3647082,11.6,75.5,0.0,0.0,5.4,16.7,1.0,08545,24.9
3647101,11.05,90.0,0.0,0.0,19.8,20.4,2.0,08545,24.9
3647110,10.899999999999999,97.0,0.0,0.0,3.6,11.1,5.0,08545,24.9
3647125,13.25,64.0,0.0,0.0,19.8,29.6,2.0,08545,24.9
3647128,14.350000000000001,83.0,0.0,0.0,5.4,14.8,1.0,08545,24.9
3647107,12.7,95.0,0.0,0.0,5.4,11.1,5.0,08545,24.9
3647143,11.8,73.0,0.0,0.0,3.6,14.8,3.0,08545,24.9
3647144,13.4,67.0,0.0,0.0,9.0,14.8,3.0,08545,24.9
3647158,8.2,56.5,0.0,0.0,9.0,24.1,1.0,08545,24.9
3647159,17.15,42.0,0.0,0.0,9.0,18.5,1.0,08545,24.9
3647177,11.2,74.5,0.0,0.0,9.0,18.5,1.0,08545,24.9
3647185,11.25,80.5,0.0,16.0,12.600000000000001,24.1,18.0,08545,24.9
3647196,10.2,74.5,0.0,0.0,13.5,38.0,1.0,08545,24.9
3647206,15.05,66.5,0.0,0.0,7.2,24.1,2.0,08545,24.9
3647207,11.25,65.5,0.0,0.0,18.0,30.0,2.0,08545,24.9
3647229,13.100000000000001,60.5,0.0,0.0,9.0,16.7,2.0,08545,24.9
3647228,19.0,45.5,0.0,0.0,18.0,31.5,3.0,08545,24.9
3647249,14.1,86.5,0.0,0.0,10.8,20.4,5.0,08545,24.9
3647245,14.55,79.5,0.0,0.0,19.8,31.5,18.0,08545,24.9
3647269,8.65,96.5,2.8,0.7,10.8,16.7,18.0,08545,24.9
3647274,13.95,80.0,0.0,0.0,18.0,42.6,2.0,08545,24.9
3647286,21.95,54.5,0.0,0.0,19.8,24.1,2.0,08545,24.9
3647288,18.25,75.5,0.0,0.0,9.0,18.5,2.0,08545,24.9
3937372,19.799999999999997,77.5,0.0,0.0,10.8,18.5,3.0,08545,24.9
3937389,18.75,82.0,0.0,0.0,9.0,14.8,1.0,08545,24.9
3937438,24.5,66.0,0.0,0.0,14.4,22.2,2.0,08545,24.9
3937398,23.0,48.5,0.0,0.0,14.8,25.0,2.0,08545,24.9
3937411,14.0,100.0,0.0,0.0,3.6,11.1,2.0,08545,24.9
3937443,18.5,85.5,2.9,3.5999999999999996,16.6,37.0,18.0,08545,24.9
3937458,18.5,83.0,5.4,1.7,30.6,38.9,18.0,08545,24.9
3937490,14.5,97.0,0.4,5.1,9.4,22.2,7.0,08545,24.9
3937501,15.0,82.0,0.0,0.0,17.65,35.2,2.0,08545,24.9
3937518,8.0,81.0,0.0,0.2,16.6,24.1,2.0,08545,24.9
3937542,7.5,90.0,0.0,0.0,8.5,16.7,1.0,08545,24.9
3937583,11.0,79.5,0.0,0.0,11.2,25.0,1.0,08545,24.9
3937588,16.0,94.0,0.1,2.3000000000000003,16.6,29.6,4.0,08545,24.9
3937605,19.0,60.5,0.0,0.0,8.5,24.1,2.0,08545,24.9
3937628,16.0,82.0,0.0,0.0,19.45,25.9,3.0,08545,24.9
3937650,16.0,85.5,0.0,0.0,20.35,35.2,2.0,08545,24.9
3937634,20.5,51.0,0.0,0.0,20.35,33.3,2.0,08545,24.9
3646996,17.200000000000003,88.0,0.0,0.0,19.8,29.6,1.0,08545,35.6
3647013,20.9,77.5,0.0,0.0,11.0,25.9,2.0,08545,35.6
3647032,22.15,72.5,0.0,0.0,16.2,16.7,2.0,08545,35.6
3647050,18.15,79.5,0.0,0.0,5.4,13.0,3.0,08545,35.6
3647067,15.0,88.0,,,13.9,24.1,2.0,08545,35.6
3647085,11.5,73.5,0.0,0.0,16.2,24.1,1.0,08545,35.6
3647103,10.7,86.5,0.0,0.0,9.0,22.2,3.0,08545,35.6
3647120,10.45,65.5,0.0,0.0,14.4,22.2,1.0,08545,35.6
3647139,9.899999999999999,95.5,0.0,0.0,9.0,18.5,2.0,08545,35.6
3647164,8.4,70.0,0.0,0.0,9.0,16.7,1.0,08545,35.6
3647174,14.1,57.0,0.0,0.0,16.2,27.8,1.0,08545,35.6
3647193,12.95,63.0,0.0,0.0,28.8,44.5,2.0,08545,35.6
3647213,8.05,78.0,0.0,0.0,14.4,29.6,2.0,08545,35.6
3647231,19.0,45.5,0.0,0.0,18.0,31.5,3.0,08545,35.6
3647246,13.6,98.5,1.0,15.1,9.0,22.2,7.0,08545,35.6
3647263,12.45,78.0,0.0,0.0,7.2,20.4,2.0,08545,35.6
3647285,21.95,54.5,0.0,0.0,19.8,24.1,2.0,08545,35.6
3937376,17.6,92.0,0.0,0.0,5.4,14.8,5.0,08545,35.6
3937394,20.25,78.0,0.0,0.0,14.4,22.2,1.0,08545,35.6
3937425,18.25,82.0,0.0,0.0,12.600000000000001,18.5,2.0,08545,35.6
3937418,24.5,73.5,0.0,0.0,12.1,22.2,2.0,08545,35.6
3937412,15.5,94.0,0.0,0.0,0.0,13.0,5.0,08545,35.6
3937445,15.0,88.0,0.0,0.0,10.3,16.7,3.0,08545,35.6
3937468,10.5,94.0,0.0,0.0,5.6,16.7,2.0,08545,35.6
3937476,15.0,100.0,6.7,13.4,26.799999999999997,45.0,9.0,08545,35.6
3937509,13.5,94.0,3.2,1.0,21.4,46.3,8.0,08545,35.6
3937547,12.0,54.0,0.0,0.0,11.2,22.2,1.0,08545,35.6
3937531,10.5,88.0,0.0,0.0,8.5,18.5,1.0,08545,35.6
3937584,11.5,88.0,0.3,1.4999999999999998,8.5,25.9,7.0,08545,35.6
3937557,14.0,63.0,0.0,0.0,13.9,22.2,2.0,08545,35.6
3937606,14.5,91.0,0.0,0.0,13.0,27.8,2.0,08545,35.6
3937612,16.5,97.0,0.0,0.4,17.5,29.6,3.0,08545,35.6
3937660,16.0,67.5,0.0,0.0,24.1,42.6,1.0,08545,35.6
3937644,21.5,64.5,0.0,0.0,12.1,24.0,3.0,08545,35.6
4233284,22.0,69.0,0.0,0.0,27.7,38.9,2.0,08545,35.6
4233263,18.0,73.0,0.0,0.0,25.0,46.3,2.0,08545,35.6
4233324,20.0,83.0,0.5,5.199999999999999,32.4,46.3,17.0,08545,35.6
4233318,19.5,85.5,0.0,0.0,0.9,13.0,2.0,08545,35.6
4233338,17.5,91.0,6.6,7.4,25.9,50.0,18.0,08545,35.6
4233369,18.5,97.0,4.1,0.5,16.6,33.3,5.0,08545,35.6
4233358,17.0,83.0,0.5,0.0,29.5,31.5,4.0,08545,35.6
4233383,13.0,94.0,0.4,0.8,19.45,25.9,4.0,08545,35.6
4233401,16.0,94.0,5.5,18.9,21.4,29.6,8.0,08545,35.6
4233438,17.0,50.0,0.0,0.0,15.700000000000001,20.4,3.0,08545,35.6
4233457,16.0,94.0,0.0,0.1,15.700000000000001,24.1,4.0,08545,35.6
4233485,14.0,74.5,0.1,4.7,24.1,51.0,8.0,08545,35.6
4233460,10.5,84.5,0.0,0.0,0.0,22.2,2.0,08545,35.6
4233496,11.5,82.0,1.9000000000000001,1.4,9.0,33.3,18.0,08545,35.6
4233522,18.0,68.0,0.0,0.0,7.6,16.7,2.0,08545,35.6
4233499,11.0,91.0,3.3,5.7,7.6,37.0,18.0,08545,35.6
4233571,17.5,70.0,0.0,0.0,21.25,35.2,3.0,08545,35.6
4539210,22.5,65.0,0.0,0.0,20.35,25.9,1.0,08545,35.6
4539223,18.5,91.0,,,2.7,20.4,2.0,08545,35.6
4539279,17.0,94.0,0.0,0.0,8.5,24.1,5.0,08545,35.6
4539289,19.5,100.0,0.0,0.4,25.0,38.9,5.0,08545,35.6
4539305,15.5,85.0,0.0,0.0,6.5,13.0,2.0,08545,35.6
4539395,14.5,55.0,0.0,0.0,31.5,48.2,2.0,08545,35.6
4539412,11.5,88.0,0.0,0.0,13.9,37.0,2.0,08545,35.6
4539431,9.0,84.5,0.0,0.0,0.0,51.8,3.0,08545,35.6
4539156,11.0,94.0,0.8,5.8999999999999995,28.799999999999997,37.0,7.0,08545,35.6
4539171,13.0,94.0,0.0,0.0,8.5,24.1,4.0,08545,35.6
4539189,13.0,74.5,0.0,0.0,12.1,20.4,3.0,08545,35.6
4539263,13.5,56.5,,,11.2,37.0,3.0,08545,35.6
4539238,12.0,88.0,0.0,0.0,8.5,22.2,2.0,08545,35.6
4539317,19.0,58.5,0.1,0.7999999999999999,13.0,27.8,4.0,08545,35.6
4539321,16.5,91.0,0.0,1.7,5.0,22.2,7.0,08545,35.6
4539339,16.8,68.0,0.0,0.0,28.5,46.3,1.0,08545,35.6
4539358,13.0,77.0,0.0,0.0,9.0,35.2,3.0,08545,35.6
4844172,18.75,88.5,,,11.1,24.1,2.0,08545,35.6
4844191,,,,,,,,08545,35.6
4844208,,,,,,,,08545,35.6
4844228,,,,,,,,08545,35.6
4844248,,,,,,,,08545,35.6
4844261,,,,,,,,08545,35.6
4844290,,,,,,,,08545,35.6
4844307,,,,,,,,08545,35.6
4844320,,,,,,,,08545,35.6
4844334,,,,,,,,08545,35.6
4844355,,,,,,,,08545,35.6
4844374,,,,,,,,08545,35.6
4844388,,,,,,,,08545,35.6
4844404,,,,,,,,08545,35.6
4844427,,,,,,,,08545,35.6
4844431,,,,,,,,08545,35.6
4844450,,,,,,,,08545,35.6
3647007,20.75,73.0,,,13.9,24.1,1.0,08532,14.2
3647025,19.05,86.0,,,10.2,18.5,2.0,08532,14.2
3647042,17.95,75.5,,,24.1,44.5,2.0,08532,14.2
3647060,17.6,64.5,,,23.15,44.5,2.0,08532,14.2
3647079,19.6,96.5,,,23.15,42.6,8.0,08532,14.2
3647097,9.3,97.5,,,3.65,13.0,2.0,08532,14.2
3647124,11.7,74.0,,,11.1,22.2,3.0,08532,14.2
3647142,10.45,75.0,,,10.2,22.2,2.0,08532,14.2
3647152,10.5,71.0,,,2.75,14.8,2.0,08532,14.2
3647160,11.399999999999999,76.0,,,13.9,25.9,1.0,08532,14.2
3647186,10.75,86.5,,,8.350000000000001,20.4,2.0,08532,14.2
3647205,13.350000000000001,72.5,,,14.85,27.8,2.0,08532,14.2
3647223,13.649999999999999,90.0,,,23.15,40.8,9.0,08532,14.2
3647242,15.2,44.5,,,14.8,29.6,2.0,08532,14.2
3647253,13.3,72.0,,,33.3,53.7,3.0,08532,14.2
3647267,15.35,73.0,,,12.05,22.2,3.0,08532,14.2
3647283,21.5,66.5,,,13.0,29.6,2.0,08532,14.2
3937375,21.6,71.5,0.0,0.0,14.8,24.1,2.0,08532,14.2
3937370,25.6,41.0,0.0,0.0,12.05,27.8,1.0,08532,14.2
3937439,18.2,86.0,0.0,0.0,17.6,27.8,3.0,08532,14.2
3937432,22.4,77.0,0.0,0.1,17.6,29.6,2.0,08532,14.2
3937449,18.0,86.5,0.5,2.0,21.299999999999997,40.8,7.0,08532,14.2
3937464,14.55,99.0,0.0,0.0,0.0,3.7,3.0,08532,14.2
3937505,13.5,88.0,0.0,0.7,28.700000000000003,51.8,7.0,08532,14.2
3937550,9.5,76.5,0.0,0.0,8.350000000000001,22.2,1.0,08532,14.2
3937495,14.2,66.5,0.0,0.0,10.2,24.1,2.0,08532,14.2
3937524,15.850000000000001,68.0,0.0,0.0,8.350000000000001,18.5,3.0,08532,14.2
3937577,13.899999999999999,59.5,0.0,0.0,9.3,20.4,4.0,08532,14.2
3937560,12.45,84.0,0.0,0.0,11.15,29.6,3.0,08532,14.2
3937566,15.8,87.5,0.0,0.0,10.2,25.9,4.0,08532,14.2
3937624,19.4,65.5,0.0,0.0,25.0,40.8,2.0,08532,14.2
3937615,20.0,69.5,0.0,0.0,25.9,40.8,2.0,08532,14.2
3937648,15.85,73.5,0.0,0.0,23.15,44.5,2.0,08532,14.2
3937665,20.15,67.0,0.0,0.6,15.75,29.6,3.0,08532,14.2
4233294,26.05,53.5,0.0,0.0,21.299999999999997,35.2,1.0,08532,14.2
4233274,22.15,59.5,1.6,1.2,12.05,29.6,18.0,08532,14.2
4233328,23.200000000000003,50.5,0.0,0.0,15.75,31.5,2.0,08532,14.2
4233310,22.25,67.0,0.0,0.0,5.550000000000001,14.8,1.0,08532,14.2
4233373,16.700000000000003,94.0,0.0,0.1,6.45,16.7,3.0,08532,14.2
4233360,14.95,100.0,0.0,0.2,6.45,13.0,2.0,08532,14.2
4233378,15.2,84.5,0.3,0.2,10.2,18.5,7.0,08532,14.2
4233408,15.45,89.5,0.0,6.1,20.4,35.2,18.0,08532,14.2
4233405,12.600000000000001,65.5,0.0,0.0,15.75,27.8,2.0,08532,14.2
4233421,14.25,75.5,0.0,0.0,4.6,11.1,3.0,08532,14.2
4233448,15.85,77.0,0.0,0.0,12.05,18.5,2.0,08532,14.2
4233493,11.95,77.0,0.7,2.9000000000000004,28.700000000000003,48.2,7.0,08532,14.2
4233474,14.95,96.5,0.0,0.7,10.2,18.5,4.0,08532,14.2
4233528,10.45,84.5,0.1,5.1000000000000005,18.5,33.3,18.0,08532,14.2
4233541,20.35,66.0,0.0,0.0,9.25,20.4,2.0,08532,14.2
4233516,13.899999999999999,60.5,0.0,0.6000000000000001,28.700000000000003,42.6,2.0,08532,14.2
4233581,17.700000000000003,78.0,0.0,0.0,25.9,40.8,2.0,08532,14.2
4539023,24.1,69.5,0.0,0.0,17.6,27.8,2.0,08532,14.2
4539215,20.0,64.0,0.0,0.0,25.9,33.3,1.0,08532,14.2
4539233,24.1,44.5,0.0,0.0,17.6,31.5,1.0,08532,14.2
4539440,16.0,67.0,0.0,0.0,17.6,37.0,2.0,08532,14.2
4539300,16.45,76.5,0.2,2.0,27.8,50.0,7.0,08532,14.2
4539382,18.25,67.5,0.0,0.0,17.6,33.3,2.0,08532,14.2
4539385,18.049999999999997,70.0,0.0,0.2,16.65,31.5,4.0,08532,14.2
4539407,8.65,68.5,0.0,0.0,11.1,31.5,2.0,08532,14.2
4539421,11.899999999999999,75.0,0.0,0.0,4.6,20.4,1.0,08532,14.2
4539163,15.9,98.0,0.8,4.199999999999999,29.65,55.5,7.0,08532,14.2
4539175,14.7,88.5,0.0,0.2,13.9,29.6,4.0,08532,14.2
4539199,10.4,89.0,0.0,0.1,7.4,25.9,2.0,08532,14.2
4539253,10.45,81.0,4.5,2.9000000000000004,19.45,46.3,18.0,08532,14.2
4539272,20.45,46.5,0.0,0.0,13.9,29.6,1.0,08532,14.2
4539329,14.7,73.0,,,26.85,44.5,3.0,08532,14.2
4539347,15.05,85.5,0.2,11.1,17.6,37.0,7.0,08532,14.2
4539369,20.35,68.5,0.0,0.0,14.8,31.5,2.0,08532,14.2
4844165,30.1,38.5,0.0,0.0,13.9,27.8,1.0,08532,14.2
4844186,,,,,,,,08532,14.2
4844204,,,,,,,,08532,14.2
4844215,,,,,,,,08532,14.2
4844233,,,,,,,,08532,14.2
4844258,,,,,,,,08532,14.2
4844270,,,,,,,,08532,14.2
4844295,,,,,,,,08532,14.2
4844301,,,,,,,,08532,14.2
4844328,,,,,,,,08532,14.2
4844346,,,,,,,,08532,14.2
4844361,,,,,,,,08532,14.2
4844378,,,,,,,,08532,14.2
4844398,,,,,,,,08532,14.2
4844416,,,,,,,,08532,14.2
4844435,,,,,,,,08532,14.2
4844462,,,,,,,,08532,14.2
3647000,29.5,37.5,,,22.3,33.3,1.0,08536,4.5
3647019,24.5,52.5,,,15.700000000000001,29.6,3.0,08536,4.5
3647037,21.0,60.5,,,26.799999999999997,35.2,2.0,08536,4.5
3647055,18.5,56.0,,,26.8,38.9,2.0,08536,4.5
3647081,12.0,72.0,,,13.9,18.5,1.0,08536,4.5
3647099,11.0,88.0,,,6.5,14.8,2.0,08536,4.5
3647117,15.5,62.5,,,15.5,31.5,3.0,08536,4.5
3647135,12.649999999999999,78.5,,,8.8,18.5,2.0,08536,4.5
3647148,10.8,85.0,,,1.8,20.4,3.0,08536,4.5
3647166,13.1,61.0,,,11.3,14.8,2.0,08536,4.5
3647182,13.2,76.5,,,9.7,25.9,3.0,08536,4.5
3647201,14.0,64.5,,,17.3,25.9,2.0,08536,4.5
3647224,11.399999999999999,83.5,,,6.3,22.2,2.0,08536,4.5
3647232,10.8,94.0,0.8,15.2,14.600000000000001,35.2,18.0,08536,4.5
3647248,16.0,82.0,,,14.8,24.1,4.0,08536,4.5
3647266,16.0,61.0,,,16.6,31.5,2.0,08536,4.5
3647280,24.0,47.0,,,20.35,31.5,2.0,08536,4.5
3937378,19.0,88.0,0.0,0.0,20.35,27.8,2.0,08536,4.5
3937367,19.85,72.0,0.0,0.0,19.5,33.3,2.0,08536,4.5
3937426,20.5,71.0,0.0,0.0,18.55,37.0,3.0,08536,4.5
3937431,26.5,59.5,0.0,0.0,16.6,25.9,2.0,08536,4.5
3937413,24.5,56.0,0.0,0.0,18.55,29.6,2.0,08536,4.5
3937448,19.5,85.5,0.0,10.7,5.4,14.8,18.0,08536,4.5
3937461,18.0,94.0,0.1,0.7,18.55,24.1,7.0,08536,4.5
3937493,14.0,88.0,0.0,0.0,10.3,16.7,3.0,08536,4.5
3937506,10.0,71.0,0.0,0.0,7.3999999999999995,27.8,2.0,08536,4.5
3937549,15.0,57.0,0.0,0.0,15.700000000000001,20.4,1.0,08536,4.5
3937533,13.0,82.5,0.0,0.30000000000000004,6.5,9.3,2.0,08536,4.5
3937576,10.0,76.0,0.0,0.0,14.8,14.8,3.0,08536,4.5
3937558,14.5,79.5,0.0,0.0,13.0,33.3,3.0,08536,4.5
3937564,24.0,27.0,0.0,0.0,9.4,27.8,1.0,08536,4.5
3937626,20.5,60.0,0.0,0.0,20.35,33.3,2.0,08536,4.5
3937618,18.5,75.5,0.0,0.0,14.8,33.3,2.0,08536,4.5
3937664,22.5,55.0,0.0,0.7,14.8,25.9,3.0,08536,4.5
4233290,25.0,78.5,0.0,0.0,17.5,25.9,3.0,08536,4.5
4233268,19.0,70.5,0.0,0.0,23.200000000000003,35.2,2.0,08536,4.5
4233335,27.5,53.0,0.0,0.0,14.8,22.2,1.0,08536,4.5
4233313,19.5,78.0,0.1,0.6000000000000001,21.4,33.3,3.0,08536,4.5
4233365,18.0,94.0,0.0,0.0,9.399999999999999,14.8,2.0,08536,4.5
4233355,15.0,94.0,0.0,0.0,8.5,11.1,3.0,08536,4.5
4233387,10.5,91.0,0.0,0.3,8.5,14.8,4.0,08536,4.5
4233416,17.0,100.0,0.6,0.0,17.5,22.2,5.0,08536,4.5
4233434,13.0,82.0,0.0,0.0,15.85,44.5,2.0,08536,4.5
4233422,13.5,74.5,0.0,0.0,4.5,13.0,3.0,08536,4.5
4233451,18.0,71.5,0.0,0.0,6.5,18.5,2.0,08536,4.5
4233481,16.0,82.0,0.0,1.0,26.799999999999997,40.8,8.0,08536,4.5
4233464,12.5,82.0,0.0,0.0,11.2,35.2,2.0,08536,4.5
4233544,10.0,88.0,2.7,1.3,18.5,35.2,18.0,08536,4.5
4233536,20.5,62.0,0.0,0.0,25.9,25.9,2.0,08536,4.5
4233518,15.5,61.0,0.0,0.2,18.55,46.3,2.0,08536,4.5
4233574,19.5,62.0,0.0,0.0,26.799999999999997,38.9,3.0,08536,4.5
4539202,23.0,78.5,0.0,0.0,33.3,38.9,1.0,08536,4.5
4539211,22.0,73.5,0.0,0.0,30.6,40.8,2.0,08536,4.5
4539229,23.5,67.0,0.0,0.0,20.35,27.8,2.0,08536,4.5
4539437,18.0,50.5,0.0,0.0,17.7,22.2,2.0,08536,4.5
4539292,14.5,85.0,0.0,0.0,19.45,24.1,2.0,08536,4.5
4539374,17.5,85.5,0.0,0.0,17.65,33.3,3.0,08536,4.5
4539392,13.0,72.0,0.0,0.0,37.1,40.8,2.0,08536,4.5
4539410,12.0,67.0,0.0,0.0,13.0,25.9,1.0,08536,4.5
4539428,16.0,91.0,0.0,0.5,26.799999999999997,29.6,4.0,08536,4.5
4539153,10.0,76.0,0.0,0.0,8.5,22.2,1.0,08536,4.5
4539176,15.0,88.0,0.0,0.0,3.6,14.8,4.0,08536,4.5
4539195,13.5,72.0,0.0,0.0,13.0,27.8,2.0,08536,4.5
4539249,10.5,81.5,2.4,1.4000000000000001,25.9,46.3,18.0,08536,4.5
4539269,14.0,74.5,0.0,0.4,20.5,37.0,3.0,08536,4.5
4539320,17.0,70.0,0.0,0.6,18.0,33.3,3.0,08536,4.5
4539340,25.5,38.0,0.0,0.0,17.0,25.9,2.0,08536,4.5
4539362,16.5,61.0,0.0,0.8,19.5,33.3,2.0,08536,4.5
4844182,20.65,77.5,,,16.7,35.2,2.0,08536,4.5
4844203,,,,,,,,08536,4.5
4844163,,,,,,,,08536,4.5
4844221,,,,,,,,08536,4.5
4844240,,,,,,,,08536,4.5
4844257,,,,,,,,08536,4.5
4844273,,,,,,,,08536,4.5
4844291,,,,,,,,08536,4.5
4844309,,,,,,,,08536,4.5
4844331,,,,,,,,08536,4.5
4844343,,,,,,,,08536,4.5
4844359,,,,,,,,08536,4.5
4844385,,,,,,,,08536,4.5
4844403,,,,,,,,08536,4.5
4844421,,,,,,,,08536,4.5
4844438,,,,,,,,08536,4.5
4844457,,,,,,,,08536,4.5
3647001,18.0,90.5,,,9.0,22.2,2.0,08545,42.0
3647020,20.05,81.5,0.0,0.0,14.4,22.2,3.0,08545,42.0
3647038,19.6,54.0,0.0,0.0,25.2,27.8,1.0,08545,42.0
3647056,14.15,80.5,0.0,0.0,3.6,14.8,2.0,08545,42.0
3647074,15.4,72.0,0.0,0.0,3.6,14.8,3.0,08545,42.0
3647092,7.0,100.0,,0.0,0.0,9.3,5.0,08545,42.0
3647100,10.600000000000001,93.5,0.0,0.0,3.6,18.5,3.0,08545,42.0
3647118,13.65,54.5,0.0,0.0,19.8,31.5,2.0,08545,42.0
3647136,13.5,99.0,0.1,1.2,11.0,24.0,5.0,08545,42.0
3647151,11.55,62.5,0.0,0.0,7.2,18.5,2.0,08545,42.0
3647165,11.2,44.5,0.0,0.0,6.300000000000001,14.8,1.0,08545,42.0
3647181,14.2,73.0,0.0,0.0,9.0,20.4,3.0,08545,42.0
3647200,11.75,93.0,0.0,0.0,3.6,9.3,3.0,08545,42.0
3647220,9.7,88.0,0.0,0.0,7.2,24.1,18.0,08545,42.0
3647234,10.8,48.0,0.0,0.0,21.6,33.3,1.0,08545,42.0
3647262,16.5,64.0,0.0,0.0,10.8,21.0,2.0,08545,42.0
3647287,21.15,55.5,0.0,0.0,14.4,27.0,2.0,08545,42.0
3937373,20.549999999999997,76.5,0.0,0.0,8.100000000000001,20.4,2.0,08545,42.0
3937368,18.25,91.5,0.0,0.0,18.2,35.2,5.0,08545,42.0
3937424,21.25,55.5,0.0,0.0,10.8,25.9,2.0,08545,42.0
3937417,23.3,68.0,0.0,0.0,1.8,16.7,2.0,08545,42.0
3937410,16.0,100.0,0.2,0.0,1.8,13.0,4.0,08545,42.0
3937456,16.0,94.0,0.0,0.0,8.5,13.0,3.0,08545,42.0
3937478,16.0,82.0,0.0,0.2,33.5,50.0,4.0,08545,42.0
3937496,13.0,94.0,0.6000000000000001,0.0,24.1,29.6,4.0,08545,42.0
3937546,18.0,34.0,0.0,0.0,15.700000000000001,29.6,1.0,08545,42.0
3937530,15.5,65.0,0.0,0.0,8.5,14.8,2.0,08545,42.0
3937585,11.0,100.0,1.2,7.1000000000000005,14.8,20.4,7.0,08545,42.0
3937556,13.0,79.5,0.0,0.0,11.2,28.0,2.0,08545,42.0
3937603,15.0,91.0,0.0,0.0,9.4,16.7,2.0,08545,42.0
3937607,20.5,51.0,0.0,0.0,22.3,33.0,1.0,08545,42.0
3937610,20.0,85.5,0.2,0.2,12.1,25.9,3.0,08545,42.0
3937658,18.5,66.0,0.0,0.0,27.9,42.6,2.0,08545,42.0
3937641,18.0,78.0,0.0,0.0,10.3,22.2,3.0,08545,42.0
4233261,21.5,91.0,0.0,0.0,12.1,24.1,3.0,08545,42.0
4233269,22.5,69.5,1.2,0.0,11.0,14.8,3.0,08545,42.0
4233331,18.0,75.5,0.0,0.0,7.6,13.0,1.0,08545,42.0
4233305,25.0,54.0,0.0,0.0,3.8,14.8,1.0,08545,42.0
4233345,16.0,70.0,0.2,1.1,22.3,37.0,18.0,08545,42.0
4233374,13.0,69.5,1.0,0.0,37.1,44.5,8.0,08545,42.0
4233394,7.5,78.5,0.0,0.0,17.5,16.7,1.0,08545,42.0
4233385,6.5,96.5,0.0,0.0,1.8,13.0,3.0,08545,42.0
4233442,11.5,88.0,0.0,0.0,0.9,16.7,1.0,08545,42.0
4233424,10.5,94.0,0.0,0.0,3.6,13.0,5.0,08545,42.0
4233450,14.0,100.0,0.0,0.0,12.1,16.7,5.0,08545,42.0
4233491,9.0,79.0,0.0,3.3,10.3,31.5,18.0,08545,42.0
4233472,16.5,85.5,0.0,0.0,12.1,23.0,3.0,08545,42.0
4233525,17.0,83.0,0.2,0.0,22.3,35.2,4.0,08545,42.0
4233504,18.5,66.5,0.0,0.0,8.3,22.2,2.0,08545,42.0
4233510,15.0,91.0,0.0,9.200000000000001,14.8,31.5,7.0,08545,42.0
4233586,14.5,85.0,0.0,0.0,11.2,25.9,3.0,08545,42.0
4539015,19.5,91.0,0.0,0.0,6.5,18.5,5.0,08545,42.0
4539213,18.0,78.0,0.0,0.0,15.85,31.5,1.0,08545,42.0
4539230,21.5,42.5,0.0,0.0,12.100000000000001,20.4,1.0,08545,42.0
4539438,16.0,55.5,0.0,0.0,0.0,13.0,2.0,08545,42.0
4539293,19.0,58.0,0.0,0.0,9.2,31.5,2.0,08545,42.0
4539375,17.0,97.0,0.0,0.1,16.6,30.0,4.0,08545,42.0
4539393,15.0,91.0,0.1,0.0,4.5,11.1,4.0,08545,42.0
4539401,13.0,56.0,0.0,0.0,11.2,22.2,3.0,08545,42.0
4539419,9.5,79.0,0.0,0.0,6.5,18.5,2.0,08545,42.0
4539158,16.0,94.0,4.4,7.6,37.099999999999994,79.6,9.0,08545,42.0
4539178,13.5,94.0,0.0,0.0,7.4,18.5,7.0,08545,42.0
4539196,13.0,88.0,0.6,13.7,7.6,25.9,18.0,08545,42.0
4539250,9.0,90.5,4.8,6.3,19.450000000000003,50.0,7.0,08545,42.0
4539266,14.0,69.5,0.0,0.0,6.5,31.5,1.0,08545,42.0
4539323,15.65,73.0,0.0,0.0,20.5,32.0,2.0,08545,42.0
4539353,16.7,83.0,0.2,8.0,21.5,35.2,18.0,08545,42.0
4539365,22.25,51.0,0.0,0.0,14.0,23.0,2.0,08545,42.0
4844162,21.0,83.0,0.0,0.0,7.5,14.8,1.0,08545,42.0
4844183,,,,,,,,08545,42.0
4844202,,,,,,,,08545,42.0
4844220,,,,,,,,08545,42.0
4844238,,,,,,,,08545,42.0
4844256,,,,,,,,08545,42.0
4844280,,,,,,,,08545,42.0
4844304,,,,,,,,08545,42.0
4844324,,,,,,,,08545,42.0
4844349,,,,,,,,08545,42.0
4844367,,,,,,,,08545,42.0
4844384,,,,,,,,08545,42.0
4844402,,,,,,,,08545,42.0
4844413,,,,,,,,08545,42.0
4844430,,,,,,,,08545,42.0
4844448,,,,,,,,08545,42.0
4844466,,,,,,,,08545,42.0
3647006,29.7,39.5,,,14.8,27.8,1.0,08554,52.7
3647024,21.1,74.5,0.0,0.0,28.799999999999997,38.9,2.0,08554,52.7
3647041,25.15,53.0,0.0,0.0,14.4,25.9,1.0,08554,52.7
3647053,20.950000000000003,79.0,0.0,0.0,7.2,22.2,2.0,08554,52.7
3647070,19.35,79.0,0.0,0.0,9.0,16.7,2.0,08554,52.7
3647088,15.25,42.0,0.0,0.0,7.2,18.5,1.0,08554,52.7
3647106,12.65,71.5,0.0,0.0,5.4,14.8,1.0,08554,52.7
3647123,16.9,56.5,0.0,0.0,25.200000000000003,37.0,2.0,08554,52.7
3647141,15.7,57.5,0.0,0.0,14.4,24.1,1.0,08554,52.7
3647147,12.05,68.0,0.0,0.0,10.8,18.5,1.0,08554,52.7
3647167,19.05,24.5,0.0,0.0,21.6,33.3,2.0,08554,52.7
3647187,15.25,80.0,0.0,0.0,7.2,19.0,2.0,08554,52.7
3647208,12.1,92.5,4.0,1.5,16.2,23.0,18.0,08554,52.7
3647227,14.6,80.5,0.0,25.0,21.6,24.1,18.0,08554,52.7
3647247,20.0,68.0,0.0,0.0,23.4,29.6,2.0,08554,52.7
3647265,16.95,78.0,0.0,4.9,36.0,46.3,3.0,08554,52.7
3647279,21.0,57.0,0.0,0.0,18.0,22.2,2.0,08554,52.7
3937379,22.4,69.5,0.0,0.0,30.6,37.0,1.0,08554,52.7
3937393,31.799999999999997,35.0,0.0,0.0,12.6,31.5,1.0,08554,52.7
3937423,20.0,79.5,0.0,0.0,28.8,38.9,1.0,08554,52.7
3937405,20.95,82.0,0.0,0.0,14.4,27.8,1.0,08554,52.7
3937409,23.0,65.0,0.0,0.0,19.45,24.0,2.0,08554,52.7
3937444,22.5,76.0,0.0,0.0,10.3,20.4,2.0,08554,52.7
3937459,18.0,94.0,0.0,0.0,5.4,13.0,3.0,08554,52.7
3937477,14.0,85.0,0.0,0.0,10.3,11.1,1.0,08554,52.7
3937511,12.0,72.0,0.0,0.0,13.0,13.0,1.0,08554,52.7
3937535,12.5,94.0,0.0,0.0,6.5,13.0,1.0,08554,52.7
3937529,16.0,79.5,0.0,0.0,12.1,27.0,2.0,08554,52.7
3937586,14.5,74.5,0.0,0.0,1.8,13.0,3.0,08554,52.7
3937555,18.5,61.0,0.0,0.0,20.35,31.5,3.0,08554,52.7
3937604,20.0,53.0,0.0,0.0,13.9,24.1,1.0,08554,52.7
3937629,21.0,60.0,0.0,0.0,21.25,29.6,1.0,08554,52.7
3937657,22.5,51.5,0.0,0.0,13.0,24.1,1.0,08554,52.7
3937642,21.0,73.0,0.0,0.2,25.9,35.0,2.0,08554,52.7
4233297,26.5,70.0,0.0,0.0,6.5,24.1,1.0,08554,52.7
4233276,20.0,83.0,0.0,0.0,23.200000000000003,33.0,2.0,08554,52.7
4233329,27.0,40.5,0.0,0.0,8.3,16.7,1.0,08554,52.7
4233347,22.0,69.0,0.1,0.7,20.5,31.5,2.0,08554,52.7
4233371,20.0,83.0,0.0,0.0,13.0,24.1,2.0,08554,52.7
4233361,19.0,78.0,0.0,0.0,9.4,14.8,2.0,08554,52.7
4233379,13.5,88.0,0.0,0.0,10.3,13.0,2.0,08554,52.7
4233402,16.0,88.0,0.0,0.0,28.799999999999997,42.6,3.0,08554,52.7
4233406,17.0,61.0,0.0,0.0,17.5,27.8,1.0,08554,52.7
4233433,17.5,66.0,0.0,0.0,21.4,37.0,1.0,08554,52.7
4233454,16.5,74.5,0.0,0.0,10.3,14.8,2.0,08554,52.7
4233494,16.5,60.0,0.0,0.0,25.0,38.9,3.0,08554,52.7
4233477,14.5,94.0,5.699999999999999,1.5,38.9,58.0,9.0,08554,52.7
4233495,15.0,82.0,0.0,0.0,8.5,27.8,2.0,08554,52.7
4233538,24.0,40.0,0.0,0.0,14.8,29.6,2.0,08554,52.7
4233519,17.5,57.5,0.1,0.0,30.6,38.9,2.0,08554,52.7
4233591,22.0,69.0,0.0,0.0,16.6,29.6,1.0,08554,52.7
3647003,22.3,67.0,,,18.700000000000003,37.0,1.0,08545,23.0
3647022,18.1,88.0,0.0,0.0,9.0,18.5,3.0,08545,23.0
3647039,20.75,61.5,0.0,0.0,30.6,40.8,2.0,08545,23.0
3647057,17.95,96.0,0.0,0.0,1.8,9.3,5.0,08545,23.0
3647076,15.7,98.0,3.0,5.4,7.2,13.0,9.0,08545,23.0
3647094,11.6,57.0,0.0,0.2,25.2,46.3,2.0,08545,23.0
3647113,10.75,91.0,0.0,0.0,10.8,11.1,5.0,08545,23.0
3801164,10.6,65.5,0.0,0.0,7.2,18.5,1.0,08545,23.0
3647146,13.4,67.0,0.0,0.0,9.0,14.8,3.0,08545,23.0
3647170,9.45,67.5,0.0,0.0,10.8,22.2,1.0,08545,23.0
3647184,12.5,98.0,10.0,8.1,25.2,42.6,8.0,08545,23.0
3647204,14.5,54.0,0.0,0.0,9.0,20.4,3.0,08545,23.0
3647218,13.4,96.0,0.1,5.6000000000000005,14.4,33.3,8.0,08545,23.0
3647240,11.2,72.5,0.0,0.0,10.8,24.1,1.0,08545,23.0
3647256,16.65,76.5,0.0,0.0,14.4,27.8,2.0,08545,23.0
3647277,17.75,60.5,0.0,0.0,18.0,24.1,1.0,08545,23.0
3647289,17.549999999999997,87.5,0.0,0.0,12.8,35.2,3.0,08545,23.0
3937361,19.2,86.5,0.0,0.0,14.4,22.2,2.0,08545,23.0
3937392,20.65,75.0,0.0,0.0,10.8,20.4,2.0,08545,23.0
3937419,22.65,70.0,0.0,0.0,9.0,20.4,2.0,08545,23.0
3937401,19.0,62.0,0.0,0.0,9.2,18.5,1.0,08545,23.0
3937472,16.5,88.0,2.8000000000000003,5.8,18.55,46.3,18.0,08545,23.0
3937457,16.5,94.0,1.6,7.8999999999999995,16.75,29.6,8.0,08545,23.0
3937489,12.5,82.0,0.2,0.2,22.3,37.0,7.0,08545,23.0
3937499,8.0,84.5,0.0,0.0,6.5,14.8,1.0,08545,23.0
3937540,5.5,78.5,0.0,0.0,4.7,16.7,1.0,08545,23.0
3937520,16.5,33.0,0.0,0.0,13.9,29.6,3.0,08545,23.0
3937525,5.5,81.0,0.0,0.0,6.5,11.1,2.0,08545,23.0
3937591,13.0,82.0,0.0,0.5,7.6,22.2,3.0,08545,23.0
3937563,14.0,91.0,0.8999999999999999,0.0,19.45,22.2,4.0,08545,23.0
3937598,14.5,97.0,0.1,2.5,12.1,22.2,4.0,08545,23.0
3937620,18.0,73.0,0.0,0.30000000000000004,20.35,29.6,3.0,08545,23.0
3937654,18.5,83.0,0.0,0.0,16.6,29.0,2.0,08545,23.0
3937632,20.5,41.5,0.0,0.0,15.700000000000001,29.6,2.0,08545,23.0
4233292,22.0,83.0,0.0,0.0,12.1,20.4,1.0,08545,23.0
4233271,24.0,53.5,0.0,0.30000000000000004,19.45,24.1,3.0,08545,23.0
4233330,16.5,85.5,0.0,0.1,7.6,18.5,2.0,08545,23.0
4233307,28.0,46.5,0.0,0.0,9.4,18.5,1.0,08545,23.0
4233344,15.5,72.0,0.0,1.6,21.4,61.0,18.0,08545,23.0
4233363,9.0,87.0,0.0,0.0,0.0,11.1,1.0,08545,23.0
4233396,9.0,87.0,0.0,0.0,7.4,13.0,1.0,08545,23.0
4233412,6.0,93.0,0.0,0.0,4.7,16.7,1.0,08545,23.0
4233403,12.5,91.0,0.1,0.0,3.6,14.8,4.0,08545,23.0
4233449,12.5,91.0,0.0,0.0,1.8,14.8,3.0,08545,23.0
4233489,11.0,85.0,0.2,2.0,0.0,27.8,3.0,08545,23.0
4233470,17.5,80.5,0.0,0.4,17.5,31.5,4.0,08545,23.0
4233543,17.0,77.0,0.0,1.1,25.0,42.6,4.0,08545,23.0
4233426,17.5,70.0,0.0,0.0,11.2,31.5,1.0,08545,23.0
4233502,22.0,38.0,0.0,0.0,15.7,29.6,1.0,08545,23.0
4233514,13.5,85.0,0.0,1.9000000000000004,11.2,31.5,3.0,08545,23.0
4233588,16.5,77.0,0.0,0.4,22.3,39.0,2.0,08545,23.0
4539019,21.5,80.5,0.0,0.0,10.3,22.0,2.0,08545,23.0
4539218,18.0,75.0,0.0,0.0,14.8,31.5,2.0,08545,23.0
4539234,19.0,49.0,0.0,0.0,13.0,20.4,2.0,08545,23.0
4539442,22.0,36.5,0.0,0.0,10.3,22.2,2.0,08545,23.0
4539297,11.5,94.0,0.1,2.0,6.5,14.8,3.0,08545,23.0
4539380,15.0,88.0,0.0,0.0,6.5,16.0,2.0,08545,23.0
4539397,10.0,68.5,0.0,0.0,12.1,22.2,2.0,08545,23.0
4539415,14.5,72.0,0.0,0.0,13.0,31.5,2.0,08545,23.0
4539427,7.5,76.0,0.0,0.0,19.45,24.1,1.0,08545,23.0
4539159,14.0,67.5,0.1,0.6,15.700000000000001,50.0,3.0,08545,23.0
4539182,11.0,94.0,0.30000000000000004,0.5,8.5,13.0,5.0,08545,23.0
4539200,11.5,91.0,0.0,0.0,7.4,22.2,3.0,08545,23.0
4539255,11.0,91.0,1.0,2.6,16.6,48.2,18.0,08545,23.0
4539268,20.5,51.0,0.0,0.0,12.0,29.6,1.0,08545,23.0
4539322,18.5,78.0,0.3,0.0,12.0,20.4,3.0,08545,23.0
4539338,14.0,91.0,0.0,0.0,15.5,24.1,2.0,08545,23.0
4539367,20.5,56.0,0.0,0.0,14.0,31.0,1.0,08545,23.0
4844168,28.0,53.0,0.0,0.0,6.0,18.5,1.0,08545,23.0
4844181,,,,,,,,08545,23.0
4844200,,,,,,,,08545,23.0
4844218,,,,,,,,08545,23.0
4844236,,,,,,,,08545,23.0
4844254,,,,,,,,08545,23.0
4844277,,,,,,,,08545,23.0
4844282,,,,,,,,08545,23.0
4844300,,,,,,,,08545,23.0
4844330,,,,,,,,08545,23.0
4844341,,,,,,,,08545,23.0
4844360,,,,,,,,08545,23.0
4844379,,,,,,,,08545,23.0
4844400,,,,,,,,08545,23.0
4844419,,,,,,,,08545,23.0
4844444,,,,,,,,08545,23.0
4844459,,,,,,,,08545,23.0
3647002,23.65,85.5,0.2,1.6,10.8,,,08512,7.6
3647021,21.3,92.0,0.4,4.6,20.15,,,08512,7.6
3647029,21.85,69.0,0.6000000000000001,1.2,21.8,,,08512,7.6
3647047,21.35,83.0,1.7,1.9,20.9,,,08512,7.6
3647065,21.95,76.0,0.0,0.5,13.0,,,08512,7.6
3647083,20.45,72.5,0.2,0.5,22.3,,,08512,7.6
3647102,19.0,58.5,0.2,0.4,15.100000000000001,,,08512,7.6
3647119,14.649999999999999,67.5,0.0,0.0,12.4,,,08512,7.6
3647137,14.899999999999999,61.0,0.0,0.0,11.2,,,08512,7.6
3647150,15.0,59.0,0.0,0.0,30.6,,,08512,7.6
3647168,13.85,79.0,0.0,0.0,16.2,,,08512,7.6
3647194,13.35,66.5,0.0,0.2,20.9,,,08512,7.6
3647214,15.85,95.5,0.8,2.4,23.4,,,08512,7.6
3647230,13.149999999999999,61.0,0.0,0.6,17.65,,,08512,7.6
3647250,14.35,61.5,1.0,2.9,45.35,,,08512,7.6
3647268,13.45,91.5,0.5,1.3,22.3,,,08512,7.6
3647281,18.0,78.0,0.0,3.1,13.0,,,08512,7.6
3937360,22.05,80.5,0.0,0.6000000000000001,19.45,,3.0,08512,7.6
3937366,23.0,69.0,0.0,0.0,16.6,,3.0,08512,7.6
3937422,24.05,65.0,0.0,0.0,20.35,,3.0,08512,7.6
3937403,25.5,63.0,0.0,0.4,19.25,,3.0,08512,7.6
3937408,20.95,91.5,0.4,0.1,8.3,,7.0,08512,7.6
3937441,19.25,54.0,0.0,0.0,13.7,,3.0,08512,7.6
3937440,18.75,96.5,0.0,2.4,22.85,,3.0,08512,7.6
3937488,13.5,74.5,0.0,0.0,6.5,,3.0,08512,7.6
3937497,15.0,63.0,0.0,0.0,13.0,,3.0,08512,7.6
3937522,17.5,77.5,0.2,0.4,20.5,,17.0,08512,7.6
3937528,16.0,72.0,0.0,0.2,18.55,,3.0,08512,7.6
3937594,15.5,65.0,0.0,0.0,30.6,,3.0,08512,7.6
3937553,14.85,88.0,0.0,0.0,18.35,,3.0,08512,7.6
3937602,13.0,79.5,0.30000000000000004,4.8999999999999995,18.549999999999997,,7.0,08512,7.6
3937631,18.0,94.0,5.1,9.0,26.799999999999997,,9.0,08512,7.6
3937652,18.5,91.0,0.4,0.30000000000000004,21.4,,7.0,08512,7.6
3937638,18.0,75.5,0.5,0.2,25.0,,17.0,08512,7.6
4539206,28.0,60.0,0.0,0.1,18.4,,3.0,08512,7.6
4539228,24.5,86.5,,,13.9,,,08512,7.6
4539275,24.0,65.0,0.0,0.0,18.4,,3.0,08512,7.6
4539445,22.5,91.5,1.8,4.4,22.3,,9.0,08512,7.6
4539299,17.15,62.5,0.0,0.0,18.75,,3.0,08512,7.6
4539379,20.0,78.0,0.0,0.0,21.4,,3.0,08512,7.6
4539398,18.5,88.0,0.0,0.30000000000000004,13.9,,3.0,08512,7.6
4539416,16.0,82.0,0.0,0.0,15.7,,3.0,08512,7.6
4539434,18.0,78.0,0.0,0.0,25.9,,2.0,08512,7.6
4539148,18.0,60.0,0.0,0.1,13.9,,1.0,08512,7.6
4539166,17.0,77.0,0.0,3.1000000000000005,25.9,,2.0,08512,7.6
4539184,15.5,82.5,0.0,0.1,33.3,,3.0,08512,7.6
4539247,14.5,79.5,0.3,1.2000000000000002,26.8,,17.0,08512,7.6
4539265,16.5,77.0,0.1,0.5,20.0,,17.0,08512,7.6
4539319,16.0,74.5,0.0,1.0,22.0,,3.0,08512,7.6
4539337,18.0,73.0,0.0,0.0,23.0,,3.0,08512,7.6
4539356,17.0,65.5,0.1,0.1,26.0,,7.0,08512,7.6
4844173,24.0,57.0,,,7.9,,,08512,7.6
4844192,,,,,,,,08512,7.6
4844210,,,,,,,,08512,7.6
4844219,,,,,,,,08512,7.6
4844239,,,,,,,,08512,7.6
4844255,,,,,,,,08512,7.6
4844272,,,,,,,,08512,7.6
4844294,,,,,,,,08512,7.6
4844308,,,,,,,,08512,7.6
4844321,,,,,,,,08512,7.6
4844339,,,,,,,,08512,7.6
4844356,,,,,,,,08512,7.6
4844383,,,,,,,,08512,7.6
4844401,,,,,,,,08512,7.6
4844420,,,,,,,,08512,7.6
4844433,,,,,,,,08512,7.6
4844456,,,,,,,,08512,7.6
3647005,21.6,64.5,,,24.1,35.2,1.0,08545,8.9
3647015,20.05,81.0,0.0,0.0,5.4,13.0,1.0,08545,8.9
3647034,22.15,72.5,0.0,0.0,16.2,16.7,2.0,08545,8.9
3647052,16.450000000000003,81.0,0.0,0.0,10.8,16.7,3.0,08545,8.9
3647069,13.0,97.0,,,2.7,18.5,2.0,08545,8.9
3647087,9.35,77.5,0.0,0.0,16.200000000000003,24.1,1.0,08545,8.9
3647105,11.55,91.5,0.0,0.0,16.2,24.1,2.0,08545,8.9
3647122,13.45,57.0,0.0,0.0,18.0,29.6,2.0,08545,8.9
3647140,10.55,84.0,0.0,0.0,7.2,11.1,3.0,08545,8.9
3647149,15.100000000000001,49.0,0.0,0.0,9.0,24.1,3.0,08545,8.9
3647179,14.1,57.0,0.0,0.0,16.2,27.8,1.0,08545,8.9
3647190,9.3,74.0,0.0,0.0,21.6,33.3,3.0,08545,8.9
3647209,13.5,59.5,0.0,0.0,16.200000000000003,25.9,3.0,08545,8.9
3647226,15.9,54.5,0.0,0.0,5.4,18.5,3.0,08545,8.9
3647251,13.5,88.5,0.0,0.0,12.600000000000001,22.0,3.0,08545,8.9
3647261,15.0,68.5,0.0,0.0,9.0,14.8,2.0,08545,8.9
3647282,15.5,82.5,0.0,0.0,5.4,18.5,5.0,08545,8.9
3937382,22.55,67.0,0.0,0.0,16.2,27.8,2.0,08545,8.9
3937385,18.85,86.5,0.0,0.0,5.4,18.5,5.0,08545,8.9
3937427,19.85,91.5,0.0,2.0,11.9,33.0,4.0,08545,8.9
3937430,23.05,73.0,0.0,0.0,12.600000000000001,16.7,2.0,08545,8.9
3937414,18.5,80.5,0.0,0.0,11.2,20.4,4.0,08545,8.9
3937447,18.5,73.0,0.0,0.0,8.3,18.5,2.0,08545,8.9
3937462,15.5,82.0,0.0,0.0,12.100000000000001,16.7,2.0,08545,8.9
3937492,13.0,100.0,0.0,0.8,7.4,16.7,7.0,08545,8.9
3937503,4.5,78.0,0.0,0.0,2.7,18.5,1.0,08545,8.9
3937545,7.5,69.0,0.0,0.0,3.8,20.0,1.0,08545,8.9
3937514,13.5,58.5,0.0,0.0,12.1,18.5,2.0,08545,8.9
3937575,8.5,78.5,0.0,0.0,6.8,16.7,2.0,08545,8.9
3937559,10.5,87.5,0.0,0.0,8.3,16.7,2.0,08545,8.9
3937552,16.5,77.0,0.0,0.0,6.5,11.1,2.0,08545,8.9
3937625,17.0,77.0,0.0,0.0,21.4,36.0,3.0,08545,8.9
3937663,19.0,83.0,0.0,0.5,11.2,25.0,2.0,08545,8.9
3937637,21.0,47.5,0.0,0.0,17.5,35.2,2.0,08545,8.9
4233287,20.0,88.0,0.0,0.0,18.55,25.9,2.0,08545,8.9
4233279,21.5,62.5,0.0,0.0,33.5,48.2,2.0,08545,8.9
4233299,17.5,91.0,0.0,0.0,8.5,16.7,2.0,08545,8.9
4233337,28.5,48.5,0.0,0.0,7.6,14.8,1.0,08545,8.9
4233315,17.0,68.0,0.5,4.1000000000000005,9.399999999999999,27.8,3.0,08545,8.9
4233368,18.5,97.0,4.1,0.5,16.6,33.3,5.0,08545,8.9
4233352,13.0,83.0,6.5,3.3000000000000003,44.45,50.0,9.0,08545,8.9
4233391,9.0,87.5,0.0,0.0,4.7,22.2,1.0,08545,8.9
4233398,7.0,93.0,0.0,0.7,0.0,20.4,2.0,08545,8.9
4233444,19.5,54.5,0.0,0.0,14.8,24.1,3.0,08545,8.9
4233447,10.5,73.5,0.0,0.30000000000000004,16.75,20.4,3.0,08545,8.9
4233483,9.0,68.5,0.0,0.30000000000000004,14.8,44.5,2.0,08545,8.9
4233466,10.5,81.5,0.6,9.3,12.05,40.8,18.0,08545,8.9
4233529,9.45,84.5,1.7000000000000002,3.8000000000000003,10.5,31.0,18.0,08545,8.9
4233501,22.0,50.0,0.0,0.0,15.700000000000001,28.0,2.0,08545,8.9
4233577,16.5,88.0,0.2,7.3,14.8,44.5,7.0,08545,8.9
4233584,16.0,88.5,0.0,0.0,10.3,27.8,3.0,08545,8.9
4539203,17.5,97.0,0.0,0.0,11.2,31.5,5.0,08545,8.9
4539220,16.5,97.0,,,8.5,27.8,2.0,08545,8.9
4539276,15.5,91.0,0.0,0.0,6.5,14.8,2.0,08545,8.9
4539294,14.0,85.0,1.4000000000000001,0.8999999999999999,10.3,21.0,3.0,08545,8.9
4539376,13.5,94.0,0.0,0.0,0.0,13.0,2.0,08545,8.9
4539394,13.5,54.5,0.0,0.0,21.4,63.0,2.0,08545,8.9
4539418,11.0,91.0,0.0,0.0,7.3999999999999995,27.8,2.0,08545,8.9
4539435,16.0,68.0,1.7,0.0,37.1,55.5,4.0,08545,8.9
4539154,14.0,94.0,8.3,1.7000000000000002,15.700000000000001,35.2,8.0,08545,8.9
4539174,8.5,90.0,0.0,0.0,4.7,33.3,2.0,08545,8.9
4539191,14.0,77.0,0.0,0.0,8.5,16.7,4.0,08545,8.9
4539246,13.5,39.5,0.0,0.0,24.1,48.2,2.0,08545,8.9
4539251,10.0,79.0,0.0,0.8,17.5,51.8,3.0,08545,8.9
4539270,15.0,77.0,0.0,0.0,6.45,22.2,3.0,08545,8.9
4539324,18.5,78.0,0.3,0.0,12.0,20.4,3.0,08545,8.9
4539342,18.0,57.5,0.0,0.0,4.5,24.1,1.0,08545,8.9
4539363,14.0,74.5,0.0,0.0,9.5,31.5,3.0,08545,8.9
3647004,17.4,85.0,,,14.6,31.5,1.0,08540,11.2
3647023,20.6,72.5,,,8.25,22.2,2.0,08540,11.2
3647040,19.5,66.0,,,22.15,50.0,2.0,08540,11.2
3647058,18.8,59.5,,,23.75,50.0,2.0,08540,11.2
3647077,19.25,99.0,,,11.2,35.2,9.0,08540,11.2
3647095,9.3,64.5,,,20.15,38.9,2.0,08540,11.2
3647114,19.35,61.0,,,14.600000000000001,18.5,2.0,08540,11.2
3647138,12.85,96.5,,,7.4,14.8,4.0,08540,11.2
3647145,11.05,81.5,,,8.3,13.0,2.0,08540,11.2
3647161,10.05,71.5,,,4.5,13.0,1.0,08540,11.2
3647183,12.9,94.0,,,9.399999999999999,29.6,8.0,08540,11.2
3647199,14.2,58.5,,,5.4,16.7,2.0,08540,11.2
3647222,11.2,98.5,,,7.4,22.2,8.0,08540,11.2
3647241,16.1,38.5,,,22.85,33.3,1.0,08540,11.2
3647260,15.65,78.5,,,16.75,29.6,2.0,08540,11.2
3647271,15.75,74.5,,,13.700000000000001,24.1,1.0,08540,11.2
3647284,15.0,94.0,,,11.2,25.9,2.0,08540,11.2
3937371,21.8,70.0,0.0,0.0,11.2,27.8,2.0,08540,11.2
3937384,22.1,69.0,0.0,0.0,29.15,42.6,2.0,08540,11.2
3937420,24.05,51.5,0.0,0.0,25.549999999999997,38.9,2.0,08540,11.2
3937402,26.25,51.5,0.0,0.0,13.700000000000001,24.1,2.0,08540,11.2
3937474,17.6,80.5,0.0,0.0,8.3,18.5,7.0,08540,11.2
3937454,16.05,82.0,0.0,0.0,2.7,13.0,3.0,08540,11.2
3937481,17.35,91.5,4.6,2.6999999999999997,9.2,27.8,8.0,08540,11.2
3937486,12.95,99.0,1.9,12.9,6.300000000000001,27.8,8.0,08540,11.2
3937512,9.25,59.0,0.0,0.0,6.5,22.2,1.0,08540,11.2
3937538,12.95,36.5,0.0,0.0,5.4,25.9,1.0,08540,11.2
3937527,15.9,63.5,0.0,0.0,9.2,16.7,2.0,08540,11.2
3937593,13.7,90.0,0.0,3.0,12.8,22.2,4.0,08540,11.2
3937562,17.35,62.5,0.0,0.0,19.25,29.6,3.0,08540,11.2
3937600,17.9,63.0,0.0,0.0,11.2,25.9,2.0,08540,11.2
3937621,14.5,79.5,0.0,6.4,6.5,20.4,18.0,08540,11.2
3937653,17.5,80.5,0.0,0.0,9.399999999999999,24.1,2.0,08540,11.2
3937639,18.8,57.5,0.0,1.0,10.3,31.5,3.0,08540,11.2
3937377,19.9,84.5,0.0,0.0,7.2,20.4,2.0,08545,14.9
3937390,17.4,88.0,0.0,0.0,5.4,14.8,2.0,08545,14.9
3937429,21.85,77.5,0.0,0.0,3.6,18.5,3.0,08545,14.9
3937399,25.5,54.0,0.0,0.0,12.1,24.1,1.0,08545,14.9
3937471,18.0,88.0,0.1,0.9999999999999999,11.2,22.2,7.0,08545,14.9
3937469,17.5,85.5,0.0,0.0,9.399999999999999,20.4,3.0,08545,14.9
3937480,16.0,88.0,0.2,1.0,27.7,40.8,4.0,08545,14.9
3937510,13.0,100.0,0.0,0.1,21.4,30.0,4.0,08545,14.9
3937536,11.5,45.5,0.0,0.0,12.3,22.2,1.0,08545,14.9
3937519,12.5,72.0,0.0,0.0,3.6,16.7,2.0,08545,14.9
3937513,13.0,72.0,0.0,0.0,19.45,29.6,2.0,08545,14.9
3937590,18.5,64.0,0.0,0.30000000000000004,13.9,25.9,3.0,08545,14.9
3937571,16.0,53.5,0.0,0.0,15.700000000000001,29.6,2.0,08545,14.9
3937597,23.0,55.0,0.0,0.0,16.6,25.9,1.0,08545,14.9
3937619,16.5,94.0,0.0,0.0,11.2,16.7,3.0,08545,14.9
3937659,19.5,64.0,0.0,0.0,25.0,40.8,2.0,08545,14.9
3937643,18.5,70.5,0.0,1.3,18.4,32.0,3.0,08545,14.9
4233288,21.0,73.0,0.0,0.0,27.7,37.0,1.0,08545,14.9
4233264,19.5,75.5,0.0,0.0,20.35,44.5,2.0,08545,14.9
4233323,22.5,71.0,0.1,2.2,26.799999999999997,38.9,3.0,08545,14.9
4233303,22.0,57.0,0.0,0.0,2.7,13.0,1.0,08545,14.9
4233346,15.0,94.0,3.1,1.3,10.3,31.5,18.0,08545,14.9
4233348,13.5,72.0,2.8,2.3000000000000003,14.8,25.9,18.0,08545,14.9
4233354,13.5,65.0,0.0,0.0,2.7,13.0,2.0,08545,14.9
4233392,16.5,51.5,0.0,0.0,8.5,20.4,1.0,08545,14.9
4233415,7.5,90.0,0.0,0.0,0.0,13.0,2.0,08545,14.9
4233441,13.5,79.5,0.0,0.0,7.4,22.0,2.0,08545,14.9
4233431,12.0,94.0,0.0,1.7999999999999998,15.700000000000001,33.3,7.0,08545,14.9
4233484,12.5,85.5,0.2,3.6,15.700000000000001,44.5,8.0,08545,14.9
4233476,10.5,81.5,0.6,9.3,12.05,40.8,18.0,08545,14.9
4233532,17.0,77.0,0.0,1.1,25.0,42.6,4.0,08545,14.9
4233507,15.5,72.0,0.0,0.7,9.399999999999999,22.2,2.0,08545,14.9
4233513,16.5,88.0,0.2,7.3,14.8,44.5,7.0,08545,14.9
4233590,14.5,82.5,0.0,0.1,14.8,38.9,2.0,08545,14.9
4539208,23.0,83.0,0.0,0.0,24.1,38.9,2.0,08545,14.9
4539224,20.5,78.0,,,11.2,25.9,2.0,08545,14.9
4539280,20.0,78.0,0.0,0.0,12.1,22.2,3.0,08545,14.9
4539290,18.0,94.0,0.0,0.0,6.5,14.8,4.0,08545,14.9
4539306,21.5,58.5,0.0,0.0,11.2,13.0,2.0,08545,14.9
4539390,20.0,68.0,0.0,0.0,18.55,31.5,3.0,08545,14.9
4539405,12.5,54.0,0.0,0.0,15.700000000000001,29.6,3.0,08545,14.9
4539426,13.5,67.5,0.0,0.0,10.3,22.2,2.0,08545,14.9
4539155,10.0,73.5,0.0,0.0,1.8,18.5,1.0,08545,14.9
4539168,8.5,78.5,0.0,0.0,7.4,27.8,1.0,08545,14.9
4539190,14.5,72.0,0.0,2.3,11.2,25.9,3.0,08545,14.9
4539239,9.0,62.0,0.0,0.0,12.1,44.5,2.0,08545,14.9
4539256,12.0,67.0,,,6.5,25.9,7.0,08545,14.9
4539312,14.0,85.0,0.0,0.0,7.0,18.5,2.0,08545,14.9
4539334,14.75,85.0,,,21.299999999999997,44.5,8.0,08545,14.9
4539350,16.7,75.0,0.0,0.0,25.5,43.0,2.0,08545,14.9
4539368,20.5,56.0,0.0,0.0,14.0,31.0,1.0,08545,14.9
4844174,21.450000000000003,68.0,,,14.8,29.6,2.0,08545,14.9
4844196,,,,,,,,08545,14.9
4844212,,,,,,,,08545,14.9
4844227,,,,,,,,08545,14.9
4844245,,,,,,,,08545,14.9
4844267,,,,,,,,08545,14.9
4844286,,,,,,,,08545,14.9
4844311,,,,,,,,08545,14.9
4844316,,,,,,,,08545,14.9
4844333,,,,,,,,08545,14.9
4844354,,,,,,,,08545,14.9
4844371,,,,,,,,08545,14.9
4844387,,,,,,,,08545,14.9
4844406,,,,,,,,08545,14.9
4844422,,,,,,,,08545,14.9
4844443,,,,,,,,08545,14.9
4844455,,,,,,,,08545,14.9
3937374,25.2,47.0,0.0,0.0,7.2,22.2,2.0,08567,57.8
3937369,30.700000000000003,23.0,0.0,0.0,14.4,29.6,2.0,08567,57.8
3937421,17.65,87.5,0.0,0.8999999999999999,5.4,16.7,3.0,08567,57.8
3937400,21.5,48.0,0.0,0.0,5.7,14.8,2.0,08567,57.8
3937473,13.2,86.0,0.30000000000000004,6.8,6.65,25.9,7.0,08567,57.8
3937455,12.75,91.5,0.4,0.2,5.5,18.5,7.0,08567,57.8
3937479,13.05,87.5,0.2,1.5999999999999999,11.05,25.9,4.0,08567,57.8
3937475,9.6,56.0,0.0,0.0,13.0,25.9,2.0,08567,57.8
3937534,12.8,44.0,0.0,0.0,7.4,20.4,1.0,08567,57.8
3937537,11.95,68.5,0.0,3.7,1.8,7.4,3.0,08567,57.8
3937595,8.5,56.5,0.0,0.0,1.8,7.4,1.0,08567,57.8
3937592,14.95,78.5,0.0,1.0,13.0,27.8,4.0,08567,57.8
3937572,16.85,37.0,0.0,0.0,5.5,14.8,2.0,08567,57.8
3937599,20.4,50.5,0.0,0.0,12.5,27.8,2.0,08567,57.8
3937609,19.299999999999997,64.5,0.0,0.4,13.35,35.2,2.0,08567,57.8
3937655,19.85,34.0,0.0,0.0,11.1,25.9,2.0,08567,57.8
3937640,20.5,65.0,0.0,0.8,5.5,16.7,3.0,08567,57.8
4233295,25.8,67.5,0.0,0.0,14.4,28.0,2.0,08567,57.8
4233270,21.25,67.0,0.1,0.3,7.4,22.2,4.0,08567,57.8
4233326,24.9,36.5,0.0,0.0,6.45,14.8,2.0,08567,57.8
4233306,30.9,24.5,0.0,0.0,4.6,13.0,2.0,08567,57.8
4233342,12.0,76.0,2.0,16.700000000000003,25.0,61.1,18.0,08567,57.8
4233375,6.3,89.5,0.0,0.0,4.6,14.8,3.0,08567,57.8
4233390,7.25,79.0,0.0,0.0,1.8,11.1,4.0,08567,57.8
4233417,7.5,96.5,5.8,0.1,4.85,13.0,4.0,08567,57.8
4233435,7.0,73.0,0.0,0.0,2.35,9.3,3.0,08567,57.8
4233425,14.95,64.0,0.0,0.0,3.7,14.8,2.0,08567,57.8
4233453,15.65,59.0,0.0,0.0,4.6,13.0,3.0,08567,57.8
4233488,7.95,86.5,3.5,6.700000000000001,12.05,33.3,8.0,08567,57.8
4233473,19.950000000000003,58.0,0.0,0.0,6.45,14.8,3.0,08567,57.8
4233534,17.450000000000003,52.0,0.0,0.0,11.1,25.9,3.0,08567,57.8
4233503,22.5,29.5,0.0,0.0,5.5,20.4,1.0,08567,57.8
4233578,14.15,80.5,0.0,2.6,10.2,27.8,3.0,08567,57.8
4233570,21.2,53.0,0.0,0.0,7.4,22.2,2.0,08567,57.8
3937364,20.9,79.0,0.0,0.0,18.0,29.6,2.0,08545,35.7
3937386,18.45,94.5,0.0,0.0,7.2,11.1,2.0,08545,35.7
3937435,20.15,92.0,11.6,5.9,18.0,31.5,18.0,08545,35.7
3937416,20.5,66.0,0.0,0.0,12.1,20.4,2.0,08545,35.7
3937453,18.0,88.0,2.8,35.1,22.3,42.6,18.0,08545,35.7
3937465,16.0,79.5,0.0,0.0,9.4,14.8,2.0,08545,35.7
3937483,16.0,91.0,0.1,0.4,35.3,46.3,7.0,08545,35.7
3937507,13.5,100.0,0.0,0.2,21.25,31.5,4.0,08545,35.7
3937544,12.5,42.5,0.0,0.0,13.0,25.9,1.0,08545,35.7
3937516,9.0,58.0,0.0,0.0,7.4,22.2,1.0,08545,35.7
3937579,7.0,100.0,0.1,0.6,9.399999999999999,14.8,7.0,08545,35.7
3937574,15.0,94.0,0.0,0.30000000000000004,9.399999999999999,20.4,4.0,08545,35.7
3937568,15.0,94.0,0.0,0.4,8.3,18.5,5.0,08545,35.7
3937622,20.5,36.5,0.0,0.0,13.0,22.2,2.0,08545,35.7
3937613,18.5,88.0,0.0,0.4,15.700000000000001,28.0,3.0,08545,35.7
3937662,19.0,62.0,0.0,0.0,25.0,40.8,2.0,08545,35.7
3937646,17.0,72.0,0.0,0.0,10.3,24.1,3.0,08545,35.7
4233296,21.0,78.0,0.0,0.0,15.7,27.8,1.0,08545,35.7
4233275,19.0,88.0,0.3,0.0,3.6,13.0,7.0,08545,35.7
4233321,19.0,83.0,0.0,0.1,25.0,37.0,3.0,08545,35.7
4233302,31.0,46.0,0.0,0.0,9.4,20.4,1.0,08545,35.7
4233317,15.0,85.5,2.1,5.7,11.2,25.9,18.0,08545,35.7
4233372,18.0,94.0,0.9,1.0,21.4,34.0,7.0,08545,35.7
4233359,15.5,74.5,0.0,0.0,9.399999999999999,22.2,4.0,08545,35.7
4233384,14.5,67.5,0.0,0.0,6.5,18.5,1.0,08545,35.7
4233400,16.0,94.0,4.8,14.6,20.5,29.0,5.0,08545,35.7
4233404,12.0,94.0,0.1,0.1,7.4,20.4,3.0,08545,35.7
4233432,16.0,63.0,0.0,0.0,7.4,18.5,2.0,08545,35.7
4233480,15.0,94.0,2.0,1.7999999999999998,29.7,46.3,9.0,08545,35.7
4233463,13.0,67.0,3.0,6.3,25.0,48.2,18.0,08545,35.7
4233497,12.95,65.5,0.0,2.1,20.5,44.0,18.0,08545,35.7
4233540,15.5,79.5,0.0,0.0,13.899999999999999,35.2,1.0,08545,35.7
4233509,14.0,61.0,0.0,0.30000000000000004,20.35,38.9,3.0,08545,35.7
4233572,17.5,83.0,0.0,0.0,21.25,38.9,2.0,08545,35.7
4233289,31.0,47.5,0.0,0.0,13.0,31.5,1.0,08554,3.3
4233266,24.5,67.0,0.0,0.0,24.1,41.0,3.0,08554,3.3
4233322,21.5,91.0,0.0,4.8,14.8,25.9,3.0,08554,3.3
4233320,24.0,67.0,0.0,0.0,8.3,20.4,1.0,08554,3.3
4233309,26.5,61.5,0.0,0.0,18.55,31.5,2.0,08554,3.3
4233341,13.5,69.5,0.0,0.0,9.2,18.5,1.0,08554,3.3
4233350,14.0,79.5,0.1,0.0,12.95,24.1,2.0,08554,3.3
4233388,13.5,59.0,0.0,0.0,20.35,27.8,1.0,08554,3.3
4233411,16.0,45.0,0.0,0.0,13.9,22.2,2.0,08554,3.3
4233445,15.5,82.0,0.0,0.0,10.3,22.0,3.0,08554,3.3
4233430,16.5,61.5,0.0,0.0,35.3,44.5,2.0,08554,3.3
4233486,15.5,74.5,0.0,0.0,14.8,40.8,3.0,08554,3.3
4233475,20.5,58.0,0.0,0.0,7.6,18.5,4.0,08554,3.3
4233523,19.0,75.5,0.0,0.0,18.55,35.2,2.0,08554,3.3
4233520,21.0,71.5,0.0,0.0,11.0,27.8,1.0,08554,3.3
4233512,20.0,80.5,0.0,0.2,25.0,38.9,3.0,08554,3.3
4233582,20.5,56.0,0.0,0.0,31.7,42.6,2.0,08554,3.3
4539017,23.0,78.0,0.0,0.0,15.700000000000001,22.0,1.0,08554,3.3
4539216,24.5,73.5,0.0,0.0,8.5,20.4,1.0,08554,3.3
4539278,21.5,80.5,0.0,0.0,17.65,31.5,2.0,08554,3.3
4539288,22.0,83.0,0.0,0.0,16.6,24.1,2.0,08554,3.3
4539304,20.0,73.0,0.0,0.5,10.3,21.0,2.0,08554,3.3
4539389,18.0,94.0,0.0,0.0,9.4,14.8,5.0,08554,3.3
4539403,16.0,67.5,0.0,0.0,13.9,25.9,2.0,08554,3.3
4539422,16.5,57.0,0.0,0.0,11.2,25.9,1.0,08554,3.3
4539164,18.0,78.0,0.0,3.0,20.5,25.9,2.0,08554,3.3
4539181,16.5,72.5,0.0,0.0,11.2,18.5,3.0,08554,3.3
4539192,16.0,82.0,0.0,0.0,7.3999999999999995,18.5,2.0,08554,3.3
4539244,14.5,82.5,0.2,0.2,16.75,27.0,3.0,08554,3.3
4539257,16.0,65.5,,,26.799999999999997,33.3,2.0,08554,3.3
4539313,18.9,74.5,0.0,0.0,9.5,24.1,2.0,08554,3.3
4539330,18.799999999999997,73.5,,,24.1,35.2,3.0,08554,3.3
4539352,20.0,73.0,0.0,0.8,27.0,40.8,3.0,08554,3.3
4539371,21.8,61.5,0.0,0.0,8.5,24.1,1.0,08554,3.3
4233285,23.5,55.5,0.0,0.0,27.9,44.5,2.0,08536,8.6
4233262,22.0,67.0,0.0,0.0,23.200000000000003,33.3,3.0,08536,8.6
4233300,21.0,71.0,0.0,0.0,14.799999999999999,27.8,3.0,08536,8.6
4233319,22.0,78.0,0.0,0.0,23.200000000000003,27.8,2.0,08536,8.6
4233316,17.0,97.0,0.0,2.8000000000000003,12.100000000000001,20.4,18.0,08536,8.6
4233370,18.0,94.0,0.0,0.0,11.2,18.5,3.0,08536,8.6
4233376,18.0,88.0,0.0,0.0,14.8,24.1,3.0,08536,8.6
4233381,11.5,88.0,0.0,0.0,4.7,16.7,3.0,08536,8.6
4233410,13.0,72.0,0.0,0.0,7.4,22.2,3.0,08536,8.6
4233437,14.5,88.0,0.0,0.0,4.5,14.8,2.0,08536,8.6
4233456,13.0,88.0,0.0,0.0,18.55,50.0,3.0,08536,8.6
4233459,12.5,82.5,0.0,0.0,14.8,33.3,3.0,08536,8.6
4233462,12.5,88.0,0.4,12.299999999999999,26.8,46.3,18.0,08536,8.6
4233527,9.0,97.0,0.0,3.8000000000000003,9.5,33.3,18.0,08536,8.6
4233521,29.0,31.0,0.0,0.0,3.8,27.8,2.0,08536,8.6
4233515,13.5,65.0,0.0,0.0,13.0,38.9,3.0,08536,8.6
4233583,19.0,52.0,0.0,0.0,18.55,38.9,2.0,08536,8.6
4539204,22.0,63.0,0.0,0.0,17.5,42.6,2.0,08536,8.6
4539225,21.5,75.5,,,25.9,31.5,2.0,08536,8.6
4539236,28.5,16.0,0.0,0.0,16.6,25.9,1.0,08536,8.6
4539441,23.0,33.0,0.0,0.0,14.8,31.5,2.0,08536,8.6
4539296,14.0,85.0,0.0,0.0,19.45,22.2,2.0,08536,8.6
4539378,20.5,73.0,0.0,0.0,27.7,35.2,3.0,08536,8.6
4539399,10.0,76.0,0.0,0.0,19.450000000000003,27.8,2.0,08536,8.6
4539413,12.0,62.0,0.0,0.0,16.6,27.8,1.0,08536,8.6
4539432,14.0,94.0,0.0,0.6,15.700000000000001,35.2,3.0,08536,8.6
4539149,12.0,100.0,0.0,3.6,13.9,31.5,7.0,08536,8.6
4539167,11.0,69.0,0.0,0.0,27.7,42.6,3.0,08536,8.6
4539194,17.5,45.0,0.0,0.0,7.6,22.2,3.0,08536,8.6
4539254,12.0,82.0,0.7,9.0,18.55,37.0,18.0,08536,8.6
4539273,18.0,42.5,0.0,0.0,16.0,29.6,2.0,08536,8.6
4539326,18.5,73.0,0.0,0.6,20.5,35.2,3.0,08536,8.6
4539344,14.5,77.0,0.0,0.0,29.0,40.8,2.0,08536,8.6
4539361,19.0,49.0,0.0,0.0,19.5,33.3,2.0,08536,8.6
4844178,22.45,65.5,,0.0,14.8,27.8,1.0,08536,8.6
4844185,,,,,,,,08536,8.6
4844197,,,,,,,,08536,8.6
4844222,,,,,,,,08536,8.6
4844234,,,,,,,,08536,8.6
4844252,,,,,,,,08536,8.6
4844275,,,,,,,,08536,8.6
4844288,,,,,,,,08536,8.6
4844313,,,,,,,,08536,8.6
4844318,,,,,,,,08536,8.6
4844345,,,,,,,,08536,8.6
4844362,,,,,,,,08536,8.6
4844381,,,,,,,,08536,8.6
4844396,,,,,,,,08536,8.6
4844417,,,,,,,,08536,8.6
4844436,,,,,,,,08536,8.6
4844453,,,,,,,,08536,8.6
4233293,24.35,69.0,0.0,0.0,16.549999999999997,,3.0,08537,51.4
4233272,24.85,40.0,0.0,0.0,22.15,,2.0,08537,51.4
4233327,25.0,40.5,0.0,0.0,13.35,,1.0,08537,51.4
4233308,32.55,22.5,0.0,0.0,11.35,,1.0,08537,51.4
4233343,16.75,57.5,0.0,0.0,23.6,,2.0,08537,51.4
4233362,8.7,92.0,0.0,0.0,7.0,,1.0,08537,51.4
4233380,13.600000000000001,93.5,0.0,0.1,11.7,,3.0,08537,51.4
4233409,16.799999999999997,83.0,0.7,0.6000000000000001,20.299999999999997,,8.0,08537,51.4
4233436,10.55,72.0,0.0,0.0,14.399999999999999,,2.0,08537,51.4
4233420,13.05,92.5,0.0,0.0,8.100000000000001,,3.0,08537,51.4
4233455,19.700000000000003,59.0,0.0,0.0,7.8999999999999995,,3.0,08537,51.4
4233492,14.65,63.0,0.0,0.3,20.2,,3.0,08537,51.4
4233467,19.549999999999997,77.5,0.0,0.0,7.95,,3.0,08537,51.4
4233542,12.25,68.5,0.0,0.0,23.95,,2.0,08537,51.4
4233500,23.4,48.5,0.0,0.0,15.649999999999999,,2.0,08537,51.4
4233498,16.9,48.5,0.0,0.3,28.450000000000003,,2.0,08537,51.4
4233580,19.85,58.5,0.0,0.0,26.65,,3.0,08537,51.4
4844161,23.5,67.5,0.0,0.0,13.85,,1.0,08537,51.4
4844177,34.55,24.5,0.0,0.0,13.5,,1.0,08537,51.4
4844189,,,,,,,,08537,51.4
4844193,,,,,,,,08537,51.4
4844209,,,,,,,,08537,51.4
4844207,,,,,,,,08537,51.4
4844225,,,,,,,,08537,51.4
4844241,,,,,,,,08537,51.4
4844243,,,,,,,,08537,51.4
4844259,,,,,,,,08537,51.4
4844265,,,,,,,,08537,51.4
4844276,,,,,,,,08537,51.4
4844278,,,,,,,,08537,51.4
4844293,,,,,,,,08537,51.4
4844296,,,,,,,,08537,51.4
4844312,,,,,,,,08537,51.4
4844315,,,,,,,,08537,51.4
4844323,,,,,,,,08537,51.4
4844335,,,,,,,,08537,51.4
4844337,,,,,,,,08537,51.4
4844351,,,,,,,,08537,51.4
4844352,,,,,,,,08537,51.4
4844372,,,,,,,,08537,51.4
4844376,,,,,,,,08537,51.4
4844380,,,,,,,,08537,51.4
4844395,,,,,,,,08537,51.4
4844410,,,,,,,,08537,51.4
4844414,,,,,,,,08537,51.4
4844425,,,,,,,,08537,51.4
4844391,,,,,,,,08537,51.4
4844432,,,,,,,,08537,51.4
4844446,,,,,,,,08537,51.4
4844451,,,,,,,,08537,51.4
4844464,,,,,,,,08537,51.4
4539018,25.5,69.5,0.0,0.0,9.4,22.2,2.0,08545,27.4
4539217,18.0,78.0,0.0,0.0,15.85,31.5,1.0,08545,27.4
4539235,22.5,42.0,0.0,0.0,11.2,25.9,2.0,08545,27.4
4539443,18.0,94.0,0.0,0.0,2.7,13.0,5.0,08545,27.4
4539298,14.5,88.0,0.0,0.0,6.5,20.4,2.0,08545,27.4
4539303,24.0,50.0,0.0,0.0,13.0,16.7,2.0,08545,27.4
4539386,15.5,79.5,0.0,0.4,9.0,20.4,4.0,08545,27.4
4539404,12.0,52.0,0.0,0.0,13.0,27.8,2.0,08545,27.4
4539423,14.5,67.5,0.0,0.0,6.5,18.5,1.0,08545,27.4
4539165,11.5,69.5,2.0,2.5000000000000004,16.75,75.9,18.0,08545,27.4
4539183,11.5,77.0,0.0,0.0,10.3,24.1,4.0,08545,27.4
4539201,12.5,82.5,0.0,0.0,8.3,18.5,3.0,08545,27.4
4539248,10.0,84.5,3.0,5.000000000000001,29.7,55.5,7.0,08545,27.4
4539318,14.0,94.0,6.2,6.5,16.0,38.9,8.0,08545,27.4
4539336,14.55,69.5,,,23.15,48.2,3.0,08545,27.4
4539355,15.5,79.5,0.0,0.0,16.5,24.1,2.0,08545,27.4
4539373,22.25,51.0,0.0,0.0,14.0,23.0,2.0,08545,27.4
4844170,22.55,73.5,0.0,0.0,13.0,38.9,2.0,08545,27.4
4844188,,,,,,,,08545,27.4
4844206,,,,,,,,08545,27.4
4844224,,,,,,,,08545,27.4
4844242,,,,,,,,08545,27.4
4844251,,,,,,,,08545,27.4
4844269,,,,,,,,08545,27.4
4844287,,,,,,,,08545,27.4
4844305,,,,,,,,08545,27.4
4844317,,,,,,,,08545,27.4
4844336,,,,,,,,08545,27.4
4844357,,,,,,,,08545,27.4
4844375,,,,,,,,08545,27.4
4844392,,,,,,,,08545,27.4
4844415,,,,,,,,08545,27.4
4844434,,,,,,,,08545,27.4
4844452,,,,,,,,08545,27.4
4539020,33.5,34.0,0.0,0.0,13.0,27.8,1.0,08536,6.5
4539219,28.0,55.0,0.0,0.0,24.1,44.5,2.0,08536,6.5
4539232,29.5,39.0,0.0,0.0,12.100000000000001,35.2,1.0,08536,6.5
4539439,21.0,48.0,0.0,0.0,19.45,24.1,2.0,08536,6.5
4539295,14.5,69.5,0.0,0.0,19.450000000000003,38.9,2.0,08536,6.5
4539377,19.5,62.0,0.0,0.0,16.6,29.6,2.0,08536,6.5
4539400,11.5,69.0,0.0,0.0,27.7,38.9,2.0,08536,6.5
4539417,10.0,73.5,0.0,0.0,20.5,25.9,1.0,08536,6.5
4539430,15.0,94.0,0.0,3.3,23.2,38.9,18.0,08536,6.5
4539157,12.5,77.0,0.0,0.0,4.5,16.7,3.0,08536,6.5
4539180,13.0,94.0,0.6,0.2,7.7,14.8,4.0,08536,6.5
4539198,16.0,65.5,0.0,0.2,17.5,33.3,2.0,08536,6.5
4539252,11.0,82.0,0.0,0.4,13.0,31.5,3.0,08536,6.5
4539271,22.5,51.5,0.0,0.0,16.5,29.6,1.0,08536,6.5
4539325,17.0,91.0,0.3,1.2,8.0,25.9,4.0,08536,6.5
4539343,16.5,74.5,0.0,0.1,20.5,31.5,3.0,08536,6.5
4539357,15.0,69.5,0.0,0.4,13.0,31.5,2.0,08536,6.5
4539205,26.9,61.0,0.0,0.0,39.9,,2.0,08521,10.7
4539226,25.55,61.0,,,29.200000000000003,,2.0,08521,10.7
4539277,22.9,70.5,0.4,3.7,7.4,,3.0,08521,10.7
4539309,21.799999999999997,77.5,0.1,0.2,1.85,5.5,2.0,08521,10.7
4539387,22.05,73.0,0.0,0.0,5.5,,2.0,08521,10.7
4539409,19.25,69.0,0.0,0.1,17.7,,4.0,08521,10.7
4539284,19.799999999999997,76.5,0.0,0.0,10.3,,3.0,08521,10.7
4539433,19.6,74.0,0.0,0.0,15.55,,4.0,08521,10.7
4539152,21.7,66.0,0.0,0.0,14.600000000000001,,3.0,08521,10.7
4539170,19.75,66.0,0.0,0.0,5.5,,3.0,08521,10.7
4539188,16.9,52.0,0.0,0.1,24.049999999999997,,2.0,08521,10.7
4539243,17.25,63.0,0.6,0.8999999999999999,19.2,,4.0,08521,10.7
4539259,20.05,64.5,,,30.25,,18.0,08521,10.7
4539314,19.65,75.0,0.0,0.0,25.6,,2.0,08521,10.7
4539331,18.799999999999997,57.0,,,33.3,,3.0,08521,10.7
4539348,19.6,63.0,0.8,2.0,6.65,,3.0,08521,10.7
4539364,17.95,84.0,1.0,2.9,7.2,,18.0,08521,10.7
4844167,25.65,61.0,0.0,0.2,22.75,,2.0,08521,10.7
4844179,25.15,63.5,,,20.4,,2.0,08521,10.7
4844211,,,,,,,,08521,10.7
4844229,,,,,,,,08521,10.7
4844247,,,,,,,,08521,10.7
4844268,,,,,,,,08521,10.7
4844279,,,,,,,,08521,10.7
4844303,,,,,,,,08521,10.7
4844327,,,,,,,,08521,10.7
4844342,,,,,,,,08521,10.7
4844358,,,,,,,,08521,10.7
4844373,,,,,,,,08521,10.7
4844386,,,,,,,,08521,10.7
4844405,,,,,,,,08521,10.7
4844424,,,,,,,,08521,10.7
4844440,,,,,,,,08521,10.7
4844463,,,,,,,,08521,10.7
4844171,22.95,65.5,,,23.15,35.2,1.0,08536,16.9
4844190,,,,,,,,08536,16.9
4844198,,,,,,,,08536,16.9
4844216,,,,,,,,08536,16.9
4844235,,,,,,,,08536,16.9
4844253,,,,,,,,08536,16.9
4844271,,,,,,,,08536,16.9
4844289,,,,,,,,08536,16.9
4844306,,,,,,,,08536,16.9
4844319,,,,,,,,08536,16.9
4844338,,,,,,,,08536,16.9
4844363,,,,,,,,08536,16.9
4844377,,,,,,,,08536,16.9
4844399,,,,,,,,08536,16.9
4844418,,,,,,,,08536,16.9
4844437,,,,,,,,08536,16.9
4844454,,,,,,,,08536,16.9
3602472,18.85,67.0,,,7.2,24.1,4.0,06275,29.1
3602492,15.9,77.0,,,14.4,27.8,4.0,06275,29.1
3602513,18.5,70.5,,,10.8,25.9,3.0,06275,29.1
3602519,18.35,62.0,,,9.0,22.2,1.0,06275,29.1
3602565,10.05,77.0,0.0,,7.2,20.4,2.0,06275,29.1
3602583,11.75,92.5,5.1,5.0,18.0,38.9,8.0,06275,29.1
3602613,9.399999999999999,80.0,,1.5999999999999999,14.4,24.1,4.0,06275,29.1
3602670,4.5,94.0,,0.6000000000000001,7.2,16.7,7.0,06275,29.1
3602705,6.5,97.0,0.0,0.2,10.8,20.4,5.0,06275,29.1
3602737,1.05,99.0,,,10.8,13.0,5.0,06275,29.1
3602763,6.6,64.5,,,23.4,38.9,4.0,06275,29.1
3602727,9.3,42.0,,,25.200000000000003,37.0,1.0,06275,29.1
3602711,3.85,68.0,,,7.2,20.4,1.0,06275,29.1
3602674,10.05,43.0,,,25.200000000000003,38.9,1.0,06275,29.1
3602637,6.05,66.0,0.0,0.0,10.8,24.1,4.0,06275,29.1
3602620,13.05,49.0,0.0,0.0,3.6,14.8,4.0,06275,29.1
3602557,17.5,56.0,0.0,0.0,18.0,35.2,3.0,06275,29.1
3900351,30.75,24.5,0.0,0.0,12.600000000000001,29.6,1.0,06275,29.1
3900369,21.5,53.5,0.0,0.0,12.600000000000001,29.6,4.0,06275,29.1
3900381,18.15,63.5,0.0,0.0,3.6,16.7,2.0,06275,29.1
3900400,12.399999999999999,90.5,2.0,3.0999999999999996,16.2,27.8,8.0,06275,29.1
3900418,14.6,60.5,0.0,0.0,18.0,22.2,1.0,06275,29.1
3900423,12.35,92.0,0.0,0.4,9.0,25.9,4.0,06275,29.1
3900445,17.55,77.5,0.0,0.0,10.8,14.8,4.0,06275,29.1
3900462,9.05,74.0,0.0,0.0,10.8,16.7,1.0,06275,29.1
3900483,5.85,82.5,0.7,0.0,37.8,61.1,17.0,06275,29.1
3900496,-1.85,93.5,0.0,0.0,7.2,16.7,4.0,06275,29.1
3900519,7.8999999999999995,68.5,0.0,0.1,28.8,50.0,4.0,06275,29.1
3900536,7.4,95.5,0.2,0.9999999999999999,12.600000000000001,22.2,4.0,06275,29.1
3900579,4.95,69.0,0.0,0.0,25.2,38.9,4.0,06275,29.1
3900561,13.85,37.0,0.0,0.0,32.4,48.2,1.0,06275,29.1
3900607,16.8,55.0,2.2,0.0,21.6,35.2,4.0,06275,29.1
3900615,20.3,62.5,1.1,0.4,9.0,18.5,7.0,06275,29.1
3900632,21.7,58.5,0.0,0.0,19.8,31.5,4.0,06275,29.1
4216383,17.9,88.5,0.0,0.0,3.6,13.0,2.0,06275,29.1
4216398,20.65,74.5,0.0,0.6000000000000001,9.0,14.8,2.0,06275,29.1
4216419,12.85,96.0,0.2,1.3,3.6,14.8,7.0,06275,29.1
4216433,18.25,77.0,0.0,0.0,16.2,31.5,4.0,06275,29.1
4216450,14.1,70.0,0.2,0.2,16.2,27.8,4.0,06275,29.1
4216466,8.85,95.0,1.1,6.1,16.2,31.5,7.0,06275,29.1
4216489,2.2,71.5,0.0,0.0,14.4,25.9,4.0,06275,29.1
4216500,9.25,76.0,0.0,3.2,21.6,50.0,7.0,06275,29.1
4216519,2.2,96.0,0.4,0.2,21.6,29.6,7.0,06275,29.1
4216540,8.8,53.5,0.0,0.0,14.4,24.1,2.0,06275,29.1
4216555,8.7,90.0,0.2,1.5999999999999999,16.2,25.9,7.0,06275,29.1
4216583,11.35,63.0,0.0,0.0,19.8,37.0,4.0,06275,29.1
4216590,5.95,64.5,0.0,0.0,14.4,31.5,1.0,06275,29.1
4216605,6.5,96.5,0.0,2.5,5.5,14.8,4.0,06275,29.1
4216630,20.15,45.0,0.0,0.0,27.0,50.0,3.0,06275,29.1
4216646,6.35,83.0,1.1,1.3,12.600000000000001,25.9,7.0,06275,29.1
4216663,24.2,43.5,0.0,0.0,18.0,35.2,2.0,06275,29.1
4507646,26.3,47.5,0.0,0.0,7.2,18.5,2.0,06275,29.1
4508826,20.1,49.0,0.0,0.7,21.6,37.0,3.0,06275,29.1
4508850,15.6,87.0,0.0,0.0,1.8,14.8,1.0,06275,29.1
4508872,12.05,73.0,0.0,0.0,21.6,31.5,2.0,06275,29.1
4508878,13.899999999999999,86.5,0.0,0.0,14.4,22.2,4.0,06275,29.1
4508046,11.85,73.5,0.0,0.0,7.2,13.0,1.0,06275,29.1
4508060,5.05,76.0,0.0,0.30000000000000004,25.200000000000003,40.8,7.0,06275,29.1
4508612,7.1,87.0,0.3,0.30000000000000004,25.200000000000003,48.2,7.0,06275,29.1
4508630,7.85,95.5,0.9,0.0,30.6,50.0,7.0,06275,29.1
4508647,-1.7,99.0,0.0,0.0,5.4,11.1,5.0,06275,29.1
4508894,4.0,70.5,0.0,0.0,10.8,13.0,2.0,06275,29.1
4508913,0.35,86.0,0.0,0.0,3.6,9.3,4.0,06275,29.1
4508923,2.45,85.0,0.0,0.0,5.4,16.7,4.0,06275,29.1
4508942,7.949999999999999,48.5,,,16.2,31.5,2.0,06275,29.1
4508960,11.45,31.5,0.0,0.0,21.6,37.0,1.0,06275,29.1
4508984,12.149999999999999,59.5,0.1,0.1,23.4,35.2,4.0,06275,29.1
4509005,13.3,61.0,0.0,0.0,21.6,35.2,2.0,06275,29.1
4815217,18.0,75.5,0.1,0.0,7.5,18.5,4.0,06275,29.1
4815222,18.5,47.5,0.0,0.6,18.5,31.5,4.0,06275,29.1
4815240,11.5,91.0,0.0,2.3,11.0,25.9,7.0,06275,29.1
4815280,11.5,76.5,0.0,0.0,14.0,27.8,7.0,06275,29.1
4815300,,,,,,,,06275,29.1
4815323,,,,,,,,06275,29.1
4815338,,,,,,,,06275,29.1
4815371,,,,,,,,06275,29.1
4815380,,,,,,,,06275,29.1
4815422,,,,,,,,06275,29.1
4815402,,,,,,,,06275,29.1
4815446,,,,,,,,06275,29.1
4815462,,,,,,,,06275,29.1
4815474,,,,,,,,06275,29.1
4815492,,,,,,,,06275,29.1
4815508,,,,,,,,06275,29.1
4815527,,,,,,,,06275,29.1
3602473,23.3,52.0,0.0,0.0,14.4,25.9,3.0,06350,17.5
3602506,20.8,63.0,0.0,0.0,12.600000000000001,20.4,4.0,06350,17.5
3602518,11.15,82.5,0.0,0.0,4.8,5.5,2.0,06350,17.5
3602546,15.149999999999999,74.0,0.1,0.0,18.0,33.3,7.0,06350,17.5
3602576,6.85,94.5,0.0,0.0,7.2,13.0,2.0,06350,17.5
3602589,15.1,89.0,2.0,0.0,23.4,38.9,9.0,06350,17.5
3602612,8.35,76.0,0.4,0.0,14.4,24.1,4.0,06350,17.5
3602669,4.7,89.0,0.0,0.2,10.8,16.7,4.0,06350,17.5
3602706,6.75,89.5,0.0,0.4,10.8,18.5,5.0,06350,17.5
3602752,5.0,83.5,0.0,0.0,3.6,9.3,4.0,06350,17.5
3602765,9.7,57.5,0.0,0.0,27.0,42.6,3.0,06350,17.5
3602729,2.65,89.0,0.0,0.2,10.8,24.1,5.0,06350,17.5
3602695,12.7,56.0,0.0,0.0,16.2,22.2,4.0,06350,17.5
3602659,3.0,62.5,,,6.0,29.6,3.0,06350,17.5
3602632,16.1,51.0,0.0,0.0,21.6,38.9,3.0,06350,17.5
3602623,12.9,51.5,0.0,0.0,7.2,18.5,4.0,06350,17.5
3602559,19.15,51.5,0.0,0.0,14.4,37.0,3.0,06350,17.5
3900345,17.6,56.0,0.0,0.0,12.600000000000001,22.2,2.0,06350,17.5
3900366,23.85,47.0,0.0,0.0,19.8,25.9,3.0,06350,17.5
3900382,25.65,54.0,0.0,0.0,10.8,24.1,3.0,06350,17.5
3900398,11.45,89.0,1.0,0.2,10.8,31.5,18.0,06350,17.5
3900412,17.2,65.0,0.0,0.0,16.2,25.9,4.0,06350,17.5
3900432,15.3,82.5,0.0,0.0,5.4,20.4,3.0,06350,17.5
3900455,8.55,91.0,1.5,1.7,25.2,42.6,7.0,06350,17.5
3900468,10.8,73.0,0.0,0.0,27.0,44.5,4.0,06350,17.5
3900503,1.5499999999999998,78.5,0.0,0.0,7.2,7.4,2.0,06350,17.5
3900489,8.25,79.0,0.0,0.0,18.0,40.8,7.0,06350,17.5
3900537,11.100000000000001,89.0,0.0,0.0,18.0,35.2,7.0,06350,17.5
3900554,5.8,75.0,0.0,0.2,10.8,22.2,4.0,06350,17.5
3900573,10.95,89.5,1.5,0.5,14.4,24.1,17.0,06350,17.5
3900581,9.2,95.0,0.5,4.8,19.8,29.6,7.0,06350,17.5
3900599,11.55,63.5,0.0,0.0,28.799999999999997,46.3,4.0,06350,17.5
3900617,14.2,86.5,0.0,7.4,7.2,14.8,18.0,06350,17.5
3900635,20.85,61.0,0.0,0.0,21.6,29.6,4.0,06350,17.5
4216379,26.4,48.0,0.0,0.0,10.8,20.4,2.0,06350,17.5
4216405,18.35,87.0,0.0,0.0,3.6,14.8,5.0,06350,17.5
4216422,20.200000000000003,50.5,0.0,0.0,18.0,31.5,2.0,06350,17.5
4216442,13.25,83.0,1.0,0.0,25.200000000000003,44.5,7.0,06350,17.5
4216465,9.8,90.5,0.0,4.2,18.0,33.3,7.0,06350,17.5
4216472,6.85,86.0,0.0,0.0,7.2,16.7,2.0,06350,17.5
4216495,0.1,85.5,0.0,0.0,10.8,14.8,5.0,06350,17.5
4216432,0.7,98.5,0.0,0.4,1.8,11.1,5.0,06350,17.5
4216522,3.05,94.0,0.0,0.0,5.4,11.1,5.0,06350,17.5
4216537,2.25,86.0,0.0,0.0,3.6,11.1,4.0,06350,17.5
4216554,11.149999999999999,82.5,0.0,0.0,10.8,22.2,4.0,06350,17.5
4216574,6.0,76.0,0.0,0.1,12.600000000000001,27.8,4.0,06350,17.5
4216587,11.2,60.0,0.0,0.4,11.0,29.6,4.0,06350,17.5
4216607,9.0,94.0,0.0,0.1,6.0,9.3,4.0,06350,17.5
4216617,13.55,68.5,0.0,3.4,14.6,35.2,4.0,06350,17.5
4216645,14.35,61.0,0.0,0.1,30.6,57.4,4.0,06350,17.5
4216664,25.3,43.0,0.0,0.0,20.0,35.2,2.0,06350,17.5
4508815,19.35,69.0,0.0,0.0,7.2,14.8,4.0,06350,17.5
4508830,19.049999999999997,65.5,,0.0,10.8,16.7,3.0,06350,17.5
4508849,22.9,56.5,0.0,0.0,9.0,20.4,1.0,06350,17.5
4508863,13.3,66.0,0.0,0.0,12.600000000000001,24.1,3.0,06350,17.5
4508877,14.75,87.0,0.0,0.0,18.2,22.2,4.0,06350,17.5
4508049,6.800000000000001,100.0,0.0,0.0,5.4,14.8,5.0,06350,17.5
4508054,7.95,100.0,0.0,0.0,3.6,7.4,5.0,06350,17.5
4508615,6.4,95.5,1.4,4.2,21.6,44.5,7.0,06350,17.5
4508633,6.0,86.5,0.0,0.0,21.6,29.6,7.0,06350,17.5
4508662,3.4000000000000004,86.5,0.0,0.0,23.4,29.6,3.0,06350,17.5
4508908,4.300000000000001,84.5,0.0,0.0,9.0,13.0,5.0,06350,17.5
4508925,3.0,87.0,0.0,0.0,8.1,18.5,4.0,06350,17.5
4508943,2.5,71.5,0.0,0.0,12.600000000000001,29.6,2.0,06350,17.5
4508961,10.649999999999999,25.5,0.0,0.0,23.4,38.9,1.0,06350,17.5
4508980,13.55,68.5,0.0,0.0,12.600000000000001,24.1,2.0,06350,17.5
4508998,22.65,24.5,0.0,0.0,20.0,35.2,1.0,06350,17.5
4509015,16.950000000000003,51.5,0.0,0.0,5.4,20.4,4.0,06350,17.5
3602474,22.15,64.0,0.0,0.0,16.200000000000003,32.0,4.0,06290,18.9
3602497,16.6,94.0,0.2,3.0,9.0,24.1,17.0,06290,18.9
3602516,16.0,74.0,0.0,0.0,10.8,24.1,4.0,06290,18.9
3602530,22.2,71.5,0.0,0.0,12.600000000000001,25.0,4.0,06290,18.9
3602547,15.75,75.0,0.0,0.0,21.6,32.0,4.0,06290,18.9
3602582,14.0,76.5,0.0,1.2000000000000002,21.6,36.0,4.0,06290,18.9
3602611,8.3,96.0,0.2,0.0,18.0,32.0,8.0,06290,18.9
3602662,4.45,95.0,0.2,4.8,14.4,25.9,8.0,06290,18.9
3602701,7.2,97.0,0.0,0.2,7.2,11.0,4.0,06290,18.9
3602718,-2.5,92.5,0.0,0.0,7.2,14.0,4.0,06290,18.9
3602758,6.449999999999999,77.5,0.0,0.0,7.2,14.0,4.0,06290,18.9
3602764,-0.6,82.0,0.0,0.0,3.6,7.0,1.0,06290,18.9
3602728,7.35,58.5,0.0,0.0,7.2,18.0,1.0,06290,18.9
3602693,16.05,39.5,0.0,0.0,16.2,32.0,3.0,06290,18.9
3602638,10.55,45.0,0.0,0.0,18.0,29.0,4.0,06290,18.9
3602621,10.2,68.5,0.0,0.0,5.4,16.7,4.0,06290,18.9
3602539,23.200000000000003,35.5,0.0,0.0,12.600000000000001,27.8,4.0,06290,18.9
4216384,23.05,87.5,0.0,0.0,5.4,13.0,4.0,06290,18.9
4216403,13.649999999999999,96.5,0.0,0.0,5.4,11.0,5.0,06290,18.9
4216412,18.0,80.5,0.0,0.0,10.8,22.0,4.0,06290,18.9
4216426,21.6,63.5,0.0,0.0,21.6,39.0,4.0,06290,18.9
4216447,14.7,67.5,0.0,0.5,19.8,35.0,4.0,06290,18.9
4216467,8.399999999999999,92.5,1.3,0.6,21.6,39.0,8.0,06290,18.9
4216492,0.15,90.0,0.0,0.0,12.600000000000001,18.0,7.0,06290,18.9
4216506,7.5,91.5,0.0,0.0,16.2,39.0,4.0,06290,18.9
4216527,-0.1,68.0,0.0,0.0,18.0,30.0,4.0,06290,18.9
4216535,-1.0,93.0,0.0,0.0,9.0,14.8,4.0,06290,18.9
4216551,10.45,89.5,0.4,0.0,7.2,20.4,17.0,06290,18.9
4216578,8.399999999999999,82.5,0.0,0.0,9.0,15.0,4.0,06290,18.9
4216600,11.55,88.5,0.0,3.3000000000000003,16.2,31.0,4.0,06290,18.9
4216618,12.2,89.0,0.0,0.4,14.4,26.0,8.0,06290,18.9
4216632,12.899999999999999,50.5,0.0,0.0,19.8,35.0,4.0,06290,18.9
4216651,11.7,84.5,0.0,0.1,19.8,31.0,17.0,06290,18.9
4216675,19.2,66.0,0.4,0.0,9.0,26.0,17.0,06290,18.9
4508816,21.2,65.0,0.0,0.1,5.4,15.0,4.0,06290,18.9
4508824,19.95,54.5,0.0,0.0,21.6,37.0,3.0,06290,18.9
4508846,18.55,61.5,0.0,0.0,5.4,16.7,3.0,06290,18.9
4508856,11.399999999999999,97.0,3.2,12.1,12.600000000000001,37.0,8.0,06290,18.9
4508881,16.65,75.5,0.0,0.0,23.4,42.0,4.0,06290,18.9
4508042,6.05,88.5,0.0,0.0,7.2,14.0,4.0,06290,18.9
4508062,6.15,62.0,0.0,0.0,28.8,46.3,7.0,06290,18.9
4508613,7.4,80.0,0.0,0.0,23.4,47.0,17.0,06290,18.9
4508641,0.44999999999999996,97.5,0.0,0.0,9.0,20.4,2.0,06290,18.9
4508660,8.2,91.5,0.0,2.4000000000000004,18.0,40.0,4.0,06290,18.9
4508631,7.3,91.0,0.8999999999999999,0.0,18.0,32.0,8.0,06290,18.9
4508906,5.1,73.0,0.0,0.0,9.0,22.0,7.0,06290,18.9
4508924,8.2,60.5,0.0,0.0,5.4,11.0,1.0,06290,18.9
4508949,11.1,67.0,0.2,0.0,32.4,57.4,17.0,06290,18.9
4508966,17.25,62.5,0.0,0.3,25.2,42.6,4.0,06290,18.9
4508985,15.55,51.0,0.0,0.0,21.6,39.0,4.0,06290,18.9
4509012,17.75,47.0,0.0,0.0,7.2,22.2,8.0,06290,18.9
4815216,17.15,63.5,0.0,0.0,16.0,32.0,1.0,06290,18.9
4815245,18.9,58.5,0.0,0.0,18.0,31.0,3.0,06290,18.9
4815267,12.100000000000001,94.0,0.0,0.0,6.0,15.0,5.0,06290,18.9
4815281,11.05,67.5,,,13.0,24.1,4.0,06290,18.9
4815309,,,,,,,,06290,18.9
4815331,,,,,,,,06290,18.9
4815352,,,,,,,,06290,18.9
4815372,,,,,,,,06290,18.9
4815395,,,,,,,,06290,18.9
4815416,,,,,,,,06290,18.9
4815439,,,,,,,,06290,18.9
4815455,,,,,,,,06290,18.9
4815464,,,,,,,,06290,18.9
4815481,,,,,,,,06290,18.9
4815499,,,,,,,,06290,18.9
4815510,,,,,,,,06290,18.9
4815536,,,,,,,,06290,18.9
3602475,21.2,65.5,0.0,0.0,5.4,16.7,1.0,06380,9.1
3602490,15.35,80.5,0.0,0.2,12.600000000000001,25.9,8.0,06380,9.1
3602517,15.85,55.0,0.0,0.0,5.4,14.0,4.0,06380,9.1
3602549,17.1,73.0,0.2,0.30000000000000004,34.2,61.0,8.0,06380,9.1
3602566,5.9,86.0,0.0,0.0,5.4,25.0,4.0,06380,9.1
3602605,10.7,67.5,0.0,0.0,21.6,47.0,8.0,06380,9.1
3602646,2.55,82.0,0.0,0.0,9.0,22.0,4.0,06380,9.1
3602698,6.35,98.5,0.0,0.0,5.4,14.8,5.0,06380,9.1
3602742,3.6,93.0,0.0,0.1,18.0,29.6,4.0,06380,9.1
3602771,6.1,68.0,0.0,0.0,30.6,47.0,4.0,06380,9.1
3602710,1.55,61.5,0.0,0.0,18.0,25.0,3.0,06380,9.1
3602692,15.35,42.0,0.0,0.0,19.8,36.0,4.0,06380,9.1
3602657,6.3,43.5,0.0,0.0,7.2,20.4,4.0,06380,9.1
3602747,15.7,41.5,0.0,0.0,14.4,25.0,4.0,06380,9.1
3602630,17.15,38.5,0.0,0.0,23.4,40.0,3.0,06380,9.1
3602619,13.9,47.5,0.0,0.0,7.2,18.0,4.0,06380,9.1
3602556,21.950000000000003,45.5,0.0,0.0,14.4,38.9,4.0,06380,9.1
3900342,20.65,39.5,0.0,0.0,10.8,25.9,4.0,06380,9.1
3900363,23.799999999999997,43.0,0.0,0.0,10.8,22.0,3.0,06380,9.1
3900377,22.9,32.0,0.0,0.0,18.0,25.0,4.0,06380,9.1
3900399,11.5,81.5,0.0,0.6,14.4,29.0,7.0,06380,9.1
3900410,14.25,88.0,0.0,1.5,14.4,25.0,4.0,06380,9.1
3900425,15.950000000000001,82.5,0.0,4.3,12.600000000000001,25.0,4.0,06380,9.1
3900454,9.3,82.0,0.0,0.0,18.0,31.5,4.0,06380,9.1
3900470,9.8,77.0,0.5,0.0,28.799999999999997,58.0,17.0,06380,9.1
3900482,6.699999999999999,68.0,0.0,0.1,36.0,68.0,4.0,06380,9.1
3900498,-2.1,97.0,0.0,0.0,7.2,14.0,4.0,06380,9.1
3900512,8.6,95.0,0.8,0.2,12.600000000000001,22.0,8.0,06380,9.1
3900542,2.85,55.0,0.0,0.0,28.8,43.0,3.0,06380,9.1
3900560,3.7,57.0,0.0,0.0,5.4,14.0,4.0,06380,9.1
3900578,5.6,79.0,0.0,0.0,25.2,33.3,4.0,06380,9.1
3900597,9.7,85.0,0.0,0.0,12.600000000000001,22.0,4.0,06380,9.1
3900614,18.2,71.5,0.0,0.0,10.8,18.5,4.0,06380,9.1
3900641,22.85,44.0,0.0,0.0,16.2,29.6,4.0,06380,9.1
4216380,22.55,79.5,0.0,1.4,5.4,16.7,1.0,06380,9.1
4216402,22.65,57.5,0.0,0.0,10.8,18.5,4.0,06380,9.1
4216408,20.65,82.0,0.0,0.1,7.2,14.0,7.0,06380,9.1
4216438,20.65,69.5,0.0,0.0,7.4,14.8,4.0,06380,9.1
4216457,11.850000000000001,90.0,2.5,0.0,18.0,29.0,17.0,06380,9.1
4216470,7.95,89.0,0.9,1.2000000000000002,12.6,25.0,17.0,06380,9.1
4216494,0.05,80.0,0.0,0.0,12.600000000000001,22.0,4.0,06380,9.1
4216503,10.2,78.0,0.0,0.0,25.2,47.0,4.0,06380,9.1
4216521,1.15,86.0,0.0,0.0,16.2,29.0,4.0,06380,9.1
4216543,9.350000000000001,98.0,0.4,0.5,16.2,33.3,8.0,06380,9.1
4216559,10.25,77.5,0.0,0.0,5.4,16.7,4.0,06380,9.1
4216580,13.3,62.0,0.0,0.0,12.600000000000001,18.5,4.0,06380,9.1
4216596,8.3,74.0,0.0,0.0,7.2,18.0,4.0,06380,9.1
4216621,10.8,68.5,0.0,0.6000000000000001,14.0,22.0,4.0,06380,9.1
4216636,15.3,58.0,0.0,0.0,12.600000000000001,26.0,4.0,06380,9.1
4216653,12.85,62.5,0.0,0.0,10.8,24.1,3.0,06380,9.1
4216660,25.049999999999997,48.0,0.0,0.0,16.2,29.0,4.0,06380,9.1
4508811,21.15,85.0,0.0,0.0,5.4,18.5,7.0,06380,9.1
4508831,24.1,66.0,0.0,0.0,18.0,22.2,2.0,06380,9.1
4508855,21.950000000000003,64.0,0.0,0.0,3.6,14.8,4.0,06380,9.1
4508873,13.85,71.5,0.0,0.0,10.8,25.9,4.0,06380,9.1
4508884,20.7,72.5,0.0,0.0,12.600000000000001,16.7,4.0,06380,9.1
4508045,8.899999999999999,87.5,0.0,0.0,10.8,25.0,4.0,06380,9.1
4508063,8.0,76.5,0.4,0.1,36.0,57.4,8.0,06380,9.1
4508622,3.7,98.0,0.3,0.30000000000000004,12.600000000000001,25.0,8.0,06380,9.1
4508640,-1.45,99.0,0.0,0.0,18.0,22.0,5.0,06380,9.1
4508659,3.9,88.0,0.0,1.7,18.0,25.9,4.0,06380,9.1
4508905,6.65,77.5,0.0,0.0,5.4,11.0,4.0,06380,9.1
4508931,17.700000000000003,34.0,0.0,0.0,19.8,32.0,1.0,06380,9.1
4508948,11.1,50.5,0.0,0.0,12.600000000000001,25.0,4.0,06380,9.1
4508965,23.9,27.5,0.0,0.0,16.4,32.0,1.0,06380,9.1
4508979,18.1,54.5,0.0,0.0,10.8,22.0,2.0,06380,9.1
4508996,21.0,29.5,0.0,0.0,18.0,36.0,3.0,06380,9.1
4509011,13.8,69.5,0.0,0.1,10.8,22.0,4.0,06380,9.1
4815204,21.65,61.0,0.0,0.0,5.5,14.8,4.0,06380,9.1
4815235,21.3,71.0,0.0,0.8,20.0,32.0,4.0,06380,9.1
4815253,22.7,68.5,0.0,0.0,22.5,46.0,7.0,06380,9.1
4815273,12.649999999999999,58.0,0.0,1.0,25.5,68.0,4.0,06380,9.1
4815293,12.7,76.0,,,21.299999999999997,35.2,7.0,06380,9.1
4815317,,,,,,,,06380,9.1
4815342,,,,,,,,06380,9.1
4815353,,,,,,,,06380,9.1
4815376,,,,,,,,06380,9.1
4815397,,,,,,,,06380,9.1
4815427,,,,,,,,06380,9.1
4815449,,,,,,,,06380,9.1
4815468,,,,,,,,06380,9.1
4815483,,,,,,,,06380,9.1
4815501,,,,,,,,06380,9.1
4815520,,,,,,,,06380,9.1
4815530,,,,,,,,06380,9.1
3602476,17.8,76.0,0.0,0.0,10.8,22.0,2.0,06240,11.8
3602496,16.9,89.5,0.1,0.0,19.8,40.0,8.0,06240,11.8
3602511,15.850000000000001,82.5,0.0,0.0,10.8,20.4,4.0,06240,11.8
3602527,19.6,83.5,0.0,0.0,7.2,11.0,4.0,06240,11.8
3602550,12.45,90.5,1.7999999999999998,5.6,10.8,25.9,8.0,06240,11.8
3602580,12.3,69.0,0.0,0.0,19.8,29.0,3.0,06240,11.8
3602601,7.45,80.5,0.0,1.7000000000000002,12.600000000000001,29.0,2.0,06240,11.8
3602666,1.3,89.0,0.0,0.7999999999999999,12.600000000000001,14.8,4.0,06240,11.8
3602686,11.3,94.0,0.0,4.1,19.8,33.3,4.0,06240,11.8
3602724,-0.75,87.5,0.0,0.0,12.600000000000001,18.5,4.0,06240,11.8
3602778,7.1,83.5,1.1,7.1,28.8,65.0,18.0,06240,11.8
3602761,8.45,65.5,0.0,0.0,28.8,48.2,4.0,06240,11.8
3602707,5.85,59.0,0.0,0.0,25.200000000000003,38.9,4.0,06240,11.8
3602671,6.55,69.5,0.0,0.0,12.600000000000001,25.0,7.0,06240,11.8
3602635,3.5,86.0,0.0,0.0,21.6,37.0,17.0,06240,11.8
3602617,10.149999999999999,71.5,0.0,0.0,10.8,22.0,8.0,06240,11.8
3602554,15.350000000000001,73.0,0.3,0.0,37.8,68.0,8.0,06240,11.8
3900356,30.6,32.0,0.0,0.0,12.600000000000001,25.9,1.0,06240,11.8
3900378,26.450000000000003,34.5,0.0,0.0,12.600000000000001,25.9,1.0,06240,11.8
3900388,19.65,69.0,0.0,0.0,18.0,29.0,3.0,06240,11.8
3900406,14.649999999999999,76.5,0.0,0.0,14.4,35.2,1.0,06240,11.8
3900424,13.100000000000001,88.0,0.0,0.0,9.0,14.8,7.0,06240,11.8
3900449,9.6,94.0,4.9,5.699999999999999,32.4,58.0,8.0,06240,11.8
3900440,11.7,83.0,0.0,1.6,19.8,29.0,17.0,06240,11.8
3900479,7.75,80.5,0.2,6.3999999999999995,21.6,53.7,8.0,06240,11.8
3900502,5.45,84.0,0.0,0.0,19.8,32.0,3.0,06240,11.8
3900521,8.0,75.0,0.0,0.0,5.4,13.0,4.0,06240,11.8
3900530,7.25,85.0,0.0,0.30000000000000004,14.4,29.0,4.0,06240,11.8
3900548,5.15,74.0,0.0,0.0,16.2,25.0,4.0,06240,11.8
3900566,10.65,89.0,0.0,0.0,14.4,22.0,4.0,06240,11.8
3900584,14.350000000000001,58.5,0.0,0.0,12.600000000000001,25.9,4.0,06240,11.8
3900593,8.899999999999999,91.5,0.0,0.0,14.4,25.9,4.0,06240,11.8
3900611,15.05,91.0,3.1,0.0,7.2,25.0,8.0,06240,11.8
3900629,19.55,64.5,0.0,0.0,21.6,36.0,4.0,06240,11.8
4216372,19.65,65.0,0.0,0.0,28.799999999999997,47.0,4.0,06240,11.8
4216417,21.9,73.0,0.0,0.0,14.4,26.0,4.0,06240,11.8
4216436,16.3,80.5,0.0,0.0,14.4,22.2,4.0,06240,11.8
4216388,9.95,80.0,0.1,3.2,54.0,86.0,17.0,06240,11.8
4216468,11.3,87.0,2.7,6.3,45.0,65.0,8.0,06240,11.8
4216479,4.55,89.0,0.0,0.30000000000000004,7.2,22.2,7.0,06240,11.8
4216497,9.8,93.5,3.0,5.9,32.4,47.0,8.0,06240,11.8
4216509,8.6,78.0,0.0,0.0,28.8,43.0,1.0,06240,11.8
4216530,5.45,88.5,0.0,0.0,32.4,57.4,4.0,06240,11.8
4216544,10.1,91.5,0.0,0.0,30.6,43.0,4.0,06240,11.8
4216564,9.5,97.5,2.9,9.4,25.2,40.0,8.0,06240,11.8
4216579,12.85,70.0,0.0,0.0,12.600000000000001,20.4,8.0,06240,11.8
4216592,11.149999999999999,68.5,0.0,0.0,21.6,36.0,4.0,06240,11.8
4216619,12.4,83.0,0.0,0.0,23.4,40.0,4.0,06240,11.8
4216633,12.05,52.5,0.0,0.0,19.8,36.0,4.0,06240,11.8
4216647,5.800000000000001,79.0,0.0,0.4,18.0,36.0,7.0,06240,11.8
4216662,24.6,46.0,0.0,0.0,19.8,36.0,4.0,06240,11.8
4507647,25.6,56.0,0.0,0.0,12.600000000000001,25.0,3.0,06240,11.8
4508828,18.65,81.5,0.0,0.0,18.0,33.3,1.0,06240,11.8
4508871,15.0,66.0,0.0,0.0,25.2,36.0,4.0,06240,11.8
4508891,14.05,78.0,0.0,0.0,16.2,25.0,4.0,06240,11.8
4508044,8.7,80.5,0.0,0.0,7.2,29.0,2.0,06240,11.8
4508067,15.850000000000001,61.0,0.0,0.0,39.6,59.3,4.0,06240,11.8
4508844,3.45,97.0,0.0,0.5,10.8,18.0,4.0,06240,11.8
4508618,10.25,93.5,0.0,0.0,30.6,47.0,4.0,06240,11.8
4508636,2.55,89.0,0.2,0.0,10.8,32.0,17.0,06240,11.8
4508892,4.300000000000001,70.0,0.0,0.0,7.2,14.0,4.0,06240,11.8
4508910,2.7,71.5,0.0,0.0,19.8,35.2,2.0,06240,11.8
4508654,13.600000000000001,69.0,0.0,0.0,28.8,43.0,4.0,06240,11.8
4508937,7.25,65.0,0.0,0.0,19.8,29.6,2.0,06240,11.8
4508955,11.75,38.5,0.0,0.0,25.2,37.0,4.0,06240,11.8
4508973,19.1,45.0,0.0,0.0,10.8,22.0,1.0,06240,11.8
4508991,24.3,26.5,0.0,0.0,23.4,36.0,1.0,06240,11.8
4509009,16.799999999999997,62.5,0.0,0.0,18.0,30.0,4.0,06240,11.8
4815210,23.35,45.0,0.0,0.0,12.5,26.0,1.0,06240,11.8
4815229,20.4,49.5,0.0,0.0,16.5,26.0,4.0,06240,11.8
4815239,15.899999999999999,71.5,0.0,1.6,28.5,58.0,7.0,06240,11.8
4815262,15.3,73.5,0.0,0.0,5.5,16.7,4.0,06240,11.8
4815285,7.949999999999999,78.5,0.0,0.0,13.9,20.4,3.0,06240,11.8
4815306,,,,,,,,06240,11.8
4815325,,,,,,,,06240,11.8
4815336,,,,,,,,06240,11.8
4815357,,,,,,,,06240,11.8
4815389,,,,,,,,06240,11.8
4815400,,,,,,,,06240,11.8
4815432,,,,,,,,06240,11.8
4815443,,,,,,,,06240,11.8
4815470,,,,,,,,06240,11.8
4815488,,,,,,,,06240,11.8
4815515,,,,,,,,06240,11.8
4815524,,,,,,,,06240,11.8
5642628,,,,,,,,06240,11.8
5642632,,,,,,,,06240,11.8
3602477,22.35,72.0,0.0,0.0,20.0,29.0,4.0,06270,3.0
3602491,16.799999999999997,79.0,0.0,0.0,21.6,32.0,8.0,06270,3.0
3602501,19.0,86.5,0.0,0.1,19.8,32.0,4.0,06270,3.0
3602520,15.7,82.5,0.0,0.0,25.2,47.0,8.0,06270,3.0
3602551,12.8,92.5,1.4,4.6000000000000005,14.4,25.0,8.0,06270,3.0
3602577,12.350000000000001,65.0,0.0,0.0,16.2,32.0,1.0,06270,3.0
3602616,6.6,82.5,0.2,0.4,21.6,43.0,8.0,06270,3.0
3602664,4.95,99.5,2.0,0.0,7.2,18.0,8.0,06270,3.0
3602703,7.800000000000001,93.0,0.0,0.0,19.8,32.0,4.0,06270,3.0
3602740,6.949999999999999,90.0,0.2,0.0,21.6,32.0,17.0,06270,3.0
3602766,4.0,72.5,0.0,0.0,19.8,37.0,4.0,06270,3.0
3602730,3.65,77.5,0.0,0.0,10.8,18.5,4.0,06270,3.0
3602696,9.399999999999999,38.0,0.0,0.0,25.200000000000003,43.0,4.0,06270,3.0
3602660,5.35,77.5,0.1,0.0,25.200000000000003,37.0,17.0,06270,3.0
3602633,11.45,73.5,0.0,0.0,25.2,47.0,1.0,06270,3.0
3602596,13.8,84.5,0.0,0.0,12.600000000000001,25.9,4.0,06270,3.0
3602555,12.35,93.5,,1.0,28.799999999999997,47.0,8.0,06270,3.0
3900343,18.5,56.0,0.0,0.0,13.9,25.0,3.0,06270,3.0
3900376,18.700000000000003,65.5,0.0,0.0,19.8,35.2,4.0,06270,3.0
3900392,21.0,64.5,0.0,0.0,9.2,18.5,3.0,06270,3.0
3900404,15.85,71.5,0.0,5.3999999999999995,30.6,47.0,2.0,06270,3.0
3900426,12.8,86.5,0.0,0.5,16.2,29.0,4.0,06270,3.0
3900433,16.1,81.5,0.0,0.0,18.0,29.0,4.0,06270,3.0
3900456,7.4,88.0,0.0,0.0,7.2,11.0,3.0,06270,3.0
3900474,8.5,80.0,0.0,0.0,25.2,43.0,3.0,06270,3.0
3900488,-0.9,91.0,0.0,0.0,5.4,11.0,4.0,06270,3.0
3900511,6.1,89.5,0.0,0.7,25.2,42.6,4.0,06270,3.0
3900517,8.35,75.5,0.0,1.0,36.0,58.0,3.0,06270,3.0
3900538,7.65,77.0,0.0,0.0,7.2,18.5,4.0,06270,3.0
3900555,2.9000000000000004,85.0,0.0,0.0,10.8,18.0,7.0,06270,3.0
3900582,6.15,87.0,0.0,0.2,36.0,51.8,7.0,06270,3.0
3900600,10.05,89.5,0.0,0.0,14.4,27.8,4.0,06270,3.0
3900618,15.25,76.5,0.0,0.1,10.8,22.2,4.0,06270,3.0
3900639,16.85,63.5,0.0,0.0,25.2,36.0,1.0,06270,3.0
3602479,23.65,65.0,0.0,0.0,18.0,31.5,3.0,06260,3.2
3602495,16.299999999999997,86.5,0.1,0.0,14.4,31.5,7.0,06260,3.2
3602512,15.2,87.0,0.0,0.0,7.2,13.0,2.0,06260,3.2
3602535,15.799999999999999,93.5,0.0,0.0,7.2,9.3,2.0,06260,3.2
3602575,11.15,87.0,0.0,0.0,7.2,16.7,4.0,06260,3.2
3602588,14.55,88.0,3.0,0.0,18.25,31.5,8.0,06260,3.2
3602650,4.0,88.0,0.0,0.5,7.2,18.5,17.0,06260,3.2
3602683,5.25,90.0,0.0,0.0,10.8,18.5,4.0,06260,3.2
3602721,-1.1,87.0,0.0,0.0,12.600000000000001,14.8,4.0,06260,3.2
3602739,5.4,93.0,0.0,0.0,14.4,27.8,4.0,06260,3.2
3602770,7.699999999999999,71.5,0.0,0.0,25.2,44.5,4.0,06260,3.2
3602745,10.350000000000001,92.0,6.0,5.7,37.8,64.8,9.0,06260,3.2
3602691,15.2,48.0,0.0,0.0,18.0,35.2,4.0,06260,3.2
3602673,6.75,54.5,0.0,0.0,16.2,33.3,4.0,06260,3.2
3602636,7.55,54.5,0.0,2.4,19.8,38.9,17.0,06260,3.2
3602618,9.95,65.0,0.0,0.0,18.0,25.9,4.0,06260,3.2
3602562,18.0,55.0,0.0,0.0,21.6,38.9,4.0,06260,3.2
3875038,15.100000000000001,84.5,0.0,3.0,12.600000000000001,20.4,2.0,06260,3.2
3900353,26.15,43.5,0.0,0.0,3.6,20.4,1.0,06260,3.2
3900373,20.15,53.0,0.0,0.0,16.2,29.6,2.0,06260,3.2
3900391,21.05,65.0,0.0,0.0,3.6,11.1,2.0,06260,3.2
3900395,12.35,74.0,0.0,1.9,12.600000000000001,27.8,18.0,06260,3.2
3900421,16.049999999999997,53.5,0.0,0.0,14.4,24.1,1.0,06260,3.2
3900439,17.9,77.5,0.0,0.0,14.4,25.9,4.0,06260,3.2
3900452,12.3,76.0,0.1,0.0,21.6,38.9,7.0,06260,3.2
3900472,9.35,77.5,0.0,0.0,16.2,31.5,2.0,06260,3.2
3900499,-0.55,93.0,0.0,0.0,10.8,20.4,4.0,06260,3.2
3900515,7.1,93.0,0.0,0.0,5.4,13.0,4.0,06260,3.2
3900533,7.4,92.5,0.1,0.4,9.0,22.2,4.0,06260,3.2
3900551,5.75,69.5,0.0,0.0,9.0,14.8,4.0,06260,3.2
3900571,15.25,64.5,0.0,0.0,16.2,25.9,4.0,06260,3.2
3900577,7.95,58.5,0.0,0.0,18.0,37.0,2.0,06260,3.2
3900595,10.0,86.0,0.0,0.0,10.8,24.1,7.0,06260,3.2
3900623,16.65,70.0,0.0,0.0,12.600000000000001,25.9,1.0,06260,3.2
3900645,20.7,52.5,0.0,0.0,16.2,31.5,3.0,06260,3.2
4176845,12.149999999999999,71.5,0.0,0.0,16.2,29.6,4.0,06260,3.2
4216382,23.9,58.5,0.0,0.0,11.2,22.2,1.0,06260,3.2
4216401,20.9,55.5,0.0,0.0,3.6,11.1,2.0,06260,3.2
4216427,17.5,67.0,0.0,0.0,9.399999999999999,18.5,4.0,06260,3.2
4216446,13.850000000000001,81.5,0.0,1.0,20.35,27.8,3.0,06260,3.2
4216464,11.3,90.0,1.1,0.0,18.2,35.2,7.0,06260,3.2
4216469,5.55,97.5,0.0,0.0,7.3999999999999995,11.1,5.0,06260,3.2
4216490,1.85,75.5,0.0,0.0,16.4,29.6,7.0,06260,3.2
4216512,9.649999999999999,94.0,0.0,0.0,18.2,29.6,4.0,06260,3.2
4216526,3.8,80.5,0.0,0.0,21.950000000000003,44.5,4.0,06260,3.2
4216546,10.9,89.5,0.0,0.1,20.35,38.9,7.0,06260,3.2
4216556,9.8,87.5,0.0,1.4000000000000001,11.2,22.2,4.0,06260,3.2
4216568,5.0,92.5,1.6,1.0,14.8,25.9,7.0,06260,3.2
4216601,12.1,75.5,0.0,0.0,20.35,27.8,7.0,06260,3.2
4216613,11.85,76.5,0.0,5.2,20.0,35.2,7.0,06260,3.2
4216631,13.899999999999999,49.0,0.0,0.0,18.2,31.5,4.0,06260,3.2
4216656,15.15,64.0,0.0,0.0,11.0,20.4,4.0,06260,3.2
4216659,24.299999999999997,43.0,0.0,0.0,18.2,35.2,2.0,06260,3.2
4481101,16.45,74.0,0.0,0.0,3.6,14.8,4.0,06260,3.2
4481104,17.35,84.0,3.0,4.0,9.399999999999999,24.1,25.0,06260,3.2
4507642,26.5,46.0,0.0,0.0,3.6,16.7,2.0,06260,3.2
4508834,25.549999999999997,60.5,0.0,0.0,16.6,20.4,2.0,06260,3.2
4508848,24.15,49.5,0.0,0.0,9.2,18.5,1.0,06260,3.2
4508869,7.35,90.0,0.0,0.0,9.399999999999999,13.0,1.0,06260,3.2
4508888,16.1,66.5,0.0,0.30000000000000004,10.8,20.4,3.0,06260,3.2
4508050,5.05,85.0,0.0,0.0,10.8,14.8,4.0,06260,3.2
4508073,5.45,70.0,0.0,0.0,14.8,22.2,3.0,06260,3.2
4508620,7.5,96.0,0.0,0.0,18.0,29.6,4.0,06260,3.2
4508629,5.65,71.5,0.0,1.3,18.0,38.9,17.0,06260,3.2
4508646,-1.1,98.5,0.0,0.0,10.8,13.0,5.0,06260,3.2
4508903,4.699999999999999,75.0,0.0,0.0,9.0,16.7,4.0,06260,3.2
4508921,7.05,66.0,0.0,0.0,9.0,16.7,4.0,06260,3.2
4508941,6.699999999999999,52.0,0.0,0.0,21.6,33.3,2.0,06260,3.2
4508946,12.0,61.0,0.0,0.2,27.0,48.2,4.0,06260,3.2
4508964,15.399999999999999,71.5,0.0,3.1,18.35,37.0,4.0,06260,3.2
4508983,13.2,59.5,0.0,0.0,11.2,22.2,4.0,06260,3.2
4509003,13.850000000000001,64.0,0.0,0.0,14.4,29.6,2.0,06260,3.2
4815212,24.0,46.0,0.0,0.0,10.2,20.4,2.0,06260,3.2
4815228,19.3,47.0,0.0,0.0,7.4,16.7,3.0,06260,3.2
4815246,18.1,60.0,0.0,0.1,14.8,29.6,3.0,06260,3.2
4815268,18.15,61.5,0.0,0.0,7.4,14.8,2.0,06260,3.2
4815284,9.85,69.5,0.0,0.0,11.1,20.4,3.0,06260,3.2
4815312,,,,,,,,06260,3.2
4815319,,,,,,,,06260,3.2
4815356,,,,,,,,06260,3.2
4815377,,,,,,,,06260,3.2
4815410,,,,,,,,06260,3.2
4815430,,,,,,,,06260,3.2
4815451,,,,,,,,06260,3.2
4815459,,,,,,,,06260,3.2
4815486,,,,,,,,06260,3.2
4815504,,,,,,,,06260,3.2
4815522,,,,,,,,06260,3.2
4815540,,,,,,,,06260,3.2
5642629,,,,,,,,06260,3.2
3602478,24.35,61.5,,,18.0,33.3,3.0,06279,35.8
3602500,18.7,94.5,0.5,2.3,10.8,25.9,7.0,06279,35.8
3602524,13.05,93.0,,,9.0,16.7,1.0,06279,35.8
3602548,15.2,79.5,,0.1,23.4,33.3,7.0,06279,35.8
3602573,10.05,86.5,,,10.8,16.7,4.0,06279,35.8
3602600,10.649999999999999,86.5,,,28.8,44.5,7.0,06279,35.8
3602645,2.7,96.5,,0.9999999999999999,7.2,11.1,7.0,06279,35.8
3602684,2.45,97.0,,,12.600000000000001,22.2,5.0,06279,35.8
3602702,6.25,98.0,,,16.2,20.4,4.0,06279,35.8
3602734,6.1,99.5,,,9.0,16.7,4.0,06279,35.8
3602772,6.1,93.5,2.3,0.5,30.6,51.8,7.0,06279,35.8
3602749,9.55,93.5,1.9,6.799999999999999,37.8,59.3,9.0,06279,35.8
3602694,15.2,44.5,,,18.0,31.5,2.0,06279,35.8
3602658,5.95,68.5,,,9.0,29.6,4.0,06279,35.8
3602640,5.95,66.0,,,5.4,20.4,2.0,06279,35.8
3602595,13.05,73.0,,,21.6,31.5,4.0,06279,35.8
3602542,22.0,37.5,,,14.4,29.6,1.0,06279,35.8
4216371,16.45,87.5,0.0,0.0,5.4,16.7,2.0,06279,35.8
4216393,17.7,75.5,0.4,2.6,18.0,31.5,18.0,06279,35.8
4216414,17.85,92.0,1.4,2.8,10.8,20.4,7.0,06279,35.8
4216416,18.8,59.0,0.0,0.0,18.0,31.5,2.0,06279,35.8
4216435,14.85,71.5,0.0,1.3,12.600000000000001,13.0,4.0,06279,35.8
4216462,11.1,91.0,1.1,0.8999999999999999,18.0,31.5,7.0,06279,35.8
4216482,3.1,94.0,0.0,0.0,5.4,14.8,3.0,06279,35.8
4216502,7.6,97.0,0.4,4.3,21.6,38.9,7.0,06279,35.8
4216516,4.15,95.5,0.0,0.0,19.8,31.5,7.0,06279,35.8
4216539,4.6,84.0,0.0,0.0,16.2,31.5,3.0,06279,35.8
4216566,8.899999999999999,95.0,0.0,0.0,9.0,14.8,4.0,06279,35.8
4216573,3.85,89.0,0.0,2.2,12.600000000000001,22.2,7.0,06279,35.8
4216586,11.1,69.0,0.0,0.0,25.200000000000003,42.6,2.0,06279,35.8
4216610,11.7,79.0,0.0,0.3,17.6,29.6,4.0,06279,35.8
4216624,18.55,59.0,0.0,0.0,12.600000000000001,29.6,3.0,06279,35.8
4216640,17.35,59.0,0.0,0.0,30.6,51.8,7.0,06279,35.8
4216672,21.9,53.0,0.0,0.0,18.0,31.5,3.0,06279,35.8
4508817,22.35,53.5,0.0,0.0,9.0,22.2,3.0,06279,35.8
4508836,25.25,59.5,,,23.4,25.9,3.0,06279,35.8
4508847,15.85,76.5,0.0,0.0,10.8,22.2,1.0,06279,35.8
4508861,13.149999999999999,69.0,0.0,0.0,12.600000000000001,20.4,2.0,06279,35.8
4508882,16.1,77.0,0.0,0.0,27.0,37.0,4.0,06279,35.8
4508052,6.65,93.0,0.0,0.0,5.4,11.1,4.0,06279,35.8
4508072,5.2,80.5,0.0,0.0,10.8,16.7,4.0,06279,35.8
4508625,0.35,91.5,0.0,0.0,12.600000000000001,14.8,4.0,06279,35.8
4508643,1.9,92.5,0.0,0.0,9.0,14.8,3.0,06279,35.8
4508650,-0.7,99.0,0.0,0.0,9.0,14.8,4.0,06279,35.8
4508897,1.1,95.5,0.0,0.0,1.8,7.4,1.0,06279,35.8
4508916,1.2,79.5,0.0,0.0,18.0,29.6,4.0,06279,35.8
4508934,16.3,41.5,0.0,0.0,14.4,24.1,1.0,06279,35.8
4508952,4.15,88.0,0.0,0.0,10.8,18.5,4.0,06279,35.8
4508969,18.1,61.0,0.0,1.5,27.0,44.5,4.0,06279,35.8
4508997,22.2,38.0,0.0,0.0,18.0,31.5,1.0,06279,35.8
4509014,17.85,46.5,0.0,0.0,10.8,27.8,3.0,06279,35.8
4815209,22.65,54.0,0.0,0.0,12.05,25.9,1.0,06279,35.8
4815237,20.700000000000003,76.5,0.0,1.0,14.8,27.8,7.0,06279,35.8
4815255,14.85,78.5,0.2,0.0,23.15,44.5,7.0,06279,35.8
4815274,10.6,88.0,2.1,0.9000000000000001,25.9,44.5,7.0,06279,35.8
4815296,10.6,90.0,,,16.7,27.8,7.0,06279,35.8
4815318,,,,,,,,06279,35.8
4815345,,,,,,,,06279,35.8
4815366,,,,,,,,06279,35.8
4815399,,,,,,,,06279,35.8
4815420,,,,,,,,06279,35.8
4815431,,,,,,,,06279,35.8
4815460,,,,,,,,06279,35.8
4815478,,,,,,,,06279,35.8
4815487,,,,,,,,06279,35.8
4815505,,,,,,,,06279,35.8
4815523,,,,,,,,06279,35.8
4815541,,,,,,,,06279,35.8
3602480,26.6,47.5,0.0,0.0,14.4,32.0,4.0,06370,26.0
3602494,16.25,76.5,0.0,0.1,14.4,29.0,4.0,06370,26.0
3602510,18.75,69.5,0.0,0.0,10.8,22.0,4.0,06370,26.0
3602528,21.950000000000003,58.5,0.0,0.0,5.4,16.7,4.0,06370,26.0
3602572,8.8,93.5,0.0,2.8000000000000003,10.8,24.1,17.0,06370,26.0
3602602,9.649999999999999,81.5,0.0,0.0,30.6,47.0,4.0,06370,26.0
3602647,2.95,95.5,0.0,0.2,10.8,14.8,4.0,06370,26.0
3602680,2.7,97.0,0.0,1.4,7.2,11.0,4.0,06370,26.0
3602722,-0.35,84.0,0.0,0.0,7.2,14.0,4.0,06370,26.0
3602756,5.1,91.5,0.0,0.0,9.0,14.8,4.0,06370,26.0
3602777,7.2,87.5,1.3,8.0,21.6,58.0,8.0,06370,26.0
3602751,5.9,77.0,0.1,0.0,30.6,47.0,8.0,06370,26.0
3602715,9.149999999999999,47.0,0.0,0.0,12.600000000000001,20.4,1.0,06370,26.0
3602679,3.05,73.5,0.0,0.0,1.8,7.0,1.0,06370,26.0
3602634,17.4,42.0,0.0,0.0,27.0,43.0,1.0,06370,26.0
3602598,16.45,70.0,0.0,0.0,12.6,25.9,1.0,06370,26.0
3602544,25.049999999999997,27.5,0.0,0.0,16.2,32.0,3.0,06370,26.0
4508818,23.45,54.5,0.0,0.0,10.8,22.2,2.0,06370,26.0
4508829,20.4,75.0,0.0,0.0,14.4,14.8,2.0,06370,26.0
4508845,18.45,66.5,0.0,0.0,9.0,18.5,4.0,06370,26.0
4508860,11.9,83.5,2.0,0.7,7.2,25.9,8.0,06370,26.0
4508879,16.4,74.0,0.0,0.0,23.4,40.0,4.0,06370,26.0
4508043,11.65,82.5,0.0,0.0,10.8,22.2,4.0,06370,26.0
4508066,17.799999999999997,50.5,0.0,0.0,27.0,50.0,8.0,06370,26.0
4508617,7.2,84.0,0.0,0.3,16.2,33.3,7.0,06370,26.0
4508635,4.9,72.5,0.0,1.3,19.8,38.9,7.0,06370,26.0
4508653,0.5,96.0,0.0,0.0,5.4,11.0,4.0,06370,26.0
4508900,-2.0,97.0,0.0,0.0,0.0,4.0,4.0,06370,26.0
4508918,1.4,66.0,0.0,0.0,7.2,16.7,4.0,06370,26.0
4508936,17.299999999999997,41.5,0.0,0.0,9.0,20.4,4.0,06370,26.0
4508954,10.6,60.0,0.0,0.0,12.600000000000001,22.0,3.0,06370,26.0
4508972,16.9,63.0,0.0,0.0,19.8,33.3,4.0,06370,26.0
4508999,17.85,34.0,0.0,0.0,12.600000000000001,29.0,3.0,06370,26.0
4509008,17.3,55.5,0.0,0.0,18.0,35.2,4.0,06370,26.0
3602481,18.7,79.0,0.0,0.2,5.4,13.0,1.0,06375,21.2
3602504,17.6,80.0,0.0,0.0,12.600000000000001,22.0,4.0,06375,21.2
3602521,18.15,57.0,0.0,0.6,9.0,22.0,2.0,06375,21.2
3602569,13.35,61.5,0.0,0.0,14.4,22.0,4.0,06375,21.2
3602587,16.2,75.5,0.0,0.0,16.2,32.0,4.0,06375,21.2
3602603,9.55,82.5,0.0,0.0,25.2,40.0,4.0,06375,21.2
3602644,4.05,94.0,0.5,3.5,23.4,43.0,7.0,06375,21.2
3602688,10.5,97.5,0.0,0.4,16.2,25.0,4.0,06375,21.2
3602736,1.5,99.0,0.0,0.0,10.8,14.0,5.0,06375,21.2
3602757,6.4,90.0,0.0,0.0,3.6,9.3,4.0,06375,21.2
3602748,6.55,70.5,0.4,0.0,25.200000000000003,48.2,17.0,06375,21.2
3602712,5.75,47.5,0.0,0.0,18.0,32.0,1.0,06375,21.2
3602675,5.85,57.5,0.0,0.0,16.2,31.5,1.0,06375,21.2
3602639,3.4000000000000004,85.0,0.0,0.1,10.8,18.0,3.0,06375,21.2
3602631,18.8,45.0,0.0,0.0,32.4,47.0,2.0,06375,21.2
3602594,14.649999999999999,54.5,0.0,0.0,12.600000000000001,25.0,1.0,06375,21.2
3602541,24.35,27.5,0.0,0.0,16.2,31.5,4.0,06375,21.2
3900348,22.95,36.5,0.0,0.0,9.0,22.0,2.0,06375,21.2
3900368,19.75,72.5,0.0,0.0,14.4,25.0,4.0,06375,21.2
3900387,18.9,79.5,1.2,3.5,9.0,24.1,8.0,06375,21.2
3900411,17.3,68.5,0.0,0.0,10.8,25.9,8.0,06375,21.2
3900415,8.85,85.0,0.0,0.0,7.2,11.0,1.0,06375,21.2
3900438,17.95,76.0,0.0,0.0,14.4,25.9,4.0,06375,21.2
3900463,14.149999999999999,56.5,0.0,0.0,10.8,18.5,4.0,06375,21.2
3900473,9.5,75.5,0.0,0.0,27.0,43.0,4.0,06375,21.2
3900486,0.85,88.5,0.0,0.0,9.0,16.7,4.0,06375,21.2
3900505,-1.5499999999999998,90.0,0.0,0.0,3.6,7.0,4.0,06375,21.2
3900525,8.35,87.0,0.0,0.1,9.0,16.7,4.0,06375,21.2
3900543,1.05,69.5,0.0,0.0,7.2,16.7,3.0,06375,21.2
3900562,9.1,94.5,0.0,0.4,23.4,35.2,4.0,06375,21.2
3900580,9.85,94.0,1.5,7.6,12.600000000000001,32.0,8.0,06375,21.2
3900598,10.35,88.5,0.0,0.0,10.8,18.0,4.0,06375,21.2
3900616,14.7,94.5,1.0,1.0,3.6,14.8,8.0,06375,21.2
3900633,21.8,61.5,0.0,0.0,16.2,29.0,2.0,06375,21.2
4216378,22.15,63.0,0.0,0.0,16.2,32.0,4.0,06375,21.2
4216392,18.1,68.5,0.0,0.0,10.8,32.0,8.0,06375,21.2
4216423,15.1,89.0,2.3,0.7,5.4,18.0,8.0,06375,21.2
4216430,20.25,69.5,0.0,0.0,18.0,25.0,4.0,06375,21.2
4216448,14.5,69.5,0.0,0.3,23.4,36.0,8.0,06375,21.2
4216463,11.149999999999999,87.5,0.0,1.8,30.6,47.0,17.0,06375,21.2
4216480,6.6,93.5,0.5,0.0,12.600000000000001,25.0,17.0,06375,21.2
4216488,2.75,70.0,0.0,0.0,18.0,40.0,4.0,06375,21.2
4216513,7.25,80.5,0.0,0.0,10.8,18.0,4.0,06375,21.2
4216529,0.25,69.5,0.0,0.0,10.8,25.9,4.0,06375,21.2
4216547,10.55,93.5,0.2,1.3,18.0,31.5,8.0,06375,21.2
4216575,5.55,76.0,0.0,0.0,16.2,24.1,4.0,06375,21.2
4216588,12.899999999999999,61.5,0.0,0.0,19.8,29.0,4.0,06375,21.2
4216606,11.35,80.0,0.0,0.0,22.0,36.0,4.0,06375,21.2
4216635,11.899999999999999,61.5,0.0,0.0,5.4,18.5,4.0,06375,21.2
4216644,15.149999999999999,58.0,0.0,0.0,28.8,58.0,4.0,06375,21.2
4216658,25.0,47.5,0.0,0.0,21.6,35.2,4.0,06375,21.2
4481100,18.85,55.0,0.0,0.0,9.0,26.0,4.0,06375,21.2
4507641,24.6,52.0,0.0,0.0,14.4,29.0,4.0,06375,21.2
4508820,23.35,70.0,0.0,0.0,23.4,58.0,17.0,06375,21.2
4508851,15.2,92.0,0.0,0.0,3.6,7.0,1.0,06375,21.2
4508858,11.649999999999999,78.5,1.3,0.2,10.8,25.0,8.0,06375,21.2
4508876,14.0,87.0,0.0,0.0,10.8,18.5,4.0,06375,21.2
4508047,11.95,79.5,0.0,0.0,9.0,14.0,1.0,06375,21.2
4508064,15.5,61.5,0.0,0.0,27.0,53.7,4.0,06375,21.2
4508076,7.05,65.5,0.0,0.0,12.5,22.0,4.0,06375,21.2
4508623,7.55,99.0,0.2,0.0,25.200000000000003,40.0,4.0,06375,21.2
4508648,-0.6,99.0,0.0,0.0,3.6,9.3,4.0,06375,21.2
4508895,-0.15,89.5,0.0,0.0,7.4,11.1,1.0,06375,21.2
4508914,3.1,57.0,0.0,0.0,28.8,43.0,3.0,06375,21.2
4508932,17.45,42.0,0.0,0.0,14.4,22.0,3.0,06375,21.2
4508950,5.55,82.0,0.0,0.0,10.8,18.0,4.0,06375,21.2
4508967,14.75,61.5,0.0,0.0,5.4,14.8,4.0,06375,21.2
4508986,18.3,46.0,0.0,0.0,12.600000000000001,29.6,4.0,06375,21.2
4509006,15.399999999999999,51.0,0.0,0.0,16.2,32.0,3.0,06375,21.2
4815205,25.6,43.0,0.0,0.0,14.5,32.0,2.0,06375,21.2
4815227,20.25,40.0,0.0,0.0,8.0,18.5,3.0,06375,21.2
4815241,13.05,87.0,4.4,0.0,11.0,54.0,17.0,06375,21.2
4815266,17.299999999999997,63.5,0.0,0.0,5.5,14.0,3.0,06375,21.2
4815291,11.9,60.5,0.0,0.0,13.0,22.2,3.0,06375,21.2
4815322,,,,,,,,06375,21.2
4815339,,,,,,,,06375,21.2
4815375,,,,,,,,06375,21.2
4815405,,,,,,,,06375,21.2
4815426,,,,,,,,06375,21.2
4815383,,,,,,,,06375,21.2
4815456,,,,,,,,06375,21.2
4815466,,,,,,,,06375,21.2
4815482,,,,,,,,06375,21.2
4815500,,,,,,,,06375,21.2
4815519,,,,,,,,06375,21.2
4815537,,,,,,,,06375,21.2
3602482,21.4,69.5,0.0,0.0,1.8,11.0,4.0,06270,30.8
3602498,17.25,90.5,0.0,0.5,19.8,35.2,4.0,06270,30.8
3602509,19.25,68.5,0.0,0.0,10.8,22.0,4.0,06270,30.8
3602534,18.9,83.5,0.0,0.1,10.8,24.1,4.0,06270,30.8
3602564,11.65,78.0,0.0,0.0,12.600000000000001,25.0,4.0,06270,30.8
3602584,12.7,96.0,0.8,0.30000000000000004,16.2,31.5,17.0,06270,30.8
3602615,9.35,76.5,0.2,2.0,25.2,43.0,8.0,06270,30.8
3602651,3.3,75.0,0.0,2.0,16.2,31.5,7.0,06270,30.8
3602682,2.8,97.0,0.0,0.0,12.600000000000001,22.0,4.0,06270,30.8
3602720,-1.65,92.0,0.0,0.0,10.8,22.0,4.0,06270,30.8
3602755,6.1,95.5,0.0,0.1,9.0,18.0,4.0,06270,30.8
3602767,6.6,66.5,0.0,0.0,30.6,50.0,4.0,06270,30.8
3602731,5.050000000000001,64.5,0.0,0.0,19.8,32.0,1.0,06270,30.8
3602677,5.2,96.0,0.0,0.0,14.4,22.0,1.0,06270,30.8
3602642,8.2,63.0,0.0,0.0,23.4,36.0,3.0,06270,30.8
3602624,11.3,61.0,0.0,0.0,3.6,11.0,4.0,06270,30.8
3602540,20.05,51.5,0.0,0.0,18.0,31.5,4.0,06270,30.8
3877119,18.3,82.5,0.0,8.0,19.8,36.0,4.0,06270,30.8
3900341,15.9,66.5,0.0,0.0,16.2,29.6,2.0,06270,30.8
3900372,14.350000000000001,80.5,0.0,0.0,10.8,22.0,3.0,06270,30.8
3900384,24.85,48.0,0.0,0.0,12.600000000000001,25.9,4.0,06270,30.8
3900402,12.2,78.0,0.7,3.3000000000000003,21.6,46.3,17.0,06270,30.8
3900417,15.0,57.5,0.0,0.0,16.2,27.8,4.0,06270,30.8
3900447,18.7,80.0,0.0,0.0,14.4,22.0,8.0,06270,30.8
3900465,13.85,64.0,0.0,0.0,10.8,18.0,4.0,06270,30.8
3900476,10.0,92.0,0.30000000000000004,8.2,30.6,58.0,8.0,06270,30.8
3900490,1.85,82.5,0.0,0.0,19.8,32.0,4.0,06270,30.8
3900506,4.0,87.0,0.0,0.0,10.8,18.0,4.0,06270,30.8
3900527,8.149999999999999,85.5,0.0,0.0,10.8,14.0,4.0,06270,30.8
3900545,3.6,64.0,0.0,0.0,18.0,31.5,2.0,06270,30.8
3900564,9.149999999999999,88.0,0.0,0.6000000000000001,34.2,50.0,7.0,06270,30.8
3900591,7.35,94.0,0.0,0.0,7.2,11.0,4.0,06270,30.8
3900609,9.55,93.5,1.8,4.5,14.4,29.0,8.0,06270,30.8
3900627,12.399999999999999,82.0,0.0,0.0,16.2,29.0,1.0,06270,30.8
3900643,16.85,63.5,0.0,0.0,25.2,36.0,1.0,06270,30.8
4180479,11.85,75.5,0.0,0.0,21.6,36.0,4.0,06270,30.8
4216375,19.95,73.0,0.0,4.1,23.4,39.0,1.0,06270,30.8
4216390,15.35,78.5,5.6,0.0,28.8,46.0,17.0,06270,30.8
4216420,12.55,86.0,0.0,0.0,5.4,11.0,4.0,06270,30.8
4216440,17.55,84.0,0.0,0.0,30.6,44.5,4.0,06270,30.8
4216458,12.1,85.0,0.0,0.5,16.2,31.0,8.0,06270,30.8
4216484,4.55,87.5,0.4,2.1000000000000005,10.8,22.2,8.0,06270,30.8
4216487,-1.85,94.0,0.0,0.1,7.2,11.0,14.0,06270,30.8
4216511,9.35,92.5,0.0,0.0,27.0,42.0,4.0,06270,30.8
4216538,5.65,68.5,0.0,0.0,18.0,31.5,4.0,06270,30.8
4216550,9.1,90.5,0.0,0.4,21.6,31.0,4.0,06270,30.8
4216565,8.899999999999999,94.0,0.0,0.0,10.8,22.2,4.0,06270,30.8
4216585,14.25,69.5,0.0,0.0,14.4,22.0,4.0,06270,30.8
4216602,11.35,63.5,0.0,0.0,28.8,39.0,4.0,06270,30.8
4216615,10.649999999999999,88.5,0.0,0.8999999999999999,27.0,42.0,17.0,06270,30.8
4216628,11.85,81.5,0.0,0.0,10.8,27.8,4.0,06270,30.8
4216642,6.15,85.5,1.2,0.7,21.6,42.0,17.0,06270,30.8
4216666,21.85,52.0,0.0,0.0,21.6,39.0,4.0,06270,30.8
4508812,21.85,50.5,0.0,0.0,5.4,22.2,4.0,06270,30.8
4508832,16.45,79.5,,,23.4,20.4,2.0,06270,30.8
4508852,18.95,76.0,0.0,0.0,7.2,11.0,4.0,06270,30.8
4508867,14.1,67.0,0.0,0.0,19.8,39.0,4.0,06270,30.8
4508887,15.25,91.5,0.0,0.0,10.8,22.0,4.0,06270,30.8
4508057,9.6,92.5,0.0,0.0,14.4,22.0,4.0,06270,30.8
4508068,3.1500000000000004,84.0,0.0,0.0,16.2,25.0,4.0,06270,30.8
4508626,5.3,87.0,0.0,1.2999999999999998,12.600000000000001,24.1,7.0,06270,30.8
4508651,-0.85,97.0,0.0,0.0,7.2,11.0,4.0,06270,30.8
4508898,-1.3,97.0,0.0,0.0,3.6,7.0,1.0,06270,30.8
4508909,3.6,84.0,0.0,0.0,25.200000000000003,40.0,4.0,06270,30.8
4508926,7.25,82.5,0.0,0.1,16.2,24.1,3.0,06270,30.8
4508944,-1.35,88.0,,,10.8,24.1,1.0,06270,30.8
4508962,8.05,78.5,0.0,0.0,16.2,29.6,1.0,06270,30.8
4508989,7.6,78.0,,,14.4,24.1,4.0,06270,30.8
4508981,18.55,45.0,0.0,0.0,7.2,22.0,1.0,06270,30.8
4509016,18.05,52.0,0.0,0.0,16.2,31.0,1.0,06270,30.8
4815207,17.700000000000003,68.0,0.0,0.0,12.5,27.8,1.0,06270,30.8
4815226,17.25,57.5,0.0,0.0,14.5,30.0,4.0,06270,30.8
4815232,20.950000000000003,59.5,0.0,0.7,20.0,36.0,3.0,06270,30.8
4815256,14.649999999999999,63.0,0.0,0.1,29.5,50.0,4.0,06270,30.8
4815275,12.850000000000001,74.0,0.7,1.7999999999999998,38.5,65.0,8.0,06270,30.8
4815292,11.45,91.5,,,18.5,37.0,7.0,06270,30.8
4815329,,,,,,,,06270,30.8
4815351,,,,,,,,06270,30.8
4815382,,,,,,,,06270,30.8
4815394,,,,,,,,06270,30.8
4815415,,,,,,,,06270,30.8
4815438,,,,,,,,06270,30.8
4815454,,,,,,,,06270,30.8
4815475,,,,,,,,06270,30.8
4815493,,,,,,,,06270,30.8
4815509,,,,,,,,06270,30.8
4815535,,,,,,,,06270,30.8
3602483,22.6,64.5,0.0,0.0,7.2,14.8,17.0,06370,3.9
3602493,17.2,72.5,0.0,0.1,19.8,29.0,4.0,06370,3.9
3602514,20.65,57.0,0.0,0.0,12.600000000000001,25.0,4.0,06370,3.9
3602553,11.4,92.5,0.0,0.5,16.2,25.0,4.0,06370,3.9
3602567,5.9,92.0,0.0,0.0,3.6,7.0,4.0,06370,3.9
3602585,14.55,82.0,0.0,2.6,21.6,40.0,8.0,06370,3.9
3602608,9.100000000000001,85.0,0.0,0.0,14.4,24.1,4.0,06370,3.9
3602663,5.75,93.5,1.2,2.0,14.4,22.2,8.0,06370,3.9
3602723,4.25,95.0,0.0,0.0,19.8,32.0,7.0,06370,3.9
3602759,6.75,81.5,0.0,0.0,5.4,7.0,4.0,06370,3.9
3602773,7.449999999999999,73.5,0.0,0.0,36.0,65.0,7.0,06370,3.9
3602750,9.75,92.5,2.0,3.2,36.0,61.0,8.0,06370,3.9
3602713,5.7,57.5,0.0,0.0,18.0,33.3,2.0,06370,3.9
3602676,9.7,47.5,0.0,0.0,14.4,29.6,3.0,06370,3.9
3602641,11.35,46.0,0.0,0.0,5.4,24.1,4.0,06370,3.9
3602622,14.65,43.5,0.0,0.0,7.2,16.7,4.0,06370,3.9
3602558,19.549999999999997,50.5,0.0,0.0,14.4,37.0,4.0,06370,3.9
3900344,19.799999999999997,47.5,0.0,0.0,9.0,22.2,2.0,06370,3.9
3900361,24.35,45.5,0.0,0.0,21.6,40.0,4.0,06370,3.9
3900390,21.45,63.5,0.0,0.0,7.2,18.0,3.0,06370,3.9
3900401,12.1,92.0,4.6,1.9000000000000001,16.2,32.0,17.0,06370,3.9
3900429,18.85,60.5,0.0,0.0,12.600000000000001,27.8,2.0,06370,3.9
3900446,20.049999999999997,65.0,0.0,0.0,7.2,14.0,4.0,06370,3.9
3900464,5.85,98.5,0.0,0.0,3.6,11.1,5.0,06370,3.9
3900471,10.2,80.0,0.0,0.6,23.4,43.0,17.0,06370,3.9
3900487,-0.44999999999999996,95.0,0.0,0.0,12.600000000000001,22.0,4.0,06370,3.9
3900504,2.45,69.5,0.0,0.0,3.6,14.8,4.0,06370,3.9
3900526,7.3,92.5,0.0,0.0,7.2,14.0,4.0,06370,3.9
3900544,5.2,44.5,0.0,0.0,23.4,42.6,1.0,06370,3.9
3900563,11.75,68.0,0.0,0.0,25.2,43.0,8.0,06370,3.9
3900590,10.7,66.0,0.0,0.0,7.2,18.5,3.0,06370,3.9
3900608,17.25,55.5,0.0,0.0,23.4,43.0,4.0,06370,3.9
3900626,16.45,78.5,0.0,0.0,14.4,27.8,4.0,06370,3.9
3900634,22.299999999999997,58.5,0.0,0.0,16.2,29.0,4.0,06370,3.9
4216376,23.549999999999997,56.0,0.0,0.3,16.2,29.0,3.0,06370,3.9
4216407,19.85,90.5,16.3,0.5,16.2,22.0,8.0,06370,3.9
4216396,21.85,65.5,0.0,0.0,10.8,18.0,4.0,06370,3.9
4216428,16.75,75.0,0.0,0.0,7.2,14.0,4.0,06370,3.9
4216449,13.5,79.0,0.30000000000000004,0.0,19.8,40.0,8.0,06370,3.9
4216456,13.9,78.5,1.0,0.0,16.2,43.0,8.0,06370,3.9
4216476,7.3500000000000005,91.0,0.0,0.0,9.0,14.8,4.0,06370,3.9
4216499,2.5999999999999996,82.5,0.0,0.0,14.4,25.0,4.0,06370,3.9
4216517,1.35,95.5,0.0,0.1,19.8,29.0,7.0,06370,3.9
4216532,3.2,83.0,0.0,0.0,5.4,11.1,4.0,06370,3.9
4216563,9.7,89.5,0.0,0.5,10.8,29.0,4.0,06370,3.9
4216581,15.15,56.0,0.0,0.2,5.4,18.0,4.0,06370,3.9
4216599,11.75,86.5,0.4,0.0,10.8,18.0,8.0,06370,3.9
4216626,23.450000000000003,37.5,0.0,0.0,21.6,50.0,2.0,06370,3.9
4216634,24.0,48.5,0.0,0.0,27.35,44.5,4.0,06370,3.9
4216650,14.3,71.5,0.0,0.0,10.8,25.0,4.0,06370,3.9
4216670,20.55,70.5,0.0,0.0,12.600000000000001,22.0,4.0,06370,3.9
4507643,22.05,67.0,0.0,0.0,7.2,14.0,4.0,06370,3.9
4508837,30.9,50.0,0.0,0.0,14.4,25.9,2.0,06370,3.9
4508842,17.65,49.0,0.0,0.0,10.8,18.5,4.0,06370,3.9
4508868,8.95,85.5,0.0,0.0,5.4,13.0,1.0,06370,3.9
4508886,18.6,75.5,0.0,0.0,7.2,14.0,4.0,06370,3.9
4508059,6.55,86.0,3.0,2.2,27.0,48.2,17.0,06370,3.9
4508614,4.65,84.5,0.0,0.0,12.600000000000001,22.0,4.0,06370,3.9
4508632,5.6,71.5,0.0,2.2,25.200000000000003,47.0,7.0,06370,3.9
4508644,-0.5,99.0,0.0,0.0,7.2,13.0,5.0,06370,3.9
4508661,4.9,97.5,0.0,0.0,3.6,11.1,4.0,06370,3.9
4508907,7.5,64.5,0.0,0.0,7.2,22.0,4.0,06370,3.9
4508917,2.8,61.5,0.0,0.0,9.0,18.0,4.0,06370,3.9
4508935,9.35,52.0,0.0,0.0,5.4,11.0,3.0,06370,3.9
4508953,13.0,56.0,0.0,0.0,27.0,44.5,4.0,06370,3.9
4508970,21.6,32.0,0.0,0.0,10.8,29.6,4.0,06370,3.9
4508988,13.05,64.0,0.0,0.0,16.2,36.0,4.0,06370,3.9
4509007,17.3,55.5,0.0,0.0,18.0,35.2,4.0,06370,3.9
4815208,18.5,62.0,0.0,0.0,7.0,29.0,1.0,06370,3.9
4815223,19.05,47.5,0.0,0.0,16.0,29.0,3.0,06370,3.9
4815233,19.7,57.5,0.0,0.0,11.0,24.1,4.0,06370,3.9
4815257,15.100000000000001,78.0,0.0,0.0,10.5,32.0,8.0,06370,3.9
4815283,10.5,64.0,0.0,0.0,10.2,18.5,3.0,06370,3.9
4815302,,,,,,,,06370,3.9
4815341,,,,,,,,06370,3.9
4815361,,,,,,,,06370,3.9
4815385,,,,,,,,06370,3.9
4815406,,,,,,,,06370,3.9
4815418,,,,,,,,06370,3.9
4815448,,,,,,,,06370,3.9
4815467,,,,,,,,06370,3.9
4815476,,,,,,,,06370,3.9
4815495,,,,,,,,06370,3.9
4815512,,,,,,,,06370,3.9
4815538,,,,,,,,06370,3.9
3602484,21.0,77.5,0.0,0.0,7.2,16.7,8.0,06344,3.6
3602502,21.1,63.5,0.0,0.0,14.4,25.0,4.0,06344,3.6
3602508,16.1,88.0,0.0,0.0,3.6,11.1,17.0,06344,3.6
3602532,21.3,68.5,0.0,0.0,12.600000000000001,25.0,4.0,06344,3.6
3602570,13.35,69.0,0.0,0.0,18.0,29.6,4.0,06344,3.6
3602586,12.899999999999999,83.5,0.4,0.0,21.6,37.0,17.0,06344,3.6
3602610,9.7,96.5,0.0,0.0,16.2,27.8,8.0,06344,3.6
3602648,4.1,89.0,0.0,2.9,10.8,25.0,18.0,06344,3.6
3602699,5.6,99.0,0.0,0.0,5.4,18.0,4.0,06344,3.6
3602719,6.65,97.5,0.6,0.2,25.2,42.6,8.0,06344,3.6
3602760,6.5,82.0,0.0,0.0,7.2,14.8,4.0,06344,3.6
3602768,6.1,71.0,0.0,0.0,30.6,47.0,4.0,06344,3.6
3602732,8.85,49.5,0.0,0.0,21.6,40.0,1.0,06344,3.6
3602697,12.649999999999999,57.5,0.0,0.0,14.4,35.2,4.0,06344,3.6
3602661,7.8,59.5,0.0,0.0,16.2,29.0,4.0,06344,3.6
3602625,6.949999999999999,86.0,0.0,0.0,7.2,22.0,3.0,06344,3.6
3602560,16.8,63.5,0.0,0.0,30.6,54.0,17.0,06344,3.6
3900358,30.9,30.0,0.0,0.0,14.4,29.0,4.0,06344,3.6
3900364,22.5,53.5,0.0,0.0,19.8,36.0,3.0,06344,3.6
3900380,21.7,51.5,0.0,0.0,9.0,16.7,4.0,06344,3.6
3900396,15.6,55.5,0.0,1.0,27.0,50.0,3.0,06344,3.6
3900416,13.0,72.5,0.0,0.0,10.8,25.0,4.0,06344,3.6
3900427,16.75,74.0,0.0,0.0,21.6,36.0,4.0,06344,3.6
3900448,19.65,77.5,0.0,0.0,12.600000000000001,29.0,4.0,06344,3.6
3900466,8.85,93.0,0.0,0.0,7.2,25.0,4.0,06344,3.6
3900478,8.3,84.0,0.1,8.799999999999999,19.8,50.0,17.0,06344,3.6
3900495,0.8500000000000001,93.0,0.0,0.0,7.2,14.0,4.0,06344,3.6
3900528,8.4,75.0,0.0,0.0,5.4,9.3,4.0,06344,3.6
3900546,5.4,82.0,0.0,0.30000000000000004,16.2,36.0,7.0,06344,3.6
3900565,1.9,86.0,0.0,0.0,5.4,13.0,4.0,06344,3.6
3900583,8.1,66.5,0.0,0.0,25.200000000000003,43.0,1.0,06344,3.6
3900601,7.9,84.5,0.0,0.0,21.6,40.0,4.0,06344,3.6
3900619,17.0,81.0,0.4,0.0,10.8,32.0,8.0,06344,3.6
3900636,20.4,58.5,0.0,0.0,21.6,36.0,3.0,06344,3.6
4176846,19.8,55.0,0.0,0.0,18.0,32.0,1.0,06344,3.6
4180498,21.25,55.0,0.0,0.0,23.4,36.0,1.0,06344,3.6
4216385,24.6,56.5,0.0,0.0,10.8,24.1,1.0,06344,3.6
4216400,17.75,95.5,0.7,3.0,5.4,14.8,8.0,06344,3.6
4216418,17.75,61.0,0.0,0.0,25.55,43.0,4.0,06344,3.6
4216437,18.6,81.5,0.0,0.0,9.0,18.0,4.0,06344,3.6
4216454,12.55,81.0,0.0,0.0,19.8,37.0,4.0,06344,3.6
4216460,12.2,71.5,0.0,1.8,28.8,61.0,4.0,06344,3.6
4216486,7.15,78.5,0.0,0.9999999999999999,12.600000000000001,25.9,4.0,06344,3.6
4216510,9.4,74.0,0.0,0.0,28.8,47.0,3.0,06344,3.6
4216531,5.15,84.0,0.0,0.0,36.0,61.0,4.0,06344,3.6
4216542,10.7,86.5,0.0,0.1,34.2,58.0,4.0,06344,3.6
4216567,11.4,79.5,0.0,0.0,10.8,22.2,4.0,06344,3.6
4216582,11.100000000000001,67.0,0.0,0.0,16.2,32.0,7.0,06344,3.6
4216595,12.899999999999999,82.0,1.1,0.0,16.2,33.3,8.0,06344,3.6
4216612,9.149999999999999,90.5,0.0,1.5,9.0,14.8,4.0,06344,3.6
4216625,22.15,44.0,0.0,0.0,34.2,50.0,1.0,06344,3.6
4216643,13.649999999999999,67.5,0.0,0.0,36.0,63.0,8.0,06344,3.6
4216669,20.950000000000003,60.5,0.0,0.0,18.0,32.0,4.0,06344,3.6
4507644,24.5,60.5,0.1,0.0,5.4,14.0,1.0,06344,3.6
4508825,20.1,52.0,0.0,0.0,27.0,40.8,3.0,06344,3.6
4508843,17.95,70.0,0.0,0.0,12.600000000000001,22.0,4.0,06344,3.6
4508859,9.0,90.5,0.0,2.2,6.5,18.0,7.0,06344,3.6
4508874,15.55,80.5,0.0,0.2,21.6,32.0,4.0,06344,3.6
4508048,11.850000000000001,78.5,0.0,0.0,10.8,18.0,1.0,06344,3.6
4508065,16.1,60.0,0.0,0.0,34.2,57.0,4.0,06344,3.6
4508616,6.55,93.5,2.5,2.9,28.8,47.0,8.0,06344,3.6
4508634,6.05,70.0,0.0,0.9,37.8,61.0,8.0,06344,3.6
4508652,-0.35,92.5,0.0,0.0,5.4,11.0,4.0,06344,3.6
4508899,4.9,65.0,0.0,0.0,7.2,14.8,4.0,06344,3.6
4508927,8.7,63.5,0.0,0.0,9.0,18.0,1.0,06344,3.6
4508945,5.6,57.0,0.0,0.0,19.8,33.3,4.0,06344,3.6
4508963,11.2,35.0,0.0,0.0,23.4,40.0,4.0,06344,3.6
4508971,22.45,33.5,0.0,0.0,19.8,40.0,1.0,06344,3.6
4508990,12.45,60.0,0.0,0.2,19.8,36.0,4.0,06344,3.6
4509017,16.75,59.5,0.0,0.0,7.2,22.2,4.0,06344,3.6
4815218,18.1,83.0,0.0,0.0,9.0,22.2,8.0,06344,3.6
4815236,22.049999999999997,57.5,0.0,0.0,20.0,29.6,4.0,06344,3.6
4815249,20.15,73.5,0.0,0.0,3.5,24.1,4.0,06344,3.6
4815272,13.149999999999999,66.0,0.6,1.0,38.0,68.5,17.0,06344,3.6
4815295,12.45,84.5,,,28.700000000000003,53.7,7.0,06344,3.6
4815311,,,,,,,,06344,3.6
4815333,,,,,,,,06344,3.6
4815354,,,,,,,,06344,3.6
4815363,,,,,,,,06344,3.6
4815386,,,,,,,,06344,3.6
4815419,,,,,,,,06344,3.6
4815440,,,,,,,,06344,3.6
4815469,,,,,,,,06344,3.6
4815484,,,,,,,,06344,3.6
4815502,,,,,,,,06344,3.6
4815521,,,,,,,,06344,3.6
4815539,,,,,,,,06344,3.6
3602485,19.45,86.0,0.0,0.0,16.2,23.8,,06277,34.6
3602507,18.7,73.5,0.0,0.0,27.0,33.8,,06277,34.6
3602523,16.15,88.0,0.0,0.0,18.0,29.2,,06277,34.6
3602545,13.1,95.5,2.0,3.9000000000000004,30.6,41.4,,06277,34.6
3602578,8.5,82.5,0.0,0.0,16.2,22.3,,06277,34.6
3602606,11.3,71.5,0.0,0.0,41.400000000000006,58.7,,06277,34.6
3602665,5.05,97.0,0.0,1.6,27.0,59.4,,06277,34.6
3602685,8.4,99.0,0.0,0.3,16.2,23.0,,06277,34.6
3602738,6.5,88.0,0.0,0.0,32.4,41.8,,06277,34.6
3602776,7.1,88.0,0.0,4.1,43.2,60.8,,06277,34.6
3602762,4.2,69.0,0.0,0.0,30.6,42.8,,06277,34.6
3602726,5.35,78.5,0.0,0.0,9.0,15.8,,06277,34.6
3602690,11.600000000000001,61.5,0.0,0.0,14.4,19.8,,06277,34.6
3602654,5.4,52.5,0.0,0.0,34.2,43.9,,06277,34.6
3602627,11.15,74.5,0.0,0.0,46.8,55.4,,06277,34.6
3602591,10.7,78.5,0.0,0.0,27.0,31.7,,06277,34.6
3602538,15.35,73.5,0.0,0.0,34.2,42.5,,06277,34.6
3900346,19.1,62.0,0.0,0.0,12.600000000000001,21.6,3.0,06277,34.6
3900360,21.0,67.0,0.0,0.0,23.4,30.6,3.0,06277,34.6
3900385,25.25,45.5,0.0,0.0,12.600000000000001,24.5,3.0,06277,34.6
3900408,14.3,81.5,0.0,2.2,28.8,45.4,3.0,06277,34.6
3900413,14.0,83.5,0.0,0.0,21.6,42.8,3.0,06277,34.6
3900435,15.649999999999999,85.0,0.0,0.0,23.4,28.4,3.0,06277,34.6
3900459,11.100000000000001,86.0,0.0,0.0,19.8,21.2,3.0,06277,34.6
3900477,6.4,83.0,0.2,0.6,36.0,66.6,7.0,06277,34.6
3900501,5.75,85.5,0.0,0.0,28.799999999999997,36.0,3.0,06277,34.6
3900520,7.2,80.5,0.0,0.0,39.6,46.8,3.0,06277,34.6
3900532,8.3,91.0,0.0,0.0,27.0,44.6,3.0,06277,34.6
3900541,5.4,56.5,0.0,0.0,32.4,44.3,1.0,06277,34.6
3900569,8.55,96.0,0.0,0.0,16.2,27.7,3.0,06277,34.6
3900587,8.85,75.5,0.0,0.0,30.6,37.4,3.0,06277,34.6
3900603,8.5,58.5,0.0,0.0,37.8,50.4,3.0,06277,34.6
3900621,11.100000000000001,73.5,0.0,0.0,36.0,50.8,3.0,06277,34.6
3900642,16.3,64.5,0.0,0.0,30.6,31.3,3.0,06277,34.6
4507639,19.05,67.5,0.0,0.0,21.6,43.6,1.0,06277,34.6
4508823,17.700000000000003,66.5,0.0,0.0,30.6,40.3,3.0,06277,34.6
4508839,16.200000000000003,58.0,0.0,0.0,18.0,22.0,3.0,06277,34.6
4508862,14.75,59.0,0.0,0.0,14.4,29.2,3.0,06277,34.6
4508880,15.75,79.5,0.0,0.0,30.6,44.3,3.0,06277,34.6
4508051,6.85,90.0,0.0,0.0,14.4,19.1,3.0,06277,34.6
4508070,5.3,83.0,0.0,0.0,14.4,29.5,3.0,06277,34.6
4508611,6.35,92.0,0.0,0.0,32.4,42.5,3.0,06277,34.6
4508637,5.25,84.0,0.0,0.0,9.0,16.6,3.0,06277,34.6
4508656,2.55,91.5,0.0,0.0,10.8,15.8,3.0,06277,34.6
4508902,3.55,80.5,0.0,0.0,14.4,17.3,3.0,06277,34.6
4508920,4.3,95.0,0.0,0.0,9.0,9.0,3.0,06277,34.6
4508939,6.9,76.0,,,19.8,,,06277,34.6
4508958,8.45,72.0,0.0,0.0,46.8,51.8,1.0,06277,34.6
4508976,10.95,87.0,0.0,0.0,32.4,35.6,3.0,06277,34.6
4508982,11.05,69.0,0.0,0.0,43.2,51.5,3.0,06277,34.6
4509001,11.5,78.5,0.0,0.0,36.0,42.8,3.0,06277,34.6
4815214,16.6,66.0,0.0,0.0,24.1,36.7,2.0,06277,34.6
4815230,19.85,62.0,0.0,0.0,17.65,35.3,3.0,06277,34.6
4815251,19.450000000000003,85.0,0.0,0.0,16.4,30.6,3.0,06277,34.6
4815261,16.5,79.5,0.0,0.0,8.6,16.2,3.0,06277,34.6
4815287,9.8,66.0,,,23.0,,,06277,34.6
4815310,,,,,,,,06277,34.6
4815328,,,,,,,,06277,34.6
4815359,,,,,,,,06277,34.6
4815381,,,,,,,,06277,34.6
4815404,,,,,,,,06277,34.6
4815424,,,,,,,,06277,34.6
4815437,,,,,,,,06277,34.6
4815463,,,,,,,,06277,34.6
4815480,,,,,,,,06277,34.6
4815498,,,,,,,,06277,34.6
4815518,,,,,,,,06277,34.6
4815528,,,,,,,,06277,34.6
3602486,20.5,76.5,0.0,0.0,18.0,32.0,4.0,06290,5.0
3602499,20.25,77.0,0.0,0.0,21.6,32.0,4.0,06290,5.0
3602525,15.05,93.5,0.4,0.0,14.4,32.0,17.0,06290,5.0
3602571,12.8,64.0,0.0,0.0,14.2,25.0,4.0,06290,5.0
3602574,11.25,63.5,0.0,0.0,18.0,32.0,1.0,06290,5.0
3602599,7.55,91.5,0.0,0.2,7.2,14.0,4.0,06290,5.0
3602649,4.0,92.5,0.5,0.0,12.600000000000001,22.0,8.0,06290,5.0
3602681,6.6,99.5,,,19.45,33.3,7.0,06290,5.0
3602741,2.45,100.0,0.0,0.0,12.600000000000001,18.0,5.0,06290,5.0
3602774,5.9,89.0,1.4,0.1,27.0,53.7,8.0,06290,5.0
3602744,9.6,92.5,3.0,4.2,30.6,65.0,8.0,06290,5.0
3602708,5.5,51.0,0.0,0.0,18.0,32.0,3.0,06290,5.0
3602672,7.55,53.0,0.0,0.0,14.4,32.0,1.0,06290,5.0
3602655,4.65,46.5,0.0,0.0,21.6,36.0,4.0,06290,5.0
3602628,14.850000000000001,56.0,0.0,0.0,16.2,33.3,4.0,06290,5.0
3602592,18.049999999999997,63.5,0.0,0.0,18.0,36.0,8.0,06290,5.0
3602561,19.0,51.0,0.0,0.0,16.2,37.0,4.0,06290,5.0
3900357,30.9,35.0,0.0,0.0,14.4,29.0,2.0,06290,5.0
3900367,16.7,51.5,0.0,0.0,7.2,11.0,1.0,06290,5.0
3900379,25.200000000000003,35.0,0.0,0.0,10.8,29.0,2.0,06290,5.0
3900407,12.649999999999999,83.0,0.0,2.5,16.200000000000003,32.0,8.0,06290,5.0
3900428,17.8,59.5,0.0,0.0,21.6,35.2,4.0,06290,5.0
3900443,20.35,63.5,0.0,0.0,7.2,14.0,4.0,06290,5.0
3900451,12.6,67.0,0.0,0.0,23.4,40.0,4.0,06290,5.0
3900467,9.399999999999999,90.5,0.0,0.0,12.600000000000001,22.0,4.0,06290,5.0
3900491,1.15,85.5,0.0,0.0,12.600000000000001,22.0,4.0,06290,5.0
3900508,2.55,75.5,0.0,0.0,19.8,31.5,4.0,06290,5.0
3900524,8.9,80.5,0.0,0.0,0.0,11.1,4.0,06290,5.0
3900550,4.0,78.5,0.0,0.0,7.2,18.5,7.0,06290,5.0
3900570,7.5,93.5,0.0,0.0,5.4,22.0,3.0,06290,5.0
3900588,13.1,49.5,0.0,0.0,12.600000000000001,29.0,2.0,06290,5.0
3900604,16.15,60.5,0.0,0.0,21.6,40.0,4.0,06290,5.0
3900622,17.7,53.0,0.0,0.0,10.8,27.8,2.0,06290,5.0
3900644,22.2,42.5,0.0,0.0,14.4,32.0,2.0,06290,5.0
4180480,22.05,31.0,0.0,0.0,10.8,27.8,1.0,06290,5.0
4180499,29.8,30.5,0.0,0.0,18.0,40.0,2.0,06290,5.0
4216381,25.8,47.5,0.0,0.0,16.2,30.0,1.0,06290,5.0
4216411,23.1,75.5,0.0,0.30000000000000004,10.8,22.0,4.0,06290,5.0
4216389,18.65,78.0,0.0,0.0,9.0,22.0,4.0,06290,5.0
4216425,15.2,79.0,0.0,0.0,9.0,18.0,4.0,06290,5.0
4216451,14.6,68.0,0.0,7.7,28.799999999999997,54.0,4.0,06290,5.0
4216475,5.15,89.5,0.0,0.1,12.600000000000001,22.0,4.0,06290,5.0
4216485,3.5,95.5,0.0,3.2,7.2,14.8,7.0,06290,5.0
4216501,7.5,95.5,0.0,0.0,16.2,26.0,4.0,06290,5.0
4216514,3.1,94.5,0.1,0.1,23.4,39.0,8.0,06290,5.0
4216541,10.7,89.0,0.0,0.3,21.6,38.9,4.0,06290,5.0
4216562,8.55,88.0,1.2999999999999998,1.1,25.2,38.9,8.0,06290,5.0
4216569,7.449999999999999,78.5,0.0,0.2,7.2,31.0,8.0,06290,5.0
4216593,9.399999999999999,59.0,0.0,0.0,12.600000000000001,27.8,4.0,06290,5.0
4216608,15.7,60.0,0.2,0.0,11.0,24.1,4.0,06290,5.0
4216622,18.75,54.5,0.0,0.0,9.0,18.0,4.0,06290,5.0
4216648,7.699999999999999,67.5,0.0,4.0,18.0,39.0,4.0,06290,5.0
4216661,23.5,44.0,0.0,0.0,18.0,35.0,4.0,06290,5.0
4508813,22.35,57.5,0.0,0.0,7.3999999999999995,15.0,4.0,06290,5.0
4508838,16.0,51.5,0.0,0.0,12.600000000000001,22.2,4.0,06290,5.0
4508827,15.8,82.5,0.0,0.0,10.8,24.1,4.0,06290,5.0
4508857,14.25,57.5,0.0,0.0,10.8,22.0,4.0,06290,5.0
4508890,15.25,68.5,0.0,0.0,10.8,26.0,2.0,06290,5.0
4508056,9.6,91.0,0.0,0.0,7.2,15.0,4.0,06290,5.0
4508075,7.35,61.0,0.0,0.0,13.0,22.0,4.0,06290,5.0
4508619,7.15,96.0,0.0,0.0,25.2,40.0,4.0,06290,5.0
4508638,3.35,86.0,0.0,0.0,5.4,11.1,4.0,06290,5.0
4508912,2.6,69.5,0.0,0.0,16.4,29.0,3.0,06290,5.0
4508657,13.149999999999999,67.5,0.0,0.0,19.8,36.0,3.0,06290,5.0
4508929,16.8,35.0,0.0,0.0,7.4,20.4,4.0,06290,5.0
4508940,8.399999999999999,50.0,,,14.4,29.6,4.0,06290,5.0
4508959,13.8,32.5,0.0,0.0,23.4,39.0,1.0,06290,5.0
4508977,10.6,85.5,0.0,0.1,16.2,29.0,8.0,06290,5.0
4508994,22.8,35.0,0.0,0.0,14.4,30.0,1.0,06290,5.0
4509002,14.75,51.0,0.0,0.0,18.0,31.5,4.0,06290,5.0
4791350,10.1,57.5,0.0,0.0,16.200000000000003,40.0,3.0,06290,5.0
4815219,19.25,76.5,0.0,0.0,9.5,30.0,8.0,06290,5.0
4815243,11.75,96.5,0.1,5.4,11.5,22.0,8.0,06290,5.0
4815259,11.65,83.0,0.0,0.0,5.5,18.5,4.0,06290,5.0
4815277,12.850000000000001,80.5,0.0,1.2000000000000002,27.5,43.0,4.0,06290,5.0
4815298,,,,,,,,06290,5.0
4815313,,,,,,,,06290,5.0
4815344,,,,,,,,06290,5.0
4815365,,,,,,,,06290,5.0
4815388,,,,,,,,06290,5.0
4815408,,,,,,,,06290,5.0
4815428,,,,,,,,06290,5.0
4815450,,,,,,,,06290,5.0
4815458,,,,,,,,06290,5.0
4815477,,,,,,,,06290,5.0
4815503,,,,,,,,06290,5.0
4815514,,,,,,,,06290,5.0
4815532,,,,,,,,06290,5.0
3602487,18.6,92.5,0.5,4.7,9.0,25.9,8.0,06344,8.2
3602522,13.1,84.0,0.0,0.0,7.2,11.0,4.0,06344,8.2
3602531,16.6,87.0,0.0,0.0,7.2,14.0,1.0,06344,8.2
3602563,13.35,58.0,0.0,0.0,16.2,25.0,4.0,06344,8.2
3602607,10.35,72.0,0.1,0.0,23.4,43.0,8.0,06344,8.2
3602614,9.399999999999999,72.0,0.0,0.0,21.6,40.0,8.0,06344,8.2
3602505,6.7,75.5,0.0,0.8,16.2,36.0,18.0,06344,8.2
3602667,5.15,89.0,0.2,0.0,9.0,18.5,7.0,06344,8.2
3602704,7.15,92.5,0.0,0.0,12.6,25.0,4.0,06344,8.2
3602735,2.1,98.5,0.0,0.0,10.8,18.0,4.0,06344,8.2
3602775,7.35,90.5,3.8,4.1,36.0,79.0,8.0,06344,8.2
3602746,10.1,92.0,2.6,4.9,52.2,79.0,8.0,06344,8.2
3602709,2.35,80.0,0.0,0.0,10.8,22.2,1.0,06344,8.2
3602656,3.1,56.5,0.0,0.0,16.200000000000003,40.0,1.0,06344,8.2
3602629,16.35,48.5,0.0,0.0,27.0,43.0,1.0,06344,8.2
3602593,16.35,41.0,0.0,0.0,14.4,27.8,1.0,06344,8.2
3602537,24.3,35.0,0.0,0.0,21.6,32.0,4.0,06344,8.2
3900354,24.35,44.0,0.0,0.0,7.2,18.0,1.0,06344,8.2
3900371,18.6,63.5,0.0,0.0,14.4,25.9,8.0,06344,8.2
3900394,18.3,81.0,0.0,0.0,5.4,11.1,8.0,06344,8.2
3900419,15.95,54.0,0.0,0.0,16.2,36.0,1.0,06344,8.2
3900431,17.35,74.0,0.0,0.0,19.8,36.0,4.0,06344,8.2
3900444,12.0,90.5,0.0,0.0,21.6,36.0,4.0,06344,8.2
3900461,12.149999999999999,74.5,0.0,0.0,5.4,18.5,4.0,06344,8.2
3900492,1.95,87.5,0.0,0.0,12.600000000000001,25.0,4.0,06344,8.2
3900500,0.15000000000000002,100.0,0.0,0.0,14.4,24.1,8.0,06344,8.2
3900518,8.2,77.0,0.0,0.0,34.2,50.0,3.0,06344,8.2
3900535,9.75,100.0,0.9,0.1,25.2,43.0,8.0,06344,8.2
3900553,4.6,90.5,0.1,0.0,7.2,18.0,8.0,06344,8.2
3900559,9.7,88.5,0.0,0.0,28.799999999999997,58.0,4.0,06344,8.2
3900589,12.75,65.0,0.0,0.0,12.600000000000001,25.0,4.0,06344,8.2
3900606,12.8,86.5,0.5,0.2,18.0,29.0,8.0,06344,8.2
3900625,15.899999999999999,73.5,0.0,0.0,16.2,25.9,4.0,06344,8.2
3900640,21.0,48.5,0.0,0.0,21.6,33.3,3.0,06344,8.2
4216373,20.299999999999997,71.0,0.0,0.0,18.0,40.0,8.0,06344,8.2
4216394,17.2,73.0,0.9,0.8999999999999999,16.200000000000003,40.8,8.0,06344,8.2
4216410,23.65,56.5,0.0,0.0,14.4,22.2,4.0,06344,8.2
4216431,18.4,61.0,0.0,0.0,12.600000000000001,25.9,4.0,06344,8.2
4216443,13.649999999999999,77.5,0.0,7.1000000000000005,25.200000000000003,47.0,4.0,06344,8.2
4216471,6.1,96.5,0.0,0.0,12.600000000000001,25.0,4.0,06344,8.2
4216491,1.3,77.0,0.3,0.0,21.6,35.2,4.0,06344,8.2
4216498,3.45,75.5,0.0,0.0,19.8,36.0,4.0,06344,8.2
4216515,3.4,93.0,1.8,0.6000000000000001,14.4,31.5,17.0,06344,8.2
4216533,9.1,53.0,0.0,0.0,18.0,29.0,4.0,06344,8.2
4216557,7.55,94.0,0.0,0.1,9.0,14.0,4.0,06344,8.2
4216560,10.0,95.0,2.0,8.6,30.6,54.0,8.0,06344,8.2
4216594,9.5,75.5,0.0,0.0,12.600000000000001,22.0,4.0,06344,8.2
4216604,15.05,67.5,0.0,1.6,18.0,35.0,4.0,06344,8.2
4216629,18.049999999999997,51.5,0.0,0.0,32.05,53.7,4.0,06344,8.2
4216652,14.1,73.0,0.0,0.3,7.2,16.7,4.0,06344,8.2
4216667,20.950000000000003,60.5,0.0,0.0,18.0,32.0,4.0,06344,8.2
4507640,23.05,61.0,0.0,0.2,18.0,40.0,4.0,06344,8.2
4508854,22.549999999999997,61.0,0.0,0.0,12.600000000000001,22.2,4.0,06344,8.2
4508870,13.85,70.0,0.0,0.0,21.6,31.5,4.0,06344,8.2
4508835,13.45,90.0,0.0,0.1,3.6,7.4,4.0,06344,8.2
4508041,7.4,88.5,0.0,0.0,7.2,13.0,3.0,06344,8.2
4508061,5.800000000000001,83.0,6.0,0.5,36.0,55.5,17.0,06344,8.2
4508071,6.85,79.5,0.0,0.0,10.8,18.0,4.0,06344,8.2
4508621,5.050000000000001,82.5,0.0,1.0,12.600000000000001,22.2,7.0,06344,8.2
4508639,6.45,70.0,0.0,0.0,3.6,7.0,8.0,06344,8.2
4508904,3.9,82.0,0.0,0.0,7.2,11.1,4.0,06344,8.2
4508658,8.75,95.5,0.0,0.9000000000000001,12.600000000000001,22.0,4.0,06344,8.2
4508922,1.5499999999999998,93.0,0.0,0.0,3.6,7.4,4.0,06344,8.2
4508947,12.2,59.5,0.0,0.0,35.65,57.0,1.0,06344,8.2
4508930,14.35,45.0,0.0,0.0,21.6,42.6,1.0,06344,8.2
4508978,9.9,78.5,0.0,0.0,10.8,18.0,1.0,06344,8.2
4508995,24.05,25.5,0.0,0.0,18.0,35.2,1.0,06344,8.2
4509004,12.2,71.5,0.0,0.0,14.4,31.5,4.0,06344,8.2
4815206,20.6,57.0,0.0,0.0,16.5,31.0,1.0,06344,8.2
4815242,13.3,85.0,0.0,1.5,18.0,25.0,4.0,06344,8.2
4815248,17.45,82.0,0.1,0.5,34.0,50.0,8.0,06344,8.2
4815279,14.25,66.5,0.0,0.7,31.5,54.0,8.0,06344,8.2
4815299,,,,,,,,06344,8.2
4815304,,,,,,,,06344,8.2
4815327,,,,,,,,06344,8.2
4815350,,,,,,,,06344,8.2
4815370,,,,,,,,06344,8.2
4815393,,,,,,,,06344,8.2
4815401,,,,,,,,06344,8.2
4815436,,,,,,,,06344,8.2
4815445,,,,,,,,06344,8.2
4815473,,,,,,,,06344,8.2
4815479,,,,,,,,06344,8.2
4815507,,,,,,,,06344,8.2
4815526,,,,,,,,06344,8.2
3602488,21.35,64.0,0.0,1.3,19.8,32.0,4.0,06375,36.9
3602515,19.85,60.0,0.0,0.0,14.4,32.0,4.0,06375,36.9
3602529,19.55,71.0,0.0,0.0,7.2,11.0,2.0,06375,36.9
3602552,12.35,92.0,0.7,6.5,12.6,29.0,8.0,06375,36.9
3602579,13.0,61.0,0.0,0.0,12.600000000000001,22.2,1.0,06375,36.9
3602604,9.3,80.5,2.4,0.0,16.2,33.3,8.0,06375,36.9
3602652,1.5,97.0,0.0,0.30000000000000004,9.0,18.0,3.0,06375,36.9
3602687,9.1,99.0,0.1,0.5,18.0,29.0,4.0,06375,36.9
3602716,-1.15,91.0,0.0,0.0,7.2,11.1,1.0,06375,36.9
3602753,5.85,90.5,0.0,0.0,10.8,18.0,4.0,06375,36.9
3602769,2.6500000000000004,66.5,0.0,0.0,10.8,25.0,4.0,06375,36.9
3602733,7.65,52.5,0.0,0.0,27.0,40.0,1.0,06375,36.9
3602678,8.8,61.0,0.0,0.4,10.8,31.5,7.0,06375,36.9
3602643,10.45,44.5,0.0,0.0,10.8,29.0,3.0,06375,36.9
3602714,16.950000000000003,36.5,0.0,0.0,19.8,36.0,4.0,06375,36.9
3602597,17.05,45.5,0.0,0.0,10.8,27.8,1.0,06375,36.9
3602543,24.35,27.5,0.0,0.0,16.2,31.5,4.0,06375,36.9
3875039,21.65,46.0,0.0,0.0,12.600000000000001,25.0,4.0,06375,36.9
3880848,18.299999999999997,62.0,0.0,0.0,23.4,40.0,4.0,06375,36.9
3900347,22.95,36.5,0.0,0.0,9.0,22.0,2.0,06375,36.9
3900359,24.45,42.0,0.0,0.0,16.2,29.0,3.0,06375,36.9
3900370,21.1,53.5,0.0,0.0,10.8,22.0,4.0,06375,36.9
3900397,14.55,57.0,0.0,0.2,14.4,36.0,4.0,06375,36.9
3900420,11.85,65.0,0.0,0.0,9.0,16.7,4.0,06375,36.9
3900434,11.8,96.5,0.0,0.0,3.6,7.0,4.0,06375,36.9
3900457,10.6,77.0,0.0,0.0,14.4,29.6,4.0,06375,36.9
3900481,7.05,72.0,0.0,0.0,46.8,65.0,4.0,06375,36.9
3900497,-1.5499999999999998,90.0,0.0,0.0,7.2,18.0,4.0,06375,36.9
3900529,8.85,72.0,0.0,0.0,5.4,7.0,4.0,06375,36.9
3900547,4.85,50.5,0.0,0.0,19.8,40.0,2.0,06375,36.9
3900556,5.1,69.0,0.0,0.0,7.2,22.0,4.0,06375,36.9
3900574,13.45,72.0,0.0,0.0,9.0,22.2,3.0,06375,36.9
3900592,11.95,65.0,0.0,0.0,14.4,22.0,4.0,06375,36.9
3900610,9.649999999999999,92.5,0.0,4.4,14.4,25.0,4.0,06375,36.9
3900628,19.35,55.0,0.0,0.0,9.0,18.0,4.0,06375,36.9
3900637,21.8,61.5,0.0,0.0,16.2,29.0,2.0,06375,36.9
4216386,23.2,71.0,0.0,0.1,5.4,14.0,4.0,06375,36.9
4216404,22.6,57.0,0.0,0.0,5.4,14.8,4.0,06375,36.9
4216406,23.15,70.5,0.0,0.0,7.2,11.0,4.0,06375,36.9
4216434,18.35,76.0,0.0,0.0,12.600000000000001,18.0,4.0,06375,36.9
4216453,9.05,98.0,0.0,3.7,5.4,20.4,4.0,06375,36.9
4216473,4.7,95.5,0.0,0.0,12.600000000000001,18.5,4.0,06375,36.9
4216504,9.85,81.0,0.0,0.0,27.0,47.0,7.0,06375,36.9
4216518,1.1,95.5,0.4,1.1,21.6,36.0,4.0,06375,36.9
4216528,4.75,75.5,0.0,0.0,30.6,43.0,4.0,06375,36.9
4216545,10.55,97.5,1.2999999999999998,0.6,19.8,43.0,8.0,06375,36.9
4216561,8.7,93.0,0.7,5.800000000000001,28.8,43.0,8.0,06375,36.9
4216577,12.0,63.0,0.0,0.0,16.2,32.0,4.0,06375,36.9
4216603,4.85,89.5,0.0,0.0,1.8,7.4,4.0,06375,36.9
4216616,11.3,85.0,0.4,2.3,16.5,47.0,17.0,06375,36.9
4216623,19.3,57.5,0.0,0.0,27.0,43.0,3.0,06375,36.9
4216641,15.25,63.0,0.1,0.0,34.2,58.0,8.0,06375,36.9
4216668,20.25,62.5,0.0,0.0,14.4,29.0,8.0,06375,36.9
3602503,17.95,93.5,0.0,0.0,14.4,19.4,,06249,16.5
3602533,22.35,67.0,0.0,0.0,14.4,26.3,,06249,16.5
3602568,13.15,69.5,0.0,0.0,19.8,26.3,,06249,16.5
3602581,11.6,94.5,0.0,1.6,12.600000000000001,35.3,,06249,16.5
3602609,9.4,95.5,0.0,0.0,19.8,29.9,,06249,16.5
3602489,0.8,95.0,0.0,0.0,9.0,28.8,,06249,16.5
3602668,4.75,94.5,0.0,0.0,12.600000000000001,20.9,,06249,16.5
3602700,6.25,99.0,0.0,0.0,10.8,16.9,,06249,16.5
3602717,-0.9,91.0,0.0,0.0,9.0,16.2,,06249,16.5
3602754,5.75,98.0,0.0,0.0,5.4,19.1,,06249,16.5
3602743,5.65,95.5,3.9,1.0,27.0,59.0,,06249,16.5
3602725,7.0,66.5,0.0,0.0,25.200000000000003,40.3,,06249,16.5
3602689,11.25,67.5,0.0,0.0,12.600000000000001,19.4,,06249,16.5
3602653,2.15,67.5,0.0,0.0,14.4,32.8,,06249,16.5
3602626,16.75,43.0,0.0,0.0,32.4,53.3,,06249,16.5
3602590,13.2,63.5,0.0,0.0,18.0,31.0,,06249,16.5
3602536,22.4,43.5,0.0,0.0,18.0,37.4,,06249,16.5
3877120,19.5,51.0,0.0,0.0,16.2,26.6,,06249,16.5
3880849,12.55,64.5,0.0,0.0,23.4,36.4,,06249,16.5
3900349,21.1,55.5,0.0,0.0,14.4,30.6,2.0,06249,16.5
3900365,17.05,68.5,0.0,0.0,12.600000000000001,27.0,1.0,06249,16.5
3900393,21.15,67.0,0.0,0.0,3.6,14.4,3.0,06249,16.5
3900403,11.6,88.5,0.2,2.5,19.8,51.5,7.0,06249,16.5
3900430,15.6,68.0,0.0,0.0,12.600000000000001,33.1,3.0,06249,16.5
3900441,16.85,86.0,0.0,0.0,12.600000000000001,32.0,3.0,06249,16.5
3900469,9.7,81.0,0.0,0.0,30.6,51.1,3.0,06249,16.5
3900493,2.1500000000000004,86.0,0.0,0.0,16.2,25.2,2.0,06249,16.5
3900507,4.3,85.5,0.0,0.0,12.600000000000001,13.0,3.0,06249,16.5
3900522,6.7,82.0,0.0,0.0,25.2,38.9,3.0,06249,16.5
3900539,1.0,79.0,0.0,0.0,10.8,13.7,1.0,06249,16.5
3900557,1.25,91.0,0.0,0.0,5.4,6.8,3.0,06249,16.5
3900575,9.899999999999999,92.5,0.30000000000000004,2.4999999999999996,27.0,33.1,7.0,06249,16.5
3900585,7.8500000000000005,94.5,0.0,0.0,12.600000000000001,15.1,3.0,06249,16.5
3900602,10.7,96.5,0.8999999999999999,1.0,10.8,22.3,8.0,06249,16.5
3900620,12.0,88.0,0.0,0.0,12.600000000000001,26.6,3.0,06249,16.5
3900638,19.6,49.0,0.0,0.0,27.0,38.2,3.0,06249,16.5
4216370,20.95,70.0,0.0,0.0,16.2,31.3,3.0,06249,16.5
4216413,18.3,87.5,0.0,1.7,9.0,21.6,3.0,06249,16.5
4216391,16.35,86.0,0.0,0.0,9.0,16.9,3.0,06249,16.5
4216429,20.450000000000003,74.5,0.0,0.0,23.4,38.5,3.0,06249,16.5
4216444,12.3,87.5,0.2,0.6000000000000001,23.4,45.0,7.0,06249,16.5
4216483,7.3,88.0,0.1,0.0,5.4,7.2,7.0,06249,16.5
4216455,1.9,96.5,0.0,0.0,9.0,12.6,3.0,06249,16.5
4216496,10.1,78.5,0.0,4.9,36.0,61.9,3.0,06249,16.5
4216507,8.55,84.0,0.0,0.0,27.0,44.6,3.0,06249,16.5
4216523,0.25,69.5,0.0,0.0,21.6,34.2,3.0,06249,16.5
4216548,10.1,90.0,0.0,0.0,30.6,52.2,3.0,06249,16.5
4216570,7.85,78.5,0.0,0.0,5.4,15.8,3.0,06249,16.5
4216589,9.2,74.0,0.0,0.0,30.6,43.6,3.0,06249,16.5
4216611,7.050000000000001,99.5,0.0,0.4,1.65,5.8,3.0,06249,16.5
4216637,17.75,64.0,0.0,0.0,34.2,51.8,3.0,06249,16.5
4216655,15.600000000000001,65.5,0.0,0.0,12.600000000000001,25.9,3.0,06249,16.5
4216671,21.299999999999997,57.5,0.0,0.0,21.6,38.5,1.0,06249,16.5
4508814,18.8,63.0,0.0,0.0,5.4,11.5,3.0,06249,16.5
4508841,10.149999999999999,89.0,0.0,0.0,7.2,7.6,3.0,06249,16.5
4508864,12.25,73.0,0.0,0.0,23.4,41.0,3.0,06249,16.5
4508875,15.0,86.0,0.0,0.0,16.2,23.0,3.0,06249,16.5
4508889,10.55,95.0,0.0,0.0,7.2,8.6,3.0,06249,16.5
4508058,9.55,95.0,0.0,0.0,10.8,8.3,3.0,06249,16.5
4508074,6.1,67.5,0.0,0.0,19.25,32.8,3.0,06249,16.5
4508610,7.300000000000001,90.0,0.0,0.2,25.2,41.8,3.0,06249,16.5
4508628,10.2,88.0,0.0,1.3,34.2,54.7,3.0,06249,16.5
4508655,3.55,83.5,0.0,0.0,27.0,44.3,3.0,06249,16.5
4508901,4.949999999999999,78.0,0.0,0.0,23.4,35.6,3.0,06249,16.5
4508911,13.25,65.5,0.0,0.0,23.4,42.1,3.0,06249,16.5
4508928,11.0,53.5,0.0,0.0,19.8,24.8,1.0,06249,16.5
4508957,13.25,49.0,0.0,0.0,32.4,47.5,1.0,06249,16.5
4508975,11.0,92.0,1.3,3.5999999999999996,19.8,30.2,8.0,06249,16.5
4508993,23.85,32.5,0.0,0.0,18.0,30.2,1.0,06249,16.5
4509010,19.0,49.0,0.0,0.0,9.0,23.4,3.0,06249,16.5
4791349,12.4,54.5,0.0,0.0,27.0,42.8,3.0,06249,16.5
4791351,14.35,81.5,0.0,0.0,14.4,31.0,3.0,06249,16.5
4815211,23.1,47.0,0.0,0.0,8.45,23.4,3.0,06249,16.5
4815258,14.350000000000001,73.5,0.0,0.0,17.25,33.1,3.0,06249,16.5
4815225,11.85,70.0,0.0,0.0,15.15,31.0,3.0,06249,16.5
4815278,13.45,70.0,0.0,0.0,27.9,51.5,3.0,06249,16.5
4815301,,,,,,,,06249,16.5
4815321,,,,,,,,06249,16.5
4815347,,,,,,,,06249,16.5
4815379,,,,,,,,06249,16.5
4815358,,,,,,,,06249,16.5
4815411,,,,,,,,06249,16.5
4815421,,,,,,,,06249,16.5
4815444,,,,,,,,06249,16.5
4815471,,,,,,,,06249,16.5
4815489,,,,,,,,06249,16.5
4815497,,,,,,,,06249,16.5
4815516,,,,,,,,06249,16.5
4815533,,,,,,,,06249,16.5
3900350,27.85,38.5,0.0,0.0,14.4,29.6,1.0,06344,5.8
3900374,21.65,53.0,0.0,0.0,12.600000000000001,29.6,4.0,06344,5.8
3900389,15.45,93.5,0.0,0.0,5.4,14.0,8.0,06344,5.8
3900405,17.45,65.0,0.0,0.0,16.2,29.0,4.0,06344,5.8
3900436,15.1,93.0,0.0,0.0,18.0,25.0,8.0,06344,5.8
3900450,10.35,90.0,0.0,0.0,28.8,44.5,4.0,06344,5.8
3900475,8.95,80.0,0.0,0.0,23.4,40.0,2.0,06344,5.8
3900485,1.4,97.0,0.0,3.4,18.0,25.0,4.0,06344,5.8
3900509,5.35,85.5,0.0,0.0,27.0,40.0,4.0,06344,5.8
3900516,7.699999999999999,100.0,0.0,0.1,7.2,16.7,4.0,06344,5.8
3900531,5.55,98.0,0.0,0.0,10.8,18.0,4.0,06344,5.8
3900549,6.25,78.5,0.0,2.2,9.0,22.2,4.0,06344,5.8
3900567,11.4,88.5,0.0,0.0,12.600000000000001,29.0,4.0,06344,5.8
3900576,10.0,100.0,2.7,0.5,16.2,25.0,8.0,06344,5.8
3900594,11.9,56.0,0.0,0.0,14.4,24.1,4.0,06344,5.8
3900612,18.700000000000003,81.0,0.0,0.0,7.2,18.0,4.0,06344,5.8
3900631,20.4,58.5,0.0,0.0,21.6,36.0,3.0,06344,5.8
4216387,22.5,65.5,0.0,0.1,21.6,33.3,4.0,06344,5.8
4216395,15.7,84.0,0.0,3.2,5.4,18.0,4.0,06344,5.8
4216409,17.45,89.0,0.0,0.4,7.2,18.5,4.0,06344,5.8
4216424,22.6,62.5,0.0,0.0,23.4,36.0,4.0,06344,5.8
4216445,14.45,70.5,0.0,0.0,20.0,35.2,4.0,06344,5.8
4216461,10.0,90.0,1.1,4.6000000000000005,19.8,40.8,17.0,06344,5.8
4216478,7.550000000000001,75.0,0.4,0.5,21.6,40.0,7.0,06344,5.8
4216508,10.3,94.0,0.0,0.0,25.200000000000003,43.0,4.0,06344,5.8
4216524,2.1500000000000004,82.5,0.0,0.0,18.0,25.0,4.0,06344,5.8
4216534,3.8,81.5,0.0,0.0,9.0,18.5,4.0,06344,5.8
4216553,10.95,88.0,0.0,0.0,10.8,22.0,4.0,06344,5.8
4216576,7.85,78.5,0.0,0.1,18.0,36.0,4.0,06344,5.8
4216597,5.3,83.0,0.0,0.0,1.8,7.0,4.0,06344,5.8
4216614,10.65,78.0,0.0,0.9,21.5,42.6,4.0,06344,5.8
4216639,16.65,67.0,0.3,0.0,23.4,42.6,4.0,06344,5.8
4216657,15.65,72.5,0.0,0.0,9.0,16.7,4.0,06344,5.8
4216665,24.049999999999997,48.0,0.0,0.0,25.2,40.0,4.0,06344,5.8
4815215,19.8,62.0,0.0,0.0,18.0,32.0,1.0,06344,5.8
4815234,20.7,57.0,0.0,0.0,20.0,32.0,4.0,06344,5.8
4815244,17.8,61.5,0.0,0.3,22.0,40.0,3.0,06344,5.8
4815264,12.35,85.5,0.0,0.0,7.0,11.1,4.0,06344,5.8
4815288,12.2,73.5,,0.0,16.7,27.8,4.0,06344,5.8
4815315,,,,,,,,06344,5.8
4815337,,,,,,,,06344,5.8
4815348,,,,,,,,06344,5.8
4815367,,,,,,,,06344,5.8
4815390,,,,,,,,06344,5.8
4815412,,,,,,,,06344,5.8
4815433,,,,,,,,06344,5.8
4815452,,,,,,,,06344,5.8
4815461,,,,,,,,06344,5.8
4815490,,,,,,,,06344,5.8
4815506,,,,,,,,06344,5.8
4815525,,,,,,,,06344,5.8
3900352,25.75,45.0,0.0,0.0,12.25,,2.0,D5132,8.9
3900362,18.5,67.0,0.0,0.0,9.35,,2.0,D5132,8.9
3900383,25.35,41.0,0.0,0.0,9.0,,3.0,D5132,8.9
3900409,12.350000000000001,79.5,0.0,1.1,12.75,,2.0,D5132,8.9
3900422,13.65,95.0,0.6000000000000001,1.0,11.899999999999999,,8.0,D5132,8.9
3900442,18.7,75.5,0.0,0.0,6.449999999999999,,3.0,D5132,8.9
3900458,8.100000000000001,93.5,0.0,0.0,8.45,,2.0,D5132,8.9
3900484,5.9,75.0,2.5999999999999996,1.2000000000000002,34.7,,3.0,D5132,8.9
3900494,1.25,84.0,0.0,0.0,6.15,,3.0,D5132,8.9
3900514,4.7,71.5,0.0,0.0,12.05,,3.0,D5132,8.9
3900523,5.7,96.5,0.0,0.0,11.5,,3.0,D5132,8.9
3900540,5.15,47.5,0.0,0.0,23.0,,3.0,D5132,8.9
3900558,4.949999999999999,56.5,0.0,0.0,16.2,,3.0,D5132,8.9
3900568,11.35,89.5,0.0,0.0,8.100000000000001,,8.0,D5132,8.9
3900586,14.05,48.5,0.0,0.0,15.3,,3.0,D5132,8.9
3900613,15.9,73.5,0.0,0.0,19.25,,3.0,D5132,8.9
3900630,21.5,64.0,0.0,0.0,15.1,,3.0,D5132,8.9
3900355,27.049999999999997,51.5,0.0,0.0,19.8,30.2,2.0,06248,17.2
3900375,19.9,61.0,0.0,0.0,21.6,36.0,3.0,06248,17.2
3900386,16.65,91.5,0.0,1.4,25.2,38.2,3.0,06248,17.2
3900414,14.3,66.5,0.0,0.0,18.0,33.1,3.0,06248,17.2
3900437,14.75,91.0,0.0,0.0,28.8,34.9,3.0,06248,17.2
3900453,10.45,91.5,1.2000000000000002,0.3,39.6,60.8,8.0,06248,17.2
3900460,10.600000000000001,89.5,0.0,0.0,10.8,11.5,1.0,06248,17.2
3900480,9.7,89.0,0.0,8.5,25.200000000000003,68.8,3.0,06248,17.2
3900510,4.75,96.0,0.0,0.0,25.2,38.9,3.0,06248,17.2
3900513,6.0,90.5,0.0,0.0,3.6,6.5,3.0,06248,17.2
3900534,10.399999999999999,86.5,0.0,0.0,25.200000000000003,53.3,3.0,06248,17.2
3900552,5.4,79.0,0.0,0.0,18.0,31.3,3.0,06248,17.2
3900572,9.45,86.5,0.0,0.0,7.2,11.9,3.0,06248,17.2
3900596,10.45,85.5,0.0,0.0,19.8,29.9,3.0,06248,17.2
3900605,11.9,91.0,0.0,0.0,7.2,22.3,3.0,06248,17.2
3900624,14.95,79.5,0.0,0.0,23.4,38.9,1.0,06248,17.2
3900646,18.15,55.0,0.0,0.0,25.2,38.5,3.0,06248,17.2
4216374,20.2,83.5,0.0,0.0,10.8,26.6,3.0,06248,17.2
4216399,20.15,70.0,0.0,0.0,9.0,19.8,3.0,06248,17.2
4216421,16.4,75.5,0.0,0.3,9.0,30.6,3.0,06248,17.2
4216441,16.950000000000003,88.0,0.0,0.0,21.6,45.0,3.0,06248,17.2
4216459,13.75,77.0,0.0,0.0,28.8,50.0,3.0,06248,17.2
4216474,7.949999999999999,86.5,0.0,0.0,18.0,25.9,3.0,06248,17.2
4216493,0.9,96.0,0.0,0.0,12.600000000000001,16.6,3.0,06248,17.2
4216520,4.449999999999999,96.0,0.0,0.2,18.0,28.4,3.0,06248,17.2
4216536,6.3,76.0,0.0,0.0,25.2,29.2,3.0,06248,17.2
4216552,8.25,91.0,0.0,1.9000000000000001,10.8,23.0,3.0,06248,17.2
4216571,3.9,96.5,0.0,0.0,16.2,19.4,3.0,06248,17.2
4216584,7.050000000000001,85.5,0.0,0.0,9.0,42.5,3.0,06248,17.2
4216598,8.85,81.0,0.0,0.0,23.4,31.0,3.0,06248,17.2
4216620,10.8,90.0,0.0,0.1,25.200000000000003,41.8,3.0,06248,17.2
4216627,16.65,65.5,0.0,0.0,16.2,42.8,1.0,06248,17.2
4216654,15.55,71.0,0.0,0.0,16.2,29.5,3.0,06248,17.2
4216673,20.65,61.5,0.0,0.0,25.200000000000003,43.2,2.0,06248,17.2
4815220,18.4,80.5,0.0,0.0,14.2,25.9,3.0,06248,17.2
4815231,20.5,65.5,0.0,0.0,19.799999999999997,38.2,3.0,06248,17.2
4815250,20.3,84.0,0.0,0.0,11.0,23.8,3.0,06248,17.2
4815263,15.15,74.5,0.0,0.0,4.0,10.1,3.0,06248,17.2
4815294,9.4,87.0,,,17.3,,,06248,17.2
4815316,,,,,,,,06248,17.2
4815326,,,,,,,,06248,17.2
4815349,,,,,,,,06248,17.2
4815369,,,,,,,,06248,17.2
4815391,,,,,,,,06248,17.2
4815413,,,,,,,,06248,17.2
4815434,,,,,,,,06248,17.2
4815453,,,,,,,,06248,17.2
4815472,,,,,,,,06248,17.2
4815491,,,,,,,,06248,17.2
4815517,,,,,,,,06248,17.2
4815534,,,,,,,,06248,17.2
4216377,20.0,74.5,0.0,0.0,14.4,33.5,3.0,06248,27.5
4216397,19.75,74.5,0.0,0.0,10.8,19.4,3.0,06248,27.5
4216415,14.5,90.0,0.0,0.0,7.2,10.8,3.0,06248,27.5
4216439,18.05,81.5,0.0,0.0,19.8,48.6,3.0,06248,27.5
4216452,10.9,91.5,0.0,1.4,27.0,37.1,3.0,06248,27.5
4216477,7.949999999999999,86.5,0.0,0.0,18.0,25.9,3.0,06248,27.5
4216481,6.4,96.5,0.2,0.0,9.0,11.5,7.0,06248,27.5
4216505,9.0,84.0,0.0,0.0,30.6,52.6,3.0,06248,27.5
4216525,7.9,81.5,0.0,0.0,27.0,56.5,3.0,06248,27.5
4216549,9.3,91.0,0.0,0.0,18.0,41.4,3.0,06248,27.5
4216558,8.55,97.5,0.0,0.0,16.2,17.6,3.0,06248,27.5
4216572,7.75,77.0,0.0,0.0,5.4,28.4,3.0,06248,27.5
4216591,7.65,79.0,0.0,0.0,36.0,41.8,2.0,06248,27.5
4216609,13.7,78.5,0.0,0.0,19.65,36.4,3.0,06248,27.5
4216638,13.9,75.0,0.0,0.0,21.6,45.0,3.0,06248,27.5
4216649,9.95,89.5,0.0,1.2,28.8,46.1,3.0,06248,27.5
4216674,20.65,61.5,0.0,0.0,25.200000000000003,43.2,2.0,06248,27.5
4507645,19.15,77.0,0.0,0.0,14.4,28.4,3.0,06248,27.5
4508821,17.05,95.0,2.3,1.9,9.0,55.8,26.0,06248,27.5
4508833,,,,,30.6,,,06248,27.5
4508853,21.85,63.5,0.0,0.0,12.600000000000001,22.0,3.0,06248,27.5
4508866,7.15,91.5,0.0,0.0,9.0,7.2,2.0,06248,27.5
4508883,11.0,99.5,0.0,0.0,10.8,10.8,2.0,06248,27.5
4508055,9.75,93.5,0.0,0.0,19.8,24.8,3.0,06248,27.5
4508609,6.55,90.0,0.0,0.0,25.2,38.5,3.0,06248,27.5
4508627,9.55,94.0,0.0,1.4000000000000001,23.4,60.1,3.0,06248,27.5
4508645,0.15000000000000002,92.0,0.0,0.0,7.2,10.8,3.0,06248,27.5
4508893,2.0,81.5,0.0,0.0,9.0,24.5,2.0,06248,27.5
4508919,7.35,81.0,0.0,0.0,10.8,15.5,3.0,06248,27.5
4508938,,,,,16.2,,,06248,27.5
4508956,8.399999999999999,57.0,0.0,0.0,23.4,44.6,1.0,06248,27.5
4508974,17.75,52.0,0.0,0.0,7.2,21.2,1.0,06248,27.5
4508992,15.149999999999999,56.5,0.0,0.0,25.200000000000003,41.8,3.0,06248,27.5
4509000,11.95,67.0,0.0,0.0,21.6,37.8,3.0,06248,27.5
4508819,22.6,58.5,0.0,0.0,18.200000000000003,31.5,3.0,06350,12.9
4508822,16.8,97.0,0.0,12.599999999999998,9.0,29.6,7.0,06350,12.9
4508840,11.85,81.5,0.0,0.0,3.6,11.1,2.0,06350,12.9
4508865,12.65,68.5,0.0,0.0,7.2,24.1,1.0,06350,12.9
4508885,13.25,99.5,0.0,0.0,3.6,7.4,5.0,06350,12.9
4508053,7.85,100.0,0.0,0.0,5.4,7.4,5.0,06350,12.9
4508069,5.85,80.5,0.0,0.0,9.2,16.7,4.0,06350,12.9
4508624,10.15,95.0,0.0,0.1,16.2,31.5,4.0,06350,12.9
4508642,2.7,82.0,0.0,0.0,5.6,11.1,4.0,06350,12.9
4508649,-1.2,97.5,0.0,0.0,3.6,9.3,5.0,06350,12.9
4508896,-0.04999999999999999,99.0,0.0,0.0,0.0,9.3,5.0,06350,12.9
4508915,1.8,71.0,0.0,0.0,7.2,16.7,4.0,06350,12.9
4508933,6.75,75.0,0.0,0.0,5.4,14.8,2.0,06350,12.9
4508951,11.0,60.0,0.0,0.0,16.4,29.6,4.0,06350,12.9
4508968,20.0,35.5,0.0,0.0,12.600000000000001,20.4,1.0,06350,12.9
4508987,13.0,53.5,0.0,0.1,16.2,33.3,7.0,06350,12.9
4509013,16.950000000000003,51.5,0.0,0.0,5.4,20.4,4.0,06350,12.9
4815221,18.5,80.5,0.0,0.0,13.0,20.4,4.0,06350,12.9
4815238,23.0,65.0,0.30000000000000004,1.3,22.0,27.8,4.0,06350,12.9
4815254,21.0,80.5,0.0,1.3,17.0,29.6,7.0,06350,12.9
4815270,11.0,91.0,2.8,1.1,24.0,38.9,8.0,06350,12.9
4815286,7.4,79.5,0.0,0.0,9.3,16.7,2.0,06350,12.9
4815305,,,,,,,,06350,12.9
4815332,,,,,,,,06350,12.9
4815360,,,,,,,,06350,12.9
4815374,,,,,,,,06350,12.9
4815396,,,,,,,,06350,12.9
4815417,,,,,,,,06350,12.9
4815425,,,,,,,,06350,12.9
4815447,,,,,,,,06350,12.9
4815465,,,,,,,,06350,12.9
4815494,,,,,,,,06350,12.9
4815511,,,,,,,,06350,12.9
4815529,,,,,,,,06350,12.9
4815213,20.15,88.5,0.0,0.0,20.35,,2.0,06225,3.3
4815224,15.25,71.0,0.0,0.0,15.85,,3.0,06225,3.3
4815247,17.25,60.5,0.0,0.0,26.85,,3.0,06225,3.3
4815269,16.9,70.5,0.0,0.0,10.8,,3.0,06225,3.3
4815290,,,,0.0,,,,06225,3.3
4815307,,,,,,,,06225,3.3
4815334,,,,,,,,06225,3.3
4815343,,,,,,,,06225,3.3
4815364,,,,,,,,06225,3.3
4815387,,,,,,,,06225,3.3
4815407,,,,,,,,06225,3.3
4815442,,,,,,,,06225,3.3
4815457,,,,,,,,06225,3.3
4815485,,,,,,,,06225,3.3
4815496,,,,,,,,06225,3.3
4815513,,,,,,,,06225,3.3
4815531,,,,,,,,06225,3.3
